time_s,px_m,py_m,psi_rad,turn_rate_radps,target_distance_m,heading_error_rad,obstacle_clearance_m,inside_target
0,0,0,0,0.548349004817947,5,0,2.2,0
0.00099995813115593,0.000999958081047787,2.74151537281723e-07,0.000548326046078968,0.548349004817947,4.99900004191896,0.000548326046078795,2.19900004191897,0
0.00199991626231186,0.00199991586144673,1.09660606670009e-06,0.00109665209215794,0.548349004817947,4.99800008413867,0.00109665209215803,2.19800008413879,0
0.00299987439346779,0.00299987304054809,2.46736334097475e-06,0.00164497813823691,0.548349004817947,4.99700012696006,0.00164497813823683,2.19700012696067,0
0.00399983252462372,0.00399982931770327,4.38642294797182e-06,0.00219330418431587,0.548349004817947,4.99600017068422,0.00219330418431607,2.19600017068615,0
0.00499979065577965,0.004999784392264,6.85378431070407e-06,0.00274163023039484,0.548349004817947,4.99500021561244,0.00274163023039486,2.19500021561715,0
0.00599974878693558,0.00599973796358232,9.86944668733108e-06,0.00328995627647381,0.548349004817947,4.99400026204617,0.00328995627647366,2.19400026205595,0
0.00699970691809151,0.00699968973101075,1.34334091711594e-05,0.00383828232255278,0.548349004817947,4.99300031028706,0.0038382823225529,2.19300031030518,0
0.00799966504924744,0.00799963939390236,1.7545670690643e-05,0.00438660836863175,0.548349004817947,4.99200036063693,0.00438660836863169,2.19200036066787,0
0.00899962318040337,0.00899958665161082,2.22062300093833e-05,0.00493493441471072,0.548349004817947,4.99100041339779,0.00493493441471093,2.19100041344737,0
0.0099995813115593,0.00999953120349055,2.74150857261298e-05,0.00548326046078968,0.548349004817947,4.99000046887182,0.00548326046078973,2.19000046894743,0
0.0109995394427152,0.0109994727488968,3.31722362747805e-05,0.00603158650686865,0.548349004817947,4.98900052736139,0.00603158650686852,2.18900052747216,0
0.0119994975738712,0.0119994109871856,3.94776799243822e-05,0.00657991255294762,0.548349004817947,4.98800058916904,0.00657991255294776,2.18800058932602,0
0.0129994557050271,0.0129993456177142,4.63314147791309e-05,0.00712823859902659,0.548349004817947,4.9870006545975,0.00712823859902656,2.18700065481385,0
0.013999413836183,0.0139992763398408,5.3733438778373e-05,0.00767656464510555,0.548349004817947,4.9860007239497,0.00767656464510535,2.18600072424087,0
0.014999371967339,0.0149992028529247,6.16837496966052e-05,0.00822489069118452,0.548349004817947,4.98500079752871,0.00822489069118459,2.18500079791265,0
0.0159993300984949,0.0159991248563266,7.01823451434755e-05,0.00877321673726349,0.548349004817947,4.98400087563781,0.00877321673726339,2.18400087613513,0
0.0169992882296508,0.0169990420494085,7.92292225637839e-05,0.00932154278334246,0.548349004817947,4.98300095858046,0.00932154278334263,2.18300095921464,0
0.0179992463608067,0.0179989541315339,8.88243792374831e-05,0.00986986882942142,0.548349004817947,4.98200104666029,0.00986986882942142,2.18200104745786,0
0.0189992044919627,0.0189988608020676,9.89678122796796e-05,0.0104181948755004,0.548349004817947,4.98100114018113,0.0104181948755002,2.18100114117186,0
0.0199991626231186,0.0199987617603765,0.000109659518640634,0.0109665209215794,0.548349004817947,4.98000123944697,0.0109665209215795,2.18000124066406,0
0.0209991207542745,0.0209986567058287,0.000120899495105763,0.0115148469676583,0.548349004817947,4.979001344762,0.0115148469676583,2.17900134624227,0
0.0219990788854305,0.0219985453377944,0.000132687738295638,0.0120631730137373,0.548349004817947,4.97800145643059,0.0120631730137375,2.17800145821467,0
0.0229990370165864,0.0229984273556457,0.000145024244665989,0.0126114990598163,0.548349004817947,4.97700157475728,0.0126114990598163,2.17700157688982,0
0.0239989951477423,0.0239983024587567,0.000157909010507705,0.0131598251058952,0.548349004817947,4.97600170004679,0.0131598251058951,2.17600170257663,0
0.0249989532788983,0.0249981703465033,0.000171342031946833,0.0137081511519742,0.548349004817947,4.97500183260406,0.0137081511519743,2.17500183558442,0
0.0259989114100542,0.0259980307182638,0.000185323304944581,0.0142564771980532,0.548349004817947,4.97400197273416,0.0142564771980531,2.17400197622286,0
0.0269988695412101,0.0269978832734189,0.00019985282529732,0.0148048032441321,0.548349004817947,4.97300212074238,0.0148048032441319,2.17300212480202,0
0.027998827672366,0.0279977277113514,0.000214930588636583,0.0153531292902111,0.548349004817947,4.97200227693418,0.0153531292902112,2.17200228163232,0
0.028998785803522,0.0289975637314466,0.000230556590429069,0.0159014553362901,0.548349004817947,4.9710024416152,0.0159014553362899,2.17100244702458,0
0.0299987439346779,0.0299973910330924,0.00024673082597664,0.016449781382369,0.548349004817947,4.97000261509126,0.0164497813823692,2.17000262128999,0
0.0309987020658338,0.0309972093156792,0.000263453290416328,0.016998107428448,0.548349004817947,4.96900279766838,0.016998107428448,2.16900280474012,0
0.0319986601969898,0.0319970182786003,0.000280723978720332,0.017546433474527,0.548349004817947,4.96800298965275,0.0175464334745268,2.16800299768693,0
0.0329986183281457,0.0329968176212517,0.000298542885696022,0.0180947595206059,0.548349004817947,4.96700319135074,0.018094759520606,2.16700320044274,0
0.0339985764593016,0.0339966070430321,0.000316910005985941,0.0186430855666849,0.548349004817947,4.96600340306892,0.0186430855666848,2.16600341332027,0
0.0349985345904576,0.0349963862433436,0.000335825334067802,0.0191914116127639,0.548349004817947,4.96500362511402,0.0191914116127641,2.16500363663262,0
0.0359984927216135,0.0359961549215909,0.000355288864254496,0.0197397376588429,0.548349004817947,4.96400385779296,0.0197397376588428,2.16400387069326,0
0.0369984508527694,0.0369959127771823,0.000375300590694091,0.0202880637049218,0.548349004817947,4.96300410141287,0.0202880637049216,2.16300411581606,0
0.0379984089839254,0.0379956595095292,0.000395860507369831,0.0208363897510008,0.548349004817947,4.96200435628102,0.0208363897510009,2.16200437231526,0
0.0389983671150813,0.0389953948180461,0.000416968608100142,0.0213847157970798,0.548349004817947,4.9610046227049,0.0213847157970797,2.1610046405055,0
0.0399983252462372,0.0399951184021512,0.000438624886538633,0.0219330418431587,0.548349004817947,4.96000490099216,0.0219330418431589,2.16000492070179,0
0.0409982833773931,0.0409948299612663,0.000460829336174094,0.0224813678892377,0.548349004817947,4.95900519145066,0.0224813678892377,2.15900521321954,0
0.0419982415085491,0.0419945291948165,0.000483581950330504,0.0230296939353167,0.548349004817947,4.95800549438841,0.0230296939353165,2.15800551837455,0
0.042998199639705,0.0429942158022308,0.00050688272216703,0.0235780199813956,0.548349004817947,4.95700581011363,0.0235780199813957,2.15700583648297,0
0.0439981577708609,0.0439938894829421,0.000530731644678028,0.0241263460274746,0.548349004817947,4.95600613893471,0.0241263460274745,2.15600616786139,0
0.0449981159020169,0.0449935499363871,0.000555128710693046,0.0246746720735536,0.548349004817947,4.95500648116023,0.0246746720735538,2.15500651282676,0
0.0459980740331728,0.0459931968620062,0.000580073912876826,0.0252229981196325,0.548349004817947,4.95400683709896,0.0252229981196326,2.15400687169643,0
0.0469980321643287,0.0469928299592443,0.00060556724372931,0.0257713241657115,0.548349004817947,4.95300720705985,0.0257713241657114,2.15300724478813,0
0.0479979902954847,0.0479924489275503,0.000631608695585633,0.0263196502117905,0.548349004817947,4.95200759135203,0.0263196502117906,2.15200763241998,0
0.0489979484266406,0.0489920534663772,0.000658198260616137,0.0268679762578695,0.548349004817947,4.95100799028481,0.0268679762578694,2.15100803491052,0
0.0499979065577965,0.0499916432751825,0.000685335930826365,0.0274163023039484,0.548349004817947,4.9500084041677,0.0274163023039486,2.15000845257864,0
0.0509978646889524,0.050991218053428,0.000713021698057064,0.0279646283500274,0.548349004817947,4.94900883331039,0.0279646283500274,2.14900888574365,0
0.0519978228201084,0.0519907775005803,0.000741255553984192,0.0285129543961064,0.548349004817947,4.94800927802274,0.0285129543961062,2.14800933472526,0
0.0529977809512643,0.0529903213161102,0.000770037490118918,0.0290612804421853,0.548349004817947,4.94700973861482,0.0290612804421855,2.14700979984355,0
0.0539977390824202,0.0539898491994936,0.000799367497807622,0.0296096064882643,0.548349004817947,4.94601021539686,0.0296096064882643,2.14601028141901,0
0.0549976972135762,0.0549893608502109,0.000829245568231903,0.0301579325343433,0.548349004817947,4.94501070867929,0.0301579325343431,2.14501077977253,0
0.0559976553447321,0.0559888559677474,0.000859671692408576,0.0307062585804222,0.548349004817947,4.94401121877272,0.0307062585804223,2.14401129522538,0
0.056997613475888,0.0569883342515936,0.000890645861189679,0.0312545846265012,0.548349004817947,4.94301174598795,0.0312545846265011,2.14301182809925,0
0.057997571607044,0.0579877954012449,0.000922168065262473,0.0318029106725802,0.548349004817947,4.94201229063597,0.0318029106725803,2.14201237871621,0
0.0589975297381999,0.0589872391162018,0.000954238295149448,0.0323512367186591,0.548349004817947,4.94101285302794,0.0323512367186591,2.14101294739874,0
0.0599974878693558,0.0599866650959701,0.000986856541208321,0.0328995627647381,0.548349004817947,4.9400134334752,0.0328995627647379,2.1400135344697,0
0.0609974460005118,0.060986073040061,0.00102002279363204,0.0334478888108171,0.548349004817947,4.93901403228931,0.0334478888108172,2.13901414025238,0
0.0619974041316677,0.0619854626479911,0.0010537370424488,0.0339962148568961,0.548349004817947,4.93801464978199,0.033996214856896,2.13801476507044,0
0.0629973622628236,0.0629848336192823,0.00108799927752202,0.034544540902975,0.548349004817947,4.93701528626514,0.0345445409029752,2.13701540924797,0
0.0639973203939795,0.0639841856534625,0.00112280948855037,0.035092866949054,0.548349004817947,4.93601594205086,0.035092866949054,2.13601607310945,0
0.0649972785251355,0.0649835184500649,0.00115816766506776,0.035641192995133,0.548349004817947,4.93501661745144,0.0356411929951328,2.13501675697975,0
0.0659972366562914,0.0659828317086287,0.00119407379644335,0.0361895190412119,0.548349004817947,4.93401731277934,0.036189519041212,2.13401746118416,0
0.0669971947874473,0.066982125128699,0.00123052787188154,0.0367378450872909,0.548349004817947,4.93301802834721,0.0367378450872908,2.13301818604837,0
0.0679971529186033,0.0679813984098268,0.00126752988042202,0.0372861711333699,0.548349004817947,4.9320187644679,0.0372861711333701,2.13201893189848,0
0.0689971110497592,0.068980651251569,0.00130507981093969,0.0378344971794488,0.548349004817947,4.93101952145443,0.0378344971794489,2.13101969906098,0
0.0699970691809151,0.069979883353489,0.00134317765214474,0.0383828232255278,0.548349004817947,4.93002029962002,0.0383828232255277,2.13002048786279,0
0.0709970273120711,0.070979094415156,0.00138182339258262,0.0389311492716068,0.548349004817947,4.92902109927806,0.0389311492716069,2.12902129863122,0
0.071996985443227,0.071978284136146,0.00142101702063405,0.0394794753176857,0.548349004817947,4.92802192074214,0.0394794753176857,2.12802213169399,0
0.0729969435743829,0.072977452216041,0.001460758524515,0.0400278013637647,0.548349004817947,4.92702276432604,0.0400278013637649,2.12702298737923,0
0.0739969017055389,0.0739765983544298,0.00150104789227676,0.0405761274098437,0.548349004817947,4.9260236303437,0.0405761274098437,2.12602386601549,0
0.0749968598366948,0.0749757222509076,0.00154188511180584,0.0411244534559227,0.548349004817947,4.92502451910929,0.0411244534559225,2.1250247679317,0
0.0759968179678507,0.0759748236050764,0.00158327017082409,0.0416727795020016,0.548349004817947,4.92402543093712,0.0416727795020018,2.12402569345724,0
0.0769967760990066,0.0769739021165449,0.0016252030568886,0.0422211055480806,0.548349004817947,4.92302636614172,0.0422211055480806,2.12302664292189,0
0.0779967342301626,0.0779729574849287,0.00166768375739177,0.0427694315941596,0.548349004817947,4.9220273250378,0.0427694315941594,2.12202761665581,0
0.0789966923613185,0.0789719894098505,0.0017107122595613,0.0433177576402385,0.548349004817947,4.92102830794025,0.0433177576402386,2.12102861498961,0
0.0799966504924744,0.0799709975909398,0.00175428855046017,0.0438660836863175,0.548349004817947,4.92002931516415,0.0438660836863174,2.12002963825431,0
0.0809966086236304,0.0809699817278333,0.00179841261698667,0.0444144097323965,0.548349004817947,4.91903034702477,0.0444144097323966,2.11903068678134,0
0.0819965667547863,0.0819689415201752,0.00184308444587441,0.0449627357784754,0.548349004817947,4.91803140383756,0.0449627357784754,2.11803176090252,0
0.0829965248859422,0.0829678766676166,0.00188830402369227,0.0455110618245544,0.548349004817947,4.91703248591817,0.0455110618245542,2.11703286095012,0
0.0839964830170981,0.0839667868698163,0.00193407133684447,0.0460593878706334,0.548349004817947,4.91603359358243,0.0460593878706335,2.11603398725682,0
0.0849964411482541,0.0849656718264405,0.00198038637157056,0.0466077139167124,0.548349004817947,4.91503472714636,0.0466077139167123,2.11503514015571,0
0.08599639927941,0.0859645312371631,0.00202724911394538,0.0471560399627913,0.548349004817947,4.91403588692616,0.0471560399627915,2.11403631998029,0
0.0869963574105659,0.0869633648016654,0.00207465954987912,0.0477043660088703,0.548349004817947,4.91303707323822,0.0477043660088703,2.1130375270645,0
0.0879963155417219,0.0879621722196368,0.00212261766511728,0.0482526920549493,0.548349004817947,4.91203828639914,0.0482526920549491,2.11203876174268,0
0.0889962736728778,0.0889609531907743,0.00217112344524071,0.0488010181010282,0.548349004817947,4.91103952672567,0.0488010181010283,2.11104002434961,0
0.0899962318040337,0.0899597074147831,0.00222017687566559,0.0493493441471072,0.548349004817947,4.91004079453477,0.0493493441471071,2.11004131522047,0
0.0909961899351897,0.0909584345913762,0.00226977794164345,0.0498976701931862,0.548349004817947,4.9090420901436,0.0498976701931864,2.10904263469087,0
0.0919961480663456,0.0919571344202749,0.00231992662826115,0.0504459962392651,0.548349004817947,4.90804341386948,0.0504459962392652,2.10804398309686,0
0.0929961061975015,0.0929558066012088,0.00237062292044093,0.0509943222853441,0.548349004817947,4.90704476602994,0.050994322285344,2.10704536077488,0
0.0939960643286575,0.0939544508339154,0.00242186680294035,0.0515426483314231,0.548349004817947,4.90604614694268,0.0515426483314232,2.10604676806182,0
0.0949960224598134,0.094953066818141,0.00247365826035236,0.052090974377502,0.548349004817947,4.90504755692562,0.052090974377502,2.10504820529499,0
0.0959959805909693,0.0959516542536404,0.00252599727710527,0.052639300423581,0.548349004817947,4.90404899629682,0.0526393004235812,2.10404967281212,0
0.0969959387221252,0.0969502128401767,0.00257888383746275,0.05318762646966,0.548349004817947,4.90305046537457,0.05318762646966,2.10305117095136,0
0.0979958968532812,0.0979487422775219,0.00263231792552386,0.0537359525157389,0.548349004817947,4.90205196447734,0.0537359525157388,2.10205270005131,0
0.0989958549844371,0.0989472422654567,0.00268629952522301,0.0542842785618179,0.548349004817947,4.90105349392378,0.0542842785618181,2.10105426045098,0
0.099995813115593,0.0999457125037706,0.00274082862033003,0.0548326046078969,0.548349004817947,4.90005505403273,0.0548326046078969,2.1000558524898,0
0.100995771246749,0.100944152692262,0.00279590519445012,0.0553809306539759,0.548349004817947,4.89905664512322,0.0553809306539756,2.09905747650766,0
0.101995729377905,0.101942562530739,0.00285152923102388,0.0559292567000548,0.548349004817947,4.89805826751448,0.0559292567000549,2.09805913284485,0
0.102995687509061,0.102940941719017,0.00290770071332729,0.0564775827461338,0.548349004817947,4.8970599215259,0.0564775827461337,2.09706082184211,0
0.103995645640217,0.103939289956924,0.00296441962447178,0.0570259087922128,0.548349004817947,4.8960616074771,0.0570259087922129,2.09606254384059,0
0.104995603771373,0.104937606944293,0.00302168594740414,0.0575742348382917,0.548349004817947,4.89506332568785,0.0575742348382917,2.0950642991819,0
0.105995561902529,0.105935892380969,0.0030794996649066,0.0581225608843707,0.548349004817947,4.89406507647815,0.0581225608843705,2.09406608820807,0
0.106995520033685,0.106934145966807,0.0031378607595968,0.0586708869304497,0.548349004817947,4.89306686016814,0.0586708869304498,2.09306791126156,0
0.10799547816484,0.10793236740167,0.00319676921392781,0.0592192129765286,0.548349004817947,4.8920686770782,0.0592192129765285,2.09206976868527,0
0.108995436295996,0.108930556385432,0.00325622501018814,0.0597675390226076,0.548349004817947,4.89107052752886,0.0597675390226078,2.09107166082253,0
0.109995394427152,0.109928712617975,0.00331622813050171,0.0603158650686866,0.548349004817947,4.89007241184086,0.0603158650686866,2.09007358801711,0
0.110995352558308,0.110926835799192,0.0033767785568279,0.0608641911147655,0.548349004817947,4.88907433033513,0.0608641911147654,2.08907555061322,0
0.111995310689464,0.111924925628987,0.00343787627096153,0.0614125171608445,0.548349004817947,4.88807628333278,0.0614125171608446,2.08807754895551,0
0.11299526882062,0.112922981807272,0.00349952125453288,0.0619608432069235,0.548349004817947,4.88707827115512,0.0619608432069234,2.08707958338906,0
0.113995226951776,0.113921004033969,0.00356171348900768,0.0625091692530025,0.548349004817947,4.88608029412364,0.0625091692530026,2.08608165425939,0
0.114995185082932,0.114918992009013,0.00362445295568711,0.0630574952990814,0.548349004817947,4.88508235256003,0.0630574952990814,2.08508376191247,0
0.115995143214088,0.115916945432347,0.00368773963570784,0.0636058213451604,0.548349004817947,4.88408444678617,0.0636058213451602,2.08408590669469,0
0.116995101345244,0.116914864003925,0.00375157351004201,0.0641541473912393,0.548349004817947,4.88308657712411,0.0641541473912395,2.08308808895291,0
0.1179950594764,0.11791274742371,0.00381595455949723,0.0647024734373183,0.548349004817947,4.88208874389611,0.0647024734373183,2.08209030903441,0
0.118995017607556,0.118910595391679,0.00388088276471659,0.0652507994833973,0.548349004817947,4.88109094742463,0.0652507994833971,2.08109256728693,0
0.119994975738712,0.119908407607816,0.0039463581061787,0.0657991255294762,0.548349004817947,4.88009318803229,0.0657991255294763,2.08009486405863,0
0.120994933869868,0.120906183772118,0.00401238056419764,0.0663474515755552,0.548349004817947,4.87909546604193,0.0663474515755551,2.07909719969814,0
0.121994892001024,0.121903931548722,0.00407883077856557,0.0666504221091076,0.296691788752982,4.87809777371265,0.0666504221091078,2.07809956638572,0
0.122994850132179,0.122901659561771,0.00414557707964481,0.0669471014757183,0.296691788752982,4.87710010232665,0.0669471014757184,2.07710195530682,0
0.123994808263335,0.12389936772866,0.00421261938309722,0.067243780842329,0.296691788752982,4.87610245197935,0.067243780842329,2.07610436657196,0
0.124994766394491,0.124897055961574,0.00427995768302181,0.0675404602089398,0.296691788752982,4.8751048227715,0.0675404602089396,2.07510680029715,0
0.125994724525647,0.125894724172696,0.00434759197349157,0.0678371395755505,0.296691788752982,4.87410721480391,0.0678371395755506,2.07410925659857,0
0.126994682656803,0.126892372274213,0.00441552224855341,0.0681338189421613,0.296691788752982,4.87310962817747,0.0681338189421612,2.07311173559254,0
0.127994640787959,0.127890000178313,0.00448374850222819,0.068430498308772,0.296691788752982,4.87211206299312,0.0684304983087718,2.07211423739555,0
0.128994598919115,0.128887607797187,0.00455227072851075,0.0687271776753827,0.296691788752982,4.87111451935187,0.0687271776753828,2.07111676212424,0
0.129994557050271,0.129885195043027,0.00462108892136984,0.0690238570419935,0.296691788752982,4.87011699735478,0.0690238570419934,2.0701193098954,0
0.130994515181427,0.130882761828026,0.00469020307474818,0.0693205364086042,0.296691788752982,4.86911949710298,0.069320536408604,2.06912188082599,0
0.131994473312583,0.13188030806438,0.00475961318256244,0.069617215775215,0.296691788752982,4.86812201869766,0.0696172157752151,2.06812447503312,0
0.132994431443739,0.132877833664286,0.00482931923870323,0.0699138951418257,0.296691788752982,4.86712456224009,0.0699138951418257,2.06712709263406,0
0.133994389574895,0.133875338539944,0.00489932123703512,0.0702105745084364,0.296691788752982,4.86612712783157,0.0702105745084363,2.06612973374624,0
0.134994347706051,0.134872822603553,0.00496961917139663,0.0705072538750472,0.296691788752982,4.86512971557349,0.0705072538750473,2.06513239848724,0
0.135994305837207,0.135870285767318,0.00504021303560023,0.0708039332416579,0.296691788752982,4.8641323255673,0.0708039332416579,2.0641350869748,0
0.136994263968362,0.136867727943442,0.00511110282343235,0.0711006126082687,0.296691788752982,4.8631349579145,0.0711006126082685,2.06313779932683,0
0.137994222099518,0.137865149044133,0.00518228852865335,0.0713972919748794,0.296691788752982,4.86213761271666,0.0713972919748795,2.06214053566139,0
0.138994180230674,0.138862548981598,0.00525377014499758,0.0716939713414902,0.296691788752982,4.86114029007541,0.0716939713414901,2.06114329609671,0
0.13999413836183,0.139859927668048,0.00532554766617332,0.0719906507081009,0.296691788752982,4.86014299009245,0.0719906507081007,2.06014608075115,0
0.140994096492986,0.140857285015694,0.0053976210858628,0.0722873300747116,0.296691788752982,4.85914571286954,0.0722873300747118,2.05914888974327,0
0.141994054624142,0.141854620936752,0.00546999039772222,0.0725840094413224,0.296691788752982,4.8581484585085,0.0725840094413224,2.05815172319177,0
0.142994012755298,0.142851935343436,0.00554265559538173,0.0728806888079331,0.296691788752982,4.85715122711122,0.072880688807933,2.0571545812155,0
0.143993970886454,0.143849228147965,0.00561561667244544,0.0731773681745439,0.296691788752982,4.85615401877965,0.073177368174544,2.0561574639335,0
0.14499392901761,0.144846499262557,0.00568887362249142,0.0734740475411546,0.296691788752982,4.85515683361579,0.0734740475411546,2.05516037146495,0
0.145993887148766,0.145843748599435,0.00576242643907169,0.0737707269077653,0.296691788752982,4.85415967172173,0.0737707269077652,2.0541633039292,0
0.146993845279922,0.146840976070822,0.00583627511571222,0.0740674062743761,0.296691788752982,4.85316253319961,0.0740674062743762,2.05316626144575,0
0.147993803411078,0.147838181588944,0.00591041964591296,0.0743640856409868,0.296691788752982,4.85216541815162,0.0743640856409868,2.05216924413427,0
0.148993761542234,0.148835365066027,0.00598486002314781,0.0746607650075976,0.296691788752982,4.85116832668003,0.0746607650075974,2.05117225211461,0
0.14999371967339,0.149832526414301,0.00605959624086462,0.0749574443742083,0.296691788752982,4.85017125888718,0.0749574443742085,2.05017528550676,0
0.150993677804545,0.150829665545997,0.00613462829248522,0.0752541237408191,0.296691788752982,4.84917421487546,0.0752541237408191,2.04917834443088,0
0.151993635935701,0.151826782373349,0.00620995617140539,0.0755508031074298,0.296691788752982,4.84817719474732,0.0755508031074297,2.0481814290073,0
0.152993594066857,0.152823876808591,0.00628557987099486,0.0758474824740405,0.296691788752982,4.84718019860529,0.0758474824740407,2.0471845393565,0
0.153993552198013,0.153820948763961,0.00636149938459734,0.0761441618406513,0.296691788752982,4.84618322655195,0.0761441618406513,2.04618767559913,0
0.154993510329169,0.154817998151698,0.00643771470553049,0.076440841207262,0.296691788752982,4.84518627868995,0.0764408412072619,2.04519083785602,0
0.155993468460325,0.155815024884042,0.00651422582708596,0.0767375205738728,0.296691788752982,4.844189355122,0.076737520573873,2.04419402624815,0
0.156993426591481,0.156812028873237,0.00659103274252933,0.0770341999404835,0.296691788752982,4.84319245595089,0.0770341999404835,2.04319724089667,0
0.157993384722637,0.157809010031527,0.00666813544510017,0.0773308793070942,0.296691788752982,4.84219558127944,0.0773308793070941,2.04220048192289,0
0.158993342853793,0.158805968271161,0.00674553392801199,0.077627558673705,0.296691788752982,4.84119873121058,0.0776275586737052,2.04120374944829,0
0.159993300984949,0.159802903504387,0.0068232281844523,0.0779242380403157,0.296691788752982,4.84020190584726,0.0779242380403158,2.04020704359451,0
0.160993259116105,0.160799815643456,0.00690121820758253,0.0782209174069265,0.296691788752982,4.83920510529252,0.0782209174069264,2.03921036448337,0
0.161993217247261,0.161796704600621,0.00697950399053813,0.0785175967735372,0.296691788752982,4.83820832964946,0.078517596773537,2.03821371223686,0
0.162993175378417,0.162793570288137,0.00705808552642847,0.0788142761401479,0.296691788752982,4.83721157902123,0.078814276140148,2.03721708697711,0
0.163993133509573,0.163790412618262,0.00713696280833693,0.0791109555067587,0.296691788752982,4.83621485351108,0.0791109555067586,2.03622048882645,0
0.164993091640729,0.164787231503255,0.00721613582932082,0.0794076348733694,0.296691788752982,4.83521815322228,0.0794076348733692,2.03522391790735,0
0.165993049771884,0.165784026855378,0.00729560458241145,0.0797043142399802,0.296691788752982,4.83422147825819,0.0797043142399803,2.03422737434247,0
0.16699300790304,0.166780798586893,0.00737536906061408,0.0800009936065909,0.296691788752982,4.83322482872224,0.0800009936065909,2.03323085825462,0
0.167992966034196,0.167777546610066,0.00745542925690795,0.0802976729732016,0.296691788752982,4.83222820471791,0.0802976729732015,2.03223436976681,0
0.168992924165352,0.168774270837165,0.00753578516424628,0.0805943523398124,0.296691788752982,4.83123160634874,0.0805943523398125,2.03123790900217,0
0.169992882296508,0.16977097118046,0.00761643677555624,0.0808910317064231,0.296691788752982,4.83023503371835,0.0808910317064231,2.03024147608406,0
0.170992840427664,0.170767647552222,0.00769738408373899,0.0811877110730339,0.296691788752982,4.82923848693042,0.0811877110730337,2.02924507113596,0
0.17199279855882,0.171764299864725,0.00777862708166966,0.0814843904396446,0.296691788752982,4.8282419660887,0.0814843904396447,2.02824869428153,0
0.172992756689976,0.172760928030245,0.00786016576219734,0.0817810698062554,0.296691788752982,4.82724547129698,0.0817810698062553,2.02725234564463,0
0.173992714821132,0.173757531961061,0.00794200011814512,0.0820777491728661,0.296691788752982,4.82624900265915,0.0820777491728659,2.02625602534927,0
0.174992672952288,0.174754111569452,0.00802413014231004,0.0823744285394768,0.296691788752982,4.82525256027915,0.082374428539477,2.02525973351961,0
0.175992631083444,0.175750666767702,0.00810655582746313,0.0826711079060876,0.296691788752982,4.82425614426096,0.0826711079060876,2.02426347028003,0
0.1769925892146,0.176747197468093,0.0081892771663494,0.0829677872726983,0.296691788752982,4.82325975470868,0.0829677872726982,2.02326723575504,0
0.177992547345756,0.177743703582915,0.00827229415168782,0.083264466639309,0.296691788752982,4.82226339172642,0.0832644666393092,2.02227103006934,0
0.178992505476912,0.178740185024454,0.00835560677617135,0.0835611460059198,0.296691788752982,4.82126705541838,0.0835611460059198,2.02127485334781,0
0.179992463608067,0.179736641705002,0.00843921503246692,0.0838578253725305,0.296691788752982,4.82027074588884,0.0838578253725304,2.02027870571549,0
0.180992421739223,0.180733073536853,0.00852311891321546,0.0841545047391413,0.296691788752982,4.81927446324211,0.0841545047391414,2.01928258729759,0
0.181992379870379,0.181729480432302,0.00860731841103185,0.084451184105752,0.296691788752982,4.8182782075826,0.084451184105752,2.01828649821952,0
0.182992338001535,0.182725862303647,0.00869181351850497,0.0847478634723628,0.296691788752982,4.81728197901476,0.0847478634723626,2.01729043860683,0
0.183992296132691,0.183722219063186,0.00877660422819767,0.0850445428389735,0.296691788752982,4.81628577764312,0.0850445428389737,2.01629440858526,0
0.184992254263847,0.184718550623223,0.00886169053264679,0.0853412222055842,0.296691788752982,4.81528960357227,0.0853412222055843,2.01529840828074,0
0.185992212395003,0.185714856896062,0.00894707242436316,0.085637901572195,0.296691788752982,4.81429345690687,0.0856379015721949,2.01430243781935,0
0.186992170526159,0.186711137794009,0.00903274989583156,0.0859345809388057,0.296691788752982,4.81329733775163,0.0859345809388059,2.01330649732736,0
0.187992128657315,0.187707393229372,0.00911872293951079,0.0862312603054165,0.296691788752982,4.81230124621135,0.0862312603054165,2.01231058693121,0
0.188992086788471,0.188703623114463,0.00920499154783361,0.0865279396720272,0.296691788752982,4.81130518239087,0.0865279396720271,2.01131470675752,0
0.189992044919627,0.189699827361595,0.00929155571320679,0.0868246190386379,0.296691788752982,4.81030914639513,0.0868246190386381,2.01031885693309,0
0.190992003050783,0.190696005883083,0.00937841542801105,0.0871212984052487,0.296691788752982,4.8093131383291,0.0871212984052487,2.00932303758489,0
0.191991961181939,0.191692158591246,0.00946557068460113,0.0874179777718594,0.296691788752982,4.80831715829783,0.0874179777718593,2.00832724884006,0
0.192991919313095,0.192688285398402,0.00955302147530573,0.0877146571384702,0.296691788752982,4.80732120640644,0.0877146571384704,2.00733149082594,0
0.19399187744425,0.193684386216875,0.00964076779242755,0.0880113365050809,0.296691788752982,4.80632528276011,0.088011336505081,2.00633576367004,0
0.194991835575406,0.194680460958989,0.00972880962824329,0.0883080158716917,0.296691788752982,4.8053293874641,0.0883080158716916,2.00534006750003,0
0.195991793706562,0.19567650953707,0.00981714697500362,0.0886046952383024,0.296691788752982,4.80433352062371,0.0886046952383026,2.00434440244378,0
0.196991751837718,0.196672531863448,0.00990577982493321,0.0889013746049131,0.296691788752982,4.80333768234433,0.0889013746049132,2.00334876862934,0
0.197991709968874,0.197668527850455,0.00999470817023071,0.0891980539715239,0.296691788752982,4.80234187273141,0.0891980539715238,2.00235316618491,0
0.19899166810003,0.198664497410424,0.0100839320030688,0.0894947333381346,0.296691788752982,4.80134609189045,0.0894947333381344,2.00135759523892,0
0.199991626231186,0.199660440455691,0.010173451315594,0.0897914127047454,0.296691788752982,4.80035033992705,0.0897914127047454,2.00036205591993,0
0.200991584362342,0.200656356898594,0.0102632660999271,0.0900880920713561,0.296691788752982,4.79935461694684,0.090088092071356,1.99936654835672,0
0.201991542493498,0.201652246651475,0.0103533763481627,0.0903847714379668,0.296691788752982,4.79835892305553,0.0903847714379666,1.99837107267822,0
0.202991500624654,0.202648109626677,0.0104437820523693,0.0906814508045776,0.296691788752982,4.79736325835891,0.0906814508045777,1.99737562901356,0
0.20399145875581,0.203643945736545,0.0105344832045896,0.0909781301711883,0.296691788752982,4.79636762296283,0.0909781301711883,1.99638021749205,0
0.204991416886966,0.204639754893426,0.0106254797968402,0.0912748095377991,0.296691788752982,4.79537201697319,0.0912748095377989,1.99538483824317,0
0.205991375018122,0.205635537009672,0.0107167718211117,0.0915714889044098,0.296691788752982,4.79437644049597,0.0915714889044099,1.9943894913966,0
0.206991333149278,0.206631291997635,0.0108083592693687,0.0918681682710205,0.296691788752982,4.79338089363722,0.0918681682710205,1.9933941770822,0
0.207991291280434,0.207627019769669,0.0109002421335498,0.0921648476376313,0.296691788752982,4.79238537650305,0.0921648476376311,1.99239889542999,0
0.208991249411589,0.208622720238133,0.0109924204055676,0.092461527004242,0.296691788752982,4.79138988919965,0.0924615270042421,1.99140364657021,0
0.209991207542745,0.209618393315385,0.0110848940773086,0.0927582063708528,0.296691788752982,4.79039443183325,0.0927582063708527,1.99040843063326,0
0.210991165673901,0.210614038913789,0.0111776631406335,0.0930548857374635,0.296691788752982,4.78939900451017,0.0930548857374633,1.98941324774972,0
0.211991123805057,0.211609656945708,0.0112707275873769,0.0933515651040742,0.296691788752982,4.78840360733679,0.0933515651040744,1.98841809805037,0
0.212991081936213,0.21260524732351,0.0113640874093474,0.093648244470685,0.296691788752982,4.78740824041955,0.093648244470685,1.98742298166618,0
0.213991040067369,0.213600809959565,0.0114577425983275,0.0939449238372957,0.296691788752982,4.78641290386498,0.0939449238372956,1.98642789872828,0
0.214990998198525,0.214596344766243,0.0115516931460739,0.0942416032039065,0.296691788752982,4.78541759777965,0.0942416032039066,1.985432849368,0
0.215990956329681,0.21559185165592,0.0116459390443171,0.0945382825705172,0.296691788752982,4.78442232227021,0.0945382825705172,1.98443783371688,0
0.216990914460837,0.216587330540973,0.0117404802847617,0.094834961937128,0.296691788752982,4.78342707744337,0.0948349619371278,1.98344285190659,0
0.217990872591993,0.217582781333781,0.0118353168590865,0.0951316413037387,0.296691788752982,4.78243186340593,0.0951316413037389,1.98244790406905,0
0.218990830723149,0.218578203946725,0.0119304487589439,0.0954283206703494,0.296691788752982,4.78143668026472,0.0954283206703495,1.98145299033632,0
0.219990788854305,0.219573598292189,0.0120258759759606,0.0957250000369602,0.296691788752982,4.78044152812667,0.0957250000369601,1.98045811084068,0
0.220990746985461,0.220568964282561,0.0121215985017372,0.0960216794035709,0.296691788752982,4.77944640709877,0.0960216794035711,1.97946326571457,0
0.221990705116617,0.22156430183023,0.0122176163278484,0.0963183587701816,0.296691788752982,4.77845131728805,0.0963183587701817,1.97846845509063,0
0.222990663247772,0.222559610847588,0.0123139294458427,0.0966150381367924,0.296691788752982,4.77745625880166,0.0966150381367923,1.97747367910171,0
0.223990621378928,0.223554891247028,0.012410537847243,0.0969117175034031,0.296691788752982,4.77646123174677,0.0969117175034033,1.97647893788082,0
0.224990579510084,0.224550142940947,0.0125074415235457,0.0972083968700139,0.296691788752982,4.77546623623064,0.0972083968700139,1.97548423156117,0
0.22599053764124,0.225545365841745,0.0126046404662216,0.0975050762366246,0.296691788752982,4.77447127236059,0.0975050762366245,1.97448956027616,0
0.226990495772396,0.226540559861824,0.0127021346667153,0.0978017556032354,0.296691788752982,4.77347634024401,0.0978017556032356,1.97349492415938,0
0.227990453903552,0.227535724913588,0.0127999241164456,0.0980984349698461,0.296691788752982,4.77248143998837,0.0980984349698462,1.97250032334462,0
0.228990412034708,0.228530860909444,0.0128980088068052,0.0983951143364568,0.296691788752982,4.77148657170119,0.0983951143364568,1.97150575796584,0
0.229990370165864,0.229525967761801,0.0129963887291607,0.0986917937030676,0.296691788752982,4.77049173549006,0.0986917937030678,1.97051122815722,0
0.23099032829702,0.230521045383071,0.0130950638748529,0.0989884730696783,0.296691788752982,4.76949693146265,0.0989884730696784,1.9695167340531,0
0.231990286428176,0.231516093685669,0.0131940342351966,0.0992851524362891,0.296691788752982,4.7685021597267,0.099285152436289,1.96852227578803,0
0.232990244559332,0.232511112582013,0.0132932998014805,0.0995818318028998,0.296691788752982,4.76750742038999,0.0995818318029,1.96752785349677,0
0.233990202690488,0.233506101984522,0.0133928605649673,0.0998785111695105,0.296691788752982,4.7665127135604,0.0998785111695106,1.96653346731424,0
0.234990160821644,0.234501061805618,0.013492716516894,0.100175190536121,0.296691788752982,4.76551803934586,0.100175190536121,1.96553911737557,0
0.2359901189528,0.235495991957726,0.0135928676484713,0.100471869902732,0.296691788752982,4.76452339785437,0.100471869902732,1.96454480381609,0
0.236990077083955,0.236490892353274,0.013693313950884,0.100768549269343,0.296691788752982,4.76352878919402,0.100768549269343,1.9635505267713,0
0.237990035215111,0.237485762904693,0.013794055415291,0.101065228635954,0.296691788752982,4.76253421347294,0.101065228635953,1.96255628637693,0
0.238989993346267,0.238480603524414,0.0138950920328251,0.101361908002564,0.296691788752982,4.76153967079933,0.101361908002564,1.96156208276888,0
0.239989951477423,0.239475414124874,0.0139964237945933,0.101658587369175,0.296691788752982,4.76054516128149,0.101658587369175,1.96056791608325,0
0.240989909608579,0.240470194618511,0.0140980506916765,0.101955266735786,0.296691788752982,4.75955068502774,0.101955266735786,1.95957378645633,0
0.241989867739735,0.241464944917765,0.0141999727151296,0.102251946102396,0.296691788752982,4.75855624214652,0.102251946102396,1.95857969402464,0
0.242989825870891,0.242459671215915,0.0143021287411834,0.102419279643458,0.160532587327941,4.75756182628177,0.102419279643458,1.95758563225697,0
0.243989784002047,0.243454381085165,0.0144044446145136,0.102579805509472,0.160532587327941,4.75656742965372,0.102579805509472,1.95659159314848,0
0.244989742133203,0.244449074517254,0.0145069201631882,0.102740331375486,0.160532587327941,4.75557305228218,0.102740331375486,1.95559757673631,0
0.245989700264359,0.245443751486551,0.0146095553845663,0.1029008572415,0.160532587327941,4.75457869420486,0.1029008572415,1.9546035830761,0
0.246989658395515,0.246438411967425,0.0147123502760032,0.103061383107514,0.160532587327941,4.75358435545951,0.103061383107514,1.95360961222359,0
0.247989616526671,0.247433055934244,0.0148153048348502,0.103221908973529,0.160532587327941,4.75259003608389,0.103221908973528,1.9526156642346,0
0.248989574657827,0.248427683361379,0.014918419058454,0.103382434839543,0.160532587327941,4.75159573611579,0.103382434839542,1.95162173916504,0
0.249989532788983,0.249422294223198,0.0150216929441578,0.103542960705557,0.160532587327941,4.75060145559302,0.103542960705557,1.95062783707091,0
0.250989490920139,0.250416888494073,0.0151251264893002,0.103703486571571,0.160532587327941,4.74960719455342,0.103703486571571,1.94963395800828,0
0.251989449051294,0.251411466148374,0.0152287196912159,0.103864012437585,0.160532587327941,4.74861295303487,0.103864012437585,1.94864010203332,0
0.25298940718245,0.252406027160472,0.0153324725472355,0.104024538303599,0.160532587327941,4.74761873107526,0.104024538303599,1.94764626920229,0
0.253989365313606,0.253400571504739,0.0154363850546853,0.104185064169613,0.160532587327941,4.74662452871249,0.104185064169613,1.94665245957153,0
0.254989323444762,0.254395099155547,0.0155404572108878,0.104345590035627,0.160532587327941,4.74563034598453,0.104345590035627,1.94565867319745,0
0.255989281575918,0.255389610087267,0.0156446890131612,0.104506115901641,0.160532587327941,4.74463618292933,0.104506115901641,1.94466491013659,0
0.256989239707074,0.256384104274275,0.0157490804588195,0.104666641767655,0.160532587327941,4.74364203958489,0.104666641767655,1.94367117044554,0
0.25798919783823,0.257378581690941,0.0158536315451727,0.104827167633669,0.160532587327941,4.74264791598923,0.104827167633669,1.94267745418098,0
0.258989155969386,0.258373042311641,0.0159583422695267,0.104987693499683,0.160532587327941,4.7416538121804,0.104987693499683,1.94168376139971,0
0.259989114100542,0.259367486110749,0.0160632126291832,0.105148219365697,0.160532587327941,4.74065972819648,0.105148219365697,1.94069009215858,0
0.260989072231698,0.260361913062638,0.0161682426214399,0.105308745231711,0.160532587327941,4.73966566407555,0.105308745231711,1.93969644651455,0
0.261989030362854,0.261356323141685,0.0162734322435904,0.105469271097726,0.160532587327941,4.73867161985575,0.105469271097725,1.93870282452466,0
0.26298898849401,0.262350716322264,0.016378781492924,0.10562979696374,0.160532587327941,4.73767759557522,0.10562979696374,1.93770922624605,0
0.263988946625166,0.263345092578752,0.016484290366726,0.105790322829754,0.160532587327941,4.73668359127213,0.105790322829754,1.93671565173592,0
0.264988904756322,0.264339451885524,0.0165899588622777,0.105950848695768,0.160532587327941,4.7356896069847,0.105950848695768,1.9357221010516,0
0.265988862887477,0.265333794216959,0.016695786976856,0.106111374561782,0.160532587327941,4.73469564275115,0.106111374561782,1.93472857425047,0
0.266988821018633,0.266328119547432,0.016801774707734,0.106271900427796,0.160532587327941,4.73370169860973,0.106271900427796,1.93373507139003,0
0.267988779149789,0.267322427851322,0.0169079220521805,0.10643242629381,0.160532587327941,4.73270777459873,0.10643242629381,1.93274159252786,0
0.268988737280945,0.268316719103007,0.0170142290074603,0.106592952159824,0.160532587327941,4.73171387075644,0.106592952159824,1.93174813772161,0
0.269988695412101,0.269310993276865,0.017120695570834,0.106753478025838,0.160532587327941,4.73071998712119,0.106753478025838,1.93075470702905,0
0.270988653543257,0.270305250347275,0.017227321739558,0.106914003891852,0.160532587327941,4.72972612373136,0.106914003891852,1.92976130050803,0
0.271988611674413,0.271299490288617,0.0173341075108848,0.107074529757866,0.160532587327941,4.72873228062531,0.107074529757866,1.92876791821647,0
0.272988569805569,0.272293713075271,0.0174410528820627,0.10723505562388,0.160532587327941,4.72773845784147,0.10723505562388,1.92777456021241,0
0.273988527936725,0.273287918681617,0.0175481578503358,0.107395581489894,0.160532587327941,4.72674465541826,0.107395581489894,1.92678122655397,0
0.274988486067881,0.274282107082035,0.0176554224129442,0.107556107355909,0.160532587327941,4.72575087339415,0.107556107355908,1.92578791729935,0
0.275988444199037,0.275276278250907,0.0177628465671239,0.107716633221923,0.160532587327941,4.72475711180763,0.107716633221923,1.92479463250685,0
0.276988402330193,0.276270432162614,0.0178704303101067,0.107877159087937,0.160532587327941,4.72376337069721,0.107877159087937,1.92380137223488,0
0.277988360461349,0.277264568791539,0.0179781736391202,0.108037684953951,0.160532587327941,4.72276965010143,0.108037684953951,1.9228081365419,0
0.278988318592505,0.278258688112065,0.0180860765513882,0.108198210819965,0.160532587327941,4.72177595005886,0.108198210819965,1.92181492548649,0
0.279988276723661,0.279252790098573,0.0181941390441301,0.108358736685979,0.160532587327941,4.72078227060809,0.108358736685979,1.92082173912733,0
0.280988234854816,0.280246874725448,0.0183023611145612,0.108519262551993,0.160532587327941,4.71978861178774,0.108519262551993,1.91982857752316,0
0.281988192985972,0.281240941967074,0.018410742759893,0.108679788418007,0.160532587327941,4.71879497363646,0.108679788418007,1.91883544073285,0
0.282988151117128,0.282234991797834,0.0185192839773325,0.108840314284021,0.160532587327941,4.71780135619293,0.108840314284021,1.91784232881533,0
0.283988109248284,0.283229024192114,0.0186279847640827,0.109000840150035,0.160532587327941,4.71680775949583,0.109000840150035,1.91684924182963,0
0.28498806737944,0.284223039124298,0.0187368451173427,0.109161366016049,0.160532587327941,4.71581418358389,0.109161366016049,1.9158561798349,0
0.285988025510596,0.285217036568773,0.0188458650343073,0.109321891882063,0.160532587327941,4.71482062849587,0.109321891882063,1.91486314289035,0
0.286987983641752,0.286211016499925,0.0189550445121671,0.109482417748077,0.160532587327941,4.71382709427055,0.109482417748077,1.91387013105529,0
0.287987941772908,0.287204978892139,0.0190643835481087,0.109642943614091,0.160532587327941,4.71283358094672,0.109642943614091,1.91287714438913,0
0.288987899904064,0.288198923719804,0.0191738821393147,0.109803469480106,0.160532587327941,4.71184008856322,0.109803469480106,1.91188418295139,0
0.28998785803522,0.289192850957307,0.0192835402829635,0.10996399534612,0.160532587327941,4.71084661715892,0.10996399534612,1.91089124680164,0
0.290987816166376,0.290186760579035,0.0193933579762293,0.110124521212134,0.160532587327941,4.70985316677268,0.110124521212134,1.90989833599959,0
0.291987774297532,0.291180652559376,0.0195033352162822,0.110285047078148,0.160532587327941,4.70885973744342,0.110285047078148,1.90890545060502,0
0.292987732428688,0.292174526872721,0.0196134720002883,0.110445572944162,0.160532587327941,4.70786632921008,0.110445572944162,1.90791259067781,0
0.293987690559844,0.293168383493458,0.0197237683254096,0.110606098810176,0.160532587327941,4.70687294211162,0.110606098810176,1.90691975627793,0
0.294987648690999,0.294162222395977,0.0198342241888038,0.11076662467619,0.160532587327941,4.70587957618704,0.11076662467619,1.90592694746545,0
0.295987606822155,0.295156043554667,0.0199448395876247,0.110927150542204,0.160532587327941,4.70488623147535,0.110927150542204,1.90493416430053,0
0.296987564953311,0.296149846943921,0.0200556145190219,0.111087676408218,0.160532587327941,4.7038929080156,0.111087676408218,1.90394140684344,0
0.297987523084467,0.297143632538128,0.0201665489801408,0.111248202274232,0.160532587327941,4.70289960584685,0.111248202274232,1.90294867515453,0
0.298987481215623,0.298137400311681,0.0202776429681229,0.111408728140246,0.160532587327941,4.7019063250082,0.111408728140246,1.90195596929424,0
0.299987439346779,0.299131150238971,0.0203888964801054,0.11156925400626,0.160532587327941,4.70091306553878,0.11156925400626,1.90096328932313,0
0.300987397477935,0.300124882294391,0.0205003095132215,0.111729779872274,0.160532587327941,4.69991982747775,0.111729779872274,1.89997063530185,0
0.301987355609091,0.301118596452334,0.0206118820646002,0.111890305738289,0.160532587327941,4.69892661086426,0.111890305738289,1.89897800729111,0
0.302987313740247,0.302112292687194,0.0207236141313665,0.112050831604303,0.160532587327941,4.69793341573755,0.112050831604303,1.89798540535178,0
0.303987271871403,0.303105970973363,0.0208355057106412,0.112211357470317,0.160532587327941,4.69694024213682,0.112211357470317,1.89699282954476,0
0.304987230002559,0.304099631285238,0.0209475567995409,0.112371883336331,0.160532587327941,4.69594709010135,0.112371883336331,1.89600027993111,0
0.305987188133715,0.305093273597211,0.0210597673951784,0.112532409202345,0.160532587327941,4.69495395967041,0.112532409202345,1.89500775657193,0
0.306987146264871,0.306086897883679,0.021172137494662,0.112692935068359,0.160532587327941,4.69396085088333,0.112692935068359,1.89401525952846,0
0.307987104396027,0.307080504119038,0.0212846670950963,0.112853460934373,0.160532587327941,4.69296776377944,0.112853460934373,1.89302278886202,0
0.308987062527182,0.308074092277684,0.0213973561935814,0.113013986800387,0.160532587327941,4.6919746983981,0.113013986800387,1.89203034463403,0
0.309987020658338,0.309067662334012,0.0215102047872135,0.113174512666401,0.160532587327941,4.69098165477872,0.113174512666401,1.891037926906,0
0.310986978789494,0.310061214262421,0.0216232128730847,0.113335038532415,0.160532587327941,4.68998863296071,0.113335038532415,1.89004553573955,0
0.31198693692065,0.311054748037308,0.0217363804482829,0.113495564398429,0.160532587327941,4.68899563298351,0.113495564398429,1.8890531711964,0
0.312986895051806,0.312048263633072,0.021849707509892,0.113656090264443,0.160532587327941,4.68800265488662,0.113656090264443,1.88806083333835,0
0.313986853182962,0.313041761024109,0.0219631940549917,0.113816616130457,0.160532587327941,4.68700969870952,0.113816616130457,1.88706852222733,0
0.314986811314118,0.314035240184821,0.0220768400806576,0.113977141996471,0.160532587327941,4.68601676449174,0.113977141996472,1.88607623792533,0
0.315986769445274,0.315028701089606,0.0221906455839612,0.114137667862486,0.160532587327941,4.68502385227285,0.114137667862486,1.88508398049448,0
0.31698672757643,0.316022143712863,0.0223046105619699,0.1142981937285,0.160532587327941,4.68403096209243,0.1142981937285,1.88409174999698,0
0.317986685707586,0.317015568028994,0.0224187350117469,0.114458719594514,0.160532587327941,4.68303809399009,0.114458719594514,1.88309954649514,0
0.318986643838742,0.3180089740124,0.0225330189303516,0.114619245460528,0.160532587327941,4.68204524800546,0.114619245460528,1.88210737005138,0
0.319986601969898,0.319002361637481,0.0226474623148389,0.114779771326542,0.160532587327941,4.68105242417822,0.114779771326542,1.88111522072819,0
0.320986560101054,0.31999573087864,0.0227620651622598,0.114940297192556,0.160532587327941,4.68005962254805,0.114940297192556,1.8801230985882,0
0.32198651823221,0.320989081710279,0.0228768274696611,0.11510082305857,0.160532587327941,4.67906684315468,0.11510082305857,1.87913100369411,0
0.322986476363366,0.321982414106801,0.0229917492340857,0.115261348924584,0.160532587327941,4.67807408603785,0.115261348924584,1.87813893610873,0
0.323986434494521,0.322975728042608,0.023106830452572,0.115421874790598,0.160532587327941,4.67708135123734,0.115421874790598,1.87714689589499,0
0.324986392625677,0.323969023492105,0.0232220711221547,0.115582400656612,0.160532587327941,4.67608863879296,0.115582400656612,1.87615488311588,0
0.325986350756833,0.324962300429696,0.0233374712398642,0.115742926522626,0.160532587327941,4.67509594874452,0.115742926522626,1.87516289783454,0
0.326986308887989,0.325955558829786,0.0234530308027267,0.11590345238864,0.160532587327941,4.6741032811319,0.11590345238864,1.87417094011417,0
0.327986267019145,0.32694879866678,0.0235687498077645,0.116063978254654,0.160532587327941,4.67311063599497,0.116063978254655,1.8731790100181,0
0.328986225150301,0.327942019915082,0.0236846282519957,0.116224504120669,0.160532587327941,4.67211801337366,0.116224504120669,1.87218710760975,0
0.329986183281457,0.328935222549101,0.0238006661324341,0.116385029986683,0.160532587327941,4.67112541330789,0.116385029986683,1.87119523295264,0
0.330986141412613,0.329928406543241,0.0239168634460898,0.116545555852697,0.160532587327941,4.67013283583763,0.116545555852697,1.8702033861104,0
0.331986099543769,0.330921571871911,0.0240332201899685,0.116706081718711,0.160532587327941,4.66914028100289,0.116706081718711,1.86921156714676,0
0.332986057674925,0.331914718509517,0.0241497363610718,0.116866607584725,0.160532587327941,4.66814774884369,0.116866607584725,1.86821977612556,0
0.333986015806081,0.332907846430469,0.0242664119563972,0.117027133450739,0.160532587327941,4.66715523940007,0.117027133450739,1.86722801311073,0
0.334985973937237,0.333900955609173,0.0243832469729383,0.117187659316753,0.160532587327941,4.66616275271212,0.117187659316753,1.8662362781663,0
0.335985932068393,0.334894046020041,0.0245002414076842,0.117348185182767,0.160532587327941,4.66517028881994,0.117348185182767,1.86524457135643,0
0.336985890199549,0.33588711763748,0.0246173952576204,0.117508711048781,0.160532587327941,4.66417784776366,0.117508711048781,1.86425289274537,0
0.337985848330704,0.3368801704359,0.0247347085197278,0.117669236914795,0.160532587327941,4.66318542958346,0.117669236914795,1.86326124239745,0
0.33898580646186,0.337873204389713,0.0248521811909835,0.117829762780809,0.160532587327941,4.66219303431951,0.117829762780809,1.86226962037715,0
0.339985764593016,0.33886621947333,0.0249698132683604,0.117990288646823,0.160532587327941,4.66120066201204,0.117990288646823,1.86127802674902,0
0.340985722724172,0.339859215661161,0.0250876047488273,0.118150814512837,0.160532587327941,4.66020831270129,0.118150814512838,1.86028646157773,0
0.341985680855328,0.340852192927619,0.0252055556293488,0.118311340378851,0.160532587327941,4.65921598642754,0.118311340378852,1.85929492492806,0
0.342985638986484,0.341845151247115,0.0253236659068856,0.118471866244866,0.160532587327941,4.65822368323108,0.118471866244866,1.85830341686486,0
0.34398559711764,0.342838090594064,0.025441935578394,0.11863239211088,0.160532587327941,4.65723140315225,0.11863239211088,1.85731193745314,0
0.344985555248796,0.343831010942878,0.0255603646408266,0.118792917976894,0.160532587327941,4.65623914623141,0.118792917976894,1.85632048675798,0
0.345985513379952,0.344823912267971,0.0256789530911314,0.118953443842908,0.160532587327941,4.65524691250893,0.118953443842908,1.85532906484457,0
0.346985471511108,0.345816794543758,0.0257977009262527,0.119113969708922,0.160532587327941,4.65425470202524,0.119113969708922,1.85433767177822,0
0.347985429642264,0.346809657744654,0.0259166081431305,0.119274495574936,0.160532587327941,4.65326251482077,0.119274495574936,1.85334630762433,0
0.34898538777342,0.347802501845073,0.0260356747387008,0.11943502144095,0.160532587327941,4.65227035093599,0.11943502144095,1.85235497244842,0
0.349985345904576,0.348795326819431,0.0261549007098953,0.119595547306964,0.160532587327941,4.6512782104114,0.119595547306964,1.8513636663161,0
0.350985304035732,0.349788132642146,0.0262742860536418,0.119756073172978,0.160532587327941,4.65028609328753,0.119756073172978,1.85037238929311,0
0.351985262166887,0.350780919287633,0.0263938307668639,0.119916599038992,0.160532587327941,4.64929399960494,0.119916599038992,1.84938114144529,0
0.352985220298043,0.351773686730311,0.0265135348464811,0.120077124905006,0.160532587327941,4.6483019294042,0.120077124905006,1.84838992283857,0
0.353985178429199,0.352766434944597,0.0266333982894089,0.12023765077102,0.160532587327941,4.64730988272592,0.120237650771021,1.84739873353902,0
0.354985136560355,0.353759163904909,0.0267534210925584,0.120398176637034,0.160532587327941,4.64631785961075,0.120398176637035,1.84640757361278,0
0.355985094691511,0.354751873585665,0.0268736032528368,0.120558702503049,0.160532587327941,4.64532586009934,0.120558702503049,1.84541644312614,0
0.356985052822667,0.355744563961287,0.0269939447671474,0.120719228369063,0.160532587327941,4.6443338842324,0.120719228369063,1.84442534214546,0
0.357985010953823,0.356737235006192,0.0271144456323889,0.120879754235077,0.160532587327941,4.64334193205065,0.120879754235077,1.84343427073723,0
0.358984969084979,0.357729886694802,0.0272351058454564,0.121040280101091,0.160532587327941,4.64235000359485,0.121040280101091,1.84244322896806,0
0.359984927216135,0.358722519001537,0.0273559254032406,0.121200805967105,0.160532587327941,4.64135809890576,0.121200805967105,1.84145221690464,0
0.360984885347291,0.359715131900819,0.027476904302628,0.121361331833119,0.160532587327941,4.64036621802421,0.121361331833119,1.84046123461379,0
0.361984843478447,0.360707725367069,0.0275980425405013,0.121521857699133,0.160532587327941,4.63937436099102,0.121521857699133,1.83947028216243,0
0.362984801609603,0.36170029937471,0.0277193401137389,0.121682383565147,0.160532587327941,4.63838252784707,0.121682383565147,1.83847935961761,0
0.363984759740759,0.362692857736423,0.0278407656547713,0.121774585647865,0.0866659450230843,4.63739071460676,0.121774585647865,1.83748846280001,0
0.364984717871915,0.363685405546156,0.0279622774189486,0.121861247964285,0.0866659450230843,4.63639891593726,0.121861247964285,1.83649758610557,0
0.36598467600307,0.36467794282167,0.0280838751991619,0.121947910280705,0.0866659450230843,4.63540713182889,0.121947910280705,1.83550672954184,0
0.366984634134226,0.365670469555513,0.0282055589944978,0.122034572597125,0.0866659450230843,4.63441536229847,0.122034572597125,1.83451589314429,0
0.367984592265382,0.366662985740228,0.0283273288040426,0.122121234913545,0.0866659450230843,4.63342360736279,0.122121234913545,1.83352507694847,0
0.368984550396538,0.367655491368363,0.0284491846268816,0.122207897229965,0.0866659450230843,4.6324318670387,0.122207897229965,1.83253428098997,0
0.369984508527694,0.368647986432463,0.0285711264620997,0.122294559546386,0.0866659450230843,4.63144014134301,0.122294559546385,1.83154350530448,0
0.37098446665885,0.369640470925074,0.0286931543087811,0.122381221862806,0.0866659450230843,4.63044843029259,0.122381221862806,1.83055274992771,0
0.371984424790006,0.370632944838742,0.0288152681660093,0.122467884179226,0.0866659450230843,4.6294567339043,0.122467884179226,1.82956201489546,0
0.372984382921162,0.371625408166014,0.0289374680328672,0.122554546495646,0.0866659450230843,4.62846505219501,0.122554546495646,1.82857130024358,0
0.373984341052318,0.372617860899435,0.029059753908437,0.122641208812066,0.0866659450230843,4.62747338518161,0.122641208812066,1.82758060600799,0
0.374984299183474,0.373610303031552,0.0291821257918003,0.122727871128486,0.0866659450230843,4.626481732881,0.122727871128486,1.82658993222466,0
0.37598425731463,0.374602734554912,0.029304583682038,0.122814533444906,0.0866659450230843,4.62549009531008,0.122814533444906,1.82559927892965,0
0.376984215445786,0.37559515546206,0.0294271275782305,0.122901195761327,0.0866659450230843,4.6244984724858,0.122901195761326,1.82460864615905,0
0.377984173576942,0.376587565745544,0.0295497574794574,0.122987858077747,0.0866659450230843,4.62350686442508,0.122987858077747,1.82361803394903,0
0.378984131708098,0.377579965397909,0.0296724733847977,0.123074520394167,0.0866659450230843,4.62251527114487,0.123074520394167,1.82262744233582,0
0.379984089839254,0.378572354411704,0.0297952752933297,0.123161182710587,0.0866659450230843,4.62152369266215,0.123161182710587,1.82163687135572,0
0.380984047970409,0.379564732779474,0.0299181632041312,0.123247845027007,0.0866659450230843,4.62053212899388,0.123247845027007,1.82064632104509,0
0.381984006101565,0.380557100493766,0.0300411371162793,0.123334507343427,0.0866659450230843,4.61954058015706,0.123334507343428,1.81965579144035,0
0.382983964232721,0.381549457547128,0.0301641970288503,0.123421169659847,0.0866659450230843,4.61854904616868,0.123421169659848,1.81866528257799,0
0.383983922363877,0.382541803932107,0.0302873429409201,0.123507831976268,0.0866659450230843,4.61755752704576,0.123507831976267,1.81767479449455,0
0.384983880495033,0.383534139641248,0.0304105748515637,0.123594494292688,0.0866659450230843,4.61656602280534,0.123594494292688,1.81668432722664,0
0.385983838626189,0.384526464667101,0.0305338927598557,0.123681156609108,0.0866659450230843,4.61557453346443,0.123681156609108,1.81569388081096,0
0.386983796757345,0.385518779002212,0.0306572966648699,0.123767818925528,0.0866659450230843,4.61458305904012,0.123767818925528,1.81470345528424,0
0.387983754888501,0.386511082639128,0.0307807865656794,0.123854481241948,0.0866659450230843,4.61359159954944,0.123854481241948,1.81371305068328,0
0.388983713019657,0.387503375570397,0.0309043624613569,0.123941143558368,0.0866659450230843,4.6126001550095,0.123941143558368,1.81272266704497,0
0.389983671150813,0.388495657788567,0.0310280243509743,0.124027805874789,0.0866659450230843,4.61160872543736,0.124027805874789,1.81173230440623,0
0.390983629281969,0.389487929286184,0.0311517722336027,0.124114468191209,0.0866659450230843,4.61061731085015,0.124114468191209,1.81074196280408,0
0.391983587413125,0.390480190055797,0.0312756061083128,0.124201130507629,0.0866659450230843,4.60962591126498,0.124201130507629,1.80975164227557,0
0.392983545544281,0.391472440089954,0.0313995259741746,0.124287792824049,0.0866659450230843,4.60863452669897,0.124287792824049,1.80876134285784,0
0.393983503675437,0.392464679381202,0.0315235318302573,0.124374455140469,0.0866659450230843,4.60764315716927,0.124374455140469,1.8077710645881,0
0.394983461806592,0.393456907922089,0.0316476236756298,0.124461117456889,0.0866659450230843,4.60665180269304,0.124461117456889,1.80678080750359,0
0.395983419937748,0.394449125705163,0.0317718015093599,0.124547779773309,0.0866659450230843,4.60566046328744,0.124547779773309,1.80579057164166,0
0.396983378068904,0.395441332722973,0.031896065330515,0.12463444208973,0.0866659450230843,4.60466913896966,0.12463444208973,1.80480035703969,0
0.39798333620006,0.396433528968066,0.0320204151381619,0.12472110440615,0.0866659450230843,4.60367782975688,0.12472110440615,1.80381016373516,0
0.398983294331216,0.397425714432992,0.0321448509313668,0.12480776672257,0.0866659450230843,4.60268653566632,0.12480776672257,1.80281999176558,0
0.399983252462372,0.398417889110297,0.0322693727091949,0.12489442903899,0.0866659450230843,4.6016952567152,0.12489442903899,1.80182984116856,0
0.400983210593528,0.39941005299253,0.0323939804707112,0.12498109135541,0.0866659450230843,4.60070399292075,0.12498109135541,1.80083971198175,0
0.401983168724684,0.400402206072241,0.0325186742149797,0.12506775367183,0.0866659450230843,4.59971274430021,0.12506775367183,1.79984960424289,0
0.40298312685584,0.401394348341977,0.032643453941064,0.12515441598825,0.0866659450230843,4.59872151087085,0.12515441598825,1.79885951798976,0
0.403983084986996,0.402386479794288,0.0327683196480269,0.125241078304671,0.0866659450230843,4.59773029264994,0.125241078304671,1.79786945326022,0
0.404983043118152,0.403378600421721,0.0328932713349307,0.125327740621091,0.0866659450230843,4.59673908965476,0.125327740621091,1.79687941009222,0
0.405983001249308,0.404370710216826,0.0330183090008369,0.125414402937511,0.0866659450230843,4.59574790190261,0.125414402937511,1.79588938852374,0
0.406982959380464,0.405362809172152,0.0331434326448065,0.125501065253931,0.0866659450230843,4.59475672941081,0.125501065253931,1.79489938859284,0
0.40798291751162,0.406354897280248,0.0332686422658997,0.125587727570351,0.0866659450230843,4.59376557219667,0.125587727570351,1.79390941033766,0
0.408982875642776,0.407346974533662,0.0333939378631761,0.125674389886771,0.0866659450230843,4.59277443027753,0.125674389886771,1.7929194537964,0
0.409982833773931,0.408339040924945,0.0335193194356947,0.125761052203191,0.0866659450230843,4.59178330367075,0.125761052203191,1.79192951900732,0
0.410982791905087,0.409331096446644,0.033644786982514,0.125847714519611,0.0866659450230843,4.59079219239369,0.125847714519611,1.79093960600877,0
0.411982750036243,0.41032314109131,0.0337703405026914,0.125934376836032,0.0866659450230843,4.58980109646373,0.125934376836032,1.78994971483913,0
0.412982708167399,0.411315174851491,0.0338959799952843,0.126021039152452,0.0866659450230843,4.58881001589824,0.126021039152452,1.78895984553689,0
0.413982666298555,0.412307197719738,0.0340217054593488,0.126107701468872,0.0866659450230843,4.58781895071465,0.126107701468872,1.78796999814058,0
0.414982624429711,0.4132992096886,0.0341475168939408,0.126194363785292,0.0866659450230843,4.58682790093036,0.126194363785292,1.78698017268882,0
0.415982582560867,0.414291210750626,0.0342734142981154,0.126281026101712,0.0866659450230843,4.58583686656281,0.126281026101712,1.78599036922027,0
0.416982540692023,0.415283200898367,0.034399397670927,0.126367688418132,0.0866659450230843,4.58484584762943,0.126367688418132,1.7850005877737,0
0.417982498823179,0.416275180124371,0.0345254670114295,0.126454350734552,0.0866659450230843,4.58385484414769,0.126454350734552,1.78401082838791,0
0.418982456954335,0.417267148421189,0.0346516223186761,0.126541013050973,0.0866659450230843,4.58286385613505,0.126541013050973,1.7830210911018,0
0.419982415085491,0.418259105781371,0.0347778635917192,0.126627675367393,0.0866659450230843,4.58187288360899,0.126627675367393,1.78203137595431,0
0.420982373216647,0.419251052197467,0.0349041908296108,0.126714337683813,0.0866659450230843,4.58088192658701,0.126714337683813,1.78104168298447,0
0.421982331347803,0.420242987662028,0.0350306040314021,0.126801000000233,0.0866659450230843,4.57989098508661,0.126801000000233,1.78005201223137,0
0.422982289478959,0.421234912167602,0.0351571031961436,0.126887662316653,0.0866659450230843,4.57890005912533,0.126887662316653,1.77906236373419,0
0.423982247610114,0.422226825706741,0.0352836883228854,0.126974324633073,0.0866659450230843,4.5779091487207,0.126974324633073,1.77807273753215,0
0.42498220574127,0.423218728271994,0.0354103594106768,0.127060986949493,0.0866659450230843,4.57691825389025,0.127060986949493,1.77708313366456,0
0.425982163872426,0.424210619855913,0.0355371164585663,0.127147649265914,0.0866659450230843,4.57592737465157,0.127147649265913,1.7760935521708,0
0.426982122003582,0.425202500451048,0.035663959465602,0.127234311582334,0.0866659450230843,4.57493651102221,0.127234311582334,1.77510399309031,0
0.427982080134738,0.42619437004995,0.0357908884308313,0.127320973898754,0.0866659450230843,4.57394566301978,0.127320973898754,1.77411445646261,0
0.428982038265894,0.427186228645168,0.0359179033533008,0.127407636215174,0.0866659450230843,4.57295483066187,0.127407636215174,1.77312494232729,0
0.42998199639705,0.428178076229255,0.0360450042320567,0.127494298531594,0.0866659450230843,4.57196401396609,0.127494298531594,1.77213545072401,0
0.430981954528206,0.42916991279476,0.0361721910661444,0.127580960848014,0.0866659450230843,4.57097321295008,0.127580960848014,1.7711459816925,0
0.431981912659362,0.430161738334236,0.0362994638546087,0.127667623164434,0.0866659450230843,4.56998242763148,0.127667623164434,1.77015653527256,0
0.432981870790518,0.431153552840232,0.0364268225964936,0.127754285480854,0.0866659450230843,4.56899165802794,0.127754285480854,1.76916711150406,0
0.433981828921674,0.4321453563053,0.0365542672908427,0.127840947797275,0.0866659450230843,4.56800090415713,0.127840947797274,1.76817771042696,0
0.43498178705283,0.433137148721992,0.0366817979366989,0.127927610113695,0.0866659450230843,4.56701016603674,0.127927610113695,1.76718833208127,0
0.435981745183986,0.434128930082857,0.0368094145331043,0.128014272430115,0.0866659450230843,4.56601944368446,0.128014272430115,1.76619897650707,0
0.436981703315142,0.435120700380449,0.0369371170791005,0.128100934746535,0.0866659450230843,4.565028737118,0.128100934746535,1.76520964374454,0
0.437981661446298,0.436112459607318,0.0370649055737283,0.128187597062955,0.0866659450230843,4.56403804635509,0.128187597062955,1.7642203338339,0
0.438981619577453,0.437104207756016,0.0371927800160282,0.128274259379375,0.0866659450230843,4.56304737141345,0.128274259379375,1.76323104681547,0
0.439981577708609,0.438095944819094,0.0373207404050395,0.128360921695795,0.0866659450230843,4.56205671231084,0.128360921695795,1.76224178272962,0
0.440981535839765,0.439087670789105,0.0374487867398015,0.128447584012216,0.0866659450230843,4.56106606906502,0.128447584012215,1.76125254161681,0
0.441981493970921,0.440079385658599,0.0375769190193523,0.128534246328636,0.0866659450230843,4.56007544169377,0.128534246328636,1.76026332351756,0
0.442981452102077,0.441071089420129,0.0377051372427297,0.128620908645056,0.0866659450230843,4.55908483021488,0.128620908645056,1.75927412847248,0
0.443981410233233,0.442062782066247,0.0378334414089706,0.128707570961476,0.0866659450230843,4.55809423464616,0.128707570961476,1.75828495652224,0
0.444981368364389,0.443054463589505,0.0379618315171115,0.128794233277896,0.0866659450230843,4.55710365500541,0.128794233277896,1.75729580770758,0
0.445981326495545,0.444046133982454,0.0380903075661882,0.128880895594316,0.0866659450230843,4.55611309131048,0.128880895594316,1.75630668206933,0
0.446981284626701,0.445037793237648,0.0382188695552356,0.128967557910736,0.0866659450230843,4.5551225435792,0.128967557910737,1.75531757964838,0
0.447981242757857,0.446029441347638,0.0383475174832884,0.129054220227156,0.0866659450230843,4.55413201182944,0.129054220227157,1.7543285004857,0
0.448981200889013,0.447021078304976,0.0384762513493802,0.129140882543577,0.0866659450230843,4.55314149607906,0.129140882543576,1.75333944462234,0
0.449981159020169,0.448012704102216,0.0386050711525443,0.129227544859997,0.0866659450230843,4.55215099634596,0.129227544859997,1.7523504120994,0
0.450981117151325,0.44900431873191,0.0387339768918131,0.129314207176417,0.0866659450230843,4.55116051264803,0.129314207176417,1.7513614029581,0
0.45198107528248,0.44999592218661,0.0388629685662186,0.129400869492837,0.0866659450230843,4.55017004500318,0.129400869492837,1.75037241723968,0
0.452981033413636,0.450987514458869,0.0389920461747919,0.129487531809257,0.0866659450230843,4.54917959342935,0.129487531809257,1.74938345498551,0
0.453980991544792,0.45197909554124,0.0391212097165636,0.129574194125677,0.0866659450230843,4.54818915794446,0.129574194125677,1.74839451623699,0
0.454980949675948,0.452970665426276,0.0392504591905638,0.129660856442097,0.0866659450230843,4.54719873856648,0.129660856442098,1.74740560103562,0
0.455980907807104,0.453962224106529,0.0393797945958216,0.129747518758518,0.0866659450230843,4.54620833531338,0.129747518758518,1.74641670942296,0
0.45698086593826,0.454953771574554,0.0395092159313657,0.129834181074938,0.0866659450230843,4.54521794820313,0.129834181074937,1.74542784144067,0
0.457980824069416,0.455945307822901,0.0396387231962242,0.129920843391358,0.0866659450230843,4.54422757725373,0.129920843391358,1.74443899713047,0
0.458980782200572,0.456936832844126,0.0397683163894242,0.130007505707778,0.0866659450230843,4.54323722248319,0.130007505707778,1.74345017653415,0
0.459980740331728,0.457928346630782,0.0398979955099927,0.130094168024198,0.0866659450230843,4.54224688390954,0.130094168024198,1.74246137969358,0
0.460980698462884,0.458919849175421,0.0400277605569556,0.130180830340618,0.0866659450230843,4.5412565615508,0.130180830340618,1.74147260665072,0
0.46198065659404,0.459911340470597,0.0401576115293384,0.130267492657038,0.0866659450230843,4.54026625542503,0.130267492657038,1.74048385744759,0
0.462980614725196,0.460902820508864,0.0402875484261658,0.130354154973459,0.0866659450230843,4.5392759655503,0.130354154973459,1.73949513212631,0
0.463980572856352,0.461894289282775,0.0404175712464619,0.130440817289879,0.0866659450230843,4.53828569194467,0.130440817289879,1.73850643072903,0
0.464980530987508,0.462885746784885,0.0405476799892503,0.130527479606299,0.0866659450230843,4.53729543462626,0.130527479606299,1.73751775329804,0
0.465980489118664,0.463877193007746,0.0406778746535538,0.130614141922719,0.0866659450230843,4.53630519361315,0.130614141922719,1.73652909987565,0
0.466980447249819,0.464868627943913,0.0408081552383945,0.130700804239139,0.0866659450230843,4.53531496892347,0.130700804239139,1.7355404705043,0
0.467980405380975,0.46586005158594,0.0409385217427941,0.130787466555559,0.0866659450230843,4.53432476057535,0.130787466555559,1.73455186522645,0
0.468980363512131,0.466851463926381,0.0410689741657733,0.130874128871979,0.0866659450230843,4.53333456858695,0.130874128871979,1.7335632840847,0
0.469980321643287,0.467842864957789,0.0411995125063526,0.130960791188399,0.0866659450230843,4.53234439297642,0.1309607911884,1.73257472712167,0
0.470980279774443,0.46883425467272,0.0413301367635514,0.13104745350482,0.0866659450230843,4.53135423376194,0.13104745350482,1.7315861943801,0
0.471980237905599,0.469825633063727,0.0414608469363888,0.13113411582124,0.0866659450230843,4.53036409096169,0.13113411582124,1.73059768590279,0
0.472980196036755,0.470817000123365,0.041591643023883,0.13122077813766,0.0866659450230843,4.52937396459389,0.13122077813766,1.72960920173263,0
0.473980154167911,0.471808355844188,0.0417225250250517,0.13130744045408,0.0866659450230843,4.52838385467674,0.13130744045408,1.72862074191257,0
0.474980112299067,0.472799700218752,0.0418534929389121,0.1313941027705,0.0866659450230843,4.52739376122849,0.1313941027705,1.72763230648566,0
0.475980070430223,0.473791033239609,0.0419845467644804,0.13148076508692,0.0866659450230843,4.52640368426736,0.13148076508692,1.72664389549502,0
0.476980028561379,0.474782354899316,0.0421156865007724,0.13156742740334,0.0866659450230843,4.52541362381164,0.13156742740334,1.72565550898384,0
0.477979986692535,0.475773665190428,0.0422469121468031,0.131654089719761,0.0866659450230843,4.52442357987958,0.131654089719761,1.72466714699541,0
0.478979944823691,0.476764964105498,0.0423782237015871,0.131740752036181,0.0866659450230843,4.52343355248949,0.131740752036181,1.72367880957308,0
0.479979902954847,0.477756251637082,0.0425096211641382,0.131827414352601,0.0866659450230843,4.52244354165964,0.131827414352601,1.7226904967603,0
0.480979861086003,0.478747527777735,0.0426411045334694,0.131914076669021,0.0866659450230843,4.52145354740837,0.131914076669021,1.72170220860058,0
0.481979819217158,0.479738792520012,0.0427726738085934,0.132000738985441,0.0866659450230843,4.52046356975401,0.132000738985441,1.72071394513752,0
0.482979777348314,0.480730045856469,0.0429043289885219,0.132087401301861,0.0866659450230843,4.51947360871489,0.132087401301861,1.7197257064148,0
0.48397973547947,0.481721287779661,0.0430360700722663,0.132174063618281,0.0866659450230843,4.51848366430938,0.132174063618281,1.71873749247619,0
0.484979693610626,0.482712520404171,0.0431678811035911,0.132224956123948,0.0469200467728415,4.51749373428146,0.132224956123948,1.71774930090263,0
0.485979651741782,0.483703746817071,0.0432997388384829,0.132271874206233,0.0469200467728415,4.5165038153308,0.132271874206233,1.7167611281416,0
0.486979609872938,0.484694967042368,0.043431643079672,0.132318792288518,0.0469200467728415,4.51551390743879,0.132318792288518,1.71577297419252,0
0.487979568004094,0.48568618107788,0.043563593826868,0.132365710370803,0.0469200467728415,4.51452401061489,0.132365710370803,1.71478483908524,0
0.48897952613525,0.486677388921425,0.0436955910797804,0.132412628453087,0.0469200467728415,4.51353412486855,0.132412628453087,1.71379672284967,0
0.489979484266406,0.487668590570821,0.0438276348381187,0.132459546535372,0.0469200467728415,4.51254425020926,0.132459546535372,1.71280862551578,0
0.490979442397562,0.488659786023886,0.0439597251015921,0.132506464617657,0.0469200467728415,4.51155438664648,0.132506464617657,1.71182054711361,0
0.491979400528718,0.489650975278438,0.04409186186991,0.132553382699942,0.0469200467728415,4.51056453418969,0.132553382699942,1.71083248767322,0
0.492979358659874,0.490642158332296,0.0442240451427815,0.132600300782226,0.0469200467728415,4.50957469284841,0.132600300782226,1.70984444722478,0
0.49397931679103,0.491633335183277,0.0443562749199155,0.132647218864511,0.0469200467728415,4.50858486263211,0.132647218864511,1.70885642579847,0
0.494979274922186,0.492624505829199,0.044488551201021,0.132694136946796,0.0469200467728415,4.50759504355032,0.132694136946796,1.70786842342456,0
0.495979233053341,0.493615670267881,0.0446208739858068,0.13274105502908,0.0469200467728415,4.50660523561255,0.13274105502908,1.70688044013336,0
0.496979191184497,0.494606828497141,0.0447532432739817,0.132787973111365,0.0469200467728415,4.50561543882832,0.132787973111365,1.70589247595524,0
0.497979149315653,0.495597980514797,0.0448856590652542,0.13283489119365,0.0469200467728415,4.50462565320717,0.13283489119365,1.70490453092063,0
0.498979107446809,0.496589126318667,0.0450181213593329,0.132881809275935,0.0469200467728415,4.50363587875863,0.132881809275935,1.70391660506003,0
0.499979065577965,0.497580265906569,0.0451506301559261,0.132928727358219,0.0469200467728415,4.50264611549225,0.132928727358219,1.70292869840399,0
0.500979023709121,0.498571399276322,0.0452831854547422,0.132975645440504,0.0469200467728415,4.50165636341759,0.132975645440504,1.7019408109831,0
0.501978981840277,0.499562526425743,0.0454157872554895,0.133022563522789,0.0469200467728415,4.50066662254421,0.133022563522789,1.70095294282804,0
0.502978939971433,0.500553647352651,0.0455484355578758,0.133069481605073,0.0469200467728415,4.49967689288168,0.133069481605073,1.69996509396953,0
0.503978898102589,0.501544762054865,0.0456811303616094,0.133116399687358,0.0469200467728415,4.49868717443958,0.133116399687358,1.69897726443836,0
0.504978856233745,0.502535870530201,0.0458138716663981,0.133163317769643,0.0469200467728415,4.49769746722749,0.133163317769643,1.69798945426536,0
0.505978814364901,0.50352697277648,0.0459466594719496,0.133210235851928,0.0469200467728415,4.49670777125502,0.133210235851927,1.69700166348145,0
0.506978772496057,0.504518068791518,0.0460794937779717,0.133257153934212,0.0469200467728415,4.49571808653176,0.133257153934212,1.69601389211758,0
0.507978730627213,0.505509158573135,0.046212374584172,0.133304072016497,0.0469200467728415,4.49472841306732,0.133304072016497,1.69502614020477,0
0.508978688758368,0.506500242119148,0.0463453018902579,0.133350990098782,0.0469200467728415,4.49373875087132,0.133350990098782,1.69403840777411,0
0.509978646889525,0.507491319427376,0.0464782756959369,0.133397908181066,0.0469200467728415,4.49274909995339,0.133397908181066,1.69305069485674,0
0.51097860502068,0.508482390495638,0.0466112960009162,0.133444826263351,0.0469200467728415,4.49175946032317,0.133444826263351,1.69206300148385,0
0.511978563151836,0.509473455321751,0.046744362804903,0.133491744345636,0.0469200467728415,4.49076983199028,0.133491744345636,1.69107532768672,0
0.512978521282992,0.510464513903534,0.0468774761076044,0.133538662427921,0.0469200467728415,4.48978021496439,0.133538662427921,1.69008767349665,0
0.513978479414148,0.511455566238805,0.0470106359087273,0.133585580510205,0.0469200467728415,4.48879060925514,0.133585580510205,1.68910003894504,0
0.514978437545304,0.512446612325382,0.0471438422079787,0.13363249859249,0.0469200467728415,4.48780101487221,0.13363249859249,1.68811242406333,0
0.51597839567646,0.513437652161085,0.0472770950050652,0.133679416674775,0.0469200467728415,4.48681143182527,0.133679416674775,1.68712482888302,0
0.516978353807616,0.514428685743732,0.0474103942996937,0.13372633475706,0.0469200467728415,4.485821860124,0.13372633475706,1.68613725343568,0
0.517978311938772,0.51541971307114,0.0475437400915706,0.133773252839344,0.0469200467728415,4.48483229977809,0.133773252839344,1.68514969775293,0
0.518978270069928,0.516410734141129,0.0476771323804024,0.133820170921629,0.0469200467728415,4.48384275079723,0.133820170921629,1.68416216186645,0
0.519978228201084,0.517401748951516,0.0478105711658955,0.133867089003914,0.0469200467728415,4.48285321319114,0.133867089003914,1.68317464580801,0
0.52097818633224,0.518392757500121,0.0479440564477561,0.133914007086198,0.0469200467728415,4.48186368696952,0.133914007086198,1.6821871496094,0
0.521978144463396,0.519383759784762,0.0480775882256904,0.133960925168483,0.0469200467728415,4.4808741721421,0.133960925168483,1.6811996733025,0
0.522978102594552,0.520374755803257,0.0482111664994045,0.134007843250768,0.0469200467728415,4.4798846687186,0.134007843250768,1.68021221691925,0
0.523978060725708,0.521365745553425,0.0483447912686042,0.134054761333053,0.0469200467728415,4.47889517670876,0.134054761333052,1.67922478049163,0
0.524978018856863,0.522356729033084,0.0484784625329955,0.134101679415337,0.0469200467728415,4.47790569612234,0.134101679415337,1.67823736405172,0
0.525977976988019,0.523347706240053,0.0486121802922841,0.134148597497622,0.0469200467728415,4.47691622696907,0.134148597497622,1.67724996763162,0
0.526977935119175,0.524338677172151,0.0487459445461757,0.134195515579907,0.0469200467728415,4.47592676925872,0.134195515579907,1.67626259126352,0
0.527977893250331,0.525329641827195,0.0488797552943757,0.134242433662191,0.0469200467728415,4.47493732300107,0.134242433662191,1.67527523497966,0
0.528977851381487,0.526320600203005,0.0490136125365896,0.134289351744476,0.0469200467728415,4.47394788820588,0.134289351744476,1.67428789881236,0
0.529977809512643,0.5273115522974,0.0491475162725229,0.134336269826761,0.0469200467728415,4.47295846488295,0.134336269826761,1.67330058279398,0
0.530977767643799,0.528302498108197,0.0492814665018806,0.134383187909046,0.0469200467728415,4.47196905304207,0.134383187909045,1.67231328695696,0
0.531977725774955,0.529293437633215,0.049415463224368,0.13443010599133,0.0469200467728415,4.47097965269303,0.13443010599133,1.67132601133379,0
0.532977683906111,0.530284370870274,0.0495495064396901,0.134477024073615,0.0469200467728415,4.46999026384566,0.134477024073615,1.67033875595704,0
0.533977642037267,0.531275297817191,0.0496835961475517,0.1345239421559,0.0469200467728415,4.46900088650976,0.1345239421559,1.66935152085933,0
0.534977600168423,0.532266218471786,0.0498177323476578,0.134570860238184,0.0469200467728415,4.46801152069516,0.134570860238184,1.66836430607334,0
0.535977558299579,0.533257132831877,0.049951915039713,0.134617778320469,0.0469200467728415,4.4670221664117,0.134617778320469,1.66737711163184,0
0.536977516430735,0.534248040895283,0.0500861442234221,0.134664696402754,0.0469200467728415,4.46603282366921,0.134664696402754,1.66638993756762,0
0.53797747456189,0.535238942659822,0.0502204198984894,0.134711614485039,0.0469200467728415,4.46504349247756,0.134711614485039,1.66540278391359,0
0.538977432693046,0.536229838123313,0.0503547420646194,0.134758532567323,0.0469200467728415,4.46405417284659,0.134758532567323,1.66441565070267,0
0.539977390824202,0.537220727283575,0.0504891107215165,0.134805450649608,0.0469200467728415,4.46306486478617,0.134805450649608,1.66342853796788,0
0.540977348955358,0.538211610138427,0.0506235258688848,0.134852368731893,0.0469200467728415,4.46207556830618,0.134852368731893,1.66244144574228,0
0.541977307086514,0.539202486685687,0.0507579875064285,0.134899286814177,0.0469200467728415,4.4610862834165,0.134899286814178,1.66145437405903,0
0.54297726521767,0.540193356923175,0.0508924956338515,0.134946204896462,0.0469200467728415,4.46009701012702,0.134946204896462,1.66046732295132,0
0.543977223348826,0.541184220848708,0.0510270502508578,0.134993122978747,0.0469200467728415,4.45910774844765,0.134993122978747,1.65948029245241,0
0.544977181479982,0.542175078460107,0.0511616513571512,0.135040041061032,0.0469200467728415,4.45811849838828,0.135040041061032,1.65849328259565,0
0.545977139611138,0.543165929755189,0.0512962989524353,0.135086959143316,0.0469200467728415,4.45712925995883,0.135086959143316,1.65750629341443,0
0.546977097742294,0.544156774731773,0.0514309930364139,0.135133877225601,0.0469200467728415,4.45614003316923,0.135133877225601,1.65651932494221,0
0.54797705587345,0.545147613387679,0.0515657336087903,0.135180795307886,0.0469200467728415,4.45515081802941,0.135180795307886,1.65553237721253,0
0.548977014004606,0.546138445720725,0.051700520669268,0.135227713390171,0.0469200467728415,4.4541616145493,0.13522771339017,1.65454545025898,0
0.549976972135762,0.54712927172873,0.0518353542175502,0.135274631472455,0.0469200467728415,4.45317242273887,0.135274631472455,1.65355854411523,0
0.550976930266918,0.548120091409513,0.0519702342533402,0.13532154955474,0.0469200467728415,4.45218324260806,0.13532154955474,1.652571658815,0
0.551976888398074,0.549110904760892,0.052105160776341,0.135368467637025,0.0469200467728415,4.45119407416683,0.135368467637025,1.65158479439208,0
0.552976846529229,0.550101711780688,0.0522401337862557,0.135415385719309,0.0469200467728415,4.45020491742517,0.135415385719309,1.65059795088035,0
0.553976804660385,0.551092512466718,0.0523751532827871,0.135462303801594,0.0469200467728415,4.44921577239305,0.135462303801594,1.64961112831372,0
0.554976762791541,0.552083306816802,0.0525102192656379,0.135509221883879,0.0469200467728415,4.44822663908046,0.135509221883879,1.64862432672619,0
0.555976720922697,0.553074094828758,0.0526453317345109,0.135556139966164,0.0469200467728415,4.44723751749741,0.135556139966163,1.64763754615182,0
0.556976679053853,0.554064876500406,0.0527804906891087,0.135603058048448,0.0469200467728415,4.44624840765389,0.135603058048448,1.64665078662475,0
0.557976637185009,0.555055651829565,0.0529156961291337,0.135649976130733,0.0469200467728415,4.44525930955992,0.135649976130733,1.64566404817917,0
0.558976595316165,0.556046420814053,0.0530509480542882,0.135696894213018,0.0469200467728415,4.44427022322552,0.135696894213018,1.64467733084934,0
0.559976553447321,0.557037183451689,0.0531862464642747,0.135743812295302,0.0469200467728415,4.44328114866073,0.135743812295302,1.6436906346696,0
0.560976511578477,0.558027939740294,0.0533215913587951,0.135790730377587,0.0469200467728415,4.44229208587559,0.135790730377587,1.64270395967434,0
0.561976469709633,0.559018689677684,0.0534569827375517,0.135837648459872,0.0469200467728415,4.44130303488014,0.135837648459872,1.64171730589804,0
0.562976427840789,0.560009433261681,0.0535924206002462,0.135884566542157,0.0469200467728415,4.44031399568443,0.135884566542157,1.64073067337523,0
0.563976385971945,0.561000170490102,0.0537279049465807,0.135931484624441,0.0469200467728415,4.43932496829854,0.135931484624441,1.63974406214051,0
0.564976344103101,0.561990901360767,0.0538634357762569,0.135978402706726,0.0469200467728415,4.43833595273254,0.135978402706726,1.63875747222856,0
0.565976302234257,0.562981625871495,0.0539990130889764,0.136025320789011,0.0469200467728415,4.4373469489965,0.136025320789011,1.63777090367412,0
0.566976260365412,0.563972344020105,0.0541346368844407,0.136072238871295,0.0469200467728415,4.43635795710052,0.136072238871296,1.636784356512,0
0.567976218496568,0.564963055804416,0.0542703071623514,0.13611915695358,0.0469200467728415,4.43536897705469,0.13611915695358,1.63579783077709,0
0.568976176627724,0.565953761222248,0.0544060239224098,0.136166075035865,0.0469200467728415,4.43438000886913,0.136166075035865,1.63481132650432,0
0.56997613475888,0.566944460271419,0.0545417871643171,0.13621299311815,0.0469200467728415,4.43339105255394,0.136212993118149,1.63382484372873,0
0.570976092890036,0.567935152949748,0.0546775968877744,0.136259911200434,0.0469200467728415,4.43240210811925,0.136259911200434,1.63283838248539,0
0.571976051021192,0.568925839255056,0.0548134530924828,0.136306829282719,0.0469200467728415,4.4314131755752,0.136306829282719,1.63185194280947,0
0.572976009152348,0.56991651918516,0.0549493557781433,0.136353747365004,0.0469200467728415,4.43042425493191,0.136353747365004,1.63086552473619,0
0.573975967283504,0.570907192737881,0.0550853049444567,0.136400665447289,0.0469200467728415,4.42943534619954,0.136400665447288,1.62987912830085,0
0.57497592541466,0.571897859911037,0.0552213005911237,0.136447583529573,0.0469200467728415,4.42844644938825,0.136447583529573,1.62889275353883,0
0.575975883545816,0.572888520702448,0.0553573427178449,0.136494501611858,0.0469200467728415,4.42745756450821,0.136494501611858,1.62790640048556,0
0.576975841676972,0.573879175109932,0.0554934313243209,0.136541419694143,0.0469200467728415,4.42646869156958,0.136541419694143,1.62692006917655,0
0.577975799808128,0.57486982313131,0.0556295664102521,0.136588337776427,0.0469200467728415,4.42547983058255,0.136588337776427,1.62593375964737,0
0.578975757939284,0.575860464764401,0.0557657479753389,0.136635255858712,0.0469200467728415,4.4244909815573,0.136635255858712,1.62494747193369,0
0.57997571607044,0.576851100007023,0.0559019760192813,0.136682173940997,0.0469200467728415,4.42350214450405,0.136682173940997,1.62396120607123,0
0.580975674201596,0.577841728856996,0.0560382505417797,0.136729092023282,0.0469200467728415,4.422513319433,0.136729092023281,1.62297496209577,0
0.581975632332752,0.57883235131214,0.056174571542534,0.136776010105566,0.0469200467728415,4.42152450635436,0.136776010105566,1.6219887400432,0
0.582975590463907,0.579822967370273,0.056310939021244,0.136822928187851,0.0469200467728415,4.42053570527835,0.136822928187851,1.62100253994943,0
0.583975548595063,0.580813577029215,0.0564473529776097,0.136869846270136,0.0469200467728415,4.41954691621522,0.136869846270136,1.62001636185049,0
0.584975506726219,0.581804180286786,0.0565838134113307,0.13691676435242,0.0469200467728415,4.41855813917521,0.13691676435242,1.61903020578245,0
0.585975464857375,0.582794777140805,0.0567203203221066,0.136963682434705,0.0469200467728415,4.41756937416856,0.136963682434705,1.61804407178146,0
0.586975422988531,0.583785367589091,0.056856873709637,0.13701060051699,0.0469200467728415,4.41658062120553,0.13701060051699,1.61705795988377,0
0.587975381119687,0.584775951629464,0.0569934735736212,0.137057518599275,0.0469200467728415,4.4155918802964,0.137057518599275,1.61607187012565,0
0.588975339250843,0.585766529259742,0.0571301199137586,0.137104436681559,0.0469200467728415,4.41460315145144,0.137104436681559,1.61508580254349,0
0.589975297381999,0.586757100477747,0.0572668127297483,0.137151354763844,0.0469200467728415,4.41361443468092,0.137151354763844,1.61409975717373,0
0.590975255513155,0.587747665281296,0.0574035520212895,0.137198272846129,0.0469200467728415,4.41262572999516,0.137198272846129,1.61311373405289,0
0.591975213644311,0.588738223668209,0.0575403377880811,0.137245190928413,0.0469200467728415,4.41163703740445,0.137245190928414,1.61212773321756,0
0.592975171775467,0.589728775636307,0.057677170029822,0.137292109010698,0.0469200467728415,4.41064835691909,0.137292109010698,1.6111417547044,0
0.593975129906623,0.590719321183407,0.0578140487462111,0.137339027092983,0.0469200467728415,4.40965968854942,0.137339027092983,1.61015579855015,0
0.594975088037779,0.591709860307331,0.057950973936947,0.137385945175268,0.0469200467728415,4.40867103230575,0.137385945175267,1.60916986479163,0
0.595975046168934,0.592700393005897,0.0580879456017283,0.137432863257552,0.0469200467728415,4.40768238819843,0.137432863257552,1.60818395346573,0
0.59697500430009,0.593690919276925,0.0582249637402534,0.137479781339837,0.0469200467728415,4.4066937562378,0.137479781339837,1.60719806460939,0
0.597974962431246,0.594681439118234,0.0583620283522209,0.137526699422122,0.0469200467728415,4.40570513643421,0.137526699422122,1.60621219825967,0
0.598974920562402,0.595671952527645,0.0584991394373288,0.137573617504406,0.0469200467728415,4.40471652879803,0.137573617504406,1.60522635445366,0
0.599974878693558,0.596662459502976,0.0586362969952755,0.137620535586691,0.0469200467728415,4.40372793333963,0.137620535586691,1.60424053322856,0
0.600974836824714,0.597652960042047,0.058773501025759,0.137667453668976,0.0469200467728415,4.40273935006938,0.137667453668976,1.60325473462162,0
0.60197479495587,0.598643454142678,0.0589107515284772,0.137714371751261,0.0469200467728415,4.40175077899769,0.137714371751261,1.60226895867018,0
0.602974753087026,0.599633941802689,0.0590480485031281,0.137761289833545,0.0469200467728415,4.40076222013494,0.137761289833545,1.60128320541165,0
0.603974711218182,0.600624423019898,0.0591853919494094,0.13780820791583,0.0469200467728415,4.39977367349154,0.13780820791583,1.60029747488352,0
0.604974669349338,0.601614897792127,0.0593227818670187,0.137855125998115,0.0469200467728415,4.3987851390779,0.137855125998115,1.59931176712335,0
0.605974627480494,0.602605367253325,0.05946021006806,0.137883149475245,0.0253253093271292,4.39779661565773,0.137883149475245,1.59832608077675,0
0.60697458561165,0.603595833210753,0.059597663519046,0.137908473724231,0.0253253093271292,4.39680810125468,0.137908473724231,1.59734041366133,0
0.607974543742806,0.604586295686958,0.0597351420527945,0.137933797973216,0.0253253093271292,4.39581959585001,0.137933797973216,1.59635476577927,0
0.608974501873962,0.605576754681304,0.0598726456692172,0.137959122222202,0.0253253093271292,4.39483109945044,0.137959122222202,1.59536913716122,0
0.609974460005117,0.606567210193157,0.060010174368226,0.137984446471188,0.0253253093271292,4.39384261206266,0.137984446471188,1.59438352783786,0
0.610974418136273,0.607557662221882,0.0601477281497327,0.138009770720174,0.0253253093271292,4.39285413369341,0.138009770720174,1.59339793783998,0
0.611974376267429,0.608548110766843,0.0602853070136491,0.138035094969159,0.0253253093271292,4.3918656643494,0.138035094969159,1.59241236719839,0
0.612974334398585,0.609538555827404,0.0604229109598869,0.138060419218145,0.0253253093271292,4.39087720403736,0.138060419218145,1.59142681594399,0
0.613974292529741,0.610528997402932,0.0605605399883579,0.138085743467131,0.0253253093271292,4.38988875276404,0.138085743467131,1.59044128410772,0
0.614974250660897,0.61151943549279,0.0606981940989739,0.138111067716116,0.0253253093271292,4.38890031053616,0.138111067716117,1.58945577172062,0
0.615974208792053,0.612509870096344,0.0608358732916465,0.138136391965102,0.0253253093271292,4.38791187736048,0.138136391965102,1.58847027881375,0
0.616974166923209,0.613500301212958,0.0609735775662874,0.138161716214088,0.0253253093271292,4.38692345324375,0.138161716214088,1.58748480541827,0
0.617974125054365,0.614490728841997,0.0611113069228084,0.138187040463074,0.0253253093271292,4.38593503819273,0.138187040463074,1.58649935156538,0
0.618974083185521,0.615481152982826,0.0612490613611211,0.138212364712059,0.0253253093271292,4.38494663221417,0.138212364712059,1.58551391728636,0
0.619974041316677,0.616471573634809,0.0613868408811372,0.138237688961045,0.0253253093271292,4.38395823531487,0.138237688961045,1.58452850261255,0
0.620973999447833,0.617461990797312,0.0615246454827683,0.138263013210031,0.0253253093271292,4.38296984750158,0.138263013210031,1.58354310757535,0
0.621973957578989,0.6184524044697,0.061662475165926,0.138288337459016,0.0253253093271292,4.3819814687811,0.138288337459016,1.58255773220622,0
0.622973915710145,0.619442814651336,0.0618003299305219,0.138313661708002,0.0253253093271292,4.3809930991602,0.138313661708002,1.58157237653671,0
0.623973873841301,0.620433221341587,0.0619382097764677,0.138338985956988,0.0253253093271292,4.3800047386457,0.138338985956988,1.58058704059841,0
0.624973831972456,0.621423624539817,0.0620761147036749,0.138364310205974,0.0253253093271292,4.37901638724437,0.138364310205974,1.57960172442298,0
0.625973790103612,0.62241402424539,0.0622140447120551,0.138389634454959,0.0253253093271292,4.37802804496304,0.138389634454959,1.57861642804214,0
0.626973748234768,0.623404420457672,0.0623519998015197,0.138414958703945,0.0253253093271292,4.37703971180851,0.138414958703945,1.57763115148771,0
0.627973706365924,0.624394813176027,0.0624899799719804,0.138440282952931,0.0253253093271292,4.3760513877876,0.138440282952931,1.57664589479153,0
0.62897366449708,0.625385202399821,0.0626279852233487,0.138465607201916,0.0253253093271292,4.37506307290713,0.138465607201916,1.57566065798553,0
0.629973622628236,0.626375588128417,0.062766015555536,0.138490931450902,0.0253253093271292,4.37407476717394,0.138490931450902,1.5746754411017,0
0.630973580759392,0.627365970361181,0.0629040709684538,0.138516255699888,0.0253253093271292,4.37308647059486,0.138516255699888,1.57369024417211,0
0.631973538890548,0.628356349097479,0.0630421514620136,0.138541579948874,0.0253253093271292,4.37209818317673,0.138541579948873,1.57270506722887,0
0.632973497021704,0.629346724336674,0.0631802570361268,0.138566904197859,0.0253253093271292,4.3711099049264,0.138566904197859,1.57171991030418,0
0.63397345515286,0.630337096078131,0.0633183876907049,0.138592228446845,0.0253253093271292,4.37012163585073,0.138592228446845,1.5707347734303,0
0.634973413284016,0.631327464321216,0.0634565434256592,0.138617552695831,0.0253253093271292,4.36913337595657,0.138617552695831,1.56974965663955,0
0.635973371415172,0.632317829065293,0.0635947242409012,0.138642876944816,0.0253253093271292,4.36814512525079,0.138642876944816,1.56876455996433,0
0.636973329546328,0.633308190309726,0.0637329301363423,0.138668201193802,0.0253253093271292,4.36715688374025,0.138668201193802,1.56777948343709,0
0.637973287677484,0.634298548053882,0.0638711611118938,0.138693525442788,0.0253253093271292,4.36616865143185,0.138693525442788,1.56679442709036,0
0.63897324580864,0.635288902297125,0.0640094171674671,0.138718849691774,0.0253253093271292,4.36518042833246,0.138718849691774,1.56580939095674,0
0.639973203939795,0.636279253038819,0.0641476983029734,0.138744173940759,0.0253253093271292,4.36419221444897,0.138744173940759,1.5648243750689,0
0.640973162070951,0.63726960027833,0.0642860045183242,0.138769498189745,0.0253253093271292,4.36320400978828,0.138769498189745,1.56383937945956,0
0.641973120202107,0.638259944015022,0.0644243358134307,0.138794822438731,0.0253253093271292,4.36221581435729,0.138794822438731,1.56285440416151,0
0.642973078333263,0.639250284248261,0.0645626921882043,0.138820146687716,0.0253253093271292,4.36122762816291,0.138820146687717,1.56186944920764,0
0.643973036464419,0.640240620977411,0.0647010736425561,0.138845470936702,0.0253253093271292,4.36023945121205,0.138845470936702,1.56088451463087,0
0.644972994595575,0.641230954201836,0.0648394801763974,0.138870795185688,0.0253253093271292,4.35925128351163,0.138870795185688,1.55989960046422,0
0.645972952726731,0.642221283920903,0.0649779117896395,0.138896119434674,0.0253253093271292,4.35826312506858,0.138896119434674,1.55891470674075,0
0.646972910857887,0.643211610133975,0.0651163684821936,0.138921443683659,0.0253253093271292,4.35727497588983,0.138921443683659,1.5579298334936,0
0.647972868989043,0.644201932840418,0.0652548502539709,0.138946767932645,0.0253253093271292,4.35628683598232,0.138946767932645,1.556944980756,0
0.648972827120199,0.645192252039597,0.0653933571048826,0.138972092181631,0.0253253093271292,4.35529870535299,0.138972092181631,1.55596014856122,0
0.649972785251355,0.646182567730876,0.0655318890348398,0.138997416430616,0.0253253093271292,4.35431058400879,0.138997416430616,1.55497533694261,0
0.650972743382511,0.647172879913621,0.0656704460437538,0.139022740679602,0.0253253093271292,4.35332247195669,0.139022740679602,1.5539905459336,0
0.651972701513667,0.648163188587196,0.0658090281315356,0.139048064928588,0.0253253093271292,4.35233436920363,0.139048064928588,1.55300577556767,0
0.652972659644823,0.649153493750966,0.0659476352980964,0.139073389177574,0.0253253093271292,4.3513462757566,0.139073389177574,1.5520210258784,0
0.653972617775978,0.650143795404296,0.0660862675433473,0.139098713426559,0.0253253093271292,4.35035819162257,0.139098713426559,1.5510362968994,0
0.654972575907134,0.651134093546551,0.0662249248671993,0.139124037675545,0.0253253093271292,4.34937011680851,0.139124037675545,1.55005158866438,0
0.65597253403829,0.652124388177096,0.0663636072695637,0.139149361924531,0.0253253093271292,4.34838205132141,0.139149361924531,1.54906690120712,0
0.656972492169446,0.653114679295295,0.0665023147503513,0.139174686173516,0.0253253093271292,4.34739399516828,0.139174686173516,1.54808223456146,0
0.657972450300602,0.654104966900514,0.0666410473094733,0.139200010422502,0.0253253093271292,4.3464059483561,0.139200010422502,1.54709758876131,0
0.658972408431758,0.655095250992118,0.0667798049468408,0.139225334671488,0.0253253093271292,4.34541791089188,0.139225334671488,1.54611296384067,0
0.659972366562914,0.656085531569471,0.0669185876623646,0.139250658920474,0.0253253093271292,4.34442988278264,0.139250658920473,1.54512835983358,0
0.66097232469407,0.657075808631939,0.0670573954559558,0.139275983169459,0.0253253093271292,4.34344186403539,0.139275983169459,1.54414377677419,0
0.661972282825226,0.658066082178886,0.0671962283275254,0.139301307418445,0.0253253093271292,4.34245385465716,0.139301307418445,1.54315921469668,0
0.662972240956382,0.659056352209678,0.0673350862769844,0.139326631667431,0.0253253093271292,4.34146585465498,0.13932663166743,1.54217467363534,0
0.663972199087538,0.660046618723678,0.0674739693042436,0.139351955916416,0.0253253093271292,4.34047786403588,0.139351955916416,1.54119015362451,0
0.664972157218694,0.661036881720253,0.0676128774092141,0.139377280165402,0.0253253093271292,4.3394898828069,0.139377280165402,1.54020565469861,0
0.66597211534985,0.662027141198766,0.0677518105918067,0.139402604414388,0.0253253093271292,4.3385019109751,0.139402604414388,1.53922117689212,0
0.666972073481006,0.663017397158584,0.0678907688519323,0.139427928663373,0.0253253093271292,4.33751394854753,0.139427928663373,1.53823672023962,0
0.667972031612161,0.66400764959907,0.0680297521895019,0.139453252912359,0.0253253093271292,4.33652599553125,0.139453252912359,1.53725228477574,0
0.668971989743317,0.664997898519591,0.0681687606044263,0.139478577161345,0.0253253093271292,4.33553805193334,0.139478577161345,1.5362678705352,0
0.669971947874473,0.66598814391951,0.0683077940966163,0.139503901410331,0.0253253093271292,4.33455011776085,0.139503901410331,1.53528347755276,0
0.670971906005629,0.666978385798193,0.0684468526659828,0.139529225659316,0.0253253093271292,4.33356219302088,0.139529225659316,1.53429910586329,0
0.671971864136785,0.667968624155004,0.0685859363124366,0.139554549908302,0.0253253093271292,4.3325742777205,0.139554549908302,1.53331475550173,0
0.672971822267941,0.668958858989309,0.0687250450358885,0.139579874157288,0.0253253093271292,4.33158637186682,0.139579874157288,1.53233042650307,0
0.673971780399097,0.669949090300473,0.0688641788362492,0.139605198406273,0.0253253093271292,4.33059847546693,0.139605198406274,1.53134611890239,0
0.674971738530253,0.670939318087859,0.0690033377134297,0.139630522655259,0.0253253093271292,4.32961058852793,0.139630522655259,1.53036183273486,0
0.675971696661409,0.671929542350835,0.0691425216673405,0.139655846904245,0.0253253093271292,4.32862271105694,0.139655846904245,1.52937756803568,0
0.676971654792565,0.672919763088764,0.0692817306978925,0.139681171153231,0.0253253093271292,4.32763484306108,0.139681171153231,1.52839332484018,0
0.677971612923721,0.673909980301011,0.0694209648049964,0.139706495402216,0.0253253093271292,4.32664698454746,0.139706495402216,1.52740910318372,0
0.678971571054877,0.674900193986941,0.0695602239885629,0.139731819651202,0.0253253093271292,4.32565913552323,0.139731819651202,1.52642490310175,0
0.679971529186033,0.67589040414592,0.0696995082485026,0.139757143900188,0.0253253093271292,4.3246712959955,0.139757143900188,1.52544072462981,0
0.680971487317189,0.676880610777312,0.0698388175847263,0.139782468149173,0.0253253093271292,4.32368346597144,0.139782468149173,1.5244565678035,0
0.681971445448344,0.677870813880481,0.0699781519971446,0.139807792398159,0.0253253093271292,4.32269564545818,0.139807792398159,1.5234724326585,0
0.6829714035795,0.678861013454795,0.0701175114856682,0.139833116647145,0.0253253093271292,4.32170783446288,0.139833116647145,1.52248831923056,0
0.683971361710656,0.679851209499616,0.0702568960502076,0.139858440896131,0.0253253093271292,4.32072003299271,0.139858440896131,1.52150422755552,0
0.684971319841812,0.68084140201431,0.0703963056906735,0.139883765145116,0.0253253093271292,4.31973224105483,0.139883765145116,1.52052015766927,0
0.685971277972968,0.681831590998242,0.0705357404069765,0.139909089394102,0.0253253093271292,4.31874445865642,0.139909089394102,1.51953610960782,0
0.686971236104124,0.682821776450778,0.0706752001990272,0.139934413643088,0.0253253093271292,4.31775668580465,0.139934413643088,1.5185520834072,0
0.68797119423528,0.683811958371281,0.0708146850667361,0.139959737892073,0.0253253093271292,4.31676892250672,0.139959737892073,1.51756807910358,0
0.688971152366436,0.684802136759117,0.0709541950100137,0.139985062141059,0.0253253093271292,4.31578116876982,0.139985062141059,1.51658409673315,0
0.689971110497592,0.685792311613652,0.0710937300287706,0.140010386390045,0.0253253093271292,4.31479342460115,0.140010386390045,1.51560013633221,0
0.690971068628748,0.686782482934249,0.0712332901229174,0.140035710639031,0.0253253093271292,4.31380569000791,0.14003571063903,1.51461619793713,0
0.691971026759904,0.687772650720274,0.0713728752923644,0.140061034888016,0.0253253093271292,4.31281796499731,0.140061034888016,1.51363228158437,0
0.69297098489106,0.688762814971092,0.0715124855370223,0.140086359137002,0.0253253093271292,4.31183024957658,0.140086359137002,1.51264838731044,0
0.693970943022216,0.689752975686068,0.0716521208568014,0.140111683385988,0.0253253093271292,4.31084254375295,0.140111683385988,1.51166451515194,0
0.694970901153372,0.690743132864567,0.0717917812516122,0.140137007634973,0.0253253093271292,4.30985484753363,0.140137007634973,1.51068066514557,0
0.695970859284528,0.691733286505953,0.0719314667213651,0.140162331883959,0.0253253093271292,4.30886716092588,0.140162331883959,1.50969683732808,0
0.696970817415683,0.692723436609593,0.0720711772659706,0.140187656132945,0.0253253093271292,4.30787948393694,0.140187656132945,1.50871303173631,0
0.697970775546839,0.693713583174851,0.072210912885339,0.140212980381931,0.0253253093271292,4.30689181657405,0.140212980381931,1.50772924840718,0
0.698970733677995,0.694703726201091,0.0723506735793808,0.140238304630916,0.0253253093271292,4.30590415884448,0.140238304630916,1.50674548737768,0
0.699970691809151,0.695693865687679,0.0724904593480063,0.140263628879902,0.0253253093271292,4.30491651075548,0.140263628879902,1.5057617486849,0
0.700970649940307,0.69668400163398,0.0726302701911259,0.140288953128888,0.0253253093271292,4.30392887231434,0.140288953128888,1.50477803236599,0
0.701970608071463,0.697674134039359,0.0727701061086498,0.140314277377873,0.0253253093271292,4.30294124352832,0.140314277377874,1.5037943384582,0
0.702970566202619,0.698664262903181,0.0729099671004885,0.140339601626859,0.0253253093271292,4.30195362440471,0.140339601626859,1.50281066699882,0
0.703970524333775,0.699654388224811,0.0730498531665522,0.140364925875845,0.0253253093271292,4.3009660149508,0.140364925875845,1.50182701802527,0
0.704970482464931,0.700644510003614,0.0731897643067513,0.140390250124831,0.0253253093271292,4.29997841517389,0.140390250124831,1.50084339157502,0
0.705970440596087,0.701634628238955,0.0733297005209959,0.140415574373816,0.0253253093271292,4.29899082508127,0.140415574373816,1.49985978768562,0
0.706970398727243,0.702624742930198,0.0734696618091963,0.140440898622802,0.0253253093271292,4.29800324468027,0.140440898622802,1.49887620639473,0
0.707970356858399,0.70361485407671,0.0736096481712628,0.140466222871788,0.0253253093271292,4.29701567397818,0.140466222871788,1.49789264774005,0
0.708970314989555,0.704604961677855,0.0737496596071057,0.140491547120773,0.0253253093271292,4.29602811298235,0.140491547120773,1.4969091117594,0
0.709970273120711,0.705595065732998,0.073889696116635,0.140516871369759,0.0253253093271292,4.29504056170009,0.140516871369759,1.49592559849064,0
0.710970231251867,0.706585166241504,0.0740297576997611,0.140542195618745,0.0253253093271292,4.29405302013873,0.140542195618745,1.49494210797176,0
0.711970189383022,0.707575263202738,0.074169844356394,0.140567519867731,0.0253253093271292,4.29306548830564,0.140567519867731,1.49395864024079,0
0.712970147514178,0.708565356616065,0.074309956086444,0.140592844116716,0.0253253093271292,4.29207796620814,0.140592844116716,1.49297519533587,0
0.713970105645334,0.70955544648085,0.0744500928898212,0.140618168365702,0.0253253093271292,4.29109045385359,0.140618168365702,1.4919917732952,0
0.71497006377649,0.710545532796459,0.0745902547664357,0.140643492614688,0.0253253093271292,4.29010295124937,0.140643492614688,1.49100837415709,0
0.715970021907646,0.711535615562255,0.0747304417161976,0.140668816863673,0.0253253093271292,4.28911545840283,0.140668816863673,1.49002499795991,0
0.716969980038802,0.712525694777606,0.0748706537390171,0.140694141112659,0.0253253093271292,4.28812797532135,0.140694141112659,1.48904164474212,0
0.717969938169958,0.713515770441874,0.0750108908348041,0.140719465361645,0.0253253093271292,4.28714050201231,0.140719465361645,1.48805831454226,0
0.718969896301114,0.714505842554426,0.0751511530034688,0.140744789610631,0.0253253093271292,4.2861530384831,0.14074478961063,1.48707500739897,0
0.71996985443227,0.715495911114626,0.0752914402449212,0.140770113859616,0.0253253093271292,4.28516558474111,0.140770113859616,1.48609172335095,0
0.720969812563426,0.71648597612184,0.0754317525590714,0.140795438108602,0.0253253093271292,4.28417814079375,0.140795438108602,1.485108462437,0
0.721969770694582,0.717476037575432,0.0755720899458293,0.140820762357588,0.0253253093271292,4.28319070664842,0.140820762357587,1.484125224696,0
0.722969728825738,0.718466095474768,0.075712452405105,0.140846086606573,0.0253253093271292,4.28220328231254,0.140846086606573,1.48314201016692,0
0.723969686956894,0.719456149819213,0.0758528399368084,0.140871410855559,0.0253253093271292,4.28121586779352,0.140871410855559,1.48215881888879,0
0.72496964508805,0.720446200608131,0.0759932525408496,0.140896735104545,0.0253253093271292,4.2802284630988,0.140896735104545,1.48117565090077,0
0.725969603219205,0.721436247840888,0.0761336902171384,0.140922059353531,0.0253253093271292,4.27924106823581,0.140922059353531,1.48019250624206,0
0.726969561350361,0.722426292109051,0.0762741487915519,0.140937463578573,0.0136542042373641,4.27825368254546,0.140937463578573,1.47920938418137,0
0.727969519481517,0.723416334440909,0.0764146210136401,0.140951117211124,0.0136542042373641,4.27726630487646,0.140951117211124,1.47822628341728,0
0.728969477612673,0.724406374854718,0.0765551067533894,0.140964770843676,0.0136542042373641,4.27627893521377,0.140964770843676,1.47724320396129,0
0.729969435743829,0.725396413350295,0.0766956060107737,0.140978424476227,0.0136542042373641,4.27529157356313,0.140978424476227,1.47626014584896,0
0.730969393874985,0.726386449927454,0.0768361187857667,0.140992078108779,0.0136542042373641,4.27430421993027,0.140992078108779,1.47527710911593,0
0.731969352006141,0.727376484586011,0.0769766450783422,0.141005731741331,0.0136542042373641,4.27331687432094,0.14100573174133,1.47429409379791,0
0.732969310137297,0.728366517325782,0.077117184888474,0.141019385373882,0.0136542042373641,4.27232953674089,0.141019385373882,1.47331109993072,0
0.733969268268453,0.729356548146581,0.0772577382161361,0.141033039006434,0.0136542042373641,4.27134220719585,0.141033039006434,1.47232812755022,0
0.734969226399609,0.730346577048225,0.077398305061302,0.141046692638985,0.0136542042373641,4.27035488569161,0.141046692638986,1.47134517669236,0
0.735969184530765,0.731336604030528,0.0775388854239457,0.141060346271537,0.0136542042373641,4.2693675722339,0.141060346271537,1.47036224739319,0
0.736969142661921,0.732326629093306,0.0776794793040409,0.141073999904089,0.0136542042373641,4.26838026682851,0.141073999904088,1.4693793396888,0
0.737969100793077,0.733316652236375,0.0778200867015614,0.14108765353664,0.0136542042373641,4.26739296948121,0.14108765353664,1.4683964536154,0
0.738969058924232,0.73430667345955,0.0779607076164811,0.141101307169192,0.0136542042373641,4.26640568019777,0.141101307169192,1.46741358920926,0
0.739969017055388,0.735296692762646,0.0781013420487736,0.141114960801743,0.0136542042373641,4.26541839898398,0.141114960801743,1.46643074650672,0
0.740968975186544,0.736286710145479,0.0782419899984128,0.141128614434295,0.0136542042373641,4.26443112584562,0.141128614434295,1.46544792554421,0
0.7419689333177,0.737276725607864,0.0783826514653725,0.141142268066847,0.0136542042373641,4.2634438607885,0.141142268066846,1.46446512635826,0
0.742968891448856,0.738266739149617,0.0785233264496264,0.141155921699398,0.0136542042373641,4.26245660381841,0.141155921699398,1.46348234898545,0
0.743968849580012,0.739256750770554,0.0786640149511483,0.14116957533195,0.0136542042373641,4.26146935494115,0.14116957533195,1.46249959346245,0
0.744968807711168,0.740246760470489,0.078804716969912,0.141183228964501,0.0136542042373641,4.26048211416254,0.141183228964501,1.46151685982602,0
0.745968765842324,0.741236768249237,0.0789454325058912,0.141196882597053,0.0136542042373641,4.25949488148838,0.141196882597053,1.46053414811299,0
0.74696872397348,0.742226774106616,0.0790861615590597,0.141210536229605,0.0136542042373641,4.25850765692451,0.141210536229605,1.45955145836028,0
0.747968682104636,0.743216778042439,0.0792269041293914,0.141224189862156,0.0136542042373641,4.25752044047675,0.141224189862156,1.45856879060488,0
0.748968640235792,0.744206780056523,0.0793676602168598,0.141237843494708,0.0136542042373641,4.25653323215092,0.141237843494708,1.45758614488388,0
0.749968598366948,0.745196780148683,0.0795084298214389,0.141251497127259,0.0136542042373641,4.25554603195287,0.141251497127259,1.45660352123444,0
0.750968556498104,0.746186778318733,0.0796492129431024,0.141265150759811,0.0136542042373641,4.25455883988843,0.141265150759811,1.45562091969379,0
0.75196851462926,0.747176774566491,0.0797900095818239,0.141278804392363,0.0136542042373641,4.25357165596346,0.141278804392363,1.45463834029928,0
0.752968472760416,0.748166768891771,0.0799308197375774,0.141292458024914,0.0136542042373641,4.25258448018381,0.141292458024914,1.45365578308829,0
0.753968430891572,0.749156761294388,0.0800716434103364,0.141306111657466,0.0136542042373641,4.25159731255532,0.141306111657466,1.45267324809834,0
0.754968389022727,0.750146751774158,0.0802124806000748,0.141319765290017,0.0136542042373641,4.25061015308388,0.141319765290017,1.45169073536699,0
0.755968347153883,0.751136740330897,0.0803533313067664,0.141333418922569,0.0136542042373641,4.24962300177534,0.141333418922569,1.4507082449319,0
0.756968305285039,0.75212672696442,0.0804941955303848,0.141347072555121,0.0136542042373641,4.24863585863558,0.141347072555121,1.44972577683081,0
0.757968263416195,0.753116711674542,0.0806350732709038,0.141360726187672,0.0136542042373641,4.24764872367048,0.141360726187672,1.44874333110156,0
0.758968221547351,0.754106694461079,0.0807759645282971,0.141374379820224,0.0136542042373641,4.24666159688592,0.141374379820224,1.44776090778204,0
0.759968179678507,0.755096675323846,0.0809168693025384,0.141388033452775,0.0136542042373641,4.2456744782878,0.141388033452775,1.44677850691025,0
0.760968137809663,0.756086654262659,0.0810577875936016,0.141401687085327,0.0136542042373641,4.24468736788201,0.141401687085327,1.44579612852428,0
0.761968095940819,0.757076631277333,0.0811987194014603,0.141415340717879,0.0136542042373641,4.24370026567444,0.141415340717879,1.44481377266229,0
0.762968054071975,0.758066606367684,0.0813396647260883,0.14142899435043,0.0136542042373641,4.24271317167102,0.14142899435043,1.44383143936252,0
0.763968012203131,0.759056579533527,0.0814806235674592,0.141442647982982,0.0136542042373641,4.24172608587764,0.141442647982982,1.44284912866331,0
0.764967970334287,0.760046550774677,0.0816215959255469,0.141456301615533,0.0136542042373641,4.24073900830022,0.141456301615533,1.44186684060307,0
0.765967928465443,0.76103652009095,0.0817625818003249,0.141469955248085,0.0136542042373641,4.2397519389447,0.141469955248085,1.44088457522032,0
0.766967886596599,0.762026487482162,0.0819035811917672,0.141483608880637,0.0136542042373641,4.23876487781698,0.141483608880637,1.43990233255365,0
0.767967844727755,0.763016452948127,0.0820445940998473,0.141497262513188,0.0136542042373641,4.23777782492302,0.141497262513188,1.43892011264173,0
0.76896780285891,0.764006416488662,0.0821856205245389,0.14151091614574,0.0136542042373641,4.23679078026874,0.14151091614574,1.43793791552332,0
0.769967760990066,0.764996378103581,0.0823266604658158,0.141524569778291,0.0136542042373641,4.2358037438601,0.141524569778292,1.43695574123728,0
0.770967719121222,0.765986337792701,0.0824677139236517,0.141538223410843,0.0136542042373641,4.23481671570304,0.141538223410843,1.43597358982254,0
0.771967677252378,0.766976295555836,0.0826087808980203,0.141551877043395,0.0136542042373641,4.23382969580351,0.141551877043395,1.43499146131813,0
0.772967635383534,0.767966251392802,0.0827498613888952,0.141565530675946,0.0136542042373641,4.23284268416748,0.141565530675946,1.43400935576316,0
0.77396759351469,0.768956205303415,0.0828909553962503,0.141579184308498,0.0136542042373641,4.23185568080091,0.141579184308498,1.43302727319683,0
0.774967551645846,0.76994615728749,0.0830320629200591,0.141592837941049,0.0136542042373641,4.23086868570978,0.14159283794105,1.43204521365843,0
0.775967509777002,0.770936107344843,0.0831731839602955,0.141606491573601,0.0136542042373641,4.22988169890006,0.141606491573601,1.43106317718733,0
0.776967467908158,0.771926055475288,0.083314318516933,0.141620145206153,0.0136542042373641,4.22889472037774,0.141620145206153,1.430081163823,0
0.777967426039314,0.772916001678641,0.0834554665899453,0.141633798838704,0.0136542042373641,4.22790775014879,0.141633798838704,1.42909917360498,0
0.77896738417047,0.773905945954719,0.0835966281793062,0.141647452471256,0.0136542042373641,4.22692078821922,0.141647452471256,1.42811720657293,0
0.779967342301626,0.774895888303336,0.0837378032849894,0.141661106103807,0.0136542042373641,4.22593383459503,0.141661106103808,1.42713526276657,0
0.780967300432782,0.775885828724307,0.0838789919069684,0.141674759736359,0.0136542042373641,4.22494688928222,0.141674759736359,1.42615334222571,0
0.781967258563938,0.776875767217449,0.0840201940452171,0.141688413368911,0.0136542042373641,4.22395995228679,0.14168841336891,1.42517144499028,0
0.782967216695093,0.777865703782576,0.084161409699709,0.141702067001462,0.0136542042373641,4.22297302361477,0.141702067001462,1.42418957110027,0
0.783967174826249,0.778855638419504,0.0843026388704179,0.141715720634014,0.0136542042373641,4.22198610327217,0.141715720634014,1.42320772059576,0
0.784967132957405,0.779845571128049,0.0844438815573174,0.141729374266565,0.0136542042373641,4.22099919126503,0.141729374266566,1.42222589351695,0
0.785967091088561,0.780835501908025,0.0845851377603812,0.141743027899117,0.0136542042373641,4.22001228759937,0.141743027899117,1.42124408990409,0
0.786967049219717,0.781825430759249,0.0847264074795829,0.141756681531669,0.0136542042373641,4.21902539228123,0.141756681531669,1.42026230979756,0
0.787967007350873,0.782815357681537,0.0848676907148963,0.14177033516422,0.0136542042373641,4.21803850531666,0.14177033516422,1.4192805532378,0
0.788966965482029,0.783805282674702,0.0850089874662949,0.141783988796772,0.0136542042373641,4.2170516267117,0.141783988796772,1.41829882026535,0
0.789966923613185,0.784795205738561,0.0851502977337525,0.141797642429323,0.0136542042373641,4.21606475647241,0.141797642429323,1.41731711092086,0
0.790966881744341,0.78578512687293,0.0852916215172426,0.141811296061875,0.0136542042373641,4.21507789460485,0.141811296061875,1.41633542524505,0
0.791966839875497,0.786775046077623,0.0854329588167391,0.141824949694427,0.0136542042373641,4.21409104111508,0.141824949694427,1.41535376327873,0
0.792966798006653,0.787764963352456,0.0855743096322154,0.141838603326978,0.0136542042373641,4.21310419600918,0.141838603326979,1.41437212506283,0
0.793966756137809,0.788754878697245,0.0857156739636452,0.14185225695953,0.0136542042373641,4.21211735929322,0.14185225695953,1.41339051063834,0
0.794966714268965,0.789744792111805,0.0858570518110023,0.141865910592082,0.0136542042373641,4.21113053097329,0.141865910592081,1.41240892004637,0
0.795966672400121,0.790734703595952,0.0859984431742602,0.141879564224633,0.0136542042373641,4.21014371105546,0.141879564224633,1.4114273533281,0
0.796966630531276,0.791724613149501,0.0861398480533926,0.141893217857185,0.0136542042373641,4.20915689954584,0.141893217857185,1.41044581052481,0
0.797966588662432,0.792714520772267,0.0862812664483731,0.141906871489736,0.0136542042373641,4.20817009645053,0.141906871489736,1.40946429167789,0
0.798966546793588,0.793704426464066,0.0864226983591754,0.141920525122288,0.0136542042373641,4.20718330177563,0.141920525122288,1.40848279682881,0
0.799966504924744,0.794694330224713,0.0865641437857731,0.14193417875484,0.0136542042373641,4.20619651552725,0.141934178754839,1.40750132601913,0
0.8009664630559,0.795684232054025,0.0867056027281398,0.141947832387391,0.0136542042373641,4.2052097377115,0.141947832387391,1.40651987929052,0
0.801966421187056,0.796674131951815,0.0868470751862492,0.141961486019943,0.0136542042373641,4.20422296833451,0.141961486019943,1.40553845668472,0
0.802966379318212,0.797664029917901,0.0869885611600748,0.141975139652494,0.0136542042373641,4.20323620740241,0.141975139652494,1.4045570582436,0
0.803966337449368,0.798653925952096,0.0871300606495903,0.141988793285046,0.0136542042373641,4.20224945492132,0.141988793285046,1.40357568400908,0
0.804966295580524,0.799643820054218,0.0872715736547694,0.142002446917598,0.0136542042373641,4.20126271089739,0.142002446917597,1.40259433402323,0
0.80596625371168,0.80063371222408,0.0874131001755856,0.142016100550149,0.0136542042373641,4.20027597533677,0.142016100550149,1.40161300832816,0
0.806966211842836,0.801623602461499,0.0875546402120125,0.142029754182701,0.0136542042373641,4.19928924824559,0.142029754182701,1.40063170696612,0
0.807966169973992,0.80261349076629,0.0876961937640239,0.142043407815252,0.0136542042373641,4.19830252963002,0.142043407815252,1.39965042997944,0
0.808966128105148,0.803603377138269,0.0878377608315932,0.142057061447804,0.0136542042373641,4.19731581949622,0.142057061447804,1.39866917741054,0
0.809966086236304,0.804593261577251,0.0879793414146941,0.142070715080356,0.0136542042373641,4.19632911785036,0.142070715080356,1.39768794930194,0
0.810966044367459,0.805583144083051,0.0881209355133002,0.142084368712907,0.0136542042373641,4.1953424246986,0.142084368712907,1.39670674569627,0
0.811966002498616,0.806573024655485,0.0882625431273852,0.142098022345459,0.0136542042373641,4.19435574004714,0.142098022345459,1.39572556663624,0
0.812965960629771,0.807562903294368,0.0884041642569225,0.14211167597801,0.0136542042373641,4.19336906390214,0.14211167597801,1.39474441216466,0
0.813965918760927,0.808552779999517,0.0885457989018858,0.142125329610562,0.0136542042373641,4.1923823962698,0.142125329610562,1.39376328232446,0
0.814965876892083,0.809542654770746,0.0886874470622488,0.142138983243114,0.0136542042373641,4.19139573715633,0.142138983243114,1.39278217715864,0
0.815965835023239,0.81053252760787,0.0888291087379849,0.142152636875665,0.0136542042373641,4.19040908656791,0.142152636875665,1.39180109671032,0
0.816965793154395,0.811522398510706,0.0889707839290678,0.142166290508217,0.0136542042373641,4.18942244451075,0.142166290508217,1.3908200410227,0
0.817965751285551,0.812512267479069,0.0891124726354711,0.142179944140768,0.0136542042373641,4.18843581099108,0.142179944140768,1.38983901013908,0
0.818965709416707,0.813502134512773,0.0892541748571684,0.14219359777332,0.0136542042373641,4.1874491860151,0.14219359777332,1.38885800410289,0
0.819965667547863,0.814491999611636,0.0893958905941332,0.142207251405872,0.0136542042373641,4.18646256958905,0.142207251405872,1.38787702295763,0
0.820965625679019,0.815481862775471,0.0895376198463391,0.142220905038423,0.0136542042373641,4.18547596171914,0.142220905038423,1.38689606674689,0
0.821965583810175,0.816471724004095,0.0896793626137597,0.142234558670975,0.0136542042373641,4.18448936241163,0.142234558670975,1.3859151355144,0
0.822965541941331,0.817461583297323,0.0898211188963686,0.142248212303526,0.0136542042373641,4.18350277167274,0.142248212303526,1.38493422930396,0
0.823965500072487,0.818451440654971,0.0899628886941394,0.142261865936078,0.0136542042373641,4.18251618950874,0.142261865936078,1.38395334815948,0
0.824965458203643,0.819441296076854,0.0901046720070456,0.14227551956863,0.0136542042373641,4.18152961592586,0.14227551956863,1.38297249212497,0
0.825965416334798,0.820431149562787,0.0902464688350608,0.142289173201181,0.0136542042373641,4.18054305093037,0.142289173201181,1.38199166124454,0
0.826965374465954,0.821421001112586,0.0903882791781585,0.142302826833733,0.0136542042373641,4.17955649452854,0.142302826833733,1.38101085556241,0
0.82796533259711,0.822410850726067,0.0905301030363124,0.142316480466284,0.0136542042373641,4.17856994672664,0.142316480466284,1.38003007512288,0
0.828965290728266,0.823400698403045,0.0906719404094959,0.142330134098836,0.0136542042373641,4.17758340753094,0.142330134098836,1.37904931997039,0
0.829965248859422,0.824390544143334,0.0908137912976827,0.142343787731388,0.0136542042373641,4.17659687694772,0.142343787731388,1.37806859014944,0
0.830965206990578,0.825380387946752,0.0909556557008463,0.142357441363939,0.0136542042373641,4.17561035498328,0.142357441363939,1.37708788570466,0
0.831965165121734,0.826370229813113,0.0910975336189602,0.142371094996491,0.0136542042373641,4.1746238416439,0.142371094996491,1.37610720668079,0
0.83296512325289,0.827360069742233,0.0912394250519981,0.142384748629042,0.0136542042373641,4.1736373369359,0.142384748629043,1.37512655312264,0
0.833965081384046,0.828349907733927,0.0913813299999334,0.142398402261594,0.0136542042373641,4.17265084086556,0.142398402261594,1.37414592507515,0
0.834965039515202,0.82933974378801,0.0915232484627397,0.142412055894146,0.0136542042373641,4.17166435343922,0.142412055894146,1.37316532258336,0
0.835964997646358,0.830329577904299,0.0916651804403905,0.142425709526697,0.0136542042373641,4.17067787466317,0.142425709526697,1.37218474569241,0
0.836964955777514,0.831319410082609,0.0918071259328594,0.142439363159249,0.0136542042373641,4.16969140454375,0.142439363159249,1.37120419444756,0
0.83796491390867,0.832309240322755,0.0919490849401199,0.1424530167918,0.0136542042373641,4.16870494308729,0.142453016791801,1.37022366889414,0
0.838964872039826,0.833299068624552,0.0920910574621456,0.142466670424352,0.0136542042373641,4.16771849030012,0.142466670424352,1.36924316907762,0
0.839964830170981,0.834288894987816,0.09223304349891,0.142480324056904,0.0136542042373641,4.16673204618858,0.142480324056903,1.36826269504355,0
0.840964788302137,0.835278719412363,0.0923750430503866,0.142493977689455,0.0136542042373641,4.16574561075902,0.142493977689455,1.36728224683762,0
0.841964746433293,0.836268541898009,0.0925170561165489,0.142507631322007,0.0136542042373641,4.1647591840178,0.142507631322007,1.36630182450559,0
0.842964704564449,0.837258362444567,0.0926590826973705,0.142521284954558,0.0136542042373641,4.16377276597127,0.142521284954559,1.36532142809334,0
0.843964662695605,0.838248181051855,0.0928011227928249,0.14253493858711,0.0136542042373641,4.16278635662579,0.14253493858711,1.36434105764686,0
0.844964620826761,0.839237997719687,0.0929431764028857,0.142548592219662,0.0136542042373641,4.16179995598774,0.142548592219661,1.36336071321225,0
0.845964578957917,0.840227812447878,0.0930852435275262,0.142562245852213,0.0136542042373641,4.16081356406349,0.142562245852213,1.36238039483571,0
0.846964537089073,0.841217625236246,0.0932273241667202,0.142575899484765,0.0136542042373641,4.15982718085943,0.142575899484765,1.36140010256355,0
0.847964495220229,0.842207436389735,0.0933694161949592,0.142584347391355,0.00734396921260219,4.15884080602918,0.142584347391355,1.36041983601801,0
0.848964453351385,0.843197246485992,0.0935115155876695,0.142591691053084,0.00734396921260219,4.15785443891067,0.142591691053084,1.35943959444118,0
0.849964411482541,0.844187055538692,0.0936536222492066,0.142599034714813,0.00734396921260219,4.15686807949357,0.142599034714813,1.35845937785827,0
0.850964369613697,0.845176863547782,0.0937957361795627,0.142606378376542,0.00734396921260219,4.15588172778342,0.142606378376542,1.35747918631367,0
0.851964327744853,0.846166670513209,0.0939378573787301,0.142613722038271,0.00734396921260219,4.15489538378576,0.142613722038271,1.35649901985189,0
0.852964285876009,0.847156476434919,0.0940799858467013,0.1426210657,0.00734396921260219,4.15390904750614,0.1426210657,1.35551887851753,0
0.853964244007164,0.848146281312859,0.0942221215834685,0.142628409361729,0.00734396921260219,4.15292271895011,0.142628409361729,1.35453876235531,0
0.85496420213832,0.849136085146976,0.094364264589024,0.142635753023458,0.00734396921260219,4.15193639812322,0.142635753023459,1.35355867141002,0
0.855964160269476,0.850125887937216,0.0945064148633603,0.142643096685187,0.00734396921260219,4.15095008503104,0.142643096685187,1.3525786057266,0
0.856964118400632,0.851115689683525,0.0946485724064696,0.142650440346917,0.00734396921260219,4.14996377967914,0.142650440346916,1.35159856535007,0
0.857964076531788,0.852105490385851,0.0947907372183443,0.142657784008646,0.00734396921260219,4.1489774820731,0.142657784008646,1.35061855032556,0
0.858964034662944,0.85309529004414,0.0949329092989766,0.142665127670375,0.00734396921260219,4.14799119221848,0.142665127670375,1.3496385606983,0
0.8599639927941,0.854085088658339,0.095075088648359,0.142672471332104,0.00734396921260219,4.14700491012087,0.142672471332104,1.34865859651364,0
0.860963950925256,0.855074886228394,0.0952172752664838,0.142679814993833,0.00734396921260219,4.14601863578587,0.142679814993833,1.34767865781702,0
0.861963909056412,0.856064682754252,0.0953594691533433,0.142687158655562,0.00734396921260219,4.14503236921907,0.142687158655562,1.34669874465401,0
0.862963867187568,0.857054478235859,0.0955016703089298,0.142694502317291,0.00734396921260219,4.14404611042606,0.142694502317291,1.34571885707026,0
0.863963825318724,0.858044272673162,0.0956438787332356,0.14270184597902,0.00734396921260219,4.14305985941245,0.14270184597902,1.34473899511155,0
0.86496378344988,0.859034066066109,0.0957860944262532,0.142709189640749,0.00734396921260219,4.14207361618386,0.142709189640749,1.34375915882375,0
0.865963741581036,0.860023858414644,0.0959283173879748,0.142716533302478,0.00734396921260219,4.14108738074589,0.142716533302478,1.34277934825286,0
0.866963699712192,0.861013649718716,0.0960705476183927,0.142723876964207,0.00734396921260219,4.14010115310417,0.142723876964207,1.34179956344496,0
0.867963657843348,0.86200343997827,0.0962127851174994,0.142731220625937,0.00734396921260219,4.13911493326432,0.142731220625937,1.34081980444627,0
0.868963615974503,0.862993229193253,0.096355029885287,0.142738564287666,0.00734396921260219,4.13812872123198,0.142738564287666,1.33984007130309,0
0.869963574105659,0.863983017363612,0.096497281921748,0.142745907949395,0.00734396921260219,4.13714251701279,0.142745907949394,1.33886036406185,0
0.870963532236815,0.864972804489294,0.0966395412268746,0.142753251611124,0.00734396921260219,4.13615632061237,0.142753251611124,1.33788068276909,0
0.871963490367971,0.865962590570245,0.0967818078006593,0.142760595272853,0.00734396921260219,4.13517013203639,0.142760595272853,1.33690102747144,0
0.872963448499127,0.866952375606412,0.0969240816430943,0.142767938934582,0.00734396921260219,4.13418395129049,0.142767938934582,1.33592139821567,0
0.873963406630283,0.86794215959774,0.0970663627541719,0.142775282596311,0.00734396921260219,4.13319777838033,0.142775282596311,1.33494179504862,0
0.874963364761439,0.868931942544178,0.0972086511338845,0.14278262625804,0.00734396921260219,4.13221161331158,0.14278262625804,1.33396221801729,0
0.875963322892595,0.869921724445672,0.0973509467822244,0.142789969919769,0.00734396921260219,4.1312254560899,0.142789969919769,1.33298266716875,0
0.876963281023751,0.870911505302167,0.097493249699184,0.142797313581498,0.00734396921260219,4.13023930672097,0.142797313581498,1.33200314255021,0
0.877963239154907,0.871901285113612,0.0976355598847555,0.142804657243227,0.00734396921260219,4.12925316521047,0.142804657243227,1.33102364420897,0
0.878963197286063,0.872891063879951,0.0977778773389313,0.142812000904956,0.00734396921260219,4.12826703156408,0.142812000904956,1.33004417219247,0
0.879963155417219,0.873880841601133,0.0979202020617037,0.142819344566686,0.00734396921260219,4.12728090578749,0.142819344566686,1.32906472654822,0
0.880963113548375,0.874870618277104,0.098062534053065,0.142826688228415,0.00734396921260219,4.1262947878864,0.142826688228415,1.3280853073239,0
0.881963071679531,0.87586039390781,0.0982048733130076,0.142834031890144,0.00734396921260219,4.1253086778665,0.142834031890144,1.32710591456725,0
0.882963029810687,0.876850168493198,0.0983472198415238,0.142841375551873,0.00734396921260219,4.12432257573351,0.142841375551873,1.32612654832615,0
0.883962987941842,0.877839942033214,0.0984895736386059,0.142848719213602,0.00734396921260219,4.12333648149314,0.142848719213602,1.32514720864859,0
0.884962946072998,0.878829714527806,0.0986319347042462,0.142856062875331,0.00734396921260219,4.12235039515111,0.142856062875331,1.32416789558269,0
0.885962904204154,0.879819485976919,0.0987743030384371,0.14286340653706,0.00734396921260219,4.12136431671312,0.14286340653706,1.32318860917665,0
0.88696286233531,0.880809256380501,0.0989166786411708,0.142870750198789,0.00734396921260219,4.12037824618493,0.142870750198789,1.32220934947881,0
0.887962820466466,0.881799025738498,0.0990590615124397,0.142878093860518,0.00734396921260219,4.11939218357225,0.142878093860518,1.32123011653762,0
0.888962778597622,0.882788794050857,0.0992014516522362,0.142885437522247,0.00734396921260219,4.11840612888082,0.142885437522247,1.32025091040166,0
0.889962736728778,0.883778561317524,0.0993438490605524,0.142892781183976,0.00734396921260219,4.1174200821164,0.142892781183976,1.31927173111959,0
0.890962694859934,0.884768327538445,0.0994862537373809,0.142900124845706,0.00734396921260219,4.11643404328472,0.142900124845705,1.31829257874021,0
0.89196265299109,0.885758092713569,0.0996286656827138,0.142907468507435,0.00734396921260219,4.11544801239156,0.142907468507435,1.31731345331245,0
0.892962611122246,0.88674785684284,0.0997710848965435,0.142914812169164,0.00734396921260219,4.11446198944265,0.142914812169164,1.31633435488534,0
0.893962569253402,0.887737619926206,0.0999135113788623,0.142922155830893,0.00734396921260219,4.11347597444378,0.142922155830893,1.31535528350802,0
0.894962527384558,0.888727381963614,0.100055945129663,0.142929499492622,0.00734396921260219,4.11248996740072,0.142929499492622,1.31437623922976,0
0.895962485515714,0.889717142955009,0.100198386148937,0.142936843154351,0.00734396921260219,4.11150396831923,0.142936843154351,1.31339722209995,0
0.89696244364687,0.89070690290034,0.100340834436677,0.14294418681608,0.00734396921260219,4.11051797720511,0.14294418681608,1.31241823216809,0
0.897962401778025,0.891696661799551,0.100483289992875,0.142951530477809,0.00734396921260219,4.10953199406413,0.142951530477809,1.31143926948381,0
0.898962359909181,0.892686419652591,0.100625752817524,0.142958874139538,0.00734396921260219,4.10854601890211,0.142958874139538,1.31046033409684,0
0.899962318040337,0.893676176459405,0.100768222910617,0.142966217801267,0.00734396921260219,4.10756005172482,0.142966217801267,1.30948142605705,0
0.900962276171493,0.89466593221994,0.100910700272144,0.142973561462997,0.00734396921260219,4.10657409253808,0.142973561462997,1.30850254541443,0
0.901962234302649,0.895655686934143,0.101053184902099,0.142980905124726,0.00734396921260219,4.1055881413477,0.142980905124725,1.30752369221906,0
0.902962192433805,0.89664544060196,0.101195676800475,0.142988248786455,0.00734396921260219,4.1046021981595,0.142988248786454,1.30654486652119,0
0.903962150564961,0.897635193223339,0.101338175967262,0.142995592448184,0.00734396921260219,4.10361626297929,0.142995592448184,1.30556606837115,0
0.904962108696117,0.898624944798225,0.101480682402454,0.143002936109913,0.00734396921260219,4.1026303358129,0.143002936109913,1.3045872978194,0
0.905962066827273,0.899614695326565,0.101623196106043,0.143010279771642,0.00734396921260219,4.10164441666616,0.143010279771642,1.30360855491653,0
0.906962024958429,0.900604444808306,0.101765717078021,0.143017623433371,0.00734396921260219,4.10065850554491,0.143017623433371,1.30262983971326,0
0.907961983089585,0.901594193243395,0.101908245318381,0.1430249670951,0.00734396921260219,4.099672602455,0.1430249670951,1.30165115226041,0
0.908961941220741,0.902583940631777,0.102050780827115,0.143032310756829,0.00734396921260219,4.09868670740227,0.143032310756829,1.30067249260894,0
0.909961899351897,0.903573686973401,0.102193323604215,0.143039654418558,0.00734396921260219,4.09770082039257,0.143039654418558,1.29969386080993,0
0.910961857483053,0.904563432268212,0.102335873649673,0.143046998080287,0.00734396921260219,4.09671494143178,0.143046998080287,1.29871525691457,0
0.911961815614209,0.905553176516157,0.102478430963482,0.143054341742016,0.00734396921260219,4.09572907052574,0.143054341742016,1.2977366809742,0
0.912961773745364,0.906542919717182,0.102620995545634,0.143061685403746,0.00734396921260219,4.09474320768034,0.143061685403746,1.29675813304026,0
0.91396173187652,0.907532661871235,0.102763567396122,0.143069029065475,0.00734396921260219,4.09375735290145,0.143069029065475,1.29577961316433,0
0.914961690007676,0.908522402978261,0.102906146514937,0.143076372727204,0.00734396921260219,4.09277150619496,0.143076372727204,1.2948011213981,0
0.915961648138832,0.909512143038208,0.103048732902073,0.143083716388933,0.00734396921260219,4.09178566756674,0.143083716388933,1.29382265779341,0
0.916961606269988,0.910501882051023,0.10319132655752,0.143091060050662,0.00734396921260219,4.0907998370227,0.143091060050662,1.29284422240219,0
0.917961564401144,0.91149162001665,0.103333927481273,0.143098403712391,0.00734396921260219,4.08981401456873,0.143098403712391,1.29186581527654,0
0.9189615225323,0.912481356935039,0.103476535673322,0.14310574737412,0.00734396921260219,4.08882820021074,0.14310574737412,1.29088743646864,0
0.919961480663456,0.913471092806134,0.103619151133661,0.143113091035849,0.00734396921260219,4.08784239395463,0.143113091035849,1.28990908603084,0
0.920961438794612,0.914460827629883,0.103761773862281,0.143120434697578,0.00734396921260219,4.08685659580634,0.143120434697578,1.28893076401559,0
0.921961396925768,0.915450561406232,0.103904403859175,0.143127778359307,0.00734396921260219,4.08587080577176,0.143127778359307,1.28795247047547,0
0.922961355056924,0.916440294135128,0.104047041124336,0.143135122021036,0.00734396921260219,4.08488502385684,0.143135122021036,1.2869742054632,0
0.92396131318808,0.917430025816517,0.104189685657755,0.143142465682766,0.00734396921260219,4.08389925006751,0.143142465682765,1.28599596903163,0
0.924961271319236,0.918419756450347,0.104332337459424,0.143149809344495,0.00734396921260219,4.0829134844097,0.143149809344495,1.28501776123371,0
0.925961229450391,0.919409486036563,0.104474996529337,0.143157153006224,0.00734396921260219,4.08192772688937,0.143157153006224,1.28403958212256,0
0.926961187581548,0.920399214575113,0.104617662867486,0.143164496667953,0.00734396921260219,4.08094197751245,0.143164496667953,1.28306143175139,0
0.927961145712703,0.921388942065943,0.104760336473862,0.143171840329682,0.00734396921260219,4.0799562362849,0.143171840329682,1.28208331017358,0
0.928961103843859,0.922378668508999,0.104903017348458,0.143179183991411,0.00734396921260219,4.0789705032127,0.143179183991411,1.28110521744261,0
0.929961061975015,0.923368393904229,0.105045705491266,0.14318652765314,0.00734396921260219,4.0779847783018,0.14318652765314,1.2801271536121,0
0.930961020106171,0.924358118251578,0.105188400902279,0.143193871314869,0.00734396921260219,4.07699906155817,0.143193871314869,1.27914911873581,0
0.931960978237327,0.925347841550994,0.105331103581489,0.143201214976598,0.00734396921260219,4.0760133529878,0.143201214976598,1.27817111286762,0
0.932960936368483,0.926337563802423,0.105473813528889,0.143208558638327,0.00734396921260219,4.07502765259667,0.143208558638327,1.27719313606154,0
0.933960894499639,0.927327285005812,0.10561653074447,0.143215902300056,0.00734396921260219,4.07404196039077,0.143215902300057,1.27621518837172,0
0.934960852630795,0.928317005161107,0.105759255228224,0.143223245961786,0.00734396921260219,4.07305627637609,0.143223245961785,1.27523726985244,0
0.935960810761951,0.929306724268255,0.105901986980145,0.143230589623515,0.00734396921260219,4.07207060055864,0.143230589623514,1.27425938055813,0
0.936960768893107,0.930296442327202,0.106044726000225,0.143237933285244,0.00734396921260219,4.07108493294442,0.143237933285244,1.27328152054332,0
0.937960727024263,0.931286159337896,0.106187472288455,0.143245276946973,0.00734396921260219,4.07009927353945,0.143245276946973,1.2723036898627,0
0.938960685155419,0.932275875300283,0.106330225844828,0.143252620608702,0.00734396921260219,4.06911362234975,0.143252620608702,1.27132588857108,0
0.939960643286575,0.933265590214309,0.106472986669337,0.143259964270431,0.00734396921260219,4.06812797938133,0.143259964270431,1.27034811672342,0
0.940960601417731,0.934255304079922,0.106615754761973,0.14326730793216,0.00734396921260219,4.06714234464024,0.14326730793216,1.26937037437481,0
0.941960559548886,0.935245016897067,0.10675853012273,0.143274651593889,0.00734396921260219,4.0661567181325,0.143274651593889,1.26839266158046,0
0.942960517680042,0.936234728665691,0.106901312751599,0.143281995255618,0.00734396921260219,4.06517109986416,0.143281995255618,1.26741497839573,0
0.943960475811198,0.937224439385741,0.107044102648572,0.143289338917347,0.00734396921260219,4.06418548984127,0.143289338917347,1.26643732487612,0
0.944960433942354,0.938214149057164,0.107186899813642,0.143296682579076,0.00734396921260219,4.06319988806988,0.143296682579076,1.26545970107726,0
0.94596039207351,0.939203857679907,0.107329704246801,0.143304026240806,0.00734396921260219,4.06221429455604,0.143304026240806,1.26448210705492,0
0.946960350204666,0.940193565253915,0.107472515948042,0.143311369902535,0.00734396921260219,4.06122870930583,0.143311369902535,1.263504542865,0
0.947960308335822,0.941183271779135,0.107615334917357,0.143318713564264,0.00734396921260219,4.06024313232532,0.143318713564264,1.26252700856356,0
0.948960266466978,0.942172977255515,0.107758161154737,0.143326057225993,0.00734396921260219,4.05925756362057,0.143326057225993,1.26154950420677,0
0.949960224598134,0.943162681683001,0.107900994660176,0.143333400887722,0.00734396921260219,4.05827200319768,0.143333400887722,1.26057202985095,0
0.95096018272929,0.944152385061539,0.108043835433666,0.143340744549451,0.00734396921260219,4.05728645106273,0.143340744549451,1.25959458555258,0
0.951960140860446,0.945142087391075,0.108186683475199,0.14334808821118,0.00734396921260219,4.05630090722182,0.14334808821118,1.25861717136824,0
0.952960098991602,0.946131788671558,0.108329538784767,0.143355431872909,0.00734396921260219,4.05531537168105,0.143355431872909,1.25763978735469,0
0.953960057122758,0.947121488902932,0.108472401362362,0.143362775534638,0.00734396921260219,4.05432984444651,0.143362775534638,1.25666243356881,0
0.954960015253913,0.948111188085146,0.108615271207978,0.143370119196367,0.00734396921260219,4.05334432552434,0.143370119196367,1.25568511006761,0
0.955959973385069,0.949100886218145,0.108758148321605,0.143377462858096,0.00734396921260219,4.05235881492063,0.143377462858096,1.25470781690827,0
0.956959931516225,0.950090583301876,0.108901032703237,0.143384806519826,0.00734396921260219,4.05137331264153,0.143384806519825,1.2537305541481,0
0.957959889647381,0.951080279336286,0.109043924352866,0.143392150181555,0.00734396921260219,4.05038781869314,0.143392150181555,1.25275332184453,0
0.958959847778537,0.952069974321321,0.109186823270484,0.143399493843284,0.00734396921260219,4.04940233308162,0.143399493843284,1.25177612005518,0
0.959959805909693,0.953059668256929,0.109329729456083,0.143406837505013,0.00734396921260219,4.0484168558131,0.143406837505013,1.25079894883776,0
0.960959764040849,0.954049361143055,0.109472642909656,0.143414181166742,0.00734396921260219,4.04743138689374,0.143414181166742,1.24982180825017,0
0.961959722172005,0.955039052979646,0.109615563631194,0.143421524828471,0.00734396921260219,4.04644592632967,0.143421524828471,1.24884469835042,0
0.962959680303161,0.956028743766649,0.109758491620691,0.1434288684902,0.00734396921260219,4.04546047412707,0.1434288684902,1.24786761919669,0
0.963959638434317,0.957018433504011,0.109901426878139,0.143436212151929,0.00734396921260219,4.04447503029209,0.143436212151929,1.24689057084729,0
0.964959596565473,0.958008122191677,0.110044369403529,0.143443555813658,0.00734396921260219,4.04348959483091,0.143443555813658,1.24591355336068,0
0.965959554696629,0.958997809829596,0.110187319196854,0.143450899475387,0.00734396921260219,4.04250416774971,0.143450899475387,1.24493656679547,0
0.966959512827785,0.959987496417713,0.110330276258107,0.143458243137116,0.00734396921260219,4.04151874905467,0.143458243137117,1.2439596112104,0
0.967959470958941,0.960977181955974,0.110473240587279,0.143465586798846,0.00734396921260219,4.04053333875197,0.143465586798845,1.24298268666438,0
0.968959429090096,0.961966866618128,0.110616210981282,0.143469891407016,0.00354499314373045,4.03954793664114,0.143469891407016,1.24200579295679,0
0.969959387221252,0.962956550762605,0.110759184958755,0.143473436251735,0.00354499314373045,4.03856254230181,0.143473436251735,1.24102892961045,0
0.970959345352408,0.963946234400256,0.110902162444503,0.143476981096454,0.00354499314373045,4.03757715572678,0.143476981096454,1.24005209666687,0
0.971959303483564,0.964935917531067,0.111045143438526,0.143480525941173,0.00354499314373045,4.03659177692173,0.143480525941174,1.23907529418397,0
0.97295926161472,0.965925600155026,0.11118812794082,0.143484070785892,0.00354499314373045,4.03560640589238,0.143484070785892,1.23809852221979,0
0.973959219745876,0.966915282272122,0.111331115951385,0.143487615630611,0.00354499314373045,4.03462104264442,0.143487615630611,1.23712178083252,0
0.974959177877032,0.96790496388234,0.111474107470219,0.14349116047533,0.00354499314373045,4.03363568718358,0.14349116047533,1.23614507008051,0
0.975959136008188,0.96889464498567,0.111617102497319,0.143494705320049,0.00354499314373045,4.03265033951558,0.143494705320049,1.23516839002223,0
0.976959094139344,0.969884325582099,0.111760101032684,0.143498250164768,0.00354499314373045,4.03166499964614,0.143498250164768,1.23419174071632,0
0.9779590522705,0.970874005671614,0.111903103076312,0.143501795009487,0.00354499314373045,4.03067966758099,0.143501795009487,1.23321512222156,0
0.978959010401656,0.971863685254202,0.112046108628202,0.143505339854206,0.00354499314373045,4.02969434332588,0.143505339854206,1.23223853459688,0
0.979958968532812,0.972853364329852,0.112189117688351,0.143508884698925,0.00354499314373045,4.02870902688654,0.143508884698925,1.23126197790135,0
0.980958926663968,0.973843042898551,0.112332130256758,0.143512429543644,0.00354499314373045,4.02772371826872,0.143512429543644,1.23028545219419,0
0.981958884795123,0.974832720960286,0.112475146333421,0.143515974388363,0.00354499314373045,4.02673841747818,0.143515974388363,1.22930895753478,0
0.982958842926279,0.975822398515045,0.112618165918338,0.143519519233082,0.00354499314373045,4.02575312452068,0.143519519233082,1.22833249398265,0
0.983958801057435,0.976812075562816,0.112761189011508,0.143523064077801,0.00354499314373045,4.02476783940198,0.143523064077801,1.22735606159747,0
0.984958759188591,0.977801752103586,0.112904215612927,0.14352660892252,0.00354499314373045,4.02378256212785,0.14352660892252,1.22637966043907,0
0.985958717319747,0.978791428137342,0.113047245722596,0.143530153767239,0.00354499314373045,4.02279729270407,0.143530153767239,1.22540329056741,0
0.986958675450903,0.979781103664073,0.113190279340512,0.143533698611958,0.00354499314373045,4.02181203113642,0.143533698611958,1.22442695204264,0
0.987958633582059,0.980770778683765,0.113333316466673,0.143537243456677,0.00354499314373045,4.02082677743069,0.143537243456677,1.22345064492502,0
0.988958591713215,0.981760453196407,0.113476357101077,0.143540788301396,0.00354499314373045,4.01984153159267,0.143540788301396,1.222474369275,0
0.989958549844371,0.982750127201986,0.113619401243723,0.143544333146115,0.00354499314373045,4.01885629362816,0.143544333146115,1.22149812515316,0
0.990958507975527,0.98373980070049,0.113762448894608,0.143547877990834,0.00354499314373045,4.01787106354296,0.143547877990834,1.22052191262023,0
0.991958466106683,0.984729473691905,0.113905500053732,0.143551422835553,0.00354499314373045,4.01688584134289,0.143551422835553,1.21954573173712,0
0.992958424237839,0.98571914617622,0.114048554721091,0.143554967680272,0.00354499314373045,4.01590062703376,0.143554967680271,1.21856958256487,0
0.993958382368995,0.986708818153422,0.114191612896685,0.143558512524991,0.00354499314373045,4.01491542062139,0.143558512524991,1.21759346516469,0
0.994958340500151,0.9876984896235,0.114334674580512,0.14356205736971,0.00354499314373045,4.01393022211161,0.14356205736971,1.21661737959792,0
0.995958298631307,0.988688160586439,0.11447773977257,0.143565602214428,0.00354499314373045,4.01294503151026,0.143565602214428,1.2156413259261,0
0.996958256762462,0.989677831042228,0.114620808472856,0.143569147059147,0.00354499314373045,4.01195984882316,0.143569147059147,1.21466530421089,0
0.997958214893618,0.990667500990855,0.11476388068137,0.143572691903866,0.00354499314373045,4.01097467405616,0.143572691903866,1.21368931451412,0
0.998958173024774,0.991657170432307,0.114906956398109,0.143576236748585,0.00354499314373045,4.00998950721513,0.143576236748586,1.21271335689778,0
0.99995813115593,0.992646839366571,0.115050035623071,0.143579781593304,0.00354499314373045,4.0090043483059,0.143579781593304,1.21173743142401,0
1.00095808928709,0.993636507793636,0.115193118356256,0.143583326438023,0.00354499314373045,4.00801919733434,0.143583326438023,1.21076153815511,0
1.00195804741824,0.994626175713488,0.11533620459766,0.143586871282742,0.00354499314373045,4.00703405430632,0.143586871282742,1.20978567715355,0
1.0029580055494,0.995615843126116,0.115479294347283,0.143590416127461,0.00354499314373045,4.00604891922771,0.143590416127461,1.20880984848194,0
1.00395796368055,0.996605510031506,0.115622387605122,0.14359396097218,0.00354499314373045,4.00506379210439,0.14359396097218,1.20783405220307,0
1.00495792181171,0.997595176429647,0.115765484371175,0.143597505816899,0.00354499314373045,4.00407867294224,0.143597505816899,1.20685828837988,0
1.00595787994287,0.998584842320526,0.115908584645442,0.143601050661618,0.00354499314373045,4.00309356174716,0.143601050661618,1.20588255707548,0
1.00695783807402,0.99957450770413,0.116051688427919,0.143604595506337,0.00354499314373045,4.00210845852503,0.143604595506337,1.20490685835313,0
1.00795779620518,1.00056417258045,0.116194795718606,0.143608140351056,0.00354499314373045,4.00112336328177,0.143608140351056,1.20393119227624,0
1.00895775433633,1.00155383694947,0.1163379065175,0.143611685195775,0.00354499314373045,4.00013827602327,0.143611685195775,1.20295555890843,0
1.00995771246749,1.00254350081117,0.1164810208246,0.143615230040494,0.00354499314373045,3.99915319675545,0.143615230040494,1.20197995831343,0
1.01095767059865,1.00353316416555,0.116624138639903,0.143618774885213,0.00354499314373045,3.99816812548423,0.143618774885213,1.20100439055516,0
1.0119576287298,1.0045228270126,0.116767259963409,0.143622319729932,0.00354499314373045,3.99718306221553,0.143622319729932,1.2000288556977,0
1.01295758686096,1.0055124893523,0.116910384795114,0.143625864574651,0.00354499314373045,3.99619800695529,0.143625864574651,1.1990533538053,0
1.01395754499211,1.00650215118463,0.117053513135018,0.14362940941937,0.00354499314373045,3.99521295970944,0.14362940941937,1.19807788494236,0
1.01495750312327,1.00749181250959,0.117196644983119,0.143632954264089,0.00354499314373045,3.99422792048391,0.143632954264089,1.19710244917347,0
1.01595746125443,1.00848147332717,0.117339780339415,0.143636499108808,0.00354499314373045,3.99324288928467,0.143636499108808,1.19612704656336,0
1.01695741938558,1.00947113363734,0.117482919203903,0.143640043953527,0.00354499314373045,3.99225786611766,0.143640043953527,1.19515167717694,0
1.01795737751674,1.01046079344011,0.117626061576583,0.143643588798246,0.00354499314373045,3.99127285098884,0.143643588798246,1.19417634107929,0
1.01895733564789,1.01145045273545,0.117769207457452,0.143647133642965,0.00354499314373045,3.99028784390418,0.143647133642965,1.19320103833565,0
1.01995729377905,1.01244011152335,0.117912356846509,0.143650678487684,0.00354499314373045,3.98930284486964,0.143650678487683,1.19222576901143,0
1.02095725191021,1.01342976980381,0.118055509743752,0.143654223332403,0.00354499314373045,3.98831785389121,0.143654223332403,1.19125053317222,0
1.02195721004136,1.0144194275768,0.118198666149179,0.143657768177122,0.00354499314373045,3.98733287097487,0.143657768177122,1.19027533088375,0
1.02295716817252,1.01540908484232,0.118341826062788,0.14366131302184,0.00354499314373045,3.9863478961266,0.14366131302184,1.18930016221196,0
1.02395712630367,1.01639874160036,0.118484989484577,0.143664857866559,0.00354499314373045,3.9853629293524,0.143664857866559,1.18832502722294,0
1.02495708443483,1.0173883978509,0.118628156414545,0.143668402711278,0.00354499314373045,3.98437797065828,0.143668402711278,1.18734992598294,0
1.02595704256598,1.01837805359392,0.11877132685269,0.143671947555997,0.00354499314373045,3.98339302005023,0.143671947555998,1.18637485855839,0
1.02695700069714,1.01936770882943,0.11891450079901,0.143675492400716,0.00354499314373045,3.98240807753427,0.143675492400716,1.18539982501591,0
1.0279569588283,1.02035736355739,0.119057678253503,0.143679037245435,0.00354499314373045,3.98142314311641,0.143679037245435,1.18442482542227,0
1.02895691695945,1.02134701777781,0.119200859216168,0.143682582090154,0.00354499314373045,3.98043821680269,0.143682582090154,1.18344985984442,0
1.02995687509061,1.02233667149067,0.119344043687002,0.143686126934873,0.00354499314373045,3.97945329859913,0.143686126934873,1.18247492834949,0
1.03095683322176,1.02332632469596,0.119487231666004,0.143689671779592,0.00354499314373045,3.97846838851176,0.143689671779592,1.18150003100477,0
1.03195679135292,1.02431597739366,0.119630423153172,0.143693216624311,0.00354499314373045,3.97748348654663,0.143693216624311,1.18052516787775,0
1.03295674948408,1.02530562958376,0.119773618148504,0.14369676146903,0.00354499314373045,3.97649859270979,0.14369676146903,1.17955033903606,0
1.03395670761523,1.02629528126626,0.119916816651999,0.143700306313749,0.00354499314373045,3.97551370700728,0.143700306313749,1.17857554454754,0
1.03495666574639,1.02728493244113,0.120060018663655,0.143703851158468,0.00354499314373045,3.97452882944517,0.143703851158468,1.17760078448018,0
1.03595662387754,1.02827458310836,0.120203224183469,0.143707396003187,0.00354499314373045,3.97354396002953,0.143707396003187,1.17662605890217,0
1.0369565820087,1.02926423326795,0.12034643321144,0.143710940847906,0.00354499314373045,3.97255909876642,0.143710940847906,1.17565136788187,0
1.03795654013986,1.03025388291988,0.120489645747567,0.143714485692625,0.00354499314373045,3.97157424566193,0.143714485692625,1.1746767114878,0
1.03895649827101,1.03124353206413,0.120632861791847,0.143718030537344,0.00354499314373045,3.97058940072212,0.143718030537344,1.17370208978869,0
1.03995645640217,1.0322331807007,0.120776081344278,0.143721575382063,0.00354499314373045,3.96960456395311,0.143721575382063,1.17272750285342,0
1.04095641453332,1.03322282882957,0.12091930440486,0.143725120226782,0.00354499314373045,3.96861973536097,0.143725120226782,1.17175295075107,0
1.04195637266448,1.03421247645074,0.121062530973589,0.143728665071501,0.00354499314373045,3.96763491495182,0.143728665071501,1.17077843355089,0
1.04295633079564,1.03520212356418,0.121205761050465,0.14373220991622,0.00354499314373045,3.96665010273175,0.14373220991622,1.16980395132232,0
1.04395628892679,1.03619177016989,0.121348994635485,0.143735754760939,0.00354499314373045,3.96566529870689,0.143735754760939,1.16882950413498,0
1.04495624705795,1.03718141626784,0.121492231728648,0.143739299605658,0.00354499314373045,3.96468050288335,0.143739299605658,1.16785509205867,0
1.0459562051891,1.03817106185804,0.121635472329952,0.143742844450377,0.00354499314373045,3.96369571526725,0.143742844450377,1.16688071516336,0
1.04695616332026,1.03916070694047,0.121778716439394,0.143746389295096,0.00354499314373045,3.96271093586473,0.143746389295095,1.16590637351922,0
1.04795612145142,1.04015035151512,0.121921964056974,0.143749934139815,0.00354499314373045,3.96172616468193,0.143749934139815,1.16493206719662,0
1.04895607958257,1.04113999558196,0.12206521518269,0.143753478984534,0.00354499314373045,3.96074140172498,0.143753478984534,1.16395779626606,0
1.04995603771373,1.042129639141,0.122208469816539,0.143757023829253,0.00354499314373045,3.95975664700005,0.143757023829253,1.16298356079829,0
1.05095599584488,1.04311928219222,0.12235172795852,0.143760568673971,0.00354499314373045,3.95877190051327,0.143760568673971,1.1620093608642,0
1.05195595397604,1.0441089247356,0.122494989608631,0.14376411351869,0.00354499314373045,3.95778716227083,0.14376411351869,1.16103519653489,0
1.05295591210719,1.04509856677113,0.12263825476687,0.143767658363409,0.00354499314373045,3.95680243227887,0.14376765836341,1.16006106788164,0
1.05395587023835,1.04608820829881,0.122781523433235,0.143771203208128,0.00354499314373045,3.95581771054359,0.143771203208128,1.15908697497591,0
1.05495582836951,1.04707784931862,0.122924795607726,0.143774748052847,0.00354499314373045,3.95483299707115,0.143774748052847,1.15811291788936,0
1.05595578650066,1.04806748983054,0.123068071290339,0.143778292897566,0.00354499314373045,3.95384829186774,0.143778292897566,1.15713889669383,0
1.05695574463182,1.04905712983456,0.123211350481073,0.143781837742285,0.00354499314373045,3.95286359493956,0.143781837742285,1.15616491146137,0
1.05795570276297,1.05004676933068,0.123354633179926,0.143785382587004,0.00354499314373045,3.9518789062928,0.143785382587004,1.15519096226418,0
1.05895566089413,1.05103640831887,0.123497919386897,0.143788927431723,0.00354499314373045,3.95089422593367,0.143788927431723,1.1542170491747,0
1.05995561902529,1.05202604679913,0.123641209101984,0.143792472276442,0.00354499314373045,3.94990955386838,0.143792472276442,1.15324317226552,0
1.06095557715644,1.05301568477145,0.123784502325184,0.143796017121161,0.00354499314373045,3.94892489010314,0.143796017121161,1.15226933160944,0
1.0619555352876,1.05400532223581,0.123927799056496,0.14379956196588,0.00354499314373045,3.94794023464418,0.14379956196588,1.15129552727946,0
1.06295549341875,1.05499495919219,0.124071099295919,0.143803106810599,0.00354499314373045,3.94695558749772,0.143803106810599,1.15032175934875,0
1.06395545154991,1.0559845956406,0.12421440304345,0.143806651655318,0.00354499314373045,3.94597094867001,0.143806651655318,1.14934802789071,0
1.06495540968107,1.056974231581,0.124357710299088,0.143810196500037,0.00354499314373045,3.94498631816728,0.143810196500037,1.1483743329789,0
1.06595536781222,1.0579638670134,0.12450102106283,0.143813741344756,0.00354499314373045,3.94400169599578,0.143813741344756,1.14740067468708,0
1.06695532594338,1.05895350193778,0.124644335334676,0.143817286189475,0.00354499314373045,3.94301708216177,0.143817286189475,1.14642705308923,0
1.06795528407453,1.05994313635413,0.124787653114623,0.143820831034194,0.00354499314373045,3.9420324766715,0.143820831034194,1.14545346825951,0
1.06895524220569,1.06093277026243,0.124930974402669,0.143824375878913,0.00354499314373045,3.94104787953123,0.143824375878913,1.14447992027227,0
1.06995520033685,1.06192240366267,0.125074299198813,0.143827920723632,0.00354499314373045,3.94006329074726,0.143827920723632,1.14350640920206,0
1.070955158468,1.06291203655484,0.125217627503052,0.143831465568351,0.00354499314373045,3.93907871032584,0.143831465568351,1.14253293512365,0
1.07195511659916,1.06390166893893,0.125360959315386,0.14383501041307,0.00354499314373045,3.93809413827326,0.14383501041307,1.14155949811198,0
1.07295507473031,1.06489130081492,0.125504294635812,0.143838555257789,0.00354499314373045,3.93710957459582,0.143838555257789,1.14058609824221,0
1.07395503286147,1.06588093218281,0.125647633464328,0.143842100102508,0.00354499314373045,3.93612501929982,0.143842100102507,1.13961273558969,0
1.07495499099263,1.06687056304257,0.125790975800933,0.143845644947227,0.00354499314373045,3.93514047239155,0.143845644947227,1.13863941022998,0
1.07595494912378,1.06786019339421,0.125934321645625,0.143849189791946,0.00354499314373045,3.93415593387733,0.143849189791946,1.13766612223883,0
1.07695490725494,1.06884982323769,0.126077670998402,0.143852734636665,0.00354499314373045,3.93317140376347,0.143852734636665,1.13669287169219,0
1.07795486538609,1.06983945257303,0.126221023859262,0.143856279481383,0.00354499314373045,3.93218688205629,0.143856279481383,1.13571965866624,0
1.07895482351725,1.07082908140019,0.126364380228204,0.143859824326102,0.00354499314373045,3.93120236876213,0.143859824326102,1.13474648323733,0
1.0799547816484,1.07181870971917,0.126507740105225,0.143863369170821,0.00354499314373045,3.93021786388731,0.143863369170822,1.13377334548204,0
1.08095473977956,1.07280833752995,0.126651103490324,0.14386691401554,0.00354499314373045,3.92923336743818,0.14386691401554,1.13280024547714,0
1.08195469791072,1.07379796483253,0.126794470383499,0.143870458860259,0.00354499314373045,3.92824887942109,0.143870458860259,1.1318271832996,0
1.08295465604187,1.07478759162688,0.126937840784748,0.143874003704978,0.00354499314373045,3.92726439984239,0.143874003704978,1.13085415902663,0
1.08395461417303,1.07577721791301,0.127081214694069,0.143877548549697,0.00354499314373045,3.92627992870843,0.143877548549697,1.1298811727356,0
1.08495457230418,1.07676684369089,0.127224592111462,0.143881093394416,0.00354499314373045,3.92529546602559,0.143881093394416,1.12890822450412,0
1.08595453043534,1.07775646896051,0.127367973036923,0.143884638239135,0.00354499314373045,3.92431101180024,0.143884638239135,1.12793531441001,0
1.0869544885665,1.07874609372187,0.127511357470451,0.143888183083854,0.00354499314373045,3.92332656603876,0.143888183083854,1.12696244253127,0
1.08795444669765,1.07973571797494,0.127654745412044,0.143891727928573,0.00354499314373045,3.92234212874753,0.143891727928573,1.12598960894614,0
1.08895440482881,1.08072534171972,0.1277981368617,0.143895272773292,0.00354499314373045,3.92135769993294,0.143895272773292,1.12501681373306,0
1.08995436295996,1.08171496504666,0.12794153119505,0.143897189448233,0.00144404089063124,3.92037327949059,0.143897189448233,1.12404405682448,0
1.09095432109112,1.08270458815892,0.128084927010022,0.143898633428663,0.00144404089063124,3.91938886717794,0.143898633428663,1.12307133797043,0
1.09195427922228,1.08369421106411,0.128228324253991,0.143900077409094,0.00144404089063124,3.91840446299176,0.143900077409094,1.12209865723665,0
1.09295423735343,1.08468383376224,0.128371722926955,0.143901521389524,0.00144404089063124,3.91742006693818,0.143901521389524,1.12112601470143,0
1.09395419548459,1.08567345625331,0.128515123028915,0.143902965369954,0.00144404089063124,3.91643567902335,0.143902965369954,1.12015341044325,0
1.09495415361574,1.08666307853731,0.128658524559871,0.143904409350385,0.00144404089063124,3.91545129925339,0.143904409350385,1.11918084454081,0
1.0959541117469,1.08765270061423,0.128801927519821,0.143905853330815,0.00144404089063124,3.91446692763445,0.143905853330815,1.11820831707302,0
1.09695406987806,1.08864232248409,0.128945331908767,0.143907297311245,0.00144404089063124,3.9134825641727,0.143907297311245,1.11723582811901,0
1.09795402800921,1.08963194414687,0.129088737726706,0.143908741291676,0.00144404089063124,3.91249820887428,0.143908741291676,1.11626337775811,0
1.09895398614037,1.09062156560258,0.12923214497364,0.143910185272106,0.00144404089063124,3.91151386174537,0.143910185272106,1.11529096606988,0
1.09995394427152,1.0916111868512,0.129375553649568,0.143911629252536,0.00144404089063124,3.91052952279212,0.143911629252536,1.1143185931341,0
1.10095390240268,1.09260080789275,0.129518963754489,0.143913073232967,0.00144404089063124,3.90954519202073,0.143913073232966,1.11334625903074,0
1.10195386053384,1.09359042872721,0.129662375288404,0.143914517213397,0.00144404089063124,3.90856086943738,0.143914517213397,1.11237396384001,0
1.10295381866499,1.09458004935459,0.129805788251312,0.143915961193827,0.00144404089063124,3.90757655504825,0.143915961193827,1.11140170764233,0
1.10395377679615,1.09556966977489,0.129949202643212,0.143917405174257,0.00144404089063124,3.90659224885954,0.143917405174257,1.11042949051834,0
1.1049537349273,1.09655928998809,0.130092618464105,0.143918849154688,0.00144404089063124,3.90560795087745,0.143918849154688,1.1094573125489,0
1.10595369305846,1.0975489099942,0.130236035713989,0.143920293135118,0.00144404089063124,3.90462366110819,0.143920293135118,1.1084851738151,0
1.10695365118961,1.09853852979322,0.130379454392866,0.143921737115548,0.00144404089063124,3.90363937955798,0.143921737115548,1.10751307439822,0
1.10795360932077,1.09952814938515,0.130522874500734,0.143923181095979,0.00144404089063124,3.90265510623303,0.143923181095979,1.10654101437979,0
1.10895356745193,1.10051776876998,0.130666296037593,0.143924625076409,0.00144404089063124,3.90167084113958,0.143924625076409,1.10556899384155,0
1.10995352558308,1.10150738794771,0.130809719003443,0.143926069056839,0.00144404089063124,3.90068658428385,0.143926069056839,1.10459701286547,0
1.11095348371424,1.10249700691834,0.130953143398284,0.14392751303727,0.00144404089063124,3.8997023356721,0.14392751303727,1.10362507153374,0
1.11195344184539,1.10348662568187,0.131096569222114,0.1439289570177,0.00144404089063124,3.89871809531055,0.1439289570177,1.10265316992877,0
1.11295339997655,1.10447624423829,0.131239996474935,0.14393040099813,0.00144404089063124,3.89773386320546,0.14393040099813,1.10168130813321,0
1.11395335810771,1.1054658625876,0.131383425156746,0.143931844978561,0.00144404089063124,3.8967496393631,0.143931844978561,1.10070948622991,0
1.11495331623886,1.10645548072981,0.131526855267546,0.143933288958991,0.00144404089063124,3.89576542378973,0.143933288958991,1.09973770430198,0
1.11595327437002,1.1074450986649,0.131670286807335,0.143934732939421,0.00144404089063124,3.89478121649161,0.143934732939421,1.09876596243272,0
1.11695323250117,1.10843471639288,0.131813719776113,0.143936176919852,0.00144404089063124,3.89379701747502,0.143936176919852,1.0977942607057,0
1.11795319063233,1.10942433391374,0.131957154173879,0.143937620900282,0.00144404089063124,3.89281282674626,0.143937620900282,1.09682259920467,0
1.11895314876349,1.11041395122749,0.132100590000633,0.143939064880712,0.00144404089063124,3.8918286443116,0.143939064880712,1.09585097801367,0
1.11995310689464,1.11140356833412,0.132244027256376,0.143940508861143,0.00144404089063124,3.89084447017734,0.143940508861143,1.09487939721691,0
1.1209530650258,1.11239318523363,0.132387465941106,0.143941952841573,0.00144404089063124,3.88986030434979,0.143941952841573,1.09390785689887,0
1.12195302315695,1.11338280192601,0.132530906054823,0.143943396822003,0.00144404089063124,3.88887614683526,0.143943396822003,1.09293635714425,0
1.12295298128811,1.11437241841126,0.132674347597527,0.143944840802434,0.00144404089063124,3.88789199764005,0.143944840802433,1.09196489803798,0
1.12395293941927,1.11536203468939,0.132817790569218,0.143946284782864,0.00144404089063124,3.8869078567705,0.143946284782864,1.09099347966523,0
1.12495289755042,1.11635165076039,0.132961234969895,0.143947728763294,0.00144404089063124,3.88592372423292,0.143947728763294,1.09002210211141,0
1.12595285568158,1.11734126662426,0.133104680799558,0.143949172743724,0.00144404089063124,3.88493960003366,0.143949172743724,1.08905076546214,0
1.12695281381273,1.11833088228099,0.133248128058208,0.143950616724155,0.00144404089063124,3.88395548417905,0.143950616724155,1.08807946980331,0
1.12795277194389,1.11932049773059,0.133391576745842,0.143952060704585,0.00144404089063124,3.88297137667543,0.143952060704585,1.08710821522102,0
1.12895273007505,1.12031011297305,0.133535026862462,0.143953504685015,0.00144404089063124,3.88198727752917,0.143953504685015,1.08613700180163,0
1.1299526882062,1.12129972800837,0.133678478408067,0.143954948665446,0.00144404089063124,3.88100318674663,0.143954948665446,1.08516582963171,0
1.13095264633736,1.12228934283654,0.133821931382656,0.143956392645876,0.00144404089063124,3.88001910433416,0.143956392645876,1.0841946987981,0
1.13195260446851,1.12327895745757,0.13396538578623,0.143957836626306,0.00144404089063124,3.87903503029814,0.143957836626306,1.08322360938785,0
1.13295256259967,1.12426857187146,0.134108841618787,0.143959280606737,0.00144404089063124,3.87805096464495,0.143959280606737,1.08225256148829,0
1.13395252073082,1.1252581860782,0.134252298880329,0.143960724587167,0.00144404089063124,3.87706690738098,0.143960724587167,1.08128155518694,0
1.13495247886198,1.12624780007778,0.134395757570853,0.143962168567597,0.00144404089063124,3.87608285851261,0.143962168567597,1.08031059057162,0
1.13595243699314,1.12723741387022,0.134539217690361,0.143963612548028,0.00144404089063124,3.87509881804624,0.143963612548028,1.07933966773035,0
1.13695239512429,1.1282270274555,0.134682679238852,0.143965056528458,0.00144404089063124,3.87411478598829,0.143965056528458,1.0783687867514,0
1.13795235325545,1.12921664083362,0.134826142216325,0.143966500508888,0.00144404089063124,3.87313076234515,0.143966500508888,1.07739794772332,0
1.1389523113866,1.13020625400458,0.13496960662278,0.143967944489319,0.00144404089063124,3.87214674712325,0.143967944489319,1.07642715073485,0
1.13995226951776,1.13119586696839,0.135113072458217,0.143969388469749,0.00144404089063124,3.87116274032901,0.143969388469749,1.07545639587503,0
1.14095222764892,1.13218547972503,0.135256539722636,0.143970832450179,0.00144404089063124,3.87017874196886,0.143970832450179,1.07448568323311,0
1.14195218578007,1.1331750922745,0.135400008416036,0.14397227643061,0.00144404089063124,3.86919475204924,0.14397227643061,1.07351501289861,0
1.14295214391123,1.13416470461681,0.135543478538417,0.14397372041104,0.00144404089063124,3.86821077057659,0.14397372041104,1.0725443849613,0
1.14395210204238,1.13515431675195,0.135686950089779,0.14397516439147,0.00144404089063124,3.86722679755736,0.14397516439147,1.07157379951117,0
1.14495206017354,1.13614392867992,0.135830423070122,0.143976608371901,0.00144404089063124,3.86624283299801,0.143976608371901,1.0706032566385,0
1.1459520183047,1.13713354040071,0.135973897479444,0.143978052352331,0.00144404089063124,3.865258876905,0.143978052352331,1.0696327564338,0
1.14695197643585,1.13812315191433,0.136117373317746,0.143979496332761,0.00144404089063124,3.8642749292848,0.143979496332761,1.06866229898784,0
1.14795193456701,1.13911276322077,0.136260850585028,0.143980940313192,0.00144404089063124,3.86329099014388,0.143980940313191,1.06769188439164,0
1.14895189269816,1.14010237432004,0.136404329281289,0.143982384293622,0.00144404089063124,3.86230705948873,0.143982384293622,1.06672151273648,0
1.14995185082932,1.14109198521212,0.136547809406528,0.143983828274052,0.00144404089063124,3.86132313732584,0.143983828274052,1.06575118411388,0
1.15095180896048,1.14208159589702,0.136691290960747,0.143985272254482,0.00144404089063124,3.8603392236617,0.143985272254482,1.06478089861564,0
1.15195176709163,1.14307120637473,0.136834773943944,0.143986716234913,0.00144404089063124,3.85935531850282,0.143986716234913,1.0638106563338,0
1.15295172522279,1.14406081664525,0.136978258356118,0.143988160215343,0.00144404089063124,3.8583714218557,0.143988160215343,1.06284045736066,0
1.15395168335394,1.14505042670859,0.137121744197271,0.143989604195773,0.00144404089063124,3.85738753372685,0.143989604195773,1.06187030178879,0
1.1549516414851,1.14604003656473,0.137265231467401,0.143991048176204,0.00144404089063124,3.85640365412281,0.143991048176204,1.060900189711,0
1.15595159961626,1.14702964621368,0.137408720166508,0.143992492156634,0.00144404089063124,3.8554197830501,0.143992492156634,1.05993012122038,0
1.15695155774741,1.14801925565543,0.137552210294591,0.143993936137064,0.00144404089063124,3.85443592051525,0.143993936137064,1.05896009641027,0
1.15795151587857,1.14900886488999,0.137695701851652,0.143995380117495,0.00144404089063124,3.85345206652481,0.143995380117495,1.05799011537428,0
1.15895147400972,1.14999847391734,0.137839194837688,0.143996824097925,0.00144404089063124,3.85246822108532,0.143996824097925,1.05702017820628,0
1.15995143214088,1.1509880827375,0.137982689252701,0.143998268078355,0.00144404089063124,3.85148438420334,0.143998268078355,1.0560502850004,0
1.16095139027203,1.15197769135045,0.138126185096689,0.143999712058786,0.00144404089063124,3.85050055588543,0.143999712058786,1.05508043585104,0
1.16195134840319,1.15296729975619,0.138269682369652,0.144001156039216,0.00144404089063124,3.84951673613816,0.144001156039216,1.05411063085286,0
1.16295130653435,1.15395690795472,0.138413181071591,0.144002600019646,0.00144404089063124,3.8485329249681,0.144002600019646,1.05314087010081,0
1.1639512646655,1.15494651594605,0.138556681202504,0.144004044000077,0.00144404089063124,3.84754912238184,0.144004044000077,1.05217115369007,0
1.16495122279666,1.15593612373016,0.138700182762391,0.144005487980507,0.00144404089063124,3.84656532838597,0.144005487980507,1.05120148171612,0
1.16595118092781,1.15692573130706,0.138843685751253,0.144006931960937,0.00144404089063124,3.84558154298707,0.144006931960937,1.05023185427469,0
1.16695113905897,1.15791533867674,0.138987190169089,0.144008375941368,0.00144404089063124,3.84459776619175,0.144008375941368,1.04926227146181,0
1.16795109719013,1.1589049458392,0.139130696015898,0.144009819921798,0.00144404089063124,3.84361399800662,0.144009819921798,1.04829273337374,0
1.16895105532128,1.15989455279444,0.13927420329168,0.144011263902228,0.00144404089063124,3.84263023843829,0.144011263902228,1.04732324010704,0
1.16995101345244,1.16088415954246,0.139417711996435,0.144012707882658,0.00144404089063124,3.84164648749339,0.144012707882658,1.04635379175855,0
1.17095097158359,1.16187376608325,0.139561222130163,0.144014151863089,0.00144404089063124,3.84066274517855,0.144014151863089,1.04538438842536,0
1.17195092971475,1.16286337241682,0.139704733692863,0.144015595843519,0.00144404089063124,3.83967901150039,0.144015595843519,1.04441503020485,0
1.17295088784591,1.16385297854316,0.139848246684535,0.144017039823949,0.00144404089063124,3.83869528646556,0.144017039823949,1.04344571719468,0
1.17395084597706,1.16484258446227,0.139991761105179,0.14401848380438,0.00144404089063124,3.83771157008072,0.14401848380438,1.04247644949277,0
1.17495080410822,1.16583219017414,0.140135276954794,0.14401992778481,0.00144404089063124,3.8367278623525,0.14401992778481,1.04150722719735,0
1.17595076223937,1.16682179567878,0.140278794233381,0.14402137176524,0.00144404089063124,3.83574416328759,0.14402137176524,1.0405380504069,0
1.17695072037053,1.16781140097618,0.140422312940938,0.144022815745671,0.00144404089063124,3.83476047289264,0.144022815745671,1.03956891922018,0
1.17795067850169,1.16880100606635,0.140565833077466,0.144024259726101,0.00144404089063124,3.83377679117434,0.144024259726101,1.03859983373626,0
1.17895063663284,1.16979061094927,0.140709354642964,0.144025703706531,0.00144404089063124,3.83279311813936,0.144025703706531,1.03763079405446,0
1.179950594764,1.17078021562494,0.140852877637432,0.144027147686962,0.00144404089063124,3.83180945379439,0.144027147686962,1.03666180027441,0
1.18095055289515,1.17176982009338,0.14099640206087,0.144028591667392,0.00144404089063124,3.83082579814614,0.144028591667392,1.035692852496,0
1.18195051102631,1.17275942435456,0.141139927913277,0.144030035647822,0.00144404089063124,3.8298421512013,0.144030035647822,1.03472395081942,0
1.18295046915747,1.1737490284085,0.141283455194653,0.144031479628253,0.00144404089063124,3.82885851296658,0.144031479628253,1.03375509534515,0
1.18395042728862,1.17473863225518,0.141426983904998,0.144032923608683,0.00144404089063124,3.8278748834487,0.144032923608683,1.03278628617394,0
1.18495038541978,1.17572823589461,0.141570514044311,0.144034367589113,0.00144404089063124,3.82689126265439,0.144034367589113,1.03181752340685,0
1.18595034355093,1.17671783932679,0.141714045612592,0.144035811569544,0.00144404089063124,3.82590765059037,0.144035811569544,1.03084880714522,0
1.18695030168209,1.1777074425517,0.141857578609841,0.144037255549974,0.00144404089063124,3.82492404726338,0.144037255549974,1.02988013749067,0
1.18795025981325,1.17869704556936,0.142001113036058,0.144038699530404,0.00144404089063124,3.82394045268017,0.144038699530404,1.02891151454512,0
1.1889502179444,1.17968664837976,0.142144648891242,0.144040143510835,0.00144404089063124,3.82295686684748,0.144040143510835,1.0279429384108,0
1.18995017607556,1.18067625098289,0.142288186175393,0.144041587491265,0.00144404089063124,3.82197328977208,0.144041587491265,1.02697440919019,0
1.19095013420671,1.18166585337875,0.14243172488851,0.144043031471695,0.00144404089063124,3.82098972146073,0.144043031471695,1.02600592698611,0
1.19195009233787,1.18265545556735,0.142575265030594,0.144044475452126,0.00144404089063124,3.8200061619202,0.144044475452126,1.02503749190165,0
1.19295005046902,1.18364505754867,0.142718806601644,0.144045919432556,0.00144404089063124,3.81902261115727,0.144045919432556,1.0240691040402,0
1.19395000860018,1.18463465932273,0.14286234960166,0.144047363412986,0.00144404089063124,3.81803906917872,0.144047363412986,1.02310076350546,0
1.19494996673134,1.18562426088951,0.143005894030641,0.144048807393416,0.00144404089063124,3.81705553599135,0.144048807393416,1.02213247040142,0
1.19594992486249,1.18661386224901,0.143149439888587,0.144050251373847,0.00144404089063124,3.81607201160196,0.144050251373847,1.02116422483235,0
1.19694988299365,1.18760346340124,0.143292987175498,0.144051695354277,0.00144404089063124,3.81508849601735,0.144051695354277,1.02019602690286,0
1.1979498411248,1.18859306434618,0.143436535891374,0.144053139334707,0.00144404089063124,3.81410498924434,0.144053139334707,1.01922787671784,0
1.19894979925596,1.18958266508384,0.143580086036214,0.144054583315138,0.00144404089063124,3.81312149128974,0.144054583315138,1.01825977438247,0
1.19994975738712,1.19057226561422,0.143723637610018,0.144056027295568,0.00144404089063124,3.81213800216039,0.144056027295568,1.01729172000227,0
1.20094971551827,1.19156186593731,0.143867190612785,0.144057471275998,0.00144404089063124,3.81115452186312,0.144057471275998,1.01632371368302,0
1.20194967364943,1.19255146605311,0.144010745044516,0.144058915256429,0.00144404089063124,3.81017105040477,0.144058915256429,1.01535575553085,0
1.20294963178058,1.19354106596163,0.14415430090521,0.144060359236859,0.00144404089063124,3.80918758779218,0.144060359236859,1.01438784565217,0
1.20394958991174,1.19453066566284,0.144297858194867,0.144061803217289,0.00144404089063124,3.80820413403222,0.144061803217289,1.01341998415371,0
1.2049495480429,1.19552026515677,0.144441416913486,0.14406324719772,0.00144404089063124,3.80722068913175,0.14406324719772,1.01245217114249,0
1.20594950617405,1.19650986444339,0.144584977061067,0.14406469117815,0.00144404089063124,3.80623725309763,0.14406469117815,1.01148440672588,0
1.20694946430521,1.19749946352272,0.14472853863761,0.14406613515858,0.00144404089063124,3.80525382593674,0.14406613515858,1.01051669101152,0
1.20794942243636,1.19848906239475,0.144872101643115,0.144067579139011,0.00144404089063124,3.80427040765596,0.144067579139011,1.00954902410738,0
1.20894938056752,1.19947866105947,0.145015666077581,0.144069023119441,0.00144404089063124,3.80328699826219,0.144069023119441,1.00858140612176,0
1.20994933869868,1.20046825951689,0.145159231941008,0.144070467099871,0.00144404089063124,3.80230359776233,0.144070467099871,1.00761383716324,0
1.21094929682983,1.2014578578391,0.145302798736382,0.144070571780795,-0.000341766593740853,3.80132020607222,0.144070571780794,1.00664631721382,0
1.21194925496099,1.20244745620237,0.145446365248783,0.14407023002851,-0.000341766593740853,3.80033682297608,0.14407023002851,1.00567884607195,0
1.21294921309214,1.2034370546147,0.145589931422986,0.144069888276226,-0.000341766593740853,3.79935344847047,0.144069888276226,1.00471142383208,0
1.2139491712233,1.2044266530761,0.145733497258991,0.144069546523941,-0.000341766593740853,3.79837008256205,0.144069546523942,1.00374405060308,0
1.21494912935446,1.20541625158656,0.145877062756799,0.144069204771657,-0.000341766593740853,3.79738672525751,0.144069204771657,1.00277672649412,0
1.21594908748561,1.20640585014608,0.14602062791641,0.144068863019373,-0.000341766593740853,3.79640337656353,0.144068863019373,1.00180945161471,0
1.21694904561677,1.20739544875467,0.146164192737823,0.144068521267088,-0.000341766593740853,3.7954200364868,0.144068521267088,1.00084222607465,0
1.21794900374792,1.20838504741232,0.146307757221038,0.144068179514804,-0.000341766593740853,3.79443670503403,0.144068179514804,0.999875049984083,0
1.21894896187908,1.20937464611903,0.146451321366056,0.14406783776252,-0.000341766593740853,3.79345338221192,0.14406783776252,0.998907923453479,0
1.21994892001023,1.21036424487481,0.146594885172876,0.144067496010235,-0.000341766593740853,3.79247006802718,0.144067496010235,0.997940846593619,0
1.22094887814139,1.21135384367965,0.146738448641498,0.144067154257951,-0.000341766593740853,3.79148676248654,0.144067154257951,0.996973819515613,0
1.22194883627255,1.21234344253356,0.146882011771923,0.144066812505666,-0.000341766593740853,3.79050346559672,0.144066812505666,0.996006842330896,0
1.2229487944037,1.21333304143652,0.14702557456415,0.144066470753382,-0.000341766593740853,3.78952017736445,0.144066470753382,0.99503991515123,0
1.22394875253486,1.21432264038855,0.147169137018179,0.144066129001098,-0.000341766593740853,3.78853689779648,0.144066129001098,0.994073038088707,0
1.22494871066601,1.21531223938965,0.147312699134011,0.144065787248813,-0.000341766593740853,3.78755362689955,0.144065787248813,0.993106211255748,0
1.22594866879717,1.2163018384398,0.147456260911645,0.144065445496529,-0.000341766593740853,3.78657036468043,0.144065445496529,0.992139434765103,0
1.22694862692833,1.21729143753902,0.147599822351081,0.144065103744245,-0.000341766593740853,3.78558711114587,0.144065103744245,0.991172708729854,0
1.22794858505948,1.2182810366873,0.14774338345232,0.14406476199196,-0.000341766593740853,3.78460386630263,0.14406476199196,0.990206033263419,0
1.22894854319064,1.21927063588464,0.14788694421536,0.144064420239676,-0.000341766593740853,3.78362063015751,0.144064420239676,0.989239408479547,0
1.22994850132179,1.22026023513104,0.148030504640203,0.144064078487391,-0.000341766593740853,3.78263740271727,0.144064078487391,0.988272834492323,0
1.23094845945295,1.22124983442651,0.148174064726848,0.144063736735107,-0.000341766593740853,3.78165418398871,0.144063736735107,0.987306311416169,0
1.23194841758411,1.22223943377104,0.148317624475295,0.144063394982823,-0.000341766593740853,3.78067097397863,0.144063394982823,0.986339839365846,0
1.23294837571526,1.22322903316463,0.148461183885545,0.144063053230538,-0.000341766593740853,3.77968777269383,0.144063053230538,0.985373418456452,0
1.23394833384642,1.22421863260728,0.148604742957596,0.144062711478254,-0.000341766593740853,3.77870458014113,0.144062711478254,0.984407048803427,0
1.23494829197757,1.22520823209899,0.14874830169145,0.14406236972597,-0.000341766593740853,3.77772139632733,0.14406236972597,0.983440730522552,0
1.23594825010873,1.22619783163977,0.148891860087106,0.144062027973685,-0.000341766593740853,3.77673822125926,0.144062027973685,0.982474463729951,0
1.23694820823989,1.22718743122961,0.149035418144563,0.144061686221401,-0.000341766593740853,3.77575505494376,0.144061686221401,0.98150824854209,0
1.23794816637104,1.2281770308685,0.149178975863823,0.144061344469116,-0.000341766593740853,3.77477189738767,0.144061344469117,0.980542085075784,0
1.2389481245022,1.22916663055646,0.149322533244885,0.144061002716832,-0.000341766593740853,3.77378874859783,0.144061002716832,0.979575973448191,0
1.23994808263335,1.23015623029348,0.149466090287749,0.144060660964548,-0.000341766593740853,3.77280560858109,0.144060660964548,0.97860991377682,0
1.24094804076451,1.23114583007956,0.149609646992415,0.144060319212263,-0.000341766593740853,3.77182247734432,0.144060319212263,0.977643906179527,0
1.24194799889567,1.2321354299147,0.149753203358883,0.144059977459979,-0.000341766593740853,3.77083935489439,0.144059977459979,0.976677950774518,0
1.24294795702682,1.2331250297989,0.149896759387153,0.144059635707695,-0.000341766593740853,3.76985624123816,0.144059635707694,0.975712047680352,0
1.24394791515798,1.23411462973217,0.150040315077225,0.14405929395541,-0.000341766593740853,3.76887313638251,0.14405929395541,0.974746197015939,0
1.24494787328913,1.23510422971449,0.150183870429099,0.144058952203126,-0.000341766593740853,3.76789004033435,0.144058952203126,0.973780398900547,0
1.24594783142029,1.23609382974587,0.150327425442775,0.144058610450841,-0.000341766593740853,3.76690695310056,0.144058610450841,0.972814653453796,0
1.24694778955145,1.23708342982632,0.150470980118253,0.144058268698557,-0.000341766593740853,3.76592387468805,0.144058268698557,0.971848960795663,0
1.2479477476826,1.23807302995582,0.150614534455533,0.144057926946273,-0.000341766593740853,3.76494080510372,0.144057926946273,0.970883321046484,0
1.24894770581376,1.23906263013438,0.150758088454614,0.144057585193988,-0.000341766593740853,3.7639577443545,0.144057585193988,0.969917734326955,0
1.24994766394491,1.24005223036201,0.150901642115498,0.144057243441704,-0.000341766593740853,3.7629746924473,0.144057243441704,0.968952200758132,0
1.25094762207607,1.24104183063869,0.151045195438183,0.14405690168942,-0.000341766593740853,3.76199164938907,0.14405690168942,0.967986720461433,0
1.25194758020722,1.24203143096443,0.15118874842267,0.144056559937135,-0.000341766593740853,3.76100861518673,0.144056559937135,0.967021293558639,0
1.25294753833838,1.24302103133923,0.151332301068959,0.144056218184851,-0.000341766593740853,3.76002558984725,0.144056218184851,0.966055920171896,0
1.25394749646954,1.2440106317631,0.15147585337705,0.144055876432566,-0.000341766593740853,3.75904257337756,0.144055876432566,0.965090600423717,0
1.25494745460069,1.24500023223602,0.151619405346942,0.144055534680282,-0.000341766593740853,3.75805956578463,0.144055534680282,0.964125334436982,0
1.25594741273185,1.245989832758,0.151762956978636,0.144055192927998,-0.000341766593740853,3.75707656707542,0.144055192927998,0.963160122334938,0
1.256947370863,1.24697943332904,0.151906508272133,0.144054851175713,-0.000341766593740853,3.75609357725692,0.144054851175713,0.962194964241204,0
1.25794732899416,1.24796903394913,0.15205005922743,0.144054509423429,-0.000341766593740853,3.7551105963361,0.144054509423429,0.961229860279771,0
1.25894728712532,1.24895863461829,0.15219360984453,0.144054167671145,-0.000341766593740853,3.75412762431995,0.144054167671145,0.960264810575,0
1.25994724525647,1.24994823533651,0.152337160123431,0.14405382591886,-0.000341766593740853,3.75314466121548,0.14405382591886,0.959299815251629,0
1.26094720338763,1.25093783610378,0.152480710064134,0.144053484166576,-0.000341766593740853,3.75216170702968,0.144053484166576,0.958334874434771,0
1.26194716151878,1.25192743692011,0.152624259666639,0.144053142414291,-0.000341766593740853,3.75117876176956,0.144053142414291,0.957369988249914,0
1.26294711964994,1.2529170377855,0.152767808930945,0.144052800662007,-0.000341766593740853,3.75019582544215,0.144052800662007,0.956405156822927,0
1.2639470777811,1.25390663869995,0.152911357857053,0.144052458909723,-0.000341766593740853,3.74921289805447,0.144052458909723,0.955440380280059,0
1.26494703591225,1.25489623966346,0.153054906444962,0.144052117157438,-0.000341766593740853,3.74822997961355,0.144052117157438,0.954475658747936,0
1.26594699404341,1.25588584067602,0.153198454694673,0.144051775405154,-0.000341766593740853,3.74724707012643,0.144051775405154,0.953510992353572,0
1.26694695217456,1.25687544173765,0.153342002606186,0.14405143365287,-0.000341766593740853,3.74626416960016,0.14405143365287,0.952546381224362,0
1.26794691030572,1.25786504284833,0.1534855501795,0.144051091900585,-0.000341766593740853,3.7452812780418,0.144051091900585,0.951581825488086,0
1.26894686843688,1.25885464400807,0.153629097414616,0.144050750148301,-0.000341766593740853,3.74429839545841,0.144050750148301,0.950617325272912,0
1.26994682656803,1.25984424521686,0.153772644311533,0.144050408396016,-0.000341766593740853,3.74331552185706,0.144050408396017,0.949652880707396,0
1.27094678469919,1.26083384647472,0.153916190870252,0.144050066643732,-0.000341766593740853,3.74233265724482,0.144050066643732,0.948688491920485,0
1.27194674283034,1.26182344778163,0.154059737090772,0.144049724891448,-0.000341766593740853,3.74134980162878,0.144049724891448,0.947724159041515,0
1.2729467009615,1.2628130491376,0.154203282973094,0.144049383139163,-0.000341766593740853,3.74036695501603,0.144049383139163,0.946759882200215,0
1.27394665909266,1.26380265054262,0.154346828517217,0.144049041386879,-0.000341766593740853,3.73938411741368,0.144049041386879,0.945795661526711,0
1.27494661722381,1.2647922519967,0.154490373723142,0.144048699634595,-0.000341766593740853,3.73840128882882,0.144048699634594,0.94483149715152,0
1.27594657535497,1.26578185349984,0.154633918590868,0.14404835788231,-0.000341766593740853,3.73741846926857,0.14404835788231,0.94386738920556,0
1.27694653348612,1.26677145505204,0.154777463120396,0.144048016130026,-0.000341766593740853,3.73643565874006,0.144048016130026,0.942903337820145,0
1.27794649161728,1.26776105665329,0.154921007311725,0.144047674377741,-0.000341766593740853,3.73545285725041,0.144047674377741,0.94193934312699,0
1.27894644974843,1.2687506583036,0.155064551164855,0.144047332625457,-0.000341766593740853,3.73447006480676,0.144047332625457,0.940975405258212,0
1.27994640787959,1.26974026000296,0.155208094679787,0.144046990873173,-0.000341766593740853,3.73348728141625,0.144046990873173,0.94001152434633,0
1.28094636601075,1.27072986175138,0.15535163785652,0.144046649120888,-0.000341766593740853,3.73250450708603,0.144046649120888,0.939047700524268,0
1.2819463241419,1.27171946354886,0.155495180695055,0.144046307368604,-0.000341766593740853,3.73152174182327,0.144046307368604,0.938083933925356,0
1.28294628227306,1.27270906539539,0.15563872319539,0.14404596561632,-0.000341766593740853,3.73053898563513,0.14404596561632,0.937120224683332,0
1.28394624040421,1.27369866729098,0.155782265357527,0.144045623864035,-0.000341766593740853,3.72955623852878,0.144045623864035,0.936156572932342,0
1.28494619853537,1.27468826923563,0.155925807181466,0.144045282111751,-0.000341766593740853,3.7285735005114,0.144045282111751,0.935192978806944,0
1.28594615666653,1.27567787122933,0.156069348667205,0.144044940359466,-0.000341766593740853,3.72759077159018,0.144044940359466,0.934229442442106,0
1.28694611479768,1.27666747327209,0.156212889814746,0.144044598607182,-0.000341766593740853,3.72660805177233,0.144044598607182,0.933265963973212,0
1.28794607292884,1.2776570753639,0.156356430624088,0.144044256854898,-0.000341766593740853,3.72562534106503,0.144044256854898,0.932302543536061,0
1.28894603105999,1.27864667750477,0.156499971095231,0.144043915102613,-0.000341766593740853,3.72464263947551,0.144043915102613,0.931339181266866,0
1.28994598919115,1.27963627969469,0.156643511228176,0.144043573350329,-0.000341766593740853,3.72365994701099,0.144043573350329,0.930375877302263,0
1.29094594732231,1.28062588193367,0.156787051022922,0.144043231598045,-0.000341766593740853,3.72267726367868,0.144043231598045,0.929412631779304,0
1.29194590545346,1.2816154842217,0.156930590479469,0.14404288984576,-0.000341766593740853,3.72169458948583,0.14404288984576,0.928449444835465,0
1.29294586358462,1.28260508655879,0.157074129597816,0.144042548093476,-0.000341766593740853,3.72071192443967,0.144042548093476,0.927486316608643,0
1.29394582171577,1.28359468894493,0.157217668377966,0.144042206341191,-0.000341766593740853,3.71972926854745,0.144042206341191,0.926523247237161,0
1.29494577984693,1.28458429138012,0.157361206819916,0.144041864588907,-0.000341766593740853,3.71874662181644,0.144041864588907,0.925560236859769,0
1.29594573797809,1.28557389386438,0.157504744923667,0.144041522836623,-0.000341766593740853,3.71776398425388,0.144041522836623,0.924597285615644,0
1.29694569610924,1.28656349639768,0.15764828268922,0.144041181084338,-0.000341766593740853,3.71678135586707,0.144041181084338,0.923634393644392,0
1.2979456542404,1.28755309898004,0.157791820116573,0.144040839332054,-0.000341766593740853,3.71579873666328,0.144040839332054,0.922671561086051,0
1.29894561237155,1.28854270161146,0.157935357205728,0.14404049757977,-0.000341766593740853,3.71481612664978,0.14404049757977,0.921708788081091,0
1.29994557050271,1.28953230429192,0.158078893956683,0.144040155827485,-0.000341766593740853,3.71383352583389,0.144040155827485,0.920746074770419,0
1.30094552863387,1.29052190702145,0.15822243036944,0.144039814075201,-0.000341766593740853,3.71285093422289,0.144039814075201,0.919783421295374,0
1.30194548676502,1.29151150980002,0.158365966443997,0.144039472322916,-0.000341766593740853,3.71186835182411,0.144039472322917,0.918820827797737,0
1.30294544489618,1.29250111262765,0.158509502180356,0.144039130570632,-0.000341766593740853,3.71088577864486,0.144039130570632,0.917858294419724,0
1.30394540302733,1.29349071550434,0.158653037578515,0.144038788818348,-0.000341766593740853,3.70990321469246,0.144038788818348,0.916895821303996,0
1.30494536115849,1.29448031843007,0.158796572638476,0.144038447066063,-0.000341766593740853,3.70892065997425,0.144038447066063,0.915933408593655,0
1.30594531928965,1.29546992140486,0.158940107360237,0.144038105313779,-0.000341766593740853,3.70793811449757,0.144038105313779,0.914971056432246,0
1.3069452774208,1.29645952442871,0.1590836417438,0.144037763561495,-0.000341766593740853,3.70695557826976,0.144037763561494,0.914008764963764,0
1.30794523555196,1.2974491275016,0.159227175789163,0.14403742180921,-0.000341766593740853,3.70597305129819,0.14403742180921,0.913046534332647,0
1.30894519368311,1.29843873062355,0.159370709496327,0.144037080056926,-0.000341766593740853,3.70499053359022,0.144037080056926,0.912084364683787,0
1.30994515181427,1.29942833379456,0.159514242865292,0.144036738304641,-0.000341766593740853,3.70400802515321,0.144036738304641,0.911122256162523,0
1.31094510994542,1.30041793701461,0.159657775896058,0.144036396552357,-0.000341766593740853,3.70302552599456,0.144036396552357,0.910160208914652,0
1.31194506807658,1.30140754028372,0.159801308588624,0.144036054800073,-0.000341766593740853,3.70204303612164,0.144036054800073,0.90919822308642,0
1.31294502620774,1.30239714360188,0.159944840942992,0.144035713047788,-0.000341766593740853,3.70106055554186,0.144035713047789,0.908236298824535,0
1.31394498433889,1.30338674696909,0.16008837295916,0.144035371295504,-0.000341766593740853,3.70007808426261,0.144035371295504,0.907274436276158,0
1.31494494247005,1.30437635038536,0.160231904637129,0.14403502954322,-0.000341766593740853,3.6990956222913,0.14403502954322,0.906312635588914,0
1.3159449006012,1.30536595385068,0.160375435976899,0.144034687790935,-0.000341766593740853,3.69811316963536,0.144034687790935,0.905350896910887,0
1.31694485873236,1.30635555736505,0.160518966978469,0.144034346038651,-0.000341766593740853,3.69713072630221,0.144034346038651,0.904389220390626,0
1.31794481686352,1.30734516092847,0.160662497641841,0.144034004286366,-0.000341766593740853,3.69614829229928,0.144034004286366,0.903427606177144,0
1.31894477499467,1.30833476454094,0.160806027967013,0.144033662534082,-0.000341766593740853,3.69516586763402,0.144033662534082,0.902466054419923,0
1.31994473312583,1.30932436820247,0.160949557953985,0.144033320781798,-0.000341766593740853,3.69418345231388,0.144033320781798,0.90150456526891,0
1.32094469125698,1.31031397191305,0.161093087602759,0.144032979029513,-0.000341766593740853,3.69320104634631,0.144032979029513,0.900543138874527,0
1.32194464938814,1.31130357567267,0.161236616913333,0.144032637277229,-0.000341766593740853,3.69221864973878,0.144032637277229,0.899581775387666,0
1.3229446075193,1.31229317948136,0.161380145885707,0.144032295524945,-0.000341766593740853,3.69123626249876,0.144032295524945,0.898620474959693,0
1.32394456565045,1.31328278333909,0.161523674519883,0.14403195377266,-0.000341766593740853,3.69025388463374,0.14403195377266,0.897659237742452,0
1.32494452378161,1.31427238724587,0.161667202815858,0.144031612020376,-0.000341766593740853,3.6892715161512,0.144031612020376,0.896698063888262,0
1.32594448191276,1.3152619912017,0.161810730773635,0.144031270268091,-0.000341766593740853,3.68828915705864,0.144031270268091,0.895736953549924,0
1.32694444004392,1.31625159520659,0.161954258393212,0.144030928515807,-0.000341766593740853,3.68730680736357,0.144030928515807,0.894775906880719,0
1.32794439817508,1.31724119926052,0.16209778567459,0.144030586763523,-0.000341766593740853,3.68632446707349,0.144030586763523,0.893814924034413,0
1.32894435630623,1.31823080336351,0.162241312617768,0.144030245011238,-0.000341766593740853,3.68534213619594,0.144030245011238,0.892854005165257,0
1.32994431443739,1.31922040751555,0.162384839222747,0.144029903258954,-0.000341766593740853,3.68435981473843,0.144029903258954,0.891893150427987,0
1.33094427256854,1.32021001171663,0.162528365489526,0.14402956150667,-0.000341766593740853,3.68337750270851,0.144029561506669,0.890932359977831,0
1.3319442306997,1.32119961601663,0.162671891074358,0.144028261522956,-0.00166352041514504,3.68239520004873,0.144028261522956,0.889971633874127,0
1.33294418883086,1.32218922054819,0.162815415062488,0.144026598072191,-0.00166352041514504,3.68141290659359,0.144026598072191,0.889010972016175,0
1.33394414696201,1.3231788253185,0.162958937404461,0.144024934621425,-0.00166352041514504,3.68043062234112,0.144024934621425,0.888050374545934,0
1.33494410509317,1.32416843032755,0.163102458100274,0.14402327117066,-0.00166352041514504,3.67944834729868,0.144023271170659,0.887089841619718,0
1.33594406322432,1.32515803557534,0.163245977149928,0.144021607719894,-0.00166352041514504,3.67846608147365,0.144021607719894,0.886129373394331,0
1.33694402135548,1.32614764106186,0.163389494553422,0.144019944269129,-0.00166352041514504,3.67748382487343,0.144019944269129,0.885168970027079,0
1.33794397948663,1.32713724678712,0.163533010310755,0.144018280818363,-0.00166352041514504,3.67650157750541,0.144018280818363,0.884208631675766,0
1.33894393761779,1.32812685275111,0.163676524421928,0.144016617367598,-0.00166352041514504,3.675519339377,0.144016617367598,0.883248358498698,0
1.33994389574895,1.32911645895382,0.163820036886941,0.144014953916832,-0.00166352041514504,3.6745371104956,0.144014953916832,0.882288150654684,0
1.3409438538801,1.33010606539526,0.163963547705791,0.144013290466067,-0.00166352041514504,3.67355489086864,0.144013290466067,0.881328008303038,0
1.34194381201126,1.33109567207542,0.16410705687848,0.144011627015301,-0.00166352041514504,3.67257268050355,0.144011627015301,0.880367931603584,0
1.34294377014241,1.3320852789943,0.164250564405007,0.144009963564536,-0.00166352041514504,3.67159047940775,0.144009963564536,0.879407920716653,0
1.34394372827357,1.3330748861519,0.164394070285371,0.14400830011377,-0.00166352041514504,3.67060828758871,0.144008300113771,0.878447975803088,0
1.34494368640473,1.33406449354821,0.164537574519573,0.144006636663005,-0.00166352041514504,3.66962610505386,0.144006636663005,0.877488097024245,0
1.34594364453588,1.33505410118323,0.164681077107611,0.144004973212239,-0.00166352041514504,3.66864393181066,0.144004973212239,0.876528284541997,0
1.34694360266704,1.33604370905696,0.164824578049485,0.144003309761474,-0.00166352041514504,3.66766176786659,0.144003309761474,0.875568538518734,0
1.34794356079819,1.33703331716939,0.164968077345194,0.144001646310709,-0.00166352041514504,3.66667961322912,0.144001646310709,0.874608859117364,0
1.34894351892935,1.33802292552053,0.16511157499474,0.143999982859943,-0.00166352041514504,3.66569746790573,0.143999982859943,0.873649246501318,0
1.34994347706051,1.33901253411037,0.16525507099812,0.143998319409178,-0.00166352041514504,3.66471533190391,0.143998319409178,0.87268970083455,0
1.35094343519166,1.3400021429389,0.165398565355335,0.143996655958412,-0.00166352041514504,3.66373320523117,0.143996655958412,0.871730222281539,0
1.35194339332282,1.34099175200613,0.165542058066384,0.143994992507647,-0.00166352041514504,3.662751087895,0.143994992507647,0.870770811007294,0
1.35294335145397,1.34198136131205,0.165685549131267,0.143993329056881,-0.00166352041514504,3.66176897990293,0.143993329056881,0.86981146717735,0
1.35394330958513,1.34297097085666,0.165829038549984,0.143991665606116,-0.00166352041514504,3.66078688126248,0.143991665606116,0.868852190957777,0
1.35494326771629,1.34396058063995,0.165972526322534,0.14399000215535,-0.00166352041514504,3.65980479198118,0.14399000215535,0.867892982515178,0
1.35594322584744,1.34495019066193,0.166116012448916,0.143988338704585,-0.00166352041514504,3.65882271206657,0.143988338704585,0.866933842016691,0
1.3569431839786,1.34593980092259,0.16625949692913,0.143986675253819,-0.00166352041514504,3.65784064152619,0.143986675253819,0.865974769629993,0
1.35794314210975,1.34692941142193,0.166402979763177,0.143985011803054,-0.00166352041514504,3.65685858036761,0.143985011803054,0.865015765523301,0
1.35894310024091,1.34791902215994,0.166546460951054,0.143983348352288,-0.00166352041514504,3.65587652859838,0.143983348352288,0.864056829865375,0
1.35994305837207,1.34890863313663,0.166689940492763,0.143981684901523,-0.00166352041514504,3.65489448622607,0.143981684901523,0.863097962825518,0
1.36094301650322,1.34989824435198,0.166833418388303,0.143980021450758,-0.00166352041514504,3.65391245325827,0.143980021450758,0.862139164573581,0
1.36194297463438,1.350887855806,0.166976894637672,0.143978357999992,-0.00166352041514504,3.65293042970256,0.143978357999992,0.861180435279963,0
1.36294293276553,1.35187746749869,0.167120369240872,0.143976694549227,-0.00166352041514504,3.65194841556654,0.143976694549226,0.860221775115614,0
1.36394289089669,1.35286707943004,0.167263842197901,0.143975031098461,-0.00166352041514504,3.65096641085781,0.143975031098461,0.859263184252038,0
1.36494284902785,1.35385669160004,0.167407313508759,0.143973367647696,-0.00166352041514504,3.64998441558399,0.143973367647696,0.858304662861293,0
1.365942807159,1.35484630400871,0.167550783173446,0.14397170419693,-0.00166352041514504,3.64900242975269,0.14397170419693,0.857346211115996,0
1.36694276529016,1.35583591665602,0.167694251191961,0.143970040746165,-0.00166352041514504,3.64802045337154,0.143970040746165,0.856387829189322,0
1.36794272342131,1.35682552954199,0.167837717564304,0.143968377295399,-0.00166352041514504,3.64703848644817,0.143968377295399,0.85542951725501,0
1.36894268155247,1.35781514266661,0.167981182290475,0.143966713844634,-0.00166352041514504,3.64605652899024,0.143966713844634,0.85447127548736,0
1.36994263968362,1.35880475602987,0.168124645370473,0.143965050393868,-0.00166352041514504,3.6450745810054,0.143965050393868,0.853513104061242,0
1.37094259781478,1.35979436963177,0.168268106804297,0.143963386943103,-0.00166352041514504,3.6440926425013,0.143963386943103,0.852555003152093,0
1.37194255594594,1.36078398347231,0.168411566591948,0.143961723492337,-0.00166352041514504,3.64311071348561,0.143961723492338,0.85159697293592,0
1.37294251407709,1.36177359755149,0.168555024733424,0.143960060041572,-0.00166352041514504,3.64212879396601,0.143960060041572,0.850639013589304,0
1.37394247220825,1.3627632118693,0.168698481228726,0.143958396590807,-0.00166352041514504,3.64114688395019,0.143958396590806,0.849681125289403,0
1.3749424303394,1.36375282642575,0.168841936077853,0.143956733140041,-0.00166352041514504,3.64016498344584,0.143956733140041,0.848723308213949,0
1.37594238847056,1.36474244122082,0.168985389280805,0.143955069689276,-0.00166352041514504,3.63918309246066,0.143955069689276,0.847765562541259,0
1.37694234660172,1.36573205625452,0.169128840837581,0.14395340623851,-0.00166352041514504,3.63820121100237,0.14395340623851,0.846807888450227,0
1.37794230473287,1.36672167152684,0.169272290748181,0.143951742787745,-0.00166352041514504,3.63721933907867,0.143951742787745,0.845850286120336,0
1.37894226286403,1.36771128703778,0.169415739012605,0.143950079336979,-0.00166352041514504,3.63623747669729,0.143950079336979,0.844892755731654,0
1.37994222099518,1.36870090278734,0.169559185630852,0.143948415886214,-0.00166352041514504,3.63525562386598,0.143948415886214,0.843935297464838,0
1.38094217912634,1.36969051877552,0.169702630602921,0.143946752435448,-0.00166352041514504,3.63427378059247,0.143946752435448,0.842977911501139,0
1.3819421372575,1.37068013500231,0.169846073928813,0.143945088984683,-0.00166352041514504,3.63329194688452,0.143945088984683,0.842020598022399,0
1.38294209538865,1.3716697514677,0.169989515608527,0.143943425533917,-0.00166352041514504,3.63231012274988,0.143943425533917,0.841063357211059,0
1.38394205351981,1.37265936817171,0.170132955642062,0.143941762083152,-0.00166352041514504,3.63132830819632,0.143941762083152,0.840106189250157,0
1.38494201165096,1.37364898511432,0.170276394029418,0.143940098632386,-0.00166352041514504,3.63034650323162,0.143940098632386,0.839149094323332,0
1.38594196978212,1.37463860229553,0.170419830770595,0.143938435181621,-0.00166352041514504,3.62936470786357,0.143938435181621,0.83819207261483,0
1.38694192791328,1.37562821971534,0.170563265865593,0.143936771730855,-0.00166352041514504,3.62838292209995,0.143936771730855,0.837235124309499,0
1.38794188604443,1.37661783737374,0.17070669931441,0.14393510828009,-0.00166352041514504,3.62740114594857,0.14393510828009,0.836278249592799,0
1.38894184417559,1.37760745527074,0.170850131117047,0.143933444829325,-0.00166352041514504,3.62641937941723,0.143933444829325,0.835321448650797,0
1.38994180230674,1.37859707340632,0.170993561273503,0.143931781378559,-0.00166352041514504,3.62543762251376,0.143931781378559,0.834364721670176,0
1.3909417604379,1.3795866917805,0.171136989783778,0.143930117927794,-0.00166352041514504,3.62445587524598,0.143930117927793,0.833408068838236,0
1.39194171856906,1.38057631039326,0.171280416647871,0.143928454477028,-0.00166352041514504,3.62347413762173,0.143928454477028,0.832451490342891,0
1.39294167670021,1.3815659292446,0.171423841865782,0.143926791026263,-0.00166352041514504,3.62249240964885,0.143926791026263,0.831494986372682,0
1.39394163483137,1.38255554833452,0.171567265437511,0.143925127575497,-0.00166352041514504,3.62151069133518,0.143925127575497,0.830538557116767,0
1.39494159296252,1.38354516766302,0.171710687363057,0.143923464124732,-0.00166352041514504,3.6205289826886,0.143923464124732,0.829582202764935,0
1.39594155109368,1.38453478723009,0.17185410764242,0.143921800673966,-0.00166352041514504,3.61954728371697,0.143921800673966,0.8286259235076,0
1.39694150922483,1.38552440703574,0.171997526275599,0.143920137223201,-0.00166352041514504,3.61856559442817,0.143920137223201,0.827669719535808,0
1.39794146735599,1.38651402707995,0.172140943262594,0.143918473772435,-0.00166352041514504,3.61758391483008,0.143918473772435,0.82671359104124,0
1.39894142548715,1.38750364736273,0.172284358603405,0.14391681032167,-0.00166352041514504,3.61660224493059,0.14391681032167,0.82575753821621,0
1.3999413836183,1.38849326788407,0.17242777229803,0.143915146870904,-0.00166352041514504,3.61562058473761,0.143915146870905,0.824801561253673,0
1.40094134174946,1.38948288864397,0.172571184346471,0.143913483420139,-0.00166352041514504,3.61463893425906,0.143913483420139,0.823845660347223,0
1.40194129988061,1.39047250964243,0.172714594748726,0.143911819969374,-0.00166352041514504,3.61365729350284,0.143911819969373,0.822889835691102,0
1.40294125801177,1.39146213087944,0.172858003504795,0.143910156518608,-0.00166352041514504,3.61267566247689,0.143910156518608,0.821934087480193,0
1.40394121614293,1.39245175235501,0.173001410614678,0.143908493067843,-0.00166352041514504,3.61169404118914,0.143908493067843,0.820978415910032,0
1.40494117427408,1.39344137406912,0.173144816078373,0.143906829617077,-0.00166352041514504,3.61071242964754,0.143906829617077,0.820022821176805,0
1.40594113240524,1.39443099602178,0.173288219895882,0.143905166166312,-0.00166352041514504,3.60973082786004,0.143905166166312,0.819067303477352,0
1.40694109053639,1.39542061821299,0.173431622067203,0.143903502715546,-0.00166352041514504,3.60874923583461,0.143903502715546,0.818111863009172,0
1.40794104866755,1.39641024064273,0.173575022592336,0.143901839264781,-0.00166352041514504,3.60776765357922,0.143901839264781,0.817156499970421,0
1.40894100679871,1.39739986331102,0.173718421471281,0.143900175814015,-0.00166352041514504,3.60678608110184,0.143900175814015,0.816201214559918,0
1.40994096492986,1.39838948621784,0.173861818704036,0.14389851236325,-0.00166352041514504,3.60580451841046,0.14389851236325,0.815246006977149,0
1.41094092306102,1.39937910936319,0.174005214290603,0.143896848912484,-0.00166352041514504,3.60482296551308,0.143896848912485,0.814290877422266,0
1.41194088119217,1.40036873274707,0.17414860823098,0.143895185461719,-0.00166352041514504,3.60384142241771,0.143895185461719,0.813335826096091,0
1.41294083932333,1.40135835636948,0.174292000525167,0.143893522010953,-0.00166352041514504,3.60285988913236,0.143893522010953,0.812380853200121,0
1.41394079745449,1.40234798023042,0.174435391173164,0.143891858560188,-0.00166352041514504,3.60187836566504,0.143891858560188,0.811425958936526,0
1.41494075558564,1.40333760432988,0.17457878017497,0.143890195109422,-0.00166352041514504,3.6008968520238,0.143890195109423,0.810471143508159,0
1.4159407137168,1.40432722866785,0.174722167530585,0.143888531658657,-0.00166352041514504,3.59991534821668,0.143888531658657,0.80951640711855,0
1.41694067184795,1.40531685324434,0.174865553240008,0.143886868207892,-0.00166352041514504,3.59893385425171,0.143886868207892,0.808561749971917,0
1.41794062997911,1.40630647805935,0.175008937303239,0.143885204757126,-0.00166352041514504,3.59795237013696,0.143885204757126,0.807607172273163,0
1.41894058811027,1.40729610311287,0.175152319720278,0.143883541306361,-0.00166352041514504,3.5969708958805,0.143883541306361,0.806652674227881,0
1.41994054624142,1.40828572840489,0.175295700491124,0.143881877855595,-0.00166352041514504,3.5959894314904,0.143881877855595,0.805698256042357,0
1.42094050437258,1.40927535393542,0.175439079615777,0.14388021440483,-0.00166352041514504,3.59500797697474,0.14388021440483,0.804743917923573,0
1.42194046250373,1.41026497970446,0.175582457094237,0.143878550954064,-0.00166352041514504,3.59402653234161,0.143878550954064,0.803789660079209,0
1.42294042063489,1.41125460571199,0.175725832926502,0.143876887503299,-0.00166352041514504,3.59304509759913,0.143876887503299,0.802835482717647,0
1.42394037876604,1.41224423195802,0.175869207112574,0.143875224052533,-0.00166352041514504,3.59206367275538,0.143875224052533,0.801881386047971,0
1.4249403368972,1.41323385844255,0.17601257965245,0.143873560601768,-0.00166352041514504,3.5910822578185,0.143873560601768,0.800927370279976,0
1.42594029502836,1.41422348516556,0.176155950546131,0.143871897151002,-0.00166352041514504,3.59010085279662,0.143871897151002,0.799973435624163,0
1.42694025315951,1.41521311212707,0.176299319793617,0.143870233700237,-0.00166352041514504,3.58911945769786,0.143870233700237,0.799019582291747,0
1.42794021129067,1.41620273932706,0.176442687394907,0.143868570249471,-0.00166352041514504,3.58813807253037,0.143868570249472,0.798065810494662,0
1.42894016942182,1.41719236676554,0.176586053350001,0.143866906798706,-0.00166352041514504,3.58715669730231,0.143866906798706,0.797112120445555,0
1.42994012755298,1.4181819944425,0.176729417658898,0.143865243347941,-0.00166352041514504,3.58617533202184,0.14386524334794,0.796158512357801,0
1.43094008568414,1.41917162235793,0.176872780321597,0.143863579897175,-0.00166352041514504,3.58519397669714,0.143863579897175,0.795204986445495,0
1.43194004381529,1.42016125051184,0.177016141338099,0.14386191644641,-0.00166352041514504,3.58421263133637,0.14386191644641,0.794251542923462,0
1.43294000194645,1.42115087890423,0.177159500708404,0.143860252995644,-0.00166352041514504,3.58323129594773,0.143860252995644,0.793298182007258,0
1.4339399600776,1.42214050753508,0.17730285843251,0.143858589544879,-0.00166352041514504,3.58224997053942,0.143858589544879,0.792344903913172,0
1.43493991820876,1.4231301364044,0.177446214510417,0.143856926094113,-0.00166352041514504,3.58126865511965,0.143856926094113,0.791391708858229,0
1.43593987633992,1.42411976551218,0.177589568942125,0.143855262643348,-0.00166352041514504,3.58028734969663,0.143855262643348,0.790438597060196,0
1.43693983447107,1.42510939485843,0.177732921727634,0.143853599192582,-0.00166352041514504,3.57930605427858,0.143853599192582,0.789485568737582,0
1.43793979260223,1.42609902444313,0.177876272866943,0.143851935741817,-0.00166352041514504,3.57832476887375,0.143851935741817,0.788532624109642,0
1.43893975073338,1.4270886542663,0.178019622360051,0.143850272291051,-0.00166352041514504,3.57734349349036,0.143850272291052,0.787579763396379,0
1.43993970886454,1.42807828432791,0.178162970206959,0.143848608840286,-0.00166352041514504,3.57636222813669,0.143848608840286,0.78662698681855,0
1.4409396669957,1.42906791462798,0.178306316407666,0.14384694538952,-0.00166352041514504,3.57538097282097,0.14384694538952,0.785674294597667,0
1.44193962512685,1.43005754516649,0.178449660962171,0.143845281938755,-0.00166352041514504,3.5743997275515,0.143845281938755,0.784721686956001,0
1.44293958325801,1.43104717594345,0.178593003870475,0.14384361848799,-0.00166352041514504,3.57341849233653,0.14384361848799,0.783769164116583,0
1.44393954138916,1.43203680695885,0.178736345132576,0.143841955037224,-0.00166352041514504,3.57243726718437,0.143841955037224,0.78281672630321,0
1.44493949952032,1.43302643821269,0.178879684748474,0.143840291586459,-0.00166352041514504,3.57145605210331,0.143840291586459,0.781864373740447,0
1.44593945765148,1.43401606970497,0.17902302271817,0.143838628135693,-0.00166352041514504,3.57047484710165,0.143838628135693,0.780912106653632,0
1.44693941578263,1.43500570143568,0.179166359041662,0.143836964684928,-0.00166352041514504,3.56949365218771,0.143836964684928,0.779959925268874,0
1.44793937391379,1.43599533340483,0.17930969371895,0.143835301234162,-0.00166352041514504,3.56851246736981,0.143835301234162,0.779007829813061,0
1.44893933204494,1.4369849656124,0.179453026750033,0.143833637783397,-0.00166352041514504,3.56753129265629,0.143833637783397,0.778055820513865,0
1.4499392901761,1.4379745980584,0.179596358134913,0.143831974332631,-0.00166352041514504,3.56655012805548,0.143831974332631,0.777103897599739,0
1.45093924830725,1.43896423074282,0.179739687873587,0.143830310881866,-0.00166352041514504,3.56556897357574,0.143830310881866,0.776152061299923,0
1.45193920643841,1.43995386366566,0.179883015966055,0.1438286474311,-0.00166352041514504,3.56458782922544,0.1438286474311,0.775200311844451,0
1.45293916456957,1.44094349691198,0.180026341825023,0.143825288415532,-0.00408585729525894,3.56360669489831,0.143825288415532,0.774248649281873,0
1.45393912270072,1.44193313072825,0.180169663748529,0.143821202729307,-0.00408585729525894,3.56262557027041,0.143821202729307,0.773297073314645,0
1.45493908083188,1.44292276513008,0.1803129816287,0.143817117043082,-0.00408585729525894,3.5616444553287,0.143817117043081,0.772345584139772,0
1.45593903896303,1.44391240011745,0.180456295465534,0.143813031356856,-0.00408585729525894,3.56066335008121,0.143813031356856,0.771394181988507,0
1.45693899709419,1.44490203569036,0.18059960525903,0.143808945670631,-0.00408585729525894,3.55968225453597,0.143808945670631,0.770442867092903,0
1.45793895522535,1.44589167184877,0.180742911009183,0.143804859984406,-0.00408585729525894,3.55870116870102,0.143804859984406,0.769491639685818,0
1.4589389133565,1.44688130859267,0.180886212715993,0.143800774298181,-0.00408585729525894,3.55772009258441,0.143800774298181,0.76854050000092,0
1.45993887148766,1.44787094592206,0.181029510379456,0.143796688611956,-0.00408585729525894,3.5567390261942,0.143796688611956,0.767589448272683,0
1.46093882961881,1.4488605838369,0.181172803999571,0.143792602925731,-0.00408585729525894,3.55575796953846,0.143792602925731,0.766638484736401,0
1.46193878774997,1.44985022233719,0.181316093576334,0.143788517239506,-0.00408585729525894,3.55477692262525,0.143788517239506,0.765687609628182,0
1.46293874588113,1.45083986142291,0.181459379109743,0.14378443155328,-0.00408585729525894,3.55379588546268,0.14378443155328,0.764736823184958,0
1.46393870401228,1.45182950109404,0.181602660599797,0.143780345867055,-0.00408585729525894,3.55281485805882,0.143780345867055,0.763786125644484,0
1.46493866214344,1.45281914135056,0.181745938046492,0.14377626018083,-0.00408585729525894,3.55183384042179,0.14377626018083,0.762835517245344,0
1.46593862027459,1.45380878219246,0.181889211449827,0.143772174494605,-0.00408585729525894,3.55085283255969,0.143772174494605,0.761884998226954,0
1.46693857840575,1.45479842361973,0.182032480809798,0.14376808880838,-0.00408585729525894,3.54987183448064,0.14376808880838,0.760934568829567,0
1.46793853653691,1.45578806563234,0.182175746126404,0.143764003122155,-0.00408585729525894,3.54889084619278,0.143764003122155,0.759984229294272,0
1.46893849466806,1.45677770823027,0.182319007399642,0.14375991743593,-0.00408585729525894,3.54790986770424,0.14375991743593,0.759033979863002,0
1.46993845279922,1.45776735141352,0.18246226462951,0.143755831749705,-0.00408585729525894,3.54692889902317,0.143755831749705,0.758083820778538,0
1.47093841093037,1.45875699518207,0.182605517816005,0.143751746063479,-0.00408585729525894,3.54594794015772,0.143751746063479,0.757133752284507,0
1.47193836906153,1.4597466395359,0.182748766959124,0.143747660377254,-0.00408585729525894,3.54496699111606,0.143747660377255,0.756183774625392,0
1.47293832719269,1.46073628447498,0.182892012058867,0.143743574691029,-0.00408585729525894,3.54398605190637,0.143743574691029,0.755233888046532,0
1.47393828532384,1.46172592999932,0.183035253115229,0.143739489004804,-0.00408585729525894,3.54300512253682,0.143739489004804,0.754284092794126,0
1.474938243455,1.46271557610888,0.183178490128209,0.143735403318579,-0.00408585729525894,3.54202420301561,0.143735403318579,0.753334389115239,0
1.47593820158615,1.46370522280366,0.183321723097805,0.143731317632354,-0.00408585729525894,3.54104329335094,0.143731317632354,0.752384777257803,0
1.47693815971731,1.46469487008364,0.183464952024013,0.143727231946129,-0.00408585729525894,3.54006239355101,0.143727231946129,0.751435257470621,0
1.47793811784846,1.46568451794879,0.183608176906832,0.143723146259904,-0.00408585729525894,3.53908150362406,0.143723146259903,0.750485830003373,0
1.47893807597962,1.46667416639911,0.183751397746259,0.143719060573678,-0.00408585729525894,3.5381006235783,0.143719060573678,0.749536495106616,0
1.47993803411078,1.46766381543457,0.183894614542292,0.143714974887453,-0.00408585729525894,3.53711975342197,0.143714974887453,0.748587253031791,0
1.48093799224193,1.46865346505517,0.184037827294928,0.143710889201228,-0.00408585729525894,3.53613889316332,0.143710889201228,0.747638104031226,0
1.48193795037309,1.46964311526088,0.184181036004165,0.143706803515003,-0.00408585729525894,3.5351580428106,0.143706803515003,0.74668904835814,0
1.48293790850424,1.47063276605169,0.184324240670001,0.143702717828778,-0.00408585729525894,3.53417720237208,0.143702717828778,0.745740086266644,0
1.4839378666354,1.47162241742758,0.184467441292433,0.143698632142553,-0.00408585729525894,3.53319637185603,0.143698632142553,0.74479121801175,0
1.48493782476656,1.47261206938853,0.184610637871459,0.143694546456328,-0.00408585729525894,3.53221555127073,0.143694546456328,0.743842443849368,0
1.48593778289771,1.47360172193453,0.184753830407076,0.143690460770103,-0.00408585729525894,3.53123474062447,0.143690460770102,0.742893764036319,0
1.48693774102887,1.47459137506557,0.184897018899282,0.143686375083877,-0.00408585729525894,3.53025393992556,0.143686375083877,0.74194517883033,0
1.48793769916002,1.47558102878161,0.185040203348075,0.143682289397652,-0.00408585729525894,3.5292731491823,0.143682289397652,0.740996688490042,0
1.48893765729118,1.47657068308266,0.185183383753452,0.143678203711427,-0.00408585729525894,3.52829236840302,0.143678203711427,0.740048293275014,0
1.48993761542234,1.47756033796869,0.185326560115411,0.143674118025202,-0.00408585729525894,3.52731159759603,0.143674118025202,0.739099993445728,0
1.49093757355349,1.47854999343968,0.18546973243395,0.143670032338977,-0.00408585729525894,3.52633083676968,0.143670032338977,0.738151789263589,0
1.49193753168465,1.47953964949563,0.185612900709065,0.143665946652752,-0.00408585729525894,3.52535008593232,0.143665946652752,0.737203680990934,0
1.4929374898158,1.4805293061365,0.185756064940755,0.143661860966527,-0.00408585729525894,3.5243693450923,0.143661860966527,0.736255668891031,0
1.49393744794696,1.48151896336229,0.185899225129018,0.143657775280302,-0.00408585729525894,3.52338861425797,0.143657775280301,0.735307753228087,0
1.49493740607812,1.48250862117298,0.18604238127385,0.143653689594076,-0.00408585729525894,3.52240789343773,0.143653689594077,0.73435993426725,0
1.49593736420927,1.48349827956856,0.18618553337525,0.143649603907851,-0.00408585729525894,3.52142718263995,0.143649603907851,0.733412212274614,0
1.49693732234043,1.48448793854899,0.186328681433215,0.143645518221626,-0.00408585729525894,3.52044648187302,0.143645518221626,0.732464587517224,0
1.49793728047158,1.48547759811428,0.186471825447743,0.143641432535401,-0.00408585729525894,3.51946579114535,0.143641432535401,0.731517060263075,0
1.49893723860274,1.48646725826441,0.186614965418831,0.143637346849176,-0.00408585729525894,3.51848511046534,0.143637346849176,0.730569630781123,0
1.4999371967339,1.48745691899935,0.186758101346477,0.143633261162951,-0.00408585729525894,3.51750443984142,0.143633261162951,0.729622299341287,0
1.50093715486505,1.48844658031909,0.186901233230679,0.143629175476726,-0.00408585729525894,3.51652377928202,0.143629175476725,0.728675066214448,0
1.50193711299621,1.48943624222361,0.187044361071434,0.1436250897905,-0.00408585729525894,3.51554312879557,0.1436250897905,0.727727931672464,0
1.50293707112736,1.4904259047129,0.18718748486874,0.143621004104275,-0.00408585729525894,3.51456248839052,0.143621004104276,0.726780895988162,0
1.50393702925852,1.49141556778694,0.187330604622594,0.14361691841805,-0.00408585729525894,3.51358185807533,0.14361691841805,0.725833959435349,0
1.50493698738968,1.49240523144572,0.187473720332994,0.143612832731825,-0.00408585729525894,3.51260123785847,0.143612832731825,0.724887122288818,0
1.50593694552083,1.49339489568921,0.187616831999938,0.1436087470456,-0.00408585729525894,3.51162062774842,0.1436087470456,0.723940384824347,0
1.50693690365199,1.4943845605174,0.187759939623423,0.143604661359375,-0.00408585729525894,3.51064002775365,0.143604661359375,0.722993747318706,0
1.50793686178314,1.49537422593028,0.187903043203446,0.14360057567315,-0.00408585729525894,3.50965943788267,0.14360057567315,0.722047210049662,0
1.5089368199143,1.49636389192783,0.188046142740007,0.143596489986925,-0.00408585729525894,3.50867885814398,0.143596489986924,0.721100773295982,0
1.50993677804545,1.49735355851003,0.188189238233101,0.143592404300699,-0.00408585729525894,3.50769828854609,0.1435924043007,0.720154437337437,0
1.51093673617661,1.49834322567686,0.188332329682727,0.143588318614474,-0.00408585729525894,3.50671772909752,0.143588318614474,0.719208202454809,0
1.51193669430777,1.49933289342831,0.188475417088882,0.143584232928249,-0.00408585729525894,3.50573717980681,0.143584232928249,0.718262068929893,0
1.51293665243892,1.50032256176436,0.188618500451565,0.143580147242024,-0.00408585729525894,3.50475664068251,0.143580147242024,0.7173160370455,0
1.51393661057008,1.501312230685,0.188761579770771,0.143576061555799,-0.00408585729525894,3.50377611173316,0.143576061555799,0.716370107085466,0
1.51493656870123,1.50230190019021,0.1889046550465,0.143571975869574,-0.00408585729525894,3.50279559296732,0.143571975869574,0.715424279334654,0
1.51593652683239,1.50329157027997,0.189047726278749,0.143567890183349,-0.00408585729525894,3.50181508439356,0.143567890183349,0.714478554078956,0
1.51693648496355,1.50428124095427,0.189190793467515,0.143563804497124,-0.00408585729525894,3.50083458602047,0.143563804497123,0.713532931605303,0
1.5179364430947,1.50527091221308,0.189333856612796,0.143559718810898,-0.00408585729525894,3.49985409785663,0.143559718810899,0.712587412201665,0
1.51893640122586,1.5062605840564,0.189476915714589,0.143555633124673,-0.00408585729525894,3.49887361991065,0.143555633124673,0.711641996157058,0
1.51993635935701,1.50725025648421,0.189619970772893,0.143551547438448,-0.00408585729525894,3.49789315219112,0.143551547438448,0.710696683761545,0
1.52093631748817,1.50823992949648,0.189763021787705,0.143547461752223,-0.00408585729525894,3.49691269470668,0.143547461752223,0.709751475306247,0
1.52193627561933,1.50922960309321,0.189906068759021,0.143543376065998,-0.00408585729525894,3.49593224746594,0.143543376065998,0.708806371083343,0
1.52293623375048,1.51021927727438,0.190049111686841,0.143539290379773,-0.00408585729525894,3.49495181047756,0.143539290379773,0.707861371386074,0
1.52393619188164,1.51120895203996,0.190192150571162,0.143535204693548,-0.00408585729525894,3.49397138375016,0.143535204693548,0.70691647650875,0
1.52493615001279,1.51219862738995,0.190335185411981,0.143531119007323,-0.00408585729525894,3.49299096729241,0.143531119007323,0.705971686746756,0
1.52593610814395,1.51318830332433,0.190478216209296,0.143527033321097,-0.00408585729525894,3.49201056111298,0.143527033321098,0.705027002396552,0
1.52693606627511,1.51417797984307,0.190621242963104,0.143522947634872,-0.00408585729525894,3.49103016522054,0.143522947634872,0.704082423755682,0
1.52793602440626,1.51516765694617,0.190764265673403,0.143518861948647,-0.00408585729525894,3.49004977962377,0.143518861948647,0.703137951122777,0
1.52893598253742,1.51615733463361,0.190907284340191,0.143514776262422,-0.00408585729525894,3.48906940433138,0.143514776262422,0.70219358479756,0
1.52993594066857,1.51714701290537,0.191050298963465,0.143510690576197,-0.00408585729525894,3.48808903935206,0.143510690576197,0.701249325080853,0
1.53093589879973,1.51813669176144,0.191193309543223,0.143506604889972,-0.00408585729525894,3.48710868469454,0.143506604889972,0.700305172274575,0
1.53193585693089,1.51912637120179,0.191336316079463,0.143502519203747,-0.00408585729525894,3.48612834036753,0.143502519203746,0.699361126681758,0
1.53293581506204,1.52011605122641,0.191479318572182,0.143498433517522,-0.00408585729525894,3.48514800637978,0.143498433517522,0.698417188606539,0
1.5339357731932,1.52110573183529,0.191622317021378,0.143494347831296,-0.00408585729525894,3.48416768274001,0.143494347831296,0.697473358354177,0
1.53493573132435,1.52209541302841,0.191765311427048,0.143490262145071,-0.00408585729525894,3.483187369457,0.143490262145071,0.69652963623105,0
1.53593568945551,1.52308509480575,0.19190830178919,0.143486176458846,-0.00408585729525894,3.48220706653949,0.143486176458846,0.695586022544663,0
1.53693564758666,1.52407477716729,0.192051288107801,0.143482090772621,-0.00408585729525894,3.48122677399627,0.143482090772621,0.694642517603652,0
1.53793560571782,1.52506446011303,0.19219427038288,0.143478005086396,-0.00408585729525894,3.48024649183611,0.143478005086396,0.693699121717791,0
1.53893556384898,1.52605414364293,0.192337248614424,0.143473919400171,-0.00408585729525894,3.47926622006782,0.143473919400171,0.692755835197993,0
1.53993552198013,1.527043827757,0.19248022280243,0.143469833713946,-0.00408585729525894,3.47828595870018,0.143469833713946,0.691812658356319,0
1.54093548011129,1.5280335124552,0.192623192946896,0.14346574802772,-0.00408585729525894,3.47730570774202,0.143465748027721,0.690869591505983,0
1.54193543824244,1.52902319773752,0.19276615904782,0.143461662341495,-0.00408585729525894,3.47632546720216,0.143461662341495,0.689926634961355,0
1.5429353963736,1.53001288360396,0.192909121105199,0.14345757665527,-0.00408585729525894,3.47534523708942,0.14345757665527,0.688983789037967,0
1.54393535450476,1.53100257005448,0.193052079119031,0.143453490969045,-0.00408585729525894,3.47436501741265,0.143453490969045,0.688041054052518,0
1.54493531263591,1.53199225708907,0.193195033089313,0.14344940528282,-0.00408585729525894,3.47338480818071,0.14344940528282,0.687098430322879,0
1.54593527076707,1.53298194470772,0.193337983016044,0.143445319596595,-0.00408585729525894,3.47240460940245,0.143445319596595,0.686155918168102,0
1.54693522889822,1.53397163291041,0.19348092889922,0.14344123391037,-0.00408585729525894,3.47142442108674,0.14344123391037,0.685213517908417,0
1.54793518702938,1.53496132169713,0.19362387073884,0.143437148224145,-0.00408585729525894,3.47044424324247,0.143437148224145,0.684271229865246,0
1.54893514516054,1.53595101106785,0.193766808534901,0.143433062537919,-0.00408585729525894,3.46946407587853,0.14343306253792,0.683329054361204,0
1.54993510329169,1.53694070102256,0.1939097422874,0.143428976851694,-0.00408585729525894,3.46848391900381,0.143428976851694,0.682386991720104,0
1.55093506142285,1.53793039156125,0.194052671996335,0.143424891165469,-0.00408585729525894,3.46750377262724,0.143424891165469,0.681445042266965,0
1.551935019554,1.5389200826839,0.194195597661705,0.143420805479244,-0.00408585729525894,3.46652363675773,0.143420805479244,0.680503206328013,0
1.55293497768516,1.53990977439048,0.194338519283505,0.143416719793019,-0.00408585729525894,3.46554351140421,0.143416719793019,0.679561484230693,0
1.55393493581632,1.54089946668099,0.194481436861735,0.143412634106794,-0.00408585729525894,3.46456339657563,0.143412634106794,0.678619876303668,0
1.55493489394747,1.54188915955541,0.194624350396391,0.143408548420569,-0.00408585729525894,3.46358329228093,0.143408548420568,0.677678382876828,0
1.55593485207863,1.54287885301372,0.194767259887472,0.143404462734344,-0.00408585729525894,3.46260319852908,0.143404462734344,0.676737004281295,0
1.55693481020978,1.54386854705591,0.194910165334974,0.143400377048118,-0.00408585729525894,3.46162311532904,0.143400377048118,0.675795740849429,0
1.55793476834094,1.54485824168195,0.195053066738896,0.143396291361893,-0.00408585729525894,3.46064304268981,0.143396291361893,0.674854592914829,0
1.5589347264721,1.54584793689184,0.195195964099235,0.143392205675668,-0.00408585729525894,3.45966298062037,0.143392205675668,0.673913560812349,0
1.55993468460325,1.54683763268555,0.195338857415989,0.143388119989443,-0.00408585729525894,3.45868292912972,0.143388119989443,0.672972644878091,0
1.56093464273441,1.54782732906307,0.195481746689155,0.143384034303218,-0.00408585729525894,3.45770288822687,0.143384034303218,0.67203184544942,0
1.56193460086556,1.54881702602439,0.195624631918732,0.143379948616993,-0.00408585729525894,3.45672285792085,0.143379948616993,0.671091162864967,0
1.56293455899672,1.54980672356948,0.195767513104715,0.143375862930768,-0.00408585729525894,3.45574283822069,0.143375862930768,0.670150597464631,0
1.56393451712788,1.55079642169832,0.195910390247104,0.143371777244543,-0.00408585729525894,3.45476282913543,0.143371777244543,0.669210149589592,0
1.56493447525903,1.55178612041092,0.196053263345896,0.143367691558317,-0.00408585729525894,3.45378283067413,0.143367691558317,0.66826981958231,0
1.56593443339019,1.55277581970723,0.196196132401088,0.143363605872092,-0.00408585729525894,3.45280284284584,0.143363605872092,0.667329607786534,0
1.56693439152134,1.55376551958726,0.196338997412678,0.143359520185867,-0.00408585729525894,3.45182286565963,0.143359520185867,0.666389514547308,0
1.5679343496525,1.55475522005098,0.196481858380664,0.143355434499642,-0.00408585729525894,3.4508428991246,0.143355434499642,0.665449540210977,0
1.56893430778365,1.55574492109838,0.196624715305042,0.143351348813417,-0.00408585729525894,3.44986294324983,0.143351348813417,0.66450968512519,0
1.56993426591481,1.55673462272944,0.196767568185812,0.143347263127192,-0.00408585729525894,3.44888299804443,0.143347263127192,0.66356994963891,0
1.57093422404597,1.55772432494414,0.196910417022971,0.143343177440967,-0.00408585729525894,3.44790306351751,0.143343177440967,0.66263033410242,0
1.57193418217712,1.55871402774247,0.197053261816515,0.143339091754742,-0.00408585729525894,3.44692313967819,0.143339091754742,0.661690838867321,0
1.57293414030828,1.55970373112441,0.197196102566443,0.143335006068516,-0.00408585729525894,3.44594322653562,0.143335006068516,0.660751464286551,0
1.57393409843943,1.56069343521633,0.19733893839699,0.143328298534888,-0.007970238389443,3.44496332392257,0.143328298534888,0.659812210410632,0
1.57493405657059,1.56168314041732,0.197481766542708,0.143320328630203,-0.007970238389443,3.44398343129106,0.143320328630203,0.658873076634201,0
1.57593401470175,1.56267284675659,0.197624586800565,0.143312358725518,-0.007970238389443,3.44300354860876,0.143312358725518,0.657934063239993,0
1.5769339728329,1.5636625542341,0.197767399170553,0.143304388820833,-0.007970238389443,3.44202367588423,0.143304388820833,0.656995170582428,0
1.57793393096406,1.56465226284978,0.197910203652662,0.143296418916149,-0.007970238389443,3.44104381312604,0.143296418916149,0.656056399017271,0
1.57893388909521,1.56564197260357,0.198053000246882,0.143288449011464,-0.007970238389443,3.44006396034276,0.143288449011464,0.655117748901644,0
1.57993384722637,1.5666316834954,0.198195788953207,0.143280479106779,-0.007970238389443,3.43908411754299,0.143280479106779,0.654179220594025,0
1.58093380535753,1.56762139552521,0.198338569771625,0.143272509202094,-0.007970238389443,3.43810428473532,0.143272509202094,0.653240814454257,0
1.58193376348868,1.56861110869294,0.198481342702128,0.14326453929741,-0.007970238389443,3.43712446192837,0.14326453929741,0.652302530843555,0
1.58293372161984,1.56960082299852,0.198624107744706,0.143256569392725,-0.007970238389443,3.43614464913074,0.143256569392725,0.651364370124513,0
1.58393367975099,1.5705905384419,0.198766864899352,0.14324859948804,-0.007970238389443,3.43516484635107,0.14324859948804,0.650426332661107,0
1.58493363788215,1.571580255023,0.198909614166055,0.143240629583355,-0.007970238389443,3.43418505359799,0.143240629583355,0.649488418818704,0
1.58593359601331,1.57256997274177,0.199052355544807,0.14323265967867,-0.007970238389443,3.43320527088015,0.143232659678671,0.648550628964069,0
1.58693355414446,1.57355969159815,0.199195089035599,0.143224689773986,-0.007970238389443,3.43222549820621,0.143224689773986,0.647612963465367,0
1.58793351227562,1.57454941159207,0.199337814638421,0.143216719869301,-0.007970238389443,3.43124573558483,0.143216719869301,0.646675422692176,0
1.58893347040677,1.57553913272346,0.199480532353264,0.143208749964616,-0.007970238389443,3.43026598302469,0.143208749964616,0.645738007015489,0
1.58993342853793,1.57652885499227,0.19962324218012,0.143200780059931,-0.007970238389443,3.42928624053447,0.143200780059932,0.644800716807723,0
1.59093338666909,1.57751857839843,0.199765944118979,0.143192810155247,-0.007970238389443,3.42830650812287,0.143192810155246,0.643863552442721,0
1.59193334480024,1.57850830294189,0.199908638169833,0.143184840250562,-0.007970238389443,3.4273267857986,0.143184840250562,0.642926514295764,0
1.5929333029314,1.57949802862256,0.200051324332672,0.143176870345877,-0.007970238389443,3.42634707357036,0.143176870345877,0.641989602743576,0
1.59393326106255,1.58048775544041,0.200194002607486,0.143168900441192,-0.007970238389443,3.42536737144689,0.143168900441192,0.64105281816433,0
1.59493321919371,1.58147748339535,0.200336672994268,0.143160930536507,-0.007970238389443,3.42438767943692,0.143160930536507,0.640116160937654,0
1.59593317732486,1.58246721248733,0.200479335493008,0.143152960631823,-0.007970238389443,3.4234079975492,0.143152960631823,0.639179631444639,0
1.59693313545602,1.58345694271629,0.200621990103697,0.143144990727138,-0.007970238389443,3.42242832579248,0.143144990727138,0.638243230067846,0
1.59793309358718,1.58444667408215,0.200764636826326,0.143137020822453,-0.007970238389443,3.42144866417552,0.143137020822453,0.637306957191312,0
1.59893305171833,1.58543640658487,0.200907275660885,0.143129050917768,-0.007970238389443,3.4204690127071,0.143129050917768,0.636370813200556,0
1.59993300984949,1.58642614022438,0.201049906607366,0.143121081013084,-0.007970238389443,3.41948937139601,0.143121081013084,0.63543479848259,0
1.60093296798064,1.5874158750006,0.20119252966576,0.143113111108399,-0.007970238389443,3.41850974025104,0.143113111108399,0.634498913425919,0
1.6019329261118,1.58840561091349,0.201335144836058,0.143105141203714,-0.007970238389443,3.41753011928099,0.143105141203714,0.633563158420555,0
1.60293288424296,1.58939534796298,0.20147775211825,0.143097171299029,-0.007970238389443,3.41655050849467,0.143097171299029,0.632627533858019,0
1.60393284237411,1.590385086149,0.201620351512328,0.143089201394345,-0.007970238389443,3.41557090790092,0.143089201394345,0.631692040131351,0
1.60493280050527,1.59137482547149,0.201762943018282,0.14308123148966,-0.007970238389443,3.41459131750857,0.14308123148966,0.630756677635117,0
1.60593275863642,1.59236456593039,0.201905526636103,0.143073261584975,-0.007970238389443,3.41361173732646,0.143073261584975,0.629821446765412,0
1.60693271676758,1.59335430752564,0.202048102365783,0.14306529168029,-0.007970238389443,3.41263216736344,0.14306529168029,0.628886347919873,0
1.60793267489874,1.59434405025718,0.202190670207313,0.143057321775605,-0.007970238389443,3.41165260762839,0.143057321775605,0.627951381497684,0
1.60893263302989,1.59533379412493,0.202333230160682,0.143049351870921,-0.007970238389443,3.41067305813017,0.143049351870921,0.627016547899579,0
1.60993259116105,1.59632353912884,0.202475782225883,0.143041381966236,-0.007970238389443,3.40969351887767,0.143041381966236,0.626081847527857,0
1.6109325492922,1.59731328526885,0.202618326402906,0.143033412061551,-0.007970238389443,3.40871398987979,0.143033412061551,0.625147280786383,0
1.61193250742336,1.59830303254488,0.202760862691741,0.143025442156866,-0.007970238389443,3.40773447114543,0.143025442156866,0.624212848080599,0
1.61293246555452,1.59929278095689,0.202903391092381,0.143017472252182,-0.007970238389443,3.40675496268351,0.143017472252182,0.623278549817529,0
1.61393242368567,1.6002825305048,0.203045911604816,0.143009502347497,-0.007970238389443,3.40577546450294,0.143009502347497,0.622344386405788,0
1.61493238181683,1.60127228118856,0.203188424229037,0.143001532442812,-0.007970238389443,3.40479597661268,0.143001532442812,0.621410358255588,0
1.61593233994798,1.6022620330081,0.203330928965035,0.142993562538127,-0.007970238389443,3.40381649902166,0.142993562538127,0.620476465778748,0
1.61693229807914,1.60325178596335,0.2034734258128,0.142985592633442,-0.007970238389443,3.40283703173883,0.142985592633442,0.6195427093887,0
1.6179322562103,1.60424154005426,0.203615914772324,0.142977622728758,-0.007970238389443,3.40185757477317,0.142977622728758,0.618609089500494,0
1.61893221434145,1.60523129528077,0.203758395843598,0.142969652824073,-0.007970238389443,3.40087812813365,0.142969652824073,0.61767560653081,0
1.61993217247261,1.6062210516428,0.203900869026613,0.142961682919388,-0.007970238389443,3.39989869182926,0.142961682919388,0.616742260897966,0
1.62093213060376,1.6072108091403,0.204043334321359,0.142953713014703,-0.007970238389443,3.39891926586899,0.142953713014703,0.615809053021919,0
1.62193208873492,1.6082005677732,0.204185791727828,0.142945743110019,-0.007970238389443,3.39793985026186,0.142945743110019,0.614875983324281,0
1.62293204686608,1.60919032754144,0.20432824124601,0.142937773205334,-0.007970238389443,3.39696044501687,0.142937773205334,0.61394305222832,0
1.62393200499723,1.61018008844496,0.204470682875897,0.142929803300649,-0.007970238389443,3.39598105014306,0.142929803300649,0.613010260158975,0
1.62493196312839,1.61116985048369,0.204613116617479,0.142921833395964,-0.007970238389443,3.39500166564947,0.142921833395964,0.612077607542857,0
1.62593192125954,1.61215961365758,0.204755542470747,0.142913863491279,-0.007970238389443,3.39402229154513,0.142913863491279,0.61114509480826,0
1.6269318793907,1.61314937796655,0.204897960435693,0.142905893586595,-0.007970238389443,3.39304292783912,0.142905893586595,0.610212722385169,0
1.62793183752185,1.61413914341055,0.205040370512307,0.14289792368191,-0.007970238389443,3.3920635745405,0.14289792368191,0.609280490705268,0
1.62893179565301,1.61512890998952,0.20518277270058,0.142889953777225,-0.007970238389443,3.39108423165834,0.142889953777225,0.608348400201948,0
1.62993175378417,1.61611867770338,0.205325167000504,0.14288198387254,-0.007970238389443,3.39010489920175,0.14288198387254,0.607416451310314,0
1.63093171191532,1.61710844655208,0.205467553412068,0.142874013967856,-0.007970238389443,3.38912557717981,0.142874013967856,0.606484644467194,0
1.63193167004648,1.61809821653556,0.205609931935265,0.142866044063171,-0.007970238389443,3.38814626560165,0.142866044063171,0.605552980111149,0
1.63293162817763,1.61908798765375,0.205752302570085,0.142858074158486,-0.007970238389443,3.38716696447637,0.142858074158486,0.604621458682477,0
1.63393158630879,1.62007775990659,0.205894665316519,0.142850104253801,-0.007970238389443,3.38618767381311,0.142850104253801,0.603690080623225,0
1.63493154443995,1.62106753329401,0.206037020174557,0.142842134349116,-0.007970238389443,3.38520839362102,0.142842134349117,0.602758846377196,0
1.6359315025711,1.62205730781596,0.206179367144192,0.142834164444432,-0.007970238389443,3.38422912390925,0.142834164444432,0.601827756389956,0
1.63693146070226,1.62304708347237,0.206321706225414,0.142826194539747,-0.007970238389443,3.38324986468695,0.142826194539747,0.600896811108847,0
1.63793141883341,1.62403686026317,0.206464037418213,0.142818224635062,-0.007970238389443,3.3822706159633,0.142818224635062,0.599966010982989,0
1.63893137696457,1.62502663818831,0.206606360722581,0.142810254730377,-0.007970238389443,3.38129137774749,0.142810254730378,0.599035356463292,0
1.63993133509573,1.62601641724772,0.206748676138509,0.142802284825693,-0.007970238389443,3.38031215004871,0.142802284825692,0.598104848002467,0
1.64093129322688,1.62700619744134,0.206890983665988,0.142794314921008,-0.007970238389443,3.37933293287616,0.142794314921008,0.597174486055029,0
1.64193125135804,1.62799597876911,0.207033283305008,0.142786345016323,-0.007970238389443,3.37835372623906,0.142786345016323,0.59624427107731,0
1.64293120948919,1.62898576123096,0.207175575055561,0.142778375111638,-0.007970238389443,3.37737453014664,0.142778375111638,0.595314203527464,0
1.64393116762035,1.62997554482683,0.207317858917638,0.142770405206953,-0.007970238389443,3.37639534460813,0.142770405206953,0.594384283865482,0
1.64493112575151,1.63096532955665,0.207460134891229,0.142762435302269,-0.007970238389443,3.37541616963278,0.142762435302269,0.593454512553193,0
1.64593108388266,1.63195511542037,0.207602402976326,0.142754465397584,-0.007970238389443,3.37443700522984,0.142754465397584,0.592524890054277,0
1.64693104201382,1.63294490241793,0.207744663172919,0.142746495492899,-0.007970238389443,3.37345785140859,0.142746495492899,0.591595416834276,0
1.64793100014497,1.63393469054925,0.207886915480999,0.142738525588214,-0.007970238389443,3.3724787081783,0.142738525588214,0.590666093360597,0
1.64893095827613,1.63492447981428,0.208029159900558,0.14273055568353,-0.007970238389443,3.37149957554827,0.14273055568353,0.589736920102527,0
1.64993091640729,1.63591427021295,0.208171396431587,0.142722585778845,-0.007970238389443,3.37052045352779,0.142722585778845,0.588807897531238,0
1.65093087453844,1.6369040617452,0.208313625074076,0.14271461587416,-0.007970238389443,3.36954134212617,0.14271461587416,0.587879026119796,0
1.6519308326696,1.63789385441097,0.208455845828016,0.142706645969475,-0.007970238389443,3.36856224135274,0.142706645969475,0.586950306343175,0
1.65293079080075,1.63888364821019,0.208598058693398,0.142698676064791,-0.007970238389443,3.36758315121683,0.142698676064791,0.58602173867826,0
1.65393074893191,1.6398734431428,0.208740263670214,0.142690706160106,-0.007970238389443,3.36660407172779,0.142690706160105,0.585093323603859,0
1.65493070706306,1.64086323920875,0.208882460758453,0.142682736255421,-0.007970238389443,3.36562500289495,0.142682736255421,0.584165061600714,0
1.65593066519422,1.64185303640796,0.209024649958108,0.142674766350736,-0.007970238389443,3.3646459447277,0.142674766350736,0.583236953151506,0
1.65693062332538,1.64284283474037,0.20916683126917,0.142666796446051,-0.007970238389443,3.36366689723541,0.142666796446052,0.582308998740869,0
1.65793058145653,1.64383263420592,0.209309004691628,0.142658826541367,-0.007970238389443,3.36268786042746,0.142658826541366,0.581381198855397,0
1.65893053958769,1.64482243480455,0.209451170225474,0.142650856636682,-0.007970238389443,3.36170883431324,0.142650856636682,0.580453553983652,0
1.65993049771884,1.64581223653619,0.209593327870699,0.142642886731997,-0.007970238389443,3.36072981890218,0.142642886731997,0.579526064616177,0
1.66093045585,1.64680203940078,0.209735477627295,0.142634916827312,-0.007970238389443,3.35975081420368,0.142634916827312,0.578598731245504,0
1.66193041398116,1.64779184339827,0.209877619495251,0.142626946922628,-0.007970238389443,3.35877182022718,0.142626946922627,0.577671554366163,0
1.66293037211231,1.64878164852858,0.21001975347456,0.142618977017943,-0.007970238389443,3.35779283698211,0.142618977017943,0.576744534474691,0
1.66393033024347,1.64977145479165,0.210161879565211,0.142611007113258,-0.007970238389443,3.35681386447793,0.142611007113258,0.575817672069645,0
1.66493028837462,1.65076126218742,0.210303997767196,0.142603037208573,-0.007970238389443,3.3558349027241,0.142603037208573,0.574890967651609,0
1.66593024650578,1.65175107071583,0.210446108080506,0.142595067303888,-0.007970238389443,3.35485595173009,0.142595067303888,0.573964421723204,0
1.66693020463694,1.65274088037681,0.210588210505132,0.142587097399204,-0.007970238389443,3.35387701150539,0.142587097399204,0.5730380347891,0
1.66793016276809,1.65373069117031,0.210730305041065,0.142579127494519,-0.007970238389443,3.3528980820595,0.142579127494519,0.572111807356023,0
1.66893012089925,1.65472050309625,0.210872391688296,0.142571157589834,-0.007970238389443,3.35191916340191,0.142571157589834,0.571185739932766,0
1.6699300790304,1.65571031615458,0.211014470446815,0.142563187685149,-0.007970238389443,3.35094025554215,0.142563187685149,0.570259833030201,0
1.67093003716156,1.65670013034523,0.211156541316614,0.142555217780465,-0.007970238389443,3.34996135848974,0.142555217780465,0.569334087161288,0
1.67192999529272,1.65768994566814,0.211298604297684,0.14254724787578,-0.007970238389443,3.34898247225422,0.14254724787578,0.568408502841083,0
1.67292995342387,1.65867976212325,0.211440659390016,0.142539277971095,-0.007970238389443,3.34800359684515,0.142539277971095,0.567483080586751,0
1.67392991155503,1.65966957971049,0.2115827065936,0.14253130806641,-0.007970238389443,3.34702473227208,0.14253130806641,0.566557820917577,0
1.67492986968618,1.6606593984298,0.211724745908428,0.142523338161725,-0.007970238389443,3.34604587854458,0.142523338161725,0.565632724354971,0
1.67592982781734,1.66164921828112,0.211866777334491,0.142515368257041,-0.007970238389443,3.34506703567225,0.142515368257041,0.564707791422486,0
1.6769297859485,1.66263903926439,0.212008800871779,0.142507398352356,-0.007970238389443,3.34408820366467,0.142507398352356,0.563783022645821,0
1.67792974407965,1.66362886137954,0.212150816520284,0.142499428447671,-0.007970238389443,3.34310938253145,0.142499428447671,0.562858418552839,0
1.67892970221081,1.66461868462651,0.212292824279996,0.142491458542986,-0.007970238389443,3.3421305722822,0.142491458542986,0.56193397967357,0
1.67992966034196,1.66560850900524,0.212434824150907,0.142483488638302,-0.007970238389443,3.34115177292656,0.142483488638302,0.561009706540229,0
1.68092961847312,1.66659833451566,0.212576816133008,0.142475518733617,-0.007970238389443,3.34017298447416,0.142475518733617,0.560085599687219,0
1.68192957660427,1.66758816115771,0.212718800226289,0.142467548828932,-0.007970238389443,3.33919420693466,0.142467548828932,0.559161659651149,0
1.68292953473543,1.66857798893133,0.212860776430741,0.142459578924247,-0.007970238389443,3.3382154403177,0.142459578924247,0.55823788697084,0
1.68392949286659,1.66956781783645,0.213002744746356,0.142451609019562,-0.007970238389443,3.33723668463298,0.142451609019562,0.557314282187338,0
1.68492945099774,1.67055764787302,0.213144705173125,0.142443639114878,-0.007970238389443,3.33625793989016,0.142443639114878,0.556390845843925,0
1.6859294091289,1.67154747904097,0.213286657711038,0.142435669210193,-0.007970238389443,3.33527920609896,0.142435669210193,0.555467578486128,0
1.68692936726005,1.67253731134023,0.213428602360086,0.142427699305508,-0.007970238389443,3.33430048326906,0.142427699305508,0.554544480661733,0
1.68792932539121,1.67352714477075,0.213570539120261,0.142419729400823,-0.007970238389443,3.33332177141019,0.142419729400823,0.553621552920793,0
1.68892928352237,1.67451697933246,0.213712467991553,0.142411759496139,-0.007970238389443,3.33234307053208,0.142411759496138,0.552698795815643,0
1.68992924165352,1.6755068150253,0.213854388973953,0.142403789591454,-0.007970238389443,3.33136438064446,0.142403789591454,0.551776209900906,0
1.69092919978468,1.6764966518492,0.213996302067453,0.142395819686769,-0.007970238389443,3.3303857017571,0.142395819686769,0.550853795733511,0
1.69192915791583,1.6774864898041,0.214138207272043,0.142387849782084,-0.007970238389443,3.32940703387975,0.142387849782084,0.549931553872698,0
1.69292911604699,1.67847632888995,0.214280104587715,0.142379879877399,-0.007970238389443,3.32842837702218,0.142379879877399,0.549009484880033,0
1.69392907417815,1.67946616910667,0.214421994014459,0.142371909972715,-0.007970238389443,3.32744973119419,0.142371909972715,0.548087589319418,0
1.6949290323093,1.68045601066407,0.214563874088047,0.142359388544105,-0.0149728762102693,3.32647109610168,0.142359388544105,0.54716586718323,0
1.69592899044046,1.68144585428479,0.214705739766003,0.142344416294792,-0.0149728762102693,3.32549247070747,0.142344416294792,0.546244317059812,0
1.69692894857161,1.68243570002944,0.214847590623756,0.142329444045478,-0.0149728762102693,3.32451385493218,0.142329444045478,0.545322939345189,0
1.69792890670277,1.6834255478978,0.214989426661277,0.142314471796165,-0.0149728762102693,3.32353524878451,0.142314471796165,0.544401734603944,0
1.69892886483393,1.68441539788966,0.215131247878533,0.142299499546852,-0.0149728762102693,3.32255665227321,0.142299499546852,0.543480703403021,0
1.69992882296508,1.68540525000479,0.215273054275492,0.142284527297539,-0.0149728762102693,3.321578065407,0.142284527297539,0.542559846311736,0
1.70092878109624,1.68639510424297,0.215414845852122,0.142269555048225,-0.0149728762102693,3.32059948819463,0.142269555048225,0.541639163901787,0
1.70192873922739,1.68738496060398,0.215556622608392,0.142254582798912,-0.0149728762102693,3.31962092064486,0.142254582798912,0.54071865674727,0
1.70292869735855,1.68837481908759,0.21569838454427,0.142239610549599,-0.0149728762102693,3.31864236276646,0.142239610549599,0.539798325424685,0
1.70392865548971,1.68936467969359,0.215840131659724,0.142224638300286,-0.0149728762102693,3.3176638145682,0.142224638300286,0.538878170512955,0
1.70492861362086,1.69035454242175,0.215981863954722,0.142209666050972,-0.0149728762102693,3.31668527605887,0.142209666050972,0.53795819259343,0
1.70592857175202,1.69134440727185,0.216123581429233,0.142194693801659,-0.0149728762102693,3.31570674724727,0.142194693801659,0.537038392249908,0
1.70692852988317,1.69233427424367,0.216265284083225,0.142179721552346,-0.0149728762102693,3.3147282281422,0.142179721552346,0.536118770068641,0
1.70792848801433,1.69332414333699,0.216406971916666,0.142164749303033,-0.0149728762102693,3.31374971875249,0.142164749303033,0.535199326638347,0
1.70892844614549,1.69431401455158,0.216548644929524,0.142149777053719,-0.0149728762102693,3.31277121908696,0.142149777053719,0.534280062550227,0
1.70992840427664,1.69530388788722,0.216690303121767,0.142134804804406,-0.0149728762102693,3.31179272915446,0.142134804804406,0.533360978397974,0
1.7109283624078,1.69629376334369,0.216831946493365,0.142119832555093,-0.0149728762102693,3.31081424896382,0.142119832555093,0.532442074777786,0
1.71192832053895,1.69728364092078,0.216973575044284,0.14210486030578,-0.0149728762102693,3.30983577852392,0.142104860305779,0.531523352288379,0
1.71292827867011,1.69827352061824,0.217115188774493,0.142089888056466,-0.0149728762102693,3.30885731784361,0.142089888056466,0.530604811531,0
1.71392823680126,1.69926340243588,0.217256787683961,0.142074915807153,-0.0149728762102693,3.30787886693179,0.142074915807153,0.529686453109437,0
1.71492819493242,1.70025328637346,0.217398371772656,0.14205994355784,-0.0149728762102693,3.30690042579733,0.14205994355784,0.528768277630036,0
1.71592815306358,1.70124317243076,0.217539941040546,0.142044971308526,-0.0149728762102693,3.30592199444915,0.142044971308526,0.527850285701712,0
1.71692811119473,1.70223306060756,0.217681495487599,0.142029999059213,-0.0149728762102693,3.30494357289614,0.142029999059213,0.526932477935959,0
1.71792806932589,1.70322295090363,0.217823035113784,0.1420150268099,-0.0149728762102693,3.30396516114724,0.1420150268099,0.526014854946869,0
1.71892802745704,1.70421284331876,0.217964559919068,0.142000054560587,-0.0149728762102693,3.30298675921138,0.142000054560587,0.525097417351139,0
1.7199279855882,1.70520273785273,0.218106069903421,0.141985082311273,-0.0149728762102693,3.3020083670975,0.141985082311273,0.524180165768088,0
1.72092794371936,1.70619263450531,0.21824756506681,0.14197011006196,-0.0149728762102693,3.30102998481454,0.14197011006196,0.523263100819669,0
1.72192790185051,1.70718253327627,0.218389045409204,0.141955137812647,-0.0149728762102693,3.30005161237148,0.141955137812647,0.522346223130483,0
1.72292785998167,1.70817243416541,0.21853051093057,0.141940165563334,-0.0149728762102693,3.29907324977729,0.141940165563334,0.521429533327789,0
1.72392781811282,1.70916233717249,0.218671961630878,0.14192519331402,-0.0149728762102693,3.29809489704094,0.14192519331402,0.520513032041523,0
1.72492777624398,1.7101522422973,0.218813397510096,0.141910221064707,-0.0149728762102693,3.29711655417145,0.141910221064707,0.519596719904308,0
1.72592773437514,1.7111421495396,0.218954818568191,0.141895248815394,-0.0149728762102693,3.29613822117781,0.141895248815394,0.518680597551466,0
1.72692769250629,1.71213205889919,0.219096224805132,0.141880276566081,-0.0149728762102693,3.29515989806903,0.141880276566081,0.517764665621037,0
1.72792765063745,1.71312197037584,0.219237616220888,0.141865304316767,-0.0149728762102693,3.29418158485415,0.141865304316767,0.516848924753788,0
1.7289276087686,1.71411188396932,0.219378992815426,0.141850332067454,-0.0149728762102693,3.2932032815422,0.141850332067454,0.515933375593227,0
1.72992756689976,1.71510179967942,0.219520354588716,0.141835359818141,-0.0149728762102693,3.29222498814223,0.141835359818141,0.515018018785622,0
1.73092752503092,1.71609171750591,0.219661701540725,0.141820387568828,-0.0149728762102693,3.2912467046633,0.141820387568828,0.514102854980007,0
1.73192748316207,1.71708163744857,0.219803033671421,0.141805415319514,-0.0149728762102693,3.29026843111447,0.141805415319515,0.513187884828203,0
1.73292744129323,1.71807155950718,0.219944350980774,0.141790443070201,-0.0149728762102693,3.28929016750483,0.141790443070201,0.51227310898483,0
1.73392739942438,1.71906148368152,0.220085653468751,0.141775470820888,-0.0149728762102693,3.28831191384346,0.141775470820888,0.511358528107318,0
1.73492735755554,1.72005140997136,0.22022694113532,0.141760498571575,-0.0149728762102693,3.28733367013947,0.141760498571575,0.510444142855926,0
1.7359273156867,1.72104133837649,0.22036821398045,0.141745526322261,-0.0149728762102693,3.28635543640197,0.141745526322262,0.509529953893754,0
1.73692727381785,1.72203126889668,0.22050947200411,0.141730554072948,-0.0149728762102693,3.28537721264007,0.141730554072948,0.508615961886757,0
1.73792723194901,1.7230212015317,0.220650715206267,0.141715581823635,-0.0149728762102693,3.28439899886292,0.141715581823635,0.507702167503761,0
1.73892719008016,1.72401113628135,0.22079194358689,0.141700609574322,-0.0149728762102693,3.28342079507965,0.141700609574321,0.506788571416477,0
1.73992714821132,1.72500107314539,0.220933157145948,0.141685637325008,-0.0149728762102693,3.28244260129943,0.141685637325008,0.505875174299517,0
1.74092710634247,1.7259910121236,0.221074355883408,0.141670665075695,-0.0149728762102693,3.2814644175314,0.141670665075695,0.504961976830403,0
1.74192706447363,1.72698095321577,0.221215539799239,0.141655692826382,-0.0149728762102693,3.28048624378476,0.141655692826382,0.504048979689592,0
1.74292702260479,1.72797089642166,0.22135670889341,0.141640720577069,-0.0149728762102693,3.27950808006868,0.141640720577068,0.503136183560482,0
1.74392698073594,1.72896084174106,0.221497863165888,0.141625748327755,-0.0149728762102693,3.27852992639237,0.141625748327755,0.502223589129429,0
1.7449269388671,1.72995078917375,0.221639002616642,0.141610776078442,-0.0149728762102693,3.27755178276504,0.141610776078442,0.501311197085768,0
1.74592689699825,1.73094073871951,0.221780127245641,0.141595803829129,-0.0149728762102693,3.27657364919589,0.141595803829129,0.500399008121819,0
1.74692685512941,1.7319306903781,0.221921237052852,0.141580831579816,-0.0149728762102693,3.27559552569416,0.141580831579815,0.499487022932911,0
1.74792681326057,1.73292064414932,0.222062332038245,0.141565859330502,-0.0149728762102693,3.2746174122691,0.141565859330502,0.498575242217391,0
1.74892677139172,1.73391060003293,0.222203412201787,0.141550887081189,-0.0149728762102693,3.27363930892995,0.141550887081189,0.497663666676641,0
1.74992672952288,1.73490055802872,0.222344477543447,0.141535914831876,-0.0149728762102693,3.27266121568598,0.141535914831876,0.496752297015097,0
1.75092668765403,1.73589051813646,0.222485528063193,0.141520942582563,-0.0149728762102693,3.27168313254646,0.141520942582563,0.495841133940259,0
1.75192664578519,1.73688048035594,0.222626563760994,0.141505970333249,-0.0149728762102693,3.27070505952067,0.141505970333249,0.494930178162715,0
1.75292660391635,1.73787044468693,0.222767584636818,0.141490998083936,-0.0149728762102693,3.26972699661791,0.141490998083936,0.494019430396146,0
1.7539265620475,1.73886041112921,0.222908590690633,0.141476025834623,-0.0149728762102693,3.26874894384749,0.141476025834623,0.49310889135735,0
1.75492652017866,1.73985037968255,0.223049581922408,0.14146105358531,-0.0149728762102693,3.26777090121872,0.14146105358531,0.492198561766256,0
1.75592647830981,1.74084035034674,0.223190558332112,0.141446081335996,-0.0149728762102693,3.26679286874093,0.141446081335996,0.491288442345939,0
1.75692643644097,1.74183032312155,0.223331519919711,0.141431109086683,-0.0149728762102693,3.26581484642346,0.141431109086683,0.490378533822638,0
1.75792639457213,1.74282029800676,0.223472466685176,0.14141613683737,-0.0149728762102693,3.26483683427566,0.14141613683737,0.489468836925769,0
1.75892635270328,1.74381027500215,0.223613398628475,0.141401164588056,-0.0149728762102693,3.2638588323069,0.141401164588057,0.488559352387945,0
1.75992631083444,1.7448002541075,0.223754315749575,0.141386192338743,-0.0149728762102693,3.26288084052653,0.141386192338743,0.487650080944993,0
1.76092626896559,1.74579023532259,0.223895218048445,0.14137122008943,-0.0149728762102693,3.26190285894396,0.14137122008943,0.486741023335964,0
1.76192622709675,1.74678021864718,0.224036105525054,0.141356247840117,-0.0149728762102693,3.26092488756857,0.141356247840117,0.485832180303159,0
1.76292618522791,1.74777020408107,0.22417697817937,0.141341275590803,-0.0149728762102693,3.25994692640977,0.141341275590804,0.48492355259214,0
1.76392614335906,1.74876019162403,0.224317836011362,0.14132630334149,-0.0149728762102693,3.25896897547697,0.14132630334149,0.484015140951744,0
1.76492610149022,1.74975018127584,0.224458679020998,0.141311331092177,-0.0149728762102693,3.25799103477961,0.141311331092177,0.483106946134109,0
1.76592605962137,1.75074017303627,0.224599507208245,0.141296358842864,-0.0149728762102693,3.25701310432712,0.141296358842864,0.482198968894684,0
1.76692601775253,1.7517301669051,0.224740320573074,0.14128138659355,-0.0149728762102693,3.25603518412895,0.14128138659355,0.481291209992248,0
1.76792597588368,1.75272016288212,0.224881119115452,0.141266414344237,-0.0149728762102693,3.25505727419456,0.141266414344237,0.480383670188927,0
1.76892593401484,1.7537101609671,0.225021902835347,0.141251442094924,-0.0149728762102693,3.25407937453343,0.141251442094924,0.479476350250213,0
1.769925892146,1.75470016115981,0.225162671732728,0.141236469845611,-0.0149728762102693,3.25310148515504,0.141236469845611,0.47856925094498,0
1.77092585027715,1.75569016346005,0.225303425807564,0.141221497596297,-0.0149728762102693,3.25212360606889,0.141221497596297,0.4776623730455,0
1.77192580840831,1.75668016786757,0.225444165059823,0.141206525346984,-0.0149728762102693,3.25114573728448,0.141206525346984,0.476755717327464,0
1.77292576653946,1.75767017438217,0.225584889489474,0.141191553097671,-0.0149728762102693,3.25016787881133,0.141191553097671,0.475849284569998,0
1.77392572467062,1.75866018300362,0.225725599096484,0.141176580848358,-0.0149728762102693,3.24919003065897,0.141176580848358,0.47494307555568,0
1.77492568280178,1.75965019373169,0.225866293880823,0.141161608599044,-0.0149728762102693,3.24821219283693,0.141161608599044,0.474037091070562,0
1.77592564093293,1.76064020656618,0.226006973842458,0.141146636349731,-0.0149728762102693,3.24723436535478,0.141146636349731,0.47313133190418,0
1.77692559906409,1.76163022150684,0.226147638981358,0.141131664100418,-0.0149728762102693,3.24625654822207,0.141131664100418,0.472225798849582,0
1.77792555719524,1.76262023855347,0.226288289297493,0.141116691851105,-0.0149728762102693,3.24527874144838,0.141116691851105,0.471320492703339,0
1.7789255153264,1.76361025770584,0.226428924790829,0.141101719601791,-0.0149728762102693,3.24430094504329,0.141101719601791,0.470415414265566,0
1.77992547345756,1.76460027896373,0.226569545461336,0.141086747352478,-0.0149728762102693,3.2433231590164,0.141086747352478,0.469510564339942,0
1.78092543158871,1.76559030232692,0.226710151308983,0.141071775103165,-0.0149728762102693,3.24234538337732,0.141071775103165,0.468605943733723,0
1.78192538971987,1.76658032779518,0.226850742333737,0.141056802853852,-0.0149728762102693,3.24136761813567,0.141056802853852,0.46770155325777,0
1.78292534785102,1.76757035536829,0.226991318535567,0.141041830604538,-0.0149728762102693,3.24038986330108,0.141041830604538,0.466797393726559,0
1.78392530598218,1.76856038504604,0.227131879914441,0.141026858355225,-0.0149728762102693,3.23941211888319,0.141026858355225,0.465893465958202,0
1.78492526411334,1.76955041682819,0.227272426470329,0.141011886105912,-0.0149728762102693,3.23843438489166,0.141011886105912,0.464989770774472,0
1.78592522224449,1.77054045071453,0.227412958203198,0.140996913856599,-0.0149728762102693,3.23745666133615,0.140996913856599,0.464086309000813,0
1.78692518037565,1.77153048670484,0.227553475113018,0.140981941607285,-0.0149728762102693,3.23647894822634,0.140981941607285,0.463183081466367,0
1.7879251385068,1.77252052479889,0.227693977199756,0.140966969357972,-0.0149728762102693,3.23550124557193,0.140966969357972,0.462280089003988,0
1.78892509663796,1.77351056499646,0.227834464463381,0.140951997108659,-0.0149728762102693,3.2345235533826,0.140951997108659,0.461377332450264,0
1.78992505476912,1.77450060729733,0.227974936903861,0.140937024859346,-0.0149728762102693,3.23354587166807,0.140937024859346,0.460474812645537,0
1.79092501290027,1.77549065170128,0.228115394521166,0.140922052610032,-0.0149728762102693,3.23256820043807,0.140922052610033,0.45957253043392,0
1.79192497103143,1.77648069820808,0.228255837315263,0.140907080360719,-0.0149728762102693,3.23159053970233,0.140907080360719,0.458670486663321,0
1.79292492916258,1.77747074681752,0.228396265286122,0.140892108111406,-0.0149728762102693,3.23061288947059,0.140892108111406,0.457768682185459,0
1.79392488729374,1.77846079752936,0.22853667843371,0.140877135862093,-0.0149728762102693,3.22963524975262,0.140877135862092,0.456867117855886,0
1.79492484542489,1.7794508503434,0.228677076757996,0.140862163612779,-0.0149728762102693,3.22865762055818,0.140862163612779,0.455965794534005,0
1.79592480355605,1.78044090525941,0.228817460258949,0.140847191363466,-0.0149728762102693,3.22768000189706,0.140847191363466,0.455064713083096,0
1.79692476168721,1.78143096227716,0.228957828936537,0.140832219114153,-0.0149728762102693,3.22670239377905,0.140832219114153,0.454163874370328,0
1.79792471981836,1.78242102139643,0.229098182790729,0.14081724686484,-0.0149728762102693,3.22572479621396,0.140817246864839,0.453263279266787,0
1.79892467794952,1.78341108261701,0.229238521821493,0.140802274615526,-0.0149728762102693,3.2247472092116,0.140802274615526,0.452362928647491,0
1.79992463608067,1.78440114593867,0.229378846028799,0.140787302366213,-0.0149728762102693,3.22376963278179,0.140787302366213,0.451462823391414,0
1.80092459421183,1.78539121136118,0.229519155412613,0.1407723301169,-0.0149728762102693,3.22279206693439,0.1407723301169,0.450562964381509,0
1.80192455234299,1.78638127888433,0.229659449972905,0.140757357867587,-0.0149728762102693,3.22181451167924,0.140757357867586,0.449663352504721,0
1.80292451047414,1.7873713485079,0.229799729709644,0.140742385618273,-0.0149728762102693,3.22083696702621,0.140742385618273,0.448763988652016,0
1.8039244686053,1.78836142023166,0.229939994622798,0.14072741336896,-0.0149728762102693,3.21985943298517,0.14072741336896,0.447864873718399,0
1.80492442673645,1.78935149405538,0.230080244712336,0.140712441119647,-0.0149728762102693,3.218881909566,0.140712441119647,0.446966008602937,0
1.80592438486761,1.79034156997886,0.230220479978225,0.140697468870333,-0.0149728762102693,3.21790439677862,0.140697468870334,0.446067394208776,0
1.80692434299877,1.79133164800186,0.230360700420436,0.14068249662102,-0.0149728762102693,3.21692689463292,0.14068249662102,0.445169031443168,0
1.80792430112992,1.79232172812417,0.230500906038935,0.140667524371707,-0.0149728762102693,3.21594940313884,0.140667524371707,0.44427092121749,0
1.80892425926108,1.79331181034556,0.230641096833693,0.140652552122394,-0.0149728762102693,3.21497192230631,0.140652552122394,0.443373064447266,0
1.80992421739223,1.79430189466581,0.230781272804677,0.14063757987308,-0.0149728762102693,3.21399445214527,0.140637579873081,0.44247546205219,0
1.81092417552339,1.7952919810847,0.230921433951856,0.140622607623767,-0.0149728762102693,3.21301699266568,0.140622607623767,0.441578114956146,0
1.81192413365455,1.796282069602,0.231061580275198,0.140607635374454,-0.0149728762102693,3.21203954387752,0.140607635374454,0.440681024087232,0
1.8129240917857,1.7972721602175,0.231201711774673,0.140592663125141,-0.0149728762102693,3.21106210579076,0.140592663125141,0.439784190377783,0
1.81392404991686,1.79826225293098,0.231341828450249,0.140577690875827,-0.0149728762102693,3.2100846784154,0.140577690875828,0.438887614764392,0
1.81492400804801,1.7992523477422,0.231481930301893,0.140562718626514,-0.0149728762102693,3.20910726176146,0.140562718626514,0.437991298187932,0
1.81592396617917,1.80024244500589,0.231622014820843,0.140539638142674,-0.0279465945003002,3.2081298553038,0.140539638142674,0.437095240468287,0
1.81692392431033,1.80123254605615,0.231762072574195,0.140511692718265,-0.0279465945003002,3.20715245703947,0.140511692718265,0.43619943831482,0
1.81792388244148,1.80222265102,0.231902102658699,0.140483747293857,-0.0279465945003002,3.20617506678396,0.140483747293857,0.435303892256179,0
1.81892384057264,1.80321275989666,0.232042105074244,0.140455801869448,-0.0279465945003002,3.20519768454534,0.140455801869448,0.434408603229919,0
1.81992379870379,1.80420287268536,0.232182079820722,0.140427856445039,-0.0279465945003002,3.20422031033173,0.140427856445039,0.433513572177901,0
1.82092375683495,1.80519298938533,0.232322026898024,0.140399911020631,-0.0279465945003002,3.20324294415124,0.14039991102063,0.432618800046318,0
1.82192371496611,1.80618310999579,0.232461946306039,0.140371965596222,-0.0279465945003002,3.20226558601197,0.140371965596222,0.431724287785713,0
1.82292367309726,1.80717323451597,0.232601838044659,0.140344020171813,-0.0279465945003002,3.20128823592206,0.140344020171813,0.43083003635101,0
1.82392363122842,1.8081633629451,0.232741702113774,0.140316074747404,-0.0279465945003002,3.20031089388965,0.140316074747405,0.429936046701526,0
1.82492358935957,1.8091534952824,0.232881538513276,0.140288129322996,-0.0279465945003002,3.19933355992288,0.140288129322996,0.429042319801006,0
1.82592354749073,1.81014363152711,0.233021347243054,0.140260183898587,-0.0279465945003002,3.19835623402992,0.140260183898587,0.42814885661764,0
1.82692350562188,1.81113377167844,0.233161128303001,0.140232238474178,-0.0279465945003002,3.19737891621892,0.140232238474178,0.427255658124088,0
1.82792346375304,1.81212391573563,0.233300881693006,0.14020429304977,-0.0279465945003002,3.19640160649808,0.14020429304977,0.426362725297508,0
1.8289234218842,1.81311406369789,0.233440607412961,0.140176347625361,-0.0279465945003002,3.19542430487556,0.140176347625361,0.425470059119571,0
1.82992338001535,1.81410421556447,0.233580305462756,0.140148402200952,-0.0279465945003002,3.19444701135958,0.140148402200952,0.424577660576495,0
1.83092333814651,1.81509437133458,0.233719975842282,0.140120456776544,-0.0279465945003002,3.19346972595833,0.140120456776543,0.423685530659065,0
1.83192329627766,1.81608453100745,0.233859618551431,0.140092511352135,-0.0279465945003002,3.19249244868004,0.140092511352135,0.422793670362655,0
1.83292325440882,1.81707469458231,0.233999233590092,0.140064565927726,-0.0279465945003002,3.19151517953292,0.140064565927726,0.421902080687259,0
1.83392321253998,1.81806486205839,0.234138820958158,0.140036620503317,-0.0279465945003002,3.19053791852521,0.140036620503317,0.42101076263751,0
1.83492317067113,1.8190550334349,0.23427838065552,0.140008675078909,-0.0279465945003002,3.18956066566516,0.140008675078909,0.420119717222709,0
1.83592312880229,1.82004520871109,0.234417912682067,0.1399807296545,-0.0279465945003002,3.18858342096103,0.1399807296545,0.419228945456845,0
1.83692308693344,1.82103538788617,0.234557417037691,0.139952784230091,-0.0279465945003002,3.18760618442107,0.139952784230091,0.418338448358627,0
1.8379230450646,1.82202557095937,0.234696893722284,0.139924838805683,-0.0279465945003002,3.18662895605356,0.139924838805682,0.417448226951505,0
1.83892300319576,1.82301575792992,0.234836342735736,0.139896893381274,-0.0279465945003002,3.18565173586679,0.139896893381274,0.416558282263695,0
1.83992296132691,1.82400594879705,0.234975764077938,0.139868947956865,-0.0279465945003002,3.18467452386905,0.139868947956865,0.415668615328207,0
1.84092291945807,1.82499614355997,0.235115157748782,0.139841002532456,-0.0279465945003002,3.18369732006865,0.139841002532457,0.414779227182872,0
1.84192287758922,1.82598634221793,0.235254523748159,0.139813057108048,-0.0279465945003002,3.18272012447389,0.139813057108048,0.413890118870362,0
1.84292283572038,1.82697654477014,0.235393862075959,0.139785111683639,-0.0279465945003002,3.18174293709311,0.139785111683639,0.413001291438224,0
1.84392279385154,1.82796675121583,0.235533172732075,0.13975716625923,-0.0279465945003002,3.18076575793463,0.13975716625923,0.412112745938899,0
1.84492275198269,1.82895696155424,0.235672455716397,0.139729220834822,-0.0279465945003002,3.17978858700681,0.139729220834822,0.411224483429755,0
1.84592271011385,1.82994717578457,0.235811711028816,0.139701275410413,-0.0279465945003002,3.17881142431799,0.139701275410413,0.410336504973106,0
1.846922668245,1.83093739390607,0.235950938669224,0.139673329986004,-0.0279465945003002,3.17783426987653,0.139673329986004,0.409448811636249,0
1.84792262637616,1.83192761591796,0.236090138637511,0.139645384561595,-0.0279465945003002,3.17685712369082,0.139645384561596,0.40856140449148,0
1.84892258450732,1.83291784181947,0.236229310933571,0.139617439137187,-0.0279465945003002,3.17587998576924,0.139617439137187,0.407674284616129,0
1.84992254263847,1.83390807160981,0.236368455557292,0.139589493712778,-0.0279465945003002,3.17490285612017,0.139589493712778,0.406787453092583,0
1.85092250076963,1.83489830528823,0.236507572508568,0.139561548288369,-0.0279465945003002,3.17392573475203,0.139561548288369,0.405900911008315,0
1.85192245890078,1.83588854285394,0.236646661787289,0.139533602863961,-0.0279465945003002,3.17294862167323,0.139533602863961,0.405014659455911,0
1.85292241703194,1.83687878430617,0.236785723393346,0.139505657439552,-0.0279465945003002,3.17197151689219,0.139505657439552,0.404128699533099,0
1.8539223751631,1.83786902964415,0.236924757326632,0.139477712015143,-0.0279465945003002,3.17099442041734,0.139477712015143,0.403243032342774,0
1.85492233329425,1.83885927886711,0.237063763587037,0.139449766590735,-0.0279465945003002,3.17001733225713,0.139449766590734,0.402357658993029,0
1.85592229142541,1.83984953197427,0.237202742174453,0.139421821166326,-0.0279465945003002,3.16904025242002,0.139421821166326,0.401472580597182,0
1.85692224955656,1.84083978896486,0.237341693088771,0.139393875741917,-0.0279465945003002,3.16806318091446,0.139393875741917,0.400587798273804,0
1.85792220768772,1.8418300498381,0.237480616329884,0.139365930317508,-0.0279465945003002,3.16708611774893,0.139365930317509,0.399703313146747,0
1.85892216581887,1.84282031459323,0.237619511897681,0.1393379848931,-0.0279465945003002,3.16610906293193,0.1393379848931,0.398819126345175,0
1.85992212395003,1.84381058322947,0.237758379792056,0.139310039468691,-0.0279465945003002,3.16513201647193,0.139310039468691,0.397935239003589,0
1.86092208208119,1.84480085574604,0.237897220012899,0.139282094044282,-0.0279465945003002,3.16415497837745,0.139282094044282,0.397051652261862,0
1.86192204021234,1.84579113214217,0.238036032560102,0.139254148619874,-0.0279465945003002,3.163177948657,0.139254148619874,0.396168367265259,0
1.8629219983435,1.84678141241709,0.238174817433557,0.139226203195465,-0.0279465945003002,3.16220092731911,0.139226203195465,0.395285385164478,0
1.86392195647465,1.84777169657003,0.238313574633155,0.139198257771056,-0.0279465945003002,3.16122391437231,0.139198257771056,0.394402707115668,0
1.86492191460581,1.84876198460021,0.238452304158787,0.139170312346647,-0.0279465945003002,3.16024690982516,0.139170312346648,0.393520334280468,0
1.86592187273697,1.84975227650686,0.238591006010347,0.139142366922239,-0.0279465945003002,3.15926991368619,0.139142366922239,0.392638267826029,0
1.86692183086812,1.8507425722892,0.238729680187724,0.13911442149783,-0.0279465945003002,3.15829292596399,0.13911442149783,0.39175650892505,0
1.86792178899928,1.85173287194647,0.238868326690812,0.139086476073421,-0.0279465945003002,3.15731594666712,0.139086476073421,0.390875058755808,0
1.86892174713043,1.85272317547788,0.239006945519501,0.139058530649013,-0.0279465945003002,3.15633897580418,0.139058530649013,0.389993918502182,0
1.86992170526159,1.85371348288267,0.239145536673683,0.139030585224604,-0.0279465945003002,3.15536201338376,0.139030585224604,0.38911308935369,0
1.87092166339275,1.85470379416007,0.239284100153251,0.139002639800195,-0.0279465945003002,3.15438505941447,0.139002639800195,0.388232572505519,0
1.8719216215239,1.85569410930929,0.239422635958096,0.138974694375787,-0.0279465945003002,3.15340811390493,0.138974694375786,0.387352369158553,0
1.87292157965506,1.85668442832956,0.239561144088109,0.138946748951378,-0.0279465945003002,3.15243117686376,0.138946748951378,0.386472480519405,0
1.87392153778621,1.85767475122012,0.239699624543183,0.138918803526969,-0.0279465945003002,3.15145424829961,0.138918803526969,0.38559290780045,0
1.87492149591737,1.85866507798019,0.23983807732321,0.13889085810256,-0.0279465945003002,3.15047732822112,0.138890858102561,0.384713652219855,0
1.87592145404853,1.85965540860899,0.239976502428081,0.138862912678152,-0.0279465945003002,3.14950041663696,0.138862912678152,0.383834715001612,0
1.87692141217968,1.86064574310575,0.240114899857688,0.138834967253743,-0.0279465945003002,3.14852351355579,0.138834967253743,0.382956097375566,0
1.87792137031084,1.8616360814697,0.240253269611923,0.138807021829334,-0.0279465945003002,3.1475466189863,0.138807021829334,0.382077800577453,0
1.87892132844199,1.86262642370007,0.240391611690678,0.138779076404926,-0.0279465945003002,3.14656973293717,0.138779076404925,0.381199825848926,0
1.87992128657315,1.86361676979608,0.240529926093845,0.138751130980517,-0.0279465945003002,3.1455928554171,0.138751130980517,0.380322174437591,0
1.8809212447043,1.86460711975695,0.240668212821317,0.138723185556108,-0.0279465945003002,3.14461598643482,0.138723185556108,0.379444847597041,0
1.88192120283546,1.86559747358192,0.240806471872984,0.138695240131699,-0.0279465945003002,3.14363912599903,0.1386952401317,0.378567846586881,0
1.88292116096662,1.86658783127021,0.24094470324874,0.138667294707291,-0.0279465945003002,3.14266227411848,0.138667294707291,0.377691172672773,0
1.88392111909777,1.86757819282105,0.241082906948475,0.138639349282882,-0.0279465945003002,3.14168543080191,0.138639349282882,0.376814827126458,0
1.88492107722893,1.86856855823366,0.241221082972083,0.138611403858473,-0.0279465945003002,3.14070859605807,0.138611403858473,0.375938811225795,0
1.88592103536008,1.86955892750728,0.241359231319455,0.138583458434065,-0.0279465945003002,3.13973176989572,0.138583458434065,0.375063126254793,0
1.88692099349124,1.87054930064112,0.241497351990483,0.138555513009656,-0.0279465945003002,3.13875495232365,0.138555513009656,0.374187773503645,0
1.8879209516224,1.87153967763441,0.24163544498506,0.138527567585247,-0.0279465945003002,3.13777814335063,0.138527567585247,0.373312754268762,0
1.88892090975355,1.87253005848639,0.241773510303078,0.138499622160838,-0.0279465945003002,3.13680134298547,0.138499622160838,0.372438069852806,0
1.88992086788471,1.87352044319627,0.241911547944428,0.13847167673643,-0.0279465945003002,3.13582455123696,0.13847167673643,0.371563721564726,0
1.89092082601586,1.87451083176329,0.242049557909004,0.138443731312021,-0.0279465945003002,3.13484776811394,0.138443731312021,0.370689710719791,0
1.89192078414702,1.87550122418667,0.242187540196697,0.138415785887612,-0.0279465945003002,3.13387099362522,0.138415785887612,0.369816038639625,0
1.89292074227818,1.87649162046563,0.242325494807399,0.138387840463204,-0.0279465945003002,3.13289422777965,0.138387840463204,0.368942706652242,0
1.89392070040933,1.87748202059941,0.242463421741003,0.138359895038795,-0.0279465945003002,3.13191747058608,0.138359895038795,0.36806971609208,0
1.89492065854049,1.87847242458723,0.242601320997401,0.138331949614386,-0.0279465945003002,3.13094072205336,0.138331949614386,0.367197068300039,0
1.89592061667164,1.87946283242831,0.242739192576486,0.138304004189978,-0.0279465945003002,3.12996398219038,0.138304004189977,0.366324764623514,0
1.8969205748028,1.88045324412189,0.242877036478149,0.138276058765569,-0.0279465945003002,3.128987251006,0.138276058765569,0.36545280641643,0
1.89792053293396,1.88144365966718,0.243014852702283,0.13824811334116,-0.0279465945003002,3.12801052850912,0.13824811334116,0.364581195039282,0
1.89892049106511,1.88243407906343,0.243152641248781,0.138220167916751,-0.0279465945003002,3.12703381470866,0.138220167916752,0.363709931859165,0
1.89992044919627,1.88342450230984,0.243290402117535,0.138192222492343,-0.0279465945003002,3.12605710961351,0.138192222492343,0.362839018249815,0
1.90092040732742,1.88441492940566,0.243428135308437,0.138164277067934,-0.0279465945003002,3.12508041323261,0.138164277067934,0.361968455591644,0
1.90192036545858,1.8854053603501,0.243565840821379,0.138136331643525,-0.0279465945003002,3.12410372557489,0.138136331643525,0.361098245271775,0
1.90292032358974,1.88639579514239,0.243703518656255,0.138108386219117,-0.0279465945003002,3.12312704664931,0.138108386219117,0.360228388684083,0
1.90392028172089,1.88738623378176,0.243841168812956,0.138080440794708,-0.0279465945003002,3.12215037646481,0.138080440794708,0.359358887229227,0
1.90492023985205,1.88837667626744,0.243978791291376,0.138052495370299,-0.0279465945003002,3.12117371503037,0.138052495370299,0.35848974231469,0
1.9059201979832,1.88936712259865,0.244116386091406,0.138024549945891,-0.0279465945003002,3.12019706235497,0.13802454994589,0.357620955354819,0
1.90692015611436,1.89035757277461,0.244253953212939,0.137996604521482,-0.0279465945003002,3.11922041844759,0.137996604521482,0.356752527770856,0
1.90792011424552,1.89134802679457,0.244391492655868,0.137968659097073,-0.0279465945003002,3.11824378331724,0.137968659097073,0.355884460990983,0
1.90892007237667,1.89233848465773,0.244529004420086,0.137940713672664,-0.0279465945003002,3.11726715697293,0.137940713672664,0.355016756450355,0
1.90992003050783,1.89332894636333,0.244666488505484,0.137912768248256,-0.0279465945003002,3.11629053942369,0.137912768248256,0.354149415591142,0
1.91091998863898,1.89431941191059,0.244803944911956,0.137884822823847,-0.0279465945003002,3.11531393067855,0.137884822823847,0.353282439862564,0
1.91191994677014,1.89530988129875,0.244941373639394,0.137856877399438,-0.0279465945003002,3.11433733074655,0.137856877399438,0.352415830720932,0
1.91291990490129,1.89630035452702,0.245078774687691,0.13782893197503,-0.0279465945003002,3.11336073963675,0.137828931975029,0.351549589629689,0
1.91391986303245,1.89729083159464,0.24521614805674,0.137800986550621,-0.0279465945003002,3.11238415735822,0.137800986550621,0.350683718059444,0
1.91491982116361,1.89828131250083,0.245353493746433,0.137773041126212,-0.0279465945003002,3.11140758392004,0.137773041126212,0.349818217488017,0
1.91591977929476,1.89927179724481,0.245490811756663,0.137745095701803,-0.0279465945003002,3.1104310193313,0.137745095701804,0.348953089400475,0
1.91691973742592,1.90026228582582,0.245628102087323,0.137717150277395,-0.0279465945003002,3.10945446360109,0.137717150277395,0.34808833528917,0
1.91791969555707,1.90125277824308,0.245765364738306,0.137689204852986,-0.0279465945003002,3.10847791673854,0.137689204852986,0.347223956653786,0
1.91891965368823,1.90224327449582,0.245902599709504,0.137661259428577,-0.0279465945003002,3.10750137875276,0.137661259428577,0.346359955001374,0
1.91991961181939,1.90323377458325,0.24603980700081,0.137633314004169,-0.0279465945003002,3.10652484965289,0.137633314004169,0.345496331846393,0
1.92091956995054,1.90422427850462,0.246176986612118,0.13760536857976,-0.0279465945003002,3.10554832944807,0.13760536857976,0.344633088710753,0
1.9219195280817,1.90521478625914,0.246314138543319,0.137577423155351,-0.0279465945003002,3.10457181814746,0.137577423155351,0.343770227123854,0
1.92291948621285,1.90620529784604,0.246451262794307,0.137549477730942,-0.0279465945003002,3.10359531576022,0.137549477730942,0.342907748622627,0
1.92391944434401,1.90719581326456,0.246588359364976,0.137521532306534,-0.0279465945003002,3.10261882229555,0.137521532306534,0.342045654751577,0
1.92491940247517,1.9081863325139,0.246725428255216,0.137493586882125,-0.0279465945003002,3.10164233776262,0.137493586882125,0.341183947062825,0
1.92591936060632,1.90917685559331,0.246862469464923,0.137465641457716,-0.0279465945003002,3.10066586217063,0.137465641457716,0.340322627116148,0
1.92691931873748,1.91016738250201,0.246999482993988,0.137437696033308,-0.0279465945003002,3.09968939552881,0.137437696033308,0.339461696479021,0
1.92791927686863,1.91115791323922,0.247136468842305,0.137409750608899,-0.0279465945003002,3.09871293784638,0.137409750608899,0.338601156726663,0
1.92891923499979,1.91214844780417,0.247273427009766,0.13738180518449,-0.0279465945003002,3.09773648913256,0.13738180518449,0.337741009442074,0
1.92991919313095,1.91313898619609,0.247410357496265,0.137353859760082,-0.0279465945003002,3.09676004939661,0.137353859760081,0.336881256216085,0
1.9309191512621,1.91412952841421,0.247547260301695,0.137325914335673,-0.0279465945003002,3.09578361864779,0.137325914335673,0.336021898647393,0
1.93191910939326,1.91512007445774,0.247684135425949,0.137297968911264,-0.0279465945003002,3.09480719689536,0.137297968911264,0.33516293834261,0
1.93291906752441,1.91611062432592,0.24782098286892,0.137270023486855,-0.0279465945003002,3.09383078414861,0.137270023486856,0.334304376916305,0
1.93391902565557,1.91710117801798,0.247957802630501,0.137242078062447,-0.0279465945003002,3.09285438041682,0.137242078062447,0.333446215991049,0
1.93491898378673,1.91809173553313,0.248094594710585,0.137214132638038,-0.0279465945003002,3.0918779857093,0.137214132638038,0.332588457197455,0
1.93591894191788,1.91908229687061,0.248231359109065,0.137186187213629,-0.0279465945003002,3.09090160003537,0.137186187213629,0.331731102174227,0
1.93691890004904,1.92007286261614,0.24836809157663,0.137143942888441,-0.0517790937911563,3.0899252224782,0.137143942888441,0.3308741503562,0
1.93791885818019,1.92106343517931,0.248504774644105,0.13709216596258,-0.0517790937911563,3.08894884923832,0.137092165962581,0.330017594283921,0
1.93891881631135,1.92205401481818,0.248641406422594,0.13704038903672,-0.0517790937911563,3.08797247991051,0.13704038903672,0.329161434590192,0
1.9399187744425,1.9230446015301,0.248777986911732,0.13698861211086,-0.0517790937911563,3.0869961145011,0.136988612110859,0.328305672897687,0
1.94091873257366,1.92403519531241,0.248914516111152,0.136936835184999,-0.0517790937911563,3.08601975301644,0.136936835184999,0.327450310837173,0
1.94191869070482,1.92502579616245,0.249050994020488,0.136885058259139,-0.0517790937911563,3.08504339546285,0.136885058259139,0.326595350047554,0
1.94291864883597,1.92601640407757,0.249187420639374,0.136833281333279,-0.0517790937911563,3.08406704184671,0.136833281333279,0.325740792175918,0
1.94391860696713,1.92700701905512,0.249323795967445,0.136781504407418,-0.0517790937911563,3.08309069217435,0.136781504407418,0.324886638877581,0
1.94491856509828,1.92799764109243,0.249460120004335,0.136729727481558,-0.0517790937911563,3.08211434645217,0.136729727481558,0.324032891816132,0
1.94591852322944,1.92898827018685,0.249596392749678,0.136677950555698,-0.0517790937911563,3.08113800468652,0.136677950555697,0.323179552663481,0
1.9469184813606,1.92997890633573,0.24973261420311,0.136626173629837,-0.0517790937911563,3.08016166688378,0.136626173629837,0.322326623099903,0
1.94791843949175,1.93096954953641,0.249868784364265,0.136574396703977,-0.0517790937911563,3.07918533305035,0.136574396703977,0.321474104814087,0
1.94891839762291,1.93196019978623,0.250004903232777,0.136522619778117,-0.0517790937911563,3.07820900319263,0.136522619778117,0.32062199950318,0
1.94991835575406,1.93295085708255,0.250140970808283,0.136470842852256,-0.0517790937911563,3.07723267731701,0.136470842852256,0.319770308872834,0
1.95091831388522,1.93394152142269,0.250276987090416,0.136419065926396,-0.0517790937911563,3.0762563554299,0.136419065926396,0.318919034637256,0
1.95191827201638,1.93493219280402,0.250412952078814,0.136367289000535,-0.0517790937911563,3.07528003753772,0.136367289000535,0.318068178519251,0
1.95291823014753,1.93592287122386,0.25054886577311,0.136315512074675,-0.0517790937911563,3.07430372364691,0.136315512074675,0.317217742250275,0
1.95391818827869,1.93691355667957,0.250684728172942,0.136263735148815,-0.0517790937911563,3.07332741376388,0.136263735148815,0.316367727570478,0
1.95491814640984,1.93790424916849,0.250820539277944,0.136211958222954,-0.0517790937911563,3.07235110789507,0.136211958222955,0.315518136228755,0
1.955918104541,1.93889494868796,0.250956299087752,0.136160181297094,-0.0517790937911563,3.07137480604694,0.136160181297094,0.314668969982794,0
1.95691806267216,1.93988565523533,0.251092007602002,0.136108404371234,-0.0517790937911563,3.07039850822595,0.136108404371234,0.313820230599123,0
1.95791802080331,1.94087636880794,0.251227664820332,0.136056627445373,-0.0517790937911563,3.06942221443854,0.136056627445373,0.312971919853161,0
1.95891797893447,1.94186708940314,0.251363270742376,0.136004850519513,-0.0517790937911563,3.06844592469118,0.136004850519513,0.312124039529269,0
1.95991793706562,1.94285781701827,0.251498825367772,0.135953073593653,-0.0517790937911563,3.06746963899037,0.135953073593653,0.311276591420792,0
1.96091789519678,1.94384855165067,0.251634328696156,0.135901296667792,-0.0517790937911563,3.06649335734257,0.135901296667793,0.310429577330118,0
1.96191785332794,1.94483929329769,0.251769780727164,0.135849519741932,-0.0517790937911563,3.06551707975428,0.135849519741932,0.309582999068722,0
1.96291781145909,1.94583004195667,0.251905181460435,0.135797742816072,-0.0517790937911563,3.06454080623199,0.135797742816072,0.30873685845722,0
1.96391776959025,1.94682079762495,0.252040530895604,0.135745965890211,-0.0517790937911563,3.06356453678222,0.135745965890211,0.307891157325415,0
1.9649177277214,1.94781156029989,0.252175829032308,0.135694188964351,-0.0517790937911563,3.06258827141148,0.135694188964351,0.307045897512352,0
1.96591768585256,1.94880232997882,0.252311075870186,0.135642412038491,-0.0517790937911563,3.06161201012628,0.135642412038491,0.306201080866367,0
1.96691764398372,1.94979310665908,0.252446271408875,0.13559063511263,-0.0517790937911563,3.06063575293315,0.13559063511263,0.30535670924514,0
1.96791760211487,1.95078389033803,0.252581415648011,0.13553885818677,-0.0517790937911563,3.05965949983864,0.13553885818677,0.304512784515746,0
1.96891756024603,1.951774681013,0.252716508587233,0.13548708126091,-0.0517790937911563,3.05868325084927,0.135487081260909,0.303669308554703,0
1.96991751837718,1.95276547868135,0.252851550226179,0.135435304335049,-0.0517790937911563,3.05770700597162,0.135435304335049,0.302826283248032,0
1.97091747650834,1.9537562833404,0.252986540564487,0.135383527409189,-0.0517790937911563,3.05673076521222,0.135383527409189,0.301983710491304,0
1.97191743463949,1.95474709498751,0.253121479601794,0.135331750483329,-0.0517790937911563,3.05575452857765,0.135331750483329,0.30114159218969,0
1.97291739277065,1.95573791362003,0.253256367337739,0.135279973557468,-0.0517790937911563,3.05477829607447,0.135279973557468,0.300299930258025,0
1.97391735090181,1.95672873923528,0.253391203771961,0.135228196631608,-0.0517790937911563,3.05380206770928,0.135228196631608,0.299458726620848,0
1.97491730903296,1.95771957183063,0.253525988904097,0.135176419705748,-0.0517790937911563,3.05282584348866,0.135176419705747,0.298617983212465,0
1.97591726716412,1.9587104114034,0.253660722733787,0.135124642779887,-0.0517790937911563,3.0518496234192,0.135124642779887,0.297777701976998,0
1.97691722529527,1.95970125795095,0.253795405260669,0.135072865854027,-0.0517790937911563,3.0508734075075,0.135072865854027,0.296937884868441,0
1.97791718342643,1.96069211147062,0.253930036484382,0.135021088928167,-0.0517790937911563,3.04989719576019,0.135021088928167,0.296098533850716,0
1.97891714155759,1.96168297195976,0.254064616404566,0.134969312002306,-0.0517790937911563,3.04892098818387,0.134969312002306,0.295259650897723,0
1.97991709968874,1.9626738394157,0.254199145020859,0.134917535076446,-0.0517790937911563,3.04794478478517,0.134917535076446,0.294421237993398,0
1.9809170578199,1.96366471383579,0.254333622332902,0.134865758150585,-0.0517790937911563,3.04696858557073,0.134865758150585,0.29358329713177,0
1.98191701595105,1.96465559521737,0.254468048340332,0.134813981224725,-0.0517790937911563,3.04599239054718,0.134813981224725,0.292745830317014,0
1.98291697408221,1.96564648355779,0.254602423042791,0.134762204298865,-0.0517790937911563,3.04501619972119,0.134762204298865,0.291908839563505,0
1.98391693221337,1.96663737885439,0.254736746439917,0.134710427373004,-0.0517790937911563,3.04404001309939,0.134710427373005,0.291072326895879,0
1.98491689034452,1.96762828110452,0.254871018531351,0.134658650447144,-0.0517790937911563,3.04306383068846,0.134658650447144,0.290236294349085,0
1.98591684847568,1.96861919030551,0.255005239316733,0.134606873521284,-0.0517790937911563,3.04208765249508,0.134606873521284,0.289400743968445,0
1.98691680660683,1.96961010645471,0.255139408795702,0.134555096595423,-0.0517790937911563,3.04111147852591,0.134555096595423,0.288565677809707,0
1.98791676473799,1.97060102954947,0.2552735269679,0.134503319669563,-0.0517790937911563,3.04013530878764,0.134503319669563,0.287731097939107,0
1.98891672286915,1.97159195958713,0.255407593832967,0.134451542743703,-0.0517790937911563,3.03915914328698,0.134451542743703,0.286897006433422,0
1.9899166810003,1.97258289656503,0.255541609390542,0.134399765817842,-0.0517790937911563,3.03818298203062,0.134399765817842,0.286063405380032,0
1.99091663913146,1.97357384048052,0.255675573640268,0.134347988891982,-0.0517790937911563,3.03720682502528,0.134347988891982,0.285230296876974,0
1.99191659726261,1.97456479133093,0.255809486581784,0.134296211966122,-0.0517790937911563,3.03623067227767,0.134296211966122,0.284397683033004,0
1.99291655539377,1.97555574911362,0.255943348214732,0.134244435040261,-0.0517790937911563,3.03525452379451,0.134244435040261,0.283565565967652,0
1.99391651352492,1.97654671382592,0.256077158538754,0.134192658114401,-0.0517790937911563,3.03427837958255,0.134192658114401,0.282733947811286,0
1.99491647165608,1.97753768546518,0.256210917553489,0.134140881188541,-0.0517790937911563,3.03330223964853,0.134140881188541,0.281902830705163,0
1.99591642978724,1.97852866402874,0.25634462525858,0.13408910426268,-0.0517790937911563,3.03232610399919,0.13408910426268,0.2810722168015,0
1.99691638791839,1.97951964951395,0.256478281653668,0.13403732733682,-0.0517790937911563,3.03134997264129,0.13403732733682,0.280242108263524,0
1.99791634604955,1.98051064191815,0.256611886738395,0.13398555041096,-0.0517790937911563,3.0303738455816,0.133985550410959,0.279412507265535,0
1.9989163041807,1.98150164123868,0.256745440512403,0.133933773485099,-0.0517790937911563,3.02939772282688,0.133933773485099,0.278583415992969,0
1.99991626231186,1.98249264747288,0.256878942975334,0.133881996559239,-0.0517790937911563,3.02842160438393,0.133881996559239,0.277754836642456,0
2.00091622044302,1.98348366061811,0.257012394126829,0.133830219633379,-0.0517790937911563,3.02744549025953,0.133830219633379,0.276926771421881,0
2.00191617857417,1.98447468067169,0.257145793966531,0.133778442707518,-0.0517790937911563,3.02646938046047,0.133778442707518,0.276099222550448,0
2.00291613670533,1.98546570763098,0.257279142494082,0.133726665781658,-0.0517790937911563,3.02549327499356,0.133726665781658,0.275272192258739,0
2.00391609483648,1.98645674149332,0.257412439709126,0.133674888855798,-0.0517790937911563,3.02451717386562,0.133674888855797,0.274445682788774,0
2.00491605296764,1.98744778225605,0.257545685611304,0.133623111929937,-0.0517790937911563,3.02354107708345,0.133623111929937,0.273619696394078,0
2.0059160110988,1.98843882991652,0.257678880200259,0.133571335004077,-0.0517790937911563,3.0225649846539,0.133571335004077,0.272794235339741,0
2.00691596922995,1.98942988447206,0.257812023475635,0.133519558078217,-0.0517790937911563,3.0215888965838,0.133519558078217,0.271969301902481,0
2.00791592736111,1.99042094592003,0.257945115437073,0.133467781152356,-0.0517790937911563,3.02061281287999,0.133467781152356,0.271144898370706,0
2.00891588549226,1.99141201425776,0.258078156084219,0.133416004226496,-0.0517790937911563,3.01963673354932,0.133416004226496,0.270321027044578,0
2.00991584362342,1.99240308948259,0.258211145416714,0.133364227300635,-0.0517790937911563,3.01866065859865,0.133364227300635,0.269497690236078,0
2.01091580175458,1.99339417159188,0.258344083434203,0.133312450374775,-0.0517790937911563,3.01768458803486,0.133312450374775,0.268674890269067,0
2.01191575988573,1.99438526058296,0.258476970136328,0.133260673448915,-0.0517790937911563,3.01670852186482,0.133260673448915,0.267852629479355,0
2.01291571801689,1.99537635645318,0.258609805522734,0.133208896523054,-0.0517790937911563,3.01573246009541,0.133208896523055,0.267030910214759,0
2.01391567614804,1.99636745919987,0.258742589593065,0.133157119597194,-0.0517790937911563,3.01475640273352,0.133157119597194,0.266209734835173,0
2.0149156342792,1.99735856882039,0.258875322346964,0.133105342671334,-0.0517790937911563,3.01378034978606,0.133105342671334,0.265389105712633,0
2.01591559241036,1.99834968531207,0.259008003784076,0.133053565745473,-0.0517790937911563,3.01280430125993,0.133053565745473,0.264569025231376,0
2.01691555054151,1.99934080867227,0.259140633904045,0.133001788819613,-0.0517790937911563,3.01182825716205,0.133001788819613,0.263749495787916,0
2.01791550867267,2.00033193889831,0.259273212706516,0.132950011893753,-0.0517790937911563,3.01085221749935,0.132950011893753,0.262930519791102,0
2.01891546680382,2.00132307598755,0.259405740191133,0.132898234967892,-0.0517790937911563,3.00987618227875,0.132898234967892,0.262112099662185,0
2.01991542493498,2.00231421993732,0.25953821635754,0.132846458042032,-0.0517790937911563,3.0089001515072,0.132846458042032,0.261294237834889,0
2.02091538306614,2.00330537074498,0.259670641205383,0.132794681116172,-0.0517790937911563,3.00792412519164,0.132794681116172,0.260476936755473,0
2.02191534119729,2.00429652840786,0.259803014734307,0.132742904190311,-0.0517790937911563,3.00694810333904,0.132742904190311,0.259660198882802,0
2.02291529932845,2.0052876929233,0.259935336943957,0.132691127264451,-0.0517790937911563,3.00597208595636,0.132691127264451,0.258844026688413,0
2.0239152574596,2.00627886428865,0.260067607833977,0.132639350338591,-0.0517790937911563,3.00499607305057,0.132639350338591,0.25802842265658,0
2.02491521559076,2.00727004250126,0.260199827404014,0.13258757341273,-0.0517790937911563,3.00402006462865,0.13258757341273,0.257213389284385,0
2.02591517372191,2.00826122755846,0.260331995653713,0.13253579648687,-0.0517790937911563,3.00304406069759,0.13253579648687,0.25639892908179,0
2.02691513185307,2.00925241945759,0.26046411258272,0.13248401956101,-0.0517790937911563,3.0020680612644,0.13248401956101,0.255585044571695,0
2.02791508998423,2.01024361819601,0.26059617819068,0.132432242635149,-0.0517790937911563,3.00109206633607,0.132432242635149,0.254771738290018,0
2.02891504811538,2.01123482377104,0.260728192477239,0.132380465709289,-0.0517790937911563,3.00011607591962,0.132380465709289,0.253959012785758,0
2.02991500624654,2.01222603618005,0.260860155442044,0.132328688783429,-0.0517790937911563,2.99914009002208,0.132328688783429,0.253146870621065,0
2.03091496437769,2.01321725542036,0.260992067084741,0.132276911857568,-0.0517790937911563,2.99816410865047,0.132276911857568,0.252335314371312,0
2.03191492250885,2.01420848148932,0.261123927404976,0.132225134931708,-0.0517790937911563,2.99718813181184,0.132225134931708,0.251524346625162,0
2.03291488064001,2.01519971438427,0.261255736402395,0.132173358005848,-0.0517790937911563,2.99621215951322,0.132173358005848,0.250713969984644,0
2.03391483877116,2.01619095410256,0.261387494076646,0.132121581079987,-0.0517790937911563,2.99523619176168,0.132121581079987,0.249904187065215,0
2.03491479690232,2.01718220064153,0.261519200427374,0.132069804154127,-0.0517790937911563,2.99426022856429,0.132069804154127,0.249095000495838,0
2.03591475503347,2.01817345399853,0.261650855454228,0.132018027228267,-0.0517790937911563,2.9932842699281,0.132018027228267,0.248286412919051,0
2.03691471316463,2.01916471417088,0.261782459156853,0.131966250302406,-0.0517790937911563,2.99230831586021,0.131966250302406,0.247478426991037,0
2.03791467129579,2.02015598115594,0.261914011534898,0.131914473376546,-0.0517790937911563,2.9913323663677,0.131914473376546,0.246671045381699,0
2.03891462942694,2.02114725495105,0.262045512588009,0.131862696450685,-0.0517790937911563,2.99035642145768,0.131862696450685,0.245864270774728,0
2.0399145875581,2.02213853555355,0.262176962315834,0.131810919524825,-0.0517790937911563,2.98938048113724,0.131810919524825,0.245058105867677,0
2.04091454568925,2.02312982296079,0.262308360718021,0.131759142598965,-0.0517790937911563,2.98840454541349,0.131759142598965,0.244252553372038,0
2.04191450382041,2.0241211171701,0.262439707794217,0.131707365673104,-0.0517790937911563,2.98742861429358,0.131707365673104,0.243447616013305,0
2.04291446195157,2.02511241817883,0.26257100354407,0.131655588747244,-0.0517790937911563,2.98645268778461,0.131655588747244,0.242643296531059,0
2.04391442008272,2.02610372598433,0.262702247967229,0.131603811821384,-0.0517790937911563,2.98547676589374,0.131603811821384,0.24183959767903,0
2.04491437821388,2.02709504058392,0.26283344106334,0.131552034895523,-0.0517790937911563,2.98450084862811,0.131552034895523,0.241036522225179,0
2.04591433634503,2.02808636197497,0.262964582832054,0.131500257969663,-0.0517790937911563,2.98352493599487,0.131500257969663,0.240234072951769,0
2.04691429447619,2.0290776901548,0.263095673273017,0.131448481043803,-0.0517790937911563,2.9825490280012,0.131448481043803,0.239432252655438,0
2.04791425260735,2.03006902512076,0.263226712385879,0.131396704117942,-0.0517790937911563,2.98157312465427,0.131396704117942,0.238631064147276,0
2.0489142107385,2.0310603668702,0.263357700170289,0.131344927192082,-0.0517790937911563,2.98059722596125,0.131344927192082,0.237830510252899,0
2.04991416886966,2.03205171540045,0.263488636625894,0.131293150266222,-0.0517790937911563,2.97962133192934,0.131293150266222,0.237030593812522,0
2.05091412700081,2.03304307070887,0.263619521752345,0.131241373340361,-0.0517790937911563,2.97864544256573,0.131241373340361,0.236231317681036,0
2.05191408513197,2.03403443279278,0.26375035554929,0.131189596414501,-0.0517790937911563,2.97766955787764,0.131189596414501,0.235432684728084,0
2.05291404326312,2.03502580164953,0.263881138016378,0.131137819488641,-0.0517790937911563,2.97669367787228,0.131137819488641,0.234634697838139,0
2.05391400139428,2.03601717727647,0.26401186915326,0.13108604256278,-0.0517790937911563,2.97571780255688,0.13108604256278,0.233837359910571,0
2.05491395952544,2.03700855967094,0.264142548959584,0.13103426563692,-0.0517790937911563,2.97474193193866,0.13103426563692,0.233040673859736,0
2.05591391765659,2.03799994883028,0.264273177435,0.13098248871106,-0.0517790937911563,2.97376606602487,0.13098248871106,0.232244642615043,0
2.05691387578775,2.03899134475183,0.264403754579158,0.130930711785199,-0.0517790937911563,2.97279020482276,0.130930711785199,0.231449269121036,0
2.0579138339189,2.03998274838244,0.264534273178396,0.130853627586838,-0.0957935843372546,2.97181434675176,0.130853627586838,0.230654551918472,0
2.05891379205006,2.04097416399228,0.264664700751661,0.130757838013267,-0.0957935843372546,2.97083848466812,0.130757838013267,0.229860474036847,0
2.05991375018122,2.04196559209117,0.264795033357049,0.130662048439696,-0.0957935843372546,2.96986261770862,0.130662048439696,0.22906703594058,0
2.06091370831237,2.04295703267002,0.264925270993364,0.130566258866126,-0.0957935843372546,2.96888674587742,0.130566258866126,0.228274240519732,0
2.06191366644353,2.04394848571973,0.265055413659411,0.130470469292555,-0.0957935843372546,2.96791086917866,0.130470469292555,0.227482090679381,0
2.06291362457468,2.0449399512312,0.265185461353997,0.130374679718984,-0.0957935843372546,2.96693498761651,0.130374679718984,0.226690589339696,0
2.06391358270584,2.04593142919533,0.265315414075928,0.130278890145414,-0.0957935843372546,2.96595910119513,0.130278890145414,0.225899739436021,0
2.064913540837,2.04692291960303,0.265445271824011,0.130183100571843,-0.0957935843372546,2.96498320991867,0.130183100571843,0.225109543918945,0
2.06591349896815,2.0479144224452,0.265575034597055,0.130087310998273,-0.0957935843372546,2.96400731379129,0.130087310998273,0.224320005754387,0
2.06691345709931,2.04890593771275,0.26570470239387,0.129991521424702,-0.0957935843372546,2.96303141281717,0.129991521424702,0.223531127923672,0
2.06791341523046,2.04989746539656,0.265834275213265,0.129895731851131,-0.0957935843372546,2.96205550700047,0.129895731851131,0.222742913423607,0
2.06891337336162,2.05088900548756,0.265963753054052,0.129799942277561,-0.0957935843372546,2.96107959634536,0.129799942277561,0.221955365266566,0
2.06991333149278,2.05188055797663,0.266093135915043,0.12970415270399,-0.0957935843372546,2.96010368085601,0.12970415270399,0.221168486480563,0
2.07091328962393,2.05287212285468,0.26622242379505,0.129608363130419,-0.0957935843372546,2.95912776053661,0.12960836313042,0.220382280109339,0
2.07191324775509,2.05386370011261,0.266351616692887,0.129512573556849,-0.0957935843372546,2.95815183539133,0.129512573556849,0.219596749212431,0
2.07291320588624,2.05485528974132,0.266480714607369,0.129416783983278,-0.0957935843372546,2.95717590542435,0.129416783983278,0.218811896865265,0
2.0739131640174,2.05584689173173,0.266609717537311,0.129320994409708,-0.0957935843372546,2.95619997063985,0.129320994409708,0.218027726159222,0
2.07491312214856,2.05683850607471,0.266738625481529,0.129225204836137,-0.0957935843372546,2.95522403104203,0.129225204836137,0.217244240201733,0
2.07591308027971,2.05783013276119,0.266867438438841,0.129129415262566,-0.0957935843372546,2.95424808663507,0.129129415262566,0.216461442116348,0
2.07691303841087,2.05882177178205,0.266996156408065,0.129033625688996,-0.0957935843372546,2.95327213742316,0.129033625688996,0.215679335042823,0
2.07791299654202,2.0598134231282,0.26712477938802,0.128937836115425,-0.0957935843372546,2.9522961834105,0.128937836115425,0.214897922137201,0
2.07891295467318,2.06080508679055,0.267253307377525,0.128842046541855,-0.0957935843372546,2.95132022460128,0.128842046541854,0.21411720657189,0
2.07991291280433,2.06179676275999,0.267381740375401,0.128746256968284,-0.0957935843372546,2.9503442609997,0.128746256968284,0.213337191535746,0
2.08091287093549,2.06278845102741,0.26751007838047,0.128650467394713,-0.0957935843372546,2.94936829260997,0.128650467394713,0.212557880234158,0
2.08191282906665,2.06378015158374,0.267638321391554,0.128554677821143,-0.0957935843372546,2.94839231943629,0.128554677821143,0.211779275889125,0
2.0829127871978,2.06477186441985,0.267766469407477,0.128458888247572,-0.0957935843372546,2.94741634148287,0.128458888247572,0.211001381739343,0
2.08391274532896,2.06576358952666,0.267894522427062,0.128363098674001,-0.0957935843372546,2.94644035875391,0.128363098674002,0.210224201040282,0
2.08491270346011,2.06675532689506,0.268022480449134,0.128267309100431,-0.0957935843372546,2.94546437125364,0.128267309100431,0.209447737064274,0
2.08591266159127,2.06774707651596,0.26815034347252,0.12817151952686,-0.0957935843372546,2.94448837898626,0.12817151952686,0.208671993100592,0
2.08691261972243,2.06873883838025,0.268278111496047,0.12807572995329,-0.0957935843372546,2.94351238195599,0.12807572995329,0.207896972455535,0
2.08791257785358,2.06973061247884,0.268405784518541,0.127979940379719,-0.0957935843372546,2.94253638016706,0.127979940379719,0.207122678452509,0
2.08891253598474,2.07072239880262,0.268533362538831,0.127884150806148,-0.0957935843372546,2.94156037362368,0.127884150806148,0.206349114432114,0
2.08991249411589,2.0717141973425,0.268660845555748,0.127788361232578,-0.0957935843372546,2.94058436233008,0.127788361232578,0.205576283752226,0
2.09091245224705,2.07270600808937,0.26878823356812,0.127692571659007,-0.0957935843372546,2.9396083462905,0.127692571659007,0.204804189788075,0
2.09191241037821,2.07369783103413,0.26891552657478,0.127596782085436,-0.0957935843372546,2.93863232550916,0.127596782085436,0.204032835932341,0
2.09291236850936,2.07468966616768,0.269042724574559,0.127500992511866,-0.0957935843372546,2.93765629999029,0.127500992511866,0.203262225595225,0
2.09391232664052,2.07568151348093,0.26916982756629,0.127405202938295,-0.0957935843372546,2.93668026973814,0.127405202938295,0.202492362204543,0
2.09491228477167,2.07667337296477,0.269296835548807,0.127309413364725,-0.0957935843372546,2.93570423475694,0.127309413364725,0.201723249205804,0
2.09591224290283,2.07766524461009,0.269423748520944,0.127213623791154,-0.0957935843372546,2.93472819505093,0.127213623791154,0.200954890062299,0
2.09691220103399,2.07865712840781,0.269550566481537,0.127117834217583,-0.0957935843372546,2.93375215062436,0.127117834217583,0.200187288255181,0
2.09791215916514,2.07964902434881,0.269677289429423,0.127022044644013,-0.0957935843372546,2.93277610148147,0.127022044644013,0.199420447283555,0
2.0989121172963,2.080640932424,0.269803917363438,0.126926255070442,-0.0957935843372546,2.93180004762652,0.126926255070442,0.198654370664559,0
2.09991207542745,2.08163285262428,0.269930450282421,0.126830465496871,-0.0957935843372546,2.93082398906376,0.126830465496871,0.197889061933449,0
2.10091203355861,2.08262478494054,0.27005688818521,0.126734675923301,-0.0957935843372546,2.92984792579743,0.126734675923301,0.197124524643688,0
2.10191199168977,2.08361672936368,0.270183231070646,0.12663888634973,-0.0957935843372546,2.92887185783182,0.12663888634973,0.196360762367026,0
2.10291194982092,2.0846086858846,0.270309478937569,0.12654309677616,-0.0957935843372546,2.92789578517116,0.126543096776159,0.19559777869359,0
2.10391190795208,2.0856006544942,0.270435631784821,0.126447307202589,-0.0957935843372546,2.92691970781973,0.126447307202589,0.194835577231966,0
2.10491186608323,2.08659263518337,0.270561689611244,0.126351517629018,-0.0957935843372546,2.92594362578178,0.126351517629018,0.194074161609285,0
2.10591182421439,2.08758462794302,0.270687652415682,0.126255728055448,-0.0957935843372546,2.9249675390616,0.126255728055448,0.193313535471314,0
2.10691178234555,2.08857663276405,0.270813520196978,0.126159938481877,-0.0957935843372546,2.92399144766345,0.126159938481877,0.19255370248253,0
2.1079117404767,2.08956864963734,0.270939292953979,0.126064148908306,-0.0957935843372546,2.92301535159161,0.126064148908307,0.191794666326221,0
2.10891169860786,2.0905606785538,0.271064970685529,0.125968359334736,-0.0957935843372546,2.92203925085035,0.125968359334736,0.191036430704558,0
2.10991165673901,2.09155271950432,0.271190553390476,0.125872569761165,-0.0957935843372546,2.92106314544395,0.125872569761165,0.190278999338688,0
2.11091161487017,2.09254477247981,0.271316041067667,0.125776780187595,-0.0957935843372546,2.9200870353767,0.125776780187595,0.189522375968822,0
2.11191157300133,2.09353683747116,0.271441433715952,0.125680990614024,-0.0957935843372546,2.91911092065288,0.125680990614024,0.188766564354312,0
2.11291153113248,2.09452891446926,0.271566731334179,0.125585201040453,-0.0957935843372546,2.91813480127678,0.125585201040453,0.188011568273749,0
2.11391148926364,2.09552100346502,0.271691933921198,0.125489411466883,-0.0957935843372546,2.91715867725269,0.125489411466883,0.187257391525038,0
2.11491144739479,2.09651310444933,0.271817041475861,0.125393621893312,-0.0957935843372546,2.91618254858491,0.125393621893312,0.186504037925491,0
2.11591140552595,2.09750521741309,0.271942053997021,0.125297832319742,-0.0957935843372546,2.91520641527772,0.125297832319741,0.185751511311911,0
2.1169113636571,2.09849734234719,0.272066971483529,0.125202042746171,-0.0957935843372546,2.91423027733543,0.125202042746171,0.184999815540677,0
2.11791132178826,2.09948947924253,0.27219179393424,0.1251062531726,-0.0957935843372546,2.91325413476235,0.1251062531726,0.184248954487834,0
2.11891127991942,2.10048162809001,0.272316521348008,0.12501046359903,-0.0957935843372546,2.91227798756277,0.12501046359903,0.183498932049172,0
2.11991123805057,2.10147378888052,0.272441153723689,0.124914674025459,-0.0957935843372546,2.911301835741,0.124914674025459,0.182749752140321,0
2.12091119618173,2.10246596160497,0.272565691060139,0.124818884451888,-0.0957935843372546,2.91032567930136,0.124818884451888,0.182001418696828,0
2.12191115431288,2.10345814625424,0.272690133356216,0.124723094878318,-0.0957935843372546,2.90934951824815,0.124723094878318,0.181253935674252,0
2.12291111244404,2.10445034281923,0.272814480610778,0.124627305304747,-0.0957935843372546,2.9083733525857,0.124627305304747,0.180507307048242,0
2.1239110705752,2.10544255129084,0.272938732822684,0.124531515731177,-0.0957935843372546,2.90739718231832,0.124531515731177,0.179761536814627,0
2.12491102870635,2.10643477165997,0.273062889990793,0.124435726157606,-0.0957935843372546,2.90642100745034,0.124435726157606,0.179016628989502,0
2.12591098683751,2.1074270039175,0.273186952113967,0.124339936584035,-0.0957935843372546,2.90544482798607,0.124339936584035,0.178272587609313,0
2.12691094496866,2.10841924805434,0.273310919191067,0.124244147010465,-0.0957935843372546,2.90446864392985,0.124244147010465,0.17752941673094,0
2.12791090309982,2.10941150406139,0.273434791220955,0.124148357436894,-0.0957935843372546,2.903492455286,0.124148357436894,0.176787120431788,0
2.12891086123098,2.11040377192952,0.273558568202496,0.124052567863323,-0.0957935843372546,2.90251626205886,0.124052567863323,0.176045702809868,0
2.12991081936213,2.11139605164966,0.273682250134553,0.123956778289753,-0.0957935843372546,2.90154006425276,0.123956778289753,0.175305167983885,0
2.13091077749329,2.11238834321267,0.273805837015991,0.123860988716182,-0.0957935843372546,2.90056386187205,0.123860988716182,0.17456552009332,0
2.13191073562444,2.11338064660947,0.273929328845677,0.123765199142612,-0.0957935843372546,2.89958765492105,0.123765199142611,0.17382676329852,0
2.1329106937556,2.11437296183095,0.274052725622477,0.123669409569041,-0.0957935843372546,2.89861144340413,0.123669409569041,0.173088901780777,0
2.13391065188676,2.115365288868,0.27417602734526,0.12357361999547,-0.0957935843372546,2.89763522732562,0.12357361999547,0.172351939742418,0
2.13491061001791,2.11635762771152,0.274299234012893,0.1234778304219,-0.0957935843372546,2.89665900668988,0.1234778304219,0.171615881406886,0
2.13591056814907,2.1173499783524,0.274422345624246,0.123382040848329,-0.0957935843372546,2.89568278150126,0.123382040848329,0.170880731018828,0
2.13691052628022,2.11834234078153,0.27454536217819,0.123286251274758,-0.0957935843372546,2.8947065517641,0.123286251274759,0.170146492844173,0
2.13791048441138,2.11933471498981,0.274668283673596,0.123190461701188,-0.0957935843372546,2.89373031748278,0.123190461701188,0.169413171170224,0
2.13891044254253,2.12032710096814,0.274791110109336,0.123094672127617,-0.0957935843372546,2.89275407866166,0.123094672127617,0.168680770305734,0
2.13991040067369,2.12131949870741,0.274913841484282,0.122998882554047,-0.0957935843372546,2.89177783530509,0.122998882554047,0.167949294580996,0
2.14091035880485,2.12231190819851,0.27503647779731,0.122903092980476,-0.0957935843372546,2.89080158741745,0.122903092980476,0.167218748347923,0
2.141910316936,2.12330432943234,0.275159019047293,0.122807303406905,-0.0957935843372546,2.8898253350031,0.122807303406905,0.16648913598013,0
2.14291027506716,2.12429676239979,0.275281465233107,0.122711513833335,-0.0957935843372546,2.88884907806642,0.122711513833335,0.165760461873018,0
2.14391023319831,2.12528920709175,0.275403816353629,0.122615724259764,-0.0957935843372546,2.88787281661179,0.122615724259764,0.165032730443859,0
2.14491019132947,2.12628166349913,0.275526072407736,0.122519934686194,-0.0957935843372546,2.88689655064358,0.122519934686193,0.164305946131873,0
2.14591014946063,2.1272741316128,0.275648233394306,0.122424145112623,-0.0957935843372546,2.88592028016617,0.122424145112623,0.163580113398315,0
2.14691010759178,2.12826661142367,0.275770299312219,0.122328355539052,-0.0957935843372546,2.88494400518396,0.122328355539052,0.162855236726551,0
2.14791006572294,2.12925910292263,0.275892270160353,0.122232565965482,-0.0957935843372546,2.88396772570132,0.122232565965481,0.162131320622144,0
2.14891002385409,2.13025160610057,0.276014145937591,0.122136776391911,-0.0957935843372546,2.88299144172265,0.122136776391911,0.161408369612934,0
2.14990998198525,2.13124412094839,0.276135926642814,0.12204098681834,-0.0957935843372546,2.88201515325233,0.122040986818341,0.160686388249114,0
2.15090994011641,2.13223664745697,0.276257612274904,0.12194519724477,-0.0957935843372546,2.88103886029478,0.12194519724477,0.159965381103317,0
2.15190989824756,2.13322918561722,0.276379202832744,0.121849407671199,-0.0957935843372546,2.88006256285439,0.121849407671199,0.159245352770688,0
2.15290985637872,2.13422173542002,0.27650069831522,0.121753618097629,-0.0957935843372546,2.87908626093555,0.121753618097629,0.158526307868969,0
2.15390981450987,2.13521429685626,0.276622098721217,0.121657828524058,-0.0957935843372546,2.87810995454268,0.121657828524058,0.157808251038577,0
2.15490977264103,2.13620686991685,0.27674340404962,0.121562038950487,-0.0957935843372546,2.87713364368018,0.121562038950487,0.157091186942678,0
2.15590973077219,2.13719945459267,0.276864614299316,0.121466249376917,-0.0957935843372546,2.87615732835247,0.121466249376917,0.156375120267271,0
2.15690968890334,2.13819205087461,0.276985729469193,0.121370459803346,-0.0957935843372546,2.87518100856396,0.121370459803346,0.15566005572126,0
2.1579096470345,2.13918465875357,0.277106749558141,0.121274670229775,-0.0957935843372546,2.87420468431906,0.121274670229775,0.154945998036532,0
2.15890960516565,2.14017727822044,0.277227674565048,0.121178880656205,-0.0957935843372546,2.87322835562219,0.121178880656205,0.154232951968036,0
2.15990956329681,2.14116990926611,0.277348504488805,0.121083091082634,-0.0957935843372546,2.87225202247779,0.121083091082634,0.153520922293857,0
2.16090952142797,2.14216255188147,0.277469239328303,0.120987301509064,-0.0957935843372546,2.87127568489027,0.120987301509063,0.15280991381529,0
2.16190947955912,2.14315520605741,0.277589879082434,0.120891511935493,-0.0957935843372546,2.87029934286406,0.120891511935493,0.152099931356914,0
2.16290943769028,2.14414787178484,0.277710423750092,0.120795722361922,-0.0957935843372546,2.8693229964036,0.120795722361922,0.151390979766672,0
2.16390939582143,2.14514054905463,0.27783087333017,0.120699932788352,-0.0957935843372546,2.86834664551332,0.120699932788352,0.150683063915936,0
2.16490935395259,2.14613323785768,0.277951227821564,0.120604143214781,-0.0957935843372546,2.86737029019766,0.120604143214781,0.149976188699586,0
2.16590931208375,2.14712593818488,0.278071487223168,0.12050835364121,-0.0957935843372546,2.86639393046106,0.120508353641211,0.149270359036077,0
2.1669092702149,2.14811865002712,0.27819165153388,0.12041256406764,-0.0957935843372546,2.86541756630796,0.12041256406764,0.148565579867516,0
2.16790922834606,2.1491113733753,0.278311720752596,0.120316774494069,-0.0957935843372546,2.86444119774282,0.120316774494069,0.147861856159728,0
2.16890918647721,2.1501041082203,0.278431694878216,0.120220984920499,-0.0957935843372546,2.86346482477008,0.120220984920499,0.147159192902331,0
2.16990914460837,2.15109685455302,0.278551573909638,0.120125195346928,-0.0957935843372546,2.86248844739419,0.120125195346928,0.146457595108797,0
2.17090910273952,2.15208961236435,0.278671357845762,0.120029405773357,-0.0957935843372546,2.86151206561962,0.120029405773357,0.145757067816529,0
2.17190906087068,2.15308238164517,0.278791046685489,0.119933616199787,-0.0957935843372546,2.86053567945081,0.119933616199787,0.145057616086926,0
2.17290901900184,2.15407516238638,0.278910640427721,0.119837826626216,-0.0957935843372546,2.85955928889224,0.119837826626216,0.144359245005445,0
2.17390897713299,2.15506795457887,0.279030139071361,0.119742037052646,-0.0957935843372546,2.85858289394837,0.119742037052645,0.143661959681678,0
2.17490893526415,2.15606075821353,0.279149542615312,0.119646247479075,-0.0957935843372546,2.85760649462366,0.119646247479075,0.142965765249403,0
2.1759088933953,2.15705357328125,0.279268851058479,0.119550457905504,-0.0957935843372546,2.85663009092259,0.119550457905504,0.142270666866662,0
2.17690885152646,2.15804639977292,0.279388064399766,0.119454668331934,-0.0957935843372546,2.85565368284964,0.119454668331934,0.141576669715816,0
2.17790880965762,2.15903923767943,0.279507182638081,0.119358878758363,-0.0957935843372546,2.85467727040928,0.119358878758363,0.140883779003609,0
2.17890876778877,2.16003208845445,0.279626193565586,0.119218381578135,-0.177083545424647,2.85370085095413,0.119218381578135,0.140191991077323,0
2.17990872591993,2.16102495930939,0.279745036852592,0.119041305446994,-0.177083545424647,2.8527244113843,0.119041305446994,0.139501267182311,0
2.18090868405108,2.16201785119307,0.279863704324007,0.118864229315853,-0.177083545424647,2.85174794993259,0.118864229315853,0.13881160639858,0
2.18190864218224,2.16301076407437,0.279982195976109,0.118687153184711,-0.177083545424647,2.85077146660716,0.118687153184712,0.138123013768219,0
2.1829086003134,2.16400369792213,0.280100511805182,0.11851007705357,-0.177083545424647,2.84979496141615,0.11851007705357,0.137435494357197,0
2.18390855844455,2.16499665270524,0.280218651807517,0.118333000922429,-0.177083545424647,2.84881843436771,0.118333000922429,0.13674905325543,0
2.18490851657571,2.16598962839256,0.280336615979409,0.118155924791287,-0.177083545424647,2.84784188547,0.118155924791287,0.136063695576836,0
2.18590847470686,2.16698262495295,0.28045440431716,0.117978848660146,-0.177083545424647,2.84686531473117,0.117978848660146,0.135379426459408,0
2.18690843283802,2.16797564235527,0.280572016817076,0.117801772529005,-0.177083545424647,2.84588872215936,0.117801772529005,0.134696251065266,0
2.18790839096918,2.16896868056839,0.280689453475469,0.117624696397863,-0.177083545424647,2.84491210776274,0.117624696397864,0.134014174580727,0
2.18890834910033,2.16996173956117,0.280806714288657,0.117447620266722,-0.177083545424647,2.84393547154946,0.117447620266722,0.133333202216354,0
2.18990830723149,2.17095481930247,0.280923799252963,0.117270544135581,-0.177083545424647,2.84295881352766,0.117270544135581,0.132653339207022,0
2.19090826536264,2.17194791976116,0.281040708364716,0.11709346800444,-0.177083545424647,2.84198213370552,0.117093468004439,0.131974590811973,0
2.1919082234938,2.17294104090609,0.28115744162025,0.116916391873298,-0.177083545424647,2.84100543209118,0.116916391873298,0.131296962314873,0
2.19290818162496,2.17393418270612,0.281273999015904,0.116739315742157,-0.177083545424647,2.84002870869281,0.116739315742157,0.130620459023866,0
2.19390813975611,2.17492734513011,0.281390380548025,0.116562239611016,-0.177083545424647,2.83905196351855,0.116562239611016,0.129945086271628,0
2.19490809788727,2.17592052814693,0.281506586212962,0.116385163479874,-0.177083545424647,2.83807519657658,0.116385163479874,0.129270849415426,0
2.19590805601842,2.17691373172542,0.281622616007072,0.116208087348733,-0.177083545424647,2.83709840787505,0.116208087348733,0.12859775383716,0
2.19690801414958,2.17790695583445,0.281738469926717,0.116031011217592,-0.177083545424647,2.83612159742212,0.116031011217592,0.127925804943425,0
2.19790797228073,2.17890020044287,0.281854147968263,0.11585393508645,-0.177083545424647,2.83514476522596,0.11585393508645,0.12725500816555,0
2.19890793041189,2.17989346551954,0.281969650128085,0.115676858955309,-0.177083545424647,2.83416791129473,0.115676858955309,0.126585368959655,0
2.19990788854305,2.18088675103331,0.282084976402559,0.115499782824168,-0.177083545424647,2.83319103563659,0.115499782824168,0.125916892806694,0
2.2009078466742,2.18188005695304,0.282200126788071,0.115322706693026,-0.177083545424647,2.83221413825971,0.115322706693026,0.125249585212501,0
2.20190780480536,2.18287338324758,0.282315101281008,0.115145630561885,-0.177083545424647,2.83123721917225,0.115145630561885,0.124583451707838,0
2.20290776293651,2.18386672988579,0.282429899877767,0.114968554430744,-0.177083545424647,2.83026027838239,0.114968554430744,0.123918497848433,0
2.20390772106767,2.18486009683651,0.282544522574748,0.114791478299602,-0.177083545424647,2.82928331589828,0.114791478299602,0.123254729215028,0
2.20490767919883,2.1858534840686,0.282658969368356,0.114614402168461,-0.177083545424647,2.82830633172809,0.114614402168461,0.122592151413413,0
2.20590763732998,2.18684689155092,0.282773240255002,0.11443732603732,-0.177083545424647,2.82732932588,0.11443732603732,0.121930770074472,0
2.20690759546114,2.1878403192523,0.282887335231105,0.114260249906179,-0.177083545424647,2.82635229836218,0.114260249906179,0.121270590854216,0
2.20790755359229,2.18883376714161,0.283001254293086,0.114083173775037,-0.177083545424647,2.82537524918279,0.114083173775037,0.120611619433822,0
2.20890751172345,2.18982723518769,0.283114997437372,0.113906097643896,-0.177083545424647,2.82439817835001,0.113906097643896,0.119953861519664,0
2.20990746985461,2.19082072335939,0.283228564660399,0.113729021512755,-0.177083545424647,2.82342108587201,0.113729021512754,0.119297322843352,0
2.21090742798576,2.19181423162556,0.283341955958604,0.113551945381613,-0.177083545424647,2.82244397175696,0.113551945381613,0.118642009161759,0
2.21190738611692,2.19280775995504,0.283455171328432,0.113374869250472,-0.177083545424647,2.82146683601305,0.113374869250472,0.117987926257054,0
2.21290734424807,2.19380130831669,0.283568210766334,0.113197793119331,-0.177083545424647,2.82048967864844,0.113197793119331,0.117335079936726,0
2.21390730237923,2.19479487667934,0.283681074268764,0.113020716988189,-0.177083545424647,2.81951249967131,0.113020716988189,0.116683476033618,0
2.21490726051039,2.19578846501185,0.283793761832184,0.112843640857048,-0.177083545424647,2.81853529908984,0.112843640857048,0.116033120405944,0
2.21590721864154,2.19678207328306,0.28390627345306,0.112666564725907,-0.177083545424647,2.8175580769122,0.112666564725906,0.115384018937321,0
2.2169071767727,2.19777570146182,0.284018609127865,0.112489488594765,-0.177083545424647,2.81658083314659,0.112489488594766,0.114736177536782,0
2.21790713490385,2.19876934951697,0.284130768853076,0.112312412463624,-0.177083545424647,2.81560356780116,0.112312412463624,0.114089602138802,0
2.21890709303501,2.19976301741734,0.284242752625175,0.112135336332483,-0.177083545424647,2.81462628088412,0.112135336332483,0.113444298703315,0
2.21990705116617,2.20075670513179,0.284354560440653,0.111958260201341,-0.177083545424647,2.81364897240363,0.111958260201341,0.112800273215725,0
2.22090700929732,2.20175041262916,0.284466192296003,0.1117811840702,-0.177083545424647,2.81267164236789,0.1117811840702,0.11215753168693,0
2.22190696742848,2.20274413987828,0.284577648187724,0.111604107939059,-0.177083545424647,2.81169429078507,0.111604107939059,0.111516080153324,0
2.22290692555963,2.20373788684801,0.284688928112322,0.111427031807917,-0.177083545424647,2.81071691766335,0.111427031807918,0.110875924676814,0
2.22390688369079,2.20473165350717,0.284800032066308,0.111249955676776,-0.177083545424647,2.80973952301094,0.111249955676776,0.110237071344826,0
2.22490684182195,2.20572543982461,0.284910960046197,0.111072879545635,-0.177083545424647,2.808762106836,0.111072879545635,0.109599526270314,0
2.2259067999531,2.20671924576917,0.285021712048512,0.110895803414494,-0.177083545424647,2.80778466914674,0.110895803414493,0.108963295591759,0
2.22690675808426,2.20771307130968,0.28513228806978,0.110718727283352,-0.177083545424647,2.80680720995133,0.110718727283352,0.108328385473175,0
2.22790671621541,2.20870691641498,0.285242688106533,0.110541651152211,-0.177083545424647,2.80582972925796,0.110541651152211,0.107694802104111,0
2.22890667434657,2.20970078105392,0.285352912155311,0.11036457502107,-0.177083545424647,2.80485222707483,0.11036457502107,0.107062551699641,0
2.22990663247773,2.21069466519532,0.285462960212655,0.110187498889928,-0.177083545424647,2.80387470341013,0.110187498889928,0.106431640500371,0
2.23090659060888,2.21168856880802,0.285572832275117,0.110010422758787,-0.177083545424647,2.80289715827205,0.110010422758787,0.105802074772421,0
2.23190654874004,2.21268249186086,0.285682528339251,0.109833346627646,-0.177083545424647,2.80191959166877,0.109833346627646,0.105173860807423,0
2.23290650687119,2.21367643432267,0.285792048401617,0.109656270496504,-0.177083545424647,2.80094200360851,0.109656270496505,0.10454700492251,0
2.23390646500235,2.21467039616229,0.285901392458781,0.109479194365363,-0.177083545424647,2.79996439409944,0.109479194365363,0.103921513460297,0
2.2349064231335,2.21566437734854,0.286010560507315,0.109302118234222,-0.177083545424647,2.79898676314976,0.109302118234222,0.103297392788871,0
2.23590638126466,2.21665837785027,0.286119552543795,0.10912504210308,-0.177083545424647,2.79800911076768,0.10912504210308,0.102674649301768,0
2.23690633939582,2.2176523976363,0.286228368564804,0.108947965971939,-0.177083545424647,2.79703143696139,0.108947965971939,0.102053289417955,0
2.23790629752697,2.21864643667547,0.286337008566931,0.108770889840798,-0.177083545424647,2.79605374173908,0.108770889840798,0.101433319581806,0
2.23890625565813,2.21964049493661,0.286445472546767,0.108593813709656,-0.177083545424647,2.79507602510896,0.108593813709656,0.100814746263073,0
2.23990621378928,2.22063457238854,0.286553760500913,0.108416737578515,-0.177083545424647,2.79409828707923,0.108416737578515,0.100197575956864,0
2.24090617192044,2.2216286690001,0.286661872425973,0.108239661447374,-0.177083545424647,2.79312052765808,0.108239661447374,0.0995818151836027,0
2.2419061300516,2.22262278474011,0.286769808318557,0.108062585316233,-0.177083545424647,2.79214274685372,0.108062585316233,0.0989674704890022,0
2.24290608818275,2.22361691957741,0.28687756817528,0.107885509185091,-0.177083545424647,2.79116494467435,0.107885509185091,0.0983545484440245,0
2.24390604631391,2.22461107348082,0.286985151992764,0.10770843305395,-0.177083545424647,2.79018712112819,0.10770843305395,0.0977430556448419,0
2.24490600444506,2.22560524641917,0.287092559767635,0.107531356922809,-0.177083545424647,2.78920927622342,0.107531356922808,0.0971329987127947,0
2.24590596257622,2.22659943836129,0.287199791496526,0.107354280791667,-0.177083545424647,2.78823140996825,0.107354280791667,0.0965243842943462,0
2.24690592070738,2.227593649276,0.287306847176074,0.107177204660526,-0.177083545424647,2.78725352237091,0.107177204660526,0.0959172190610344,0
2.24790587883853,2.22858787913213,0.287413726802922,0.107000128529385,-0.177083545424647,2.78627561343958,0.107000128529385,0.09531150970942,0
2.24890583696969,2.2295821278985,0.287520430373718,0.106823052398243,-0.177083545424647,2.78529768318248,0.106823052398243,0.0947072629610349,0
2.24990579510084,2.23057639554394,0.287626957885118,0.106645976267102,-0.177083545424647,2.78431973160782,0.106645976267102,0.0941044855623232,0
2.250905753232,2.23157068203727,0.287733309333781,0.106468900135961,-0.177083545424647,2.78334175872381,0.106468900135961,0.0935031842845822,0
2.25190571136315,2.23256498734731,0.287839484716372,0.106291824004819,-0.177083545424647,2.78236376453866,0.10629182400482,0.0929033659238979,0
2.25290566949431,2.2335593114429,0.287945484029561,0.106114747873678,-0.177083545424647,2.78138574906059,0.106114747873678,0.0923050373010794,0
2.25390562762547,2.23455365429284,0.288051307270026,0.105937671742537,-0.177083545424647,2.7804077122978,0.105937671742537,0.0917082052615913,0
2.25490558575662,2.23554801586596,0.288156954434448,0.105760595611395,-0.177083545424647,2.77942965425851,0.105760595611395,0.0911128766754762,0
2.25590554388778,2.23654239613108,0.288262425519513,0.105583519480254,-0.177083545424647,2.77845157495093,0.105583519480254,0.0905190584372848,0
2.25690550201893,2.23753679505703,0.288367720521916,0.105406443349113,-0.177083545424647,2.77747347438329,0.105406443349113,0.0899267574659913,0
2.25790546015009,2.23853121261262,0.288472839438355,0.105229367217971,-0.177083545424647,2.7764953525638,0.105229367217972,0.089335980704912,0
2.25890541828125,2.23952564876666,0.288577782265533,0.10505229108683,-0.177083545424647,2.77551720950067,0.10505229108683,0.0887467351216222,0
2.2599053764124,2.24052010348799,0.288682549000159,0.104875214955689,-0.177083545424647,2.77453904520213,0.104875214955689,0.0881590277078619,0
2.26090533454356,2.24151457674541,0.28878713963895,0.104698138824548,-0.177083545424647,2.7735608596764,0.104698138824547,0.0875728654794464,0
2.26190529267471,2.24250906850775,0.288891554178624,0.104521062693406,-0.177083545424647,2.77258265293169,0.104521062693406,0.0869882554761675,0
2.26290525080587,2.24350357874382,0.288995792615909,0.104343986562265,-0.177083545424647,2.77160442497623,0.104343986562265,0.0864052047616927,0
2.26390520893703,2.24449810742243,0.289099854947535,0.104166910431124,-0.177083545424647,2.77062617581824,0.104166910431124,0.0858237204234646,0
2.26490516706818,2.24549265451241,0.289203741170241,0.103989834299982,-0.177083545424647,2.76964790546595,0.103989834299982,0.0852438095725893,0
2.26590512519934,2.24648721998257,0.289307451280767,0.103812758168841,-0.177083545424647,2.76866961392758,0.103812758168841,0.0846654793437279,0
2.26690508333049,2.24748180380172,0.289410985275863,0.1036356820377,-0.177083545424647,2.76769130121135,0.1036356820377,0.0840887368949784,0
2.26790504146165,2.24847640593867,0.289514343152282,0.103458605906558,-0.177083545424647,2.7667129673255,0.103458605906559,0.083513589407761,0
2.26890499959281,2.24947102636225,0.289617524906782,0.103281529775417,-0.177083545424647,2.76573461227824,0.103281529775417,0.0829400440866914,0
2.26990495772396,2.25046566504125,0.28972053053613,0.103104453644276,-0.177083545424647,2.76475623607782,0.103104453644276,0.0823681081594553,0
2.27090491585512,2.2514603219445,0.289823360037094,0.102927377513134,-0.177083545424647,2.76377783873245,0.102927377513134,0.081797788876679,0
2.27190487398627,2.25245499704081,0.289926013406451,0.102750301381993,-0.177083545424647,2.76279942025037,0.102750301381993,0.0812290935117927,0
2.27290483211743,2.25344969029898,0.290028490640981,0.102573225250852,-0.177083545424647,2.76182098063981,0.102573225250852,0.0806620293608933,0
2.27390479024859,2.25444440168783,0.290130791737472,0.10239614911971,-0.177083545424647,2.760842519909,0.102396149119711,0.0800966037425998,0
2.27490474837974,2.25543913117617,0.290232916692716,0.102219072988569,-0.177083545424647,2.75986403806618,0.102219072988569,0.0795328239979082,0
2.2759047065109,2.2564338787328,0.29033486550351,0.102041996857428,-0.177083545424647,2.75888553511958,0.102041996857428,0.0789706974900399,0
2.27690466464205,2.25742864432654,0.290436638166658,0.101864920726287,-0.177083545424647,2.75790701107744,0.101864920726287,0.0784102316042845,0
2.27790462277321,2.2584234279262,0.290538234678968,0.101687844595145,-0.177083545424647,2.75692846594799,0.101687844595145,0.0778514337478428,0
2.27890458090437,2.25941822950057,0.290639655037256,0.101510768464004,-0.177083545424647,2.75594989973946,0.101510768464004,0.0772943113496609,0
2.27990453903552,2.26041304901847,0.29074089923834,0.101333692332863,-0.177083545424647,2.75497131246011,0.101333692332862,0.0767388718602622,0
2.28090449716668,2.26140788644871,0.290841967279047,0.101156616201721,-0.177083545424647,2.75399270411816,0.101156616201721,0.0761851227515752,0
2.28190445529783,2.26240274176009,0.290942859156206,0.10097954007058,-0.177083545424647,2.75301407472186,0.10097954007058,0.0756330715167554,0
2.28290441342899,2.26339761492141,0.291043574866656,0.100802463939439,-0.177083545424647,2.75203542427945,0.100802463939439,0.0750827256700042,0
2.28390437156015,2.26439250590148,0.291144114407236,0.100625387808297,-0.177083545424647,2.75105675279917,0.100625387808297,0.0745340927463824,0
2.2849043296913,2.26538741466911,0.291244477774796,0.100448311677156,-0.177083545424647,2.75007806028927,0.100448311677156,0.0739871803016197,0
2.28590428782246,2.2663823411931,0.291344664966188,0.100271235546015,-0.177083545424647,2.74909934675798,0.100271235546015,0.073441995911918,0
2.28690424595361,2.26737728544225,0.29144467597827,0.100094159414873,-0.177083545424647,2.74812061221356,0.100094159414874,0.0728985471737528,0
2.28790420408477,2.26837224738536,0.291544510807907,0.0999170832837321,-0.177083545424647,2.74714185666425,0.0999170832837319,0.0723568417036664,0
2.28890416221592,2.26936722699124,0.291644169451968,0.0997400071525908,-0.177083545424647,2.7461630801183,0.0997400071525907,0.0718168871380609,0
2.28990412034708,2.27036222422869,0.291743651907328,0.0995629310214494,-0.177083545424647,2.74518428258395,0.0995629310214494,0.0712786911329803,0
2.29090407847824,2.27135723906651,0.291842958170868,0.0993858548903081,-0.177083545424647,2.74420546406946,0.0993858548903082,0.0707422613638948,0
2.29190403660939,2.27235227147349,0.291942088239475,0.0992087787591669,-0.177083545424647,2.74322662458308,0.0992087787591669,0.0702076055254738,0
2.29290399474055,2.27334732141844,0.292041042110039,0.0990317026280255,-0.177083545424647,2.74224776413305,0.0990317026280256,0.0696747313313579,0
2.2939039528717,2.27434238887017,0.292139819779458,0.0988546264968843,-0.177083545424647,2.74126888272763,0.0988546264968844,0.0691436465139252,0
2.29490391100286,2.27533747379745,0.292238421244635,0.0986775503657429,-0.177083545424647,2.74028998037507,0.0986775503657427,0.0686143588240506,0
2.29590386913402,2.27633257616911,0.292336846502478,0.0985004742346016,-0.177083545424647,2.73931105708363,0.0985004742346018,0.0680868760308646,0
2.29690382726517,2.27732769595392,0.2924350955499,0.0983233981034603,-0.177083545424647,2.73833211286156,0.0983233981034601,0.0675612059214999,0
2.29790378539633,2.2783228331207,0.292533168383822,0.0981463219723189,-0.177083545424647,2.73735314771712,0.0981463219723189,0.0670373563008407,0
2.29890374352748,2.27931798763823,0.292631065001167,0.0979692458411777,-0.177083545424647,2.73637416165856,0.0979692458411776,0.0665153349912618,0
2.29990370165864,2.28031316149779,0.292728764784441,0.0977132582099826,-0.327397458114472,2.73539515047723,0.0977132582099824,0.0659951321306316,0
2.3009036597898,2.28130836563645,0.292826155633845,0.0973858744596214,-0.327397458114472,2.73441609126732,0.0973858744596212,0.0654766591232601,0
2.30190361792095,2.28230360160594,0.292923220664373,0.09705849070926,-0.327397458114472,2.73343698062502,0.09705849070926,0.0649599088641557,0
2.30290357605211,2.28329886929962,0.29301995986562,0.0967311069588986,-0.327397458114472,2.73245781860002,0.0967311069588987,0.0644448887369301,0
2.30390353418326,2.2842941686108,0.293116373227219,0.0964037232085373,-0.327397458114472,2.73147860524207,0.0964037232085371,0.0639316061421212,0
2.30490349231442,2.28528949943281,0.293212460738836,0.0960763394581757,-0.327397458114472,2.73049934060096,0.0960763394581758,0.0634200684969607,0
2.30590345044558,2.28628486165897,0.293308222390172,0.0957489557078145,-0.327397458114472,2.7295200247265,0.0957489557078146,0.0629102832351366,0
2.30690340857673,2.2872802551826,0.293403658170964,0.0954215719574531,-0.327397458114472,2.72854065766854,0.0954215719574529,0.0624022578065474,0
2.30790336670789,2.28827567989701,0.293498768070981,0.0950941882070917,-0.327397458114472,2.72756123947698,0.0950941882070917,0.0618959996770593,0
2.30890332483904,2.2892711356955,0.293593552080032,0.0947668044567303,-0.327397458114472,2.72658177020175,0.0947668044567305,0.0613915163282513,0
2.3099032829702,2.2902666224714,0.293688010187956,0.0944394207063689,-0.327397458114472,2.7256022498928,0.0944394207063688,0.0608888152571582,0
2.31090324110136,2.291262140118,0.29378214238463,0.0941120369560075,-0.327397458114472,2.72462267860015,0.0941120369560076,0.0603879039760106,0
2.31190319923251,2.29225768852859,0.293875948659965,0.0937846532056461,-0.327397458114472,2.72364305637382,0.0937846532056463,0.0598887900119665,0
2.31290315736367,2.29325326759649,0.293969429003906,0.0934572694552848,-0.327397458114472,2.72266338326389,0.0934572694552847,0.0593914809068404,0
2.31390311549482,2.29424887721497,0.294062583406434,0.0931298857049234,-0.327397458114472,2.72168365932047,0.0931298857049234,0.0588959842168261,0
2.31490307362598,2.29524451727734,0.294155411857565,0.092802501954562,-0.327397458114472,2.72070388459372,0.0928025019545622,0.0584023075122163,0
2.31590303175713,2.29624018767688,0.294247914347349,0.0924751182042006,-0.327397458114472,2.71972405913381,0.0924751182042005,0.0579104583771153,0
2.31690298988829,2.29723588830688,0.294340090865873,0.0921477344538392,-0.327397458114472,2.71874418299097,0.0921477344538393,0.0574204444091468,0
2.31790294801945,2.2982316190606,0.294431941403256,0.0918203507034778,-0.327397458114472,2.71776425621546,0.091820350703478,0.0569322732191588,0
2.3189029061506,2.29922737983134,0.294523465949654,0.0914929669531164,-0.327397458114472,2.71678427885758,0.0914929669531164,0.0564459524309204,0
2.31990286428176,2.30022317051236,0.294614664495258,0.0911655832027551,-0.327397458114472,2.71580425096765,0.0911655832027551,0.0559614896808153,0
2.32090282241291,2.30121899099694,0.294705537030292,0.0908381994523937,-0.327397458114472,2.71482417259606,0.0908381994523935,0.0554788926175304,0
2.32190278054407,2.30221484117835,0.294796083545017,0.0905108157020324,-0.327397458114472,2.7138440437932,0.0905108157020322,0.0549981689017371,0
2.32290273867523,2.30321072094984,0.294886304029729,0.0901834319516709,-0.327397458114472,2.71286386460953,0.090183431951671,0.0545193262057709,0
2.32390269680638,2.30420663020469,0.294976198474757,0.0898560482013095,-0.327397458114472,2.71188363509553,0.0898560482013093,0.0540423722133019,0
2.32490265493754,2.30520256883614,0.295065766870467,0.0895286644509481,-0.327397458114472,2.71090335530173,0.0895286644509481,0.0535673146190038,0
2.32590261306869,2.30619853673746,0.295155009207258,0.0892012807005867,-0.327397458114472,2.70992302527867,0.0892012807005869,0.053094161128213,0
2.32690257119985,2.3071945338019,0.295243925475566,0.0888738969502255,-0.327397458114472,2.70894264507697,0.0888738969502256,0.0526229194565892,0
2.32790252933101,2.3081905599227,0.29533251566586,0.088546513199864,-0.327397458114472,2.70796221474724,0.088546513199864,0.0521535973297625,0
2.32890248746216,2.30918661499311,0.295420779768645,0.0882191294495027,-0.327397458114472,2.70698173434017,0.0882191294495027,0.0516862024829822,0
2.32990244559332,2.31018269890638,0.295508717774462,0.0878917456991413,-0.327397458114472,2.70600120390647,0.0878917456991415,0.0512207426607565,0
2.33090240372447,2.31117881155574,0.295596329673885,0.0875643619487798,-0.327397458114472,2.70502062349689,0.0875643619487798,0.0507572256164878,0
2.33190236185563,2.31217495283443,0.295683615457523,0.0872369781984186,-0.327397458114472,2.7040399931622,0.0872369781984186,0.0502956591121027,0
2.33290231998679,2.31317112263568,0.295770575116023,0.086909594448057,-0.327397458114472,2.70305931295325,0.0869095944480569,0.0498360509176762,0
2.33390227811794,2.31416732085273,0.295857208640062,0.0865822106976958,-0.327397458114472,2.70207858292088,0.0865822106976957,0.0493784088110522,0
2.3349022362491,2.31516354737879,0.295943516020356,0.0862548269473344,-0.327397458114472,2.70109780311601,0.0862548269473344,0.0489227405774548,0
2.33590219438025,2.31615980210711,0.296029497247654,0.085927443196973,-0.327397458114472,2.70011697358956,0.0859274431969732,0.0484690540090996,0
2.33690215251141,2.31715608493089,0.296115152312741,0.0856000594466116,-0.327397458114472,2.69913609439253,0.0856000594466115,0.048017356904794,0
2.33790211064257,2.31815239574335,0.296200481206436,0.0852726756962501,-0.327397458114472,2.69815516557592,0.0852726756962499,0.0475676570695362,0
2.33890206877372,2.31914873443772,0.296285483919594,0.0849452919458888,-0.327397458114472,2.6971741871908,0.0849452919458886,0.0471199623141074,0
2.33990202690488,2.3201451009072,0.296370160443104,0.0846179081955274,-0.327397458114472,2.69619315928825,0.0846179081955274,0.0466742804546572,0
2.34090198503603,2.321141495045,0.296454510767891,0.0842905244451661,-0.327397458114472,2.69521208191942,0.0842905244451662,0.0462306193122858,0
2.34190194316719,2.32213791674432,0.296538534884914,0.0839631406948047,-0.327397458114472,2.69423095513546,0.0839631406948045,0.0457889867126194,0
2.34290190129834,2.32313436589838,0.296622232785166,0.0836357569444433,-0.327397458114472,2.69324977898759,0.0836357569444433,0.0453493904853803,0
2.3439018594295,2.32413084240038,0.296705604459678,0.0833083731940819,-0.327397458114472,2.69226855352706,0.083308373194082,0.0449118384639528,0
2.34490181756066,2.3251273461435,0.296788649899514,0.0829809894437205,-0.327397458114472,2.69128727880516,0.0829809894437203,0.0444763384849406,0
2.34590177569181,2.32612387702095,0.296871369095772,0.0826536056933591,-0.327397458114472,2.69030595487322,0.0826536056933591,0.0440428983877228,0
2.34690173382297,2.32712043492591,0.296953762039587,0.0823262219429977,-0.327397458114472,2.68932458178259,0.0823262219429979,0.0436115260140011,0
2.34790169195412,2.32811701975158,0.297035828722128,0.0819988381926364,-0.327397458114472,2.6883431595847,0.0819988381926362,0.043182229207343,0
2.34890165008528,2.32911363139113,0.297117569134599,0.081671454442275,-0.327397458114472,2.68736168833097,0.081671454442275,0.0427550158127206,0
2.34990160821644,2.33011026973777,0.29719898326824,0.0813440706919136,-0.327397458114472,2.68638016807291,0.0813440706919137,0.0423298936760412,0
2.35090156634759,2.33110693468465,0.297280071114323,0.0810166869415522,-0.327397458114472,2.68539859886202,0.0810166869415521,0.0419068706436753,0
2.35190152447875,2.33210362612497,0.297360832664159,0.0806893031911908,-0.327397458114472,2.68441698074987,0.0806893031911908,0.0414859545619783,0
2.3529014826099,2.33310034395189,0.297441267909091,0.0803619194408294,-0.327397458114472,2.68343531378807,0.0803619194408296,0.0410671532768049,0
2.35390144074106,2.3340970880586,0.297521376840498,0.080034535690468,-0.327397458114472,2.68245359802825,0.0800345356904679,0.0406504746330217,0
2.35490139887222,2.33509385833824,0.297601159449794,0.0797071519401068,-0.327397458114472,2.68147183352211,0.0797071519401067,0.0402359264740118,0
2.35590135700337,2.336090654684,0.297680615728427,0.0793797681897453,-0.327397458114472,2.68049002032135,0.0793797681897455,0.0398235166411747,0
2.35690131513453,2.33708747698904,0.297759745667883,0.0790523844393839,-0.327397458114472,2.67950815847775,0.0790523844393838,0.0394132529734214,0
2.35790127326568,2.33808432514651,0.297838549259679,0.0787250006890225,-0.327397458114472,2.6785262480431,0.0787250006890226,0.0390051433066638,0
2.35890123139684,2.33908119904957,0.297917026495369,0.0783976169386611,-0.327397458114472,2.67754428906924,0.0783976169386609,0.0385991954732991,0
2.359901189528,2.34007809859139,0.297995177366543,0.0780702331882999,-0.327397458114472,2.67656228160806,0.0780702331882996,0.0381954173016889,0
2.36090114765915,2.3410750236651,0.298073001864824,0.0777428494379383,-0.327397458114472,2.67558022571147,0.0777428494379384,0.0377938166156316,0
2.36190110579031,2.34207197416387,0.29815049998187,0.0774154656875771,-0.327397458114472,2.67459812143144,0.0774154656875772,0.037394401233834,0
2.36290106392146,2.34306894998083,0.298227671709376,0.0770880819372155,-0.327397458114472,2.67361596881997,0.0770880819372155,0.0369971789693714,0
2.36390102205262,2.34406595100913,0.29830451703907,0.0767606981868543,-0.327397458114472,2.67263376792911,0.0767606981868543,0.0366021576291496,0
2.36490098018378,2.34506297714192,0.298381035962716,0.0764333144364929,-0.327397458114472,2.67165151881092,0.076433314436493,0.0362093450133549,0
2.36590093831493,2.34606002827233,0.298457228472113,0.0761059306861314,-0.327397458114472,2.67066922151755,0.0761059306861314,0.0358187489149048,0
2.36690089644609,2.34705710429349,0.298533094559094,0.0757785469357701,-0.327397458114472,2.66968687610114,0.0757785469357701,0.0354303771188907,0
2.36790085457724,2.34805420509855,0.298608634215528,0.0754511631854086,-0.327397458114472,2.66870448261391,0.0754511631854085,0.0350442374020152,0
2.3689008127084,2.34905133058062,0.298683847433319,0.0751237794350474,-0.327397458114472,2.6677220411081,0.0751237794350472,0.0346603375320283,0
2.36990077083955,2.35004848063284,0.298758734204404,0.074796395684686,-0.327397458114472,2.66673955163599,0.074796395684686,0.0342786852671529,0
2.37090072897071,2.35104565514834,0.298833294520759,0.0744690119343246,-0.327397458114472,2.66575701424991,0.0744690119343248,0.0338992883555116,0
2.37190068710187,2.35204285402024,0.298907528374391,0.0741416281839632,-0.327397458114472,2.66477442900223,0.0741416281839631,0.0335221545345436,0
2.37290064523302,2.35304007714165,0.298981435757345,0.0738142444336017,-0.327397458114472,2.66379179594536,0.0738142444336018,0.0331472915304207,0
2.37390060336418,2.3540373244057,0.299055016661698,0.0734868606832404,-0.327397458114472,2.66280911513174,0.0734868606832406,0.0327747070574563,0
2.37490056149533,2.35503459570549,0.299128271079564,0.073159476932879,-0.327397458114472,2.66182638661387,0.0731594769328789,0.0324044088175105,0
2.37590051962649,2.35603189093415,0.299201199003092,0.0728320931825176,-0.327397458114472,2.66084361044427,0.0728320931825177,0.0320364044993919,0
2.37690047775765,2.35702920998478,0.299273800424465,0.0725047094321563,-0.327397458114472,2.65986078667553,0.072504709432156,0.0316707017782525,0
2.3779004358888,2.35802655275049,0.299346075335903,0.0721773256817949,-0.327397458114472,2.65887791536025,0.0721773256817948,0.0313073083149807,0
2.37890039401996,2.35902391912438,0.299418023729658,0.0718499419314335,-0.327397458114472,2.65789499655109,0.0718499419314336,0.0309462317555876,0
2.37990035215111,2.36002130899956,0.29948964559802,0.0715225581810721,-0.327397458114472,2.65691203030075,0.0715225581810719,0.0305874797305914,0
2.38090031028227,2.36101872226912,0.299560940933311,0.0711951744307107,-0.327397458114472,2.65592901666196,0.0711951744307107,0.0302310598543962,0
2.38190026841343,2.36201615882617,0.29963190972789,0.0708677906803493,-0.327397458114472,2.6549459556875,0.0708677906803494,0.0298769797246663,0
2.38290022654458,2.36301361856379,0.299702551974151,0.0705404069299879,-0.327397458114472,2.65396284743021,0.0705404069299878,0.0295252469216975,0
2.38390018467574,2.36401110137508,0.299772867664522,0.0702130231796265,-0.327397458114472,2.65297969194293,0.0702130231796265,0.0291758690077842,0
2.38490014280689,2.36500860715313,0.299842856791468,0.0698856394292652,-0.327397458114472,2.65199648927859,0.0698856394292653,0.0288288535265821,0
2.38590010093805,2.36600613579103,0.299912519347486,0.0695582556789038,-0.327397458114472,2.65101323949011,0.0695582556789036,0.0284842080024679,0
2.38690005906921,2.36700368718185,0.29998185532511,0.0692308719285424,-0.327397458114472,2.65002994263051,0.0692308719285424,0.0281419399398942,0
2.38790001720036,2.36800126121869,0.300050864716908,0.068903488178181,-0.327397458114472,2.64904659875279,0.0689034881781811,0.0278020568227411,0
2.38889997533152,2.36899885779463,0.300119547515485,0.0685761044278196,-0.327397458114472,2.64806320791005,0.0685761044278195,0.027464566113666,0
2.38989993346267,2.36999647680273,0.300187903713478,0.0682487206774584,-0.327397458114472,2.6470797701554,0.0682487206774582,0.0271294752534466,0
2.39089989159383,2.37099411813608,0.300255933303562,0.0679213369270968,-0.327397458114472,2.64609628554198,0.067921336927097,0.0267967916603228,0
2.39189984972499,2.37199178168775,0.300323636278445,0.0675939531767354,-0.327397458114472,2.64511275412301,0.0675939531767353,0.0264665227293366,0
2.39289980785614,2.37298946735081,0.30039101263087,0.0672665694263741,-0.327397458114472,2.64412917595174,0.0672665694263741,0.0261386758316646,0
2.3938997659873,2.37398717501832,0.300458062353616,0.0669391856760127,-0.327397458114472,2.64314555108143,0.0669391856760129,0.0258132583139512,0
2.39489972411845,2.37498490458335,0.300524785439497,0.0666118019256514,-0.327397458114472,2.64216187956543,0.0666118019256516,0.0254902774976379,0
2.39589968224961,2.37598265593897,0.300591181881361,0.0662844181752899,-0.327397458114472,2.6411781614571,0.06628441817529,0.0251697406782876,0
2.39689964038076,2.37698042897824,0.300657251672092,0.0659570344249286,-0.327397458114472,2.64019439680986,0.0659570344249287,0.0248516551249109,0
2.39789959851192,2.37797822359421,0.300722994804609,0.0656296506745671,-0.327397458114472,2.63921058567717,0.0656296506745671,0.0245360280792835,0
2.39889955664308,2.37897603967994,0.300788411271865,0.0653022669242057,-0.327397458114472,2.63822672811252,0.0653022669242058,0.0242228667552666,0
2.39989951477423,2.37997387712849,0.300853501066849,0.0649748831738445,-0.327397458114472,2.63724282416946,0.0649748831738446,0.023912178338122,0
2.40089947290539,2.3809717358329,0.300918264182584,0.064647499423483,-0.327397458114472,2.63625887390157,0.0646474994234829,0.0236039699838236,0
2.40189943103654,2.38196961568623,0.300982700612129,0.0643201156731217,-0.327397458114472,2.63527487736248,0.0643201156731217,0.0232982488183722,0
2.4028993891677,2.38296751658153,0.301046810348579,0.0639927319227602,-0.327397458114472,2.63429083460587,0.06399273192276,0.0229950219371009,0
2.40389934729886,2.38396543841183,0.30111059338506,0.0636653481723989,-0.327397458114472,2.63330674568546,0.0636653481723988,0.0226942964039846,0
2.40489930543001,2.38496338107018,0.301174049714739,0.0633379644220376,-0.327397458114472,2.63232261065499,0.0633379644220375,0.0223960792509437,0
2.40589926356117,2.38596134444962,0.301237179330812,0.063010580671676,-0.327397458114472,2.63133842956827,0.0630105806716759,0.0221003774771485,0
2.40689922169232,2.38695932844319,0.301299982226514,0.0626831969213148,-0.327397458114472,2.63035420247915,0.0626831969213146,0.0218071980483213,0
2.40789917982348,2.38795733294393,0.301362458395114,0.0623558131709532,-0.327397458114472,2.62936992944152,0.0623558131709534,0.0215165478960357,0
2.40889913795464,2.38895535784487,0.301424607829915,0.062028429420592,-0.327397458114472,2.62838561050932,0.0620284294205922,0.0212284339170175,0
2.40989909608579,2.38995340303903,0.301486430524256,0.0617010456702306,-0.327397458114472,2.62740124573651,0.0617010456702305,0.0209428629724405,0
2.41089905421695,2.39095146841946,0.301547926471512,0.0613736619198692,-0.327397458114472,2.62641683517713,0.0613736619198693,0.0206598418872255,0
2.4118990123481,2.39194955387917,0.30160909566509,0.0610462781695078,-0.327397458114472,2.62543237888523,0.061046278169508,0.0203793774493347,0
2.41289897047926,2.3929476593112,0.301669938098435,0.0607188944191463,-0.327397458114472,2.62444787691493,0.0607188944191464,0.0201014764090678,0
2.41389892861042,2.39394578460856,0.301730453765026,0.0603915106687851,-0.327397458114472,2.62346332932038,0.0603915106687851,0.0198261454783564,0
2.41489888674157,2.39494392966428,0.301790642658377,0.0600641269184237,-0.327397458114472,2.62247873615577,0.0600641269184239,0.0195533913300571,0
2.41589884487273,2.39594209437137,0.301850504772036,0.0597367431680623,-0.327397458114472,2.62149409747535,0.0597367431680622,0.019283220597247,0
2.41689880300388,2.39694027862285,0.301910040099587,0.0594093594177009,-0.327397458114472,2.62050941333341,0.059409359417701,0.0190156398725151,0
2.41789876113504,2.39793848231174,0.30196924863465,0.0590819756673395,-0.327397458114472,2.61952468378428,0.0590819756673393,0.0187506557072578,0
2.4188987192662,2.39893670533104,0.302028130370879,0.0587545919169781,-0.327397458114472,2.61853990888232,0.0587545919169781,0.0184882746109704,0
2.41989867739735,2.39993494757378,0.302086685301962,0.0584272081666168,-0.327397458114472,2.61755508868197,0.0584272081666168,0.0182285030505426,0
2.42089863552851,2.40093321084485,0.302144880557567,0.0579681404101936,-0.590776497567744,2.61657021754365,0.0579681404101935,0.0179713156255731,0
2.42189859365966,2.40193150641813,0.302202518941865,0.0573773886477549,-0.590776497567744,2.61558526142765,0.0573773886477551,0.0177165275654146,0
2.42289855179082,2.4029298358672,0.30225956757127,0.0567866368853161,-0.590776497567744,2.61460021487361,0.0567866368853163,0.0174641128586669,0
2.42389850992198,2.40392819884364,0.302316026425874,0.0561958851228774,-0.590776497567744,2.61361507812325,0.0561958851228774,0.017214077259124,0
2.42489846805313,2.40492659499903,0.302371895485972,0.0556051333604386,-0.590776497567744,2.61262985141851,0.0556051333604386,0.0169664264843479,0
2.42589842618429,2.40592502398496,0.302427174732067,0.0550143815979999,-0.590776497567744,2.61164453500163,0.0550143815979998,0.0167211662150967,0
2.42689838431544,2.40692348545297,0.302481864144867,0.0544236298355611,-0.590776497567744,2.61065912911508,0.0544236298355609,0.0164783020947514,0
2.4278983424466,2.40792197905463,0.302535963705287,0.0538328780731223,-0.590776497567744,2.60967363400161,0.0538328780731225,0.016237839728744,0
2.42889830057775,2.40892050444146,0.302589473394446,0.0532421263106836,-0.590776497567744,2.60868804990421,0.0532421263106837,0.0159997846839863,0
2.42989825870891,2.409919061265,0.30264239319367,0.0526513745482451,-0.590776497567744,2.60770237706613,0.0526513745482449,0.0157641424882988,0
2.43089821684007,2.41091764917676,0.302694723084491,0.0520606227858061,-0.590776497567744,2.60671661573091,0.052060622785806,0.015530918629841,0
2.43189817497122,2.41191626782825,0.302746463048646,0.0514698710233673,-0.590776497567744,2.6057307661423,0.0514698710233672,0.0153001185565438,0
2.43289813310238,2.41291491687095,0.302797613068079,0.0508791192609285,-0.590776497567744,2.60474482854436,0.0508791192609284,0.0150717476755402,0
2.43389809123353,2.41391359595636,0.302848173124939,0.0502883674984898,-0.590776497567744,2.60375880318137,0.05028836749849,0.0148458113526005,0
2.43489804936469,2.41491230473595,0.30289814320158,0.0496976157360513,-0.590776497567744,2.6027726902979,0.0496976157360511,0.0146223149115667,0
2.43589800749585,2.41591104286118,0.302947523280565,0.0491068639736123,-0.590776497567744,2.60178649013877,0.0491068639736123,0.014401263633789,0
2.436897965627,2.4169098099835,0.30299631334466,0.0485161122111738,-0.590776497567744,2.60080020294907,0.0485161122111739,0.0141826627575647,0
2.43789792375816,2.41790860575436,0.303044513376838,0.0479253604487347,-0.590776497567744,2.59981382897415,0.0479253604487346,0.0139665174775779,0
2.43889788188931,2.41890742982518,0.303092123360278,0.047334608686296,-0.590776497567744,2.59882736845961,0.0473346086862958,0.0137528329443409,0
2.43989784002047,2.4199062818474,0.303139143278364,0.0467438569238575,-0.590776497567744,2.59784082165133,0.0467438569238574,0.0135416142636391,0
2.44089779815163,2.42090516147242,0.303185573114688,0.0461531051614185,-0.590776497567744,2.59685418879545,0.0461531051614186,0.0133328664959758,0
2.44189775628278,2.42190406835165,0.303231412853045,0.04556235339898,-0.590776497567744,2.59586747013838,0.0455623533989797,0.0131265946560223,0
2.44289771441394,2.42290300213648,0.303276662477438,0.0449716016365409,-0.590776497567744,2.59488066592678,0.0449716016365409,0.0129228037120667,0
2.44389767254509,2.4239019624783,0.303321321972075,0.0443808498741024,-0.590776497567744,2.59389377640759,0.0443808498741025,0.0127214985854688,0
2.44489763067625,2.42490094902848,0.303365391321372,0.0437900981116637,-0.590776497567744,2.59290680182802,0.0437900981116637,0.0125226841501146,0
2.44589758880741,2.42589996143839,0.303408870509948,0.0431993463492249,-0.590776497567744,2.59191974243552,0.0431993463492248,0.0123263652318761,0
2.44689754693856,2.42689899935938,0.30345175952263,0.0426085945867862,-0.590776497567744,2.59093259847785,0.042608594586786,0.0121325466080726,0
2.44789750506972,2.4278980624428,0.303494058344449,0.0420178428243471,-0.590776497567744,2.58994537020299,0.0420178428243472,0.0119412330069345,0
2.44889746320087,2.42889715033999,0.303535766960645,0.0414270910619086,-0.590776497567744,2.58895805785922,0.0414270910619088,0.0117524291070731,0
2.44989742133203,2.42989626270229,0.303576885356661,0.0408363392994699,-0.590776497567744,2.58797066169509,0.0408363392994699,0.0115661395369493,0
2.45089737946319,2.43089539918101,0.303617413518148,0.0402455875370311,-0.590776497567744,2.58698318195939,0.0402455875370311,0.0113823688743499,0
2.45189733759434,2.43189455942747,0.303657351430961,0.0396548357745924,-0.590776497567744,2.58599561890122,0.0396548357745923,0.011201121645865,0
2.4528972957255,2.43289374309297,0.303696699081163,0.0390640840121536,-0.590776497567744,2.58500797276991,0.0390640840121534,0.0110224023263698,0
2.45389725385665,2.43389294982882,0.303735456455022,0.0384733322497148,-0.590776497567744,2.58402024381509,0.0384733322497146,0.0108462153385107,0
2.45489721198781,2.43489217928629,0.303773623539012,0.0378825804872761,-0.590776497567744,2.58303243228664,0.0378825804872762,0.0106725650521943,0
2.45589717011896,2.43589143111668,0.303811200319814,0.0372918287248373,-0.590776497567744,2.58204453843473,0.0372918287248374,0.0105014557840812,0
2.45689712825012,2.43689070497125,0.303848186784313,0.0367010769623985,-0.590776497567744,2.5810565625098,0.0367010769623985,0.0103328917970841,0
2.45789708638128,2.43789000050127,0.303884582919602,0.0361103251999598,-0.590776497567744,2.58006850476254,0.0361103251999597,0.0101668772998698,0
2.45889704451243,2.438889317358,0.303920388712979,0.035519573437521,-0.590776497567744,2.57908036544393,0.0355195734375209,0.0100034164463659,0
2.45989700264359,2.43988865519269,0.303955604151947,0.0349288216750823,-0.590776497567744,2.57809214480523,0.0349288216750825,0.00984251333527225,0
2.46089696077474,2.44088801365659,0.303990229224219,0.0343380699126435,-0.590776497567744,2.57710384309797,0.0343380699126437,0.00968417200957639,0
2.4618969189059,2.44188739240092,0.304024263917708,0.0337473181502047,-0.590776497567744,2.57611546057394,0.0337473181502048,0.00952839645607495,0
2.46289687703706,2.44288679107692,0.304057708220539,0.033156566387766,-0.590776497567744,2.57512699748521,0.033156566387766,0.00937519060489933,0
2.46389683516821,2.44388620933581,0.304090562121039,0.0325658146253272,-0.590776497567744,2.57413845408415,0.0325658146253271,0.00922455832904623,0
2.46489679329937,2.44488564682881,0.304122825607743,0.0319750628628887,-0.590776497567744,2.57314983062337,0.0319750628628888,0.00907650344391436,0
2.46589675143052,2.44588510320712,0.30415449866939,0.0313843111004497,-0.590776497567744,2.57216112735577,0.0313843111004495,0.00893102970684539,0
2.46689670956168,2.44688457812195,0.304185581294929,0.0307935593380109,-0.590776497567744,2.57117234453454,0.0307935593380111,0.0087881408166714,0
2.46789666769284,2.4478840712245,0.30421607347351,0.0302028075755722,-0.590776497567744,2.57018348241313,0.0302028075755723,0.00864784041326699,0
2.46889662582399,2.44888358216594,0.304245975194494,0.0296120558131334,-0.590776497567744,2.56919454124528,0.0296120558131334,0.00851013207710777,0
2.46989658395515,2.44988311059747,0.304275286447444,0.0290213040506949,-0.590776497567744,2.56820552128499,0.029021304050695,0.00837501932883461,0
2.4708965420863,2.45088265617026,0.30430400722213,0.0284305522882559,-0.590776497567744,2.56721642278656,0.0284305522882558,0.00824250562882317,0
2.47189650021746,2.45188221853549,0.304332137508531,0.0278398005258174,-0.590776497567744,2.56622724600456,0.0278398005258174,0.00811259437676093,0
2.47289645834862,2.45288179734431,0.304359677296829,0.0272490487633784,-0.590776497567744,2.56523799119384,0.0272490487633785,0.00798528891122846,0
2.47389641647977,2.45388139224789,0.304386626577413,0.0266582970009396,-0.590776497567744,2.56424865860952,0.0266582970009397,0.00786059250928911,0
2.47489637461093,2.45488100289738,0.304412985340877,0.0260675452385011,-0.590776497567744,2.56325924850703,0.0260675452385013,0.00773850838608364,0
2.47589633274208,2.45588062894393,0.304438753578024,0.0254767934760621,-0.590776497567744,2.56226976114204,0.025476793476062,0.00761903969443128,0
2.47689629087324,2.45688027003868,0.304463931279859,0.0248860417136236,-0.590776497567744,2.56128019677054,0.0248860417136236,0.00750218952443943,0
2.4778962490044,2.45787992583277,0.304488518437597,0.0242952899511846,-0.590776497567744,2.56029055564878,0.0242952899511848,0.007387960903117,0
2.47889620713555,2.45887959597733,0.304512515042657,0.0237045381887461,-0.590776497567744,2.5593008380333,0.023704538188746,0.00727635679399757,0
2.47989616526671,2.45987928012349,0.304535921086665,0.0231137864263073,-0.590776497567744,2.55831104418091,0.0231137864263071,0.00716738009676787,0
2.48089612339786,2.46087897792238,0.304558736561451,0.0225230346638683,-0.590776497567744,2.55732117434874,0.0225230346638683,0.00706103364690353,0
2.48189608152902,2.4618786890251,0.304580961459054,0.0219322829014298,-0.590776497567744,2.55633122879416,0.0219322829014299,0.00695732021531298,0
2.48289603966018,2.46287841308278,0.304602595771717,0.0213415311389908,-0.590776497567744,2.55534120777485,0.0213415311389906,0.00685624250798672,0
2.48389599779133,2.46387814974652,0.30462363949189,0.0207507793765523,-0.590776497567744,2.55435111154876,0.0207507793765522,0.00675780316565655,0
2.48489595592249,2.46487789866743,0.30464409261223,0.0201600276141135,-0.590776497567744,2.55336094037416,0.0201600276141134,0.00666200476345979,0
2.48589591405364,2.4658776594966,0.304663955125598,0.0195692758516748,-0.590776497567744,2.55237069450956,0.0195692758516746,0.00656884981061295,0
2.4868958721848,2.46687743188514,0.304683227025063,0.018978524089236,-0.590776497567744,2.55138037421378,0.0189785240892362,0.00647834075009224,0
2.48789583031596,2.46787721548413,0.304701908303898,0.018387772326797,-0.590776497567744,2.55038997974593,0.0183877723267969,0.00639047995832137,0
2.48889578844711,2.46887700994466,0.304719998955585,0.0177970205643585,-0.590776497567744,2.54939951136541,0.0177970205643585,0.00630526974486911,0
2.48989574657827,2.46987681491781,0.30473749897381,0.0172062688019197,-0.590776497567744,2.5484089693319,0.0172062688019197,0.00622271235215216,0
2.49089570470942,2.47087663005467,0.304754408352466,0.0166155170394809,-0.590776497567744,2.54741835390535,0.0166155170394808,0.00614280995514838,0
2.49189566284058,2.47187645500632,0.304770727085652,0.0160247652770422,-0.590776497567744,2.54642766534605,0.016024765277042,0.00606556466111696,0
2.49289562097173,2.47287628942382,0.304786455167672,0.0154340135146034,-0.590776497567744,2.54543690391453,0.0154340135146036,0.00599097850932701,0
2.49389557910289,2.47387613295825,0.304801592593037,0.0148432617521647,-0.590776497567744,2.54444606987164,0.0148432617521648,0.00591905347079452,0
2.49489553723405,2.47487598526067,0.304816139356465,0.0142525099897259,-0.590776497567744,2.5434551634785,0.0142525099897259,0.00584979144802794,0
2.4958954953652,2.47587584598215,0.30483009545288,0.0136617582272871,-0.590776497567744,2.54246418499654,0.0136617582272871,0.00578319427478163,0
2.49689545349636,2.47687571477375,0.30484346087741,0.0130710064648484,-0.590776497567744,2.54147313468748,0.0130710064648483,0.00571926371581843,0
2.49789541162751,2.47787559128652,0.304856235625392,0.0124802547024096,-0.590776497567744,2.54048201281331,0.0124802547024094,0.00565800146668066,0
2.49889536975867,2.47887547517153,0.304868419692366,0.0118895029399709,-0.590776497567744,2.53949081963635,0.011889502939971,0.00559940915346929,0
2.49989532788983,2.47987536607982,0.304880013074082,0.0112987511775321,-0.590776497567744,2.53849955541918,0.0112987511775322,0.00554348833263263,0
2.50089528602098,2.48087526366245,0.304891015766493,0.0107079994150933,-0.590776497567744,2.53750822042468,0.0107079994150934,0.00549024049076363,0
2.50189524415214,2.48187516757046,0.304901427765759,0.0101172476526546,-0.590776497567744,2.53651681491605,0.0101172476526545,0.00543966704440518,0
2.50289520228329,2.4828750774549,0.304911249068247,0.00952649589021582,-0.590776497567744,2.53552533915676,0.0095264958902157,0.00539176933986585,0
2.50389516041445,2.48387499296682,0.304920479670528,0.00893574412777706,-0.590776497567744,2.53453379341058,0.00893574412777687,0.00534654865304307,0
2.50489511854561,2.48487491375725,0.304929119569383,0.00834499236533856,-0.590776497567744,2.53354217794158,0.00834499236533848,0.00530400618925653,0
2.50589507667676,2.48587483947723,0.304937168761795,0.00775424060289954,-0.590776497567744,2.53255049301413,0.00775424060289964,0.00526414308308987,0
2.50689503480792,2.48687476977781,0.304944627244955,0.00716348884046078,-0.590776497567744,2.53155873889288,0.00716348884046081,0.00522696039824205,0
2.50789499293907,2.48787470431002,0.304951495016261,0.00657273707802202,-0.590776497567744,2.5305669158428,0.00657273707802197,0.00519245912738747,0
2.50889495107023,2.48887464272489,0.304957772073315,0.00598198531558326,-0.590776497567744,2.52957502412914,0.00598198531558314,0.00516064019204548,0
2.50989490920138,2.48987458467347,0.304963458413928,0.00539123355314476,-0.590776497567744,2.52858306401747,0.00539123355314475,0.00513150444245941,0
2.51089486733254,2.49087452980677,0.304968554036115,0.00480048179070574,-0.590776497567744,2.52759103577364,0.00480048179070591,0.00510505265748412,0
2.5118948254637,2.49187447777584,0.304973058938097,0.00420973002826724,-0.590776497567744,2.52659893966381,0.00420973002826708,0.00508128554448417,0
2.51289478359485,2.4928744282317,0.304976973118302,0.00361897826582822,-0.590776497567744,2.52560677595443,0.00361897826582824,0.00506020373923965,0
2.51389474172601,2.49387438082539,0.304980296575364,0.00302822650338946,-0.590776497567744,2.52461454491226,0.00302822650338941,0.00504180780586327,0
2.51489469985716,2.49487433520792,0.304983029308123,0.00243747474095096,-0.590776497567744,2.52362224680436,0.00243747474095102,0.00502609823672523,0
2.51589465798832,2.49587429103034,0.304985171315627,0.00184672297851194,-0.590776497567744,2.5226298818981,0.00184672297851174,0.00501307545238844,0
2.51689461611948,2.49687424794367,0.304986722597126,0.00125597121607344,-0.590776497567744,2.52163745046113,0.00125597121607335,0.00500273980155314,0
2.51789457425063,2.49787420559893,0.30498768315208,0.000665219453634685,-0.590776497567744,2.52064495276143,0.000665219453634514,0.00499509156101063,0
2.51889453238179,2.49887416364716,0.304988052980154,7.44676911959249e-05,-0.590776497567744,2.51965238906726,7.44676911961228e-05,0.00499013093560663,0
2.51989449051294,2.49987412173937,0.304987832081218,-0.000516284071242835,-0.590776497567744,2.51865975964719,0.000516284071242712,0.00498785805821472,0
2.5208944486441,2.50087407952661,0.30498702045535,-0.00110703583368186,-0.590776497567744,2.51766706477012,0.00110703583368199,0.00498827298971799,0
2.52189440677526,2.50187403665989,0.304985618102832,-0.00169778759612035,-0.590776497567744,2.51667430470523,0.00169778759612038,0.0049913757190016,0
2.52289436490641,2.50287399279024,0.304983625024155,-0.00228853935855911,-0.590776497567744,2.515681479722,0.00228853935855922,0.00499716616295415,0
2.52389432303757,2.50387394756868,0.304981041220013,-0.00287929112099787,-0.590776497567744,2.51468859009023,0.00287929112099805,0.00500564416647842,0
2.52489428116872,2.50487390064626,0.304977866691309,-0.00347004288343663,-0.590776497567744,2.51369563608003,0.00347004288343644,0.0050168095025121,0
2.52589423929988,2.50587385167399,0.304974101439151,-0.00406079464587539,-0.590776497567744,2.51270261796181,0.00406079464587528,0.00503066187205758,0
2.52689419743104,2.50687380030291,0.304969745464852,-0.00465154640831415,-0.590776497567744,2.5117095360063,0.00465154640831411,0.00504720090422173,0
2.52789415556219,2.50787374618404,0.304964798769932,-0.00524229817075291,-0.590776497567744,2.51071639048451,0.00524229817075295,0.00506642615626479,0
2.52889411369335,2.50887368896842,0.304959261356118,-0.00583304993319167,-0.590776497567744,2.50972318166779,0.00583304993319178,0.00508833711365864,0
2.5298940718245,2.50987362830708,0.304953133225343,-0.00642380169563043,-0.590776497567744,2.50872990982778,0.00642380169563062,0.00511293319015504,0
2.53089402995566,2.51087356385105,0.304946414379744,-0.00701455345806919,-0.590776497567744,2.50773657523645,0.00701455345806901,0.00514021372786261,0
2.53189398808682,2.51187349525137,0.304939104821668,-0.00760530522050795,-0.590776497567744,2.50674317816606,0.00760530522050784,0.00517017799733399,0
2.53289394621797,2.51287342215908,0.304931204553664,-0.00819605698294671,-0.590776497567744,2.50574971888919,0.00819605698294668,0.00520282519766158,0
2.53389390434913,2.5138733442252,0.30492271357849,-0.00878680874538547,-0.590776497567744,2.50475619767874,0.00878680874538551,0.00523815445658321,0
2.53489386248028,2.51487326110079,0.304913631899109,-0.00937756050782423,-0.590776497567744,2.50376261480791,0.00937756050782435,0.00527616483059712,0
2.53589382061144,2.51587317243688,0.304903959518691,-0.00996831227026299,-0.590776497567744,2.50276897055022,0.00996831227026318,0.00531685530508569,0
2.5368937787426,2.51687307788452,0.304893696440611,-0.0105590640327018,-0.590776497567744,2.50177526517949,0.0105590640327016,0.00536022479444903,0
2.53789373687375,2.51787297709475,0.304882842668451,-0.0111498157951403,-0.590776497567744,2.50078149896989,0.0111498157951404,0.00540627214224743,0
2.53889369500491,2.51887286971861,0.304871398205998,-0.0117405675575793,-0.590776497567744,2.49978767219587,0.0117405675575792,0.00545499612135297,0
2.53989365313606,2.51987275540717,0.304859363057246,-0.012331319320018,-0.590776497567744,2.4987937851322,0.0123313193200181,0.00550639543411058,0
2.54089361126722,2.52087263381147,0.304846737226397,-0.0129220710824568,-0.590776497567744,2.49779983805398,0.0129220710824569,0.00556046871250754,0
2.54189356939838,2.52187250473444,0.30483353204868,-0.0134651078229693,-0.490319613837836,2.49680583246924,0.0134651078229693,0.00561722583099233,0
2.54289352752953,2.52287236887541,0.304819822794985,-0.0139554069076916,-0.490319613837836,2.49581177680724,0.0139554069076917,0.00567674040845639,0
2.54389348566069,2.52387222617457,0.304805623310484,-0.0144457059924142,-0.490319613837836,2.49481767275915,0.0144457059924141,0.00573902463411879,0
2.54489344379184,2.52487207639155,0.304790933598591,-0.0149360050771365,-0.490319613837836,2.49382352050625,0.0149360050771365,0.0058040768006985,0
2.545893401923,2.525871919286,0.304775753662837,-0.0154263041618591,-0.490319613837836,2.49282932022999,0.015426304161859,0.00587189512652392,0
2.54689336005415,2.52687175461756,0.304760083506871,-0.0159166032465813,-0.490319613837836,2.49183507211202,0.0159166032465814,0.00594247775577234,0
2.54789331818531,2.52787158214589,0.30474392313446,-0.0164069023313038,-0.490319613837836,2.49084077633422,0.0164069023313038,0.00601582275872031,0
2.54889327631647,2.52887140163062,0.304727272549489,-0.0168972014160264,-0.490319613837836,2.48984643307864,0.0168972014160262,0.0060919281320031,0
2.54989323444762,2.52987121283142,0.304710131755961,-0.0173875005007487,-0.490319613837836,2.48885204252757,0.0173875005007487,0.00617079179888286,0
2.55089319257878,2.53087101550792,0.304692500757996,-0.0178777995854713,-0.490319613837836,2.48785760486348,0.0178777995854715,0.00625241160952805,0
2.55189315070993,2.53187080941979,0.304674379559833,-0.0183680986701935,-0.490319613837836,2.48686312026905,0.0183680986701935,0.00633678534130017,0
2.55289310884109,2.53287059432668,0.304655768165828,-0.018858397754916,-0.490319613837836,2.48586858892716,0.0188583977549159,0.00642391069905079,0
2.55389306697225,2.53387036998825,0.304636666580455,-0.0193486968396384,-0.490319613837836,2.48487401102091,0.0193486968396384,0.00651378531542757,0
2.5548930251034,2.53487013616416,0.304617074808305,-0.0198389959243609,-0.490319613837836,2.48387938673359,0.0198389959243608,0.00660640675118934,0
2.55589298323456,2.53586989261408,0.304596992854089,-0.0203292950090835,-0.490319613837836,2.48288471624872,0.0203292950090836,0.00670177249552956,0
2.55689294136571,2.53686963909766,0.304576420722634,-0.0208195940938058,-0.490319613837836,2.48188999975,0.0208195940938056,0.00679987996640913,0
2.55789289949687,2.53786937537459,0.304555358418886,-0.0213098931785282,-0.490319613837836,2.48089523742136,0.021309893178528,0.00690072651089835,0
2.55889285762803,2.53886910120452,0.304533805947907,-0.0218001922632506,-0.490319613837836,2.47990042944691,0.0218001922632505,0.00700430940552671,0
2.55989281575918,2.53986881634713,0.304511763314879,-0.0222904913479731,-0.490319613837836,2.478905576011,0.0222904913479729,0.00711062585664096,0
2.56089277389034,2.54086852056209,0.304489230525101,-0.0227807904326955,-0.490319613837836,2.47791067729816,0.0227807904326953,0.00721967300077314,0
2.56189273202149,2.54186821360909,0.304466207583989,-0.023271089517418,-0.490319613837836,2.47691573349316,0.0232710895174177,0.00733144790501483,0
2.56289269015265,2.5428678952478,0.304442694497078,-0.0237613886021404,-0.490319613837836,2.47592074478094,0.0237613886021406,0.00744594756740175,0
2.56389264828381,2.54386756523791,0.30441869127002,-0.0242516876868628,-0.490319613837836,2.47492571134668,0.024251687686863,0.00756316891730435,0
2.56489260641496,2.5448672233391,0.304394197908586,-0.0247419867715853,-0.490319613837836,2.47393063337577,0.0247419867715855,0.0076831088158279,0
2.56589256454612,2.54586686931107,0.304369214418664,-0.0252322858563077,-0.490319613837836,2.47293551105379,0.0252322858563079,0.00780576405621974,0
2.56689252267727,2.5468665029135,0.304343740806259,-0.0257225849410302,-0.490319613837836,2.47194034456655,0.0257225849410303,0.00793113136428442,0
2.56789248080843,2.54786612390609,0.304317777077495,-0.0262128840257526,-0.490319613837836,2.47094513410006,0.0262128840257527,0.00805920739880622,0
2.56889243893959,2.54886573204853,0.304291323238614,-0.0267031831104751,-0.490319613837836,2.46994987984054,0.0267031831104751,0.00818998875197979,0
2.56989239707074,2.54986532710053,0.304264379295975,-0.0271934821951975,-0.490319613837836,2.46895458197443,0.0271934821951976,0.00832347194984695,0
2.5708923552019,2.5508649088218,0.304236945256055,-0.0276837812799199,-0.490319613837836,2.46795924068838,0.02768378127992,0.00845965345274191,0
2.57189231333305,2.55186447697203,0.304209021125449,-0.0281740803646424,-0.490319613837836,2.46696385616926,0.0281740803646424,0.00859852965574298,0
2.57289227146421,2.55286403131095,0.30418060691087,-0.0286643794493646,-0.490319613837836,2.46596842860414,0.0286643794493644,0.00874009688913108,0
2.57389222959536,2.55386357159826,0.304151702619148,-0.0291546785340873,-0.490319613837836,2.4649729581803,0.0291546785340873,0.00888435141885613,0
2.57489218772652,2.55486309759368,0.304122308257232,-0.0296449776188097,-0.490319613837836,2.46397744508526,0.0296449776188097,0.00903128944700804,0
2.57589214585768,2.55586260905693,0.304092423832188,-0.0301352767035321,-0.490319613837836,2.46298188950673,0.0301352767035321,0.00918090711229708,0
2.57689210398883,2.55686210574774,0.304062049351201,-0.0306255757882546,-0.490319613837836,2.46198629163263,0.0306255757882545,0.00933320049053771,0
2.57789206211999,2.55786158742583,0.304031184821571,-0.0311158748729768,-0.490319613837836,2.46099065165113,0.031115874872977,0.0094881655951411,0
2.57889202025114,2.55886105385094,0.303999830250718,-0.0316061739576995,-0.490319613837836,2.45999496975059,0.0316061739576994,0.0096457983776127,0
2.5798919783823,2.5598605047828,0.303967985646181,-0.0320964730424217,-0.490319613837836,2.45899924611957,0.0320964730424218,0.00980609472805521,0
2.58089193651346,2.56085993998115,0.303935651015613,-0.0325867721271443,-0.490319613837836,2.45800348094689,0.0325867721271442,0.00996905047567931,0
2.58189189464461,2.56185935920574,0.303902826366789,-0.0330770712118668,-0.490319613837836,2.45700767442155,0.0330770712118666,0.0101346613893179,0
2.58289185277577,2.5628587622163,0.303869511707599,-0.033567370296589,-0.490319613837836,2.45601182673278,0.0335673702965891,0.0103029231779475,0
2.58389181090692,2.56385814877258,0.303835707046051,-0.0340576693813117,-0.490319613837836,2.45501593807004,0.0340576693813115,0.0104738314912148,0
2.58489176903808,2.56485751863436,0.303801412390272,-0.0345479684660339,-0.490319613837836,2.45402000862298,0.0345479684660339,0.0106473819199676,0
2.58589172716924,2.56585687156137,0.303766627748507,-0.0350382675507565,-0.490319613837836,2.4530240385815,0.0350382675507563,0.0108235699967923,0
2.58689168530039,2.56685620731339,0.303731353129116,-0.0355285666354788,-0.490319613837836,2.4520280281357,0.0355285666354788,0.0110023911965547,0
2.58789164343155,2.56785552565018,0.303695588540581,-0.0360188657202012,-0.490319613837836,2.45103197747589,0.0360188657202012,0.011183840936948,0
2.5888916015627,2.56885482633151,0.303659333991498,-0.0365091648049239,-0.490319613837836,2.45003588679263,0.0365091648049241,0.011367914579043,0
2.58989155969386,2.56985410911715,0.303622589490584,-0.0369994638896461,-0.490319613837836,2.44903975627668,0.036999463889646,0.0115546074278444,0
2.59089151782502,2.57085337376689,0.30358535504667,-0.0374897629743688,-0.490319613837836,2.44804358611903,0.0374897629743689,0.0117439147328513,0
2.59189147595617,2.57185262004051,0.303547630668708,-0.037980062059091,-0.490319613837836,2.44704737651087,0.0379800620590909,0.0119358316886216,0
2.59289143408733,2.5728518476978,0.303509416365766,-0.0384703611438134,-0.490319613837836,2.44605112764363,0.0384703611438133,0.0121303534353409,0
2.59389139221848,2.57385105649854,0.303470712147032,-0.0389606602285359,-0.490319613837836,2.44505483970897,0.0389606602285357,0.0123274750593956,0
2.59489135034964,2.57485024620254,0.303431518021809,-0.0394509593132583,-0.490319613837836,2.44405851289876,0.0394509593132581,0.0125271915939483,0
2.5958913084808,2.5758494165696,0.303391833999519,-0.039941258397981,-0.490319613837836,2.44306214740508,0.039941258397981,0.0127294980195196,0
2.59689126661195,2.57684856735952,0.303351660089703,-0.0404315574827032,-0.490319613837836,2.44206574342026,0.040431557482703,0.0129343892645705,0
2.59789122474311,2.57784769833212,0.303310996302017,-0.0409218565674256,-0.490319613837836,2.44106930113684,0.0409218565674254,0.0131418602060909,0
2.59889118287426,2.57884680924721,0.303269842646236,-0.0414121556521481,-0.490319613837836,2.44007282074759,0.0414121556521483,0.0133519056701892,0
2.59989114100542,2.57984589986461,0.303228199132255,-0.0419024547368705,-0.490319613837836,2.43907630244548,0.0419024547368707,0.0135645204326857,0
2.60089109913657,2.58084496994415,0.303186065770084,-0.042392753821593,-0.490319613837836,2.43807974642374,0.0423927538215931,0.0137796992197102,0
2.60189105726773,2.58184401924565,0.303143442569851,-0.0428830529063154,-0.490319613837836,2.43708315287581,0.0428830529063156,0.0139974367083003,0
2.60289101539889,2.58284304752896,0.303100329541802,-0.0433733519910378,-0.490319613837836,2.43608652199536,0.043373351991038,0.0142177275270038,0
2.60389097353004,2.58384205455391,0.303056726696303,-0.0438636510757603,-0.490319613837836,2.43508985397627,0.0438636510757604,0.0144405662564835,0
2.6048909316612,2.58484104008035,0.303012634043833,-0.0443539501604827,-0.490319613837836,2.43409314901266,0.0443539501604828,0.0146659474301232,0
2.60589088979235,2.58584000386812,0.302968051594994,-0.0448442492452052,-0.490319613837836,2.43309640729888,0.0448442492452052,0.0148938655346379,0
2.60689084792351,2.5868389456771,0.302922979360503,-0.0453345483299276,-0.490319613837836,2.43209962902951,0.0453345483299277,0.0151243150106846,0
2.60789080605467,2.58783786526712,0.302877417351194,-0.0458248474146501,-0.490319613837836,2.43110281439934,0.0458248474146501,0.0153572902534752,0
2.60889076418582,2.58883676239807,0.30283136557802,-0.0463151464993725,-0.490319613837836,2.43010596360341,0.0463151464993725,0.0155927856133921,0
2.60989072231698,2.58983563682982,0.302784824052052,-0.0468054455840949,-0.490319613837836,2.42910907683697,0.0468054455840949,0.0158307953966041,0
2.61089068044813,2.59083448832224,0.302737792784479,-0.0472957446688174,-0.490319613837836,2.42811215429551,0.0472957446688174,0.0160713138656854,0
2.61189063857929,2.59183331663521,0.302690271786605,-0.0477860437535398,-0.490319613837836,2.42711519617476,0.0477860437535398,0.0163143352402345,0
2.61289059671045,2.59283212152862,0.302642261069855,-0.048276342838262,-0.490319613837836,2.42611820267065,0.0482763428382622,0.0165598536974956,0
2.6138905548416,2.59383090276238,0.302593760645771,-0.0487666419229847,-0.490319613837836,2.42512117397937,0.0487666419229846,0.0168078633729803,0
2.61489051297276,2.59482966009637,0.302544770526011,-0.0492569410077071,-0.490319613837836,2.42412411029732,0.0492569410077071,0.01705835836109,0
2.61589047110391,2.5958283932905,0.302495290722352,-0.0497472400924296,-0.490319613837836,2.42312701182116,0.0497472400924295,0.0173113327157408,0
2.61689042923507,2.59682710210469,0.30244532124669,-0.050237539177152,-0.490319613837836,2.42212987874774,0.0502375391771519,0.0175667804509867,0
2.61789038736623,2.59782578629885,0.302394862111035,-0.0507278382618742,-0.490319613837836,2.42113271127419,0.0507278382618743,0.0178246955416458,0
2.61889034549738,2.5988244456329,0.302343913327519,-0.0512181373465969,-0.490319613837836,2.42013550959783,0.0512181373465967,0.0180850719239253,0
2.61989030362854,2.59982307986678,0.302292474908389,-0.0517084364313191,-0.490319613837836,2.41913827391624,0.0517084364313192,0.0183479034960467,0
2.62089026175969,2.60082168876041,0.302240546866011,-0.0521987355160418,-0.490319613837836,2.41814100442722,0.0521987355160416,0.0186131841188733,0
2.62189021989085,2.60182027207375,0.302188129212867,-0.0526890346007642,-0.490319613837836,2.41714370132882,0.052689034600764,0.0188809076165345,0
2.62289017802201,2.60281882956673,0.302135221961558,-0.0531793336854865,-0.490319613837836,2.41614636481931,0.0531793336854864,0.019151067777053,0
2.62389013615316,2.60381736099932,0.302081825124804,-0.0536696327702091,-0.490319613837836,2.4151489950972,0.0536696327702093,0.0194236583529707,0
2.62489009428432,2.60481586613146,0.30202793871544,-0.0541599318549313,-0.490319613837836,2.41415159236123,0.0541599318549313,0.0196986730619728,0
2.62589005241547,2.60581434472314,0.30197356274642,-0.054650230939654,-0.490319613837836,2.41315415681039,0.0546502309396542,0.0199761055875149,0
2.62689001054663,2.60681279653431,0.301918697230816,-0.0551405300243762,-0.490319613837836,2.4121566886439,0.0551405300243761,0.0202559495794452,0
2.62788996867778,2.60781122132496,0.301863342181817,-0.0556308291090987,-0.490319613837836,2.41115918806121,0.0556308291090986,0.0205381986546305,0
2.62888992680894,2.60880961885507,0.30180749761273,-0.0561211281938213,-0.490319613837836,2.41016165526201,0.0561211281938214,0.0208228463975775,0
2.6298898849401,2.60980798888464,0.30175116353698,-0.0566114272785435,-0.490319613837836,2.40916409044623,0.0566114272785434,0.021109886361056,0
2.63088984307125,2.61080633117366,0.301694339968109,-0.0571017263632662,-0.490319613837836,2.40816649381405,0.0571017263632663,0.0213993120667195,0
2.63188980120241,2.61180464548215,0.301637026919777,-0.0575920254479884,-0.490319613837836,2.40716886556586,0.0575920254479882,0.021691117005725,0
2.63288975933356,2.61280293157011,0.301579224405761,-0.0580823245327109,-0.490319613837836,2.40617120590233,0.0580823245327107,0.0219852946393521,0
2.63388971746472,2.61380118919755,0.301520932439958,-0.0585726236174333,-0.490319613837836,2.40517351502433,0.0585726236174331,0.0222818383996201,0
2.63488967559588,2.61479941812452,0.30146215103638,-0.0590629227021558,-0.490319613837836,2.40417579313299,0.059062922702156,0.0225807416899041,0
2.63588963372703,2.61579761811103,0.301402880209157,-0.0595532217868782,-0.490319613837836,2.40317804042968,0.0595532217868784,0.0228819978855487,0
2.63688959185819,2.61679578891713,0.301343119972539,-0.0600435208716006,-0.490319613837836,2.402180257116,0.0600435208716008,0.0231856003344811,0
2.63788954998934,2.61779393030287,0.30128287034089,-0.0605338199563231,-0.490319613837836,2.40118244339382,0.0605338199563232,0.0234915423578219,0
2.6388895081205,2.61879204202829,0.301222131328695,-0.0610241190410455,-0.490319613837836,2.40018459946521,0.0610241190410457,0.0237998172504942,0
2.63988946625166,2.61979012385347,0.301160902950555,-0.061514418125768,-0.490319613837836,2.39918672553253,0.0615144181257681,0.02411041828183,0
2.64088942438281,2.62078817553846,0.301099185221189,-0.0620047172104904,-0.490319613837836,2.39818882179833,0.0620047172104905,0.0244233386961755,0
2.64188938251397,2.62178619684334,0.301036978155432,-0.0624950162952128,-0.490319613837836,2.39719088846545,0.0624950162952129,0.0247385717134941,0
2.64288934064512,2.6227841875282,0.30097428176824,-0.0629853153799353,-0.490319613837836,2.39619292573696,0.0629853153799353,0.025056110529966,0
2.64388929877628,2.62378214735313,0.300911096074685,-0.0634756144646577,-0.490319613837836,2.39519493381615,0.0634756144646578,0.0253759483185872,0
2.64488925690744,2.62478007607822,0.300847421089954,-0.0639659135493802,-0.490319613837836,2.3941969129066,0.0639659135493802,0.0256980782297645,0
2.64588921503859,2.62577797346357,0.300783256829357,-0.0644562126341026,-0.490319613837836,2.39319886321209,0.0644562126341026,0.0260224933919089,0
2.64688917316975,2.6267758392693,0.300718603308316,-0.064946511718825,-0.490319613837836,2.39220078493667,0.064946511718825,0.0263491869120264,0
2.6478891313009,2.62777367325553,0.300653460542375,-0.0654368108035472,-0.490319613837836,2.39120267828464,0.065436810803547,0.0266781518763045,0
2.64888908943206,2.62877147518239,0.300587828547194,-0.0659271098882699,-0.490319613837836,2.39020454346054,0.0659271098882699,0.0270093813506994,0
2.64988904756322,2.62976924481001,0.300521707338549,-0.0664174089729923,-0.490319613837836,2.38920638066915,0.0664174089729923,0.0273428683815152,0
2.65088900569437,2.63076698189854,0.300455096932337,-0.0669077080577148,-0.490319613837836,2.38820819011551,0.0669077080577147,0.0276786059959858,0
2.65188896382553,2.63176468620812,0.300387997344569,-0.0673980071424372,-0.490319613837836,2.38720997200489,0.0673980071424372,0.0280165872028497,0
2.65288892195668,2.63276235749891,0.300320408591376,-0.0678883062271594,-0.490319613837836,2.38621172654285,0.0678883062271596,0.0283568049929223,0
2.65388888008784,2.63375999553109,0.300252330689005,-0.0683786053118821,-0.490319613837836,2.38521345393514,0.068378605311882,0.028699252339668,0
2.65488883821899,2.63475760006482,0.300183763653823,-0.0688689043966043,-0.490319613837836,2.38421515438781,0.0688689043966044,0.0290439221997639,0
2.65588879635015,2.63575517086029,0.300114707502313,-0.0693592034813269,-0.490319613837836,2.38321682810714,0.0693592034813268,0.0293908075136659,0
2.65688875448131,2.63675270767769,0.300045162251074,-0.0698495025660494,-0.490319613837836,2.38221847529966,0.0698495025660493,0.0297399012061658,0
2.65788871261246,2.63775021027721,0.299975127916825,-0.0703398016507716,-0.490319613837836,2.38122009617214,0.0703398016507717,0.0300911961869504,0
2.65888867074362,2.63874767841907,0.299904604516402,-0.0708301007354942,-0.490319613837836,2.38022169093164,0.0708301007354941,0.0304446853511528,0
2.65988862887477,2.63974511186348,0.299833592066759,-0.0713203998202164,-0.490319613837836,2.37922325978542,0.0713203998202165,0.0308003615799012,0
2.66088858700593,2.64074251037067,0.299762090584966,-0.0718106989049391,-0.490319613837836,2.37822480294104,0.071810698904939,0.0311582177408669,0
2.66188854513709,2.64173987370086,0.299690100088211,-0.0723009979896613,-0.490319613837836,2.37722632060629,0.0723009979896614,0.031518246688803,0
2.66288850326824,2.64273720326871,0.299617643315354,-0.0726900408194628,-0.265296292482267,2.37622781421296,0.0726900408194626,0.0318804624903654,0
2.6638884613994,2.6437345111079,0.299544888026252,-0.072955326004296,-0.265296292482267,2.37522929294976,0.0729553260042959,0.0322450144488035,0
2.66488841953055,2.64473179961109,0.299471868168718,-0.073220611189129,-0.265296292482267,2.37423075870642,0.0732206111891291,0.0326119264896065,0
2.66588837766171,2.64572906870811,0.299398583747892,-0.0734858963739623,-0.265296292482267,2.37323221153688,0.0734858963739624,0.03298119078527,0
2.66688833579287,2.64672631832876,0.299325034768931,-0.0737511815587954,-0.265296292482267,2.37223365149513,0.0737511815587952,0.0333527994928726,0
2.66788829392402,2.64772354840287,0.299251221237011,-0.0740164667436286,-0.265296292482267,2.37123507863523,0.0740164667436285,0.0337267447547143,0
2.66888825205518,2.64872075886025,0.299177143157328,-0.0742817519284618,-0.265296292482267,2.3702364930113,0.0742817519284618,0.0341030186989481,0
2.66988821018633,2.64971794963073,0.299102800535093,-0.074547037113295,-0.265296292482267,2.36923789467751,0.074547037113295,0.0344816134402079,0
2.67088816831749,2.65071512064412,0.29902819337554,-0.0748123222981283,-0.265296292482267,2.36823928368812,0.0748123222981283,0.0348625210802338,0
2.67188812644865,2.65171227183024,0.298953321683918,-0.0750776074829614,-0.265296292482267,2.36724066009743,0.0750776074829616,0.0352457337084875,0
2.6728880845798,2.65270940311893,0.298878185465497,-0.0753428926677946,-0.265296292482267,2.36624202395981,0.0753428926677948,0.0356312434027696,0
2.67388804271096,2.65370651444001,0.298802784725566,-0.0756081778526278,-0.265296292482267,2.36524337532969,0.0756081778526276,0.036019042229826,0
2.67488800084211,2.6547036057233,0.298727119469429,-0.075873463037461,-0.265296292482267,2.36424471426157,0.0758734630374609,0.0364091222459536,0
2.67588795897327,2.65570067689863,0.298651189702413,-0.0761387482222942,-0.265296292482267,2.36324604081001,0.0761387482222942,0.0368014754975985,0
2.67688791710443,2.65669772789584,0.29857499542986,-0.0764040334071274,-0.265296292482267,2.36224735502962,0.0764040334071274,0.0371960940219507,0
2.67788787523558,2.65769475864475,0.298498536657134,-0.0766693185919606,-0.265296292482267,2.3612486569751,0.0766693185919607,0.0375929698475327,0
2.67888783336674,2.6586917690752,0.298421813389615,-0.0769346037767938,-0.265296292482267,2.36024994670119,0.076934603776794,0.0379920949947836,0
2.67988779149789,2.65968875911702,0.298344825632702,-0.077199888961627,-0.265296292482267,2.3592512242627,0.0771998889616272,0.0383934614766381,0
2.68088774962905,2.66068572870005,0.298267573391814,-0.0774651741464602,-0.265296292482267,2.35825248971451,0.07746517414646,0.0387970612990994,0
2.68188770776021,2.66168267775412,0.298190056672387,-0.0777304593312934,-0.265296292482267,2.35725374311156,0.0777304593312933,0.0392028864618085,0
2.68288766589136,2.66267960620907,0.298112275479877,-0.0779957445161266,-0.265296292482267,2.35625498450885,0.0779957445161266,0.0396109289586059,0
2.68388762402252,2.66367651399474,0.298034229819758,-0.0782610297009598,-0.265296292482267,2.35525621396145,0.0782610297009598,0.0400211807780903,0
2.68488758215367,2.66467340104098,0.297955919697521,-0.078526314885793,-0.265296292482267,2.35425743152449,0.0785263148857931,0.0404336339041704,0
2.68588754028483,2.66567026727762,0.297877345118679,-0.0787916000706262,-0.265296292482267,2.35325863725318,0.0787916000706264,0.0408482803166121,0
2.68688749841598,2.66666711263452,0.297798506088762,-0.0790568852554595,-0.265296292482267,2.35225983120276,0.0790568852554596,0.0412651119915793,0
2.68788745654714,2.66766393704151,0.297719402613317,-0.0793221704402925,-0.265296292482267,2.35126101342857,0.0793221704402924,0.0416841209021702,0
2.6888874146783,2.66866074042844,0.297640034697911,-0.0795874556251259,-0.265296292482267,2.350262183986,0.0795874556251257,0.0421052990189488,0
2.68988737280945,2.66965752272517,0.29756040234813,-0.0798527408099591,-0.265296292482267,2.3492633429305,0.079852740809959,0.0425286383104678,0
2.69088733094061,2.67065428386154,0.297480505569579,-0.0801180259947923,-0.265296292482267,2.34826449031759,0.0801180259947922,0.0429541307437892,0
2.69188728907176,2.67165102376741,0.297400344367881,-0.0803833111796255,-0.265296292482267,2.34726562620286,0.0803833111796255,0.0433817682849987,0
2.69288724720292,2.67264774237262,0.297319918748675,-0.0806485963644585,-0.265296292482267,2.34626675064196,0.0806485963644588,0.0438115428997125,0
2.69388720533408,2.67364443960703,0.297239228717624,-0.0809138815492919,-0.265296292482267,2.34526786369061,0.080913881549292,0.0442434465535816,0
2.69488716346523,2.67464111540051,0.297158274280405,-0.081179166734125,-0.265296292482267,2.34426896540459,0.0811791667341248,0.0446774712127863,0
2.69588712159639,2.6756377696829,0.297077055442715,-0.0814444519189583,-0.265296292482267,2.34327005583975,0.0814444519189581,0.0451136088445312,0
2.69688707972754,2.67663440238406,0.296995572210271,-0.0817097371037915,-0.265296292482267,2.342271135052,0.0817097371037914,0.0455518514175273,0
2.6978870378587,2.67763101343386,0.296913824588808,-0.0819750222886246,-0.265296292482267,2.34127220309732,0.0819750222886246,0.0459921909024738,0
2.69888699598986,2.67862760276216,0.296831812584077,-0.0822403074734579,-0.265296292482267,2.34027326003176,0.0822403074734579,0.0464346192725332,0
2.69988695412101,2.67962417029882,0.296749536201851,-0.082505592658291,-0.265296292482267,2.33927430591144,0.0825055926582912,0.0468791285037978,0
2.70088691225217,2.68062071597371,0.29666699544792,-0.0827708778431242,-0.265296292482267,2.33827534079252,0.082770877843124,0.0473257105757547,0
2.70188687038332,2.6816172397167,0.296584190328093,-0.0830361630279574,-0.265296292482267,2.33727636473126,0.0830361630279572,0.0477743574717417,0
2.70288682851448,2.68261374145764,0.296501120848197,-0.0833014482127906,-0.265296292482267,2.33627737778398,0.0833014482127905,0.0482250611794001,0
2.70388678664564,2.68361022112643,0.29641778701408,-0.0835667333976239,-0.265296292482267,2.33527838000704,0.0835667333976238,0.0486778136911198,0
2.70488674477679,2.68460667865291,0.296334188831604,-0.083832018582457,-0.265296292482267,2.33427937145689,0.083832018582457,0.0491326070044784,0
2.70588670290795,2.68560311396697,0.296250326306654,-0.0840973037672902,-0.265296292482267,2.33328035219006,0.0840973037672903,0.0495894331226788,0
2.7068866610391,2.68659952699849,0.296166199445132,-0.0843625889521234,-0.265296292482267,2.33228132226312,0.0843625889521236,0.0500482840549749,0
2.70788661917026,2.68759591767733,0.296081808252958,-0.0846278741369566,-0.265296292482267,2.33128228173272,0.0846278741369564,0.0505091518170966,0
2.70888657730142,2.68859228593338,0.295997152736071,-0.0848931593217898,-0.265296292482267,2.33028323065557,0.0848931593217896,0.0509720284316655,0
2.70988653543257,2.68958863169651,0.295912232900429,-0.085158444506623,-0.265296292482267,2.32928416908846,0.0851584445066229,0.0514369059286081,0
2.71088649356373,2.69058495489661,0.295827048752009,-0.0854237296914562,-0.265296292482267,2.32828509708824,0.0854237296914562,0.0519037763455616,0
2.71188645169488,2.69158125546356,0.295741600296805,-0.0856890148762894,-0.265296292482267,2.32728601471184,0.0856890148762894,0.0523726317282735,0
2.71288640982604,2.69257753332724,0.29565588754083,-0.0859543000611226,-0.265296292482267,2.32628692201623,0.0859543000611227,0.0528434641309969,0
2.71388636795719,2.69357378841755,0.295569910490118,-0.0862195852459558,-0.265296292482267,2.32528781905848,0.086219585245956,0.0533162656168791,0
2.71488632608835,2.69457002066435,0.295483669150718,-0.086484870430789,-0.265296292482267,2.3242887058957,0.0864848704307892,0.0537910282583463,0
2.71588628421951,2.69556622999756,0.2953971635287,-0.0867501556156222,-0.265296292482267,2.32328958258511,0.086750155615622,0.05426774413748,0
2.71688624235066,2.69656241634704,0.295310393630153,-0.0870154408004554,-0.265296292482267,2.32229044918394,0.0870154408004553,0.0547464053463895,0
2.71788620048182,2.69755857964271,0.295223359461182,-0.0872807259852886,-0.265296292482267,2.32129130574955,0.0872807259852886,0.055227003987579,0
2.71888615861297,2.69855471981445,0.295136061027912,-0.0875460111701218,-0.265296292482267,2.32029215233932,0.0875460111701218,0.0557095321743088,0
2.71988611674413,2.69955083679215,0.295048498336488,-0.087811296354955,-0.265296292482267,2.31929298901072,0.0878112963549551,0.0561939820309505,0
2.72088607487529,2.70054693050572,0.294960671393072,-0.0880765815397881,-0.265296292482267,2.31829381582131,0.0880765815397879,0.0566803456933367,0
2.72188603300644,2.70154300088505,0.294872580203844,-0.0883418667246214,-0.265296292482267,2.31729463282867,0.0883418667246216,0.057168615309107,0
2.7228859911376,2.70253904786005,0.294784224775004,-0.0886071519094546,-0.265296292482267,2.31629544009049,0.0886071519094545,0.0576587830380443,0
2.72388594926875,2.70353507136061,0.294695605112771,-0.0888724370942878,-0.265296292482267,2.31529623766453,0.0888724370942877,0.0581508410524114,0
2.72488590739991,2.70453107131664,0.294606721223381,-0.089137722279121,-0.265296292482267,2.31429702560858,0.089137722279121,0.0586447815372773,0
2.72588586553107,2.70552704765804,0.294517573113089,-0.0894030074639541,-0.265296292482267,2.31329780398056,0.0894030074639542,0.0591405966908399,0
2.72688582366222,2.70652300031472,0.294428160788169,-0.0896682926487875,-0.265296292482267,2.3122985728384,0.0896682926487875,0.0596382787247456,0
2.72788578179338,2.70751892921659,0.294338484254914,-0.0899335778336205,-0.265296292482267,2.31129933224014,0.0899335778336203,0.0601378198643973,0
2.72888573992453,2.70851483429356,0.294248543519635,-0.0901988630184539,-0.265296292482267,2.31030008224388,0.090198863018454,0.0606392123492658,0
2.72988569805569,2.70951071547555,0.294158338588661,-0.0904641482032871,-0.265296292482267,2.30930082290779,0.0904641482032869,0.0611424484331874,0
2.73088565618685,2.71050657269246,0.294067869468341,-0.0907294333881201,-0.265296292482267,2.3083015542901,0.0907294333881201,0.0616475203846609,0
2.731885614318,2.71150240587421,0.293977136165042,-0.0909947185729535,-0.265296292482267,2.30730227644913,0.0909947185729534,0.0621544204871412,0
2.73288557244916,2.71249821495071,0.293886138685149,-0.0912600037577865,-0.265296292482267,2.30630298944327,0.0912600037577866,0.0626631410393202,0
2.73388553058031,2.7134939998519,0.293794877035066,-0.0915252889426199,-0.265296292482267,2.30530369333095,0.0915252889426199,0.0631736743554126,0
2.73488548871147,2.71448976050768,0.293703351221216,-0.091790574127453,-0.265296292482267,2.30430438817072,0.0917905741274532,0.0636860127654258,0
2.73588544684263,2.71548549684798,0.293611561250041,-0.0920558593122862,-0.265296292482267,2.30330507402116,0.092055859312286,0.0642001486154352,0
2.73688540497378,2.71648120880272,0.293519507127999,-0.0923211444971194,-0.265296292482267,2.30230575094095,0.0923211444971193,0.0647160742678461,0
2.73788536310494,2.71747689630183,0.293427188861569,-0.0925864296819526,-0.265296292482267,2.30130641898882,0.0925864296819525,0.0652337821016546,0
2.73888532123609,2.71847255927523,0.293334606457249,-0.0928517148667859,-0.265296292482267,2.30030707822359,0.0928517148667858,0.0657532645127035,0
2.73988527936725,2.71946819765286,0.293241759921554,-0.093117000051619,-0.265296292482267,2.29930772870414,0.093117000051619,0.066274513913931,0
2.7408852374984,2.72046381136465,0.293148649261018,-0.0933822852364522,-0.265296292482267,2.29830837048942,0.0933822852364523,0.0667975227356188,0
2.74188519562956,2.72145940034052,0.293055274482193,-0.0936475704212854,-0.265296292482267,2.29730900363848,0.0936475704212856,0.0673222834256285,0
2.74288515376072,2.72245496451042,0.292961635591653,-0.0939128556061186,-0.265296292482267,2.2963096282104,0.0939128556061184,0.0678487884496396,0
2.74388511189187,2.72345050380427,0.292867732595985,-0.0941781407909518,-0.265296292482267,2.29531024426436,0.0941781407909517,0.0683770302913798,0
2.74488507002303,2.72444601815202,0.292773565501799,-0.094443425975785,-0.265296292482267,2.29431085185962,0.0944434259757849,0.0689070014528501,0
2.74588502815418,2.7254415074836,0.292679134315722,-0.0947087111606182,-0.265296292482267,2.2933114510555,0.0947087111606182,0.0694386944545473,0
2.74688498628534,2.72643697172896,0.2925844390444,-0.0949739963454514,-0.265296292482267,2.29231204191137,0.0949739963454515,0.0699721018356787,0
2.7478849444165,2.72743241081804,0.292489479694497,-0.0952392815302846,-0.265296292482267,2.29131262448673,0.0952392815302847,0.0705072161543744,0
2.74888490254765,2.72842782468079,0.292394256272695,-0.0955045667151178,-0.265296292482267,2.29031319884109,0.095504566715118,0.0710440299878957,0
2.74988486067881,2.72942321324714,0.292298768785697,-0.095769851899951,-0.265296292482267,2.28931376503409,0.0957698518999508,0.0715825359328354,0
2.75088481880996,2.73041857644705,0.292203017240222,-0.0960351370847842,-0.265296292482267,2.28831432312541,0.0960351370847841,0.072122726605317,0
2.75188477694112,2.73141391421047,0.292107001643009,-0.0963004222696174,-0.265296292482267,2.28731487317481,0.0963004222696173,0.0726645946411887,0
2.75288473507228,2.73240922646736,0.292010722000815,-0.0965657074544506,-0.265296292482267,2.28631541524213,0.0965657074544506,0.0732081326962102,0
2.75388469320343,2.73340451314765,0.291914178320416,-0.0968309926392838,-0.265296292482267,2.28531594938729,0.0968309926392839,0.0737533334462405,0
2.75488465133459,2.73439977418132,0.291817370608607,-0.097096277824117,-0.265296292482267,2.28431647567026,0.0970962778241171,0.0743001895874147,0
2.75588460946574,2.73539500949831,0.2917202988722,-0.0973615630089501,-0.265296292482267,2.2833169941511,0.0973615630089499,0.0748486938363215,0
2.7568845675969,2.73639021902859,0.291622963118026,-0.0976268481937834,-0.265296292482267,2.28231750488996,0.0976268481937836,0.075398838930176,0
2.75788452572806,2.73738540270212,0.291525363352937,-0.0978921333786166,-0.265296292482267,2.28131800794705,0.0978921333786165,0.0759506176269832,0
2.75888448385921,2.73838056044886,0.2914274995838,-0.0981574185634498,-0.265296292482267,2.28031850338265,0.0981574185634497,0.0765040227057044,0
2.75988444199037,2.73937569219877,0.291329371817503,-0.098422703748283,-0.265296292482267,2.27931899125712,0.098422703748283,0.0770590469664154,0
2.76088440012152,2.74037079788182,0.291230980060952,-0.0986879889331161,-0.265296292482267,2.2783194716309,0.0986879889331163,0.0776156832304599,0
2.76188435825268,2.74136587742798,0.291132324321072,-0.0989532741179494,-0.265296292482267,2.2773199445645,0.0989532741179495,0.0781739243406009,0
2.76288431638384,2.74236093076723,0.291033404604804,-0.0992185593027825,-0.265296292482267,2.27632041011851,0.0992185593027823,0.0787337631611677,0
2.76388427451499,2.74335595782952,0.290934220919112,-0.0994838444876158,-0.265296292482267,2.27532086835359,0.099483844487616,0.0792951925781979,0
2.76488423264615,2.74435095854483,0.290834773270974,-0.099749129672449,-0.265296292482267,2.27432131933049,0.0997491296724489,0.0798582054995761,0
2.7658841907773,2.74534593284315,0.290735061667391,-0.100014414857282,-0.265296292482267,2.27332176311002,0.100014414857282,0.0804227948551682,0
2.76688414890846,2.74634088065445,0.290635086115378,-0.100279700042115,-0.265296292482267,2.27232219975308,0.100279700042115,0.0809889535969531,0
2.76788410703961,2.7473358019087,0.290534846621972,-0.100544985226949,-0.265296292482267,2.27132262932063,0.100544985226949,0.0815566746991485,0
2.76888406517077,2.74833069653589,0.290434343194228,-0.100810270411782,-0.265296292482267,2.27032305187372,0.100810270411782,0.0821259511583356,0
2.76988402330193,2.749325564466,0.290333575839219,-0.101075555596615,-0.265296292482267,2.26932346747348,0.101075555596615,0.0826967759935759,0
2.77088398143308,2.75032040562902,0.290232544564036,-0.101340840781448,-0.265296292482267,2.26832387618111,0.101340840781448,0.0832691422465308,0
2.77188393956424,2.75131521995493,0.290131249375789,-0.101606125966281,-0.265296292482267,2.26732427805788,0.101606125966281,0.0838430429815699,0
2.77288389769539,2.75231000737372,0.290029690281607,-0.101871411151115,-0.265296292482267,2.26632467316516,0.101871411151115,0.0844184712858804,0
2.77388385582655,2.75330476781539,0.289927867288638,-0.102136696335948,-0.265296292482267,2.26532506156437,0.102136696335948,0.0849954202695749,0
2.77488381395771,2.75429950120992,0.289825780404047,-0.102401981520781,-0.265296292482267,2.26432544331702,0.102401981520781,0.0855738830657872,0
2.77588377208886,2.75529420748731,0.289723429635019,-0.102667266705614,-0.265296292482267,2.26332581848471,0.102667266705614,0.0861538528307756,0
2.77688373022002,2.75628888657756,0.289620814988757,-0.102932551890447,-0.265296292482267,2.26232618712911,0.102932551890447,0.0867353227440132,0
2.77788368835117,2.75728353841066,0.289517936472483,-0.103197837075281,-0.265296292482267,2.26132654931195,0.10319783707528,0.0873182860082817,0
2.77888364648233,2.75827816291661,0.289414794093436,-0.103463122260114,-0.265296292482267,2.26032690509507,0.103463122260114,0.0879027358497574,0
2.77988360461349,2.75927276002542,0.289311387858876,-0.103728407444947,-0.265296292482267,2.25932725454037,0.103728407444947,0.0884886655180947,0
2.78088356274464,2.76026732966709,0.28920771777608,-0.10399369262978,-0.265296292482267,2.25832759770982,0.10399369262978,0.0890760682865101,0
2.7818835208758,2.76126187177163,0.289103783852344,-0.104258977814613,-0.265296292482267,2.2573279346655,0.104258977814613,0.0896649374518569,0
2.78288347900695,2.76225638626904,0.288999586094982,-0.104524262999447,-0.265296292482267,2.25632826546953,0.104524262999447,0.0902552663347013,0
2.78388343713811,2.76325087423979,0.288895135455616,-0.104737759712732,-0.143435963304437,2.25532859044507,0.104737759712732,0.0908470571437566,0
2.78488339526927,2.76424534511297,0.288790522145002,-0.104881189670538,-0.143435963304437,2.25432891178945,0.104881189670538,0.0914403761681408,0
2.78588335340042,2.76523980097123,0.288685766198549,-0.105024619628345,-0.143435963304437,2.25332922999919,0.105024619628345,0.0920352326320974,0
2.78688331153158,2.76623424179413,0.288580867618412,-0.105168049586151,-0.143435963304437,2.25232954509069,0.105168049586151,0.0926316195355244,0
2.78788326966273,2.76722866756119,0.288475826406749,-0.105311479543958,-0.143435963304437,2.25132985708039,0.105311479543958,0.0932295299028127,0
2.78888322779389,2.76822307825197,0.288370642565722,-0.105454909501764,-0.143435963304437,2.25033016598473,0.105454909501764,0.0938289567829299,0
2.78988318592505,2.76921747384601,0.288265316097494,-0.105598339459571,-0.143435963304437,2.24933047182017,0.105598339459571,0.0944298932495035,0
2.7908831440562,2.77021185432285,0.288159847004231,-0.105741769417377,-0.143435963304437,2.24833077460321,0.105741769417377,0.095032332400898,0
2.79188310218736,2.77120621966203,0.288054235288104,-0.105885199375184,-0.143435963304437,2.24733107435034,0.105885199375184,0.0956362673602908,0
2.79288306031851,2.7722005698431,0.287948480951285,-0.10602862933299,-0.143435963304437,2.24633137107809,0.10602862933299,0.0962416912757429,0
2.79388301844967,2.7731949048456,0.28784258399595,-0.106172059290796,-0.143435963304437,2.24533166480301,0.106172059290797,0.0968485973202672,0
2.79488297658083,2.77418922464908,0.287736544424277,-0.106315489248603,-0.143435963304437,2.24433195554167,0.106315489248603,0.0974569786918938,0
2.79588293471198,2.77518352923308,0.287630362238448,-0.106458919206409,-0.143435963304437,2.24333224331065,0.106458919206409,0.0980668286137326,0
2.79688289284314,2.77617781857715,0.287524037440647,-0.106602349164216,-0.143435963304437,2.24233252812656,0.106602349164216,0.0986781403340324,0
2.79788285097429,2.77717209266082,0.287417570033062,-0.106745779122022,-0.143435963304437,2.24133281000604,0.106745779122023,0.099290907126234,0
2.79888280910545,2.77816635146366,0.287310960017882,-0.106889209079829,-0.143435963304437,2.24033308896572,0.106889209079829,0.0999051222890264,0
2.79988276723661,2.7791605949652,0.287204207397301,-0.107032639037635,-0.143435963304437,2.23933336502229,0.107032639037635,0.100520779146395,0
2.80088272536776,2.78015482314498,0.287097312173516,-0.107176068995442,-0.143435963304437,2.23833363819242,0.107176068995442,0.101137871047667,0
2.80188268349892,2.78114903598257,0.286990274348724,-0.107319498953248,-0.143435963304437,2.23733390849284,0.107319498953248,0.101756391367558,0
2.80288264163007,2.78214323345749,0.286883093925129,-0.107462928911055,-0.143435963304437,2.23633417594027,0.107462928911055,0.102376333506213,0
2.80388259976123,2.78313741554931,0.286775770904934,-0.107606358868861,-0.143435963304437,2.23533444055146,0.107606358868861,0.102997690889243,0
2.80488255789238,2.78413158223756,0.286668305290349,-0.107749788826668,-0.143435963304437,2.23433470234319,0.107749788826668,0.103620456967758,0
2.80588251602354,2.7851257335018,0.286560697083583,-0.107893218784474,-0.143435963304437,2.23333496133226,0.107893218784474,0.104244625218406,0
2.8068824741547,2.78611986932157,0.286452946286851,-0.108036648742281,-0.143435963304437,2.23233521753547,0.108036648742281,0.104870189143399,0
2.80788243228585,2.78711398967643,0.286345052902369,-0.108180078700087,-0.143435963304437,2.23133547096967,0.108180078700087,0.105497142270542,0
2.80888239041701,2.78810809454591,0.286237016932357,-0.108323508657894,-0.143435963304437,2.23033572165171,0.108323508657894,0.106125478153256,0
2.80988234854816,2.78910218390958,0.286128838379037,-0.1084669386157,-0.143435963304437,2.22933596959847,0.1084669386157,0.106755190370602,0
2.81088230667932,2.79009625774697,0.286020517244634,-0.108610368573506,-0.143435963304437,2.22833621482684,0.108610368573506,0.107386272527298,0
2.81188226481048,2.79109031603765,0.285912053531378,-0.108753798531313,-0.143435963304437,2.22733645735376,0.108753798531313,0.108018718253742,0
2.81288222294163,2.79208435876115,0.2858034472415,-0.108897228489119,-0.143435963304437,2.22633669719616,0.108897228489119,0.10865252120602,0
2.81388218107279,2.79307838589703,0.285694698377233,-0.109040658446926,-0.143435963304437,2.225336934371,0.109040658446926,0.109287675065922,0
2.81488213920394,2.79407239742485,0.285585806940815,-0.109184088404732,-0.143435963304437,2.22433716889526,0.109184088404732,0.109924173540953,0
2.8158820973351,2.79506639332414,0.285476772934486,-0.109327518362539,-0.143435963304437,2.22333740078597,0.109327518362539,0.110562010364335,0
2.81688205546626,2.79606037357447,0.285367596360489,-0.109470948320345,-0.143435963304437,2.22233763006013,0.109470948320345,0.111201179295022,0
2.81788201359741,2.79705433815538,0.28525827722107,-0.109614378278152,-0.143435963304437,2.2213378567348,0.109614378278152,0.111841674117693,0
2.81888197172857,2.79804828704643,0.285148815518479,-0.109757808235958,-0.143435963304437,2.22033808082705,0.109757808235958,0.11248348864276,0
2.81988192985972,2.79904222022717,0.285039211254966,-0.109901238193765,-0.143435963304437,2.21933830235397,0.109901238193765,0.113126616706363,0
2.82088188799088,2.80003613767715,0.284929464432787,-0.110044668151571,-0.143435963304437,2.21833852133268,0.110044668151571,0.113771052170368,0
2.82188184612204,2.80103003937592,0.284819575054199,-0.110188098109378,-0.143435963304437,2.2173387377803,0.110188098109377,0.114416788922362,0
2.82288180425319,2.80202392530304,0.284709543121464,-0.110331528067184,-0.143435963304437,2.216338951714,0.110331528067184,0.115063820875644,0
2.82388176238435,2.80301779543806,0.284599368636844,-0.110474958024991,-0.143435963304437,2.21533916315094,0.11047495802499,0.115712141969216,0
2.8248817205155,2.80401164976054,0.284489051602606,-0.110618387982797,-0.143435963304437,2.21433937210834,0.110618387982797,0.116361746167772,0
2.82588167864666,2.80500548825003,0.28437859202102,-0.110761817940603,-0.143435963304437,2.21333957860342,0.110761817940603,0.117012627461682,0
2.82688163677782,2.80599931088608,0.284267989894359,-0.11090524789841,-0.143435963304437,2.21233978265341,0.11090524789841,0.117664779866982,0
2.82788159490897,2.80699311764825,0.284157245224896,-0.111048677856216,-0.143435963304437,2.21133998427558,0.111048677856216,0.11831819742535,0
2.82888155304013,2.8079869085161,0.284046358014911,-0.111192107814023,-0.143435963304437,2.21034018348723,0.111192107814023,0.118972874204091,0
2.82988151117128,2.80898068346917,0.283935328266685,-0.111335537771829,-0.143435963304437,2.20934038030565,0.111335537771829,0.119628804296114,0
2.83088146930244,2.80997444248703,0.283824155982503,-0.111478967729636,-0.143435963304437,2.20834057474819,0.111478967729636,0.120285981819911,0
2.83188142743359,2.81096818554924,0.28371284116465,-0.111622397687442,-0.143435963304437,2.20734076683219,0.111622397687442,0.120944400919529,0
2.83288138556475,2.81196191263534,0.283601383815417,-0.111765827645249,-0.143435963304437,2.20634095657503,0.111765827645249,0.121604055764549,0
2.83388134369591,2.8129556237249,0.283489783937097,-0.111909257603055,-0.143435963304437,2.20534114399411,0.111909257603055,0.122264940550053,0
2.83488130182706,2.81394931879747,0.283378041531985,-0.112052687560862,-0.143435963304437,2.20434132910685,0.112052687560862,0.122927049496596,0
2.83588125995822,2.81494299783261,0.283266156602382,-0.112196117518668,-0.143435963304437,2.2033415119307,0.112196117518668,0.123590376850176,0
2.83688121808937,2.81593666080988,0.283154129150587,-0.112339547476475,-0.143435963304437,2.2023416924831,0.112339547476475,0.124254916882199,0
2.83788117622053,2.81693030770883,0.283041959178907,-0.112482977434281,-0.143435963304437,2.20134187078157,0.112482977434281,0.124920663889446,0
2.83888113435169,2.81792393850903,0.282929646689647,-0.112626407392088,-0.143435963304437,2.2003420468436,0.112626407392088,0.125587612194038,0
2.83988109248284,2.81891755319004,0.28281719168512,-0.112769837349894,-0.143435963304437,2.19934222068672,0.112769837349894,0.126255756143395,0
2.840881050614,2.8199111517314,0.282704594167639,-0.1129132673077,-0.143435963304437,2.1983423923285,0.1129132673077,0.1269250901102,0
2.84188100874515,2.82090473411269,0.282591854139519,-0.113056697265507,-0.143435963304437,2.19734256178651,0.113056697265507,0.127595608492358,0
2.84288096687631,2.82189830031347,0.28247897160308,-0.113200127223313,-0.143435963304437,2.19634272907834,0.113200127223313,0.128267305712953,0
2.84388092500747,2.82289185031328,0.282365946560645,-0.11334355718112,-0.143435963304437,2.19534289422163,0.11334355718112,0.128940176220209,0
2.84488088313862,2.8238853840917,0.282252779014538,-0.113486987138926,-0.143435963304437,2.19434305723402,0.113486987138926,0.129614214487437,0
2.84588084126978,2.82487890162828,0.282139468967088,-0.113630417096733,-0.143435963304437,2.19334321813318,0.113630417096733,0.130289415013001,0
2.84688079940093,2.82587240290259,0.282026016420625,-0.113773847054539,-0.143435963304437,2.1923433769368,0.11377384705454,0.130965772320258,0
2.84788075753209,2.82686588789419,0.281912421377484,-0.113917277012346,-0.143435963304437,2.19134353366259,0.113917277012346,0.131643280957519,0
2.84888071566325,2.82785935658263,0.281798683840002,-0.114060706970152,-0.143435963304437,2.19034368832829,0.114060706970152,0.132321935497997,0
2.8498806737944,2.82885280894749,0.281684803810518,-0.114204136927959,-0.143435963304437,2.18934384095167,0.114204136927959,0.133001730539753,0
2.85088063192556,2.82984624496831,0.281570781291375,-0.114347566885765,-0.143435963304437,2.1883439915505,0.114347566885765,0.13368266070565,0
2.85188059005671,2.83083966462468,0.281456616284918,-0.114490996843572,-0.143435963304437,2.18734414014259,0.114490996843572,0.134364720643293,0
2.85288054818787,2.83183306789614,0.281342308793498,-0.114634426801378,-0.143435963304437,2.18634428674578,0.114634426801378,0.135047905024978,0
2.85388050631903,2.83282645476227,0.281227858819464,-0.114777856759185,-0.143435963304437,2.18534443137791,0.114777856759185,0.135732208547638,0
2.85488046445018,2.83381982520262,0.281113266365171,-0.114921286716991,-0.143435963304437,2.18434457405687,0.114921286716991,0.136417625932783,0
2.85588042258134,2.83481317919677,0.280998531432978,-0.115064716674797,-0.143435963304437,2.18334471480055,0.115064716674798,0.137104151926448,0
2.85688038071249,2.83580651672427,0.280883654025243,-0.115208146632604,-0.143435963304437,2.18234485362687,0.115208146632604,0.137791781299126,0
2.85788033884365,2.83679983776469,0.280768634144331,-0.11535157659041,-0.143435963304437,2.18134499055379,0.115351576590411,0.138480508845716,0
2.8588802969748,2.8377931422976,0.280653471792608,-0.115495006548217,-0.143435963304437,2.18034512559927,0.115495006548217,0.139170329385459,0
2.85988025510596,2.83878643030256,0.280538166972443,-0.115638436506023,-0.143435963304437,2.17934525878131,0.115638436506023,0.139861237761879,0
2.86088021323712,2.83977970175914,0.280422719686207,-0.11578186646383,-0.143435963304437,2.17834539011793,0.11578186646383,0.140553228842713,0
2.86188017136827,2.8407729566469,0.280307129936276,-0.115925296421636,-0.143435963304437,2.17734551962716,0.115925296421636,0.141246297519859,0
2.86288012949943,2.84176619494541,0.280191397725029,-0.116068726379443,-0.143435963304437,2.17634564732707,0.116068726379443,0.141940438709304,0
2.86388008763058,2.84275941663424,0.280075523054844,-0.116212156337249,-0.143435963304437,2.17534577323576,0.116212156337249,0.14263564735106,0
2.86488004576174,2.84375262169296,0.279959505928108,-0.116355586295056,-0.143435963304437,2.17434589737132,0.116355586295056,0.143331918409099,0
2.8658800038929,2.84474581010112,0.279843346347205,-0.116499016252862,-0.143435963304437,2.17334601975191,0.116499016252862,0.144029246871286,0
2.86687996202405,2.84573898183831,0.279727044314526,-0.116642446210669,-0.143435963304437,2.17234614039567,0.116642446210669,0.144727627749314,0
2.86787992015521,2.84673213688408,0.279610599832464,-0.116785876168475,-0.143435963304437,2.1713462593208,0.116785876168475,0.145427056078629,0
2.86887987828636,2.84772527521802,0.279494012903414,-0.116929306126282,-0.143435963304437,2.17034637654551,0.116929306126281,0.146127526918368,0
2.86987983641752,2.84871839681968,0.279377283529774,-0.117072736084088,-0.143435963304437,2.16934649208802,0.117072736084088,0.146829035351285,0
2.87087979454868,2.84971150166863,0.279260411713946,-0.117216166041894,-0.143435963304437,2.16834660596659,0.117216166041894,0.147531576483682,0
2.87187975267983,2.85070458974445,0.279143397458333,-0.117359595999701,-0.143435963304437,2.1673467181995,0.117359595999701,0.148235145445338,0
2.87287971081099,2.8516976610267,0.279026240765344,-0.117503025957507,-0.143435963304437,2.16634682880507,0.117503025957507,0.148939737389434,0
2.87387966894214,2.85269071549496,0.278908941637389,-0.117646455915314,-0.143435963304437,2.16534693780161,0.117646455915314,0.149645347492485,0
2.8748796270733,2.8536837531288,0.27879150007688,-0.11778988587312,-0.143435963304437,2.16434704520749,0.11778988587312,0.150351970954265,0
2.87587958520446,2.85467677390778,0.278673916086234,-0.117933315830927,-0.143435963304437,2.16334715104108,0.117933315830927,0.15105960299773,0
2.87687954333561,2.85566977781149,0.278556189667869,-0.118076745788733,-0.143435963304437,2.16234725532078,0.118076745788733,0.151768238868952,0
2.87787950146677,2.85666276481948,0.278438320824208,-0.11822017574654,-0.143435963304437,2.16134735806503,0.11822017574654,0.152477873837032,0
2.87887945959792,2.85765573491134,0.278320309557675,-0.118363605704346,-0.143435963304437,2.16034745929227,0.118363605704346,0.153188503194034,0
2.87987941772908,2.85864868806663,0.278202155870698,-0.118507035662153,-0.143435963304437,2.15934755902098,0.118507035662153,0.153900122254906,0
2.88087937586024,2.85964162426493,0.278083859765707,-0.118650465619959,-0.143435963304437,2.15834765726967,0.118650465619959,0.154612726357403,0
2.88187933399139,2.86063454348581,0.277965421245137,-0.118793895577766,-0.143435963304437,2.15734775405685,0.118793895577766,0.155326310862009,0
2.88287929212255,2.86162744570885,0.277846840311424,-0.118937325535572,-0.143435963304437,2.15634784940109,0.118937325535572,0.15604087115186,0
2.8838792502537,2.86262033091361,0.277728116967007,-0.119080755493379,-0.143435963304437,2.15534794332096,0.119080755493379,0.15675640263267,0
2.88487920838486,2.86361319907968,0.277609251214328,-0.119224185451185,-0.143435963304437,2.15434803583505,0.119224185451185,0.157472900732644,0
2.88587916651601,2.86460605018663,0.277490243055834,-0.119367615408991,-0.143435963304437,2.153348126962,0.119367615408991,0.158190360902407,0
2.88687912464717,2.86559888421402,0.277371092493971,-0.119511045366798,-0.143435963304437,2.15234821672045,0.119511045366798,0.158908778614921,0
2.88787908277833,2.86659170114145,0.277251799531193,-0.119654475324604,-0.143435963304437,2.15134830512909,0.119654475324604,0.159628149365404,0
2.88887904090948,2.86758450094848,0.277132364169951,-0.119797905282411,-0.143435963304437,2.15034839220662,0.119797905282411,0.160348468671254,0
2.88987899904064,2.86857728361469,0.277012786412705,-0.119941335240217,-0.143435963304437,2.14934847797175,0.119941335240217,0.161069732071963,0
2.89087895717179,2.86957004911965,0.276893066261913,-0.120084765198024,-0.143435963304437,2.14834856244325,0.120084765198024,0.161791935129041,0
2.89187891530295,2.87056279744295,0.276773203720038,-0.12022819515583,-0.143435963304437,2.14734864563989,0.12022819515583,0.162515073425931,0
2.89287887343411,2.87155552856415,0.276653198789546,-0.120371625113637,-0.143435963304437,2.14634872758048,0.120371625113637,0.163239142567932,0
2.89387883156526,2.87254824246284,0.276533051472907,-0.120515055071443,-0.143435963304437,2.14534880828383,0.120515055071443,0.163964138182112,0
2.89487878969642,2.8735409391186,0.276412761772591,-0.12065848502925,-0.143435963304437,2.14434888776882,0.12065848502925,0.164690055917226,0
2.89587874782757,2.874533618511,0.276292329691074,-0.120801914987056,-0.143435963304437,2.14334896605431,0.120801914987056,0.16541689144364,0
2.89687870595873,2.87552628061961,0.276171755230833,-0.120945344944863,-0.143435963304437,2.14234904315922,0.120945344944863,0.16614464045324,0
2.89787866408989,2.87651892542403,0.276051038394348,-0.121088774902669,-0.143435963304437,2.14134911910246,0.121088774902669,0.166873298659355,0
2.89887862222104,2.87751155290383,0.275930179184102,-0.121232204860476,-0.143435963304437,2.14034919390301,0.121232204860476,0.167602861796668,0
2.8998785803522,2.87850416303859,0.275809177602583,-0.121375634818282,-0.143435963304437,2.13934926757984,0.121375634818282,0.168333325621138,0
2.90087853848335,2.87949675580788,0.27568803365228,-0.121519064776089,-0.143435963304437,2.13834934015197,0.121519064776089,0.169064685909916,0
2.90187849661451,2.8804893311913,0.275566747335683,-0.121662494733895,-0.143435963304437,2.13734941163842,0.121662494733895,0.169796938461254,0
2.90287845474567,2.88148188916841,0.27544531865529,-0.121805924691701,-0.143435963304437,2.13634948205826,0.121805924691702,0.170530079094431,0
2.90387841287682,2.8824744297188,0.275323747613597,-0.121949354649508,-0.143435963304437,2.13534955143057,0.121949354649508,0.171264103649659,0
2.90487837100798,2.88346695346404,0.275202039446333,-0.12206642121182,-0.0775247139458116,2.13434961981261,0.12206642121182,0.171999011560843,0
2.90587832913913,2.88445946632679,0.275080242562781,-0.122143942679896,-0.0775247139458116,2.13334968757181,0.122143942679895,0.172734831693918,0
2.90687828727029,2.88545196974468,0.27495836873854,-0.122221464147971,-0.0775247139458116,2.13234975480009,0.122221464147971,0.173471567804671,0
2.90787824540145,2.88644446371175,0.274836417974343,-0.122298985616047,-0.0775247139458116,2.13134982150272,0.122298985616047,0.17420921561947,0
2.9088782035326,2.88743694822204,0.274714390270924,-0.122376507084122,-0.0775247139458116,2.13034988768496,0.122376507084122,0.174947770885952,0
2.90987816166376,2.88842942326958,0.274592285629015,-0.122454028552198,-0.0775247139458116,2.1293499533521,0.122454028552198,0.175687229372942,0
2.91087811979491,2.88942188884841,0.27447010404935,-0.122531550020274,-0.0775247139458116,2.12835001850943,0.122531550020274,0.176427586870368,0
2.91187807792607,2.89041434495256,0.274347845532664,-0.122609071488349,-0.0775247139458116,2.12735008316223,0.12260907148835,0.177168839189178,0
2.91287803605723,2.89140679157606,0.274225510079691,-0.122686592956425,-0.0775247139458116,2.12635014731582,0.122686592956425,0.177910982161254,0
2.91387799418838,2.89239922871296,0.274103097691167,-0.122764114424501,-0.0775247139458116,2.1253502109755,0.122764114424501,0.178654011639328,0
2.91487795231954,2.89339165635729,0.273980608367826,-0.122841635892576,-0.0775247139458116,2.12435027414658,0.122841635892577,0.1793979234969,0
2.91587791045069,2.89438407450309,0.273858042110406,-0.122919157360652,-0.0775247139458116,2.1233503368344,0.122919157360652,0.18014271362815,0
2.91687786858185,2.89537648314439,0.273735398919642,-0.122996678828728,-0.0775247139458116,2.12235039904427,0.122996678828728,0.180888377947857,0
2.917877826713,2.89636888227522,0.273612678796273,-0.123074200296803,-0.0775247139458116,2.12135046078154,0.123074200296803,0.181634912391308,0
2.91887778484416,2.89736127188963,0.273489881741034,-0.123151721764879,-0.0775247139458116,2.12035052205155,0.123151721764879,0.182382312914221,0
2.91987774297532,2.89835365198166,0.273367007754665,-0.123229243232955,-0.0775247139458116,2.11935058285966,0.123229243232955,0.183130575492652,0
2.92087770110647,2.89934602254532,0.273244056837904,-0.12330676470103,-0.0775247139458116,2.11835064321122,0.12330676470103,0.183879696122914,0
2.92187765923763,2.90033838357467,0.273121028991489,-0.123384286169106,-0.0775247139458116,2.1173507031116,0.123384286169106,0.184629670821495,0
2.92287761736878,2.90133073506374,0.27299792421616,-0.123461807637182,-0.0775247139458116,2.11635076256618,0.123461807637182,0.185380495624961,0
2.92387757549994,2.90232307700656,0.272874742512656,-0.123539329105257,-0.0775247139458116,2.11535082158033,0.123539329105257,0.186132166589886,0
2.9248775336311,2.90331540939718,0.272751483881719,-0.123616850573333,-0.0775247139458116,2.11435088015944,0.123616850573333,0.186884679792754,0
2.92587749176225,2.90430773222962,0.272628148324088,-0.123694372041409,-0.0775247139458116,2.11335093830892,0.123694372041409,0.187638031329879,0
2.92687744989341,2.90530004549793,0.272504735840505,-0.123771893509484,-0.0775247139458116,2.11235099603415,0.123771893509484,0.188392217317318,0
2.92787740802456,2.90629234919614,0.272381246431712,-0.12384941497756,-0.0775247139458116,2.11135105334057,0.12384941497756,0.189147233890789,0
2.92887736615572,2.90728464331829,0.272257680098451,-0.123926936445636,-0.0775247139458116,2.11035111023357,0.123926936445636,0.189903077205577,0
2.92987732428688,2.90827692785841,0.272134036841463,-0.124004457913711,-0.0775247139458116,2.10935116671859,0.124004457913712,0.190659743436458,0
2.93087728241803,2.90926920281054,0.272010316661493,-0.124081979381787,-0.0775247139458116,2.10835122280107,0.124081979381787,0.191417228777607,0
2.93187724054919,2.91026146816872,0.271886519559284,-0.124159500849863,-0.0775247139458116,2.10735127848643,0.124159500849863,0.192175529442513,0
2.93287719868034,2.91125372392699,0.27176264553558,-0.124237022317938,-0.0775247139458116,2.10635133378014,0.124237022317939,0.192934641663898,0
2.9338771568115,2.91224597007938,0.271638694591124,-0.124314543786014,-0.0775247139458116,2.10535138868763,0.124314543786014,0.193694561693626,0
2.93487711494266,2.91323820661993,0.271514666726663,-0.12439206525409,-0.0775247139458116,2.10435144321439,0.12439206525409,0.194455285802618,0
2.93587707307381,2.91423043354268,0.271390561942942,-0.124469586722165,-0.0775247139458116,2.10335149736588,0.124469586722165,0.19521681028077,0
2.93687703120497,2.91522265084166,0.271266380240705,-0.124547108190241,-0.0775247139458116,2.10235155114757,0.124547108190241,0.195979131436866,0
2.93787698933612,2.91621485851091,0.2711421216207,-0.124624629658317,-0.0775247139458116,2.10135160456495,0.124624629658317,0.196742245598489,0
2.93887694746728,2.91720705654447,0.271017786083674,-0.124702151126392,-0.0775247139458116,2.10035165762352,0.124702151126392,0.197506149111941,0
2.93987690559844,2.91819924493637,0.270893373630373,-0.124779672594468,-0.0775247139458116,2.09935171032877,0.124779672594468,0.198270838342155,0
2.94087686372959,2.91919142368066,0.270768884261545,-0.124857194062544,-0.0775247139458116,2.09835176268622,0.124857194062544,0.19903630967261,0
2.94187682186075,2.92018359277136,0.270644317977938,-0.124934715530619,-0.0775247139458116,2.09735181470138,0.124934715530619,0.199802559505244,0
2.9428767799919,2.92117575220253,0.270519674780301,-0.125012236998695,-0.0775247139458116,2.09635186637978,0.125012236998695,0.200569584260374,0
2.94387673812306,2.92216790196818,0.270394954669384,-0.125089758466771,-0.0775247139458116,2.09535191772694,0.125089758466771,0.201337380376605,0
2.94487669625421,2.92316004206238,0.270270157645934,-0.125167279934846,-0.0775247139458116,2.0943519687484,0.125167279934846,0.20210594431075,0
2.94587665438537,2.92415217247914,0.270145283710703,-0.125244801402922,-0.0775247139458116,2.09335201944972,0.125244801402922,0.202875272537742,0
2.94687661251653,2.92514429321251,0.270020332864441,-0.125322322870998,-0.0775247139458116,2.09235206983644,0.125322322870998,0.203645361550553,0
2.94787657064768,2.92613640425652,0.269895305107899,-0.125399844339073,-0.0775247139458116,2.09135211991413,0.125399844339074,0.204416207860102,0
2.94887652877884,2.92712850560522,0.269770200441828,-0.125477365807149,-0.0775247139458116,2.09035216968837,0.125477365807149,0.20518780799518,0
2.94987648690999,2.92812059725264,0.26964501886698,-0.125554887275225,-0.0775247139458116,2.08935221916471,0.125554887275225,0.205960158502362,0
2.95087644504115,2.92911267919283,0.269519760384107,-0.1256324087433,-0.0775247139458116,2.08835226834876,0.125632408743301,0.206733255945917,0
2.95187640317231,2.9301047514198,0.269394424993962,-0.125709930211376,-0.0775247139458116,2.08735231724611,0.125709930211376,0.207507096907736,0
2.95287636130346,2.93109681392762,0.269269012697298,-0.125787451679452,-0.0775247139458116,2.08635236586235,0.125787451679451,0.208281677987236,0
2.95387631943462,2.9320888667103,0.269143523494869,-0.125864973147527,-0.0775247139458116,2.0853524142031,0.125864973147527,0.209056995801284,0
2.95487627756577,2.9330809097619,0.269017957387429,-0.125942494615603,-0.0775247139458116,2.08435246227397,0.125942494615603,0.209833046984112,0
2.95587623569693,2.93407294307645,0.268892314375733,-0.126020016083679,-0.0775247139458116,2.0833525100806,0.126020016083679,0.21060982818723,0
2.95687619382809,2.93506496664799,0.268766594460536,-0.126097537551754,-0.0775247139458116,2.0823525576286,0.126097537551754,0.211387336079348,0
2.95787615195924,2.93605698047056,0.268640797642592,-0.12617505901983,-0.0775247139458116,2.08135260492363,0.12617505901983,0.21216556734629,0
2.9588761100904,2.93704898453819,0.268514923922659,-0.126252580487906,-0.0775247139458116,2.08035265197132,0.126252580487906,0.212944518690912,0
2.95987606822155,2.93804097884492,0.268388973301493,-0.126330101955981,-0.0775247139458116,2.07935269877735,0.126330101955981,0.213724186833018,0
2.96087602635271,2.9390329633848,0.26826294577985,-0.126407623424057,-0.0775247139458116,2.07835274534737,0.126407623424057,0.214504568509278,0
2.96187598448387,2.94002493815185,0.268136841358488,-0.126485144892133,-0.0775247139458116,2.07735279168705,0.126485144892133,0.215285660473149,0
2.96287594261502,2.94101690314013,0.268010660038165,-0.126562666360208,-0.0775247139458116,2.07635283780208,0.126562666360208,0.216067459494786,0
2.96387590074618,2.94200885834366,0.267884401819638,-0.126640187828284,-0.0775247139458116,2.07535288369815,0.126640187828284,0.216849962360968,0
2.96487585887733,2.94300080375649,0.267758066703668,-0.12671770929636,-0.0775247139458116,2.07435292938095,0.12671770929636,0.217633165875011,0
2.96587581700849,2.94399273937266,0.267631654691013,-0.126795230764435,-0.0775247139458116,2.07335297485618,0.126795230764435,0.218417066856686,0
2.96687577513965,2.9449846651862,0.267505165782432,-0.126872752232511,-0.0775247139458116,2.07235302012957,0.126872752232511,0.219201662142143,0
2.9678757332708,2.94597658119116,0.267378599978686,-0.126950273700587,-0.0775247139458116,2.07135306520683,0.126950273700587,0.219986948583824,0
2.96887569140196,2.94696848738157,0.267251957280536,-0.127027795168662,-0.0775247139458116,2.07035311009369,0.127027795168662,0.220772923050386,0
2.96987564953311,2.94796038375147,0.267125237688742,-0.127105316636738,-0.0775247139458116,2.06935315479589,0.127105316636738,0.221559582426617,0
2.97087560766427,2.9489522702949,0.266998441204067,-0.127182838104814,-0.0775247139458116,2.06835319931917,0.127182838104813,0.222346923613361,0
2.97187556579543,2.9499441470059,0.266871567827271,-0.127260359572889,-0.0775247139458116,2.0673532436693,0.127260359572889,0.223134943527432,0
2.97287552392658,2.95093601387851,0.266744617559118,-0.127337881040965,-0.0775247139458116,2.06635328785202,0.127337881040965,0.223923639101536,0
2.97387548205774,2.95192787090676,0.26661759040037,-0.127415402509041,-0.0775247139458116,2.06535333187312,0.127415402509041,0.224713007284192,0
2.97487544018889,2.95291971808471,0.266490486351791,-0.127492923977116,-0.0775247139458116,2.06435337573837,0.127492923977116,0.225503045039653,0
2.97587539832005,2.95391155540638,0.266363305414145,-0.127570445445192,-0.0775247139458116,2.06335341945355,0.127570445445192,0.226293749347825,0
2.9768753564512,2.95490338286582,0.266236047588196,-0.127647966913268,-0.0775247139458116,2.06235346302447,0.127647966913268,0.227085117204189,0
2.97787531458236,2.95589520045707,0.266108712874708,-0.127725488381343,-0.0775247139458116,2.06135350645693,0.127725488381343,0.227877145619722,0
2.97887527271352,2.95688700817416,0.265981301274448,-0.127803009849419,-0.0775247139458116,2.06035354975674,0.127803009849419,0.228669831620818,0
2.97987523084467,2.95787880601114,0.26585381278818,-0.127880531317495,-0.0775247139458116,2.05935359292971,0.127880531317495,0.229463172249212,0
2.98087518897583,2.95887059396204,0.265726247416671,-0.12795805278557,-0.0775247139458116,2.05835363598168,0.12795805278557,0.230257164561897,0
2.98187514710698,2.95986237202091,0.265598605160687,-0.128035574253646,-0.0775247139458116,2.05735367891849,0.128035574253646,0.231051805631051,0
2.98287510523814,2.96085414018178,0.265470886020996,-0.128113095721722,-0.0775247139458116,2.05635372174598,0.128113095721722,0.231847092543959,0
2.9838750633693,2.9618458984387,0.265343089998365,-0.128190617189797,-0.0775247139458116,2.05535376447001,0.128190617189797,0.232643022402932,0
2.98487502150045,2.9628376467857,0.265215217093561,-0.128268138657873,-0.0775247139458116,2.05435380709643,0.128268138657873,0.233439592325234,0
2.98587497963161,2.96382938521683,0.265087267307355,-0.128345660125949,-0.0775247139458116,2.05335384963112,0.128345660125949,0.234236799443002,0
2.98687493776276,2.96482111372612,0.264959240640513,-0.128423181594024,-0.0775247139458116,2.05235389207997,0.128423181594024,0.235034640903174,0
2.98787489589392,2.96581283230762,0.264831137093807,-0.1285007030621,-0.0775247139458116,2.05135393444885,0.1285007030621,0.235833113867408,0
2.98887485402508,2.96680454095536,0.264702956668005,-0.128578224530176,-0.0775247139458116,2.05035397674366,0.128578224530175,0.236632215512009,0
2.98987481215623,2.96779623966339,0.264574699363878,-0.128655745998251,-0.0775247139458116,2.04935401897031,0.128655745998251,0.23743194302785,0
2.99087477028739,2.96878792842574,0.264446365182197,-0.128733267466327,-0.0775247139458116,2.04835406113471,0.128733267466327,0.238232293620302,0
2.99187472841854,2.96977960723646,0.264317954123733,-0.128810788934403,-0.0775247139458116,2.04735410324279,0.128810788934403,0.239033264509154,0
2.9928746865497,2.97077127608958,0.264189466189257,-0.128888310402478,-0.0775247139458116,2.04635414530048,0.128888310402478,0.23983485292854,0
2.99387464468086,2.97176293497915,0.264060901379543,-0.128965831870554,-0.0775247139458116,2.04535418731372,0.128965831870554,0.240637056126864,0
2.99487460281201,2.97275458389921,0.263932259695361,-0.12904335333863,-0.0775247139458116,2.04435422928844,0.12904335333863,0.241439871366728,0
2.99587456094317,2.9737462228438,0.263803541137487,-0.129120874806705,-0.0775247139458116,2.04335427123063,0.129120874806705,0.242243295924852,0
2.99687451907432,2.97473785180696,0.263674745706692,-0.129198396274781,-0.0775247139458116,2.04235431314622,0.129198396274781,0.243047327092008,0
2.99787447720548,2.97572947078272,0.263545873403751,-0.129275917742857,-0.0775247139458116,2.04135435504122,0.129275917742857,0.24385196217294,0
2.99887443533664,2.97672107976514,0.263416924229439,-0.129353439210932,-0.0775247139458116,2.04035439692158,0.129353439210932,0.244657198486295,0
2.99987439346779,2.97771267874825,0.263287898184531,-0.129430960679008,-0.0775247139458116,2.03935443879332,0.129430960679008,0.245463033364548,0
3.00087435159895,2.97870426772609,0.263158795269801,-0.129508482147084,-0.0775247139458116,2.03835448066243,0.129508482147084,0.24626946415393,0
3.0018743097301,2.9796958466927,0.263029615486026,-0.129586003615159,-0.0775247139458116,2.03735452253491,0.129586003615159,0.247076488214356,0
3.00287426786126,2.98068741564213,0.262900358833982,-0.129663525083235,-0.0775247139458116,2.0363545644168,0.129663525083235,0.247884102919351,0
3.00387422599241,2.98167897456841,0.262771025314446,-0.129741046551311,-0.0775247139458116,2.0353546063141,0.12974104655131,0.248692305655981,0
3.00487418412357,2.98267052346558,0.262641614928194,-0.129818568019386,-0.0775247139458116,2.03435464823288,0.129818568019386,0.249501093824782,0
3.00587414225473,2.9836620623277,0.262512127676006,-0.129896089487462,-0.0775247139458116,2.03335469017915,0.129896089487462,0.250310464839683,0
3.00687410038588,2.98465359114879,0.262382563558659,-0.129973610955537,-0.0775247139458116,2.032354732159,0.129973610955537,0.251120416127942,0
3.00787405851704,2.98564510992291,0.262252922576931,-0.130051132423613,-0.0775247139458116,2.03135477417846,0.130051132423613,0.251930945130073,0
3.00887401664819,2.98663661864408,0.262123204731601,-0.130128653891689,-0.0775247139458116,2.03035481624363,0.130128653891689,0.252742049299774,0
3.00987397477935,2.98762811730636,0.26199341002345,-0.130206175359765,-0.0775247139458116,2.02935485836057,0.130206175359764,0.253553726103857,0
3.01087393291051,2.98861960590379,0.261863538453257,-0.13028369682784,-0.0775247139458116,2.02835490053538,0.13028369682784,0.254365973022184,0
3.01187389104166,2.9896110844304,0.261733590021803,-0.130361218295916,-0.0775247139458116,2.02735494277416,0.130361218295916,0.255178787547587,0
3.01287384917282,2.99060255288023,0.261603564729868,-0.130438739763992,-0.0775247139458116,2.02635498508302,0.130438739763992,0.255992167185812,0
3.01387380730397,2.99159401124734,0.261473462578235,-0.130516261232067,-0.0775247139458116,2.02535502746808,0.130516261232067,0.256806109455437,0
3.01487376543513,2.99258545952576,0.261343283567684,-0.130593782700143,-0.0775247139458116,2.02435506993545,0.130593782700143,0.257620611887812,0
3.01587372356629,2.99357689770953,0.261213027698998,-0.130671304168218,-0.0775247139458116,2.02335511249128,0.130671304168219,0.258435672026991,0
3.01687368169744,2.99456832579269,0.26108269497296,-0.130748825636294,-0.0775247139458116,2.02235515514172,0.130748825636294,0.259251287429656,0
3.0178736398286,2.99555974376929,0.260952285390354,-0.13082634710437,-0.0775247139458116,2.02135519789291,0.13082634710437,0.260067455665061,0
3.01887359795975,2.99655115163337,0.260821798951962,-0.130903868572445,-0.0775247139458116,2.02035524075102,0.130903868572446,0.260884174314952,0
3.01987355609091,2.99754254937897,0.26069123565857,-0.130981390040521,-0.0775247139458116,2.01935528372222,0.130981390040521,0.261701440973512,0
3.02087351422207,2.99853393700014,0.260560595510961,-0.131058911508597,-0.0775247139458116,2.0183553268127,0.131058911508597,0.262519253247285,0
3.02187347235322,2.99952531449091,0.260429878509921,-0.131136432976672,-0.0775247139458116,2.01735537002864,0.131136432976672,0.263337608755115,0
3.02287343048438,3.00051668184532,0.260299084656235,-0.131213954444748,-0.0775247139458116,2.01635541337625,0.131213954444748,0.264156505128077,0
3.02387338861553,3.00150803905743,0.26016821395069,-0.131291475912824,-0.0775247139458116,2.01535545686174,0.131291475912824,0.264975940009412,0
3.02487334674669,3.00249938612127,0.260037266394071,-0.131368997380899,-0.0775247139458116,2.01435550049132,0.131368997380899,0.265795911054463,0
3.02587330487785,3.00349072335928,0.259906244471407,-0.131433153742271,-0.0418829366161291,2.01335554426626,0.131433153742271,0.266616417361942,0
3.026873263009,3.00448205419683,0.259775174129815,-0.131475034925297,-0.0418829366161291,2.0123555881396,0.131475034925297,0.267437471533938,0
3.02787322114016,3.00547337954413,0.259644062270231,-0.131516916108323,-0.0418829366161291,2.01135563209973,0.131516916108323,0.26825907515846,0
3.02887317927131,3.00646469939944,0.259512908892883,-0.131558797291349,-0.0418829366161291,2.01035567614853,0.131558797291349,0.269081225854276,0
3.02987313740247,3.00745601376102,0.259381713998002,-0.131600678474375,-0.0418829366161291,2.00935572028789,0.131600678474375,0.269903921252312,0
3.03087309553362,3.00844732262713,0.259250477585818,-0.131642559657401,-0.0418829366161291,2.0083557645197,0.131642559657401,0.270727158995584,0
3.03187305366478,3.00943862599604,0.259119199656561,-0.131684440840427,-0.0418829366161291,2.00735580884585,0.131684440840427,0.27155093673914,0
3.03287301179594,3.010429923866,0.258987880210461,-0.131726322023453,-0.0418829366161291,2.00635585326825,0.131726322023453,0.272375252149986,0
3.03387296992709,3.01142121623528,0.258856519247748,-0.131768203206479,-0.0418829366161291,2.00535589778877,0.131768203206479,0.273200102907035,0
3.03487292805825,3.01241250310214,0.258725116768654,-0.131810084389505,-0.0418829366161291,2.00435594240934,0.131810084389505,0.274025486701031,0
3.0358728861894,3.01340378446484,0.258593672773409,-0.131851965572531,-0.0418829366161291,2.00335598713186,0.131851965572531,0.274851401234493,0
3.03687284432056,3.01439506032164,0.258462187262242,-0.131893846755557,-0.0418829366161291,2.00235603195823,0.131893846755557,0.275677844221649,0
3.03787280245172,3.0153863306708,0.258330660235386,-0.131935727938583,-0.0418829366161291,2.00135607689036,0.131935727938583,0.276504813388371,0
3.03887276058287,3.01637759551058,0.258199091693069,-0.131977609121609,-0.0418829366161291,2.00035612193017,0.131977609121609,0.277332306472119,0
3.03987271871403,3.01736885483925,0.258067481635524,-0.132019490304635,-0.0418829366161291,1.99935616707957,0.132019490304635,0.278160321221873,0
3.04087267684518,3.01836010865507,0.257935830062981,-0.132061371487661,-0.0418829366161291,1.99835621234049,0.132061371487661,0.278988855398073,0
3.04187263497634,3.01935135695629,0.257804136975671,-0.132103252670687,-0.0418829366161291,1.99735625771485,0.132103252670687,0.279817906772555,0
3.0428725931075,3.02034259974118,0.257672402373825,-0.132145133853713,-0.0418829366161291,1.99635630320457,0.132145133853713,0.280647473128494,0
3.04387255123865,3.021333837008,0.257540626257674,-0.132187015036739,-0.0418829366161291,1.99535634881158,0.132187015036739,0.281477552260338,0
3.04487250936981,3.02232506875501,0.257408808627449,-0.132228896219765,-0.0418829366161291,1.99435639453782,0.132228896219765,0.282308141973753,0
3.04587246750096,3.02331629498047,0.257276949483382,-0.132270777402791,-0.0418829366161291,1.99335644038522,0.132270777402791,0.283139240085556,0
3.04687242563212,3.02430751568264,0.257145048825703,-0.132312658585817,-0.0418829366161291,1.99235648635571,0.132312658585817,0.283970844423658,0
3.04787238376328,3.0252987308598,0.257013106654644,-0.132354539768843,-0.0418829366161291,1.99135653245123,0.132354539768843,0.284802952827005,0
3.04887234189443,3.02628994051018,0.256881122970437,-0.132396420951869,-0.0418829366161291,1.99035657867374,0.132396420951869,0.285635563145516,0
3.04987230002559,3.02728114463207,0.256749097773313,-0.132438302134895,-0.0418829366161291,1.98935662502518,0.132438302134895,0.286468673240026,0
3.05087225815674,3.02827234322372,0.256617031063503,-0.132480183317921,-0.0418829366161291,1.98835667150749,0.132480183317921,0.287302280982223,0
3.0518722162879,3.02926353628338,0.25648492284124,-0.132522064500947,-0.0418829366161291,1.98735671812263,0.132522064500947,0.288136384254593,0
3.05287217441906,3.03025472380933,0.256352773106754,-0.132563945683973,-0.0418829366161291,1.98635676487256,0.132563945683973,0.288970980950361,0
3.05387213255021,3.03124590579982,0.256220581860278,-0.132605826866999,-0.0418829366161291,1.98535681175924,0.132605826866999,0.289806068973429,0
3.05487209068137,3.03223708225312,0.256088349102044,-0.132647708050025,-0.0418829366161291,1.98435685878461,0.132647708050025,0.290641646238326,0
3.05587204881252,3.03322825316748,0.255956074832283,-0.132689589233051,-0.0418829366161291,1.98335690595067,0.132689589233051,0.29147771067014,0
3.05687200694368,3.03421941854117,0.255823759051228,-0.132731470416077,-0.0418829366161291,1.98235695325936,0.132731470416077,0.292314260204467,0
3.05787196507484,3.03521057837245,0.255691401759111,-0.132773351599103,-0.0418829366161291,1.98135700071266,0.132773351599103,0.293151292787354,0
3.05887192320599,3.03620173265958,0.255559002956163,-0.132815232782129,-0.0418829366161291,1.98035704831255,0.132815232782129,0.293988806375239,0
3.05987188133715,3.03719288140082,0.255426562642617,-0.132857113965155,-0.0418829366161291,1.979357096061,0.132857113965155,0.2948267989349,0
3.0608718394683,3.03818402459444,0.255294080818706,-0.132898995148181,-0.0418829366161291,1.97835714395999,0.132898995148181,0.295665268443388,0
3.06187179759946,3.03917516223869,0.255161557484661,-0.132940876331207,-0.0418829366161291,1.97735719201152,0.132940876331207,0.296504212887985,0
3.06287175573061,3.04016629433184,0.255028992640716,-0.132982757514233,-0.0418829366161291,1.97635724021755,0.132982757514233,0.297343630266137,0
3.06387171386177,3.04115742087214,0.254896386287102,-0.133024638697259,-0.0418829366161291,1.97535728858009,0.133024638697259,0.298183518585403,0
3.06487167199293,3.04214854185787,0.254763738424052,-0.133066519880285,-0.0418829366161291,1.97435733710113,0.133066519880285,0.299023875863403,0
3.06587163012408,3.04313965728728,0.2546310490518,-0.133108401063311,-0.0418829366161291,1.97335738578266,0.133108401063311,0.299864700127755,0
3.06687158825524,3.04413076715863,0.254498318170577,-0.133150282246337,-0.0418829366161291,1.97235743462668,0.133150282246337,0.300705989416029,0
3.06787154638639,3.04512187147018,0.254365545780616,-0.133192163429363,-0.0418829366161291,1.9713574836352,0.133192163429363,0.301547741775685,0
3.06887150451755,3.0461129702202,0.254232731882151,-0.133234044612389,-0.0418829366161291,1.97035753281022,0.133234044612389,0.302389955264026,0
3.06987146264871,3.04710406340695,0.254099876475414,-0.133275925795415,-0.0418829366161291,1.96935758215375,0.133275925795415,0.303232627948142,0
3.07087142077986,3.04809515102869,0.253966979560639,-0.133317806978441,-0.0418829366161291,1.9683576316678,0.133317806978441,0.304075757904849,0
3.07187137891102,3.04908623308368,0.253834041138058,-0.133359688161467,-0.0418829366161291,1.96735768135438,0.133359688161467,0.30491934322065,0
3.07287133704217,3.05007730957018,0.253701061207905,-0.133401569344493,-0.0418829366161291,1.96635773121553,0.133401569344493,0.30576338199167,0
3.07387129517333,3.05106838048646,0.253568039770413,-0.133443450527519,-0.0418829366161291,1.96535778125325,0.133443450527519,0.306607872323608,0
3.07487125330449,3.05205944583077,0.253434976825815,-0.133485331710545,-0.0418829366161291,1.96435783146957,0.133485331710545,0.307452812331686,0
3.07587121143564,3.05305050560137,0.253301872374344,-0.133527212893571,-0.0418829366161291,1.96335788186653,0.133527212893571,0.308298200140593,0
3.0768711695668,3.05404155979654,0.253168726416235,-0.133569094076597,-0.0418829366161291,1.96235793244614,0.133569094076597,0.309144033884437,0
3.07787112769795,3.05503260841453,0.25303553895172,-0.133610975259623,-0.0418829366161291,1.96135798321045,0.133610975259623,0.309990311706689,0
3.07887108582911,3.0560236514536,0.252902309981034,-0.133652856442649,-0.0418829366161291,1.9603580341615,0.133652856442649,0.310837031760139,0
3.07987104396027,3.05701468891201,0.25276903950441,-0.133694737625675,-0.0418829366161291,1.95935808530132,0.133694737625675,0.311684192206835,0
3.08087100209142,3.05800572078803,0.252635727522081,-0.133736618808701,-0.0418829366161291,1.95835813663196,0.133736618808701,0.312531791218041,0
3.08187096022258,3.05899674707992,0.252502374034282,-0.133778499991727,-0.0418829366161291,1.95735818815548,0.133778499991727,0.313379826974183,0
3.08287091835373,3.05998776778593,0.252368979041246,-0.133820381174753,-0.0418829366161291,1.9563582398739,0.133820381174753,0.314228297664797,0
3.08387087648489,3.06097878290434,0.252235542543208,-0.133862262357779,-0.0418829366161291,1.95535829178931,0.133862262357779,0.315077201488481,0
3.08487083461605,3.0619697924334,0.252102064540401,-0.133904143540805,-0.0418829366161291,1.95435834390374,0.133904143540805,0.315926536652847,0
3.0858707927472,3.06296079637137,0.25196854503306,-0.133946024723831,-0.0418829366161291,1.95335839621927,0.133946024723831,0.316776301374467,0
3.08687075087836,3.06395179471652,0.251834984021418,-0.133987905906857,-0.0418829366161291,1.95235844873795,0.133987905906857,0.317626493878828,0
3.08787070900951,3.06494278746711,0.251701381505711,-0.134029787089883,-0.0418829366161291,1.95135850146185,0.134029787089883,0.318477112400282,0
3.08887066714067,3.0659337746214,0.251567737486172,-0.134071668272909,-0.0418829366161291,1.95035855439305,0.134071668272909,0.319328155181994,0
3.08987062527182,3.06692475617764,0.251434051963036,-0.134113549455935,-0.0418829366161291,1.94935860753362,0.134113549455935,0.320179620475899,0
3.09087058340298,3.06791573213411,0.251300324936537,-0.134155430638961,-0.0418829366161291,1.94835866088564,0.134155430638961,0.321031506542651,0
3.09187054153414,3.06890670248907,0.25116655640691,-0.134197311821987,-0.0418829366161291,1.94735871445118,0.134197311821987,0.321883811651575,0
3.09287049966529,3.06989766724077,0.25103274637439,-0.134239193005013,-0.0418829366161291,1.94635876823233,0.134239193005013,0.322736534080618,0
3.09387045779645,3.07088862638748,0.250898894839211,-0.134281074188039,-0.0418829366161291,1.94535882223119,0.134281074188039,0.323589672116306,0
3.0948704159276,3.07187957992746,0.250765001801608,-0.134322955371065,-0.0418829366161291,1.94435887644983,0.134322955371065,0.324443224053693,0
3.09587037405876,3.07287052785897,0.250631067261815,-0.134364836554091,-0.0418829366161291,1.94335893089037,0.134364836554091,0.325297188196314,0
3.09687033218992,3.07386147018028,0.250497091220069,-0.134406717737117,-0.0418829366161291,1.94235898555488,0.134406717737117,0.326151562856142,0
3.09787029032107,3.07485240688964,0.250363073676603,-0.134448598920143,-0.0418829366161291,1.94135904044548,0.134448598920143,0.327006346353538,0
3.09887024845223,3.07584333798532,0.250229014631653,-0.134490480103169,-0.0418829366161291,1.94035909556427,0.134490480103169,0.327861537017206,0
3.09987020658338,3.07683426346558,0.250094914085454,-0.134532361286195,-0.0418829366161291,1.93935915091336,0.134532361286195,0.328717133184148,0
3.10087016471454,3.07782518332868,0.249960772038242,-0.134574242469221,-0.0418829366161291,1.93835920649485,0.134574242469221,0.329573133199617,0
3.1018701228457,3.07881609757289,0.249826588490251,-0.134616123652247,-0.0418829366161291,1.93735926231088,0.134616123652247,0.330429535417073,0
3.10287008097685,3.07980700619646,0.249692363441717,-0.134658004835273,-0.0418829366161291,1.93635931836354,0.134658004835273,0.331286338198136,0
3.10387003910801,3.08079790919766,0.249558096892875,-0.134699886018299,-0.0418829366161291,1.93535937465497,0.134699886018299,0.332143539912544,0
3.10486999723916,3.08178880657474,0.24942378884396,-0.134741767201325,-0.0418829366161291,1.93435943118729,0.134741767201325,0.333001138938106,0
3.10586995537032,3.08277969832598,0.24928943929521,-0.134783648384351,-0.0418829366161291,1.93335948796264,0.134783648384351,0.333859133660657,0
3.10686991350148,3.08377058444963,0.249155048246858,-0.134825529567377,-0.0418829366161291,1.93235954498313,0.134825529567377,0.334717522474018,0
3.10786987163263,3.08476146494395,0.249020615699141,-0.134867410750403,-0.0418829366161291,1.93135960225091,0.134867410750403,0.335576303779945,0
3.10886982976379,3.08575233980721,0.248886141652295,-0.134909291933429,-0.0418829366161291,1.93035965976813,0.134909291933429,0.336435475988095,0
3.10986978789494,3.08674320903768,0.248751626106555,-0.134951173116455,-0.0418829366161291,1.92935971753691,0.134951173116455,0.337295037515972,0
3.1108697460261,3.0877340726336,0.248617069062157,-0.134993054299481,-0.0418829366161291,1.92835977555941,0.134993054299481,0.338154986788892,0
3.11186970415726,3.08872493059324,0.248482470519338,-0.135034935482507,-0.0418829366161291,1.92735983383778,0.135034935482507,0.339015322239937,0
3.11286966228841,3.08971578291487,0.248347830478334,-0.135076816665533,-0.0418829366161291,1.92635989237418,0.135076816665533,0.339876042309909,0
3.11386962041957,3.09070662959674,0.24821314893938,-0.135118697848559,-0.0418829366161291,1.92535995117075,0.135118697848559,0.340737145447296,0
3.11486957855072,3.09169747063713,0.248078425902713,-0.135160579031585,-0.0418829366161291,1.92436001022966,0.135160579031585,0.34159863010822,0
3.11586953668188,3.09268830603428,0.247943661368569,-0.135202460214611,-0.0418829366161291,1.92336006955308,0.135202460214611,0.342460494756402,0
3.11686949481303,3.09367913578647,0.247808855337185,-0.135244341397637,-0.0418829366161291,1.92236012914317,0.135244341397637,0.343322737863119,0
3.11786945294419,3.09466995989196,0.247674007808796,-0.135286222580663,-0.0418829366161291,1.9213601890021,0.135286222580663,0.344185357907157,0
3.11886941107535,3.095660778349,0.247539118783641,-0.135328103763689,-0.0418829366161291,1.92036024913206,0.135328103763689,0.345048353374779,0
3.1198693692065,3.09665159115586,0.247404188261954,-0.135369984946715,-0.0418829366161291,1.91936030953521,0.135369984946715,0.345911722759675,0
3.12086932733766,3.0976423983108,0.247269216243974,-0.135411866129741,-0.0418829366161291,1.91836037021374,0.135411866129741,0.346775464562926,0
3.12186928546881,3.09863319981208,0.247134202729936,-0.135453747312767,-0.0418829366161291,1.91736043116984,0.135453747312767,0.347639577292965,0
3.12286924359997,3.09962399565797,0.246999147720077,-0.135495628495793,-0.0418829366161291,1.9163604924057,0.135495628495793,0.34850405946553,0
3.12386920173113,3.10061478584673,0.246864051214635,-0.135537509678819,-0.0418829366161291,1.91536055392351,0.135537509678819,0.349368909603632,0
3.12486915986228,3.10160557037661,0.246728913213846,-0.135579390861845,-0.0418829366161291,1.91436061572547,0.135579390861845,0.350234126237507,0
3.12586911799344,3.10259634924589,0.246593733717947,-0.135621272044871,-0.0418829366161291,1.91336067781377,0.135621272044871,0.351099707904582,0
3.12686907612459,3.10358712245282,0.246458512727175,-0.135663153227897,-0.0418829366161291,1.91236074019063,0.135663153227897,0.351965653149434,0
3.12786903425575,3.10457788999567,0.246323250241768,-0.135705034410923,-0.0418829366161291,1.91136080285825,0.135705034410923,0.352831960523751,0
3.12886899238691,3.10556865187269,0.246187946261964,-0.135746915593949,-0.0418829366161291,1.91036086581884,0.135746915593949,0.35369862858629,0
3.12986895051806,3.10655940808216,0.246052600787998,-0.135788796776975,-0.0418829366161291,1.90936092907462,0.135788796776975,0.354565655902843,0
3.13086890864922,3.10755015862233,0.245917213820108,-0.135830677960001,-0.0418829366161291,1.90836099262781,0.135830677960001,0.355433041046195,0
3.13186886678037,3.10854090349146,0.245781785358533,-0.135872559143027,-0.0418829366161291,1.90736105648063,0.135872559143027,0.356300782596085,0
3.13286882491153,3.10953164268782,0.24564631540351,-0.135914440326053,-0.0418829366161291,1.90636112063531,0.135914440326053,0.357168879139173,0
3.13386878304269,3.11052237620967,0.245510803955275,-0.135956321509079,-0.0418829366161291,1.90536118509408,0.135956321509079,0.358037329268994,0
3.13486874117384,3.11151310405527,0.245375251014068,-0.135998202692105,-0.0418829366161291,1.90436124985917,0.135998202692105,0.358906131585929,0
3.135868699305,3.11250382622289,0.245239656580125,-0.136040083875131,-0.0418829366161291,1.90336131493282,0.136040083875131,0.359775284697158,0
3.13686865743615,3.11349454271078,0.245104020653685,-0.136081965058157,-0.0418829366161291,1.90236138031727,0.136081965058157,0.360644787216632,0
3.13786861556731,3.11448525351721,0.244968343234985,-0.136123846241183,-0.0418829366161291,1.90136144601477,0.136123846241183,0.361514637765031,0
3.13886857369847,3.11547595864044,0.244832624324263,-0.136165727424209,-0.0418829366161291,1.90036151202756,0.136165727424209,0.362384834969724,0
3.13986853182962,3.11646665807873,0.244696863921758,-0.136207608607235,-0.0418829366161291,1.89936157835791,0.136207608607235,0.363255377464742,0
3.14086848996078,3.11745735183034,0.244561062027708,-0.136249489790261,-0.0418829366161291,1.89836164500807,0.136249489790261,0.36412626389073,0
3.14186844809193,3.11844803989355,0.24442521864235,-0.136291370973287,-0.0418829366161291,1.8973617119803,0.136291370973287,0.36499749289492,0
3.14286840622309,3.1194387222666,0.244289333765923,-0.136333252156313,-0.0418829366161291,1.89636177927686,0.136333252156313,0.36586906313109,0
3.14386836435424,3.12042939894776,0.244153407398666,-0.136375133339339,-0.0418829366161291,1.89536184690002,0.136375133339339,0.366740973259527,0
3.1448683224854,3.1214200699353,0.244017439540816,-0.136417014522365,-0.0418829366161291,1.89436191485205,0.136417014522365,0.367613221946998,0
3.14586828061656,3.12241073522748,0.243881430192613,-0.136458895705391,-0.0418829366161291,1.89336198313524,0.136458895705391,0.368485807866706,0
3.14686823874771,3.12340139498259,0.243745380519552,-0.136494055483767,-0.0226781192736961,1.89236205174324,0.136494055483767,0.369358730271643,0
3.14786819687887,3.12439205110024,0.243609304362219,-0.136516732653534,-0.0226781192736961,1.89136212057549,0.136516732653534,0.370231994647383,0
3.14886815501002,3.12538270413181,0.243473205739645,-0.136539409823301,-0.0226781192736961,1.89036218960318,0.136539409823301,0.371105601630885,0
3.14986811314118,3.12637335407679,0.243337084651898,-0.136562086993068,-0.0226781192736961,1.88936225882713,0.136562086993068,0.371979549885481,0
3.15086807127234,3.12736400093468,0.24320094109905,-0.136584764162835,-0.0226781192736961,1.88836232824817,0.136584764162835,0.372853838080923,0
3.15186802940349,3.12835464470496,0.243064775081169,-0.136607441332602,-0.0226781192736961,1.88736239786713,0.136607441332602,0.373728464893352,0
3.15286798753465,3.12934528538712,0.242928586598327,-0.136630118502369,-0.0226781192736961,1.88636246768484,0.136630118502369,0.374603429005265,0
3.1538679456658,3.13033592298067,0.242792375650592,-0.136652795672136,-0.0226781192736961,1.88536253770213,0.136652795672136,0.375478729105475,0
3.15486790379696,3.13132655748508,0.242656142238036,-0.136675472841903,-0.0226781192736961,1.88436260791983,0.136675472841903,0.37635436388908,0
3.15586786192812,3.13231718889984,0.242519886360728,-0.13669815001167,-0.0226781192736961,1.88336267833878,0.136698150011671,0.377230332057431,0
3.15686782005927,3.13330781722446,0.242383608018738,-0.136720827181438,-0.0226781192736961,1.8823627489598,0.136720827181438,0.378106632318093,0
3.15786777819043,3.13429844245841,0.242247307212137,-0.136743504351205,-0.0226781192736961,1.88136281978375,0.136743504351204,0.378983263384814,0
3.15886773632158,3.13528906460119,0.242110983940994,-0.136766181520972,-0.0226781192736961,1.88036289081145,0.136766181520972,0.379860223977493,0
3.15986769445274,3.13627968365229,0.241974638205379,-0.136788858690739,-0.0226781192736961,1.87936296204375,0.136788858690739,0.380737512822144,0
3.1608676525839,3.1372702996112,0.241838270005363,-0.136811535860506,-0.0226781192736961,1.87836303348148,0.136811535860506,0.381615128650862,0
3.16186761071505,3.13826091247741,0.241701879341016,-0.136834213030273,-0.0226781192736961,1.87736310512549,0.136834213030273,0.382493070201794,0
3.16286756884621,3.13925152225041,0.241565466212408,-0.13685689020004,-0.0226781192736961,1.87636317697663,0.13685689020004,0.383371336219103,0
3.16386752697736,3.14024212892969,0.241429030619609,-0.136879567369807,-0.0226781192736961,1.87536324903574,0.136879567369807,0.384249925452936,0
3.16486748510852,3.14123273251475,0.241292572562689,-0.136902244539574,-0.0226781192736961,1.87436332130367,0.136902244539574,0.38512883665939,0
3.16586744323968,3.14222333300506,0.241156092041719,-0.136924921709341,-0.0226781192736961,1.87336339378126,0.136924921709341,0.386008068600485,0
3.16686740137083,3.14321393040013,0.241019589056768,-0.136947598879108,-0.0226781192736961,1.87236346646937,0.136947598879108,0.386887620044126,0
3.16786735950199,3.14420452469945,0.240883063607907,-0.136970276048875,-0.0226781192736961,1.87136353936885,0.136970276048875,0.387767489764074,0
3.16886731763314,3.1451951159025,0.240746515695206,-0.136992953218642,-0.0226781192736961,1.87036361248056,0.136992953218642,0.388647676539914,0
3.1698672757643,3.14618570400877,0.240609945318736,-0.137015630388409,-0.0226781192736961,1.86936368580534,0.137015630388409,0.389528179157024,0
3.17086723389546,3.14717628901777,0.240473352478565,-0.137038307558176,-0.0226781192736961,1.86836375934406,0.137038307558176,0.390408996406541,0
3.17186719202661,3.14816687092896,0.240336737174766,-0.137060984727943,-0.0226781192736961,1.86736383309757,0.137060984727944,0.391290127085332,0
3.17286715015777,3.14915744974186,0.240200099407407,-0.137083661897711,-0.0226781192736961,1.86636390706673,0.13708366189771,0.392171569995964,0
3.17386710828892,3.15014802545594,0.24006343917656,-0.137106339067478,-0.0226781192736961,1.86536398125241,0.137106339067477,0.393053323946672,0
3.17486706642008,3.1511385980707,0.239926756482294,-0.137129016237245,-0.0226781192736961,1.86436405565547,0.137129016237245,0.393935387751327,0
3.17586702455123,3.15212916758562,0.23979005132468,-0.137151693407012,-0.0226781192736961,1.86336413027677,0.137151693407012,0.394817760229407,0
3.17686698268239,3.15311973400021,0.239653323703788,-0.137174370576779,-0.0226781192736961,1.86236420511718,0.137174370576779,0.395700440205968,0
3.17786694081355,3.15411029731395,0.239516573619689,-0.137197047746546,-0.0226781192736961,1.86136428017756,0.137197047746546,0.39658342651161,0
3.1788668989447,3.15510085752632,0.239379801072452,-0.137219724916313,-0.0226781192736961,1.86036435545879,0.137219724916313,0.397466717982451,0
3.17986685707586,3.15609141463683,0.239243006062148,-0.13724240208608,-0.0226781192736961,1.85936443096173,0.13724240208608,0.398350313460095,0
3.18086681520701,3.15708196864496,0.239106188588848,-0.137265079255847,-0.0226781192736961,1.85836450668727,0.137265079255847,0.399234211791603,0
3.18186677333817,3.1580725195502,0.238969348652621,-0.137287756425614,-0.0226781192736961,1.85736458263627,0.137287756425614,0.400118411829464,0
3.18286673146933,3.15906306735205,0.238832486253539,-0.137310433595381,-0.0226781192736961,1.8563646588096,0.137310433595381,0.401002912431566,0
3.18386668960048,3.16005361204999,0.238695601391671,-0.137333110765148,-0.0226781192736961,1.85536473520816,0.137333110765148,0.401887712461164,0
3.18486664773164,3.16104415364351,0.238558694067088,-0.137355787934915,-0.0226781192736961,1.8543648118328,0.137355787934915,0.402772810786856,0
3.18586660586279,3.16203469213211,0.238421764279861,-0.137378465104682,-0.0226781192736961,1.85336488868443,0.137378465104682,0.403658206282548,0
3.18686656399395,3.16302522751527,0.238284812030059,-0.137401142274449,-0.0226781192736961,1.85236496576391,0.137401142274449,0.404543897827434,0
3.18786652212511,3.16401575979249,0.238147837317753,-0.137423819444216,-0.0226781192736961,1.85136504307213,0.137423819444217,0.405429884305957,0
3.18886648025626,3.16500628896325,0.238010840143014,-0.137446496613984,-0.0226781192736961,1.85036512060998,0.137446496613983,0.406316164607789,0
3.18986643838742,3.16599681502705,0.237873820505912,-0.137469173783751,-0.0226781192736961,1.84936519837835,0.137469173783751,0.407202737627802,0
3.19086639651857,3.16698733798338,0.237736778406517,-0.137491850953518,-0.0226781192736961,1.84836527637812,0.137491850953518,0.408089602266033,0
3.19186635464973,3.16797785783173,0.237599713844901,-0.137514528123285,-0.0226781192736961,1.84736535461018,0.137514528123285,0.408976757427665,0
3.19286631278089,3.16896837457159,0.237462626821133,-0.137537205293052,-0.0226781192736961,1.84636543307543,0.137537205293052,0.409864202022995,0
3.19386627091204,3.16995888820244,0.237325517335284,-0.137559882462819,-0.0226781192736961,1.84536551177475,0.137559882462819,0.410751934967408,0
3.1948662290432,3.17094939872379,0.237188385387424,-0.137582559632586,-0.0226781192736961,1.84436559070905,0.137582559632586,0.411639955181347,0
3.19586618717435,3.17193990613512,0.237051230977625,-0.137605236802353,-0.0226781192736961,1.84336566987923,0.137605236802353,0.412528261590288,0
3.19686614530551,3.17293041043592,0.236914054105956,-0.13762791397212,-0.0226781192736961,1.84236574928617,0.13762791397212,0.413416853124715,0
3.19786610343667,3.17392091162568,0.236776854772488,-0.137650591141887,-0.0226781192736961,1.84136582893078,0.137650591141887,0.414305728720089,0
3.19886606156782,3.17491140970389,0.236639632977292,-0.137673268311654,-0.0226781192736961,1.84036590881397,0.137673268311654,0.415194887316822,0
3.19986601969898,3.17590190467005,0.236502388720438,-0.137695945481421,-0.0226781192736961,1.83936598893663,0.137695945481421,0.416084327860255,0
3.20086597783013,3.17689239652364,0.236365122001996,-0.137718622651188,-0.0226781192736961,1.83836606929967,0.137718622651188,0.416974049300626,0
3.20186593596129,3.17788288526416,0.236227832822039,-0.137741299820955,-0.0226781192736961,1.83736614990401,0.137741299820955,0.417864050593045,0
3.20286589409245,3.17887337089109,0.236090521180635,-0.137763976990722,-0.0226781192736961,1.83636623075054,0.137763976990723,0.418754330697473,0
3.2038658522236,3.17986385340392,0.235953187077856,-0.137786654160489,-0.0226781192736961,1.83536631184017,0.13778665416049,0.419644888578687,0
3.20486581035476,3.18085433280216,0.235815830513771,-0.137809331330257,-0.0226781192736961,1.83436639317383,0.137809331330256,0.420535723206263,0
3.20586576848591,3.18184480908528,0.235678451488453,-0.137832008500024,-0.0226781192736961,1.83336647475243,0.137832008500024,0.421426833554545,0
3.20686572661707,3.18283528225278,0.235541050001972,-0.137854685669791,-0.0226781192736961,1.83236655657687,0.137854685669791,0.42231821860262,0
3.20786568474822,3.18382575230415,0.235403626054397,-0.137877362839558,-0.0226781192736961,1.83136663864808,0.137877362839558,0.423209877334297,0
3.20886564287938,3.18481621923887,0.2352661796458,-0.137900040009325,-0.0226781192736961,1.83036672096697,0.137900040009325,0.424101808738075,0
3.20986560101054,3.18580668305645,0.235128710776252,-0.137922717179092,-0.0226781192736961,1.82936680353448,0.137922717179092,0.424994011807124,0
3.21086555914169,3.18679714375636,0.234991219445823,-0.137945394348859,-0.0226781192736961,1.82836688635151,0.137945394348859,0.425886485539257,0
3.21186551727285,3.18778760133811,0.234853705654584,-0.137968071518626,-0.0226781192736961,1.827366969419,0.137968071518626,0.426779228936906,0
3.212865475404,3.18877805580118,0.234716169402606,-0.137990748688393,-0.0226781192736961,1.82636705273786,0.137990748688393,0.427672241007095,0
3.21386543353516,3.18976850714506,0.234578610689959,-0.13801342585816,-0.0226781192736961,1.82536713630904,0.13801342585816,0.42856552076142,0
3.21486539166632,3.19075895536925,0.234441029516714,-0.138036103027927,-0.0226781192736961,1.82436722013344,0.138036103027927,0.429459067216023,0
3.21586534979747,3.19174940047323,0.234303425882942,-0.138058780197694,-0.0226781192736961,1.82336730421202,0.138058780197694,0.430352879391565,0
3.21686530792863,3.19273984245649,0.234165799788713,-0.138081457367461,-0.0226781192736961,1.8223673885457,0.138081457367461,0.431246956313206,0
3.21786526605978,3.19373028131853,0.234028151234099,-0.138104134537228,-0.0226781192736961,1.82136747313542,0.138104134537228,0.432141297010579,0
3.21886522419094,3.19472071705883,0.23389048021917,-0.138126811706995,-0.0226781192736961,1.82036755798211,0.138126811706996,0.433035900517764,0
3.2198651823221,3.19571114967689,0.233752786743997,-0.138149488876762,-0.0226781192736961,1.81936764308671,0.138149488876762,0.43393076587327,0
3.22086514045325,3.1967015791722,0.233615070808651,-0.13817216604653,-0.0226781192736961,1.81836772845016,0.138172166046529,0.434825892120007,0
3.22186509858441,3.19769200554424,0.233477332413202,-0.138194843216297,-0.0226781192736961,1.8173678140734,0.138194843216297,0.435721278305263,0
3.22286505671556,3.19868242879251,0.233339571557722,-0.138217520386064,-0.0226781192736961,1.81636789995738,0.138217520386064,0.436616923480685,0
3.22386501484672,3.19967284891651,0.233201788242281,-0.138240197555831,-0.0226781192736961,1.81536798610304,0.138240197555831,0.437512826702247,0
3.22486497297788,3.20066326591571,0.233063982466951,-0.138262874725598,-0.0226781192736961,1.81436807251133,0.138262874725598,0.438408987030238,0
3.22586493110903,3.20165367978961,0.232926154231801,-0.138285551895365,-0.0226781192736961,1.8133681591832,0.138285551895365,0.43930540352923,0
3.22686488924019,3.2026440905377,0.232788303536903,-0.138308229065132,-0.0226781192736961,1.8123682461196,0.138308229065132,0.440202075268062,0
3.22786484737134,3.20363449815948,0.232650430382328,-0.138330906234899,-0.0226781192736961,1.81136833332148,0.138330906234899,0.441099001319813,0
3.2288648055025,3.20462490265443,0.232512534768147,-0.138353583404666,-0.0226781192736961,1.8103684207898,0.138353583404666,0.44199618076178,0
3.22986476363366,3.20561530402204,0.23237461669443,-0.138376260574433,-0.0226781192736961,1.80936850852551,0.138376260574433,0.442893612675459,0
3.23086472176481,3.2066057022618,0.232236676161248,-0.1383989377442,-0.0226781192736961,1.80836859652957,0.1383989377442,0.443791296146518,0
3.23186467989597,3.20759609737321,0.232098713168674,-0.138421614913967,-0.0226781192736961,1.80736868480294,0.138421614913967,0.44468923026478,0
3.23286463802712,3.20858648935575,0.231960727716776,-0.138444292083734,-0.0226781192736961,1.80636877334658,0.138444292083734,0.445587414124198,0
3.23386459615828,3.20957687820892,0.231822719805627,-0.138466969253501,-0.0226781192736961,1.80536886216147,0.138466969253501,0.446485846822831,0
3.23486455428943,3.21056726393221,0.231684689435297,-0.138489646423268,-0.0226781192736961,1.80436895124855,0.138489646423269,0.447384527462828,0
3.23586451242059,3.2115576465251,0.231546636605858,-0.138512323593036,-0.0226781192736961,1.8033690406088,0.138512323593035,0.448283455150404,0
3.23686447055175,3.21254802598709,0.23140856131738,-0.138535000762803,-0.0226781192736961,1.8023691302432,0.138535000762802,0.449182628995816,0
3.2378644286829,3.21353840231767,0.231270463569934,-0.13855767793257,-0.0226781192736961,1.8013692201527,0.13855767793257,0.450082048113344,0
3.23886438681406,3.21452877551633,0.231132343363592,-0.138580355102337,-0.0226781192736961,1.80036931033829,0.138580355102337,0.450981711621271,0
3.23986434494521,3.21551914558256,0.230994200698423,-0.138603032272104,-0.0226781192736961,1.79936940080093,0.138603032272104,0.451881618641859,0
3.24086430307637,3.21650951251585,0.230856035574501,-0.138625709441871,-0.0226781192736961,1.79836949154161,0.138625709441871,0.45278176830133,0
3.24186426120753,3.21749987631569,0.230717847991894,-0.138648386611638,-0.0226781192736961,1.7973695825613,0.138648386611638,0.453682159729845,0
3.24286421933868,3.21849023698158,0.230579637950676,-0.138671063781405,-0.0226781192736961,1.79636967386099,0.138671063781405,0.454582792061484,0
3.24386417746984,3.21948059451299,0.230441405450915,-0.138693740951172,-0.0226781192736961,1.79536976544165,0.138693740951172,0.455483664434222,0
3.24486413560099,3.22047094890943,0.230303150492685,-0.138716418120939,-0.0226781192736961,1.79436985730427,0.138716418120939,0.456384775989914,0
3.24586409373215,3.22146130017038,0.230164873076055,-0.138739095290706,-0.0226781192736961,1.79336994944984,0.138739095290706,0.457286125874269,0
3.24686405186331,3.22245164829534,0.230026573201097,-0.138761772460473,-0.0226781192736961,1.79237004187935,0.138761772460473,0.458187713236833,0
3.24786400999446,3.2234419932838,0.229888250867883,-0.13878444963024,-0.0226781192736961,1.79137013459378,0.13878444963024,0.45908953723097,0
3.24886396812562,3.22443233513524,0.229749906076482,-0.138807126800007,-0.0226781192736961,1.79037022759413,0.138807126800007,0.459991597013839,0
3.24986392625677,3.22542267384916,0.229611538826966,-0.138829803969774,-0.0226781192736961,1.78937032088139,0.138829803969774,0.460893891746376,0
3.25086388438793,3.22641300942504,0.229473149119407,-0.138852481139541,-0.0226781192736961,1.78837041445656,0.138852481139542,0.461796420593272,0
3.25186384251909,3.22740334186238,0.229334736953876,-0.138875158309308,-0.0226781192736961,1.78737050832063,0.138875158309308,0.462699182722958,0
3.25286380065024,3.22839367116068,0.229196302330443,-0.138897835479076,-0.0226781192736961,1.78637060247461,0.138897835479076,0.463602177307581,0
3.2538637587814,3.22938399731941,0.229057845249181,-0.138920512648843,-0.0226781192736961,1.78537069691949,0.138920512648843,0.464505403522983,0
3.25486371691255,3.23037432033807,0.228919365710159,-0.13894318981861,-0.0226781192736961,1.78437079165628,0.13894318981861,0.465408860548691,0
3.25586367504371,3.23136464021616,0.22878086371345,-0.138965866988377,-0.0226781192736961,1.783370886686,0.138965866988377,0.466312547567885,0
3.25686363317487,3.23235495695315,0.228642339259125,-0.138988544158144,-0.0226781192736961,1.78237098200963,0.138988544158144,0.467216463767392,0
3.25786359130602,3.23334527054855,0.228503792347254,-0.139011221327911,-0.0226781192736961,1.7813710776282,0.139011221327911,0.468120608337655,0
3.25886354943718,3.23433558100185,0.22836522297791,-0.139033898497678,-0.0226781192736961,1.78037117354271,0.139033898497678,0.469024980472723,0
3.25986350756833,3.23532588831252,0.228226631151163,-0.139056575667445,-0.0226781192736961,1.77937126975418,0.139056575667445,0.469929579370226,0
3.26086346569949,3.23631619248008,0.228088016867084,-0.139079252837212,-0.0226781192736961,1.77837136626362,0.139079252837212,0.470834404231362,0
3.26186342383064,3.237306493504,0.227949380125746,-0.139101930006979,-0.0226781192736961,1.77737146307205,0.139101930006979,0.471739454260872,0
3.2628633819618,3.23829679138377,0.227810720927218,-0.139124607176746,-0.0226781192736961,1.7763715601805,0.139124607176746,0.47264472866703,0
3.26386334009296,3.23928708611889,0.227672039271573,-0.139147284346513,-0.0226781192736961,1.77537165758998,0.139147284346513,0.473550226661617,0
3.26486329822411,3.24027737770885,0.227533335158882,-0.13916996151628,-0.0226781192736961,1.77437175530151,0.13916996151628,0.474455947459904,0
3.26586325635527,3.24126766615314,0.227394608589216,-0.139192638686047,-0.0226781192736961,1.77337185331612,0.139192638686048,0.475361890280639,0
3.26686321448642,3.24225795145125,0.227255859562647,-0.139215315855814,-0.0226781192736961,1.77237195163485,0.139215315855814,0.476268054346023,0
3.26786317261758,3.24324823367995,0.227117088630708,-0.139234566106523,-0.0121333112736559,1.77137205025277,0.139234566106523,0.47717443911676,0
3.26886313074874,3.24423851389153,0.226978303305087,-0.139246698909789,-0.0121333112736559,1.77037214908987,0.139246698909789,0.478081047019348,0
3.26986308887989,3.24522879241918,0.226839505964602,-0.139258831713055,-0.0121333112736559,1.76937224812105,0.139258831713055,0.478987878286184,0
3.27086304701105,3.24621906926276,0.226700696609272,-0.139270964516321,-0.0121333112736559,1.76837234734677,0.139270964516321,0.479894932137979,0
3.2718630051422,3.24720934442211,0.226561875239118,-0.139283097319587,-0.0121333112736559,1.76737244676752,0.139283097319587,0.48080220779887,0
3.27286296327336,3.24819961789711,0.226423041854161,-0.139295230122853,-0.0121333112736559,1.76637254638378,0.139295230122853,0.481709704496411,0
3.27386292140452,3.24918988968759,0.22628419645442,-0.139307362926119,-0.0121333112736559,1.76537264619603,0.139307362926119,0.482617421461548,0
3.27486287953567,3.25018015979341,0.226145339039917,-0.139319495729385,-0.0121333112736559,1.76437274620475,0.139319495729385,0.483525357928605,0
3.27586283766683,3.25117042821443,0.226006469610672,-0.139331628532651,-0.0121333112736559,1.76337284641041,0.139331628532651,0.484433513135267,0
3.27686279579798,3.25216069495051,0.225867588166706,-0.139343761335916,-0.0121333112736559,1.76237294681351,0.139343761335916,0.48534188632256,0
3.27786275392914,3.25315096000149,0.225728694708038,-0.139355894139182,-0.0121333112736559,1.76137304741452,0.139355894139182,0.486250476734837,0
3.2788627120603,3.25414122336723,0.225589789234689,-0.139368026942448,-0.0121333112736559,1.76037314821393,0.139368026942448,0.487159283619758,0
3.27986267019145,3.25513148504758,0.22545087174668,-0.139380159745714,-0.0121333112736559,1.75937324921223,0.139380159745714,0.488068306228277,0
3.28086262832261,3.25612174504241,0.22531194224403,-0.13939229254898,-0.0121333112736559,1.7583733504099,0.13939229254898,0.488977543814619,0
3.28186258645376,3.25711200335155,0.225173000726762,-0.139404425352246,-0.0121333112736559,1.75737345180742,0.139404425352246,0.48988699563627,0
3.28286254458492,3.25810225997487,0.225034047194894,-0.139416558155512,-0.0121333112736559,1.7563735534053,0.139416558155512,0.490796660953956,0
3.28386250271608,3.25909251491223,0.224895081648448,-0.139428690958778,-0.0121333112736559,1.75537365520401,0.139428690958778,0.491706539031624,0
3.28486246084723,3.26008276816347,0.224756104087444,-0.139440823762044,-0.0121333112736559,1.75437375720405,0.139440823762044,0.492616629136435,0
3.28586241897839,3.26107301972845,0.224617114511902,-0.13945295656531,-0.0121333112736559,1.75337385940592,0.13945295656531,0.493526930538737,0
3.28686237710954,3.26206326960702,0.224478112921843,-0.139465089368576,-0.0121333112736559,1.75237396181009,0.139465089368576,0.494437442512053,0
3.2878623352407,3.26305351779904,0.224339099317287,-0.139477222171842,-0.0121333112736559,1.75137406441707,0.139477222171842,0.495348164333069,0
3.28886229337185,3.26404376430436,0.224200073698255,-0.139489354975108,-0.0121333112736559,1.75037416722736,0.139489354975108,0.496259095281608,0
3.28986225150301,3.26503400912284,0.224061036064767,-0.139501487778373,-0.0121333112736559,1.74937427024144,0.139501487778373,0.497170234640625,0
3.29086220963417,3.26602425225434,0.223921986416843,-0.139513620581639,-0.0121333112736559,1.74837437345982,0.139513620581639,0.498081581696181,0
3.29186216776532,3.26701449369869,0.223782924754505,-0.139525753384905,-0.0121333112736559,1.74737447688298,0.139525753384905,0.498993135737436,0
3.29286212589648,3.26800473345577,0.223643851077773,-0.139537886188171,-0.0121333112736559,1.74637458051145,0.139537886188171,0.499904896056625,0
3.29386208402763,3.26899497152542,0.223504765386666,-0.139550018991437,-0.0121333112736559,1.7453746843457,0.139550018991437,0.500816861949051,0
3.29486204215879,3.26998520790749,0.223365667681206,-0.139562151794703,-0.0121333112736559,1.74437478838624,0.139562151794703,0.501729032713059,0
3.29586200028995,3.27097544260185,0.223226557961413,-0.139574284597969,-0.0121333112736559,1.74337489263358,0.139574284597969,0.50264140765003,0
3.2968619584211,3.27196567560835,0.223087436227308,-0.139586417401235,-0.0121333112736559,1.74237499708822,0.139586417401235,0.503553986064362,0
3.29786191655226,3.27295590692683,0.22294830247891,-0.139598550204501,-0.0121333112736559,1.74137510175067,0.139598550204501,0.504466767263452,0
3.29886187468341,3.27394613655716,0.222809156716242,-0.139610683007767,-0.0121333112736559,1.74037520662142,0.139610683007767,0.505379750557686,0
3.29986183281457,3.27493636449919,0.222669998939322,-0.139622815811033,-0.0121333112736559,1.73937531170099,0.139622815811033,0.506292935260419,0
3.30086179094573,3.27592659075277,0.222530829148171,-0.139634948614299,-0.0121333112736559,1.73837541698988,0.139634948614299,0.507206320687961,0
3.30186174907688,3.27691681531776,0.22239164734281,-0.139647081417565,-0.0121333112736559,1.7373755224886,0.139647081417565,0.508119906159566,0
3.30286170720804,3.27790703819402,0.22225245352326,-0.139659214220831,-0.0121333112736559,1.73637562819766,0.13965921422083,0.509033690997411,0
3.30386166533919,3.27889725938138,0.222113247689541,-0.139671347024096,-0.0121333112736559,1.73537573411757,0.139671347024096,0.509947674526586,0
3.30486162347035,3.27988747887972,0.221974029841673,-0.139683479827362,-0.0121333112736559,1.73437584024885,0.139683479827363,0.510861856075077,0
3.30586158160151,3.28087769668888,0.221834799979677,-0.139695612630628,-0.0121333112736559,1.73337594659201,0.139695612630628,0.511776234973751,0
3.30686153973266,3.28186791280872,0.221695558103573,-0.139707745433894,-0.0121333112736559,1.73237605314756,0.139707745433894,0.512690810556342,0
3.30786149786382,3.2828581272391,0.221556304213382,-0.13971987823716,-0.0121333112736559,1.73137615991601,0.13971987823716,0.513605582159438,0
3.30886145599497,3.28384833997986,0.221417038309125,-0.139732011040426,-0.0121333112736559,1.73037626689789,0.139732011040426,0.514520549122466,0
3.30986141412613,3.28483855103086,0.221277760390821,-0.139744143843692,-0.0121333112736559,1.72937637409371,0.139744143843692,0.515435710787671,0
3.31086137225729,3.28582876039196,0.221138470458492,-0.139756276646958,-0.0121333112736559,1.72837648150399,0.139756276646958,0.516351066500118,0
3.31186133038844,3.286818968063,0.220999168512158,-0.139768409450224,-0.0121333112736559,1.72737658912924,0.139768409450224,0.517266615607657,0
3.3128612885196,3.28780917404385,0.220859854551839,-0.13978054225349,-0.0121333112736559,1.72637669697,0.13978054225349,0.518182357460927,0
3.31386124665075,3.28879937833436,0.220720528577556,-0.139792675056756,-0.0121333112736559,1.72537680502678,0.139792675056756,0.519098291413329,0
3.31486120478191,3.28978958093439,0.220581190589329,-0.139804807860022,-0.0121333112736559,1.7243769133001,0.139804807860022,0.52001441682102,0
3.31586116291307,3.29077978184377,0.22044184058718,-0.139816940663288,-0.0121333112736559,1.7233770217905,0.139816940663287,0.520930733042898,0
3.31686112104422,3.29176998106238,0.220302478571128,-0.139829073466554,-0.0121333112736559,1.72237713049848,0.139829073466553,0.521847239440584,0
3.31786107917538,3.29276017859007,0.220163104541193,-0.139841206269819,-0.0121333112736559,1.72137723942459,0.13984120626982,0.522763935378413,0
3.31886103730653,3.29375037442668,0.220023718497397,-0.139853339073085,-0.0121333112736559,1.72037734856935,0.139853339073085,0.523680820223416,0
3.31986099543769,3.29474056857208,0.219884320439761,-0.139865471876351,-0.0121333112736559,1.71937745793329,0.139865471876351,0.524597893345312,0
3.32086095356884,3.29573076102612,0.219744910368303,-0.139877604679617,-0.0121333112736559,1.71837756751693,0.139877604679617,0.525515154116491,0
3.3218609117,3.29672095178864,0.219605488283046,-0.139889737482883,-0.0121333112736559,1.71737767732081,0.139889737482883,0.526432601911998,0
3.32286086983116,3.29771114085952,0.219466054184009,-0.139901870286149,-0.0121333112736559,1.71637778734546,0.139901870286149,0.527350236109528,0
3.32386082796231,3.29870132823859,0.219326608071213,-0.139914003089415,-0.0121333112736559,1.71537789759142,0.139914003089415,0.528268056089401,0
3.32486078609347,3.29969151392572,0.219187149944679,-0.139926135892681,-0.0121333112736559,1.71437800805921,0.139926135892681,0.52918606123456,0
3.32586074422462,3.30068169792076,0.219047679804427,-0.139938268695947,-0.0121333112736559,1.71337811874938,0.139938268695947,0.530104250930553,0
3.32686070235578,3.30167188022356,0.218908197650478,-0.139950401499213,-0.0121333112736559,1.71237822966246,0.139950401499213,0.531022624565518,0
3.32786066048694,3.30266206083398,0.218768703482851,-0.139962534302479,-0.0121333112736559,1.71137834079899,0.139962534302479,0.531941181530175,0
3.32886061861809,3.30365223975187,0.218629197301569,-0.139974667105745,-0.0121333112736559,1.71037845215951,0.139974667105744,0.532859921217807,0
3.32986057674925,3.30464241697709,0.218489679106651,-0.139986799909011,-0.0121333112736559,1.70937856374456,0.139986799909011,0.533778843024253,0
3.3308605348804,3.30563259250949,0.218350148898118,-0.139998932712276,-0.0121333112736559,1.70837867555468,0.139998932712277,0.534697946347893,0
3.33186049301156,3.30662276634892,0.218210606675989,-0.140011065515542,-0.0121333112736559,1.70737878759041,0.140011065515542,0.535617230589635,0
3.33286045114272,3.30761293849524,0.218071052440287,-0.140023198318808,-0.0121333112736559,1.70637889985229,0.140023198318808,0.5365366951529,0
3.33386040927387,3.30860310894831,0.217931486191032,-0.140035331122074,-0.0121333112736559,1.70537901234088,0.140035331122074,0.537456339443615,0
3.33486036740503,3.30959327770797,0.217791907928243,-0.14004746392534,-0.0121333112736559,1.70437912505672,0.14004746392534,0.538376162870198,0
3.33586032553618,3.31058344477408,0.217652317651942,-0.140059596728606,-0.0121333112736559,1.70337923800035,0.140059596728606,0.539296164843542,0
3.33686028366734,3.3115736101465,0.217512715362148,-0.140071729531872,-0.0121333112736559,1.70237935117233,0.140071729531872,0.54021634477701,0
3.3378602417985,3.31256377382508,0.217373101058884,-0.140083862335138,-0.0121333112736559,1.70137946457321,0.140083862335138,0.541136702086415,0
3.33886019992965,3.31355393580967,0.217233474742168,-0.140095995138404,-0.0121333112736559,1.70037957820353,0.140095995138404,0.542057236190014,0
3.33986015806081,3.31454409610013,0.217093836412023,-0.14010812794167,-0.0121333112736559,1.69937969206384,0.14010812794167,0.542977946508493,0
3.34086011619196,3.31553425469632,0.216954186068467,-0.140120260744936,-0.0121333112736559,1.69837980615471,0.140120260744936,0.543898832464953,0
3.34186007432312,3.31652441159808,0.216814523711522,-0.140132393548202,-0.0121333112736559,1.69737992047669,0.140132393548202,0.544819893484904,0
3.34286003245428,3.31751456680527,0.216674849341209,-0.140144526351468,-0.0121333112736559,1.69638003503033,0.140144526351468,0.545741128996247,0
3.34385999058543,3.31850472031775,0.216535162957548,-0.140156659154734,-0.0121333112736559,1.69538014981618,0.140156659154734,0.546662538429267,0
3.34485994871659,3.31949487213537,0.216395464560559,-0.140168791957999,-0.0121333112736559,1.69438026483482,0.140168791957999,0.547584121216615,0
3.34585990684774,3.32048502225798,0.216255754150263,-0.140180924761265,-0.0121333112736559,1.69338038008679,0.140180924761265,0.548505876793305,0
3.3468598649789,3.32147517068544,0.216116031726681,-0.140193057564531,-0.0121333112736559,1.69238049557266,0.140193057564531,0.549427804596694,0
3.34785982311005,3.3224653174176,0.215976297289834,-0.140205190367797,-0.0121333112736559,1.69138061129299,0.140205190367797,0.550349904066474,0
3.34885978124121,3.32345546245432,0.215836550839741,-0.140217323171063,-0.0121333112736559,1.69038072724835,0.140217323171063,0.551272174644663,0
3.34985973937237,3.32444560579545,0.215696792376423,-0.140229455974329,-0.0121333112736559,1.68938084343929,0.140229455974329,0.552194615775589,0
3.35085969750352,3.32543574744084,0.215557021899901,-0.140241588777595,-0.0121333112736559,1.68838095986639,0.140241588777595,0.553117226905881,0
3.35185965563468,3.32642588739036,0.215417239410196,-0.140253721580861,-0.0121333112736559,1.68738107653021,0.140253721580861,0.554040007484457,0
3.35285961376583,3.32741602564385,0.215277444907328,-0.140265854384127,-0.0121333112736559,1.68638119343132,0.140265854384127,0.554962956962516,0
3.35385957189699,3.32840616220116,0.215137638391317,-0.140277987187393,-0.0121333112736559,1.68538131057029,0.140277987187393,0.555886074793517,0
3.35485953002815,3.32939629706216,0.214997819862185,-0.140290119990659,-0.0121333112736559,1.68438142794769,0.140290119990659,0.556809360433182,0
3.3558594881593,3.3303864302267,0.214857989319951,-0.140302252793925,-0.0121333112736559,1.6833815455641,0.140302252793925,0.557732813339474,0
3.35685944629046,3.33137656169462,0.214718146764637,-0.140314385597191,-0.0121333112736559,1.68238166342008,0.140314385597191,0.55865643297259,0
3.35785940442161,3.33236669146579,0.214578292196263,-0.140326518400457,-0.0121333112736559,1.68138178151621,0.140326518400457,0.55958021879495,0
3.35885936255277,3.33335681954006,0.214438425614849,-0.140338651203722,-0.0121333112736559,1.68038189985306,0.140338651203722,0.560504170271186,0
3.35985932068393,3.33434694591728,0.214298547020417,-0.140350784006988,-0.0121333112736559,1.67938201843123,0.140350784006988,0.56142828686813,0
3.36085927881508,3.33533707059732,0.214158656412986,-0.140362916810254,-0.0121333112736559,1.67838213725127,0.140362916810254,0.562352568054807,0
3.36185923694624,3.33632719358001,0.214018753792578,-0.14037504961352,-0.0121333112736559,1.67738225631378,0.14037504961352,0.563277013302416,0
3.36285919507739,3.33731731486522,0.213878839159213,-0.140387182416786,-0.0121333112736559,1.67638237561933,0.140387182416786,0.56420162208433,0
3.36385915320855,3.33830743445279,0.213738912512911,-0.140399315220052,-0.0121333112736559,1.67538249516851,0.140399315220052,0.565126393876079,0
3.36485911133971,3.3392975523426,0.213598973853693,-0.140411448023318,-0.0121333112736559,1.6743826149619,0.140411448023318,0.56605132815534,0
3.36585906947086,3.34028766853448,0.21345902318158,-0.140423580826584,-0.0121333112736559,1.67338273500008,0.140423580826584,0.566976424401926,0
3.36685902760202,3.3412777830283,0.213319060496593,-0.14043571362985,-0.0121333112736559,1.67238285528364,0.14043571362985,0.567901682097779,0
3.36785898573317,3.3422678958239,0.213179085798751,-0.140447846433116,-0.0121333112736559,1.67138297581318,0.140447846433116,0.568827100726958,0
3.36885894386433,3.34325800692114,0.213039099088076,-0.140459979236382,-0.0121333112736559,1.67038309658927,0.140459979236382,0.569752679775624,0
3.36985890199549,3.34424811631989,0.212899100364588,-0.140472112039648,-0.0121333112736559,1.66938321761251,0.140472112039648,0.57067841873204,0
3.37085886012664,3.34523822401998,0.212759089628308,-0.140484244842914,-0.0121333112736559,1.66838333888349,0.140484244842914,0.571604317086549,0
3.3718588182578,3.34622833002127,0.212619066879256,-0.140496377646179,-0.0121333112736559,1.66738346040281,0.140496377646179,0.572530374331573,0
3.37285877638895,3.34721843432363,0.212479032117453,-0.140508510449445,-0.0121333112736559,1.66638358217105,0.140508510449445,0.573456589961599,0
3.37385873452011,3.34820853692689,0.21233898534292,-0.140520643252711,-0.0121333112736559,1.66538370418882,0.140520643252712,0.574382963473168,0
3.37485869265126,3.34919863783093,0.212198926555677,-0.140532776055977,-0.0121333112736559,1.6643838264567,0.140532776055977,0.575309494364868,0
3.37585865078242,3.35018873703558,0.212058855755744,-0.140544908859243,-0.0121333112736559,1.66338394897531,0.140544908859243,0.576236182137324,0
3.37685860891358,3.35117883454071,0.211918772943144,-0.140557041662509,-0.0121333112736559,1.66238407174523,0.140557041662509,0.577163026293182,0
3.37785856704473,3.35216893034617,0.211778678117895,-0.140569174465775,-0.0121333112736559,1.66138419476707,0.140569174465775,0.578090026337108,0
3.37885852517589,3.35315902445182,0.211638571280019,-0.140581307269041,-0.0121333112736559,1.66038431804144,0.140581307269041,0.579017181775775,0
3.37985848330704,3.3541491168575,0.211498452429536,-0.140593440072307,-0.0121333112736559,1.65938444156893,0.140593440072307,0.579944492117849,0
3.3808584414382,3.35513920756308,0.211358321566467,-0.140605572875573,-0.0121333112736559,1.65838456535015,0.140605572875573,0.580871956873985,0
3.38185839956936,3.3561292965684,0.211218178690833,-0.140617705678839,-0.0121333112736559,1.65738468938571,0.140617705678839,0.581799575556815,0
3.38285835770051,3.35711938387333,0.211078023802654,-0.140629838482105,-0.0121333112736559,1.65638481367622,0.140629838482105,0.582727347680938,0
3.38385831583167,3.35810946947771,0.210937856901951,-0.140641971285371,-0.0121333112736559,1.65538493822228,0.140641971285371,0.583655272762912,0
3.38485827396282,3.35909955338139,0.210797677988744,-0.140654104088637,-0.0121333112736559,1.6543850630245,0.140654104088636,0.584583350321245,0
3.38585823209398,3.36008963558425,0.210657487063054,-0.140666236891902,-0.0121333112736559,1.6533851880835,0.140666236891902,0.585511579876381,0
3.38685819022514,3.36107971608612,0.210517284124902,-0.140678369695168,-0.0121333112736559,1.6523853133999,0.140678369695169,0.5864399609507,0
3.38785814835629,3.36206979488686,0.210377069174309,-0.140690502498434,-0.0121333112736559,1.6513854389743,0.140690502498434,0.587368493068495,0
3.38885810648745,3.36305987202402,0.210236842477356,-0.140700843781009,-0.00616132593628777,1.65038556480383,0.140700843781009,0.588297175855562,0
3.3898580646186,3.36404994809204,0.210096608231917,-0.140707004848978,-0.00616132593628777,1.64938569083408,0.140707004848978,0.589226010409285,0
3.39085802274976,3.36504002329605,0.209956367886554,-0.140713165916947,-0.00616132593628777,1.64838581704645,0.140713165916947,0.590154996795583,0
3.39185798088092,3.36603009763601,0.209816121441274,-0.140719326984915,-0.00616132593628777,1.64738594344132,0.140719326984915,0.59108413453955,0
3.39285793901207,3.36702017111188,0.20967586889608,-0.140725488052884,-0.00616132593628777,1.64638607001905,0.140725488052884,0.592013423168176,0
3.39385789714323,3.36801024372363,0.20953561025098,-0.140731649120853,-0.00616132593628777,1.64538619678003,0.140731649120853,0.592942862210351,0
3.39485785527438,3.36900031547122,0.209395345505978,-0.140737810188821,-0.00616132593628777,1.64438632372461,0.140737810188821,0.593872451196842,0
3.39585781340554,3.36999038635461,0.209255074661079,-0.14074397125679,-0.00616132593628777,1.64338645085318,0.14074397125679,0.594802189660294,0
3.3968577715367,3.37098045637376,0.209114797716288,-0.140750132324759,-0.00616132593628777,1.6423865781661,0.140750132324759,0.595732077135217,0
3.39785772966785,3.37197052552864,0.208974514671612,-0.140756293392727,-0.00616132593628777,1.64138670566376,0.140756293392728,0.596662113157975,0
3.39885768779901,3.3729605938192,0.208834225527054,-0.140762454460696,-0.00616132593628777,1.64038683334653,0.140762454460696,0.597592297266782,0
3.39985764593016,3.37395066124542,0.208693930282622,-0.140768615528665,-0.00616132593628777,1.63938696121478,0.140768615528665,0.598522629001691,0
3.40085760406132,3.37494072780724,0.208553628938319,-0.140774776596633,-0.00616132593628777,1.63838708926889,0.140774776596634,0.599453107904583,0
3.40185756219248,3.37593079350465,0.208413321494152,-0.140780937664602,-0.00616132593628777,1.63738721750925,0.140780937664602,0.600383733519163,0
3.40285752032363,3.37692085833759,0.208273007950125,-0.140787098732571,-0.00616132593628777,1.63638734593622,0.140787098732571,0.601314505390945,0
3.40385747845479,3.37791092230603,0.208132688306245,-0.140793259800539,-0.00616132593628777,1.6353874745502,0.14079325980054,0.602245423067251,0
3.40485743658594,3.37890098540993,0.207992362562515,-0.140799420868508,-0.00616132593628777,1.63438760335155,0.140799420868508,0.603176486097197,0
3.4058573947171,3.37989104764926,0.207852030718942,-0.140805581936477,-0.00616132593628777,1.63338773234068,0.140805581936477,0.604107694031687,0
3.40685735284826,3.38088110902397,0.207711692775531,-0.140811743004446,-0.00616132593628777,1.63238786151794,0.140811743004446,0.6050390464234,0
3.40785731097941,3.38187116953403,0.207571348732287,-0.140817904072414,-0.00616132593628777,1.63138799088374,0.140817904072414,0.605970542826789,0
3.40885726911057,3.38286122917941,0.207430998589216,-0.140824065140383,-0.00616132593628777,1.63038812043846,0.140824065140383,0.606902182798067,0
3.40985722724172,3.38385128796006,0.207290642346323,-0.140830226208352,-0.00616132593628777,1.62938825018247,0.140830226208352,0.607833965895201,0
3.41085718537288,3.38484134587595,0.207150280003613,-0.14083638727632,-0.00616132593628777,1.62838838011618,0.14083638727632,0.608765891677903,0
3.41185714350403,3.38583140292703,0.207009911561091,-0.140842548344289,-0.00616132593628777,1.62738851023996,0.140842548344289,0.609697959707621,0
3.41285710163519,3.38682145911328,0.206869537018764,-0.140848709412258,-0.00616132593628777,1.62638864055421,0.140848709412257,0.610630169547533,0
3.41385705976635,3.38781151443465,0.206729156376635,-0.140854870480226,-0.00616132593628777,1.6253887710593,0.140854870480226,0.611562520762537,0
3.4148570178975,3.38880156889111,0.206588769634711,-0.140861031548195,-0.00616132593628777,1.62438890175565,0.140861031548195,0.612495012919242,0
3.41585697602866,3.38979162248262,0.206448376792998,-0.140867192616164,-0.00616132593628777,1.62338903264363,0.140867192616164,0.613427645585964,0
3.41685693415981,3.39078167520914,0.206307977851499,-0.140873353684132,-0.00616132593628777,1.62238916372363,0.140873353684132,0.614360418332714,0
3.41785689229097,3.39177172707063,0.20616757281022,-0.140879514752101,-0.00616132593628777,1.62138929499606,0.140879514752101,0.615293330731191,0
3.41885685042213,3.39276177806706,0.206027161669168,-0.14088567582007,-0.00616132593628777,1.62038942646131,0.14088567582007,0.616226382354774,0
3.41985680855328,3.39375182819839,0.205886744428347,-0.140891836888038,-0.00616132593628777,1.61938955811976,0.140891836888038,0.617159572778514,0
3.42085676668444,3.39474187746458,0.205746321087762,-0.140897997956007,-0.00616132593628777,1.61838968997182,0.140897997956007,0.61809290157913,0
3.42185672481559,3.39573192586559,0.205605891647419,-0.140904159023976,-0.00616132593628777,1.61738982201789,0.140904159023976,0.619026368334995,0
3.42285668294675,3.39672197340139,0.205465456107323,-0.140910320091945,-0.00616132593628777,1.61638995425835,0.140910320091944,0.619959972626131,0
3.42385664107791,3.39771202007194,0.20532501446748,-0.140916481159913,-0.00616132593628777,1.61539008669362,0.140916481159913,0.620893714034202,0
3.42485659920906,3.39870206587719,0.205184566727895,-0.140922642227882,-0.00616132593628777,1.61439021932409,0.140922642227882,0.621827592142504,0
3.42585655734022,3.39969211081712,0.205044112888572,-0.140928803295851,-0.00616132593628777,1.61339035215016,0.14092880329585,0.622761606535963,0
3.42685651547137,3.40068215489169,0.204903652949519,-0.140934964363819,-0.00616132593628777,1.61239048517223,0.140934964363819,0.62369575680112,0
3.42785647360253,3.40167219810085,0.204763186910739,-0.140941125431788,-0.00616132593628777,1.61139061839071,0.140941125431788,0.624630042526126,0
3.42885643173369,3.40266224044458,0.204622714772238,-0.140947286499757,-0.00616132593628777,1.610390751806,0.140947286499757,0.625564463300739,0
3.42985638986484,3.40365228192282,0.204482236534022,-0.140953447567725,-0.00616132593628777,1.60939088541851,0.140953447567725,0.626499018716308,0
3.430856347996,3.40464232253556,0.204341752196095,-0.140959608635694,-0.00616132593628777,1.60839101922863,0.140959608635694,0.627433708365776,0
3.43185630612715,3.40563236228274,0.204201261758464,-0.140965769703663,-0.00616132593628777,1.60739115323678,0.140965769703663,0.628368531843663,0
3.43285626425831,3.40662240116433,0.204060765221133,-0.140971930771631,-0.00616132593628777,1.60639128744337,0.140971930771631,0.629303488746063,0
3.43385622238946,3.40761243918029,0.203920262584108,-0.1409780918396,-0.00616132593628777,1.6053914218488,0.1409780918396,0.630238578670636,0
3.43485618052062,3.40860247633059,0.203779753847395,-0.140984252907569,-0.00616132593628777,1.60439155645349,0.140984252907569,0.631173801216603,0
3.43585613865178,3.40959251261518,0.203639239010997,-0.140990413975537,-0.00616132593628777,1.60339169125784,0.140990413975537,0.632109155984735,0
3.43685609678293,3.41058254803404,0.203498718074922,-0.140996575043506,-0.00616132593628777,1.60239182626226,0.140996575043506,0.633044642577349,0
3.43785605491409,3.41157258258711,0.203358191039174,-0.141002736111475,-0.00616132593628777,1.60139196146718,0.141002736111475,0.633980260598297,0
3.43885601304524,3.41256261627437,0.203217657903758,-0.141008897179444,-0.00616132593628777,1.600392096873,0.141008897179443,0.634916009652962,0
3.4398559711764,3.41355264909578,0.20307711866868,-0.141015058247412,-0.00616132593628777,1.59939223248013,0.141015058247412,0.635851889348252,0
3.44085592930756,3.4145426810513,0.202936573333945,-0.141021219315381,-0.00616132593628777,1.598392368289,0.141021219315381,0.636787899292589,0
3.44185588743871,3.41553271214089,0.202796021899559,-0.14102738038335,-0.00616132593628777,1.59739250430002,0.141027380383349,0.637724039095905,0
3.44285584556987,3.41652274236451,0.202655464365526,-0.141033541451318,-0.00616132593628777,1.59639264051361,0.141033541451318,0.638660308369633,0
3.44385580370102,3.41751277172213,0.202514900731853,-0.141039702519287,-0.00616132593628777,1.59539277693018,0.141039702519287,0.639596706726701,0
3.44485576183218,3.41850280021371,0.202374330998544,-0.141045863587256,-0.00616132593628777,1.59439291355016,0.141045863587256,0.640533233781529,0
3.44585571996334,3.41949282783921,0.202233755165605,-0.141052024655224,-0.00616132593628777,1.59339305037397,0.141052024655224,0.641469889150012,0
3.44685567809449,3.4204828545986,0.202093173233041,-0.141058185723193,-0.00616132593628777,1.59239318740203,0.141058185723193,0.642406672449525,0
3.44785563622565,3.42147288049183,0.201952585200858,-0.141064346791162,-0.00616132593628777,1.59139332463476,0.141064346791162,0.643343583298907,0
3.4488555943568,3.42246290551887,0.201811991069061,-0.14107050785913,-0.00616132593628777,1.59039346207258,0.14107050785913,0.64428062131846,0
3.44985555248796,3.42345292967968,0.201671390837654,-0.141076668927099,-0.00616132593628777,1.58939359971593,0.141076668927099,0.645217786129938,0
3.45085551061912,3.42444295297423,0.201530784506645,-0.141082829995068,-0.00616132593628777,1.58839373756523,0.141082829995068,0.646155077356546,0
3.45185546875027,3.42543297540247,0.201390172076037,-0.141088991063037,-0.00616132593628777,1.5873938756209,0.141088991063036,0.647092494622929,0
3.45285542688143,3.42642299696437,0.201249553545836,-0.141095152131005,-0.00616132593628777,1.58639401388337,0.141095152131005,0.648030037555161,0
3.45385538501258,3.42741301765989,0.201108928916048,-0.141101313198974,-0.00616132593628777,1.58539415235308,0.141101313198974,0.648967705780751,0
3.45485534314374,3.42840303748899,0.200968298186678,-0.141107474266943,-0.00616132593628777,1.58439429103045,0.141107474266942,0.649905498928623,0
3.45585530127489,3.42939305645164,0.200827661357731,-0.141113635334911,-0.00616132593628777,1.58339442991591,0.141113635334911,0.650843416629121,0
3.45685525940605,3.4303830745478,0.200687018429212,-0.14111979640288,-0.00616132593628777,1.5823945690099,0.14111979640288,0.651781458513994,0
3.45785521753721,3.43137309177743,0.200546369401128,-0.141125957470849,-0.00616132593628777,1.58139470831285,0.141125957470849,0.65271962421639,0
3.45885517566836,3.43236310814049,0.200405714273482,-0.141132118538817,-0.00616132593628777,1.58039484782519,0.141132118538817,0.653657913370858,0
3.45985513379952,3.43335312363695,0.200265053046282,-0.141138279606786,-0.00616132593628777,1.57939498754737,0.141138279606786,0.654596325613331,0
3.46085509193067,3.43434313826676,0.200124385719531,-0.141144440674755,-0.00616132593628777,1.57839512747981,0.141144440674755,0.655534860581129,0
3.46185505006183,3.43533315202989,0.199983712293235,-0.141150601742723,-0.00616132593628777,1.57739526762295,0.141150601742723,0.656473517912944,0
3.46285500819299,3.43632316492631,0.1998430327674,-0.141156762810692,-0.00616132593628777,1.57639540797724,0.141156762810692,0.657412297248838,0
3.46385496632414,3.43731317695597,0.199702347142031,-0.141162923878661,-0.00616132593628777,1.57539554854312,0.141162923878661,0.658351198230241,0
3.4648549244553,3.43830318811884,0.199561655417133,-0.141169084946629,-0.00616132593628777,1.57439568932101,0.141169084946629,0.659290220499935,0
3.46585488258645,3.43929319841488,0.199420957592712,-0.141175246014598,-0.00616132593628777,1.57339583031138,0.141175246014598,0.660229363702056,0
3.46685484071761,3.44028320784406,0.199280253668772,-0.141181407082567,-0.00616132593628777,1.57239597151466,0.141181407082567,0.661168627482087,0
3.46785479884877,3.44127321640632,0.19913954364532,-0.141187568150536,-0.00616132593628777,1.57139611293129,0.141187568150535,0.662108011486846,0
3.46885475697992,3.44226322410165,0.198998827522361,-0.141193729218504,-0.00616132593628777,1.57039625456172,0.141193729218504,0.663047515364484,0
3.46985471511108,3.44325323092999,0.198858105299899,-0.141199890286473,-0.00616132593628777,1.56939639640639,0.141199890286473,0.663987138764482,0
3.47085467324223,3.44424323689132,0.198717376977941,-0.141206051354442,-0.00616132593628777,1.56839653846577,0.141206051354442,0.664926881337641,0
3.47185463137339,3.44523324198559,0.198576642556492,-0.14121221242241,-0.00616132593628777,1.56739668074028,0.14121221242241,0.665866742736074,0
3.47285458950455,3.44622324621277,0.198435902035556,-0.141218373490379,-0.00616132593628777,1.56639682323039,0.141218373490379,0.666806722613206,0
3.4738545476357,3.44721324957281,0.19829515541514,-0.141224534558348,-0.00616132593628777,1.56539696593655,0.141224534558348,0.667746820623762,0
3.47485450576686,3.44820325206569,0.198154402695249,-0.141230695626316,-0.00616132593628777,1.5643971088592,0.141230695626316,0.668687036423766,0
3.47585446389801,3.44919325369136,0.198013643875887,-0.141236856694285,-0.00616132593628777,1.5633972519988,0.141236856694285,0.669627369670535,0
3.47685442202917,3.45018325444979,0.197872878957061,-0.141243017762254,-0.00616132593628777,1.5623973953558,0.141243017762254,0.670567820022667,0
3.47785438016033,3.45117325434094,0.197732107938776,-0.141249178830222,-0.00616132593628777,1.56139753893067,0.141249178830222,0.671508387140042,0
3.47885433829148,3.45216325336477,0.197591330821037,-0.141255339898191,-0.00616132593628777,1.56039768272385,0.141255339898191,0.672449070683811,0
3.47985429642264,3.45315325152124,0.197450547603849,-0.14126150096616,-0.00616132593628777,1.55939782673581,0.14126150096616,0.673389870316398,0
3.48085425455379,3.45414324881032,0.197309758287217,-0.141267662034128,-0.00616132593628777,1.558397970967,0.141267662034128,0.674330785701485,0
3.48185421268495,3.45513324523197,0.197168962871148,-0.141273823102097,-0.00616132593628777,1.55739811541789,0.141273823102097,0.675271816504012,0
3.48285417081611,3.45612324078615,0.197028161355647,-0.141279984170066,-0.00616132593628777,1.55639826008893,0.141279984170066,0.67621296239017,0
3.48385412894726,3.45711323547282,0.196887353740718,-0.141286145238035,-0.00616132593628777,1.55539840498059,0.141286145238035,0.677154223027395,0
3.48485408707842,3.45810322929195,0.196746540026367,-0.141292306306003,-0.00616132593628777,1.55439855009334,0.141292306306003,0.678095598084362,0
3.48585404520957,3.45909322224349,0.1966057202126,-0.141298467373972,-0.00616132593628777,1.55339869542763,0.141298467373972,0.679037087230981,0
3.48685400334073,3.46008321432742,0.196464894299421,-0.141304628441941,-0.00616132593628777,1.55239884098393,0.141304628441941,0.679978690138392,0
3.48785396147189,3.46107320554369,0.196324062286837,-0.141310789509909,-0.00616132593628777,1.55139898676271,0.141310789509909,0.680920406478954,0
3.48885391960304,3.46206319589227,0.196183224174852,-0.141316950577878,-0.00616132593628777,1.55039913276444,0.141316950577878,0.681862235926246,0
3.4898538777342,3.46305318537311,0.196042379963472,-0.141323111645847,-0.00616132593628777,1.54939927898959,0.141323111645847,0.68280417815506,0
3.49085383586535,3.46404317398619,0.195901529652702,-0.141329272713815,-0.00616132593628777,1.54839942543863,0.141329272713815,0.683746232841393,0
3.49185379399651,3.46503316173146,0.195760673242548,-0.141335433781784,-0.00616132593628777,1.54739957211203,0.141335433781784,0.684688399662446,0
3.49285375212766,3.46602314860888,0.195619810733015,-0.141341594849753,-0.00616132593628777,1.54639971901027,0.141341594849753,0.685630678296609,0
3.49385371025882,3.46701313461842,0.195478942124108,-0.141347755917721,-0.00616132593628777,1.54539986613381,0.141347755917721,0.686573068423471,0
3.49485366838998,3.46800311976004,0.195338067415832,-0.14135391698569,-0.00616132593628777,1.54440001348314,0.14135391698569,0.687515569723802,0
3.49585362652113,3.4689931040337,0.195197186608194,-0.141360078053659,-0.00616132593628777,1.54340016105873,0.141360078053659,0.688458181879551,0
3.49685358465229,3.46998308743937,0.195056299701197,-0.141366239121627,-0.00616132593628777,1.54240030886105,0.141366239121627,0.689400904573845,0
3.49785354278344,3.47097306997701,0.194915406694848,-0.141372400189596,-0.00616132593628777,1.5414004568906,0.141372400189596,0.690343737490977,0
3.4988535009146,3.47196305164658,0.194774507589153,-0.141378561257565,-0.00616132593628777,1.54040060514784,0.141378561257565,0.691286680316406,0
3.49985345904576,3.47295303244803,0.194633602384115,-0.141384722325534,-0.00616132593628777,1.53940075363327,0.141384722325534,0.692229732736749,0
3.50085341717691,3.47394301238135,0.194492691079742,-0.141390883393502,-0.00616132593628777,1.53840090234736,0.141390883393502,0.69317289443978,0
3.50185337530807,3.47493299144648,0.194351773676037,-0.141397044461471,-0.00616132593628777,1.53740105129059,0.141397044461471,0.694116165114417,0
3.50285333343922,3.47592296964338,0.194210850173006,-0.14140320552944,-0.00616132593628777,1.53640120046346,0.14140320552944,0.695059544450725,0
3.50385329157038,3.47691294697204,0.194069920570656,-0.141409366597408,-0.00616132593628777,1.53540134986645,0.141409366597408,0.696003032139907,0
3.50485324970154,3.47790292343239,0.19392898486899,-0.141415527665377,-0.00616132593628777,1.53440149950004,0.141415527665377,0.696946627874298,0
3.50585320783269,3.47889289902441,0.193788043068015,-0.141421688733346,-0.00616132593628777,1.53340164936473,0.141421688733346,0.697890331347363,0
3.50685316596385,3.47988287374806,0.193647095167736,-0.141427849801314,-0.00616132593628777,1.53240179946101,0.141427849801314,0.698834142253692,0
3.507853124095,3.48087284760331,0.193506141168157,-0.141434010869283,-0.00616132593628777,1.53140194978937,0.141434010869283,0.699778060288989,0
3.50885308222616,3.4818628205901,0.193365181069286,-0.141440171937252,-0.00616132593628777,1.53040210035029,0.141440171937252,0.700722085150075,0
3.50985304035732,3.48285279272666,0.193224214999185,-0.141445392224997,-0.00274016267579556,1.52940225114237,0.141445392224997,0.701666216577477,0
3.51085299848847,3.4838427643502,0.193083245326444,-0.141448132272945,-0.00274016267579556,1.52840240213074,0.141448132272946,0.702610455057219,0
3.51185295661963,3.48483273558749,0.192942272941133,-0.141450872320894,-0.00274016267579556,1.5274025533025,0.141450872320894,0.70355480058262,0
3.51285291475078,3.48582270643849,0.192801297843255,-0.141453612368842,-0.00274016267579556,1.52640270465801,0.141453612368842,0.704499252851767,0
3.51385287288194,3.48681267690322,0.192660320032809,-0.14145635241679,-0.00274016267579556,1.52540285619765,0.14145635241679,0.705443811563847,0
3.5148528310131,3.48780264698165,0.192519339509797,-0.141459092464739,-0.00274016267579556,1.52440300792179,0.141459092464739,0.706388476419143,0
3.51585278914425,3.48879261667379,0.19237835627422,-0.141461832512687,-0.00274016267579556,1.52340315983079,0.141461832512687,0.70733324711903,0
3.51685274727541,3.48978258597962,0.19223737032608,-0.141464572560635,-0.00274016267579556,1.52240331192503,0.141464572560635,0.708278123365966,0
3.51785270540656,3.49077255489914,0.192096381665376,-0.141467312608584,-0.00274016267579556,1.52140346420487,0.141467312608584,0.709223104863491,0
3.51885266353772,3.49176252343234,0.191955390292111,-0.141470052656532,-0.00274016267579556,1.52040361667071,0.141470052656532,0.710168191316222,0
3.51985262166887,3.49275249157922,0.191814396206285,-0.14147279270448,-0.00274016267579556,1.5194037693229,0.141472792704481,0.711113382429848,0
3.52085257980003,3.49374245933976,0.191673399407899,-0.141475532752429,-0.00274016267579556,1.51840392216183,0.141475532752429,0.712058677911124,0
3.52185253793119,3.49473242671396,0.191532399896955,-0.141478272800377,-0.00274016267579556,1.51740407518786,0.141478272800377,0.713004077467868,0
3.52285249606234,3.49572239370181,0.191391397673453,-0.141481012848325,-0.00274016267579556,1.51640422840139,0.141481012848326,0.713949580808955,0
3.5238524541935,3.4967123603033,0.191250392737395,-0.141483752896274,-0.00274016267579556,1.51540438180279,0.141483752896274,0.714895187644312,0
3.52485241232465,3.49770232651843,0.191109385088781,-0.141486492944222,-0.00274016267579556,1.51440453539243,0.141486492944222,0.715840897684917,0
3.52585237045581,3.49869229234719,0.190968374727613,-0.141489232992171,-0.00274016267579556,1.5134046891707,0.14148923299217,0.716786710642789,0
3.52685232858697,3.49968225778957,0.190827361653892,-0.141491973040119,-0.00274016267579556,1.51240484313797,0.141491973040119,0.71773262623099,0
3.52785228671812,3.50067222284556,0.190686345867618,-0.141494713088067,-0.00274016267579556,1.51140499729464,0.141494713088067,0.718678644163612,0
3.52885224484928,3.50166218751516,0.190545327368793,-0.141497453136016,-0.00274016267579556,1.51040515164109,0.141497453136016,0.71962476415578,0
3.52985220298043,3.50265215179835,0.190404306157418,-0.141500193183964,-0.00274016267579556,1.5094053061777,0.141500193183964,0.720570985923644,0
3.53085216111159,3.50364211569514,0.190263282233494,-0.141502933231912,-0.00274016267579556,1.50840546090485,0.141502933231912,0.721517309184375,0
3.53185211924275,3.50463207920552,0.190122255597022,-0.141505673279861,-0.00274016267579556,1.50740561582293,0.141505673279861,0.722463733656162,0
3.5328520773739,3.50562204232947,0.189981226248003,-0.141508413327809,-0.00274016267579556,1.50640577093234,0.141508413327809,0.723410259058203,0
3.53385203550506,3.50661200506698,0.189840194186438,-0.141511153375757,-0.00274016267579556,1.50540592623345,0.141511153375757,0.724356885110711,0
3.53485199363621,3.50760196741806,0.189699159412328,-0.141513893423706,-0.00274016267579556,1.50440608172667,0.141513893423705,0.725303611534894,0
3.53585195176737,3.5085919293827,0.189558121925675,-0.141516633471654,-0.00274016267579556,1.50340623741237,0.141516633471654,0.726250438052965,0
3.53685190989853,3.50958189096088,0.189417081726479,-0.141519373519602,-0.00274016267579556,1.50240639329095,0.141519373519603,0.72719736438813,0
3.53785186802968,3.5105718521526,0.189276038814741,-0.141522113567551,-0.00274016267579556,1.50140654936281,0.141522113567551,0.728144390264585,0
3.53885182616084,3.51156181295785,0.189134993190462,-0.141524853615499,-0.00274016267579556,1.50040670562833,0.141524853615499,0.729091515407514,0
3.53985178429199,3.51255177337663,0.188993944853644,-0.141527593663447,-0.00274016267579556,1.49940686208792,0.141527593663447,0.730038739543081,0
3.54085174242315,3.51354173340892,0.188852893804288,-0.141530333711396,-0.00274016267579556,1.49840701874197,0.141530333711396,0.73098606239843,0
3.54185170055431,3.51453169305473,0.188711840042394,-0.141533073759344,-0.00274016267579556,1.49740717559087,0.141533073759344,0.731933483701676,0
3.54285165868546,3.51552165231403,0.188570783567963,-0.141535813807292,-0.00274016267579556,1.49640733263503,0.141535813807292,0.732881003181906,0
3.54385161681662,3.51651161118683,0.188429724380998,-0.141538553855241,-0.00274016267579556,1.49540748987484,0.141538553855241,0.73382862056917,0
3.54485157494777,3.51750156967312,0.188288662481498,-0.141541293903189,-0.00274016267579556,1.49440764731071,0.141541293903189,0.73477633559448,0
3.54585153307893,3.51849152777289,0.188147597869465,-0.141544033951137,-0.00274016267579556,1.49340780494303,0.141544033951138,0.735724147989804,0
3.54685149121008,3.51948148548613,0.1880065305449,-0.141546773999086,-0.00274016267579556,1.49240796277221,0.141546773999086,0.736672057488065,0
3.54785144934124,3.52047144281284,0.187865460507803,-0.141549514047034,-0.00274016267579556,1.49140812079864,0.141549514047034,0.737620063823132,0
3.5488514074724,3.521461399753,0.187724387758177,-0.141552254094983,-0.00274016267579556,1.49040827902275,0.141552254094982,0.73856816672982,0
3.54985136560355,3.52245135630661,0.187583312296022,-0.141554994142931,-0.00274016267579556,1.48940843744492,0.141554994142931,0.739516365943884,0
3.55085132373471,3.52344131247367,0.187442234121339,-0.141557734190879,-0.00274016267579556,1.48840859606557,0.141557734190879,0.740464661202016,0
3.55185128186586,3.52443126825416,0.187301153234129,-0.141560474238828,-0.00274016267579556,1.48740875488511,0.141560474238827,0.741413052241839,0
3.55285123999702,3.52542122364808,0.187160069634393,-0.141563214286776,-0.00274016267579556,1.48640891390393,0.141563214286776,0.742361538801906,0
3.55385119812818,3.52641117865542,0.187018983322132,-0.141565954334724,-0.00274016267579556,1.48540907312247,0.141565954334724,0.743310120621693,0
3.55485115625933,3.52740113327617,0.186877894297348,-0.141568694382673,-0.00274016267579556,1.48440923254112,0.141568694382673,0.7442587974416,0
3.55585111439049,3.52839108751033,0.186736802560041,-0.141571434430621,-0.00274016267579556,1.48340939216029,0.141571434430621,0.745207569002937,0
3.55685107252164,3.52938104135789,0.186595708110213,-0.141574174478569,-0.00274016267579556,1.48240955198041,0.141574174478569,0.746156435047934,0
3.5578510306528,3.53037099481884,0.186454610947864,-0.141576914526518,-0.00274016267579556,1.48140971200188,0.141576914526518,0.747105395319725,0
3.55885098878396,3.53136094789317,0.186313511072996,-0.141579654574466,-0.00274016267579556,1.48040987222512,0.141579654574466,0.748054449562349,0
3.55985094691511,3.53235090058087,0.18617240848561,-0.141582394622414,-0.00274016267579556,1.47941003265055,0.141582394622414,0.749003597520748,0
3.56085090504627,3.53334085288195,0.186031303185706,-0.141585134670363,-0.00274016267579556,1.47841019327859,0.141585134670362,0.74995283894076,0
3.56185086317742,3.53433080479638,0.185890195173286,-0.141587874718311,-0.00274016267579556,1.47741035410964,0.141587874718311,0.750902173569117,0
3.56285082130858,3.53532075632417,0.185749084448351,-0.141590614766259,-0.00274016267579556,1.47641051514414,0.14159061476626,0.751851601153441,0
3.56385077943974,3.53631070746531,0.185607971010901,-0.141593354814208,-0.00274016267579556,1.47541067638251,0.141593354814208,0.752801121442236,0
3.56485073757089,3.53730065821978,0.185466854860939,-0.141596094862156,-0.00274016267579556,1.47441083782516,0.141596094862156,0.753750734184893,0
3.56585069570205,3.53829060858759,0.185325735998464,-0.141598834910104,-0.00274016267579556,1.47341099947252,0.141598834910104,0.754700439131678,0
3.5668506538332,3.53928055856872,0.185184614423479,-0.141601574958053,-0.00274016267579556,1.47241116132502,0.141601574958053,0.755650236033733,0
3.56785061196436,3.54027050816316,0.185043490135984,-0.141604315006001,-0.00274016267579556,1.47141132338308,0.141604315006001,0.756600124643071,0
3.56885057009552,3.54126045737092,0.18490236313598,-0.141607055053949,-0.00274016267579556,1.47041148564712,0.141607055053949,0.757550104712568,0
3.56985052822667,3.54225040619197,0.184761233423468,-0.141609795101898,-0.00274016267579556,1.46941164811758,0.141609795101898,0.758500175995969,0
3.57085048635783,3.54324035462632,0.184620100998449,-0.141612535149846,-0.00274016267579556,1.46841181079489,0.141612535149846,0.759450338247875,0
3.57185044448898,3.54423030267396,0.184478965860925,-0.141615275197794,-0.00274016267579556,1.46741197367946,0.141615275197795,0.760400591223746,0
3.57285040262014,3.54522025033488,0.184337828010896,-0.141618015245743,-0.00274016267579556,1.46641213677175,0.141618015245743,0.761350934679892,0
3.5738503607513,3.54621019760907,0.184196687448364,-0.141620755293691,-0.00274016267579556,1.46541230007217,0.141620755293691,0.762301368373473,0
3.57485031888245,3.54720014449652,0.184055544173329,-0.14162349534164,-0.00274016267579556,1.46441246358117,0.14162349534164,0.763251892062493,0
3.57585027701361,3.54819009099723,0.183914398185793,-0.141626235389588,-0.00274016267579556,1.46341262729918,0.141626235389588,0.764202505505799,0
3.57685023514476,3.54918003711119,0.183773249485756,-0.141628975437536,-0.00274016267579556,1.46241279122663,0.141628975437536,0.765153208463077,0
3.57785019327592,3.55016998283839,0.18363209807322,-0.141631715485485,-0.00274016267579556,1.46141295536396,0.141631715485484,0.766104000694845,0
3.57885015140707,3.55115992817882,0.183490943948186,-0.141634455533433,-0.00274016267579556,1.46041311971161,0.141634455533433,0.767054881962454,0
3.57985010953823,3.55214987313249,0.183349787110655,-0.141637195581381,-0.00274016267579556,1.45941328427002,0.141637195581381,0.768005852028082,0
3.58085006766939,3.55313981769937,0.183208627560628,-0.14163993562933,-0.00274016267579556,1.45841344903963,0.14163993562933,0.768956910654732,0
3.58185002580054,3.55412976187946,0.183067465298105,-0.141642675677278,-0.00274016267579556,1.45741361402088,0.141642675677278,0.769908057606227,0
3.5828499839317,3.55511970567276,0.182926300323089,-0.141645415725226,-0.00274016267579556,1.45641377921422,0.141645415725226,0.770859292647206,0
3.58384994206285,3.55610964907926,0.18278513263558,-0.141648155773175,-0.00274016267579556,1.45541394462009,0.141648155773175,0.771810615543123,0
3.58484990019401,3.55709959209895,0.182643962235579,-0.141650895821123,-0.00274016267579556,1.45441411023894,0.141650895821123,0.772762026060242,0
3.58584985832517,3.55808953473182,0.182502789123087,-0.141653635869071,-0.00274016267579556,1.45341427607121,0.141653635869071,0.773713523965635,0
3.58684981645632,3.55907947697786,0.182361613298105,-0.14165637591702,-0.00274016267579556,1.45241444211736,0.14165637591702,0.774665109027177,0
3.58784977458748,3.56006941883708,0.182220434760634,-0.141659115964968,-0.00274016267579556,1.45141460837782,0.141659115964968,0.775616781013542,0
3.58884973271863,3.56105936030945,0.182079253510676,-0.141661856012916,-0.00274016267579556,1.45041477485306,0.141661856012917,0.776568539694202,0
3.58984969084979,3.56204930139498,0.181938069548232,-0.141664596060865,-0.00274016267579556,1.44941494154352,0.141664596060865,0.777520384839422,0
3.59084964898095,3.56303924209365,0.181796882873302,-0.141667336108813,-0.00274016267579556,1.44841510844966,0.141667336108813,0.778472316220258,0
3.5918496071121,3.56402918240546,0.181655693485887,-0.141670076156761,-0.00274016267579556,1.44741527557193,0.141670076156761,0.779424333608552,0
3.59284956524326,3.5650191223304,0.181514501385989,-0.14167281620471,-0.00274016267579556,1.44641544291079,0.14167281620471,0.780376436776931,0
3.59384952337441,3.56600906186846,0.181373306573609,-0.141675556252658,-0.00274016267579556,1.4454156104667,0.141675556252658,0.781328625498799,0
3.59484948150557,3.56699900101964,0.181232109048747,-0.141678296300606,-0.00274016267579556,1.4444157782401,0.141678296300606,0.782280899548343,0
3.59584943963673,3.56798893978393,0.181090908811405,-0.141681036348555,-0.00274016267579556,1.44341594623147,0.141681036348555,0.783233258700517,0
3.59684939776788,3.56897887816132,0.180949705861584,-0.141683776396503,-0.00274016267579556,1.44241611444126,0.141683776396503,0.784185702731051,0
3.59784935589904,3.5699688161518,0.180808500199285,-0.141686516444452,-0.00274016267579556,1.44141628286994,0.141686516444452,0.785138231416439,0
3.59884931403019,3.57095875375537,0.180667291824509,-0.1416892564924,-0.00274016267579556,1.44041645151797,0.1416892564924,0.786090844533942,0
3.59984927216135,3.57194869097201,0.180526080737257,-0.141691996540348,-0.00274016267579556,1.43941662038581,0.141691996540348,0.78704354186158,0
3.6008492302925,3.57293862780173,0.18038486693753,-0.141694736588297,-0.00274016267579556,1.43841678947393,0.141694736588296,0.78799632317813,0
3.60184918842366,3.57392856424451,0.180243650425329,-0.141697476636245,-0.00274016267579556,1.43741695878279,0.141697476636245,0.788949188263128,0
3.60284914655482,3.57491850030035,0.180102431200656,-0.141700216684193,-0.00274016267579556,1.43641712831287,0.141700216684193,0.789902136896859,0
3.60384910468597,3.57590843596924,0.179961209263511,-0.141702956732142,-0.00274016267579556,1.43541729806463,0.141702956732142,0.790855168860354,0
3.60484906281713,3.57689837125116,0.179819984613895,-0.14170569678009,-0.00274016267579556,1.43441746803855,0.14170569678009,0.791808283935394,0
3.60584902094828,3.57788830614613,0.179678757251809,-0.141708436828038,-0.00274016267579556,1.4334176382351,0.141708436828038,0.792761481904499,0
3.60684897907944,3.57887824065411,0.179537527177255,-0.141711176875987,-0.00274016267579556,1.43241780865475,0.141711176875987,0.79371476255093,0
3.6078489372106,3.57986817477512,0.179396294390233,-0.141713916923935,-0.00274016267579556,1.43141797929797,0.141713916923935,0.794668125658685,0
3.60884889534175,3.58085810850914,0.179255058890745,-0.141716656971883,-0.00274016267579556,1.43041815016525,0.141716656971883,0.795621571012492,0
3.60984885347291,3.58184804185616,0.179113820678792,-0.141719397019832,-0.00274016267579556,1.42941832125706,0.141719397019832,0.79657509839781,0
3.61084881160406,3.58283797481618,0.178972579754374,-0.14172213706778,-0.00274016267579556,1.42841849257388,0.14172213706778,0.79752870760083,0
3.61184876973522,3.58382790738919,0.178831336117493,-0.141724877115728,-0.00274016267579556,1.42741866411619,0.141724877115728,0.79848239840846,0
3.61284872786638,3.58481783957518,0.17869008976815,-0.141727617163677,-0.00274016267579556,1.42641883588447,0.141727617163677,0.799436170608334,0
3.61384868599753,3.58580777137415,0.178548840706346,-0.141730357211625,-0.00274016267579556,1.4254190078792,0.141730357211625,0.800390023988803,0
3.61484864412869,3.58679770278608,0.178407588932081,-0.141733097259573,-0.00274016267579556,1.42441918010088,0.141733097259574,0.801343958338931,0
3.61584860225984,3.58778763381098,0.178266334445358,-0.141735837307522,-0.00274016267579556,1.42341935254997,0.141735837307522,0.802297973448498,0
3.616848560391,3.58877756444882,0.178125077246177,-0.14173857735547,-0.00274016267579556,1.42241952522698,0.14173857735547,0.80325206910799,0
3.61784851852216,3.58976749469961,0.177983817334538,-0.141741317403418,-0.00274016267579556,1.4214196981324,0.141741317403418,0.804206245108602,0
3.61884847665331,3.59075742456334,0.177842554710444,-0.141744057451367,-0.00274016267579556,1.4204198712667,0.141744057451367,0.805160501242232,0
3.61984843478447,3.59174735403999,0.177701289373896,-0.141746797499315,-0.00274016267579556,1.41942004463038,0.141746797499315,0.806114837301476,0
3.62084839291562,3.59273728312957,0.177560021324893,-0.141749537547263,-0.00274016267579556,1.41842021822393,0.141749537547263,0.807069253079633,0
3.62184835104678,3.59372721183207,0.177418750563438,-0.141752277595212,-0.00274016267579556,1.41742039204786,0.141752277595212,0.808023748370692,0
3.62284830917794,3.59471714014747,0.177277477089531,-0.14175501764316,-0.00274016267579556,1.41642056610264,0.14175501764316,0.808978322969337,0
3.62384826730909,3.59570706807577,0.177136200903174,-0.141757757691109,-0.00274016267579556,1.41542074038879,0.141757757691109,0.80993297667094,0
3.62484822544025,3.59669699561697,0.176994922004368,-0.141760497739057,-0.00274016267579556,1.4144209149068,0.141760497739057,0.81088770927156,0
3.6258481835714,3.59768692277105,0.176853640393113,-0.141763237787005,-0.00274016267579556,1.41342108965716,0.141763237787005,0.811842520567939,0
3.62684814170256,3.59867684953801,0.17671235606941,-0.141765977834954,-0.00274016267579556,1.41242126464038,0.141765977834953,0.8127974103575,0
3.62784809983372,3.59966677591783,0.176571069033261,-0.141768717882902,-0.00274016267579556,1.41142143985696,0.141768717882902,0.813752378438347,0
3.62884805796487,3.60065670191053,0.176429779284668,-0.14177145793085,-0.00274016267579556,1.41042161530741,0.14177145793085,0.814707424609253,0
3.62984801609603,3.60164662751607,0.17628848682363,-0.141774197978799,-0.00274016267579556,1.40942179099223,0.141774197978799,0.81566254866967,0
3.63084797422718,3.60263655274758,0.176147191742024,-0.141776195540831,0.00022990561515126,1.4084219669104,0.141776195540831,0.81661775044716,0
3.63184793235834,3.60362647789355,0.176005896061117,-0.141775965644842,0.00022990561515126,1.40742214302896,0.141775965644842,0.81757303034567,0
3.6328478904895,3.60461640307201,0.17586460060779,-0.141775735748853,0.00022990561515126,1.40642231933465,0.141775735748852,0.81852838841161,0
3.63384784862065,3.60560632828294,0.175723305382043,-0.141775505852863,0.00022990561515126,1.40542249582785,0.141775505852863,0.819483824444854,0
3.63484780675181,3.60659625352636,0.175582010383875,-0.141775275956874,0.00022990561515126,1.40442267250896,0.141775275956874,0.820439338245949,0
3.63584776488296,3.60758617880226,0.175440715613287,-0.141775046060885,0.00022990561515126,1.4034228493784,0.141775046060885,0.8213949296161,0
3.63684772301412,3.60857610411065,0.17529942107028,-0.141774816164896,0.00022990561515126,1.40242302643656,0.141774816164896,0.822350598357178,0
3.63784768114527,3.60956602945152,0.175158126754852,-0.141774586268906,0.00022990561515126,1.40142320368385,0.141774586268906,0.823306344271708,0
3.63884763927643,3.61055595482487,0.175016832667004,-0.141774356372917,0.00022990561515126,1.40042338112066,0.141774356372917,0.824262167162873,0
3.63984759740759,3.6115458802307,0.174875538806735,-0.141774126476928,0.00022990561515126,1.39942355874742,0.141774126476927,0.825218066834509,0
3.64084755553874,3.61253580566902,0.174734245174047,-0.141773896580938,0.00022990561515126,1.39842373656452,0.141773896580939,0.826174043091099,0
3.6418475136699,3.61352573113982,0.174592951768939,-0.141773666684949,0.00022990561515126,1.39742391457237,0.141773666684949,0.827130095737779,0
3.64284747180105,3.6145156566431,0.17445165859141,-0.14177343678896,0.00022990561515126,1.39642409277139,0.14177343678896,0.828086224580326,0
3.64384742993221,3.61550558217886,0.174310365641462,-0.141773206892971,0.00022990561515126,1.39542427116198,0.14177320689297,0.82904242942516,0
3.64484738806337,3.61649550774711,0.174169072919093,-0.141772976996981,0.00022990561515126,1.39442444974456,0.141772976996981,0.829998710079343,0
3.64584734619452,3.61748543334784,0.174027780424304,-0.141772747100992,0.00022990561515126,1.39342462851954,0.141772747100992,0.830955066350572,0
3.64684730432568,3.61847535898106,0.173886488157095,-0.141772517205003,0.00022990561515126,1.39242480748733,0.141772517205003,0.831911498047179,0
3.64784726245683,3.61946528464675,0.173745196117466,-0.141772287309013,0.00022990561515126,1.39142498664835,0.141772287309013,0.83286800497813,0
3.64884722058799,3.62045521034493,0.173603904305417,-0.141772057413024,0.00022990561515126,1.39042516600302,0.141772057413024,0.833824586953019,0
3.64984717871915,3.62144513607559,0.173462612720948,-0.141771827517035,0.00022990561515126,1.38942534555176,0.141771827517035,0.834781243782067,0
3.6508471368503,3.62243506183873,0.173321321364059,-0.141771597621046,0.00022990561515126,1.38842552529498,0.141771597621046,0.83573797527612,0
3.65184709498146,3.62342498763436,0.17318003023475,-0.141771367725056,0.00022990561515126,1.38742570523311,0.141771367725056,0.836694781246647,0
3.65284705311261,3.62441491346246,0.173038739333021,-0.141771137829067,0.00022990561515126,1.38642588536656,0.141771137829067,0.837651661505737,0
3.65384701124377,3.62540483932305,0.172897448658872,-0.141770907933078,0.00022990561515126,1.38542606569576,0.141770907933078,0.838608615866091,0
3.65484696937493,3.62639476521613,0.172756158212303,-0.141770678037089,0.00022990561515126,1.38442624622113,0.141770678037088,0.839565644141031,0
3.65584692750608,3.62738469114168,0.172614867993314,-0.141770448141099,0.00022990561515126,1.38342642694311,0.1417704481411,0.840522746144489,0
3.65684688563724,3.62837461709971,0.172473578001905,-0.14177021824511,0.00022990561515126,1.38242660786211,0.14177021824511,0.841479921691006,0
3.65784684376839,3.62936454309023,0.172332288238075,-0.141769988349121,0.00022990561515126,1.38142678897856,0.141769988349121,0.842437170595731,0
3.65884680189955,3.63035446911323,0.172190998701826,-0.141769758453131,0.00022990561515126,1.3804269702929,0.141769758453131,0.843394492674417,0
3.6598467600307,3.63134439516871,0.172049709393157,-0.141769528557142,0.00022990561515126,1.37942715180555,0.141769528557142,0.844351887743421,0
3.66084671816186,3.63233432125668,0.171908420312068,-0.141769298661153,0.00022990561515126,1.37842733351694,0.141769298661153,0.845309355619698,0
3.66184667629302,3.63332424737712,0.171767131458559,-0.141769068765164,0.00022990561515126,1.37742751542751,0.141769068765164,0.846266896120803,0
3.66284663442417,3.63431417353005,0.17162584283263,-0.141768838869174,0.00022990561515126,1.3764276975377,0.141768838869174,0.847224509064886,0
3.66384659255533,3.63530409971546,0.171484554434281,-0.141768608973185,0.00022990561515126,1.37542787984793,0.141768608973185,0.848182194270686,0
3.66484655068648,3.63629402593335,0.171343266263513,-0.141768379077196,0.00022990561515126,1.37442806235864,0.141768379077196,0.849139951557538,0
3.66584650881764,3.63728395218372,0.171201978320324,-0.141768149181207,0.00022990561515126,1.37342824507028,0.141768149181206,0.850097780745363,0
3.6668464669488,3.63827387846657,0.171060690604715,-0.141767919285217,0.00022990561515126,1.37242842798327,0.141767919285217,0.851055681654667,0
3.66784642507995,3.63926380478191,0.170919403116686,-0.141767689389228,0.00022990561515126,1.37142861109807,0.141767689389228,0.852013654106542,0
3.66884638321111,3.64025373112972,0.170778115856238,-0.141767459493239,0.00022990561515126,1.37042879441511,0.141767459493239,0.852971697922658,0
3.66984634134226,3.64124365751002,0.17063682882337,-0.141767229597249,0.00022990561515126,1.36942897793484,0.141767229597249,0.853929812925266,0
3.67084629947342,3.6422335839228,0.170495542018081,-0.14176699970126,0.00022990561515126,1.36842916165769,0.14176699970126,0.854887998937194,0
3.67184625760458,3.64322351036806,0.170354255440373,-0.141766769805271,0.00022990561515126,1.36742934558412,0.141766769805271,0.855846255781843,0
3.67284621573573,3.6442134368458,0.170212969090245,-0.141766539909282,0.00022990561515126,1.36642952971458,0.141766539909282,0.856804583283187,0
3.67384617386689,3.64520336335602,0.170071682967697,-0.141766310013292,0.00022990561515126,1.3654297140495,0.141766310013292,0.85776298126577,0
3.67484613199804,3.64619328989872,0.169930397072729,-0.141766080117303,0.00022990561515126,1.36442989858935,0.141766080117303,0.858721449554703,0
3.6758460901292,3.64718321647391,0.169789111405342,-0.141765850221314,0.00022990561515126,1.36343008333457,0.141765850221314,0.859679987975663,0
3.67684604826036,3.64817314308157,0.169647825965534,-0.141765620325325,0.00022990561515126,1.36243026828561,0.141765620325324,0.860638596354889,0
3.67784600639151,3.64916306972172,0.169506540753307,-0.141765390429335,0.00022990561515126,1.36143045344292,0.141765390429335,0.861597274519183,0
3.67884596452267,3.65015299639435,0.16936525576866,-0.141765160533346,0.00022990561515126,1.36043063880697,0.141765160533346,0.862556022295904,0
3.67984592265382,3.65114292309945,0.169223971011593,-0.141764930637357,0.00022990561515126,1.35943082437821,0.141764930637357,0.863514839512967,0
3.68084588078498,3.65213284983704,0.169082686482106,-0.141764700741367,0.00022990561515126,1.35843101015709,0.141764700741367,0.864473725998843,0
3.68184583891614,3.65312277660711,0.168941402180199,-0.141764470845378,0.00022990561515126,1.35743119614408,0.141764470845378,0.865432681582554,0
3.68284579704729,3.65411270340966,0.168800118105873,-0.141764240949389,0.00022990561515126,1.35643138233963,0.141764240949389,0.866391706093674,0
3.68384575517845,3.65510263024469,0.168658834259127,-0.1417640110534,0.00022990561515126,1.35543156874421,0.1417640110534,0.867350799362322,0
3.6848457133096,3.6560925571122,0.168517550639961,-0.14176378115741,0.00022990561515126,1.35443175535828,0.14176378115741,0.868309961219163,0
3.68584567144076,3.65708248401219,0.168376267248375,-0.141763551261421,0.00022990561515126,1.3534319421823,0.141763551261421,0.869269191495408,0
3.68684562957191,3.65807241094467,0.168234984084369,-0.141763321365432,0.00022990561515126,1.35243212921674,0.141763321365432,0.870228490022807,0
3.68784558770307,3.65906233790962,0.168093701147944,-0.141763091469443,0.00022990561515126,1.35143231646207,0.141763091469442,0.871187856633651,0
3.68884554583423,3.66005226490705,0.167952418439099,-0.141762861573453,0.00022990561515126,1.35043250391875,0.141762861573453,0.872147291160766,0
3.68984550396538,3.66104219193696,0.167811135957834,-0.141762631677464,0.00022990561515126,1.34943269158726,0.141762631677464,0.873106793437516,0
3.69084546209654,3.66203211899936,0.167669853704149,-0.141762401781475,0.00022990561515126,1.34843287946806,0.141762401781475,0.874066363297795,0
3.69184542022769,3.66302204609423,0.167528571678045,-0.141762171885485,0.00022990561515126,1.34743306756163,0.141762171885485,0.87502600057603,0
3.69284537835885,3.66401197322159,0.167387289879521,-0.141761941989496,0.00022990561515126,1.34643325586844,0.141761941989496,0.875985705107176,0
3.69384533649001,3.66500190038142,0.167246008308577,-0.141761712093507,0.00022990561515126,1.34543344438897,0.141761712093507,0.876945476726714,0
3.69484529462116,3.66599182757373,0.167104726965214,-0.141761482197518,0.00022990561515126,1.3444336331237,0.141761482197518,0.877905315270652,0
3.69584525275232,3.66698175479853,0.166963445849431,-0.141761252301528,0.00022990561515126,1.3434338220731,0.141761252301528,0.878865220575519,0
3.69684521088347,3.6679716820558,0.166822164961228,-0.141761022405539,0.00022990561515126,1.34243401123765,0.141761022405539,0.879825192478364,0
3.69784516901463,3.66896160934556,0.166680884300605,-0.14176079250955,0.00022990561515126,1.34143420061783,0.14176079250955,0.880785230816758,0
3.69884512714579,3.66995153666779,0.166539603867563,-0.14176056261356,0.00022990561515126,1.34043439021414,0.14176056261356,0.881745335428783,0
3.69984508527694,3.6709414640225,0.166398323662101,-0.141760332717571,0.00022990561515126,1.33943458002704,0.141760332717571,0.88270550615304,0
3.7008450434081,3.6719313914097,0.16625704368422,-0.141760102821582,0.00022990561515126,1.33843477005703,0.141760102821582,0.883665742828642,0
3.70184500153925,3.67292131882937,0.166115763933918,-0.141759872925593,0.00022990561515126,1.33743496030459,0.141759872925593,0.884626045295212,0
3.70284495967041,3.67391124628152,0.165974484411197,-0.141759643029603,0.00022990561515126,1.33643515077021,0.141759643029603,0.885586413392882,0
3.70384491780157,3.67490117376615,0.165833205116057,-0.141759413133614,0.00022990561515126,1.33543534145438,0.141759413133614,0.886546846962288,0
3.70484487593272,3.67589110128326,0.165691926048497,-0.141759183237625,0.00022990561515126,1.3344355323576,0.141759183237625,0.887507345844575,0
3.70584483406388,3.67688102883286,0.165550647208517,-0.141758953341636,0.00022990561515126,1.33343572348035,0.141758953341636,0.888467909881389,0
3.70684479219503,3.67787095641493,0.165409368596117,-0.141758723445646,0.00022990561515126,1.33243591482313,0.141758723445646,0.889428538914876,0
3.70784475032619,3.67886088402948,0.165268090211298,-0.141758493549657,0.00022990561515126,1.33143610638643,0.141758493549657,0.890389232787682,0
3.70884470845735,3.6798508116765,0.16512681205406,-0.141758263653668,0.00022990561515126,1.33043629817076,0.141758263653668,0.891349991342948,0
3.7098446665885,3.68084073935601,0.164985534124401,-0.141758033757678,0.00022990561515126,1.32943649017661,0.141758033757679,0.892310814424313,0
3.71084462471966,3.681830667068,0.164844256422324,-0.141757803861689,0.00022990561515126,1.32843668240448,0.141757803861689,0.893271701875906,0
3.71184458285081,3.68282059481247,0.164702978947826,-0.1417575739657,0.00022990561515126,1.32743687485487,0.1417575739657,0.894232653542351,0
3.71284454098197,3.68381052258941,0.164561701700909,-0.141757344069711,0.00022990561515126,1.32643706752829,0.141757344069711,0.895193669268758,0
3.71384449911313,3.68480045039884,0.164420424681573,-0.141757114173721,0.00022990561515126,1.32543726042524,0.141757114173721,0.896154748900725,0
3.71484445724428,3.68579037824074,0.164279147889816,-0.141756884277732,0.00022990561515126,1.32443745354623,0.141756884277732,0.897115892284337,0
3.71584441537544,3.68678030611512,0.164137871325641,-0.141756654381743,0.00022990561515126,1.32343764689176,0.141756654381743,0.898077099266161,0
3.71684437350659,3.68777023402198,0.163996594989045,-0.141756424485754,0.00022990561515126,1.32243784046235,0.141756424485754,0.899038369693248,0
3.71784433163775,3.68876016196133,0.163855318880031,-0.141756194589764,0.00022990561515126,1.3214380342585,0.141756194589764,0.899999703413128,0
3.71884428976891,3.68975008993315,0.163714042998596,-0.141755964693775,0.00022990561515126,1.32043822828073,0.141755964693775,0.900961100273807,0
3.71984424790006,3.69074001793744,0.163572767344742,-0.141755734797786,0.00022990561515126,1.31943842252955,0.141755734797786,0.901922560123771,0
3.72084420603122,3.69172994597422,0.163431491918469,-0.141755504901796,0.00022990561515126,1.31843861700548,0.141755504901797,0.902884082811977,0
3.72184416416237,3.69271987404347,0.163290216719776,-0.141755275005807,0.00022990561515126,1.31743881170903,0.141755275005807,0.903845668187859,0
3.72284412229353,3.69370980214521,0.163148941748664,-0.141755045109818,0.00022990561515126,1.31643900664072,0.141755045109818,0.904807316101318,0
3.72384408042468,3.69469973027942,0.163007667005132,-0.141754815213829,0.00022990561515126,1.31543920180108,0.141754815213829,0.905769026402726,0
3.72484403855584,3.69568965844611,0.162866392489181,-0.141754585317839,0.00022990561515126,1.31443939719063,0.141754585317839,0.90673079894292,0
3.725843996687,3.69667958664528,0.16272511820081,-0.14175435542185,0.00022990561515126,1.31343959280988,0.14175435542185,0.907692633573206,0
3.72684395481815,3.69766951487693,0.162583844140019,-0.141754125525861,0.00022990561515126,1.31243978865937,0.141754125525861,0.908654530145352,0
3.72784391294931,3.69865944314105,0.16244257030681,-0.141753895629872,0.00022990561515126,1.31143998473961,0.141753895629872,0.909616488511588,0
3.72884387108046,3.69964937143766,0.16230129670118,-0.141753665733882,0.00022990561515126,1.31044018105115,0.141753665733882,0.910578508524603,0
3.72984382921162,3.70063929976674,0.162160023323132,-0.141753435837893,0.00022990561515126,1.3094403775945,0.141753435837893,0.911540590037547,0
3.73084378734278,3.7016292281283,0.162018750172664,-0.141753205941904,0.00022990561515126,1.3084405743702,0.141753205941904,0.912502732904024,0
3.73184374547393,3.70261915652234,0.161877477249776,-0.141752976045914,0.00022990561515126,1.30744077137879,0.141752976045915,0.913464936978096,0
3.73284370360509,3.70360908494886,0.161736204554469,-0.141752746149925,0.00022990561515126,1.30644096862079,0.141752746149925,0.914427202114276,0
3.73384366173624,3.70459901340785,0.161594932086742,-0.141752516253936,0.00022990561515126,1.30544116609675,0.141752516253936,0.915389528167528,0
3.7348436198674,3.70558894189932,0.161453659846597,-0.141752286357947,0.00022990561515126,1.3044413638072,0.141752286357947,0.916351914993268,0
3.73584357799856,3.70657887042327,0.161312387834031,-0.141752056461957,0.00022990561515126,1.30344156175268,0.141752056461957,0.917314362447359,0
3.73684353612971,3.7075687989797,0.161171116049047,-0.141751826565968,0.00022990561515126,1.30244175993373,0.141751826565968,0.91827687038611,0
3.73784349426087,3.70855872756861,0.161029844491643,-0.141751596669979,0.00022990561515126,1.3014419583509,0.141751596669979,0.919239438666276,0
3.73884345239202,3.70954865618999,0.160888573161819,-0.14175136677399,0.00022990561515126,1.30044215700473,0.14175136677399,0.920202067145053,0
3.73984341052318,3.71053858484385,0.160747302059577,-0.141751136878,0.00022990561515126,1.29944235589576,0.141751136878,0.921164755680081,0
3.74084336865434,3.71152851353019,0.160606031184914,-0.141750906982011,0.00022990561515126,1.29844255502455,0.141750906982011,0.922127504129438,0
3.74184332678549,3.71251844224901,0.160464760537833,-0.141750677086022,0.00022990561515126,1.29744275439165,0.141750677086022,0.923090312351638,0
3.74284328491665,3.7135083710003,0.160323490118332,-0.141750447190032,0.00022990561515126,1.2964429539976,0.141750447190033,0.924053180205638,0
3.7438432430478,3.71449829978408,0.160182219926412,-0.141750217294043,0.00022990561515126,1.29544315384296,0.141750217294043,0.925016107550821,0
3.74484320117896,3.71548822860033,0.160040949962072,-0.141749987398054,0.00022990561515126,1.29444335392828,0.141749987398054,0.92597909424701,0
3.74584315931012,3.71647815744905,0.159899680225313,-0.141749757502065,0.00022990561515126,1.29344355425412,0.141749757502065,0.926942140154456,0
3.74684311744127,3.71746808633025,0.159758410716135,-0.141749527606075,0.00022990561515126,1.29244375482105,0.141749527606075,0.927905245133841,0
3.74784307557243,3.71845801524394,0.159617141434537,-0.141749297710086,0.00022990561515126,1.29144395562961,0.141749297710086,0.928868409046277,0
3.74884303370358,3.7194479441901,0.159475872380521,-0.141749067814097,0.00022990561515126,1.29044415668037,0.141749067814097,0.929831631753297,0
3.74984299183474,3.72043787316873,0.159334603554084,-0.141748837918107,0.00022990561515126,1.28944435797389,0.141748837918108,0.930794913116865,0
3.75084294996589,3.72142780217984,0.159193334955229,-0.141748608022118,0.00022990561515126,1.28844455951074,0.141748608022118,0.931758252999366,0
3.75184290809705,3.72241773123052,0.159052066633605,-0.141747932293897,0.00221146511242365,1.28744476129059,0.141747932293897,0.93272165127704,0
3.75284286622821,3.72340766050953,0.158910799912014,-0.141745720921376,0.00221146511242365,1.28644496329009,0.141745720921376,0.933685108170667,0
3.75384282435936,3.72439759010093,0.158769535379526,-0.141743509548855,0.00221146511242365,1.28544516549908,0.141743509548856,0.934648623702139,0
3.75484278249052,3.72538752000471,0.158628273036141,-0.141741298176334,0.00221146511242365,1.28444536791806,0.141741298176334,0.935612197734273,0
3.75584274062167,3.72637745022087,0.158487012881861,-0.141739086803814,0.00221146511242365,1.28344557054754,0.141739086803813,0.936575830130311,0
3.75684269875283,3.72736738074942,0.158345754916685,-0.141736875431293,0.00221146511242365,1.282445773388,0.141736875431293,0.93753952075391,0
3.75784265688399,3.72835731159033,0.158204499140615,-0.141734664058772,0.00221146511242365,1.28144597643994,0.141734664058772,0.938503269469142,0
3.75884261501514,3.72934724274361,0.158063245553651,-0.141732452686251,0.00221146511242365,1.28044617970386,0.141732452686251,0.939467076140496,0
3.7598425731463,3.73033717420925,0.157921994155793,-0.14173024131373,0.00221146511242365,1.27944638318028,0.14173024131373,0.940430940632871,0
3.76084253127745,3.73132710598725,0.157780744947044,-0.141728029941209,0.00221146511242365,1.27844658686968,0.141728029941209,0.94139486281158,0
3.76184248940861,3.7323170380776,0.157639497927402,-0.141725818568688,0.00221146511242365,1.27744679077257,0.141725818568688,0.942358842542346,0
3.76284244753977,3.7333069704803,0.15749825309687,-0.141723607196167,0.00221146511242365,1.27644699488947,0.141723607196167,0.943322879691299,0
3.76384240567092,3.73429690319534,0.157357010455447,-0.141721395823646,0.00221146511242365,1.27544719922088,0.141721395823646,0.944286974124976,0
3.76484236380208,3.73528683622272,0.157215770003135,-0.141719184451125,0.00221146511242365,1.2744474037673,0.141719184451125,0.945251125710319,0
3.76584232193323,3.73627676956243,0.157074531739934,-0.141716973078604,0.00221146511242365,1.27344760852926,0.141716973078604,0.946215334314677,0
3.76684228006439,3.73726670321447,0.156933295665844,-0.141714761706083,0.00221146511242365,1.27244781350725,0.141714761706083,0.947179599805798,0
3.76784223819555,3.73825663717883,0.156792061780867,-0.141712550333562,0.00221146511242365,1.27144801870181,0.141712550333562,0.948143922051832,0
3.7688421963267,3.73924657145552,0.156650830085003,-0.141710338961041,0.00221146511242365,1.27044822411344,0.141710338961041,0.949108300921329,0
3.76984215445786,3.74023650604451,0.156509600578253,-0.14170812758852,0.00221146511242365,1.26944842974266,0.141708127588521,0.950072736283236,0
3.77084211258901,3.74122644094581,0.156368373260617,-0.141705916216,0.00221146511242365,1.26844863558999,0.141705916215999,0.951037228006897,0
3.77184207072017,3.74221637615942,0.156227148132096,-0.141703704843479,0.00221146511242365,1.26744884165596,0.141703704843478,0.95200177596205,0
3.77284202885133,3.74320631168533,0.156085925192692,-0.141701493470958,0.00221146511242365,1.26644904794108,0.141701493470958,0.952966380018829,0
3.77384198698248,3.74419624752353,0.155944704442404,-0.141699282098437,0.00221146511242365,1.26544925444588,0.141699282098437,0.953931040047758,0
3.77484194511364,3.74518618367402,0.155803485881233,-0.141697070725916,0.00221146511242365,1.26444946117088,0.141697070725916,0.95489575591975,0
3.77584190324479,3.74617612013679,0.15566226950918,-0.141694859353395,0.00221146511242365,1.26344966811662,0.141694859353395,0.955860527506111,0
3.77684186137595,3.74716605691184,0.155521055326246,-0.141692647980874,0.00221146511242365,1.26244987528361,0.141692647980874,0.956825354678533,0
3.77784181950711,3.74815599399917,0.155379843332431,-0.141690436608353,0.00221146511242365,1.2614500826724,0.141690436608353,0.957790237309095,0
3.77884177763826,3.74914593139877,0.155238633527736,-0.141688225235832,0.00221146511242365,1.26045029028352,0.141688225235832,0.958755175270256,0
3.77984173576942,3.75013586911063,0.155097425912161,-0.141686013863311,0.00221146511242365,1.2594504981175,0.141686013863311,0.959720168434867,0
3.78084169390057,3.75112580713475,0.154956220485709,-0.14168380249079,0.00221146511242365,1.25845070617487,0.14168380249079,0.960685216676155,0
3.78184165203173,3.75211574547113,0.154815017248378,-0.141681591118269,0.00221146511242365,1.25745091445618,0.141681591118269,0.96165031986773,0
3.78284161016289,3.75310568411976,0.15467381620017,-0.141679379745748,0.00221146511242365,1.25645112296196,0.141679379745748,0.96261547788358,0
3.78384156829404,3.75409562308064,0.154532617341085,-0.141677168373227,0.00221146511242365,1.25545133169276,0.141677168373227,0.96358069059807,0
3.7848415264252,3.75508556235375,0.154391420671125,-0.141674957000706,0.00221146511242365,1.25445154064911,0.141674957000706,0.964545957885945,0
3.78584148455635,3.7560755019391,0.15425022619029,-0.141672745628185,0.00221146511242365,1.25345174983156,0.141672745628186,0.965511279622322,0
3.78684144268751,3.75706544183669,0.15410903389858,-0.141670534255665,0.00221146511242365,1.25245195924067,0.141670534255665,0.966476655682692,0
3.78784140081866,3.7580553820465,0.153967843795996,-0.141668322883144,0.00221146511242365,1.25145216887697,0.141668322883143,0.967442085942921,0
3.78884135894982,3.75904532256853,0.153826655882539,-0.141666111510623,0.00221146511242365,1.25045237874101,0.141666111510623,0.968407570279241,0
3.78984131708098,3.76003526340277,0.15368547015821,-0.141663900138102,0.00221146511242365,1.24945258883336,0.141663900138102,0.969373108568259,0
3.79084127521213,3.76102520454923,0.153544286623009,-0.141661688765581,0.00221146511242365,1.24845279915455,0.141661688765581,0.970338700686947,0
3.79184123334329,3.7620151460079,0.153403105276937,-0.14165947739306,0.00221146511242365,1.24745300970516,0.14165947739306,0.971304346512645,0
3.79284119147444,3.76300508777877,0.153261926119995,-0.141657266020539,0.00221146511242365,1.24645322048572,0.141657266020539,0.972270045923059,0
3.7938411496056,3.76399502986183,0.153120749152183,-0.141655054648018,0.00221146511242365,1.24545343149681,0.141655054648018,0.973235798796256,0
3.79484110773676,3.76498497225709,0.152979574373502,-0.141652843275497,0.00221146511242365,1.24445364273898,0.141652843275497,0.974201605010671,0
3.79584106586791,3.76597491496454,0.152838401783954,-0.141650631902976,0.00221146511242365,1.2434538542128,0.141650631902976,0.975167464445097,0
3.79684102399907,3.76696485798416,0.152697231383537,-0.141648420530455,0.00221146511242365,1.24245406591882,0.141648420530455,0.976133376978688,0
3.79784098213022,3.76795480131597,0.152556063172254,-0.141646209157934,0.00221146511242365,1.24145427785762,0.141646209157934,0.977099342490959,0
3.79884094026138,3.76894474495995,0.152414897150104,-0.141643997785413,0.00221146511242365,1.24045449002976,0.141643997785413,0.978065360861779,0
3.79984089839254,3.7699346889161,0.152273733317089,-0.141641786412892,0.00221146511242365,1.23945470243582,0.141641786412892,0.979031431971376,0
3.80084085652369,3.77092463318441,0.152132571673209,-0.141639575040371,0.00221146511242365,1.23845491507636,0.141639575040371,0.979997555700333,0
3.80184081465485,3.77191457776488,0.151991412218465,-0.141637363667851,0.00221146511242365,1.23745512795195,0.141637363667851,0.980963731929585,0
3.802840772786,3.7729045226575,0.151850254952858,-0.14163515229533,0.00221146511242365,1.23645534106318,0.14163515229533,0.981929960540423,0
3.80384073091716,3.77389446786227,0.151709099876388,-0.141632940922809,0.00221146511242365,1.23545555441061,0.141632940922809,0.982896241414484,0
3.80484068904831,3.77488441337919,0.151567946989055,-0.141630729550288,0.00221146511242365,1.23445576799484,0.141630729550288,0.983862574433759,0
3.80584064717947,3.77587435920825,0.151426796290862,-0.141628518177767,0.00221146511242365,1.23345598181643,0.141628518177767,0.984828959480586,0
3.80684060531063,3.77686430534943,0.151285647781808,-0.141626306805246,0.00221146511242365,1.23245619587598,0.141626306805246,0.985795396437651,0
3.80784056344178,3.77785425180275,0.151144501461894,-0.141624095432725,0.00221146511242365,1.23145641017405,0.141624095432725,0.986761885187986,0
3.80884052157294,3.7788441985682,0.15100335733112,-0.141621884060204,0.00221146511242365,1.23045662471126,0.141621884060204,0.987728425614969,0
3.80984047970409,3.77983414564576,0.150862215389488,-0.141619672687683,0.00221146511242365,1.22945683948817,0.141619672687683,0.988695017602319,0
3.81084043783525,3.78082409303544,0.150721075636999,-0.141617461315162,0.00221146511242365,1.22845705450538,0.141617461315162,0.989661661034099,0
3.81184039596641,3.78181404073723,0.150579938073652,-0.141615249942641,0.00221146511242365,1.22745726976348,0.141615249942641,0.990628355794714,0
3.81284035409756,3.78280398875112,0.150438802699448,-0.14161303857012,0.00221146511242365,1.22645748526307,0.14161303857012,0.991595101768909,0
3.81384031222872,3.78379393707712,0.150297669514389,-0.141610827197599,0.00221146511242365,1.22545770100474,0.141610827197599,0.992561898841763,0
3.81484027035987,3.78478388571521,0.150156538518474,-0.141608615825078,0.00221146511242365,1.2244579169891,0.141608615825078,0.993528746898699,0
3.81584022849103,3.78577383466539,0.150015409711705,-0.141606404452557,0.00221146511242365,1.22345813321673,0.141606404452558,0.994495645825474,0
3.81684018662219,3.78676378392766,0.149874283094083,-0.141604193080036,0.00221146511242365,1.22245834968824,0.141604193080036,0.995462595508178,0
3.81784014475334,3.78775373350201,0.149733158665607,-0.141601981707516,0.00221146511242365,1.22145856640424,0.141601981707515,0.996429595833238,0
3.8188401028845,3.78874368338843,0.149592036426279,-0.141599770334995,0.00221146511242365,1.22045878336533,0.141599770334995,0.99739664668741,0
3.81984006101565,3.78973363358693,0.149450916376099,-0.141597558962474,0.00221146511242365,1.21945900057212,0.141597558962474,0.998363747957786,0
3.82084001914681,3.79072358409749,0.149309798515068,-0.141595347589953,0.00221146511242365,1.21845921802522,0.141595347589953,0.999330899531784,0
3.82183997727797,3.79171353492011,0.149168682843187,-0.141593136217432,0.00221146511242365,1.21745943572524,0.141593136217432,1.00029810129715,0
3.82283993540912,3.79270348605479,0.149027569360456,-0.141590924844911,0.00221146511242365,1.21645965367279,0.141590924844911,1.00126535314197,0
3.82383989354028,3.79369343750153,0.148886458066877,-0.14158871347239,0.00221146511242365,1.2154598718685,0.14158871347239,1.00223265495464,0
3.82483985167143,3.79468338926031,0.148745348962449,-0.141586502099869,0.00221146511242365,1.21446009031297,0.141586502099869,1.00320000662389,0
3.82583980980259,3.79567334133113,0.148604242047174,-0.141584290727348,0.00221146511242365,1.21346030900683,0.141584290727348,1.00416740803878,0
3.82683976793375,3.79666329371399,0.148463137321052,-0.141582079354827,0.00221146511242365,1.21246052795069,0.141582079354827,1.00513485908868,0
3.8278397260649,3.79765324640888,0.148322034784083,-0.141579867982306,0.00221146511242365,1.21146074714519,0.141579867982306,1.00610235966328,0
3.82883968419606,3.7986431994158,0.148180934436269,-0.141577656609785,0.00221146511242365,1.21046096659095,0.141577656609785,1.00706990965262,0
3.82983964232721,3.79963315273475,0.148039836277611,-0.141575445237264,0.00221146511242365,1.2094611862886,0.141575445237264,1.00803750894703,0
3.83083960045837,3.80062310636571,0.147898740308108,-0.141573233864743,0.00221146511242365,1.20846140623876,0.141573233864743,1.00900515743717,0
3.83183955858952,3.80161306030868,0.147757646527762,-0.141571022492222,0.00221146511242365,1.20746162644208,0.141571022492223,1.00997285501401,0
3.83283951672068,3.80260301456367,0.147616554936573,-0.141568811119702,0.00221146511242365,1.20646184689917,0.141568811119702,1.01094060156885,0
3.83383947485184,3.80359296913065,0.147475465534542,-0.141566599747181,0.00221146511242365,1.20546206761069,0.14156659974718,1.01190839699329,0
3.83483943298299,3.80458292400964,0.14733437832167,-0.14156438837466,0.00221146511242365,1.20446228857726,0.14156438837466,1.01287624117926,0
3.83583939111415,3.80557287920062,0.147193293297957,-0.141562177002139,0.00221146511242365,1.20346250979953,0.141562177002139,1.01384413401898,0
3.8368393492453,3.80656283470359,0.147052210463405,-0.141559965629618,0.00221146511242365,1.20246273127815,0.141559965629618,1.01481207540502,0
3.83783930737646,3.80755279051854,0.146911129818012,-0.141557754257097,0.00221146511242365,1.20146295301375,0.141557754257097,1.01578006523022,0
3.83883926550762,3.80854274664548,0.146770051361782,-0.141555542884576,0.00221146511242365,1.20046317500698,0.141555542884576,1.01674810338775,0
3.83983922363877,3.80953270308438,0.146628975094714,-0.141553331512055,0.00221146511242365,1.1994633972585,0.141553331512055,1.01771618977108,0
3.84083918176993,3.81052265983526,0.146487901016808,-0.141551120139534,0.00221146511242365,1.19846361976895,0.141551120139534,1.01868432427401,0
3.84183913990108,3.8115126168981,0.146346829128066,-0.141548908767013,0.00221146511242365,1.19746384253899,0.141548908767013,1.01965250679061,0
3.84283909803224,3.81250257427291,0.146205759428488,-0.141546697394492,0.00221146511242365,1.19646406556926,0.141546697394492,1.02062073721529,0
3.8438390561634,3.81349253195966,0.146064691918075,-0.141544486021971,0.00221146511242365,1.19546428886045,0.141544486021971,1.02158901544275,0
3.84483901429455,3.81448248995837,0.145923626596827,-0.14154227464945,0.00221146511242365,1.19446451241319,0.14154227464945,1.02255734136798,0
3.84583897242571,3.81547244826903,0.145782563464746,-0.141540063276929,0.00221146511242365,1.19346473622815,0.141540063276929,1.02352571488629,0
3.84683893055686,3.81646240689162,0.145641502521832,-0.141537851904408,0.00221146511242365,1.192464960306,0.141537851904408,1.02449413589328,0
3.84783888868802,3.81745236582615,0.145500443768085,-0.141535640531887,0.00221146511242365,1.19146518464741,0.141535640531887,1.02546260428487,0
3.84883884681918,3.81844232507261,0.145359387203507,-0.141533429159367,0.00221146511242365,1.19046540925303,0.141533429159367,1.02643111995725,0
3.84983880495033,3.819432284631,0.145218332828097,-0.141531217786846,0.00221146511242365,1.18946563412356,0.141531217786846,1.02739968280693,0
3.85083876308149,3.82042224450131,0.145077280641858,-0.141529006414325,0.00221146511242365,1.18846585925965,0.141529006414325,1.02836829273071,0
3.85183872121264,3.82141220468353,0.144936230644789,-0.141526795041804,0.00221146511242365,1.18746608466198,0.141526795041804,1.02933694962568,0
3.8528386793438,3.82240216517767,0.14479518283689,-0.141524583669283,0.00221146511242365,1.18646631033123,0.141524583669283,1.03030565338923,0
3.85383863747496,3.82339212598371,0.144654137218164,-0.141522372296762,0.00221146511242365,1.18546653626809,0.141522372296762,1.03127440391905,0
3.85483859560611,3.82438208710166,0.14451309378861,-0.141520160924241,0.00221146511242365,1.18446676247323,0.141520160924241,1.03224320111311,0
3.85583855373727,3.8253720485315,0.14437205254823,-0.14151794955172,0.00221146511242365,1.18346698894733,0.14151794955172,1.03321204486967,0
3.85683851186842,3.82636201027324,0.144231013497023,-0.141515738179199,0.00221146511242365,1.1824672156911,0.141515738179199,1.03418093508731,0
3.85783846999958,3.82735197232686,0.14408997663499,-0.141513526806678,0.00221146511242365,1.18146744270521,0.141513526806678,1.03514987166485,0
3.85883842813074,3.82834193469236,0.143948941962133,-0.141511315434157,0.00221146511242365,1.18046766999035,0.141511315434157,1.03611885450145,0
3.85983838626189,3.82933189736975,0.143807909478452,-0.141509104061636,0.00221146511242365,1.17946789754723,0.141509104061636,1.03708788349652,0
3.86083834439305,3.830321860359,0.143666879183947,-0.141506892689115,0.00221146511242365,1.17846812537653,0.141506892689115,1.03805695854978,0
3.8618383025242,3.83131182366013,0.14352585107862,-0.141504681316594,0.00221146511242365,1.17746835347896,0.141504681316595,1.03902607956122,0
3.86283826065536,3.83230178727311,0.143384825162471,-0.141502469944073,0.00221146511242365,1.17646858185522,0.141502469944073,1.03999524643112,0
3.86383821878652,3.83329175119796,0.1432438014355,-0.141500258571553,0.00221146511242365,1.17546881050601,0.141500258571552,1.04096445906005,0
3.86483817691767,3.83428171543466,0.143102779897709,-0.141498047199032,0.00221146511242365,1.17446903943204,0.141498047199032,1.04193371734885,0
3.86583813504883,3.83527167998321,0.142961760549098,-0.141495835826511,0.00221146511242365,1.17346926863401,0.141495835826511,1.04290302119865,0
3.86683809317998,3.8362616448436,0.142820743389667,-0.14149362445399,0.00221146511242365,1.17246949811264,0.14149362445399,1.04387237051087,0
3.86783805131114,3.83725161001583,0.142679728419418,-0.141491413081469,0.00221146511242365,1.17146972786864,0.141491413081469,1.04484176518718,0
3.86883800944229,3.8382415754999,0.142538715638352,-0.141489201708948,0.00221146511242365,1.17046995790272,0.141489201708948,1.04581120512956,0
3.86983796757345,3.83923154129579,0.142397705046467,-0.141486990336427,0.00221146511242365,1.16947018821561,0.141486990336427,1.04678069024025,0
3.87083792570461,3.84022150740351,0.142256696643767,-0.141484778963906,0.00221146511242365,1.16847041880802,0.141484778963906,1.04775022042177,0
3.87183788383576,3.84121147382305,0.142115690430251,-0.141482567591385,0.00221146511242365,1.16747064968068,0.141482567591385,1.04871979557692,0
3.87283784196692,3.8422014405636,0.141974686470517,-0.141479703689498,0.00547424907206017,1.16647088083304,0.141479703689498,1.04968941562472,0
3.87383780009807,3.84319140792879,0.141833686896311,-0.141474229669626,0.00547424907206017,1.16547111222388,0.141474229669626,1.05065908099428,0
3.87483775822923,3.8441813760658,0.141692692741208,-0.141468755649755,0.00547424907206017,1.16447134383351,0.141468755649754,1.05162879184279,0
3.87583771636039,3.84517134497459,0.141551704005212,-0.141463281629883,0.00547424907206017,1.16347157566249,0.141463281629883,1.05259854807239,0
3.87683767449154,3.84616131465515,0.141410720688328,-0.141457807610011,0.00547424907206017,1.16247180771145,0.141457807610012,1.05356834958552,0
3.8778376326227,3.84715128510744,0.14126974279056,-0.14145233359014,0.00547424907206017,1.16147203998096,0.14145233359014,1.0545381962849,0
3.87883759075385,3.84814125633143,0.141128770311912,-0.141446859570268,0.00547424907206017,1.16047227247164,0.141446859570268,1.05550808807349,0
3.87983754888501,3.84913122832709,0.140987803252388,-0.141441385550397,0.00547424907206017,1.15947250518408,0.141441385550397,1.05647802485455,0
3.88083750701617,3.85012120109439,0.140846841611992,-0.141435911530525,0.00547424907206017,1.15847273811889,0.141435911530525,1.05744800653161,0
3.88183746514732,3.8511111746333,0.14070588539073,-0.141430437510654,0.00547424907206017,1.15747297127668,0.141430437510654,1.05841803300846,0
3.88283742327848,3.8521011489438,0.140564934588604,-0.141424963490782,0.00547424907206017,1.15647320465804,0.141424963490782,1.05938810418918,0
3.88383738140963,3.85309112402585,0.140423989205619,-0.14141948947091,0.00547424907206017,1.1554734382636,0.14141948947091,1.06035821997809,0
3.88483733954079,3.85408109987942,0.14028304924178,-0.141414015451039,0.00547424907206017,1.15447367209397,0.141414015451039,1.0613283802798,0
3.88583729767195,3.85507107650449,0.14014211469709,-0.141408541431167,0.00547424907206017,1.15347390614975,0.141408541431167,1.06229858499919,0
3.8868372558031,3.85606105390102,0.140001185571555,-0.141403067411296,0.00547424907206017,1.15247414043157,0.141403067411296,1.06326883404139,0
3.88783721393426,3.85705103206898,0.139860261865177,-0.141397593391424,0.00547424907206017,1.15147437494005,0.141397593391424,1.06423912731181,0
3.88883717206541,3.85804101100835,0.139719343577961,-0.141392119371552,0.00547424907206017,1.15047460967581,0.141392119371552,1.0652094647161,0
3.88983713019657,3.85903099071909,0.139578430709912,-0.141386645351681,0.00547424907206017,1.14947484463946,0.141386645351681,1.06617984616021,0
3.89083708832773,3.86002097120118,0.139437523261034,-0.141381171331809,0.00547424907206017,1.14847507983164,0.141381171331809,1.06715027155034,0
3.89183704645888,3.86101095245458,0.139296621231331,-0.141375697311938,0.00547424907206017,1.14747531525297,0.141375697311938,1.06812074079292,0
3.89283700459004,3.86200093447927,0.139155724620806,-0.141370223292066,0.00547424907206017,1.14647555090408,0.141370223292066,1.0690912537947,0
3.89383696272119,3.86299091727521,0.139014833429466,-0.141364749272194,0.00547424907206017,1.1454757867856,0.141364749272194,1.07006181046263,0
3.89483692085235,3.86398090084238,0.138873947657312,-0.141359275252323,0.00547424907206017,1.14447602289817,0.141359275252323,1.07103241070396,0
3.8958368789835,3.86497088518075,0.138733067304351,-0.141353801232451,0.00547424907206017,1.14347625924243,0.141353801232451,1.07200305442619,0
3.89683683711466,3.86596087029028,0.138592192370586,-0.14134832721258,0.00547424907206017,1.142476495819,0.14134832721258,1.07297374153706,0
3.89783679524582,3.86695085617095,0.138451322856021,-0.141342853192708,0.00547424907206017,1.14147673262854,0.141342853192708,1.07394447194458,0
3.89883675337697,3.86794084282273,0.13831045876066,-0.141337379172836,0.00547424907206017,1.14047696967168,0.141337379172836,1.07491524555703,0
3.89983671150813,3.86893083024559,0.138169600084508,-0.141331905152965,0.00547424907206017,1.13947720694907,0.141331905152965,1.07588606228292,0
3.90083666963928,3.86992081843949,0.138028746827569,-0.141326431133093,0.00547424907206017,1.13847744446135,0.141326431133093,1.07685692203102,0
3.90183662777044,3.87091080740442,0.137887898989848,-0.141320957113222,0.00547424907206017,1.13747768220918,0.141320957113221,1.07782782471036,0
3.9028365859016,3.87190079714033,0.137747056571347,-0.14131548309335,0.00547424907206017,1.13647792019321,0.14131548309335,1.07879877023021,0
3.90383654403275,3.8728907876472,0.137606219572073,-0.141310009073478,0.00547424907206017,1.13547815841409,0.141310009073479,1.07976975850012,0
3.90483650216391,3.87388077892501,0.137465387992028,-0.141304535053607,0.00547424907206017,1.13447839687248,0.141304535053607,1.08074078942986,0
3.90583646029506,3.87487077097371,0.137324561831217,-0.141299061033735,0.00547424907206017,1.13347863556903,0.141299061033735,1.08171186292945,0
3.90683641842622,3.87586076379328,0.137183741089644,-0.141293587013864,0.00547424907206017,1.13247887450441,0.141293587013864,1.08268297890919,0
3.90783637655738,3.8768507573837,0.137042925767314,-0.141288112993992,0.00547424907206017,1.13147911367928,0.141288112993992,1.08365413727959,0
3.90883633468853,3.87784075174492,0.13690211586423,-0.14128263897412,0.00547424907206017,1.1304793530943,0.141282638974121,1.08462533795143,0
3.90983629281969,3.87883074687693,0.136761311380398,-0.141277164954249,0.00547424907206017,1.12947959275015,0.141277164954249,1.08559658083573,0
3.91083625095084,3.87982074277968,0.136620512315821,-0.141271690934377,0.00547424907206017,1.12847983264749,0.141271690934377,1.08656786584376,0
3.911836209082,3.88081073945316,0.136479718670502,-0.141266216914506,0.00547424907206017,1.12748007278699,0.141266216914506,1.08753919288702,0
3.91283616721315,3.88180073689733,0.136338930444448,-0.141260742894634,0.00547424907206017,1.12648031316933,0.141260742894634,1.08851056187728,0
3.91383612534431,3.88279073511217,0.136198147637661,-0.141255268874763,0.00547424907206017,1.12548055379519,0.141255268874763,1.08948197272652,0
3.91483608347547,3.88378073409764,0.136057370250147,-0.141249794854891,0.00547424907206017,1.12448079466525,0.141249794854891,1.09045342534699,0
3.91583604160662,3.88477073385371,0.135916598281908,-0.141244320835019,0.00547424907206017,1.12348103578019,0.141244320835019,1.09142491965117,0
3.91683599973778,3.88576073438035,0.13577583173295,-0.141238846815148,0.00547424907206017,1.12248127714069,0.141238846815148,1.09239645555178,0
3.91783595786893,3.88675073567754,0.135635070603277,-0.141233372795276,0.00547424907206017,1.12148151874743,0.141233372795276,1.09336803296177,0
3.91883591600009,3.88774073774525,0.135494314892892,-0.141227898775405,0.00547424907206017,1.12048176060112,0.141227898775405,1.09433965179436,0
3.91983587413125,3.88873074058343,0.135353564601801,-0.141222424755533,0.00547424907206017,1.11948200270244,0.141222424755533,1.09531131196297,0
3.9208358322624,3.88972074419208,0.135212819730007,-0.141216950735661,0.00547424907206017,1.11848224505208,0.141216950735661,1.09628301338128,0
3.92183579039356,3.89071074857114,0.135072080277514,-0.14121147671579,0.00547424907206017,1.11748248765074,0.14121147671579,1.09725475596321,0
3.92283574852471,3.89170075372061,0.134931346244328,-0.141206002695918,0.00547424907206017,1.11648273049912,0.141206002695918,1.0982265396229,0
3.92383570665587,3.89269075964044,0.134790617630451,-0.141200528676047,0.00547424907206017,1.11548297359792,0.141200528676046,1.09919836427472,0
3.92483566478703,3.89368076633061,0.134649894435888,-0.141195054656175,0.00547424907206017,1.11448321694785,0.141195054656175,1.10017022983331,0
3.92583562291818,3.89467077379108,0.134509176660644,-0.141189580636303,0.00547424907206017,1.11348346054961,0.141189580636303,1.1011421362135,0
3.92683558104934,3.89566078202183,0.134368464304722,-0.141184106616432,0.00547424907206017,1.11248370440391,0.141184106616432,1.10211408333038,0
3.92783553918049,3.89665079102283,0.134227757368128,-0.14117863259656,0.00547424907206017,1.11148394851146,0.14117863259656,1.10308607109926,0
3.92883549731165,3.89764080079404,0.134087055850864,-0.141173158576689,0.00547424907206017,1.11048419287298,0.141173158576688,1.10405809943569,0
3.92983545544281,3.89863081133545,0.133946359752935,-0.141167684556817,0.00547424907206017,1.10948443748918,0.141167684556817,1.10503016825544,0
3.93083541357396,3.89962082264701,0.133805669074347,-0.141162210536945,0.00547424907206017,1.10848468236078,0.141162210536945,1.10600227747451,0
3.93183537170512,3.9006108347287,0.133664983815101,-0.141156736517074,0.00547424907206017,1.10748492748851,0.141156736517074,1.10697442700915,0
3.93283532983627,3.90160084758049,0.133524303975204,-0.141151262497202,0.00547424907206017,1.10648517287308,0.141151262497202,1.1079466167758,0
3.93383528796743,3.90259086120235,0.133383629554659,-0.141145788477331,0.00547424907206017,1.10548541851522,0.141145788477331,1.10891884669115,0
3.93483524609859,3.90358087559425,0.13324296055347,-0.141140314457459,0.00547424907206017,1.10448566441567,0.141140314457459,1.10989111667212,0
3.93583520422974,3.90457089075616,0.133102296971642,-0.141134840437587,0.00547424907206017,1.10348591057516,0.141134840437588,1.11086342663586,0
3.9368351623609,3.90556090668805,0.132961638809178,-0.141129366417716,0.00547424907206017,1.10248615699442,0.141129366417716,1.11183577649971,0
3.93783512049205,3.90655092338989,0.132820986066084,-0.141123892397844,0.00547424907206017,1.10148640367418,0.141123892397844,1.11280816618128,0
3.93883507862321,3.90754094086165,0.132680338742362,-0.141118418377973,0.00547424907206017,1.10048665061519,0.141118418377973,1.11378059559837,0
3.93983503675437,3.9085309591033,0.132539696838018,-0.141112944358101,0.00547424907206017,1.09948689781819,0.141112944358101,1.11475306466902,0
3.94083499488552,3.90952097811481,0.132399060353056,-0.141107470338229,0.00547424907206017,1.09848714528393,0.14110747033823,1.11572557331148,0
3.94183495301668,3.91051099789616,0.13225842928748,-0.141101996318358,0.00547424907206017,1.09748739301315,0.141101996318358,1.11669812144423,0
3.94283491114783,3.91150101844731,0.132117803641293,-0.141096522298486,0.00547424907206017,1.09648764100661,0.141096522298486,1.11767070898597,0
3.94383486927899,3.91249103976823,0.131977183414501,-0.141091048278615,0.00547424907206017,1.09548788926506,0.141091048278615,1.11864333585562,0
3.94483482741015,3.9134810618589,0.131836568607108,-0.141085574258743,0.00547424907206017,1.09448813778924,0.141085574258743,1.11961600197231,0
3.9458347855413,3.91447108471927,0.131695959219117,-0.141080100238872,0.00547424907206017,1.09348838657994,0.141080100238872,1.1205887072554,0
3.94683474367246,3.91546110834934,0.131555355250533,-0.141074626219,0.00547424907206017,1.09248863563789,0.141074626219,1.12156145162445,0
3.94783470180361,3.91645113274905,0.13141475670136,-0.141069152199128,0.00547424907206017,1.09148888496388,0.141069152199128,1.12253423499927,0
3.94883465993477,3.91744115791839,0.131274163571603,-0.141063678179257,0.00547424907206017,1.09048913455866,0.141063678179257,1.12350705729984,0
3.94983461806593,3.91843118385733,0.131133575861265,-0.141058204159385,0.00547424907206017,1.08948938442301,0.141058204159385,1.1244799184464,0
3.95083457619708,3.91942121056583,0.130992993570351,-0.141052730139514,0.00547424907206017,1.08848963455769,0.141052730139513,1.12545281835937,0
3.95183453432824,3.92041123804386,0.130852416698864,-0.141047256119642,0.00547424907206017,1.0874898849635,0.141047256119642,1.12642575695941,0
3.95283449245939,3.9214012662914,0.13071184524681,-0.14104178209977,0.00547424907206017,1.08649013564119,0.14104178209977,1.12739873416738,0
3.95383445059055,3.92239129530842,0.130571279214193,-0.141036308079899,0.00547424907206017,1.08549038659156,0.141036308079899,1.12837174990435,0
3.9548344087217,3.92338132509489,0.130430718601016,-0.141030834060027,0.00547424907206017,1.08449063781538,0.141030834060027,1.1293448040916,0
3.95583436685286,3.92437135565077,0.130290163407284,-0.141025360040156,0.00547424907206017,1.08349088931346,0.141025360040155,1.13031789665064,0
3.95683432498402,3.92536138697604,0.130149613633001,-0.141019886020284,0.00547424907206017,1.08249114108656,0.141019886020284,1.13129102750317,0
3.95783428311517,3.92635141907066,0.130009069278171,-0.141014412000412,0.00547424907206017,1.0814913931355,0.141014412000412,1.1322641965711,0
3.95883424124633,3.92734145193461,0.129868530342798,-0.141008937980541,0.00547424907206017,1.08049164546106,0.141008937980541,1.13323740377657,0
3.95983419937748,3.92833148556787,0.129727996826888,-0.141003463960669,0.00547424907206017,1.07949189806404,0.141003463960669,1.13421064904191,0
3.96083415750864,3.92932151997038,0.129587468730443,-0.140997989940798,0.00547424907206017,1.07849215094524,0.140997989940798,1.13518393228966,0
3.9618341156398,3.93031155514214,0.129446946053468,-0.140992515920926,0.00547424907206017,1.07749240410547,0.140992515920926,1.13615725344257,0
3.96283407377095,3.93130159108311,0.129306428795968,-0.140987041901054,0.00547424907206017,1.07649265754554,0.140987041901055,1.13713061242359,0
3.96383403190211,3.93229162779326,0.129165916957946,-0.140981567881183,0.00547424907206017,1.07549291126625,0.140981567881183,1.13810400915589,0
3.96483399003326,3.93328166527255,0.129025410539407,-0.140976093861311,0.00547424907206017,1.07449316526842,0.140976093861311,1.13907744356283,0
3.96583394816442,3.93427170352097,0.128884909540355,-0.14097061984144,0.00547424907206017,1.07349341955287,0.14097061984144,1.14005091556798,0
3.96683390629558,3.93526174253848,0.128744413960794,-0.140965145821568,0.00547424907206017,1.07249367412042,0.140965145821568,1.14102442509511,0
3.96783386442673,3.93625178232505,0.128603923800728,-0.140959671801696,0.00547424907206017,1.07149392897188,0.140959671801697,1.1419979720682,0
3.96883382255789,3.93724182288064,0.128463439060162,-0.140954197781825,0.00547424907206017,1.07049418410808,0.140954197781825,1.14297155641144,0
3.96983378068904,3.93823186420525,0.1283229597391,-0.140948723761953,0.00547424907206017,1.06949443952985,0.140948723761953,1.14394517804919,0
3.9708337388202,3.93922190629882,0.128182485837545,-0.140943249742082,0.00547424907206017,1.06849469523803,0.140943249742082,1.14491883690604,0
3.97183369695136,3.94021194916133,0.128042017355503,-0.14093777572221,0.00547424907206017,1.06749495123344,0.14093777572221,1.14589253290677,0
3.97283365508251,3.94120199279276,0.127901554292977,-0.140932301702339,0.00547424907206017,1.06649520751693,0.140932301702339,1.14686626597636,0
3.97383361321367,3.94219203719307,0.127761096649972,-0.140926827682467,0.00547424907206017,1.06549546408934,0.140926827682467,1.14784003603999,0
3.97483357134482,3.94318208236223,0.127620644426492,-0.140921353662595,0.00547424907206017,1.06449572095151,0.140921353662595,1.14881384302305,0
3.97583352947598,3.94417212830022,0.127480197622541,-0.140915879642724,0.00547424907206017,1.06349597810428,0.140915879642724,1.1497876868511,0
3.97683348760713,3.94516217500699,0.127339756238123,-0.140910405622852,0.00547424907206017,1.06249623554851,0.140910405622852,1.15076156744991,0
3.97783344573829,3.94615222248254,0.127199320273242,-0.140904931602981,0.00547424907206017,1.06149649328505,0.14090493160298,1.15173548474547,0
3.97883340386945,3.94714227072682,0.127058889727903,-0.140899457583109,0.00547424907206017,1.06049675131476,0.140899457583109,1.15270943866393,0
3.9798333620006,3.9481323197398,0.12691846460211,-0.140893983563237,0.00547424907206017,1.0594970096385,0.140893983563237,1.15368342913164,0
3.98083332013176,3.94912236952146,0.126778044895867,-0.140888509543366,0.00547424907206017,1.05849726825713,0.140888509543366,1.15465745607518,0
3.98183327826291,3.95011242007176,0.126637630609178,-0.140883035523494,0.00547424907206017,1.05749752717152,0.140883035523494,1.15563151942127,0
3.98283323639407,3.95110247139068,0.126497221742048,-0.140877561503623,0.00547424907206017,1.05649778638253,0.140877561503622,1.15660561909688,0
3.98383319452523,3.95209252347819,0.126356818294481,-0.140872087483751,0.00547424907206017,1.05549804589105,0.140872087483751,1.15757975502912,0
3.98483315265638,3.95308257633425,0.12621642026648,-0.140866613463879,0.00547424907206017,1.05449830569794,0.140866613463879,1.15855392714533,0
3.98583311078754,3.95407262995884,0.126076027658051,-0.140861139444008,0.00547424907206017,1.05349856580408,0.140861139444008,1.15952813537302,0
3.98683306891869,3.95506268435192,0.125935640469196,-0.140855665424136,0.00547424907206017,1.05249882621037,0.140855665424136,1.1605023796399,0
3.98783302704985,3.95605273951347,0.125795258699922,-0.140850191404265,0.00547424907206017,1.05149908691767,0.140850191404264,1.16147665987387,0
3.98883298518101,3.95704279544347,0.125654882350231,-0.140844717384393,0.00547424907206017,1.05049934792689,0.140844717384393,1.16245097600301,0
3.98983294331216,3.95803285214186,0.125514511420128,-0.140839243364521,0.00547424907206017,1.04949960923892,0.140839243364522,1.16342532795561,0
3.99083290144332,3.95902290960864,0.125374145909617,-0.14083376934465,0.00547424907206017,1.04849987085465,0.14083376934465,1.16439971566012,0
3.99183285957447,3.96001296784377,0.125233785818703,-0.140828295324778,0.00547424907206017,1.04750013277499,0.140828295324778,1.1653741390452,0
3.99283281770563,3.96100302684721,0.125093431147389,-0.140822821304907,0.00547424907206017,1.04650039500082,0.140822821304907,1.16634859803968,0
3.99383277583679,3.96199308663077,0.124953081979087,-0.140816384491647,0.0109761558508089,1.0455006575313,0.140816384491647,1.16732309259148,0
3.99483273396794,3.96298314769194,0.124812741823708,-0.140805408795355,0.0109761558508089,1.04450092029278,0.140805408795355,1.16829762342386,0
3.9958326920991,3.96397321029338,0.124672412534947,-0.140794433099063,0.0109761558508089,1.04350118324662,0.140794433099063,1.16927219088363,0
3.99683265023025,3.96496327443497,0.124532094112822,-0.140783457402771,0.0109761558508089,1.04250144639348,0.140783457402771,1.17024679489784,0
3.99783260836141,3.9659533401166,0.124391786557348,-0.140772481706479,0.0109761558508089,1.04150170973405,0.140772481706479,1.17122143539371,0
3.99883256649257,3.96694340733814,0.124251489868542,-0.140761506010187,0.0109761558508089,1.040501973269,0.140761506010187,1.17219611229869,0
3.99983252462372,3.96793347609947,0.124111204046423,-0.140750530313896,0.0109761558508089,1.03950223699903,0.140750530313896,1.17317082554038,0
4.00083248275488,3.96892354640048,0.123970929091006,-0.140739554617604,0.0109761558508089,1.0385025009248,0.140739554617604,1.17414557504659,0
4.00183244088603,3.96991361824104,0.123830665002308,-0.140728578921312,0.0109761558508089,1.03750276504701,0.140728578921312,1.17512036074531,0
4.00283239901719,3.97090369162104,0.123690411780346,-0.14071760322502,0.0109761558508089,1.03650302936634,0.14071760322502,1.17609518256473,0
4.00383235714835,3.97189376654036,0.123550169425138,-0.140706627528728,0.0109761558508089,1.03550329388349,0.140706627528728,1.1770700404332,0
4.0048323152795,3.97288384299887,0.1234099379367,-0.140695651832436,0.0109761558508089,1.03450355859915,0.140695651832436,1.17804493427929,0
4.00583227341066,3.97387392099646,0.123269717315049,-0.140684676136145,0.0109761558508089,1.03350382351402,0.140684676136145,1.17901986403172,0
4.00683223154181,3.97486400053302,0.123129507560201,-0.140673700439853,0.0109761558508089,1.0325040886288,0.140673700439853,1.17999482961944,0
4.00783218967297,3.97585408160841,0.122989308672174,-0.140662724743561,0.0109761558508089,1.03150435394419,0.140662724743561,1.18096983097153,0
4.00883214780413,3.97684416422252,0.122849120650985,-0.140651749047269,0.0109761558508089,1.03050461946089,0.140651749047269,1.18194486801731,0
4.00983210593528,3.97783424837524,0.122708943496651,-0.140640773350977,0.0109761558508089,1.02950488517961,0.140640773350977,1.18291994068623,0
4.01083206406644,3.97882433406643,0.122568777209188,-0.140629797654685,0.0109761558508089,1.02850515110106,0.140629797654686,1.18389504890797,0
4.01183202219759,3.97981442129599,0.122428621788613,-0.140618821958393,0.0109761558508089,1.02750541722596,0.140618821958394,1.18487019261236,0
4.01283198032875,3.9808045100638,0.122288477234943,-0.140607846262102,0.0109761558508089,1.02650568355501,0.140607846262101,1.18584537172941,0
4.01383193845991,3.98179460036972,0.122148343548195,-0.14059687056581,0.0109761558508089,1.02550595008894,0.14059687056581,1.18682058618935,0
4.01483189659106,3.98278469221366,0.122008220728387,-0.140585894869518,0.0109761558508089,1.02450621682846,0.140585894869518,1.18779583592254,0
4.01583185472222,3.98377478559548,0.121868108775534,-0.140574919173226,0.0109761558508089,1.02350648377431,0.140574919173226,1.18877112085956,0
4.01683181285337,3.98476488051506,0.121728007689654,-0.140563943476934,0.0109761558508089,1.0225067509272,0.140563943476934,1.18974644093114,0
4.01783177098453,3.98575497697229,0.121587917470763,-0.140552967780642,0.0109761558508089,1.02150701828786,0.140552967780642,1.19072179606821,0
4.01883172911568,3.98674507496706,0.121447838118879,-0.140541992084351,0.0109761558508089,1.02050728585702,0.14054199208435,1.19169718620186,0
4.01983168724684,3.98773517449923,0.121307769634018,-0.140531016388059,0.0109761558508089,1.01950755363543,0.140531016388059,1.19267261126337,0
4.020831645378,3.98872527556868,0.121167712016198,-0.140520040691767,0.0109761558508089,1.01850782162381,0.140520040691767,1.19364807118421,0
4.02183160350915,3.98971537817531,0.121027665265434,-0.140509064995475,0.0109761558508089,1.0175080898229,0.140509064995475,1.19462356589598,0
4.02283156164031,3.990705482319,0.120887629381745,-0.140498089299183,0.0109761558508089,1.01650835823345,0.140498089299183,1.19559909533051,0
4.02383151977146,3.99169558799961,0.120747604365146,-0.140487113602891,0.0109761558508089,1.01550862685621,0.140487113602891,1.19657465941978,0
4.02483147790262,3.99268569521703,0.120607590215655,-0.1404761379066,0.0109761558508089,1.01450889569191,0.1404761379066,1.19755025809593,0
4.02583143603378,3.99367580397115,0.120467586933288,-0.140465162210308,0.0109761558508089,1.01350916474132,0.140465162210308,1.1985258912913,0
4.02683139416493,3.99466591426184,0.120327594518063,-0.140454186514016,0.0109761558508089,1.01250943400518,0.140454186514016,1.1995015589384,0
4.02783135229609,3.99565602608899,0.120187612969996,-0.140443210817724,0.0109761558508089,1.01150970348425,0.140443210817724,1.2004772609699,0
4.02883131042724,3.99664613945247,0.120047642289104,-0.140432235121432,0.0109761558508089,1.01050997317929,0.140432235121432,1.20145299731865,0
4.0298312685584,3.99763625435217,0.119907682475405,-0.14042125942514,0.0109761558508089,1.00951024309106,0.14042125942514,1.20242876791767,0
4.03083122668956,3.99862637078796,0.119767733528914,-0.140410283728849,0.0109761558508089,1.00851051322033,0.140410283728849,1.20340457270016,0
4.03183118482071,3.99961648875973,0.119627795449649,-0.140399308032557,0.0109761558508089,1.00751078356787,0.140399308032557,1.20438041159948,0
4.03283114295187,4.00060660826736,0.119487868237626,-0.140388332336265,0.0109761558508089,1.00651105413445,0.140388332336265,1.20535628454916,0
4.03383110108302,4.00159672931073,0.119347951892863,-0.140377356639973,0.0109761558508089,1.00551132492083,0.140377356639973,1.20633219148291,0
4.03483105921418,4.00258685188972,0.119208046415376,-0.140366380943681,0.0109761558508089,1.00451159592781,0.140366380943681,1.2073081323346,0
4.03583101734533,4.00357697600421,0.119068151805183,-0.140355405247389,0.0109761558508089,1.00351186715615,0.140355405247389,1.20828410703828,0
4.03683097547649,4.00456710165408,0.118928268062299,-0.140344429551098,0.0109761558508089,1.00251213860664,0.140344429551098,1.20926011552816,0
4.03783093360765,4.00555722883921,0.118788395186742,-0.140333453854806,0.0109761558508089,1.00151241028006,0.140333453854806,1.2102361577386,0
4.0388308917388,4.00654735755949,0.118648533178529,-0.140322478158514,0.0109761558508089,1.00051268217722,0.140322478158514,1.21121223360417,0
4.03983084986996,4.00753748781479,0.118508682037676,-0.140311502462222,0.0109761558508089,0.999512954298889,0.140311502462222,1.21218834305956,0
4.04083080800111,4.00852761960499,0.118368841764201,-0.14030052676593,0.0109761558508089,0.998513226645871,0.14030052676593,1.21316448603967,0
4.04183076613227,4.00951775292998,0.11822901235812,-0.140289551069638,0.0109761558508089,0.997513499218964,0.140289551069638,1.21414066247953,0
4.04283072426343,4.01050788778963,0.11808919381945,-0.140278575373346,0.0109761558508089,0.996513772018969,0.140278575373347,1.21511687231435,0
4.04383068239458,4.01149802418383,0.117949386148208,-0.140267599677055,0.0109761558508089,0.995514045046689,0.140267599677055,1.2160931154795,0
4.04483064052574,4.01248816211245,0.117809589344411,-0.140256623980763,0.0109761558508089,0.994514318302931,0.140256623980763,1.21706939191053,0
4.04583059865689,4.01347830157538,0.117669803408076,-0.140245648284471,0.0109761558508089,0.993514591788507,0.140245648284471,1.21804570154314,0
4.04683055678805,4.01446844257251,0.117530028339219,-0.140234672588179,0.0109761558508089,0.99251486550423,0.140234672588179,1.21902204431319,0
4.04783051491921,4.01545858510369,0.117390264137857,-0.140223696891887,0.0109761558508089,0.991515139450919,0.140223696891887,1.21999842015669,0
4.04883047305036,4.01644872916884,0.117250510804007,-0.140212721195595,0.0109761558508089,0.990515413629388,0.140212721195595,1.22097482900986,0
4.04983043118152,4.01743887476781,0.117110768337686,-0.140201745499304,0.0109761558508089,0.989515688040466,0.140201745499303,1.22195127080903,0
4.05083038931267,4.01842902190049,0.116971036738912,-0.140190769803012,0.0109761558508089,0.988515962684978,0.140190769803012,1.22292774549072,0
4.05183034744383,4.01941917056676,0.116831316007699,-0.14017979410672,0.0109761558508089,0.987516237563751,0.14017979410672,1.2239042529916,0
4.05283030557499,4.02040932076651,0.116691606144067,-0.140168818410428,0.0109761558508089,0.986516512677621,0.140168818410428,1.22488079324849,0
4.05383026370614,4.02139947249961,0.11655190714803,-0.140157842714136,0.0109761558508089,0.985516788027422,0.140157842714136,1.2258573661984,0
4.0548302218373,4.02238962576594,0.116412219019606,-0.140146867017844,0.0109761558508089,0.984517063613995,0.140146867017844,1.22683397177848,0
4.05583017996845,4.02337978056539,0.116272541758813,-0.140135891321553,0.0109761558508089,0.983517339438181,0.140135891321552,1.22781060992602,0
4.05683013809961,4.02436993689784,0.116132875365666,-0.140124915625261,0.0109761558508089,0.982517615500826,0.140124915625261,1.2287872805785,0
4.05783009623076,4.02536009476316,0.115993219840183,-0.140113939928969,0.0109761558508089,0.981517891802782,0.140113939928969,1.22976398367355,0
4.05883005436192,4.02635025416123,0.11585357518238,-0.140102964232677,0.0109761558508089,0.980518168344897,0.140102964232677,1.23074071914894,0
4.05983001249308,4.02734041509195,0.115713941392275,-0.140091988536385,0.0109761558508089,0.979518445128031,0.140091988536385,1.23171748694261,0
4.06082997062423,4.02833057755518,0.115574318469884,-0.140081012840093,0.0109761558508089,0.978518722153041,0.140081012840093,1.23269428699266,0
4.06182992875539,4.02932074155082,0.115434706415223,-0.140070037143802,0.0109761558508089,0.977518999420792,0.140070037143802,1.23367111923734,0
4.06282988688654,4.03031090707873,0.115295105228311,-0.14005906144751,0.0109761558508089,0.976519276932148,0.14005906144751,1.23464798361505,0
4.0638298450177,4.0313010741388,0.115155514909162,-0.140048085751218,0.0109761558508089,0.975519554687978,0.140048085751218,1.23562488006435,0
4.06482980314886,4.03229124273092,0.115015935457795,-0.140037110054926,0.0109761558508089,0.974519832689158,0.140037110054926,1.23660180852396,0
4.06582976128001,4.03328141285495,0.114876366874226,-0.140026134358634,0.0109761558508089,0.973520110936562,0.140026134358634,1.23757876893273,0
4.06682971941117,4.03427158451079,0.114736809158473,-0.140015158662342,0.0109761558508089,0.972520389431072,0.140015158662342,1.23855576122971,0
4.06782967754232,4.03526175769831,0.114597262310551,-0.140004182966051,0.0109761558508089,0.971520668173569,0.140004182966051,1.23953278535405,0
4.06882963567348,4.0362519324174,0.114457726330477,-0.139993207269759,0.0109761558508089,0.970520947164941,0.139993207269759,1.24050984124508,0
4.06982959380464,4.03724210866793,0.114318201218269,-0.139982231573467,0.0109761558508089,0.969521226406079,0.139982231573467,1.24148692884228,0
4.07082955193579,4.03823228644979,0.114178686973943,-0.139971255877175,0.0109761558508089,0.968521505897877,0.139971255877175,1.24246404808529,0
4.07182951006695,4.03922246576285,0.114039183597517,-0.139960280180883,0.0109761558508089,0.967521785641232,0.139960280180883,1.24344119891387,0
4.0728294681981,4.040212646607,0.113899691089006,-0.139949304484591,0.0109761558508089,0.966522065637045,0.139949304484591,1.24441838126795,0
4.07382942632926,4.04120282898212,0.113760209448427,-0.139938328788299,0.0109761558508089,0.965522345886221,0.1399383287883,1.24539559508763,0
4.07482938446042,4.04219301288809,0.113620738675798,-0.139927353092008,0.0109761558508089,0.964522626389669,0.139927353092008,1.24637284031313,0
4.07582934259157,4.04318319832479,0.113481278771136,-0.139916377395716,0.0109761558508089,0.963522907148303,0.139916377395716,1.24735011688481,0
4.07682930072273,4.04417338529209,0.113341829734456,-0.139905401699424,0.0109761558508089,0.962523188163033,0.139905401699424,1.24832742474323,0
4.07782925885388,4.04516357378989,0.113202391565776,-0.139894426003132,0.0109761558508089,0.961523469434784,0.139894426003132,1.24930476382904,0
4.07882921698504,4.04615376381806,0.113062964265113,-0.13988345030684,0.0109761558508089,0.960523750964477,0.13988345030684,1.25028213408307,0
4.0798291751162,4.04714395537648,0.112923547832483,-0.139872474610548,0.0109761558508089,0.959524032753038,0.139872474610549,1.2512595354463,0
4.08082913324735,4.04813414846503,0.112784142267903,-0.139861498914257,0.0109761558508089,0.958524314801401,0.139861498914256,1.25223696785982,0
4.08182909137851,4.0491243430836,0.112644747571391,-0.139850523217965,0.0109761558508089,0.957524597110497,0.139850523217965,1.25321443126492,0
4.08282904950966,4.05011453923206,0.112505363742962,-0.139839547521673,0.0109761558508089,0.956524879681265,0.139839547521673,1.254191925603,0
4.08382900764082,4.0511047369103,0.112365990782633,-0.139828571825381,0.0109761558508089,0.955525162514646,0.139828571825381,1.25516945081561,0
4.08482896577198,4.05209493611819,0.112226628690423,-0.139817596129089,0.0109761558508089,0.954525445611589,0.139817596129089,1.25614700684445,0
4.08582892390313,4.05308513685561,0.112087277466346,-0.139806620432797,0.0109761558508089,0.953525728973041,0.139806620432797,1.25712459363136,0
4.08682888203429,4.05407533912246,0.11194793711042,-0.139795644736506,0.0109761558508089,0.952526012599955,0.139795644736505,1.25810221111834,0
4.08782884016544,4.0550655429186,0.111808607622662,-0.139784669040214,0.0109761558508089,0.951526296493289,0.139784669040214,1.25907985924751,0
4.0888287982966,4.05605574824392,0.111669289003089,-0.139773693343922,0.0109761558508089,0.950526580654004,0.139773693343922,1.26005753796115,0
4.08982875642775,4.0570459550983,0.111529981251717,-0.13976271764763,0.0109761558508089,0.949526865083067,0.13976271764763,1.26103524720168,0
4.09082871455891,4.05803616348162,0.111390684368563,-0.139751741951338,0.0109761558508089,0.948527149781446,0.139751741951338,1.26201298691164,0
4.09182867269007,4.05902637339377,0.111251398353643,-0.139740766255046,0.0109761558508089,0.947527434750114,0.139740766255046,1.26299075703376,0
4.09282863082122,4.06001658483461,0.111112123206976,-0.139729790558755,0.0109761558508089,0.946527719990048,0.139729790558754,1.26396855751086,0
4.09382858895238,4.06100679780403,0.110972858928577,-0.139718814862463,0.0109761558508089,0.945528005502228,0.139718814862463,1.26494638828593,0
4.09482854708353,4.06199701230192,0.110833605518463,-0.139707839166171,0.0109761558508089,0.944528291287641,0.139707839166171,1.2659242493021,0
4.09582850521469,4.06298722832815,0.110694362976651,-0.139696863469879,0.0109761558508089,0.943528577347274,0.139696863469879,1.26690214050263,0
4.09682846334585,4.0639774458826,0.110555131303158,-0.139685887773587,0.0109761558508089,0.942528863682122,0.139685887773587,1.26788006183092,0
4.097828421477,4.06496766496516,0.110415910498,-0.139674912077295,0.0109761558508089,0.941529150293182,0.139674912077295,1.26885801323052,0
4.09882837960816,4.06595788557571,0.110276700561195,-0.139663936381003,0.0109761558508089,0.940529437181455,0.139663936381003,1.26983599464511,0
4.09982833773931,4.06694810771412,0.110137501492758,-0.139652960684712,0.0109761558508089,0.939529724347945,0.139652960684712,1.27081400601851,0
4.10082829587047,4.06793833138028,0.109998313292708,-0.13964198498842,0.0109761558508089,0.938530011793666,0.13964198498842,1.27179204729468,0
4.10182825400163,4.06892855657407,0.10985913596106,-0.139631009292128,0.0109761558508089,0.937530299519628,0.139631009292128,1.27277011841772,0
4.10282821213278,4.06991878329536,0.109719969497832,-0.139620033595836,0.0109761558508089,0.93653058752685,0.139620033595836,1.27374821933186,0
4.10382817026394,4.07090901154405,0.109580813903039,-0.139609057899544,0.0109761558508089,0.935530875816355,0.139609057899544,1.27472634998146,0
4.10482812839509,4.07189924132,0.1094416691767,-0.139598082203252,0.0109761558508089,0.934531164389169,0.139598082203253,1.27570451031104,0
4.10582808652625,4.0728894726231,0.10930253531883,-0.139587106506961,0.0109761558508089,0.933531453246323,0.139587106506961,1.27668270026525,0
4.10682804465741,4.07387970545324,0.109163412329447,-0.139576130810669,0.0109761558508089,0.932531742388851,0.139576130810669,1.27766091978885,0
4.10782800278856,4.07486993981029,0.109024300208566,-0.139565155114377,0.0109761558508089,0.931532031817794,0.139565155114377,1.27863916882675,0
4.10882796091972,4.07586017569413,0.108885198956206,-0.139554179418085,0.0109761558508089,0.930532321534195,0.139554179418085,1.27961744732402,0
4.10982791905087,4.07685041310464,0.108746108572383,-0.139543203721793,0.0109761558508089,0.929532611539103,0.139543203721793,1.28059575522583,0
4.11082787718203,4.07784065204171,0.108607029057113,-0.139532228025501,0.0109761558508089,0.928532901833569,0.139532228025502,1.2815740924775,0
4.11182783531319,4.07883089250521,0.108467960410413,-0.13952125232921,0.0109761558508089,0.927533192418651,0.13952125232921,1.28255245902447,0
4.11282779344434,4.07982113449503,0.1083289026323,-0.139510276632918,0.0109761558508089,0.92653348329541,0.139510276632918,1.28353085481234,0
4.1138277515755,4.08081137801105,0.108189855722791,-0.139499300936626,0.0109761558508089,0.925533774464911,0.139499300936626,1.28450927978681,0
4.11482770970665,4.08180162306823,0.108050819789409,-0.139486877681707,0.0206269510325405,0.9245340659258,0.139486877681707,1.28548773391612,0
4.11582766783781,4.08279187050832,0.107911800828736,-0.139466251594301,0.0206269510325405,0.923534357543736,0.139466251594301,1.28646621839399,0
4.11682762596897,4.08378212081562,0.107772802293022,-0.139445625506895,0.0206269510325405,0.922534649241542,0.139445625506895,1.28744473388188,0
4.11782758410012,4.0847723739897,0.107633824182327,-0.139424999419489,0.0206269510325405,0.921534941019907,0.139424999419489,1.28842328032205,0
4.11882754223128,4.08576263003014,0.10749486649671,-0.139404373332083,0.0206269510325405,0.920535232879517,0.139404373332083,1.28940185765692,0
4.11982750036243,4.08675288893653,0.10735592923623,-0.139383747244677,0.0206269510325405,0.919535524821063,0.139383747244677,1.29038046582904,0
4.12082745849359,4.08774315070844,0.107217012400947,-0.139363121157271,0.0206269510325405,0.918535816845239,0.139363121157271,1.29135910478111,0
4.12182741662475,4.08873341534545,0.107078115990919,-0.139342495069865,0.0206269510325405,0.917536108952742,0.139342495069865,1.29233777445596,0
4.1228273747559,4.08972368284713,0.106939240006206,-0.139321868982459,0.0206269510325405,0.916536401144269,0.139321868982459,1.29331647479657,0
4.12382733288706,4.09071395321308,0.106800384446866,-0.139301242895053,0.0206269510325405,0.915536693420522,0.139301242895053,1.29429520574603,0
4.12482729101821,4.09170422644286,0.106661549312959,-0.139280616807647,0.0206269510325405,0.914536985782205,0.139280616807647,1.2952739672476,0
4.12582724914937,4.09269450253606,0.106522734604543,-0.139259990720241,0.0206269510325405,0.913537278230025,0.139259990720241,1.29625275924467,0
4.12682720728052,4.09368478149225,0.106383940321678,-0.139239364632835,0.0206269510325405,0.91253757076469,0.139239364632835,1.29723158168074,0
4.12782716541168,4.09467506331101,0.106245166464424,-0.13921873854543,0.0206269510325405,0.911537863386913,0.139218738545429,1.29821043449948,0
4.12882712354284,4.09566534799192,0.106106413032837,-0.139198112458024,0.0206269510325405,0.910538156097406,0.139198112458024,1.29918931764469,0
4.12982708167399,4.09665563553457,0.105967680026979,-0.139177486370618,0.0206269510325405,0.909538448896889,0.139177486370618,1.30016823106028,0
4.13082703980515,4.09764592593852,0.105828967446908,-0.139156860283212,0.0206269510325405,0.90853874178608,0.139156860283212,1.30114717469033,0
4.1318269979363,4.09863621920336,0.105690275292683,-0.139136234195806,0.0206269510325405,0.907539034765702,0.139136234195806,1.30212614847903,0
4.13282695606746,4.09962651532866,0.105551603564363,-0.1391156081084,0.0206269510325405,0.906539327836481,0.1391156081084,1.30310515237071,0
4.13382691419862,4.10061681431401,0.105412952262006,-0.139094982020994,0.0206269510325405,0.905539620999142,0.139094982020994,1.30408418630985,0
4.13482687232977,4.10160711615898,0.105274321385673,-0.139074355933588,0.0206269510325405,0.904539914254418,0.139074355933588,1.30506325024103,0
4.13582683046093,4.10259742086316,0.105135710935421,-0.139053729846182,0.0206269510325405,0.903540207603044,0.139053729846182,1.306042344109,0
4.13682678859208,4.10358772842611,0.104997120911311,-0.139033103758776,0.0206269510325405,0.902540501045754,0.139033103758776,1.30702146785862,0
4.13782674672324,4.10457803884743,0.1048585513134,-0.13901247767137,0.0206269510325405,0.901540794583288,0.13901247767137,1.30800062143489,0
4.1388267048544,4.10556835212668,0.104720002141748,-0.138991851583964,0.0206269510325405,0.900541088216385,0.138991851583964,1.30897980478294,0
4.13982666298555,4.10655866826345,0.104581473396413,-0.138971225496558,0.0206269510325405,0.899541381945793,0.138971225496558,1.30995901784803,0
4.14082662111671,4.10754898725731,0.104442965077456,-0.138950599409152,0.0206269510325405,0.898541675772259,0.138950599409152,1.31093826057555,0
4.14182657924786,4.10853930910785,0.104304477184934,-0.138929973321746,0.0206269510325405,0.897541969696533,0.138929973321746,1.31191753291103,0
4.14282653737902,4.10952963381464,0.104166009718906,-0.13890934723434,0.0206269510325405,0.896542263719368,0.13890934723434,1.31289683480012,0
4.14382649551018,4.11051996137726,0.104027562679432,-0.138888721146934,0.0206269510325405,0.895542557841518,0.138888721146934,1.31387616618861,0
4.14482645364133,4.1115102917953,0.10388913606657,-0.138868095059528,0.0206269510325405,0.894542852063744,0.138868095059528,1.31485552702241,0
4.14582641177249,4.11250062506832,0.10375072988038,-0.138847468972122,0.0206269510325405,0.893543146386811,0.138847468972123,1.31583491724756,0
4.14682636990364,4.11349096119591,0.103612344120919,-0.138826842884716,0.0206269510325405,0.892543440811477,0.138826842884717,1.31681433681023,0
4.1478263280348,4.11448130017764,0.103473978788247,-0.138806216797311,0.0206269510325405,0.891543735338515,0.138806216797311,1.31779378565674,0
4.14882628616596,4.1154716420131,0.103335633882424,-0.138785590709905,0.0206269510325405,0.890544029968694,0.138785590709904,1.31877326373349,0
4.14982624429711,4.11646198670186,0.103197309403506,-0.138764964622499,0.0206269510325405,0.889544324702789,0.138764964622498,1.31975277098706,0
4.15082620242827,4.11745233424351,0.103059005351555,-0.138744338535093,0.0206269510325405,0.888544619541577,0.138744338535093,1.32073230736412,0
4.15182616055942,4.11844268463761,0.102920721726628,-0.138723712447687,0.0206269510325405,0.887544914485834,0.138723712447687,1.32171187281149,0
4.15282611869058,4.11943303788376,0.102782458528784,-0.138703086360281,0.0206269510325405,0.886545209536347,0.138703086360281,1.32269146727609,0
4.15382607682174,4.12042339398152,0.102644215758082,-0.138682460272875,0.0206269510325405,0.8855455046939,0.138682460272875,1.32367109070501,0
4.15482603495289,4.12141375293048,0.102505993414581,-0.138661834185469,0.0206269510325405,0.884545799959282,0.138661834185469,1.32465074304542,0
4.15582599308405,4.12240411473022,0.10236779149834,-0.138641208098063,0.0206269510325405,0.883546095333287,0.138641208098063,1.32563042424464,0
4.1568259512152,4.12339447938031,0.102229610009417,-0.138620582010657,0.0206269510325405,0.882546390816707,0.138620582010657,1.3266101342501,0
4.15782590934636,4.12438484688033,0.102091448947871,-0.138599955923251,0.0206269510325405,0.881546686410342,0.138599955923251,1.32758987300939,0
4.15882586747751,4.12537521722987,0.101953308313761,-0.138579329835845,0.0206269510325405,0.880546982114993,0.138579329835845,1.32856964047018,0
4.15982582560867,4.12636559042849,0.101815188107146,-0.138558703748439,0.0206269510325405,0.879547277931466,0.138558703748439,1.32954943658028,0
4.16082578373983,4.12735596647579,0.101677088328085,-0.138538077661033,0.0206269510325405,0.878547573860567,0.138538077661033,1.33052926128764,0
4.16182574187098,4.12834634537133,0.101539008976635,-0.138517451573627,0.0206269510325405,0.877547869903107,0.138517451573627,1.33150911454031,0
4.16282570000214,4.12933672711469,0.101400950052857,-0.138496825486221,0.0206269510325405,0.876548166059902,0.138496825486221,1.33248899628648,0
4.16382565813329,4.13032711170546,0.101262911556809,-0.138476199398815,0.0206269510325405,0.875548462331768,0.138476199398816,1.33346890647445,0
4.16482561626445,4.13131749914322,0.101124893488549,-0.138455573311409,0.0206269510325405,0.874548758719526,0.138455573311409,1.33444884505265,0
4.16582557439561,4.13230788942754,0.100986895848136,-0.138434947224003,0.0206269510325405,0.873549055223999,0.138434947224003,1.33542881196964,0
4.16682553252676,4.13329828255799,0.10084891863563,-0.138414321136597,0.0206269510325405,0.872549351846015,0.138414321136597,1.33640880717407,0
4.16782549065792,4.13428867853417,0.100710961851088,-0.138393695049191,0.0206269510325405,0.871549648586404,0.138393695049191,1.33738883061475,0
4.16882544878907,4.13527907735565,0.100573025494569,-0.138373068961786,0.0206269510325405,0.870549945446,0.138373068961786,1.33836888224059,0
4.16982540692023,4.136269479022,0.100435109566132,-0.13835244287438,0.0206269510325405,0.869550242425643,0.13835244287438,1.33934896200061,0
4.17082536505139,4.1372598835328,0.100297214065836,-0.138331816786974,0.0206269510325405,0.868550539526169,0.138331816786974,1.34032906984398,0
4.17182532318254,4.13825029088764,0.100159338993739,-0.138311190699568,0.0206269510325405,0.867550836748424,0.138311190699568,1.34130920571997,0
4.1728252813137,4.1392407010861,0.100021484349901,-0.138290564612162,0.0206269510325405,0.866551134093256,0.138290564612162,1.34228936957797,0
4.17382523944485,4.14023111412774,0.0998836501343784,-0.138269938524756,0.0206269510325405,0.865551431561516,0.138269938524756,1.34326956136749,0
4.17482519757601,4.14122153001216,0.0997458363472316,-0.13824931243735,0.0206269510325405,0.864551729154055,0.13824931243735,1.34424978103817,0
4.17582515570717,4.14221194873892,0.0996080429885186,-0.138228686349944,0.0206269510325405,0.863552026871734,0.138228686349944,1.34523002853974,0
4.17682511383832,4.14320237030761,0.0994702700582982,-0.138208060262538,0.0206269510325405,0.862552324715414,0.138208060262538,1.34621030382209,0
4.17782507196948,4.14419279471781,0.099332517556629,-0.138187434175132,0.0206269510325405,0.861552622685959,0.138187434175132,1.34719060683519,0
4.17882503010063,4.14518322196909,0.0991947854835695,-0.138166808087726,0.0206269510325405,0.860552920784237,0.138166808087726,1.34817093752915,0
4.17982498823179,4.14617365206103,0.0990570738391784,-0.13814618200032,0.0206269510325405,0.859553219011119,0.13814618200032,1.34915129585418,0
4.18082494636294,4.14716408499322,0.0989193826235142,-0.138125555912914,0.0206269510325405,0.85855351736748,0.138125555912914,1.35013168176063,0
4.1818249044941,4.14815452076522,0.0987817118366355,-0.138104929825508,0.0206269510325405,0.857553815854202,0.138104929825508,1.35111209519894,0
4.18282486262526,4.14914495937663,0.0986440614786009,-0.138084303738102,0.0206269510325405,0.856554114472164,0.138084303738102,1.35209253611967,0
4.18382482075641,4.15013540082701,0.098506431549469,-0.138063677650696,0.0206269510325405,0.855554413222254,0.138063677650696,1.35307300447353,0
4.18482477888757,4.15112584511595,0.0983688220492982,-0.13804305156329,0.0206269510325405,0.854554712105361,0.13804305156329,1.35405350021129,0
4.18582473701872,4.15211629224302,0.0982312329781472,-0.138022425475884,0.0206269510325405,0.85355501112238,0.138022425475884,1.35503402328388,0
4.18682469514988,4.15310674220781,0.0980936643360745,-0.138001799388478,0.0206269510325405,0.852555310274206,0.138001799388479,1.35601457364233,0
4.18782465328104,4.15409719500989,0.0979561161231386,-0.137981173301072,0.0206269510325405,0.85155560956174,0.137981173301073,1.35699515123778,0
4.18882461141219,4.15508765064884,0.097818588339398,-0.137960547213667,0.0206269510325405,0.850555908985888,0.137960547213666,1.35797575602148,0
4.18982456954335,4.15607810912424,0.0976810809849112,-0.137939921126261,0.0206269510325405,0.849556208547558,0.13793992112626,1.35895638794481,0
4.1908245276745,4.15706857043567,0.0975435940597368,-0.137919295038855,0.0206269510325405,0.84855650824766,0.137919295038855,1.35993704695925,0
4.19182448580566,4.1580590345827,0.0974061275639332,-0.137898668951449,0.0206269510325405,0.847556808087114,0.137898668951449,1.36091773301639,0
4.19282444393682,4.15904950156492,0.0972686814975589,-0.137878042864043,0.0206269510325405,0.846557108066836,0.137878042864043,1.36189844606795,0
4.19382440206797,4.1600399713819,0.0971312558606724,-0.137857416776637,0.0206269510325405,0.845557408187751,0.137857416776637,1.36287918606575,0
4.19482436019913,4.16103044403323,0.0969938506533322,-0.137836790689231,0.0206269510325405,0.844557708450785,0.137836790689231,1.36385995296172,0
4.19582431833028,4.16202091951848,0.0968564658755967,-0.137816164601825,0.0206269510325405,0.843558008856872,0.137816164601825,1.36484074670791,0
4.19682427646144,4.16301139783722,0.0967191015275243,-0.137795538514419,0.0206269510325405,0.842558309406946,0.137795538514419,1.36582156725647,0
4.19782423459259,4.16400187898905,0.0965817576091736,-0.137774912427013,0.0206269510325405,0.841558610101947,0.137774912427013,1.36680241455967,0
4.19882419272375,4.16499236297353,0.0964444341206027,-0.137754286339607,0.0206269510325405,0.840558910942816,0.137754286339607,1.3677832885699,0
4.19982415085491,4.16598284979025,0.0963071310618704,-0.137733660252201,0.0206269510325405,0.839559211930502,0.137733660252201,1.36876418923963,0
4.20082410898606,4.16697333943878,0.0961698484330349,-0.137713034164795,0.0206269510325405,0.838559513065956,0.137713034164795,1.36974511652147,0
4.20182406711722,4.1679638319187,0.0960325862341547,-0.137692408077389,0.0206269510325405,0.837559814350132,0.137692408077389,1.37072607036813,0
4.20282402524837,4.1689543272296,0.0958953444652883,-0.137671781989983,0.0206269510325405,0.836560115783991,0.137671781989983,1.37170705073243,0
4.20382398337953,4.16994482537105,0.0957581231264937,-0.137651155902577,0.0206269510325405,0.835560417368494,0.137651155902577,1.37268805756729,0
4.20482394151069,4.17093532634262,0.0956209222178297,-0.137630529815171,0.0206269510325405,0.83456071910461,0.137630529815171,1.37366909082576,0
4.20582389964184,4.1719258301439,0.0954837417393544,-0.137609903727765,0.0206269510325405,0.833561020993311,0.137609903727765,1.37465015046096,0
4.206823857773,4.17291633677447,0.0953465816911263,-0.137589277640359,0.0206269510325405,0.832561323035572,0.137589277640359,1.37563123642617,0
4.20782381590415,4.1739068462339,0.0952094420732039,-0.137568651552953,0.0206269510325405,0.831561625232375,0.137568651552953,1.37661234867474,0
4.20882377403531,4.17489735852178,0.095072322885645,-0.137548025465547,0.0206269510325405,0.830561927584699,0.137548025465548,1.37759348716014,0
4.20982373216647,4.17588787363768,0.0949352241285085,-0.137527399378142,0.0206269510325405,0.829562230093536,0.137527399378142,1.37857465183594,0
4.21082369029762,4.17687839158117,0.0947981458018525,-0.137506773290736,0.0206269510325405,0.828562532759879,0.137506773290736,1.37955584265583,0
4.21182364842878,4.17786891235185,0.0946610879057354,-0.13748614720333,0.0206269510325405,0.827562835584725,0.13748614720333,1.3805370595736,0
4.21282360655993,4.17885943594928,0.0945240504402154,-0.137465521115924,0.0206269510325405,0.826563138569072,0.137465521115923,1.38151830254314,0
4.21382356469109,4.17984996237305,0.0943870334053507,-0.137444895028518,0.0206269510325405,0.825563441713927,0.137444895028518,1.38249957151846,0
4.21482352282225,4.18084049162274,0.0942500368011999,-0.137424268941112,0.0206269510325405,0.824563745020303,0.137424268941112,1.38348086645367,0
4.2158234809534,4.18183102369791,0.0941130606278211,-0.137403642853706,0.0206269510325405,0.82356404848921,0.137403642853706,1.38446218730297,0
4.21682343908456,4.18282155859816,0.0939761048852727,-0.1373830167663,0.0206269510325405,0.82256435212167,0.1373830167663,1.38544353402069,0
4.21782339721571,4.18381209632306,0.0938391695736127,-0.137362390678894,0.0206269510325405,0.821564655918704,0.137362390678894,1.38642490656125,0
4.21882335534687,4.18480263687219,0.0937022546928995,-0.137341764591488,0.0206269510325405,0.82056495988134,0.137341764591488,1.38740630487918,0
4.21982331347803,4.18579318024513,0.0935653602431914,-0.137321138504082,0.0206269510325405,0.819565264010609,0.137321138504082,1.38838772892912,0
4.22082327160918,4.18678372644145,0.0934284862245466,-0.137300512416676,0.0206269510325405,0.818565568307551,0.137300512416676,1.38936917866579,0
4.22182322974034,4.18777427546074,0.0932916326370235,-0.13727988632927,0.0206269510325405,0.817565872773205,0.13727988632927,1.39035065404404,0
4.22282318787149,4.18876482730257,0.0931547994806801,-0.137259260241864,0.0206269510325405,0.816566177408616,0.137259260241864,1.3913321550188,0
4.22382314600265,4.18975538196652,0.0930179867555745,-0.137238634154458,0.0206269510325405,0.815566482214834,0.137238634154458,1.39231368154514,0
4.22482310413381,4.19074593945217,0.0928811944617652,-0.137218008067052,0.0206269510325405,0.814566787192916,0.137218008067052,1.3932952335782,0
4.22582306226496,4.1917364997591,0.0927444225993103,-0.137197381979646,0.0206269510325405,0.813567092343922,0.137197381979646,1.39427681107323,0
4.22682302039612,4.1927270628869,0.092607671168268,-0.13717675589224,0.0206269510325405,0.812567397668913,0.137176755892241,1.39525841398558,0
4.22782297852727,4.19371762883512,0.0924709401686964,-0.137156129804834,0.0206269510325405,0.81156770316896,0.137156129804834,1.39624004227071,0
4.22882293665843,4.19470819760336,0.0923342296006535,-0.137135503717428,0.0206269510325405,0.810568008845138,0.137135503717428,1.39722169588418,0
4.22982289478959,4.1956987691912,0.0921975394641979,-0.137114877630023,0.0206269510325405,0.809568314698524,0.137114877630022,1.39820337478165,0
4.23082285292074,4.1966893435982,0.0920608697593876,-0.137094251542617,0.0206269510325405,0.808568620730202,0.137094251542617,1.39918507891888,0
4.2318228110519,4.19767992082396,0.0919242204862806,-0.137073625455211,0.0206269510325405,0.80756892694126,0.137073625455211,1.40016680825172,0
4.23282276918305,4.19867050086805,0.091787591644935,-0.137052999367805,0.0206269510325405,0.806569233332791,0.137052999367805,1.40114856273615,0
4.23382272731421,4.19966108373004,0.091650983235409,-0.137032373280399,0.0206269510325405,0.805569539905892,0.137032373280399,1.40213034232822,0
4.23482268544536,4.20065166940952,0.091514395257761,-0.137011747192993,0.0206269510325405,0.804569846661669,0.137011747192993,1.4031121469841,0
4.23582264357652,4.20164225792499,0.0913778278493056,-0.136988904133584,0.0383634654901296,0.803570153598037,0.136988904133584,1.40409397668629,0
4.23682260170768,4.20263285075167,0.0912412917161656,-0.136950542274328,0.0383634654901296,0.802570460467139,0.136950542274328,1.40507583343757,0
4.23782255983883,4.20362344881541,0.0911047935841087,-0.136912180415071,0.0383634654901296,0.801570767113333,0.136912180415071,1.40605771847489,0
4.23882251796999,4.20461405211475,0.0909683334533355,-0.136873818555815,0.0383634654901296,0.800571073537257,0.136873818555815,1.407039631748,0
4.23982247610114,4.20560466064822,0.0908319113240474,-0.136835456696559,0.0383634654901296,0.799571379739554,0.136835456696559,1.40802157320676,0
4.2408224342323,4.20659527441436,0.0906955271964446,-0.136797094837303,0.0383634654901296,0.798571685720862,0.136797094837303,1.40900354280115,0
4.24182239236346,4.20758589341173,0.090559181070728,-0.136758732978047,0.0383634654901296,0.797571991481826,0.136758732978047,1.40998554048125,0
4.24282235049461,4.20857651763886,0.0904228729470984,-0.136720371118791,0.0383634654901296,0.79657229702309,0.136720371118791,1.41096756619725,0
4.24382230862577,4.20956714709429,0.090286602825756,-0.136682009259534,0.0383634654901296,0.795572602345299,0.136682009259534,1.41194961989947,0
4.24482226675692,4.21055778177657,0.0901503707069019,-0.136643647400278,0.0383634654901296,0.794572907449103,0.136643647400279,1.41293170153832,0
4.24582222488808,4.21154842168424,0.0900141765907362,-0.136605285541022,0.0383634654901296,0.793573212335147,0.136605285541022,1.41391381106435,0
4.24682218301924,4.21253906681584,0.0898780204774594,-0.136566923681766,0.0383634654901296,0.792573517004083,0.136566923681766,1.41489594842818,0
4.24782214115039,4.21352971716991,0.0897419023672719,-0.13652856182251,0.0383634654901296,0.791573821456561,0.13652856182251,1.41587811358059,0
4.24882209928155,4.21452037274499,0.089605822260374,-0.136490199963254,0.0383634654901296,0.790574125693236,0.136490199963254,1.41686030647242,0
4.2498220574127,4.21551103353963,0.089469780156966,-0.136451838103997,0.0383634654901296,0.78957442971476,0.136451838103997,1.41784252705467,0
4.25082201554386,4.21650169955238,0.089333776057248,-0.136413476244741,0.0383634654901296,0.78857473352179,0.136413476244742,1.4188247752784,0
4.25182197367502,4.21749237078176,0.0891978099614202,-0.136375114385485,0.0383634654901296,0.787575037114982,0.136375114385485,1.41980705109482,0
4.25282193180617,4.21848304722633,0.0890618818696827,-0.136336752526229,0.0383634654901296,0.786575340494997,0.136336752526229,1.42078935445523,0
4.25382188993733,4.21947372888462,0.0889259917822356,-0.136298390666973,0.0383634654901296,0.785575643662492,0.136298390666973,1.42177168531104,0
4.25482184806848,4.22046441575518,0.0887901396992788,-0.136260028807717,0.0383634654901296,0.784575946618131,0.136260028807717,1.42275404361378,0
4.25582180619964,4.22145510783654,0.0886543256210123,-0.136221666948461,0.0383634654901296,0.783576249362577,0.13622166694846,1.42373642931506,0
4.2568217643308,4.22244580512726,0.0885185495476359,-0.136183305089204,0.0383634654901296,0.782576551896493,0.136183305089205,1.42471884236664,0
4.25782172246195,4.22343650762588,0.0883828114793494,-0.136144943229948,0.0383634654901296,0.781576854220547,0.136144943229948,1.42570128272036,0
4.25882168059311,4.22442721533093,0.0882471114163525,-0.136106581370692,0.0383634654901296,0.780577156335406,0.136106581370692,1.42668375032816,0
4.25982163872426,4.22541792824095,0.0881114493588451,-0.136068219511436,0.0383634654901296,0.77957745824174,0.136068219511436,1.42766624514211,0
4.26082159685542,4.2264086463545,0.0879758253070267,-0.13602985765218,0.0383634654901296,0.778577759940218,0.13602985765218,1.42864876711437,0
4.26182155498658,4.22739936967011,0.0878402392610969,-0.135991495792924,0.0383634654901296,0.777578061431513,0.135991495792923,1.42963131619722,0
4.26282151311773,4.22839009818632,0.0877046912212553,-0.135953133933667,0.0383634654901296,0.776578362716299,0.135953133933667,1.43061389234304,0
4.26382147124889,4.22938083190168,0.0875691811877013,-0.135914772074411,0.0383634654901296,0.775578663795252,0.135914772074411,1.43159649550432,0
4.26482142938004,4.23037157081473,0.0874337091606344,-0.135876410215155,0.0383634654901296,0.774578964669049,0.135876410215155,1.43257912563364,0
4.2658213875112,4.231362314924,0.0872982751402538,-0.135838048355899,0.0383634654901296,0.773579265338368,0.135838048355899,1.43356178268369,0
4.26682134564235,4.23235306422805,0.087162879126759,-0.135799686496643,0.0383634654901296,0.772579565803889,0.135799686496643,1.4345444666073,0
4.26782130377351,4.23334381872541,0.0870275211203492,-0.135761324637387,0.0383634654901296,0.771579866066296,0.135761324637386,1.43552717735735,0
4.26882126190467,4.23433457841463,0.0868922011212235,-0.13572296277813,0.0383634654901296,0.770580166126271,0.13572296277813,1.43650991488685,0
4.26982122003582,4.23532534329425,0.0867569191295812,-0.135684600918874,0.0383634654901296,0.7695804659845,0.135684600918874,1.43749267914894,0
4.27082117816698,4.2363161133628,0.0866216751456213,-0.135646239059618,0.0383634654901296,0.768580765641667,0.135646239059618,1.43847547009681,0
4.27182113629813,4.23730688861884,0.0864864691695428,-0.135607877200362,0.0383634654901296,0.767581065098464,0.135607877200362,1.43945828768381,0
4.27282109442929,4.2382976690609,0.0863513012015448,-0.135569515341106,0.0383634654901296,0.76658136435558,0.135569515341106,1.44044113186334,0
4.27382105256045,4.23928845468752,0.0862161712418259,-0.13553115348185,0.0383634654901296,0.765581663413705,0.13553115348185,1.44142400258895,0
4.2748210106916,4.24027924549726,0.0860810792905853,-0.135492791622593,0.0383634654901296,0.764581962273535,0.135492791622593,1.44240689981426,0
4.27582096882276,4.24127004148864,0.0859460253480217,-0.135454429763337,0.0383634654901296,0.763582260935764,0.135454429763337,1.443389823493,0
4.27682092695391,4.24226084266021,0.0858110094143338,-0.135416067904081,0.0383634654901296,0.762582559401091,0.135416067904081,1.44437277357903,0
4.27782088508507,4.24325164901052,0.0856760314897205,-0.135377706044825,0.0383634654901296,0.761582857670213,0.135377706044825,1.44535575002626,0
4.27882084321623,4.2442424605381,0.08554109157438,-0.135339344185569,0.0383634654901296,0.760583155743828,0.135339344185569,1.44633875278874,0
4.27982080134738,4.2452332772415,0.0854061896685113,-0.135300982326313,0.0383634654901296,0.759583453622642,0.135300982326313,1.44732178182062,0
4.28082075947854,4.24622409911926,0.0852713257723128,-0.135262620467056,0.0383634654901296,0.758583751307357,0.135262620467056,1.44830483707614,0
4.28182071760969,4.24721492616992,0.0851364998859829,-0.1352242586078,0.0383634654901296,0.75758404879868,0.1352242586078,1.44928791850964,0
4.28282067574085,4.24820575839202,0.0850017120097202,-0.135185896748544,0.0383634654901296,0.756584346097317,0.135185896748544,1.45027102607556,0
4.28382063387201,4.2491965957841,0.0848669621437228,-0.135147534889288,0.0383634654901296,0.755584643203979,0.135147534889288,1.45125415972845,0
4.28482059200316,4.25018743834472,0.084732250288189,-0.135109173030032,0.0383634654901296,0.754584940119374,0.135109173030032,1.45223731942295,0
4.28582055013432,4.2511782860724,0.0845975764433172,-0.135070811170776,0.0383634654901296,0.753585236844219,0.135070811170776,1.45322050511381,0
4.28682050826547,4.25216913896569,0.0844629406093058,-0.135032449311519,0.0383634654901296,0.752585533379227,0.135032449311519,1.45420371675587,0
4.28782046639663,4.25315999702313,0.0843283427863526,-0.134994087452263,0.0383634654901296,0.751585829725114,0.134994087452263,1.45518695430408,0
4.28882042452778,4.25415086024326,0.0841937829746557,-0.134955725593007,0.0383634654901296,0.750586125882598,0.134955725593007,1.45617021771347,0
4.28982038265894,4.25514172862464,0.084059261174413,-0.134917363733751,0.0383634654901296,0.7495864218524,0.134917363733751,1.45715350693918,0
4.2908203407901,4.25613260216578,0.0839247773858229,-0.134879001874495,0.0383634654901296,0.748586717635244,0.134879001874495,1.45813682193646,0
4.29182029892125,4.25712348086525,0.0837903316090832,-0.134840640015239,0.0383634654901296,0.747587013231852,0.134840640015239,1.45912016266063,0
4.29282025705241,4.25811436472158,0.0836559238443914,-0.134802278155982,0.0383634654901296,0.746587308642951,0.134802278155982,1.46010352906715,0
4.29382021518356,4.25910525373331,0.0835215540919456,-0.134763916296726,0.0383634654901296,0.745587603869268,0.134763916296726,1.46108692111152,0
4.29482017331472,4.26009614789899,0.0833872223519434,-0.13472555443747,0.0383634654901296,0.744587898911534,0.13472555443747,1.4620703387494,0
4.29582013144588,4.26108704721715,0.0832529286245826,-0.134687192578214,0.0383634654901296,0.743588193770479,0.134687192578214,1.4630537819365,0
4.29682008957703,4.26207795168634,0.0831186729100609,-0.134648830718958,0.0383634654901296,0.742588488446841,0.134648830718958,1.46403725062864,0
4.29782004770819,4.26306886130509,0.0829844552085757,-0.134610468859702,0.0383634654901296,0.741588782941351,0.134610468859702,1.46502074478175,0
4.29882000583934,4.26405977607197,0.0828502755203245,-0.134572107000445,0.0383634654901296,0.740589077254748,0.134572107000445,1.46600426435184,0
4.2998199639705,4.26505069598549,0.0827161338455048,-0.134533745141189,0.0383634654901296,0.739589371387772,0.134533745141189,1.46698780929502,0
4.30081992210166,4.26604162104421,0.0825820301843143,-0.134495383281933,0.0383634654901296,0.738589665341166,0.134495383281933,1.4679713795675,0
4.30181988023281,4.26703255124666,0.0824479645369499,-0.134457021422677,0.0383634654901296,0.737589959115673,0.134457021422677,1.46895497512559,0
4.30281983836397,4.2680234865914,0.0823139369036091,-0.134418659563421,0.0383634654901296,0.736590252712039,0.134418659563421,1.46993859592568,0
4.30381979649512,4.26901442707695,0.0821799472844892,-0.134380297704165,0.0383634654901296,0.735590546131011,0.134380297704165,1.47092224192427,0
4.30481975462628,4.27000537270187,0.0820459956797872,-0.134341935844908,0.0383634654901296,0.734590839373339,0.134341935844908,1.47190591307794,0
4.30581971275744,4.27099632346469,0.0819120820897005,-0.134303573985652,0.0383634654901296,0.733591132439778,0.134303573985652,1.47288960934337,0
4.30681967088859,4.27198727936395,0.081778206514426,-0.134265212126396,0.0383634654901296,0.732591425331077,0.134265212126396,1.47387333067735,0
4.30781962901975,4.2729782403982,0.0816443689541607,-0.13422685026714,0.0383634654901296,0.731591718047996,0.13422685026714,1.47485707703675,0
4.3088195871509,4.27396920656598,0.0815105694091016,-0.134188488407884,0.0383634654901296,0.730592010591293,0.134188488407884,1.47584084837852,0
4.30981954528206,4.27496017786583,0.0813768078794455,-0.134150126548628,0.0383634654901296,0.729592302961727,0.134150126548628,1.47682464465972,0
4.31081950341322,4.27595115429629,0.0812430843653895,-0.134111764689371,0.0383634654901296,0.728592595160063,0.134111764689371,1.47780846583751,0
4.31181946154437,4.27694213585591,0.0811093988671302,-0.134073402830115,0.0383634654901296,0.727592887187063,0.134073402830115,1.47879231186913,0
4.31281941967553,4.27793312254322,0.0809757513848643,-0.134035040970859,0.0383634654901296,0.726593179043496,0.134035040970859,1.47977618271192,0
4.31381937780668,4.27892411435676,0.0808421419187887,-0.133996679111603,0.0383634654901296,0.725593470730131,0.133996679111603,1.4807600783233,0
4.31481933593784,4.27991511129509,0.0807085704690997,-0.133958317252347,0.0383634654901296,0.724593762247738,0.133958317252347,1.4817439986608,0
4.315819294069,4.28090611335673,0.0805750370359942,-0.133919955393091,0.0383634654901296,0.723594053597092,0.133919955393091,1.48272794368202,0
4.31681925220015,4.28189712054024,0.0804415416196685,-0.133881593533834,0.0383634654901296,0.722594344778969,0.133881593533835,1.48371191334468,0
4.31781921033131,4.28288813284415,0.0803080842203191,-0.133843231674578,0.0383634654901296,0.721594635794147,0.133843231674578,1.48469590760657,0
4.31881916846246,4.283879150267,0.0801746648381424,-0.133804869815322,0.0383634654901296,0.720594926643407,0.133804869815322,1.48567992642557,0
4.31981912659362,4.28487017280735,0.0800412834733348,-0.133766507956066,0.0383634654901296,0.71959521732753,0.133766507956066,1.48666396975967,0
4.32081908472477,4.28586120046371,0.0799079401260925,-0.13372814609681,0.0383634654901296,0.718595507847303,0.13372814609681,1.48764803756693,0
4.32181904285593,4.28685223323465,0.0797746347966118,-0.133689784237554,0.0383634654901296,0.717595798203512,0.133689784237554,1.48863212980551,0
4.32281900098709,4.2878432711187,0.0796413674850888,-0.133651422378297,0.0383634654901296,0.716596088396948,0.133651422378298,1.48961624643366,0
4.32381895911824,4.2888343141144,0.0795081381917198,-0.133613060519041,0.0383634654901296,0.715596378428402,0.133613060519041,1.49060038740973,0
4.3248189172494,4.2898253622203,0.0793749469167007,-0.133574698659785,0.0383634654901296,0.714596668298669,0.133574698659785,1.49158455269213,0
4.32581887538055,4.29081641543493,0.0792417936602275,-0.133536336800529,0.0383634654901296,0.713596958008546,0.133536336800529,1.49256874223939,0
4.32681883351171,4.29180747375684,0.0791086784224962,-0.133497974941273,0.0383634654901296,0.712597247558831,0.133497974941273,1.49355295601012,0
4.32781879164287,4.29279853718457,0.0789756012037027,-0.133459613082017,0.0383634654901296,0.711597536950328,0.133459613082016,1.494537193963,0
4.32881874977402,4.29378960571666,0.0788425620040429,-0.13342125122276,0.0383634654901296,0.710597826183839,0.133421251222761,1.49552145605684,0
4.32981870790518,4.29478067935165,0.0787095608237125,-0.133382889363504,0.0383634654901296,0.709598115260171,0.133382889363504,1.4965057422505,0
4.33081866603633,4.29577175808808,0.0785765976629072,-0.133344527504248,0.0383634654901296,0.708598404180135,0.133344527504248,1.49749005250294,0
4.33181862416749,4.2967628419245,0.0784436725218228,-0.133306165644992,0.0383634654901296,0.707598692944539,0.133306165644992,1.49847438677322,0
4.33281858229865,4.29775393085944,0.0783107854006548,-0.133267803785736,0.0383634654901296,0.706598981554201,0.133267803785736,1.49945874502047,0
4.3338185404298,4.29874502489145,0.0781779362995988,-0.13322944192648,0.0383634654901296,0.705599270009934,0.133229441926479,1.50044312720392,0
4.33481849856096,4.29973612401908,0.0780451252188504,-0.133191080067223,0.0383634654901296,0.70459955831256,0.133191080067224,1.50142753328288,0
4.33581845669211,4.30072722824085,0.0779123521586048,-0.133152718207967,0.0383634654901296,0.703599846462898,0.133152718207967,1.50241196321675,0
4.33681841482327,4.30171833755531,0.0777796171190577,-0.133114356348711,0.0383634654901296,0.702600134461776,0.133114356348711,1.50339641696502,0
4.33781837295443,4.30270945196101,0.0776469201004042,-0.133075994489455,0.0383634654901296,0.701600422310017,0.133075994489455,1.50438089448726,0
4.33881833108558,4.30370057145648,0.0775142611028398,-0.133037632630199,0.0383634654901296,0.700600710008454,0.133037632630199,1.50536539574313,0
4.33981828921674,4.30469169604027,0.0773816401265594,-0.132999270770943,0.0383634654901296,0.699600997557915,0.132999270770943,1.50634992069239,0
4.34081824734789,4.30568282571092,0.0772490571717584,-0.132960908911687,0.0383634654901296,0.698601284959239,0.132960908911687,1.50733446929485,0
4.34181820547905,4.30667396046697,0.0771165122386319,-0.13292254705243,0.0383634654901296,0.69760157221326,0.13292254705243,1.50831904151044,0
4.34281816361021,4.30766510030695,0.076984005327375,-0.132884185193174,0.0383634654901296,0.696601859320821,0.132884185193174,1.50930363729917,0
4.34381812174136,4.30865624522942,0.0768515364381827,-0.132845823333918,0.0383634654901296,0.695602146282765,0.132845823333918,1.51028825662111,0
4.34481807987252,4.30964739523292,0.0767191055712497,-0.132807461474662,0.0383634654901296,0.694602433099934,0.132807461474662,1.51127289943645,0
4.34581803800367,4.31063855031598,0.0765867127267711,-0.132769099615406,0.0383634654901296,0.69360271977318,0.132769099615406,1.51225756570545,0
4.34681799613483,4.31162971047714,0.0764543579049418,-0.13273073775615,0.0383634654901296,0.692603006303353,0.13273073775615,1.51324225538844,0
4.34781795426598,4.31262087571495,0.0763220411059565,-0.132692375896893,0.0383634654901296,0.691603292691309,0.132692375896893,1.51422696844585,0
4.34881791239714,4.31361204602795,0.0761897623300099,-0.132654014037637,0.0383634654901296,0.6906035789379,0.132654014037637,1.5152117048382,0
4.3498178705283,4.31460322141469,0.0760575215772965,-0.132615652178381,0.0383634654901296,0.689603865043988,0.132615652178381,1.51619646452608,0
4.35081782865945,4.31559440187369,0.0759253188480112,-0.132577290319125,0.0383634654901296,0.688604151010437,0.132577290319125,1.51718124747017,0
4.35181778679061,4.31658558740351,0.0757931541423484,-0.132538928459869,0.0383634654901296,0.687604436838111,0.132538928459869,1.51816605363124,0
4.35281774492176,4.31757677800268,0.0756610274605028,-0.132500566600613,0.0383634654901296,0.686604722527879,0.132500566600612,1.51915088297012,0
4.35381770305292,4.31856797366974,0.0755289388026685,-0.132462204741356,0.0383634654901296,0.685605008080611,0.132462204741357,1.52013573544775,0
4.35481766118408,4.31955917440325,0.07539688816904,-0.1324238428821,0.0383634654901296,0.684605293497181,0.1324238428821,1.52112061102515,0
4.35581761931523,4.32055038020173,0.0752648755598117,-0.132385481022844,0.0383634654901296,0.683605578778467,0.132385481022844,1.5221055096634,0
4.35681757744639,4.32154159108532,0.0751329011372923,-0.132343848133316,0.0710751383960195,0.682605863921741,0.132343848133317,1.52309043135192,0
4.35781753557754,4.32253280959845,0.0750009840312764,-0.132272775970754,0.0710751383960195,0.681606148502362,0.132272775970754,1.52407537938225,0
4.3588174937087,4.32352403748472,0.0748691373736369,-0.132201703808192,0.0710751383960195,0.680606432229409,0.132201703808192,1.52506035599255,0
4.35981745183986,4.32451527473911,0.0747373611650397,-0.13213063164563,0.0710751383960195,0.679606715104177,0.13213063164563,1.5260453611316,0
4.36081740997101,4.32550652135662,0.0746056554061506,-0.132059559483068,0.0710751383960195,0.678606997127962,0.132059559483068,1.5270303947483,0
4.36181736810217,4.32649777733223,0.0744740200976349,-0.131988487320506,0.0710751383960195,0.677607278302058,0.131988487320506,1.52801545679163,0
4.36281732623332,4.32748904266095,0.0743424552401574,-0.131917415157944,0.0710751383960195,0.676607558627758,0.131917415157944,1.52900054721068,0
4.36381728436448,4.32848031733777,0.0742109608343827,-0.131846342995382,0.0710751383960195,0.675607838106358,0.131846342995382,1.52998566595468,0
4.36481724249564,4.32947160135767,0.0740795368809749,-0.13177527083282,0.0710751383960195,0.674608116739151,0.131775270832819,1.53097081297292,0
4.36581720062679,4.33046289471566,0.0739481833805981,-0.131704198670257,0.0710751383960195,0.673608394527436,0.131704198670258,1.53195598821481,0
4.36681715875795,4.33145419740671,0.0738169003339157,-0.131633126507695,0.0710751383960195,0.672608671472507,0.131633126507695,1.53294119162988,0
4.3678171168891,4.33244550942584,0.0736856877415908,-0.131562054345133,0.0710751383960195,0.671608947575658,0.131562054345133,1.53392642316775,0
4.36881707502026,4.33343683076802,0.0735545456042862,-0.131490982182571,0.0710751383960195,0.670609222838187,0.131490982182571,1.53491168277815,0
4.36981703315142,4.33442816142825,0.0734234739226642,-0.131419910020009,0.0710751383960195,0.669609497261387,0.131419910020009,1.5358969704109,0
4.37081699128257,4.33541950140153,0.0732924726973872,-0.131348837857447,0.0710751383960195,0.668609770846557,0.131348837857447,1.53688228601594,0
4.37181694941373,4.33641085068284,0.0731615419291167,-0.131277765694885,0.0710751383960195,0.667610043594995,0.131277765694885,1.53786762954331,0
4.37281690754488,4.33740220926719,0.0730306816185141,-0.131206693532323,0.0710751383960195,0.666610315507994,0.131206693532323,1.53885300094314,0
4.37381686567604,4.33839357714955,0.0728998917662404,-0.131135621369761,0.0710751383960195,0.665610586586851,0.131135621369761,1.5398384001657,0
4.3748168238072,4.33938495432493,0.0727691723729561,-0.131064549207198,0.0710751383960195,0.664610856832864,0.131064549207199,1.5408238271613,0
4.37581678193835,4.34037634078832,0.072638523439322,-0.130993477044636,0.0710751383960195,0.663611126247333,0.130993477044636,1.54180928188041,0
4.37681674006951,4.3413677365347,0.0725079449659975,-0.130922404882074,0.0710751383960195,0.662611394831551,0.130922404882075,1.54279476427358,0
4.37781669820066,4.34235914155908,0.0723774369536423,-0.130851332719512,0.0710751383960195,0.661611662586819,0.130851332719512,1.54378027429145,0
4.37881665633182,4.34335055585643,0.0722469994029158,-0.13078026055695,0.0710751383960195,0.660611929514432,0.13078026055695,1.54476581188479,0
4.37981661446298,4.34434197942177,0.0721166323144767,-0.130709188394388,0.0710751383960195,0.659612195615689,0.130709188394388,1.54575137700444,0
4.38081657259413,4.34533341225006,0.0719863356889838,-0.130638116231826,0.0710751383960195,0.658612460891891,0.130638116231826,1.54673696960135,0
4.38181653072529,4.34632485433632,0.071856109527095,-0.130567044069264,0.0710751383960195,0.657612725344334,0.130567044069264,1.54772258962659,0
4.38281648885644,4.34731630567553,0.0717259538294681,-0.130495971906702,0.0710751383960195,0.656612988974316,0.130495971906702,1.54870823703131,0
4.3838164469876,4.34830776626268,0.0715958685967606,-0.13042489974414,0.0710751383960195,0.655613251783139,0.13042489974414,1.54969391176677,0
4.38481640511876,4.34929923609277,0.0714658538296295,-0.130353827581577,0.0710751383960195,0.654613513772098,0.130353827581577,1.55067961378432,0
4.38581636324991,4.35029071516078,0.071335909528732,-0.130282755419015,0.0710751383960195,0.653613774942497,0.130282755419015,1.55166534303542,0
4.38681632138107,4.35128220346171,0.0712060356947239,-0.130211683256453,0.0710751383960195,0.652614035295633,0.130211683256453,1.55265109947162,0
4.38781627951222,4.35227370099055,0.0710762323282615,-0.130140611093891,0.0710751383960195,0.651614294832807,0.130140611093891,1.55363688304458,0
4.38881623764338,4.3532652077423,0.0709464994300004,-0.130069538931329,0.0710751383960195,0.650614553555318,0.130069538931329,1.55462269370605,0
4.38981619577453,4.35425672371193,0.0708168370005959,-0.129998466768767,0.0710751383960195,0.649614811464467,0.129998466768767,1.55560853140787,0
4.39081615390569,4.35524824889445,0.0706872450407031,-0.129927394606205,0.0710751383960195,0.648615068561555,0.129927394606205,1.55659439610201,0
4.39181611203685,4.35623978328485,0.0705577235509764,-0.129856322443643,0.0710751383960195,0.647615324847883,0.129856322443643,1.5575802877405,0
4.392816070168,4.35723132687812,0.0704282725320702,-0.129785250281081,0.0710751383960195,0.646615580324751,0.12978525028108,1.5585662062755,0
4.39381602829916,4.35822287966925,0.0702988919846383,-0.129714178118518,0.0710751383960195,0.645615834993461,0.129714178118518,1.55955215165925,0
4.39481598643031,4.35921444165322,0.0701695819093343,-0.129643105955956,0.0710751383960195,0.644616088855314,0.129643105955956,1.56053812384408,0
4.39581594456147,4.36020601282504,0.0700403423068113,-0.129572033793394,0.0710751383960195,0.643616341911613,0.129572033793394,1.56152412278243,0
4.39681590269263,4.36119759317969,0.0699111731777222,-0.129500961630832,0.0710751383960195,0.642616594163659,0.129500961630832,1.56251014842684,0
4.39781586082378,4.36218918271217,0.0697820745227195,-0.12942988946827,0.0710751383960195,0.641616845612754,0.12942988946827,1.56349620072994,0
4.39881581895494,4.36318078141747,0.0696530463424551,-0.129358817305708,0.0710751383960195,0.640617096260202,0.129358817305708,1.56448227964446,0
4.39981577708609,4.36417238929057,0.069524088637581,-0.129287745143146,0.0710751383960195,0.639617346107305,0.129287745143146,1.56546838512321,0
4.40081573521725,4.36516400632647,0.0693952014087485,-0.129216672980584,0.0710751383960195,0.638617595155365,0.129216672980584,1.56645451711912,0
4.40181569334841,4.36615563252016,0.0692663846566086,-0.129145600818022,0.0710751383960195,0.637617843405687,0.129145600818021,1.5674406755852,0
4.40281565147956,4.36714726786663,0.069137638381812,-0.129074528655459,0.0710751383960195,0.636618090859574,0.12907452865546,1.56842686047456,0
4.40381560961072,4.36813891236087,0.069008962585009,-0.129003456492897,0.0710751383960195,0.635618337518329,0.129003456492897,1.56941307174041,0
4.40481556774187,4.36913056599787,0.0688803572668498,-0.128932384330335,0.0710751383960195,0.634618583383256,0.128932384330335,1.57039930933604,0
4.40581552587303,4.37012222877263,0.0687518224279837,-0.128861312167773,0.0710751383960195,0.633618828455662,0.128861312167773,1.57138557321485,0
4.40681548400419,4.37111390068014,0.0686233580690602,-0.128790240005211,0.0710751383960195,0.632619072736848,0.128790240005211,1.57237186333033,0
4.40781544213534,4.37210558171537,0.068494964190728,-0.128719167842649,0.0710751383960195,0.631619316228121,0.128719167842649,1.57335817963606,0
4.4088154002665,4.37309727187334,0.0683666407936358,-0.128648095680087,0.0710751383960195,0.630619558930786,0.128648095680087,1.57434452208572,0
4.40981535839765,4.37408897114902,0.0682383878784318,-0.128577023517525,0.0710751383960195,0.629619800846148,0.128577023517525,1.57533089063307,0
4.41081531652881,4.3750806795374,0.0681102054457638,-0.128505951354963,0.0710751383960195,0.628620041975513,0.128505951354962,1.57631728523198,0
4.41181527465996,4.37607239703349,0.0679820934962792,-0.1284348791924,0.0710751383960195,0.627620282320187,0.128434879192401,1.57730370583641,0
4.41281523279112,4.37706412363227,0.0678540520306253,-0.128363807029838,0.0710751383960195,0.626620521881475,0.128363807029838,1.57829015240041,0
4.41381519092228,4.37805585932872,0.0677260810494488,-0.128292734867276,0.0710751383960195,0.625620760660687,0.128292734867276,1.57927662487811,0
4.41481514905343,4.37904760411784,0.0675981805533959,-0.128221662704714,0.0710751383960195,0.624620998659124,0.128221662704714,1.58026312322375,0
4.41581510718459,4.38003935799463,0.067470350543113,-0.128150590542152,0.0710751383960195,0.623621235878099,0.128150590542152,1.58124964739166,0
4.41681506531574,4.38103112095406,0.0673425910192456,-0.12807951837959,0.0710751383960195,0.622621472318916,0.12807951837959,1.58223619733626,0
4.4178150234469,4.38202289299113,0.067214901982439,-0.128008446217028,0.0710751383960195,0.621621707982884,0.128008446217028,1.58322277301206,0
4.41881498157806,4.38301467410084,0.0670872834333385,-0.127937374054466,0.0710751383960195,0.620621942871311,0.127937374054466,1.58420937437365,0
4.41981493970921,4.38400646427817,0.0669597353725883,-0.127866301891904,0.0710751383960195,0.619622176985503,0.127866301891904,1.58519600137574,0
4.42081489784037,4.3849982635181,0.0668322578008329,-0.127795229729341,0.0710751383960195,0.618622410326772,0.127795229729341,1.5861826539731,0
4.42181485597152,4.38599007181564,0.0667048507187163,-0.127724157566779,0.0710751383960195,0.617622642896425,0.127724157566779,1.58716933212062,0
4.42281481410268,4.38698188916578,0.066577514126882,-0.127653085404217,0.0710751383960195,0.61662287469577,0.127653085404217,1.58815603577325,0
4.42381477223384,4.38797371556349,0.0664502480259732,-0.127582013241655,0.0710751383960195,0.61562310572612,0.127582013241655,1.58914276488605,0
4.42481473036499,4.38896555100378,0.0663230524166326,-0.127510941079093,0.0710751383960195,0.61462333598878,0.127510941079093,1.59012951941418,0
4.42581468849615,4.38995739548163,0.0661959272995029,-0.127439868916531,0.0710751383960195,0.613623565485065,0.127439868916531,1.59111629931285,0
4.4268146466273,4.39094924899203,0.0660688726752262,-0.127368796753969,0.0710751383960195,0.612623794216282,0.127368796753969,1.5921031045374,0
4.42781460475846,4.39194111152997,0.0659418885444443,-0.127297724591407,0.0710751383960195,0.611624022183743,0.127297724591407,1.59308993504325,0
4.42881456288961,4.39293298309044,0.0658149749077986,-0.127226652428845,0.0710751383960195,0.610624249388759,0.127226652428845,1.59407679078589,0
4.42981452102077,4.39392486366844,0.06568813176593,-0.127155580266282,0.0710751383960195,0.609624475832641,0.127155580266282,1.59506367172093,0
4.43081447915193,4.39491675325894,0.0655613591194795,-0.12708450810372,0.0710751383960195,0.6086247015167,0.12708450810372,1.59605057780403,0
4.43181443728308,4.39590865185695,0.0654346569690873,-0.127013435941158,0.0710751383960195,0.60762492644225,0.127013435941158,1.59703750899098,0
4.43281439541424,4.39690055945745,0.0653080253153936,-0.126942363778596,0.0710751383960195,0.606625150610602,0.126942363778596,1.59802446523763,0
4.43381435354539,4.39789247605543,0.0651814641590377,-0.126871291616034,0.0710751383960195,0.605625374023069,0.126871291616034,1.59901144649992,0
4.43481431167655,4.39888440164588,0.0650549735006591,-0.126800219453472,0.0710751383960195,0.604625596680961,0.126800219453472,1.59999845273389,0
4.43581426980771,4.39987633622378,0.0649285533408968,-0.12672914729091,0.0710751383960195,0.603625818585597,0.12672914729091,1.60098548389567,0
4.43681422793886,4.40086827978414,0.0648022036803894,-0.126658075128348,0.0710751383960195,0.602626039738287,0.126658075128348,1.60197253994145,0
4.43781418607002,4.40186023232193,0.0646759245197749,-0.126587002965786,0.0710751383960195,0.601626260140346,0.126587002965786,1.60295962082755,0
4.43881414420117,4.40285219383216,0.0645497158596913,-0.126515930803223,0.0710751383960195,0.600626479793086,0.126515930803223,1.60394672651033,0
4.43981410233233,4.4038441643098,0.064423577700776,-0.126444858640661,0.0710751383960195,0.599626698697825,0.126444858640661,1.60493385694628,0
4.44081406046349,4.40483614374984,0.0642975100436663,-0.126373786478099,0.0710751383960195,0.598626916855876,0.126373786478099,1.60592101209195,0
4.44181401859464,4.40582813214728,0.0641715128889992,-0.126302714315537,0.0710751383960195,0.597627134268557,0.126302714315537,1.60690819190397,0
4.4428139767258,4.40682012949711,0.0640455862374107,-0.126231642152975,0.0710751383960195,0.59662735093718,0.126231642152975,1.60789539633909,0
4.44381393485695,4.40781213579431,0.0639197300895371,-0.126160569990413,0.0710751383960195,0.595627566863064,0.126160569990413,1.6088826253541,0
4.44481389298811,4.40880415103388,0.0637939444460141,-0.126089497827851,0.0710751383960195,0.594627782047524,0.126089497827851,1.60986987890593,0
4.44581385111927,4.40979617521079,0.0636682293074771,-0.126018425665289,0.0710751383960195,0.593627996491877,0.126018425665289,1.61085715695154,0
4.44681380925042,4.41078820832005,0.0635425846745613,-0.125947353502727,0.0710751383960195,0.592628210197441,0.125947353502727,1.61184445944801,0
4.44781376738158,4.41178025035664,0.0634170105479011,-0.125876281340165,0.0710751383960195,0.591628423165533,0.125876281340164,1.6128317863525,0
4.44881372551273,4.41277230131554,0.0632915069281308,-0.125805209177602,0.0710751383960195,0.59062863539747,0.125805209177603,1.61381913762225,0
4.44981368364389,4.41376436119176,0.0631660738158843,-0.12573413701504,0.0710751383960195,0.58962884689457,0.12573413701504,1.61480651321459,0
4.45081364177505,4.41475642998027,0.0630407112117957,-0.125663064852478,0.0710751383960195,0.588629057658155,0.125663064852478,1.61579391308692,0
4.4518135999062,4.41574850767607,0.0629154191164976,-0.125591992689916,0.0710751383960195,0.587629267689542,0.125591992689916,1.61678133719673,0
4.45281355803736,4.41674059427414,0.0627901975306233,-0.125520920527354,0.0710751383960195,0.58662947699005,0.125520920527354,1.61776878550161,0
4.45381351616851,4.41773268976948,0.0626650464548051,-0.125449848364792,0.0710751383960195,0.585629685560998,0.125449848364792,1.61875625795921,0
4.45481347429967,4.41872479415706,0.0625399658896751,-0.12537877620223,0.0710751383960195,0.584629893403708,0.12537877620223,1.61974375452729,0
4.45581343243083,4.41971690743189,0.0624149558358655,-0.125307704039668,0.0710751383960195,0.583630100519501,0.125307704039668,1.62073127516367,0
4.45681339056198,4.42070902958895,0.0622900162940075,-0.125236631877106,0.0710751383960195,0.582630306909697,0.125236631877105,1.62171881982626,0
4.45781334869314,4.42170116062322,0.0621651472647321,-0.125165559714543,0.0710751383960195,0.581630512575617,0.125165559714544,1.62270638847305,0
4.45881330682429,4.4226933005297,0.0620403487486702,-0.125094487551981,0.0710751383960195,0.580630717518584,0.125094487551981,1.62369398106213,0
4.45981326495545,4.42368544930338,0.0619156207464521,-0.125023415389419,0.0710751383960195,0.579630921739918,0.125023415389419,1.62468159755165,0
4.46081322308661,4.42467760693924,0.061790963258708,-0.124952343226857,0.0710751383960195,0.578631125240945,0.124952343226857,1.62566923789985,0
4.46181318121776,4.42566977343227,0.0616663762860674,-0.124881271064295,0.0710751383960195,0.577631328022986,0.124881271064295,1.62665690206506,0
4.46281313934892,4.42666194877746,0.0615418598291597,-0.124810198901733,0.0710751383960195,0.576631530087365,0.124810198901733,1.62764459000568,0
4.46381309748007,4.42765413296979,0.0614174138886139,-0.124739126739171,0.0710751383960195,0.575631731435405,0.124739126739171,1.62863230168021,0
4.46481305561123,4.42864632600427,0.0612930384650585,-0.124668054576609,0.0710751383960195,0.574631932068433,0.124668054576609,1.6296200370472,0
4.46581301374238,4.42963852787587,0.0611687335591218,-0.124596982414047,0.0710751383960195,0.57363213198777,0.124596982414046,1.63060779606531,0
4.46681297187354,4.43063073857958,0.0610444991714316,-0.124525910251484,0.0710751383960195,0.572632331194745,0.124525910251484,1.63159557869328,0
4.4678129300047,4.43162295811039,0.0609203353026157,-0.124454838088922,0.0710751383960195,0.571632529690681,0.124454838088922,1.6325833848899,0
4.46881288813585,4.43261518646329,0.0607962419533011,-0.12438376592636,0.0710751383960195,0.570632727476905,0.12438376592636,1.63357121461408,0
4.46981284626701,4.43360742363327,0.0606722191241146,-0.124312693763798,0.0710751383960195,0.569632924554745,0.124312693763798,1.63455906782479,0
4.47081280439816,4.43459966961531,0.0605482668156827,-0.124241621601236,0.0710751383960195,0.568633120925525,0.124241621601236,1.63554694448108,0
4.47181276252932,4.4355919244044,0.0604243850286316,-0.124170549438674,0.0710751383960195,0.567633316590574,0.124170549438674,1.63653484454208,0
4.47281272066048,4.43658418799554,0.0603005737635869,-0.124099477276112,0.0710751383960195,0.56663351155122,0.124099477276112,1.63752276796701,0
4.47381267879163,4.4375764603837,0.0601768330211742,-0.12402840511355,0.0710751383960195,0.565633705808792,0.124028405113549,1.63851071471516,0
4.47481263692279,4.43856874156388,0.0600531628020184,-0.123957332950988,0.0710751383960195,0.564633899364618,0.123957332950988,1.6394986847459,0
4.47581259505394,4.43956103153106,0.0599295631067442,-0.123886260788425,0.0710751383960195,0.563634092220027,0.123886260788425,1.64048667801869,0
4.4768125531851,4.44055333028024,0.059806033935976,-0.123815188625863,0.0710751383960195,0.562634284376349,0.123815188625863,1.64147469449305,0
4.47781251131626,4.44154563782736,0.0596825754589396,-0.123739585570531,0.131489577996967,0.561634475831978,0.123739585570531,1.64246273415473,0
4.47881246944741,4.44253795841049,0.0595592218091325,-0.123608101497851,0.131489577996967,0.560634665995291,0.123608101497851,1.6434508022505,0
4.47981242757857,4.44353029520408,0.0594359986347429,-0.123476617425171,0.131489577996967,0.559634854426851,0.123476617425171,1.64443890269398,0
4.48081238570972,4.44452264819098,0.0593129059379012,-0.12334513335249,0.131489577996967,0.558635041134689,0.12334513335249,1.64542703541882,0
4.48181234384088,4.44551501735403,0.0591899437207354,-0.12321364927981,0.131489577996967,0.557635226126866,0.12321364927981,1.64641520035879,0
4.48281230197204,4.44650740267608,0.0590671119853713,-0.12308216520713,0.131489577996967,0.556635409411466,0.12308216520713,1.64740339744776,0
4.48381226010319,4.44749980413996,0.0589444107339324,-0.122950681134449,0.131489577996967,0.555635590996607,0.12295068113445,1.64839162661975,0
4.48481221823435,4.44849222172853,0.0588218399685399,-0.122819197061769,0.131489577996967,0.554635770890427,0.122819197061769,1.64937988780891,0
4.4858121763655,4.44948465542462,0.0586993996913129,-0.122687712989089,0.131489577996967,0.553635949101094,0.122687712989089,1.65036818094948,0
4.48681213449666,4.45047710521108,0.0585770899043681,-0.122556228916409,0.131489577996967,0.552636125636806,0.122556228916409,1.65135650597584,0
4.48781209262782,4.45146957107075,0.0584549106098201,-0.122424744843728,0.131489577996967,0.551636300505788,0.122424744843729,1.65234486282251,0
4.48881205075897,4.45246205298647,0.0583328618097811,-0.122293260771048,0.131489577996967,0.550636473716292,0.122293260771048,1.6533332514241,0
4.48981200889013,4.45345455094108,0.0582109435063609,-0.122161776698368,0.131489577996967,0.549636645276599,0.122161776698368,1.65432167171536,0
4.49081196702128,4.45444706491743,0.0580891557016675,-0.122030292625687,0.131489577996967,0.54863681519502,0.122030292625687,1.65531012363116,0
4.49181192515244,4.45543959489836,0.0579674983978062,-0.121898808553007,0.131489577996967,0.547636983479896,0.121898808553007,1.65629860710648,0
4.4928118832836,4.45643214086671,0.0578459715968804,-0.121767324480327,0.131489577996967,0.546637150139594,0.121767324480327,1.65728712207644,0
4.49381184141475,4.45742470280531,0.0577245753009909,-0.121635840407647,0.131489577996967,0.545637315182516,0.121635840407647,1.65827566847626,0
4.49481179954591,4.45841728069702,0.0576033095122364,-0.121504356334966,0.131489577996967,0.544637478617085,0.121504356334966,1.65926424624129,0
4.49581175767706,4.45940987452466,0.0574821742327134,-0.121372872262286,0.131489577996967,0.543637640451764,0.121372872262286,1.66025285530701,0
4.49681171580822,4.46040248427109,0.0573611694645161,-0.121241388189606,0.131489577996967,0.542637800695041,0.121241388189606,1.66124149560899,0
4.49781167393937,4.46139510991913,0.0572402952097365,-0.121109904116925,0.131489577996967,0.541637959355437,0.121109904116925,1.66223016708295,0
4.49881163207053,4.46238775145163,0.0571195514704642,-0.120978420044245,0.131489577996967,0.540638116441504,0.120978420044245,1.66321886966471,0
4.49981159020169,4.46338040885144,0.0569989382487866,-0.120846935971565,0.131489577996967,0.539638271961821,0.120846935971565,1.66420760329022,0
4.50081154833284,4.46437308210137,0.0568784555467889,-0.120715451898885,0.131489577996967,0.538638425925007,0.120715451898885,1.66519636789554,0
4.501811506464,4.46536577118429,0.056758103366554,-0.120583967826204,0.131489577996967,0.537638578339706,0.120583967826204,1.66618516341686,0
4.50281146459515,4.46635847608301,0.0566378817101628,-0.120452483753524,0.131489577996967,0.536638729214597,0.120452483753524,1.66717398979046,0
4.50381142272631,4.46735119678039,0.0565177905796933,-0.120320999680844,0.131489577996967,0.535638878558389,0.120320999680844,1.66816284695278,0
4.50481138085747,4.46834393325926,0.0563978299772217,-0.120189515608163,0.131489577996967,0.534639026379827,0.120189515608164,1.66915173484033,0
4.50581133898862,4.46933668550246,0.0562779999048221,-0.120058031535483,0.131489577996967,0.533639172687688,0.120058031535483,1.67014065338978,0
4.50681129711978,4.47032945349282,0.0561583003645661,-0.119926547462803,0.131489577996967,0.532639317490784,0.119926547462803,1.67112960253789,0
4.50781125525093,4.47132223721318,0.0560387313585231,-0.119795063390123,0.131489577996967,0.531639460797959,0.119795063390123,1.67211858222153,0
4.50881121338209,4.47231503664639,0.05591929288876,-0.119663579317442,0.131489577996967,0.53063960261809,0.119663579317443,1.67310759237772,0
4.50981117151325,4.47330785177526,0.0557999849573417,-0.119532095244762,0.131489577996967,0.529639742960088,0.119532095244762,1.67409663294357,0
4.5108111296444,4.47430068258265,0.055680807566331,-0.119400611172082,0.131489577996967,0.528639881832905,0.119400611172082,1.6750857038563,0
4.51181108777556,4.47529352905138,0.0555617607177881,-0.119269127099401,0.131489577996967,0.527640019245521,0.119269127099401,1.67607480505327,0
4.51281104590671,4.4762863911643,0.0554428444137712,-0.119137643026721,0.131489577996967,0.526640155206955,0.119137643026721,1.67706393647193,0
4.51381100403787,4.47727926890423,0.055324058656336,-0.119006158954041,0.131489577996967,0.525640289726261,0.119006158954041,1.67805309804986,0
4.51481096216903,4.47827216225402,0.055205403447536,-0.118874674881361,0.131489577996967,0.524640422812525,0.11887467488136,1.67904228972475,0
4.51581092030018,4.47926507119649,0.0550868787894228,-0.11874319080868,0.131489577996967,0.523640554474878,0.11874319080868,1.6800315114344,0
4.51681087843134,4.48025799571448,0.0549684846840454,-0.118611706736,0.131489577996967,0.522640684722483,0.118611706736,1.68102076311673,0
4.51781083656249,4.48125093579083,0.0548502211334504,-0.11848022266332,0.131489577996967,0.521640813564538,0.11848022266332,1.68201004470978,0
4.51881079469365,4.48224389140838,0.0547320881396825,-0.11834873859064,0.131489577996967,0.520640941010282,0.118348738590639,1.68299935615167,0
4.51981075282481,4.48323686254994,0.0546140857047838,-0.118217254517959,0.131489577996967,0.519641067068989,0.118217254517959,1.68398869738068,0
4.52081071095596,4.48422984919836,0.0544962138307946,-0.118085770445279,0.131489577996967,0.518641191749975,0.118085770445279,1.68497806833518,0
4.52181066908712,4.48522285133648,0.0543784725197527,-0.117954286372599,0.131489577996967,0.517641315062591,0.117954286372599,1.68596746895364,0
4.52281062721827,4.48621586894711,0.0542608617736933,-0.117822802299918,0.131489577996967,0.516641437016228,0.117822802299918,1.68695689917466,0
4.52381058534943,4.48720890201311,0.0541433815946499,-0.117691318227238,0.131489577996967,0.515641557620317,0.117691318227238,1.68794635893694,0
4.52481054348059,4.48820195051729,0.0540260319846534,-0.117559834154558,0.131489577996967,0.514641676884329,0.117559834154558,1.68893584817931,0
4.52581050161174,4.48919501444249,0.0539088129457327,-0.117428350081878,0.131489577996967,0.513641794817775,0.117428350081878,1.6899253668407,0
4.5268104597429,4.49018809377155,0.0537917244799142,-0.117296866009197,0.131489577996967,0.512641911430205,0.117296866009197,1.69091491486014,0
4.52781041787405,4.49118118848728,0.053674766589222,-0.117165381936517,0.131489577996967,0.51164202673121,0.117165381936517,1.69190449217678,0
4.52881037600521,4.49217429857254,0.0535579392756783,-0.117033897863837,0.131489577996967,0.510642140730424,0.117033897863837,1.6928940987299,0
4.52981033413637,4.49316742401014,0.0534412425413025,-0.116902413791156,0.131489577996967,0.509642253437522,0.116902413791156,1.69388373445885,0
4.53081029226752,4.49416056478292,0.0533246763881126,-0.116770929718476,0.131489577996967,0.508642364862222,0.116770929718476,1.69487339930313,0
4.53181025039868,4.4951537208737,0.0532082408181233,-0.116639445645796,0.131489577996967,0.507642475014282,0.116639445645796,1.69586309320232,0
4.53281020852983,4.49614689226533,0.0530919358333477,-0.116507961573116,0.131489577996967,0.506642583903506,0.116507961573116,1.69685281609613,0
4.53381016666099,4.49714007894062,0.0529757614357965,-0.116376477500435,0.131489577996967,0.505642691539737,0.116376477500435,1.69784256792437,0
4.53481012479214,4.49813328088241,0.0528597176274781,-0.116244993427755,0.131489577996967,0.504642797932866,0.116244993427755,1.69883234862696,0
4.5358100829233,4.49912649807352,0.0527438044103989,-0.116113509355075,0.131489577996967,0.50364290309283,0.116113509355074,1.69982215814392,0
4.53681004105446,4.5001197304968,0.0526280217865625,-0.115982025282394,0.131489577996967,0.502643007029602,0.115982025282394,1.70081199641539,0
4.53780999918561,4.50111297813506,0.0525123697579707,-0.115850541209714,0.131489577996967,0.501643109753209,0.115850541209714,1.70180186338163,0
4.53880995731677,4.50210624097113,0.0523968483266228,-0.115719057137034,0.131489577996967,0.50064321127372,0.115719057137034,1.70279175898297,0
4.53980991544792,4.50309951898784,0.0522814574945161,-0.115587573064353,0.131489577996967,0.49964331160125,0.115587573064353,1.70378168315989,0
4.54080987357908,4.50409281216803,0.0521661972636454,-0.115456088991673,0.131489577996967,0.498643410745958,0.115456088991673,1.70477163585295,0
4.54180983171024,4.50508612049451,0.0520510676360033,-0.115324604918993,0.131489577996967,0.497643508718057,0.115324604918993,1.70576161700282,0
4.54280978984139,4.50607944395012,0.0519360686135803,-0.115193120846313,0.131489577996967,0.496643605527801,0.115193120846313,1.7067516265503,0
4.54380974797255,4.50707278251769,0.0518212001983643,-0.115061636773632,0.131489577996967,0.495643701185493,0.115061636773632,1.70774166443626,0
4.5448097061037,4.50806613618003,0.0517064623923413,-0.114930152700952,0.131489577996967,0.494643795701487,0.114930152700952,1.70873173060171,0
4.54580966423486,4.50905950491998,0.0515918551974949,-0.114798668628272,0.131489577996967,0.493643889086183,0.114798668628272,1.70972182498774,0
4.54680962236602,4.51005288872037,0.0514773786158064,-0.114667184555591,0.131489577996967,0.492643981350033,0.114667184555592,1.71071194753556,0
4.54780958049717,4.51104628756401,0.0513630326492548,-0.114535700482911,0.131489577996967,0.491644072503535,0.114535700482911,1.71170209818649,0
4.54880953862833,4.51203970143375,0.051248817299817,-0.114404216410231,0.131489577996967,0.490644162557242,0.114404216410231,1.71269227688195,0
4.54980949675948,4.51303313031239,0.0511347325694676,-0.114272732337551,0.131489577996967,0.489644251521756,0.114272732337551,1.71368248356345,0
4.55080945489064,4.51402657418277,0.0510207784601788,-0.11414124826487,0.131489577996967,0.488644339407729,0.11414124826487,1.71467271817263,0
4.55180941302179,4.51502003302772,0.0509069549739208,-0.11400976419219,0.131489577996967,0.487644426225865,0.11400976419219,1.71566298065121,0
4.55280937115295,4.51601350683005,0.0507932621126612,-0.11387828011951,0.131489577996967,0.486644511986923,0.11387828011951,1.71665327094105,0
4.55380932928411,4.5170069955726,0.0506796998783656,-0.113746796046829,0.131489577996967,0.485644596701715,0.113746796046829,1.71764358898408,0
4.55480928741526,4.51800049923818,0.0505662682729974,-0.113615311974149,0.131489577996967,0.484644680381102,0.113615311974149,1.71863393472234,0
4.55580924554642,4.51899401780962,0.0504529672985174,-0.113483827901469,0.131489577996967,0.483644763036006,0.113483827901469,1.71962430809799,0
4.55680920367757,4.51998755126975,0.0503397969568845,-0.113352343828789,0.131489577996967,0.482644844677396,0.113352343828788,1.72061470905327,0
4.55780916180873,4.52098109960139,0.0502267572500552,-0.113220859756108,0.131489577996967,0.481644925316303,0.113220859756108,1.72160513753055,0
4.55880911993989,4.52197466278737,0.0501138481799836,-0.113089375683428,0.131489577996967,0.480645004963808,0.113089375683428,1.72259559347228,0
4.55980907807104,4.52296824081049,0.0500010697486219,-0.112957891610748,0.131489577996967,0.479645083631055,0.112957891610748,1.72358607682103,0
4.5608090362022,4.5239618336536,0.0498884219579196,-0.112826407538067,0.131489577996967,0.478645161329239,0.112826407538067,1.72457658751945,0
4.56180899433335,4.52495544129951,0.0497759048098242,-0.112694923465387,0.131489577996967,0.477645238069616,0.112694923465387,1.72556712551032,0
4.56280895246451,4.52594906373104,0.049663518306281,-0.112563439392707,0.131489577996967,0.476645313863499,0.112563439392707,1.7265576907365,0
4.56380891059567,4.52694270093102,0.0495512624492331,-0.112431955320027,0.131489577996967,0.475645388722261,0.112431955320027,1.72754828314096,0
4.56480886872682,4.52793635288227,0.0494391372406207,-0.112300471247346,0.131489577996967,0.47464546265733,0.112300471247346,1.72853890266678,0
4.56580882685798,4.52893001956761,0.0493271426823826,-0.112168987174666,0.131489577996967,0.473645535680201,0.112168987174666,1.72952954925712,0
4.56680878498913,4.52992370096985,0.0492152787764549,-0.112037503101986,0.131489577996967,0.472645607802426,0.112037503101986,1.73052022285526,0
4.56780874312029,4.53091739707183,0.0491035455247715,-0.111906019029305,0.131489577996967,0.471645679035616,0.111906019029306,1.73151092340458,0
4.56880870125145,4.53191110785637,0.0489919429292641,-0.111774534956625,0.131489577996967,0.470645749391448,0.111774534956625,1.73250165084855,0
4.5698086593826,4.53290483330628,0.0488804709918619,-0.111643050883945,0.131489577996967,0.469645818881658,0.111643050883945,1.73349240513074,0
4.57080861751376,4.53389857340438,0.0487691297144922,-0.111511566811265,0.131489577996967,0.468645887518052,0.111511566811265,1.73448318619483,0
4.57180857564491,4.5348923281335,0.0486579190990799,-0.111380082738584,0.131489577996967,0.46764595531249,0.111380082738584,1.7354739939846,0
4.57280853377607,4.53588609747645,0.0485468391475476,-0.111248598665904,0.131489577996967,0.466646022276906,0.111248598665904,1.73646482844391,0
4.57380849190722,4.53687988141605,0.0484358898618156,-0.111117114593224,0.131489577996967,0.465646088423294,0.111117114593224,1.73745568951675,0
4.57480845003838,4.53787367993513,0.0483250712438019,-0.110985630520543,0.131489577996967,0.464646153763714,0.110985630520543,1.73844657714719,0
4.57580840816954,4.53886749301651,0.0482143832954226,-0.110854146447863,0.131489577996967,0.463646218310297,0.110854146447863,1.73943749127939,0
4.57680836630069,4.53986132064299,0.048103826018591,-0.110722662375183,0.131489577996967,0.462646282075237,0.110722662375183,1.74042843185763,0
4.57780832443185,4.5408551627974,0.0479933994152188,-0.110591178302503,0.131489577996967,0.461646345070798,0.110591178302503,1.74141939882628,0
4.578808282563,4.54184901946257,0.0478831034872146,-0.110459694229822,0.131489577996967,0.460646407309313,0.110459694229822,1.7424103921298,0
4.57980824069416,4.5428428906213,0.0477729382364854,-0.110328210157142,0.131489577996967,0.459646468803184,0.110328210157142,1.74340141171277,0
4.58080819882532,4.54383677625641,0.0476629036649358,-0.110196726084462,0.131489577996967,0.458646529564886,0.110196726084462,1.74439245751983,0
4.58180815695647,4.54483067635073,0.0475529997744681,-0.110065242011781,0.131489577996967,0.457646589606962,0.110065242011781,1.74538352949576,0
4.58280811508763,4.54582459088707,0.0474432265669824,-0.109933757939101,0.131489577996967,0.456646648942031,0.109933757939101,1.74637462758541,0
4.58380807321878,4.54681851984824,0.0473335840443762,-0.109802273866421,0.131489577996967,0.455646707582778,0.109802273866421,1.74736575173373,0
4.58480803134994,4.54781246321707,0.047224072208545,-0.109670789793741,0.131489577996967,0.454646765541967,0.109670789793741,1.74835690188578,0
4.5858079894811,4.54880642097637,0.0471146910613823,-0.10953930572106,0.131489577996967,0.453646822832437,0.10953930572106,1.7493480779867,0
4.58680794761225,4.54980039310895,0.0470054406047791,-0.10940782164838,0.131489577996967,0.452646879467099,0.10940782164838,1.75033927998175,0
4.58780790574341,4.55079437959764,0.046896320840624,-0.1092763375757,0.131489577996967,0.451646935458944,0.1092763375757,1.75133050781625,0
4.58880786387456,4.55178838042525,0.0467873317708034,-0.109144853503019,0.131489577996967,0.450646990821035,0.10914485350302,1.75232176143564,0
4.58980782200572,4.55278239557459,0.0466784733972015,-0.109013369430339,0.131489577996967,0.449647045566516,0.109013369430339,1.75331304078546,0
4.59080778013688,4.55377642502848,0.0465697457217004,-0.108881885357659,0.131489577996967,0.448647099708608,0.108881885357659,1.75430434581134,0
4.59180773826803,4.55477046876974,0.0464611487461799,-0.108750401284979,0.131489577996967,0.447647153260617,0.108750401284979,1.75529567645899,0
4.59280769639919,4.55576452678117,0.0463526824725171,-0.108618917212298,0.131489577996967,0.44664720623592,0.108618917212298,1.75628703267424,0
4.59380765453034,4.55675859904561,0.0462443469025874,-0.108487433139618,0.131489577996967,0.445647258647982,0.108487433139618,1.75727841440299,0
4.5948076126615,4.55775268554585,0.0461361420382635,-0.108355949066938,0.131489577996967,0.444647310510347,0.108355949066937,1.75826982159126,0
4.59580757079266,4.55874678626471,0.0460280678814163,-0.108224464994257,0.131489577996967,0.443647361836647,0.108224464994257,1.75926125418514,0
4.59680752892381,4.55974090118501,0.0459201244339142,-0.108092980921577,0.131489577996967,0.442647412640593,0.108092980921577,1.76025271213084,0
4.59780748705497,4.56073503028956,0.0458123116976232,-0.107961496848897,0.131489577996967,0.441647462935984,0.107961496848897,1.76124419537463,0
4.59880744518612,4.5617291735762,0.0457046298131212,-0.107824431551399,0.24311874837286,0.440647512736154,0.107824431551399,1.76223570388099,0
4.59980740331728,4.56272333759703,0.0455971395400084,-0.107581322982126,0.24311874837286,0.439647561822545,0.107581322982127,1.76322724550682,0
4.60080736144844,4.5637175277203,0.0454898909598625,-0.107338214412854,0.24311874837286,0.438647610044815,0.107338214412855,1.764218826675,0
4.60180731957959,4.56471174388723,0.0453828840790222,-0.107095105843583,0.24311874837286,0.437647657456343,0.107095105843583,1.76521044727001,0
4.60280727771075,4.56570598603907,0.0452761189038113,-0.106851997274311,0.24311874837286,0.43664770411086,0.106851997274311,1.76620210717651,0
4.6038072358419,4.56670025411707,0.0451695954405402,-0.106608888705039,0.24311874837286,0.435647750062454,0.106608888705039,1.76719380627937,0
4.60480719397306,4.56769454806244,0.0450633136955043,-0.106365780135767,0.24311874837286,0.434647795365576,0.106365780135767,1.76818554446364,0
4.60580715210421,4.56868886781644,0.0449572736749855,-0.106122671566496,0.24311874837286,0.433647840075048,0.106122671566495,1.76917732161454,0
4.60680711023537,4.56968321332029,0.0448514753852506,-0.105879562997224,0.24311874837286,0.432647884246053,0.105879562997224,1.77016913761751,0
4.60780706836653,4.57067758451523,0.0447459188325525,-0.105636454427952,0.24311874837286,0.431647927934156,0.105636454427952,1.77116099235815,0
4.60880702649768,4.57167198134248,0.0446406040231299,-0.10539334585868,0.24311874837286,0.430647971195296,0.10539334585868,1.77215288572225,0
4.60980698462884,4.57266640374329,0.0445355309632069,-0.105150237289408,0.24311874837286,0.429648014085799,0.105150237289408,1.77314481759579,0
4.61080694275999,4.57366085165886,0.0444306996589938,-0.104907128720136,0.24311874837286,0.428648056662379,0.104907128720137,1.77413678786495,0
4.61180690089115,4.57465532503044,0.044326110116686,-0.104664020150865,0.24311874837286,0.427648098982137,0.104664020150865,1.77512879641608,0
4.61280685902231,4.57564982379925,0.0442217623424652,-0.104420911581593,0.24311874837286,0.426648141102576,0.104420911581593,1.77612084313571,0
4.61380681715346,4.5766443479065,0.0441176563424983,-0.104177803012321,0.24311874837286,0.425648183081599,0.104177803012321,1.77711292791056,0
4.61480677528462,4.57763889729343,0.0440137921229383,-0.103934694443049,0.24311874837286,0.424648224977514,0.103934694443049,1.77810505062754,0
4.61580673341577,4.57863347190125,0.0439101696899238,-0.103691585873777,0.24311874837286,0.423648266849041,0.103691585873777,1.77909721117374,0
4.61680669154693,4.57962807167117,0.0438067890495789,-0.103448477304506,0.24311874837286,0.422648308755318,0.103448477304505,1.78008940943643,0
4.61780664967809,4.58062269654443,0.0437036502080137,-0.103205368735234,0.24311874837286,0.4216483507559,0.103205368735234,1.78108164530307,0
4.61880660780924,4.58161734646223,0.0436007531713239,-0.102962260165962,0.24311874837286,0.420648392910769,0.102962260165962,1.78207391866129,0
4.6198065659404,4.58261202136579,0.0434980979455909,-0.10271915159669,0.24311874837286,0.41964843528034,0.10271915159669,1.78306622939891,0
4.62080652407155,4.58360672119632,0.0433956845368816,-0.102476043027418,0.24311874837286,0.418648477925461,0.102476043027418,1.78405857740393,0
4.62180648220271,4.58460144589503,0.0432935129512491,-0.102232934458146,0.24311874837286,0.417648520907424,0.102232934458146,1.78505096256454,0
4.62280644033387,4.58559619540314,0.0431915831947318,-0.101989825888875,0.24311874837286,0.416648564287966,0.101989825888875,1.7860433847691,0
4.62380639846502,4.58659096966184,0.0430898952733539,-0.101746717319603,0.24311874837286,0.415648608129276,0.101746717319603,1.78703584390614,0
4.62480635659618,4.58758576861236,0.0429884491931254,-0.101503608750331,0.24311874837286,0.414648652493999,0.101503608750331,1.7880283398644,0
4.62580631472733,4.58858059219589,0.0428872449600419,-0.101260500181059,0.24311874837286,0.413648697445247,0.101260500181059,1.78902087253277,0
4.62680627285849,4.58957544035363,0.0427862825800848,-0.101017391611787,0.24311874837286,0.412648743046597,0.101017391611787,1.79001344180034,0
4.62780623098965,4.5905703130268,0.042685562059221,-0.100774283042516,0.24311874837286,0.4116487893621,0.100774283042516,1.79100604755637,0
4.6288061891208,4.59156521015659,0.0425850834034035,-0.100531174473244,0.24311874837286,0.410648836456288,0.100531174473244,1.79199868969028,0
4.62980614725196,4.5925601316842,0.0424848466185706,-0.100288065903972,0.24311874837286,0.409648884394181,0.100288065903972,1.79299136809171,0
4.63080610538311,4.59355507755084,0.0423848517106465,-0.1000449573347,0.24311874837286,0.408648933241284,0.1000449573347,1.79398408265044,0
4.63180606351427,4.59455004769769,0.0422850986855411,-0.0998018487654282,0.24311874837286,0.407648983063609,0.0998018487654284,1.79497683325645,0
4.63280602164543,4.59554504206595,0.04218558754915,-0.0995587401961564,0.24311874837286,0.406649033927664,0.0995587401961564,1.79596961979988,0
4.63380597977658,4.59654006059682,0.0420863183073545,-0.0993156316268846,0.24311874837286,0.405649085900471,0.0993156316268844,1.79696244217105,0
4.63480593790774,4.59753510323149,0.0419872909660215,-0.0990725230576128,0.24311874837286,0.404649139049567,0.0990725230576128,1.79795530026047,0
4.63580589603889,4.59853016991115,0.0418885055310037,-0.098829414488341,0.24311874837286,0.403649193443012,0.0988294144883408,1.7989481939588,0
4.63680585417005,4.59952526057699,0.0417899620081396,-0.0985863059190691,0.24311874837286,0.402649249149397,0.0985863059190693,1.79994112315691,0
4.63780581230121,4.60052037517019,0.0416916604032532,-0.0983431973497973,0.24311874837286,0.401649306237847,0.0983431973497972,1.80093408774581,0
4.63880577043236,4.60151551363196,0.0415936007221545,-0.0981000887805257,0.24311874837286,0.400649364778027,0.0981000887805257,1.8019270876167,0
4.63980572856352,4.60251067590346,0.0414957829706386,-0.0978569802112537,0.24311874837286,0.399649424840156,0.0978569802112537,1.80292012266096,0
4.64080568669467,4.60350586192589,0.041398207154487,-0.0976138716419819,0.24311874837286,0.398649486495009,0.0976138716419817,1.80391319277013,0
4.64180564482583,4.60450107164043,0.0413008732794665,-0.09737076307271,0.24311874837286,0.397649549813919,0.0973707630727101,1.80490629783593,0
4.64280560295698,4.60549630498826,0.0412037813513299,-0.0971276545034382,0.24311874837286,0.396649614868794,0.0971276545034381,1.80589943775026,0
4.64380556108814,4.60649156191056,0.0411069313758153,-0.0968845459341666,0.24311874837286,0.39564968173212,0.0968845459341665,1.80689261240518,0
4.6448055192193,4.60748684234851,0.0410103233586466,-0.0966414373648946,0.24311874837286,0.394649750476961,0.0966414373648945,1.80788582169292,0
4.64580547735045,4.60848214624328,0.0409139573055338,-0.0963983287956228,0.24311874837286,0.393649821176982,0.0963983287956229,1.8088790655059,0
4.64680543548161,4.60947747353605,0.0408178332221722,-0.0961552202263509,0.24311874837286,0.392649893906443,0.0961552202263509,1.8098723437367,0
4.64780539361276,4.610472824168,0.0407219511142428,-0.0959121116570791,0.24311874837286,0.39164996874021,0.0959121116570789,1.81086565627806,0
4.64880535174392,4.61146819808029,0.0406263109874126,-0.0956690030878075,0.24311874837286,0.390650045753769,0.0956690030878073,1.8118590030229,0
4.64980530987508,4.61246359521411,0.0405309128473337,-0.0954258945185355,0.24311874837286,0.389650125023222,0.0954258945185353,1.81285238386432,0
4.65080526800623,4.61345901551061,0.0404357566996448,-0.0951827859492637,0.24311874837286,0.388650206625311,0.0951827859492638,1.81384579869558,0
4.65180522613739,4.61445445891098,0.0403408425499695,-0.0949396773799918,0.24311874837286,0.387650290637408,0.0949396773799918,1.81483924741011,0
4.65280518426854,4.61544992535637,0.0402461704039176,-0.0946965688107202,0.24311874837286,0.38665037713754,0.0946965688107202,1.81583272990151,0
4.6538051423997,4.61644541478796,0.0401517402670841,-0.0944534602414484,0.24311874837286,0.385650466204384,0.0944534602414486,1.81682624606353,0
4.65480510053086,4.6174409271469,0.0400575521450502,-0.0942103516721766,0.24311874837286,0.384650557917285,0.0942103516721766,1.81781979579013,0
4.65580505866201,4.61843646237436,0.0399636060433825,-0.0939672431029046,0.24311874837286,0.383650652356258,0.0939672431029046,1.81881337897541,0
4.65680501679317,4.61943202041151,0.0398699019676334,-0.0937241345336327,0.24311874837286,0.382650749602003,0.0937241345336326,1.81980699551363,0
4.65780497492432,4.6204276011995,0.0397764399233411,-0.0934810259643611,0.24311874837286,0.38165084973591,0.093481025964361,1.82080064529923,0
4.65880493305548,4.62142320467949,0.0396832199160292,-0.0932379173950893,0.24311874837286,0.380650952840065,0.0932379173950895,1.82179432822682,0
4.65980489118663,4.62241883079265,0.0395902419512073,-0.0929948088258175,0.24311874837286,0.379651058997266,0.0929948088258175,1.82278804419117,0
4.66080484931779,4.62341447948012,0.0394975060343703,-0.0927517002565455,0.24311874837286,0.37865116829103,0.0927517002565454,1.82378179308722,0
4.66180480744895,4.62441015068307,0.0394050121709994,-0.0925085916872736,0.24311874837286,0.377651280805601,0.0925085916872734,1.82477557481007,0
4.6628047655801,4.62540584434264,0.0393127603665611,-0.092265483118002,0.24311874837286,0.37665139662596,0.0922654831180019,1.82576938925498,0
4.66380472371126,4.6264015604,0.0392207506265074,-0.0920223745487302,0.24311874837286,0.375651515837834,0.0920223745487303,1.8267632363174,0
4.66480468184241,4.62739729879629,0.0391289829562764,-0.0917792659794584,0.24311874837286,0.374651638527709,0.0917792659794583,1.82775711589291,0
4.66580463997357,4.62839305947265,0.0390374573612917,-0.0915361574101864,0.24311874837286,0.373651764782837,0.0915361574101863,1.82875102787729,0
4.66680459810473,4.62938884237025,0.0389461738469628,-0.0912930488409148,0.24311874837286,0.372651894691251,0.0912930488409147,1.82974497216644,0
4.66780455623588,4.63038464743023,0.0388551324186844,-0.0910499402716429,0.24311874837286,0.371652028341765,0.0910499402716431,1.83073894865648,0
4.66880451436704,4.63138047459373,0.0387643330818375,-0.0908068317023711,0.24311874837286,0.370652165824,0.0908068317023711,1.83173295724363,0
4.66980447249819,4.6323763238019,0.0386737758417883,-0.0905637231330993,0.24311874837286,0.36965230722838,0.0905637231330991,1.83272699782433,0
4.67080443062935,4.63337219499589,0.0385834607038889,-0.0903206145638273,0.24311874837286,0.368652452646151,0.0903206145638271,1.83372107029514,0
4.67180438876051,4.63436808811682,0.0384933876734773,-0.0900775059945557,0.24311874837286,0.367652602169394,0.0900775059945556,1.83471517455281,0
4.67280434689166,4.63536400310586,0.0384035567558768,-0.0898343974252838,0.24311874837286,0.366652755891029,0.089834397425284,1.83570931049424,0
4.67380430502282,4.63635993990413,0.0383139679563966,-0.089591288856012,0.24311874837286,0.365652913904831,0.089591288856012,1.83670347801648,0
4.67480426315397,4.63735589845277,0.0382246212803315,-0.0893481802867402,0.24311874837286,0.364653076305442,0.0893481802867404,1.83769767701677,0
4.67580422128513,4.63835187869293,0.038135516732962,-0.0891050717174682,0.24311874837286,0.363653243188379,0.089105071717468,1.83869190739247,0
4.67680417941629,4.63934788056573,0.0380466543195547,-0.0888619631481966,0.24311874837286,0.362653414650056,0.0888619631481964,1.83968616904115,0
4.67780413754744,4.64034390401231,0.0379580340453611,-0.0886188545789247,0.24311874837286,0.361653590787782,0.0886188545789248,1.84068046186049,0
4.6788040956786,4.6413399489738,0.037869655915619,-0.0883757460096529,0.24311874837286,0.360653771699786,0.0883757460096528,1.84167478574836,0
4.67980405380975,4.64233601539135,0.0377815199355518,-0.0881326374403811,0.24311874837286,0.359653957485218,0.0881326374403812,1.84266914060279,0
4.68080401194091,4.64333210320607,0.0376936261103682,-0.0878895288711093,0.24311874837286,0.358654148244176,0.0878895288711092,1.84366352632196,0
4.68180397007207,4.64432821235909,0.0376059744452632,-0.0876464203018375,0.24311874837286,0.357654344077707,0.0876464203018377,1.8446579428042,0
4.68280392820322,4.64532434279156,0.037518564945417,-0.0874033117325656,0.24311874837286,0.356654545087828,0.0874033117325657,1.845652389948,0
4.68380388633438,4.64632049444458,0.0374313976159956,-0.0871602031632938,0.24311874837286,0.355654751377532,0.0871602031632936,1.84664686765204,0
4.68480384446553,4.64731666725929,0.0373444724621509,-0.086917094594022,0.24311874837286,0.354654963050809,0.0869170945940221,1.84764137581511,0
4.68580380259669,4.64831286117681,0.0372577894890203,-0.0866739860247502,0.24311874837286,0.35365518021266,0.0866739860247501,1.84863591433619,0
4.68680376072785,4.64930907613827,0.0371713487017268,-0.0864308774554784,0.24311874837286,0.352655402969102,0.0864308774554785,1.8496304831144,0
4.687803718859,4.65030531208478,0.0370851501053794,-0.0861877688862065,0.24311874837286,0.351655631427195,0.0861877688862065,1.85062508204903,0
4.68880367699016,4.65130156895748,0.0369991937050723,-0.0859446603169347,0.24311874837286,0.350655865695049,0.0859446603169349,1.8516197110395,0
4.68980363512131,4.65229784669746,0.036913479505886,-0.0857015517476629,0.24311874837286,0.349656105881839,0.0857015517476629,1.85261436998543,0
4.69080359325247,4.65329414524587,0.0368280075128861,-0.0854584431783911,0.24311874837286,0.348656352097825,0.0854584431783909,1.85360905878655,0
4.69180355138363,4.6542904645438,0.0367427777311244,-0.0852153346091193,0.24311874837286,0.347656604454363,0.0852153346091193,1.85460377734278,0
4.69280350951478,4.65528680453239,0.0366577901656379,-0.0849722260398474,0.24311874837286,0.346656863063923,0.0849722260398473,1.85559852555416,0
4.69380346764594,4.65628316515274,0.0365730448214496,-0.0847291174705756,0.24311874837286,0.345657128040105,0.0847291174705758,1.85659330332091,0
4.69480342577709,4.65727954634596,0.0364885417035681,-0.0844860089013038,0.24311874837286,0.344657399497654,0.0844860089013038,1.85758811054341,0
4.69580338390825,4.65827594805317,0.0364042808169877,-0.084242900332032,0.24311874837286,0.343657677552478,0.0842429003320322,1.85858294712216,0
4.6968033420394,4.65927237021548,0.0363202621666883,-0.0839997917627602,0.24311874837286,0.342657962321665,0.0839997917627602,1.85957781295785,0
4.69780330017056,4.660268812774,0.0362364857576357,-0.0837566831934883,0.24311874837286,0.341658253923499,0.0837566831934882,1.8605727079513,0
4.69880325830172,4.66126527566983,0.0361529515947811,-0.0835135746242165,0.24311874837286,0.340658552477478,0.0835135746242166,1.8615676320035,0
4.69980321643287,4.66226175884409,0.0360696596830616,-0.0832704660549447,0.24311874837286,0.339658858104333,0.0832704660549446,1.86256258501556,0
4.70080317456403,4.66325826223788,0.0359866100273998,-0.0830273574856729,0.24311874837286,0.338659170926047,0.083027357485673,1.86355756688878,0
4.70180313269518,4.6642547857923,0.0359038026327042,-0.0827842489164011,0.24311874837286,0.337659491065867,0.082784248916401,1.8645525775246,0
4.70280309082634,4.66525132944847,0.0358212375038688,-0.0825411403471292,0.24311874837286,0.336659818648332,0.0825411403471294,1.86554761682459,0
4.7038030489575,4.66624789314747,0.0357389146457734,-0.0822980317778574,0.24311874837286,0.335660153799285,0.0822980317778574,1.8665426846905,0
4.70480300708865,4.66724447683042,0.0356568340632834,-0.0820549232085858,0.24311874837286,0.334660496645897,0.0820549232085859,1.86753778102421,0
4.70580296521981,4.66824108043841,0.0355749957612497,-0.0818118146393138,0.24311874837286,0.333660847316684,0.0818118146393139,1.86853290572777,0
4.70680292335096,4.66923770391254,0.0354933997445094,-0.081568706070042,0.24311874837286,0.332661205941527,0.0815687060700419,1.86952805870336,0
4.70780288148212,4.67023434719391,0.0354120460178848,-0.0813255975007701,0.24311874837286,0.331661572651698,0.0813255975007703,1.87052323985332,0
4.70880283961328,4.67123101022362,0.0353309345861841,-0.0810824889314983,0.24311874837286,0.330661947579871,0.0810824889314983,1.87151844908014,0
4.70980279774443,4.67222769294276,0.0352500654542013,-0.0808393803622267,0.24311874837286,0.329662330860156,0.0808393803622267,1.87251368628645,0
4.71080275587559,4.67322439529243,0.0351694386267155,-0.0805962717929547,0.24311874837286,0.328662722628104,0.0805962717929547,1.87350895137505,0
4.71180271400674,4.67422111721371,0.0350890541084922,-0.0803531632236829,0.24311874837286,0.327663123020749,0.0803531632236827,1.87450424424885,0
4.7128026721379,4.67521785864771,0.0350089119042822,-0.080110054654411,0.24311874837286,0.326663532176614,0.0801100546544111,1.87549956481095,0
4.71380263026906,4.67621461953551,0.0349290120188221,-0.0798669460851392,0.24311874837286,0.325663950235743,0.0798669460851391,1.87649491296458,0
4.71480258840021,4.67721139981819,0.0348493544568341,-0.0796238375158676,0.24311874837286,0.32466437733972,0.0796238375158675,1.8774902886131,0
4.71580254653137,4.67820819943686,0.0347699392230259,-0.0793807289465956,0.24311874837286,0.323664813631693,0.0793807289465955,1.87848569166005,0
4.71680250466252,4.6792050183326,0.0346907663220913,-0.0791376203773238,0.24311874837286,0.322665259256403,0.079137620377324,1.87948112200909,0
4.71780246279368,4.68020185644649,0.0346118357587095,-0.0788945118080519,0.24311874837286,0.321665714360202,0.078894511808052,1.88047657956404,0
4.71880242092483,4.68119871371962,0.0345331475375456,-0.0786514032387803,0.24311874837286,0.320666179091086,0.0786514032387804,1.88147206422887,0
4.71980237905599,4.68219559009812,0.0344547017274971,-0.0784031388452564,0.449360350528837,0.319666653600615,0.0784031388452564,1.88246757591374,0
4.72080233718715,4.68319249396848,0.034376606141796,-0.0779537973089255,0.449360350528837,0.318667141273997,0.0779537973089255,1.88346312466461,0
4.7218022953183,4.68418943282978,0.0342989585142807,-0.0775044557725951,0.449360350528837,0.317667645333198,0.077504455772595,1.88445871946358,0
4.72280225344946,4.68518640648075,0.0342217588606287,-0.0770551142362649,0.449360350528837,0.316668166136133,0.077055114236265,1.88545436004684,0
4.72380221158061,4.68618341472007,0.0341450071964273,-0.076605772699935,0.449360350528837,0.315668704044603,0.076605772699935,1.88645004615096,0
4.72480216971177,4.68718045734645,0.0340687035371732,-0.0761564311636048,0.449360350528837,0.314669259424364,0.0761564311636049,1.88744577751288,0
4.72580212784293,4.68817753415858,0.0339928478982726,-0.0757070896272742,0.449360350528837,0.313669832645181,0.075707089627274,1.88844155386992,0
4.72680208597408,4.68917464495514,0.0339174402950415,-0.0752577480909439,0.449360350528837,0.312670424080899,0.075257748090944,1.88943737495975,0
4.72780204410524,4.69017178953481,0.0338424807427053,-0.0748084065546141,0.449360350528837,0.311671034109499,0.074808406554614,1.89043324052045,0
4.72880200223639,4.69116896769624,0.0337679692563988,-0.0743590650182838,0.449360350528837,0.310671663113172,0.0743590650182839,1.89142915029045,0
4.72980196036755,4.69216617923812,0.0336939058511664,-0.0739097234819536,0.449360350528837,0.309672311478386,0.0739097234819535,1.89242510400856,0
4.73080191849871,4.69316342395908,0.0336202905419622,-0.0734603819456229,0.449360350528837,0.308672979595948,0.073460381945623,1.89342110141396,0
4.73180187662986,4.69416070165779,0.0335471233436498,-0.0730110404092927,0.449360350528837,0.307673667861083,0.0730110404092925,1.89441714224621,0
4.73280183476102,4.69515801213287,0.0334744042710022,-0.0725616988729628,0.449360350528837,0.306674376673504,0.0725616988729629,1.89541322624522,0
4.73380179289217,4.69615535518297,0.0334021333387017,-0.0721123573366326,0.449360350528837,0.305675106437479,0.0721123573366325,1.89640935315128,0
4.73480175102333,4.69715273060672,0.0333303105613406,-0.0716630158003023,0.449360350528837,0.304675857561908,0.0716630158003024,1.89740552270505,0
4.73580170915449,4.69815013820273,0.0332589359534203,-0.0712136742639717,0.449360350528837,0.303676630460405,0.0712136742639715,1.89840173464757,0
4.73680166728564,4.69914757776962,0.0331880095293521,-0.0707643327276414,0.449360350528837,0.302677425551369,0.0707643327276415,1.89939798872021,0
4.7378016254168,4.70014504910601,0.0331175313034566,-0.0703149911913116,0.449360350528837,0.301678243258065,0.0703149911913115,1.90039428466476,0
4.73880158354795,4.70114255201049,0.0330475012899637,-0.0698656496549814,0.449360350528837,0.300679084008701,0.0698656496549814,1.90139062222332,0
4.73980154167911,4.70214008628166,0.0329779195030131,-0.0694163081186511,0.449360350528837,0.299679948236517,0.069416308118651,1.90238700113839,0
4.74080149981027,4.70313765171812,0.0329087859566539,-0.0689669665823205,0.449360350528837,0.29868083637986,0.0689669665823205,1.90338342115284,0
4.74180145794142,4.70413524811844,0.0328401006648448,-0.0685176250459906,0.449360350528837,0.297681748882284,0.0685176250459905,1.90437988200986,0
4.74280141607258,4.7051328752812,0.0327718636414538,-0.0680682835096604,0.449360350528837,0.296682686192617,0.0680682835096604,1.90537638345305,0
4.74380137420373,4.70613053300497,0.0327040749002585,-0.0676189419733301,0.449360350528837,0.295683648765066,0.06761894197333,1.90637292522635,0
4.74480133233489,4.70712822108833,0.032636734454946,-0.0671696004369999,0.449360350528837,0.294684637059299,0.0671696004369999,1.90736950707407,0
4.74580129046605,4.70812593932982,0.0325698423191127,-0.0667202589006692,0.449360350528837,0.293685651540542,0.066720258900669,1.90836612874086,0
4.7468012485972,4.709123687528,0.032503398506265,-0.0662709173643394,0.449360350528837,0.292686692679675,0.0662709173643394,1.90936278997175,0
4.74780120672836,4.71012146548142,0.0324374030298181,-0.0658215758280091,0.449360350528837,0.291687760953317,0.065821575828009,1.91035949051213,0
4.74880116485951,4.71111927298861,0.0323718559030972,-0.0653722342916789,0.449360350528837,0.290688856843941,0.0653722342916789,1.91135623010774,0
4.74980112299067,4.71211710984812,0.0323067571393367,-0.0649228927553487,0.449360350528837,0.289689980839961,0.0649228927553485,1.91235300850467,0
4.75080108112183,4.71311497585848,0.0322421067516804,-0.064473551219018,0.449360350528837,0.288691133435838,0.064473551219018,1.91334982544939,0
4.75180103925298,4.71411287081819,0.032177904753182,-0.0640242096826882,0.449360350528837,0.287692315132191,0.064024209682688,1.91434668068871,0
4.75280099738414,4.71511079452579,0.0321141511568042,-0.0635748681463579,0.449360350528837,0.286693526435891,0.0635748681463579,1.91534357396978,0
4.75380095551529,4.71610874677979,0.0320508459754194,-0.0631255266100277,0.449360350528837,0.285694767860182,0.0631255266100275,1.91634050504015,0
4.75480091364645,4.71710672737868,0.0319879892218094,-0.0626761850736974,0.449360350528837,0.284696039924787,0.0626761850736974,1.91733747364767,0
4.7558008717776,4.71810473612097,0.0319255809086655,-0.0622268435373672,0.449360350528837,0.283697343156019,0.062226843537367,1.91833447954059,0
4.75680082990876,4.71910277280515,0.0318636210485884,-0.0617775020010369,0.449360350528837,0.2826986780869,0.0617775020010369,1.91933152246749,0
4.75780078803992,4.72010083722972,0.0318021096540883,-0.0613281604647067,0.449360350528837,0.28170004525728,0.0613281604647069,1.92032860217729,0
4.75880074617107,4.72109892919315,0.0317410467375848,-0.0608788189283764,0.449360350528837,0.280701445213955,0.0608788189283764,1.92132571841929,0
4.75980070430223,4.72209704849393,0.031680432311407,-0.0604294773920462,0.449360350528837,0.279702878510792,0.0604294773920464,1.92232287094312,0
4.76080066243338,4.72309519493052,0.0316202663877934,-0.0599801358557159,0.449360350528837,0.278704345708859,0.0599801358557159,1.92332005949877,0
4.76180062056454,4.72409336830139,0.0315605489788921,-0.0595307943193857,0.449360350528837,0.27770584737654,0.0595307943193859,1.92431728383656,0
4.7628005786957,4.725091568405,0.0315012800967603,-0.0590814527830555,0.449360350528837,0.276707384089686,0.0590814527830554,1.92531454370719,0
4.76380053682685,4.72608979503981,0.0314424597533649,-0.0586321112467252,0.449360350528837,0.275708956431733,0.0586321112467254,1.92631183886169,0
4.76480049495801,4.72708804800427,0.0313840879605823,-0.058182769710395,0.449360350528837,0.274710564993848,0.0581827697103949,1.92730916905143,0
4.76580045308916,4.72808632709682,0.0313261647301982,-0.0577334281740647,0.449360350528837,0.273712210375064,0.0577334281740649,1.92830653402814,0
4.76680041122032,4.7290846321159,0.0312686900739077,-0.0572840866377345,0.449360350528837,0.272713893182428,0.0572840866377344,1.92930393354388,0
4.76780036935148,4.73008296285995,0.0312116640033154,-0.0568347451014042,0.449360350528837,0.271715614031143,0.0568347451014044,1.93030136735107,0
4.76880032748263,4.73108131912739,0.0311550865299352,-0.056385403565074,0.449360350528837,0.270717373544721,0.0563854035650739,1.93129883520247,0
4.76980028561379,4.73207970071666,0.0310989576651908,-0.0559360620287437,0.449360350528837,0.269719172355133,0.0559360620287439,1.93229633685118,0
4.77080024374494,4.73307810742616,0.0310432774204148,-0.0554867204924135,0.449360350528837,0.268721011102968,0.0554867204924134,1.93329387205065,0
4.7718002018761,4.73407653905432,0.0309880458068496,-0.0550373789560832,0.449360350528837,0.267722890437591,0.0550373789560834,1.93429144055466,0
4.77280016000726,4.73507499539953,0.0309332628356468,-0.054588037419753,0.449360350528837,0.266724811017304,0.0545880374197529,1.93528904211735,0
4.77380011813841,4.73607347626022,0.0308789285178677,-0.0541386958834228,0.449360350528837,0.265726773509516,0.0541386958834229,1.93628667649317,0
4.77480007626957,4.73707198143476,0.0308250428644826,-0.0536893543470925,0.449360350528837,0.264728778590915,0.0536893543470924,1.93728434343694,0
4.77580003440072,4.73807051072157,0.0307716058863716,-0.0532400128107623,0.449360350528837,0.263730826947637,0.0532400128107624,1.93828204270381,0
4.77679999253188,4.73906906391903,0.0307186175943239,-0.052790671274432,0.449360350528837,0.262732919275449,0.0527906712744319,1.93927977404927,0
4.77779995066304,4.74006764082551,0.0306660779990384,-0.0523413297381018,0.449360350528837,0.26173505627993,0.0523413297381019,1.94027753722913,0
4.77879990879419,4.74106624123941,0.0306139871111231,-0.0518919882017715,0.449360350528837,0.260737238676656,0.0518919882017714,1.94127533199957,0
4.77979986692535,4.74206486495909,0.0305623449410958,-0.0514426466654417,0.449360350528837,0.259739467191395,0.0514426466654418,1.94227315811708,0
4.7807998250565,4.74306351178293,0.0305111514993831,-0.050993305129111,0.449360350528837,0.258741742560293,0.0509933051291109,1.9432710153385,0
4.78179978318766,4.7440621815093,0.0304604067963217,-0.0505439635927808,0.449360350528837,0.257744065530088,0.0505439635927809,1.94426890342099,0
4.78279974131882,4.74506087393654,0.0304101108421571,-0.0500946220564505,0.449360350528837,0.256746436858301,0.0500946220564504,1.94526682212207,0
4.78379969944997,4.74605958886302,0.0303602636470446,-0.0496452805201203,0.449360350528837,0.25574885731345,0.0496452805201204,1.94626477119957,0
4.78479965758113,4.74705832608709,0.0303108652210487,-0.0491959389837904,0.449360350528837,0.254751327675267,0.0491959389837904,1.94726275041166,0
4.78579961571228,4.74805708540711,0.0302619155741433,-0.0487465974474598,0.449360350528837,0.253753848734909,0.0487465974474599,1.94826075951686,0
4.78679957384344,4.7490558666214,0.0302134147162117,-0.0482972559111296,0.449360350528837,0.252756421295191,0.0482972559111294,1.94925879827399,0
4.78779953197459,4.75005466952831,0.0301653626570467,-0.0478479143747993,0.449360350528837,0.25175904617081,0.0478479143747994,1.95025686644222,0
4.78879949010575,4.75105349392617,0.0301177594063503,-0.0473985728384691,0.449360350528837,0.250761724188577,0.0473985728384689,1.95125496378106,0
4.78979944823691,4.75205233961331,0.030070604973734,-0.0469492313021392,0.449360350528837,0.249764456187665,0.0469492313021393,1.95225309005033,0
4.79079940636806,4.75305120638806,0.0300238993687186,-0.0464998897658086,0.449360350528837,0.248767243019846,0.0464998897658084,1.9532512450102,0
4.79179936449922,4.75405009404874,0.0299776426007344,-0.0460505482294783,0.449360350528837,0.247770085549752,0.0460505482294784,1.95424942842114,0
4.79279932263037,4.75504900239366,0.029931834679121,-0.0456012066931481,0.449360350528837,0.246772984655125,0.0456012066931479,1.95524764004397,0
4.79379928076153,4.75604793122114,0.0298864756131273,-0.0451518651568182,0.449360350528837,0.245775941227084,0.0451518651568183,1.95624587963984,0
4.79479923889269,4.75704688032949,0.0298415654119117,-0.044702523620488,0.449360350528837,0.244778956170393,0.0447025236204879,1.95724414697022,0
4.79579919702384,4.75804584951701,0.0297971040845419,-0.0442531820841573,0.449360350528837,0.243782030403744,0.0442531820841574,1.9582424417969,0
4.796799155155,4.75904483858199,0.029753091639995,-0.0438038405478271,0.449360350528837,0.242785164860036,0.0438038405478269,1.95924076388199,0
4.79779911328615,4.76004384732275,0.0297095280871575,-0.0433544990114968,0.449360350528837,0.241788360486665,0.0433544990114969,1.96023911298795,0
4.79879907141731,4.76104287553756,0.0296664134348252,-0.042905157475167,0.449360350528837,0.240791618245824,0.0429051574751669,1.96123748887755,0
4.79979902954847,4.76204192302472,0.0296237476917032,-0.0424558159388368,0.449360350528837,0.239794939114805,0.0424558159388368,1.96223589131388,0
4.80079898767962,4.76304098958252,0.0295815308664061,-0.0420064744025061,0.449360350528837,0.238798324086314,0.0420064744025059,1.96323432006035,0
4.80179894581078,4.76404007500923,0.0295397629674579,-0.0415571328661759,0.449360350528837,0.237801774168793,0.0415571328661759,1.9642327748807,0
4.80279890394193,4.76503917910312,0.0294984440032918,-0.0411077913298456,0.449360350528837,0.236805290386744,0.0411077913298454,1.96523125553899,0
4.80379886207309,4.76603830166248,0.0294575739822504,-0.0406584497935158,0.449360350528837,0.235808873781071,0.0406584497935158,1.9662297617996,0
4.80479882020424,4.76703744248557,0.0294171529125856,-0.0402091082571855,0.449360350528837,0.234812525409414,0.0402091082571854,1.96722829342724,0
4.8057987783354,4.76803660137066,0.0293771808024588,-0.0397597667208549,0.449360350528837,0.233816246346515,0.0397597667208549,1.96822685018692,0
4.80679873646656,4.76903577811601,0.0293376576599408,-0.0393104251845246,0.449360350528837,0.23282003768458,0.0393104251845244,1.96922543184398,0
4.80779869459771,4.77003497251987,0.0292985834930115,-0.0388610836481948,0.449360350528837,0.231823900533642,0.0388610836481948,1.97022403816408,0
4.80879865272887,4.77103418438051,0.0292599583095603,-0.0384117421118645,0.449360350528837,0.230827836021945,0.0384117421118644,1.97122266891319,0
4.80979861086002,4.77203341349618,0.029221782117386,-0.0379624005755343,0.449360350528837,0.229831845296338,0.0379624005755343,1.97222132385761,0
4.81079856899118,4.77303265966512,0.0291840549241965,-0.0375130590392036,0.449360350528837,0.228835929522681,0.0375130590392034,1.97322000276394,0
4.81179852712234,4.77403192268557,0.0291467767376093,-0.0370637175028734,0.449360350528837,0.227840089886246,0.0370637175028734,1.97421870539911,0
4.81279848525349,4.77503120235578,0.0291099475651513,-0.0366143759665436,0.449360350528837,0.226844327592145,0.0366143759665434,1.97521743153036,0
4.81379844338465,4.77603049847398,0.0290735674142584,-0.0361650344302133,0.449360350528837,0.225848643865761,0.0361650344302133,1.97621618092525,0
4.8147984015158,4.77702981083842,0.0290376362922761,-0.0357156928938831,0.449360350528837,0.224853039953196,0.0357156928938829,1.97721495335164,0
4.81579835964696,4.77802913924732,0.0290021542064592,-0.0352663513575524,0.449360350528837,0.223857517121723,0.0352663513575524,1.97821374857771,0
4.81679831777812,4.7790284834989,0.0289671211639718,-0.0348170098212226,0.449360350528837,0.222862076660262,0.0348170098212224,1.97921256637195,0
4.81779827590927,4.7800278433914,0.0289325371718873,-0.0343676682848923,0.449360350528837,0.221866719879847,0.0343676682848923,1.98021140650318,0
4.81879823404043,4.78102721872303,0.0288984022371886,-0.0339183267485621,0.449360350528837,0.220871448114135,0.0339183267485619,1.98121026874052,0
4.81979819217158,4.78202660929201,0.0288647163667677,-0.0334689852122318,0.449360350528837,0.219876262719902,0.0334689852122318,1.98220915285338,0
4.82079815030274,4.78302601489656,0.028831479567426,-0.0330196436759012,0.449360350528837,0.218881165077566,0.0330196436759014,1.98320805861151,0
4.8217981084339,4.7840254353349,0.0287986918458744,-0.0325703021395713,0.449360350528837,0.217886156591728,0.0325703021395713,1.98420698578496,0
4.82279806656505,4.78502487040522,0.028766353208733,-0.0321209606032411,0.449360350528837,0.216891238691708,0.0321209606032413,1.98520593414408,0
4.82379802469621,4.78602431990573,0.0287344636625311,-0.0316716190669108,0.449360350528837,0.215896412832119,0.0316716190669108,1.98620490345954,0
4.82479798282736,4.78702378363465,0.0287030232137075,-0.0312222775305806,0.449360350528837,0.214901680493446,0.0312222775305808,1.98720389350232,0
4.82579794095852,4.78802326139016,0.0286720318686102,-0.03077293599425,0.449360350528837,0.213907043182634,0.0307729359942499,1.98820290404369,0
4.82679789908968,4.78902275297048,0.0286414896334968,-0.0303235944579201,0.449360350528837,0.212912502433705,0.0303235944579203,1.98920193485524,0
4.82779785722083,4.79002225817378,0.0286113965145338,-0.0298742529215899,0.449360350528837,0.211918059808386,0.0298742529215899,1.99020098570886,0
4.82879781535199,4.79102177679827,0.0285817525177974,-0.0294249113852596,0.449360350528837,0.210923716896754,0.0294249113852598,1.99120005637676,0
4.82979777348314,4.79202130864213,0.0285525576492729,-0.0289755698489294,0.449360350528837,0.209929475317898,0.0289755698489294,1.99219914663144,0
4.8307977316143,4.79302085350355,0.0285238119148549,-0.0285262283125991,0.449360350528837,0.208935336720607,0.0285262283125993,1.9931982562457,0
4.83179768974546,4.79402041118071,0.0284955153203474,-0.0280768867762689,0.449360350528837,0.207941302784066,0.0280768867762689,1.99419738499265,0
4.83279764787661,4.7950199814718,0.0284676678714638,-0.0276275452399386,0.449360350528837,0.206947375218579,0.0276275452399388,1.99519653264571,0
4.83379760600777,4.796019564175,0.0284402695738267,-0.0271782037036084,0.449360350528837,0.205953555766317,0.0271782037036084,1.99619569897859,0
4.83479756413892,4.79701915908847,0.028413320432968,-0.0267288621672781,0.449360350528837,0.204959846202072,0.0267288621672783,1.99719488376532,0
4.83579752227008,4.79801876601041,0.0283868204543288,-0.0262795206309479,0.449360350528837,0.203966248334046,0.0262795206309479,1.9981940867802,0
4.83679748040124,4.79901838473896,0.0283607696432599,-0.0258301790946177,0.449360350528837,0.202972764004666,0.0258301790946178,1.99919330779787,0
4.83779743853239,4.80001801507231,0.028335168005021,-0.0253808375582874,0.449360350528837,0.201979395091405,0.0253808375582874,2.00019254659323,0
4.83879739666355,4.80101765680863,0.0283100155447814,-0.0249314960219572,0.449360350528837,0.200986143507641,0.0249314960219573,2.00119180294152,0
4.8397973547947,4.80201730974607,0.0282853122676194,-0.0244821544856269,0.449360350528837,0.19999301120354,0.0244821544856269,2.00219107661823,1
4.84079731292586,4.80301697368281,0.028261058178523,-0.0240328129492965,0.449360350528837,0.199000000166961,0.0240328129492964,2.0031903673992,1
