time_s,px_m,py_m,psi_rad,turn_rate_radps,target_distance_m,heading_error_rad,obstacle_clearance_m,inside_target
0,0,0,0,-1,5,0,1.9,0
0.000999877055844027,0.000999876889238833,-4.99877021755481e-07,-0.000999877055844027,-1,4.99900012311079,0.000999877055844145,1.89900012311081,0
0.00199975411168805,0.0019997527788467,-1.99950758726785e-06,-0.00199975411168805,-1,4.99800024722155,0.00199975411168785,1.89800024722195,0
0.00299963116753208,0.00299962666919365,-4.49889019727539e-06,-0.00299963116753208,-1,4.99700037333283,0.00299963116753199,1.89700037333486,0
0.00399950822337611,0.0039994975606517,-7.99802235301023e-06,-0.00399950822337611,-1,4.99600050244575,0.00399950822337614,1.89600050245216,0
0.00499938527922013,0.00499936445359589,-1.24969005562008e-05,-0.00499938527922013,-1,4.99500063556204,0.00499938527922028,1.8950006355777,0
0.00599926233506416,0.00599922634840526,-1.79955203090756e-05,-0.00599926233506416,-1,4.99400077368402,0.00599926233506398,1.89400077371652,0
0.00699913939090819,0.00699908224546382,-2.44938761143671e-05,-0.00699913939090819,-1,4.99300091781461,0.00699913939090813,1.89300091787486,0
0.00799901644675221,0.00799893114516161,-3.19919614753178e-05,-0.00799901644675221,-1,4.99200106895735,0.00799901644675227,1.89200106906019,0
0.00899889350259624,0.00899877204789565,-4.04897688956867e-05,-0.00899889350259624,-1,4.99100122811634,0.00899889350259642,1.89100122828117,0
0.00999877055844027,0.00999860395407094,-4.99872898797563e-05,-0.00999877055844027,-1,4.9900013962963,0.00999877055844012,1.89000139654768,0
0.0109986476142843,0.0109984258641015,-6.04845149323418e-05,-0.0109986476142843,-1,4.98900157450254,0.0109986476142843,1.88900157487081,0
0.0119985246701283,0.0119982367784113,-7.19814335587998e-05,-0.0119985246701283,-1,4.98800176374097,0.0119985246701284,1.88800176426285,0
0.0129984017259723,0.0129980356974354,-8.44780342650395e-05,-0.0129984017259723,-1,4.98700196501808,0.0129984017259726,1.88700196573733,0
0.0139982787818164,0.0139978216216208,-9.79743045575338e-05,-0.0139982787818164,-1,4.98600217934097,0.0139982787818163,1.88600218030898,0
0.0149981558376604,0.0149975935514274,-0.000112470230943332,-0.0149981558376604,-1,4.98500240771733,0.0149981558376604,1.88500240899375,0
0.0159980328935044,0.0159973504873291,-0.000127965798930073,-0.0159980328935044,-1,4.98400265115545,0.0159980328935045,1.88400265280881,0
0.0169979099493484,0.0169970914298151,-0.000144460993026,-0.0169979099493484,-1,4.9830029106642,0.0169979099493482,1.88300291277255,0
0.0179977870051925,0.0179968153793902,-0.000161955796739976,-0.0179977870051925,-1,4.98200318725305,0.0179977870051924,1.88200318990458,0
0.0189976640610365,0.0189965213365763,-0.0001804501925815,-0.0189976640610365,-1,4.98100348193207,0.0189976640610365,1.88100348522574,0
0.0199975411168805,0.0199962083019134,-0.000199944162060726,-0.0199975411168805,-1,4.98000379571191,0.0199975411168807,1.88000379975809,0
0.0209974181727246,0.0209958752759604,-0.000220437685688478,-0.0209974181727246,-1,4.97900412960381,0.0209974181727244,1.87900413452491,0
0.0219972952285686,0.0219955212592962,-0.000241930742976274,-0.0219972952285686,-1,4.97800448461961,0.0219972952285685,1.87800449055071,0
0.0229971722844126,0.0229951452525207,-0.000264423312436341,-0.0229971722844126,-1,4.97700486177175,0.0229971722844127,1.87700486886124,0
0.0239970493402566,0.0239947462562557,-0.000287915371581644,-0.0239970493402566,-1,4.97600526207324,0.0239970493402568,1.87600527048346,0
0.0249969263961007,0.0249943232711461,-0.000312406896925901,-0.0249969263961007,-1,4.97500568653769,0.0249969263961005,1.87500569644559,0
0.0259968034519447,0.0259938752978608,-0.000337897863983611,-0.0259968034519447,-1,4.9740061361793,0.0259968034519447,1.87400614777705,0
0.0269966805077887,0.0269934013370935,-0.000364388247270076,-0.0269966805077887,-1,4.97300661201286,0.0269966805077888,1.87300662550853,0
0.0279965575636327,0.0279929003895641,-0.000391878020301428,-0.0279965575636327,-1,4.97200711505374,0.027996557563633,1.87200713067191,0
0.0289964346194768,0.0289923714560194,-0.000420367155594656,-0.0289964346194768,-1,4.9710076463179,0.0289964346194767,1.87100766430035,0
0.0299963116753208,0.0299918135372341,-0.000449855624667631,-0.0299963116753208,-1,4.9700082068219,0.0299963116753208,1.87000822742823,0
0.0309961887311648,0.0309912256340119,-0.000480343398039137,-0.0309961887311648,-1,4.96900879758287,0.0309961887311649,1.86900882109117,0
0.0319960657870089,0.0319906067471865,-0.0005118304452289,-0.0319960657870089,-1,4.96800941961855,0.0319960657870086,1.86800944632603,0
0.0329959428428529,0.0329899558776227,-0.000544316734757616,-0.0329959428428529,-1,4.96701007394723,0.0329959428428528,1.86701010417092,0
0.0339958198986969,0.0339892720262172,-0.000577802234146987,-0.0339958198986969,-1,4.96601076158783,0.0339958198986969,1.86601079566518,0
0.0349956969545409,0.0349885541938995,-0.000612286909919749,-0.0349956969545409,-1,4.96501148355982,0.0349956969545411,1.86501152184941,0
0.035995574010385,0.0359878013816332,-0.000647770727599708,-0.035995574010385,-1,4.96401224088326,0.0359955740103848,1.86401228376545,0
0.036995451066229,0.036987012590417,-0.000684253651711774,-0.036995451066229,-1,4.96301303457882,0.0369954510662289,1.86301308245639,0
0.037995328122073,0.0379861868212854,-0.000721735645781996,-0.037995328122073,-1,4.96201386566772,0.0379953281220731,1.86201391896657,0
0.038995205177917,0.03898532307531,-0.000760216672337598,-0.038995205177917,-1,4.96101473517179,0.0389952051779172,1.86101479434158,0
0.0399950822337611,0.0399844203536001,-0.000799696692907019,-0.0399950822337611,-1,4.96001564411341,0.0399950822337609,1.86001570962826,0
0.0409949592896051,0.0409834776573043,-0.000840175668019949,-0.0409949592896051,-1,4.95901659351559,0.0409949592896051,1.8590166658747,0
0.0419948363454491,0.0419824939876111,-0.000881653557207368,-0.0419948363454491,-1,4.95801758440189,0.0419948363454492,1.85801766413026,0
0.0429947134012931,0.0429814683457497,-0.00092413031900159,-0.0429947134012931,-1,4.95701861779644,0.0429947134012933,1.85701870544554,0
0.0439945904571372,0.0439803997329915,-0.000967605910936299,-0.0439945904571372,-1,4.95601969472398,0.0439945904571371,1.8560197908724,0
0.0449944675129812,0.0449792871506509,-0.0010120802895466,-0.0449944675129812,-1,4.95502081620982,0.0449944675129812,1.85502092146398,0
0.0459943445688252,0.045978129600086,-0.00105755341036905,-0.0459943445688252,-1,4.95402198327984,0.0459943445688253,1.85402209827465,0
0.0469942216246692,0.0469769260827002,-0.00110402522794171,-0.0469942216246692,-1,4.95302319696051,0.046994221624669,1.85302332236006,0
0.0479940986805133,0.0479756755999426,-0.00115149569580419,-0.0479940986805133,-1,4.95202445827888,0.0479940986805132,1.85202459477712,0
0.0489939757363573,0.0489743771533093,-0.00119996476649771,-0.0489939757363573,-1,4.95102576826256,0.0489939757363573,1.851025916584,0
0.0499938527922013,0.0499730297443444,-0.00124943239156511,-0.0499938527922013,-1,4.95002712793977,0.0499938527922015,1.85002728884015,0
0.0509937298480454,0.050971632374641,-0.00129989852155094,-0.0509937298480454,-1,4.94902853833929,0.0509937298480452,1.84902871260626,0
0.0519936069038894,0.0519701840458419,-0.00135136310600147,-0.0519936069038894,-1,4.94803000049046,0.0519936069038893,1.84803018894433,0
0.0529934839597334,0.0529686837596413,-0.00140382609346479,-0.0529934839597334,-1,4.94703151542322,0.0529934839597335,1.84703171891758,0
0.0539933610155774,0.0539671305177849,-0.00145728743149081,-0.0539933610155774,-1,4.94603308416807,0.0539933610155776,1.84603330359054,0
0.0549932380714215,0.0549655233220715,-0.00151174706663133,-0.0549932380714215,-1,4.94503470775611,0.0549932380714213,1.845034944029,0
0.0559931151272655,0.0559638611743539,-0.00156720494444012,-0.0559931151272655,-1,4.94403638721898,0.0559931151272655,1.84403664130003,0
0.0569929921831095,0.0569621430765399,-0.00162366100947294,-0.0569929921831095,-1,4.94303812358893,0.0569929921831096,1.84303839647195,0
0.0579928692389535,0.0579603680305929,-0.00168111520528762,-0.0579928692389535,-1,4.94203991789875,0.0579928692389537,1.8420402106144,0
0.0589927462947976,0.0589585350385337,-0.00173956747444408,-0.0589927462947976,-1,4.94104177118182,0.0589927462947974,1.84104208479826,0
0.0599926233506416,0.0599566431024407,-0.00179901775850443,-0.0599926233506416,-1,4.94004368447209,0.0599926233506416,1.8400440200957,0
0.0609925004064856,0.0609546912244513,-0.00185946599803302,-0.0609925004064856,-1,4.93904565880409,0.0609925004064857,1.8390460175802,0
0.0619923774623296,0.0619526784067628,-0.00192091213259647,-0.0619923774623296,-1,4.93804769521291,0.0619923774623294,1.83804807832647,0
0.0629922545181737,0.0629506036516336,-0.00198335610076376,-0.0629922545181737,-1,4.93704979473422,0.0629922545181736,1.83705020341054,0
0.0639921315740177,0.0639484659613839,-0.00204679784010627,-0.0639921315740177,-1,4.93605195840424,0.0639921315740177,1.83605239390972,0
0.0649920086298617,0.0649462643383968,-0.00211123728719788,-0.0649920086298617,-1,4.93505418725979,0.0649920086298619,1.83505465090261,0
0.0659918856857058,0.0659439977851192,-0.00217667437761499,-0.0659918856857058,-1,4.93405648233824,0.0659918856857056,1.83405697546907,0
0.0669917627415498,0.0669416653040633,-0.0022431090459366,-0.0669917627415498,-1,4.93305884467753,0.0669917627415497,1.83305936869028,0
0.0679916397973938,0.0679392658978067,-0.00231054122574438,-0.0679916397973938,-1,4.93206127531618,0.0679916397973939,1.8320618316487,0
0.0689915168532378,0.0689367985689944,-0.00237897084962274,-0.0689915168532378,-1,4.93106377529325,0.068991516853238,1.83106436542809,0
0.0699913939090819,0.069934262320339,-0.00244839784915888,-0.0699913939090819,-1,4.9300663456484,0.0699913939090817,1.83006697111348,0
0.0709912709649259,0.070931656154622,-0.00251882215494288,-0.0709912709649259,-1,4.92906898742183,0.0709912709649259,1.82906964979121,0
0.0719911480207699,0.071928979074695,-0.00259024369656776,-0.0719911480207699,-1,4.92807170165433,0.07199114802077,1.82807240254892,0
0.0729910250766139,0.0729262300834803,-0.00266266240262954,-0.0729910250766139,-1,4.92707448938723,0.0729910250766141,1.82707523047553,0
0.073990902132458,0.0739234081839722,-0.00273607820072733,-0.073990902132458,-1,4.92607735166245,0.0739909021324578,1.82607813466129,0
0.074990779188302,0.0749205123792378,-0.00281049101746339,-0.074990779188302,-1,4.92508028952245,0.074990779188302,1.82508111619771,0
0.075990656244146,0.0759175416724183,-0.0028859007784432,-0.075990656244146,-1,4.92408330401027,0.0759906562441461,1.82408417617763,0
0.07699053329999,0.0769144950667295,-0.00296230740827554,-0.07699053329999,-1,4.92308639616951,0.0769905332999898,1.82308731569519,0
0.0779904103558341,0.0779113715654633,-0.00303971083057259,-0.0779904103558341,-1,4.92208956704432,0.077990410355834,1.82209053584581,0
0.0789902874116781,0.0789081701719883,-0.00311811096794996,-0.0789902874116781,-1,4.92109281767942,0.0789902874116781,1.82109383772624,0
0.0799901644675221,0.0799048898897511,-0.00319750774202678,-0.0799901644675221,-1,4.92009614912011,0.0799901644675223,1.82009722243452,0
0.0809900415233661,0.0809015297222771,-0.00327790107342583,-0.0809900415233661,-1,4.91909956241222,0.080990041523366,1.81910069107002,0
0.0819899185792102,0.0818980886731717,-0.00335929088177353,-0.0819899185792102,-1,4.91810305860215,0.0819899185792101,1.8181042447334,0
0.0829897956350542,0.0828945657461209,-0.0034416770857001,-0.0829897956350542,-1,4.91710663873687,0.0829897956350543,1.81710788452663,0
0.0839896726908982,0.0838909599448929,-0.0035250596028396,-0.0839896726908982,-1,4.91611030386389,0.0839896726908984,1.816111611553,0
0.0849895497467423,0.0848872702733385,-0.00360943834983002,-0.0849895497467423,-1,4.9151140550313,0.0849895497467421,1.8151154269171,0
0.0859894268025863,0.0858834957353923,-0.00369481324231336,-0.0859894268025863,-1,4.91411789328774,0.0859894268025863,1.81411933172486,0
0.0869893038584303,0.086879635335074,-0.00378118419493574,-0.0869893038584303,-1,4.91312181968238,0.0869893038584304,1.81312332708349,0
0.0879891809142743,0.087875688076489,-0.00386855112134744,-0.0879891809142743,-1,4.91212583526499,0.0879891809142745,1.81212741410155,0
0.0889890579701184,0.0888716529638296,-0.00395691393420303,-0.0889890579701184,-1,4.91112994108587,0.0889890579701182,1.81113159388891,0
0.0899889350259624,0.0898675290013757,-0.00404627254516141,-0.0899889350259624,-1,4.91013413819588,0.0899889350259624,1.81013586755673,0
0.0909888120818064,0.0908633151934963,-0.00413662686488598,-0.0909888120818064,-1,4.90913842764643,0.0909888120818065,1.80914023621754,0
0.0919886891376504,0.0918590105446501,-0.00422797680304462,-0.0919886891376504,-1,4.90814281048948,0.0919886891376502,1.80814470098515,0
0.0929885661934945,0.0928546140593867,-0.00432032226830986,-0.0929885661934945,-1,4.90714728777757,0.0929885661934944,1.80714926297471,0
0.0939884432493385,0.0938501247423475,-0.00441366316835896,-0.0939884432493385,-1,4.90615186056376,0.0939884432493385,1.8061539233027,0
0.0949883203051825,0.0948455415982666,-0.00450799940987397,-0.0949883203051825,-1,4.90515652990168,0.0949883203051827,1.80515868308692,0
0.0959881973610266,0.0958408636319719,-0.00460333089854185,-0.0959881973610266,-1,4.9041612968455,0.0959881973610264,1.8041635434465,0
0.0969880744168706,0.0968360898483863,-0.00469965753905457,-0.0969880744168706,-1,4.90316616244996,0.0969880744168705,1.80316850550189,0
0.0979879514727146,0.0978312192525283,-0.00479697923510917,-0.0979879514727146,-1,4.90217112777032,0.0979879514727147,1.80217357037488,0
0.0989878285285586,0.0988262508495133,-0.00489529588940789,-0.0989878285285586,-1,4.90117619386242,0.0989878285285588,1.80117873918858,0
0.0999877055844026,0.0998211836445543,-0.00499460740365826,-0.0999877055844026,-1,4.90018136178262,0.0999877055844025,1.80018401306745,0
0.100987582640247,0.100816016642963,-0.0050949136785732,-0.100987582640247,-1,4.89918663258785,0.100987582640247,1.79918939313726,0
0.101987459696091,0.101810748850152,-0.0051962146138711,-0.101987459696091,-1,4.89819200733559,0.101987459696091,1.79819488052514,0
0.102987336751935,0.102805379271633,-0.00529851010827593,-0.102987336751935,-1,4.89719748708383,0.102987336751935,1.79720047635954,0
0.103987213807779,0.103799906913021,-0.00540180005951737,-0.103987213807779,-1,4.89620307289116,0.103987213807779,1.79620618177024,0
0.104987090863623,0.104794330780031,-0.00550608436433087,-0.104987090863623,-1,4.89520876581667,0.104987090863623,1.79521199788839,0
0.105986967919467,0.105788649878486,-0.00561136291845778,-0.105986967919467,-1,4.89421456692001,0.105986967919467,1.79421792584645,0
0.106986844975311,0.10678286321431,-0.00571763561664543,-0.106986844975311,-1,4.89322047726139,0.106986844975311,1.79322396677823,0
0.107986722031155,0.107776969793535,-0.00582490235264726,-0.107986722031155,-1,4.89222649790154,0.107986722031155,1.79223012181889,0
0.108986599086999,0.108770968622299,-0.00593316301922292,-0.108986599086999,-1,4.89123262990174,0.108986599086999,1.79123639210492,0
0.109986476142843,0.109764858706847,-0.00604241750813838,-0.109986476142843,-1,4.89023887432381,0.109986476142843,1.79024277877416,0
0.110986353198687,0.110758639053534,-0.00615266571016601,-0.110986353198687,-1,4.88924523223012,0.110986353198687,1.78924928296582,0
0.111986230254531,0.111752308668823,-0.00626390751508473,-0.111986230254531,-1,4.88825170468358,0.111986230254531,1.78825590582041,0
0.112986107310375,0.11274586655929,-0.00637614281168009,-0.112986107310375,-1,4.88725829274763,0.112986107310375,1.78726264847983,0
0.113985984366219,0.113739311731621,-0.0064893714877444,-0.113985984366219,-1,4.88626499748625,0.113985984366219,1.7862695120873,0
0.114985861422063,0.114732643192615,-0.00660359343007684,-0.114985861422063,-1,4.88527181996396,0.114985861422063,1.78527649778743,0
0.115985738477907,0.115725859949185,-0.00671880852448357,-0.115985738477907,-1,4.88427876124583,0.115985738477907,1.78428360672615,0
0.116985615533751,0.116718961008359,-0.00683501665577781,-0.116985615533751,-1,4.88328582239745,0.116985615533751,1.78329084005074,0
0.117985492589595,0.11771194537728,-0.00695221770778002,-0.117985492589595,-1,4.88229300448496,0.117985492589595,1.78229819890986,0
0.118985369645439,0.118704812063207,-0.00707041156331798,-0.118985369645439,-1,4.88130030857502,0.118985369645439,1.78130568445351,0
0.119985246701283,0.119697560073518,-0.0071895981042269,-0.119985246701283,-1,4.88030773573484,0.119985246701283,1.78031329783305,0
0.120985123757127,0.12069018841571,-0.00730977721134955,-0.120985123757127,-1,4.87931528703215,0.120985123757127,1.77932104020121,0
0.121985000812971,0.121682696097398,-0.00743094876453639,-0.121985000812971,-1,4.87832296353522,0.121985000812971,1.77832891271205,0
0.122984877868815,0.122675082126318,-0.00755311264264567,-0.122984877868815,-1,4.87733076631287,0.122984877868815,1.77733691652103,0
0.123984754924659,0.123667345648305,-0.00767626761608571,-0.123954990735107,-0.603095342207507,4.87633869629471,0.123954990735107,1.77634505264338,0
0.124984631980503,0.124659513725486,-0.0078001893782285,-0.124558011930266,-0.603095342207507,4.87534672613772,0.124558011930266,1.77535329344693,0
0.125984509036347,0.125651606894828,-0.00792470941618362,-0.125161033125426,-0.603095342207507,4.87435483509216,0.125161033125426,1.77436161796396,0
0.126984386092191,0.126643624795573,-0.00804982768467126,-0.125764054320586,-0.603095342207507,4.87336302356713,0.125764054320586,1.77337002666025,0
0.127984263148035,0.127635567066989,-0.00817554413819412,-0.126367075515745,-0.603095342207507,4.87237129197197,0.126367075515745,1.77237852000214,0
0.128984140203879,0.128627433348371,-0.00830185873103734,-0.126970096710905,-0.603095342207507,4.87137964071622,0.126970096710905,1.77138709845658,0
0.129984017259723,0.129619223279042,-0.00842877141726857,-0.127573117906065,-0.603095342207507,4.87038807020967,0.127573117906065,1.77039576249112,0
0.130983894315567,0.130610936498354,-0.00855628215073798,-0.128176139101225,-0.603095342207507,4.86939658086232,0.128176139101225,1.76940451257388,0
0.131983771371412,0.131602572645685,-0.00868439088507826,-0.128779160296384,-0.603095342207507,4.86840517308442,0.128779160296384,1.76841334917357,0
0.132983648427256,0.132594131360442,-0.00881309757370464,-0.129382181491544,-0.603095342207507,4.86741384728643,0.129382181491544,1.76742227275952,0
0.1339835254831,0.13358561228206,-0.00894240216981493,-0.129985202686704,-0.603095342207507,4.86642260387903,0.129985202686703,1.76643128380163,0
0.134983402538944,0.134577015050003,-0.00907230462638951,-0.130588223881863,-0.603095342207507,4.86543144327314,0.130588223881863,1.7654403827704,0
0.135983279594788,0.135568339303761,-0.00920280489619135,-0.131191245077023,-0.603095342207507,4.86444036587992,0.131191245077023,1.76444957013693,0
0.136983156650632,0.136559584682856,-0.00933390293176605,-0.131794266272183,-0.603095342207507,4.86344937211072,0.131794266272183,1.76345884637292,0
0.137983033706476,0.137550750826835,-0.00946559868544184,-0.132397287467342,-0.603095342207507,4.86245846237715,0.132397287467342,1.76246821195065,0
0.13898291076232,0.138541837375278,-0.00959789210932958,-0.133000308662502,-0.603095342207507,4.86146763709103,0.133000308662502,1.76147766734303,0
0.139982787818164,0.13953284396779,-0.00973078315532282,-0.133603329857662,-0.603095342207507,4.86047689666443,0.133603329857662,1.76048721302353,0
0.140982664874008,0.140523770244008,-0.00986427177509779,-0.134206351052821,-0.603095342207507,4.85948624150961,0.134206351052821,1.75949684946626,0
0.141982541929852,0.141514615843596,-0.00999835792011339,-0.134809372247981,-0.603095342207507,4.85849567203908,0.134809372247981,1.7585065771459,0
0.142982418985696,0.142505380406248,-0.0101330415416113,-0.135412393443141,-0.603095342207507,4.85750518866559,0.135412393443141,1.75751639653776,0
0.14398229604154,0.143496063571689,-0.0102683225906159,-0.1360154146383,-0.603095342207507,4.85651479180209,0.136015414638301,1.75652630811772,0
0.144982173097384,0.144486664979672,-0.0104042010179343,-0.13661843583346,-0.603095342207507,4.85552448186177,0.13661843583346,1.75553631236231,0
0.145982050153228,0.14547718426998,-0.0105406767741564,-0.13722145702862,-0.603095342207507,4.85453425925806,0.13722145702862,1.75454640974861,0
0.146981927209072,0.146467621082425,-0.0106777498096549,-0.13782447822378,-0.603095342207507,4.85354412440459,0.137824478223779,1.75355660075436,0
0.147981804264916,0.147457975056851,-0.0108154200745854,-0.138427499418939,-0.603095342207507,4.85255407771523,0.138427499418939,1.75256688585787,0
0.14898168132076,0.148448245833131,-0.0109536875188861,-0.139030520614099,-0.603095342207507,4.8515641196041,0.139030520614099,1.75157726553808,0
0.149981558376604,0.149438433051169,-0.0110925520922782,-0.139633541809259,-0.603095342207507,4.85057425048551,0.139633541809259,1.75058774027452,0
0.150981435432448,0.150428536350897,-0.0112320137442659,-0.140236563004418,-0.603095342207507,4.84958447077401,0.140236563004418,1.74959831054735,0
0.151981312488292,0.15141855537228,-0.011372072424136,-0.140839584199578,-0.603095342207507,4.8485947808844,0.140839584199578,1.74860897683732,0
0.152981189544136,0.152408489755314,-0.0115127280809583,-0.141442605394738,-0.603095342207507,4.84760518123168,0.141442605394738,1.74761973962582,0
0.15398106659998,0.153398339140023,-0.0116539806635855,-0.142045626589897,-0.603095342207507,4.84661567223109,0.142045626589897,1.74663059939482,0
0.154980943655824,0.154388103166464,-0.0117958301206535,-0.142648647785057,-0.603095342207507,4.84562625429809,0.142648647785057,1.74564155662694,0
0.155980820711668,0.155377781474726,-0.0119382764005807,-0.143251668980217,-0.603095342207507,4.84463692784838,0.143251668980217,1.74465261180538,0
0.156980697767512,0.156367373704925,-0.0120813194515688,-0.143854690175376,-0.603095342207507,4.84364769329787,0.143854690175377,1.74366376541398,0
0.157980574823356,0.157356879497214,-0.0122249592216025,-0.144457711370536,-0.603095342207507,4.84265855106273,0.144457711370536,1.74267501793719,0
0.1589804518792,0.158346298491773,-0.0123691956584493,-0.145060732565696,-0.603095342207507,4.84166950155931,0.145060732565696,1.74168636986007,0
0.159980328935044,0.159335630328815,-0.0125140287096598,-0.145663753760856,-0.603095342207507,4.84068054520423,0.145663753760855,1.74069782166831,0
0.160980205990888,0.160324874648585,-0.0126594583225679,-0.146266774956015,-0.603095342207507,4.83969168241431,0.146266774956015,1.73970937384821,0
0.161980083046732,0.161314031091359,-0.0128054844442901,-0.146869796151175,-0.603095342207507,4.83870291360662,0.146869796151175,1.7387210268867,0
0.162979960102576,0.162303099297447,-0.0129521070217265,-0.147472817346335,-0.603095342207507,4.83771423919844,0.147472817346335,1.73773278127134,0
0.16397983715842,0.163292078907189,-0.01309932600156,-0.148075838541494,-0.603095342207507,4.8367256596073,0.148075838541494,1.73674463749028,0
0.164979714214264,0.164280969560957,-0.0132471413302566,-0.148678859736654,-0.603095342207507,4.83573717525092,0.148678859736654,1.73575659603233,0
0.165979591270108,0.165269770899157,-0.0133955529540655,-0.149281880931814,-0.603095342207507,4.83474878654728,0.149281880931814,1.7347686573869,0
0.166979468325952,0.166258482562227,-0.0135445608190193,-0.149884902126973,-0.603095342207507,4.83376049391459,0.149884902126973,1.73378082204404,0
0.167979345381796,0.167247104190636,-0.0136941648709335,-0.150487923322133,-0.603095342207507,4.83277229777126,0.150487923322133,1.73279309049442,0
0.16897922243764,0.168235635424888,-0.0138443650554069,-0.151090944517293,-0.603095342207507,4.83178419853595,0.151090944517293,1.73180546322933,0
0.169979099493485,0.169224075905519,-0.0139951613178215,-0.151693965712452,-0.603095342207507,4.83079619662755,0.151693965712453,1.73081794074072,0
0.170978976549329,0.170212425273097,-0.0141465536033426,-0.152296986907612,-0.603095342207507,4.82980829246516,0.152296986907612,1.72983052352112,0
0.171978853605173,0.171200683168225,-0.0142985418569187,-0.152900008102772,-0.603095342207507,4.82882048646812,0.152900008102772,1.72884321206374,0
0.172978730661017,0.172188849231538,-0.0144511260232817,-0.153503029297932,-0.603095342207507,4.82783277905601,0.153503029297931,1.72785600686239,0
0.173978607716861,0.173176923103705,-0.0146043060469466,-0.154106050493091,-0.603095342207507,4.8268451706486,0.154106050493091,1.72686890841153,0
0.174978484772705,0.174164904425427,-0.0147580818722119,-0.154709071688251,-0.603095342207507,4.82585766166593,0.154709071688251,1.72588191720623,0
0.175978361828549,0.175152792837441,-0.0149124534431594,-0.155312092883411,-0.603095342207507,4.82487025252825,0.155312092883411,1.72489503374222,0
0.176978238884393,0.176140587980516,-0.0150674207036543,-0.15591511407857,-0.603095342207507,4.82388294365604,0.15591511407857,1.72390825851586,0
0.177978115940237,0.177128289495455,-0.0152229835973452,-0.15651813527373,-0.603095342207507,4.82289573546999,0.15651813527373,1.72292159202413,0
0.178977992996081,0.178115897023098,-0.0153791420676639,-0.15712115646889,-0.603095342207507,4.82190862839105,0.157121156468889,1.72193503476467,0
0.179977870051925,0.179103410204314,-0.0155358960578258,-0.157724177664049,-0.603095342207507,4.82092162284039,0.157724177664049,1.72094858723574,0
0.180977747107769,0.180090828680011,-0.0156932455108299,-0.158327198859209,-0.603095342207507,4.81993471923938,0.158327198859209,1.71996224993625,0
0.181977624163613,0.181078152091128,-0.0158511903694584,-0.158930220054369,-0.603095342207507,4.81894791800965,0.158930220054369,1.71897602336575,0
0.182977501219457,0.182065380078642,-0.0160097305762771,-0.159533241249528,-0.603095342207507,4.81796121957306,0.159533241249529,1.71798990802443,0
0.183977378275301,0.183052512283561,-0.0161688660736352,-0.160136262444688,-0.603095342207507,4.81697462435166,0.160136262444688,1.71700390441312,0
0.184977255331145,0.18403954834693,-0.0163285968036657,-0.160739283639848,-0.603095342207507,4.81598813276777,0.160739283639848,1.71601801303329,0
0.185977132386989,0.18502648790983,-0.016488922708285,-0.161342304835007,-0.603095342207507,4.81500174524392,0.161342304835007,1.71503223438707,0
0.186977009442833,0.186013330613374,-0.0166498437291929,-0.161945326030167,-0.603095342207507,4.81401546220287,0.161945326030167,1.71404656897721,0
0.187976886498677,0.187000076098712,-0.016811359807873,-0.162548347225327,-0.603095342207507,4.81302928406761,0.162548347225327,1.71306101730714,0
0.188976763554521,0.18798672400703,-0.0169734708855926,-0.163151368420487,-0.603095342207507,4.81204321126136,0.163151368420487,1.71207557988091,0
0.189976640610365,0.188973273979549,-0.0171361769034024,-0.163754389615646,-0.603095342207507,4.81105724420755,0.163754389615646,1.71109025720323,0
0.190976517666209,0.189959725657524,-0.0172994778021368,-0.164357410810806,-0.603095342207507,4.81007138332986,0.164357410810806,1.71010504977944,0
0.191976394722053,0.190946078682248,-0.0174633735224141,-0.164960432005966,-0.603095342207507,4.8090856290522,0.164960432005966,1.70911995811557,0
0.192976271777897,0.191932332695049,-0.0176278640046361,-0.165563453201125,-0.603095342207507,4.8080999817987,0.165563453201125,1.70813498271827,0
0.193976148833741,0.192918487337291,-0.0177929491889884,-0.166166474396285,-0.603095342207507,4.8071144419937,0.166166474396285,1.70715012409485,0
0.194976025889585,0.193904542250374,-0.0179586290154403,-0.166769495591445,-0.603095342207507,4.80612901006181,0.166769495591445,1.70616538275328,0
0.195975902945429,0.194890497075734,-0.0181249034237449,-0.167372516786604,-0.603095342207507,4.80514368642783,0.167372516786604,1.70518075920217,0
0.196975780001273,0.195876351454844,-0.018291772353439,-0.167975537981764,-0.603095342207507,4.8041584715168,0.167975537981764,1.70419625395079,0
0.197975657057117,0.196862105029214,-0.0184592357438434,-0.168578559176924,-0.603095342207507,4.803173365754,0.168578559176924,1.70321186750909,0
0.198975534112961,0.197847757440388,-0.0186272935340626,-0.169181580372084,-0.603095342207507,4.80218836956493,0.169181580372083,1.70222760038764,0
0.199975411168805,0.198833308329951,-0.018795945662985,-0.169784601567243,-0.603095342207507,4.80120348337532,0.169784601567243,1.7012434530977,0
0.200975288224649,0.199818757339521,-0.0189651920692828,-0.170387622762403,-0.603095342207507,4.80021870761111,0.170387622762403,1.70025942615117,0
0.201975165280493,0.200804104110756,-0.0191350326914121,-0.170990643957563,-0.603095342207507,4.79923404269851,0.170990643957563,1.69927552006062,0
0.202975042336337,0.201789348285349,-0.0193054674676132,-0.171593665152722,-0.603095342207507,4.79824948906391,0.171593665152722,1.69829173533928,0
0.203974919392181,0.202774489505031,-0.0194764963359099,-0.172196686347882,-0.603095342207507,4.79726504713396,0.172196686347882,1.69730807250103,0
0.204974796448025,0.203759527411571,-0.0196481192341103,-0.172799707543042,-0.603095342207507,4.79628071733554,0.172799707543041,1.69632453206043,0
0.205974673503869,0.204744461646776,-0.0198203360998064,-0.173402728738201,-0.603095342207507,4.79529650009573,0.173402728738201,1.69534111453271,0
0.206974550559714,0.205729291852488,-0.0199931468703742,-0.174005749933361,-0.603095342207507,4.79431239584187,0.174005749933361,1.69435782043374,0
0.207974427615558,0.206714017670591,-0.0201665514829736,-0.174608771128521,-0.603095342207507,4.79332840500151,0.174608771128521,1.69337465028008,0
0.208974304671402,0.207698638743002,-0.0203405498745489,-0.17521179232368,-0.603095342207507,4.79234452800243,0.17521179232368,1.69239160458895,0
0.209974181727246,0.208683154711681,-0.0205151419818281,-0.17581481351884,-0.603095342207507,4.79136076527265,0.17581481351884,1.69140868387823,0
0.21097405878309,0.209667565218623,-0.0206903277413235,-0.176417834714,-0.603095342207507,4.79037711724041,0.176417834714,1.69042588866648,0
0.211973935838934,0.210651869905863,-0.0208661070893317,-0.177020855909159,-0.603095342207507,4.78939358433417,0.177020855909159,1.68944321947293,0
0.212973812894778,0.211636068415473,-0.021042479961933,-0.177623877104319,-0.603095342207507,4.78841016698263,0.177623877104319,1.68846067681749,0
0.213973689950622,0.212620160389564,-0.0212194462949922,-0.178226898299479,-0.603095342207507,4.78742686561471,0.178226898299479,1.68747826122071,0
0.214973567006466,0.213604145470288,-0.0213970060241583,-0.178829919494639,-0.603095342207507,4.78644368065958,0.178829919494639,1.68649597320386,0
0.21597344406231,0.214588023299832,-0.0215751590848645,-0.179432940689798,-0.603095342207507,4.78546061254661,0.179432940689798,1.68551381328884,0
0.216973321118154,0.215571793520425,-0.021753905412328,-0.180035961884958,-0.603095342207507,4.78447766170541,0.180035961884958,1.68453178199827,0
0.217973198173998,0.216555455774335,-0.0219332449415506,-0.180638983080118,-0.603095342207507,4.78349482856582,0.180638983080118,1.6835498798554,0
0.218973075229842,0.217539009703867,-0.0221131776073182,-0.181242004275277,-0.603095342207507,4.78251211355791,0.181242004275277,1.6825681073842,0
0.219972952285686,0.218522454951367,-0.0222937033442011,-0.181845025470437,-0.603095342207507,4.78152951711198,0.181845025470437,1.6815864651093,0
0.22097282934153,0.219505791159221,-0.0224748220865538,-0.182448046665597,-0.603095342207507,4.78054703965854,0.182448046665597,1.680604953556,0
0.221972706397374,0.220489017969853,-0.0226565337685154,-0.183051067860756,-0.603095342207507,4.77956468162836,0.183051067860756,1.6796235732503,0
0.222972583453218,0.221472135025729,-0.0228388383240092,-0.183654089055916,-0.603095342207507,4.7785824434524,0.183654089055916,1.67864232471887,0
0.223972460509062,0.222455141969353,-0.023021735686743,-0.184257110251076,-0.603095342207507,4.77760032556189,0.184257110251076,1.67766120848907,0
0.224972337564906,0.22343803844327,-0.023205225790209,-0.184860131446235,-0.603095342207507,4.77661832838826,0.184860131446235,1.67668022508893,0
0.22597221462075,0.224420824090064,-0.0233893085676838,-0.185463152641395,-0.603095342207507,4.77563645236317,0.185463152641395,1.6756993750472,0
0.226972091676594,0.225403498552361,-0.0235739839522285,-0.186066173836555,-0.603095342207507,4.77465469791852,0.186066173836555,1.67471865889327,0
0.227971968732438,0.226386061472827,-0.0237592518766889,-0.186669195031715,-0.603095342207507,4.77367306548643,0.186669195031715,1.67373807715726,0
0.228971845788282,0.227368512494167,-0.0239451122736951,-0.187272216226874,-0.603095342207507,4.77269155549926,0.187272216226874,1.67275763036994,0
0.229971722844126,0.228350851259129,-0.0241315650756618,-0.187875237422034,-0.603095342207507,4.77171016838958,0.187875237422034,1.67177731906279,0
0.23097159989997,0.2293330774105,-0.0243186102147883,-0.188478258617194,-0.603095342207507,4.77072890459019,0.188478258617193,1.67079714376799,0
0.231971476955814,0.230315190591109,-0.0245062476230587,-0.189081279812353,-0.603095342207507,4.76974776453415,0.189081279812353,1.66981710501838,0
0.232971354011658,0.231297190443825,-0.0246944772322413,-0.189684301007513,-0.603095342207507,4.7687667486547,0.189684301007513,1.66883720334753,0
0.233971231067502,0.23227907661156,-0.0248832989738896,-0.190287322202673,-0.603095342207507,4.76778585738535,0.190287322202673,1.66785743928968,0
0.234971108123346,0.233260848737265,-0.0250727127793412,-0.190890343397832,-0.603095342207507,4.76680509115981,0.190890343397832,1.66687781337976,0
0.23597098517919,0.234242506463935,-0.0252627185797189,-0.191493364592992,-0.603095342207507,4.76582445041204,0.191493364592992,1.66589832615342,0
0.236970862235034,0.235224049434605,-0.02545331630593,-0.192096385788152,-0.603095342207507,4.7648439355762,0.192096385788152,1.66491897814698,0
0.237970739290878,0.236205477292351,-0.0256445058886665,-0.192699406983311,-0.603095342207507,4.76386354708672,0.192699406983311,1.66393976989747,0
0.238970616346722,0.237186789680294,-0.0258362872584053,-0.193302428178471,-0.603095342207507,4.76288328537822,0.193302428178471,1.66296070194263,0
0.239970493402566,0.238167986241593,-0.0260286603454081,-0.193905449373631,-0.603095342207507,4.76190315088556,0.193905449373631,1.66198177482087,0
0.24097037045841,0.239149066619451,-0.0262216250797214,-0.194508470568791,-0.603095342207507,4.76092314404384,0.194508470568791,1.66100298907134,0
0.241970247514254,0.240130030457115,-0.0264151813911765,-0.19511149176395,-0.603095342207507,4.75994326528837,0.19511149176395,1.66002434523385,0
0.242970124570098,0.241110877397871,-0.0266093292093896,-0.19571451295911,-0.603095342207507,4.75896351505471,0.19571451295911,1.65904584384894,0
0.243970001625942,0.24209160708505,-0.026804068463762,-0.19631753415427,-0.603095342207507,4.75798389377862,0.19631753415427,1.65806748545786,0
0.244969878681786,0.243072219162025,-0.0269993990834796,-0.196920555349429,-0.603095342207507,4.75700440189611,0.196920555349429,1.65708927060254,0
0.245969755737631,0.244052713272211,-0.0271953209975136,-0.197523576544589,-0.603095342207507,4.75602503984342,0.197523576544589,1.65611119982563,0
0.246969632793475,0.245033089059066,-0.0273918341346199,-0.198126597739749,-0.603095342207507,4.755045808057,0.198126597739749,1.65513327367048,0
0.247969509849319,0.246013346791286,-0.0275889353182053,-0.198687381103897,-0.321475178183867,4.75406670633034,0.198687381103897,1.65415549201802,0
0.248969386905163,0.246993521040545,-0.027786451290436,-0.199008816758587,-0.321475178183867,4.75308769915998,0.199008816758587,1.65317781835092,0
0.249969263961007,0.247973631750492,-0.027984282315409,-0.199330252413276,-0.321475178183867,4.75210876607379,0.199330252413276,1.65220023162857,0
0.250969141016851,0.248953678819862,-0.0281824283726843,-0.199651688067965,-0.321475178183867,4.75112990721874,0.199651688067966,1.65122273206531,0
0.251969018072695,0.249933662147397,-0.0283808894417892,-0.199973123722655,-0.321475178183867,4.75015112274188,0.199973123722655,1.6502453198758,0
0.252968895128539,0.250913581631842,-0.0285796655022185,-0.200294559377344,-0.321475178183867,4.74917241279037,0.200294559377344,1.64926799527498,0
0.253968772184383,0.251893437171952,-0.0287787565334346,-0.200615995032034,-0.321475178183867,4.74819377751144,0.200615995032034,1.64829075847813,0
0.254968649240227,0.252873228666488,-0.0289781625148672,-0.200937430686723,-0.321475178183867,4.74721521705242,0.200937430686723,1.64731360970082,0
0.255968526296071,0.253852956014216,-0.0291778834259135,-0.201258866341413,-0.321475178183867,4.74623673156072,0.201258866341413,1.64633654915894,0
0.256968403351915,0.25483261911391,-0.0293779192459381,-0.201580301996102,-0.321475178183867,4.74525832118385,0.201580301996102,1.6453595770687,0
0.257968280407759,0.255812217864351,-0.0295782699542732,-0.201901737650791,-0.321475178183867,4.7442799860694,0.201901737650791,1.64438269364661,0
0.258968157463603,0.256791752164325,-0.0297789355302183,-0.202223173305481,-0.321475178183867,4.74330172636505,0.202223173305481,1.6434058991095,0
0.259968034519447,0.257771221912626,-0.0299799159530406,-0.20254460896017,-0.321475178183867,4.74232354221858,0.20254460896017,1.64242919367452,0
0.260967911575291,0.258750627008055,-0.0301812112019745,-0.20286604461486,-0.321475178183867,4.74134543377786,0.20286604461486,1.64145257755912,0
0.261967788631135,0.259729967349418,-0.030382821256222,-0.203187480269549,-0.321475178183867,4.74036740119082,0.203187480269549,1.64047605098107,0
0.262967665686979,0.26070924283553,-0.0305847460949526,-0.203508915924239,-0.321475178183867,4.73938944460553,0.203508915924238,1.63949961415847,0
0.263967542742823,0.26168845336521,-0.0307869856973033,-0.203830351578928,-0.321475178183867,4.7384115641701,0.203830351578928,1.63852326730971,0
0.264967419798667,0.262667598837286,-0.0309895400423784,-0.204151787233617,-0.321475178183867,4.73743376003276,0.204151787233617,1.63754701065353,0
0.265967296854511,0.263646679150591,-0.03119240910925,-0.204473222888307,-0.321475178183867,4.73645603234182,0.204473222888307,1.63657084440896,0
0.266967173910355,0.264625694203967,-0.0313955928769573,-0.204794658542996,-0.321475178183867,4.7354783812457,0.204794658542996,1.63559476879536,0
0.267967050966199,0.265604643896259,-0.0315990913245072,-0.205116094197686,-0.321475178183867,4.73450080689287,0.205116094197686,1.63461878403241,0
0.268966928022043,0.266583528126324,-0.0318029044308742,-0.205437529852375,-0.321475178183867,4.73352330943192,0.205437529852375,1.63364289034011,0
0.269966805077887,0.26756234679302,-0.0320070321750001,-0.205758965507065,-0.321475178183867,4.73254588901152,0.205758965507064,1.63266708793876,0
0.270966682133731,0.268541099795216,-0.0322114745357941,-0.206080401161754,-0.321475178183867,4.73156854578044,0.206080401161754,1.63169137704901,0
0.271966559189575,0.269519787031787,-0.0324162314921332,-0.206401836816443,-0.321475178183867,4.73059127988753,0.206401836816443,1.63071575789182,0
0.272966436245419,0.270498408401613,-0.0326213030228616,-0.206723272471133,-0.321475178183867,4.72961409148173,0.206723272471133,1.62974023068847,0
0.273966313301263,0.271476963803582,-0.0328266891067913,-0.207044708125822,-0.321475178183867,4.72863698071208,0.207044708125822,1.62876479566055,0
0.274966190357107,0.27245545313659,-0.0330323897227015,-0.207366143780512,-0.321475178183867,4.72765994772771,0.207366143780511,1.62778945303,0
0.275966067412951,0.273433876299537,-0.033238404849339,-0.207687579435201,-0.321475178183867,4.72668299267782,0.207687579435201,1.62681420301906,0
0.276965944468795,0.274412233191333,-0.0334447344654183,-0.208009015089891,-0.321475178183867,4.72570611571172,0.20800901508989,1.62583904585032,0
0.277965821524639,0.275390523710892,-0.0336513785496211,-0.20833045074458,-0.321475178183867,4.72472931697882,0.20833045074458,1.62486398174666,0
0.278965698580483,0.276368747757137,-0.0338583370805967,-0.208651886399269,-0.321475178183867,4.72375259662859,0.208651886399269,1.62388901093131,0
0.279965575636327,0.277346905228996,-0.0340656100369622,-0.208973322053959,-0.321475178183867,4.72277595481062,0.208973322053959,1.62291413362782,0
0.280965452692171,0.278324996025407,-0.0342731973973017,-0.209294757708648,-0.321475178183867,4.72179939167457,0.209294757708648,1.62193935006006,0
0.281965329748016,0.279303020045311,-0.0344810991401673,-0.209616193363338,-0.321475178183867,4.7208229073702,0.209616193363338,1.62096466045225,0
0.28296520680386,0.280280977187658,-0.0346893152440783,-0.209937629018027,-0.321475178183867,4.71984650204737,0.209937629018027,1.61999006502891,0
0.283965083859704,0.281258867351404,-0.0348978456875217,-0.210259064672716,-0.321475178183867,4.71887017585602,0.210259064672716,1.61901556401491,0
0.284964960915548,0.282236690435514,-0.0351066904489519,-0.210580500327406,-0.321475178183867,4.71789392894617,0.210580500327406,1.61804115763543,0
0.285964837971392,0.283214446338958,-0.0353158495067909,-0.210901935982095,-0.321475178183867,4.71691776146796,0.210901935982095,1.61706684611598,0
0.286964715027236,0.284192134960713,-0.0355253228394281,-0.211223371636785,-0.321475178183867,4.71594167357159,0.211223371636785,1.61609262968243,0
0.28796459208308,0.285169756199764,-0.0357351104252207,-0.211544807291474,-0.321475178183867,4.71496566540738,0.211544807291474,1.61511850856096,0
0.288964469138924,0.286147309955101,-0.0359452122424932,-0.211866242946164,-0.321475178183867,4.71398973712573,0.211866242946164,1.61414448297806,0
0.289964346194768,0.287124796125724,-0.0361556282695376,-0.212187678600853,-0.321475178183867,4.71301388887711,0.212187678600853,1.6131705531606,0
0.290964223250612,0.288102214610636,-0.0363663584846137,-0.212509114255542,-0.321475178183867,4.71203812081212,0.212509114255543,1.61219671933574,0
0.291964100306456,0.289079565308852,-0.0365774028659485,-0.212830549910232,-0.321475178183867,4.71106243308142,0.212830549910232,1.611222981731,0
0.2929639773623,0.290056848119389,-0.0367887613917368,-0.213151985564921,-0.321475178183867,4.71008682583578,0.213151985564921,1.61024934057421,0
0.293963854418144,0.291034062941275,-0.0370004340401409,-0.213473421219611,-0.321475178183867,4.70911129922606,0.213473421219611,1.60927579609357,0
0.294963731473988,0.292011209673542,-0.0372124207892905,-0.2137948568743,-0.321475178183867,4.70813585340319,0.2137948568743,1.60830234851759,0
0.295963608529832,0.292988288215231,-0.0374247216172829,-0.21411629252899,-0.321475178183867,4.70716048851822,0.21411629252899,1.60732899807511,0
0.296963485585676,0.293965298465389,-0.0376373365021831,-0.214437728183679,-0.321475178183867,4.70618520472228,0.214437728183679,1.60635574499533,0
0.29796336264152,0.294942240323071,-0.0378502654220236,-0.214759163838368,-0.321475178183867,4.7052100021666,0.214759163838369,1.60538258950776,0
0.298963239697364,0.295919113687338,-0.0380635083548042,-0.215080599493058,-0.321475178183867,4.70423488100248,0.215080599493058,1.60440953184228,0
0.299963116753208,0.296895918457259,-0.0382770652784927,-0.215402035147747,-0.321475178183867,4.70325984138133,0.215402035147747,1.60343657222908,0
0.300962993809052,0.297872654531909,-0.0384909361710239,-0.215723470802437,-0.321475178183867,4.70228488345465,0.215723470802437,1.6024637108987,0
0.301962870864896,0.298849321810372,-0.0387051210103008,-0.216044906457126,-0.321475178183867,4.70131000737403,0.216044906457126,1.60149094808202,0
0.30296274792074,0.299825920191736,-0.0389196197741934,-0.216366342111816,-0.321475178183867,4.70033521329116,0.216366342111816,1.60051828401027,0
0.303962624976584,0.3008024495751,-0.0391344324405396,-0.216687777766505,-0.321475178183867,4.6993605013578,0.216687777766505,1.599545718915,0
0.304962502032428,0.301778909859567,-0.0393495589871447,-0.217009213421194,-0.321475178183867,4.69838587172582,0.217009213421195,1.59857325302813,0
0.305962379088272,0.302755300944248,-0.0395649993917817,-0.217330649075884,-0.321475178183867,4.69741132454719,0.217330649075884,1.59760088658188,0
0.306962256144116,0.303731622728263,-0.0397807536321911,-0.217652084730573,-0.321475178183867,4.69643685997396,0.217652084730573,1.59662861980886,0
0.30796213319996,0.304707875110735,-0.039996821686081,-0.217973520385263,-0.321475178183867,4.69546247815826,0.217973520385263,1.59565645294199,0
0.308962010255804,0.305684057990799,-0.0402132035311269,-0.218294956039952,-0.321475178183867,4.69448817925234,0.218294956039952,1.59468438621456,0
0.309961887311648,0.306660171267594,-0.0404298991449723,-0.218616391694642,-0.321475178183867,4.69351396340852,0.218616391694642,1.59371241986017,0
0.310961764367492,0.307636214840268,-0.0406469085052278,-0.218937827349331,-0.321475178183867,4.69253983077923,0.218937827349331,1.59274055411281,0
0.311961641423336,0.308612188607973,-0.040864231589472,-0.21925926300402,-0.321475178183867,4.69156578151698,0.21925926300402,1.59176878920678,0
0.31296151847918,0.309588092469873,-0.0410818683752507,-0.21958069865871,-0.321475178183867,4.69059181577438,0.21958069865871,1.59079712537674,0
0.313961395535024,0.310563926325136,-0.0412998188400775,-0.219902134313399,-0.321475178183867,4.68961793370413,0.219902134313399,1.5898255628577,0
0.314961272590868,0.311539690072938,-0.0415180829614337,-0.220223569968089,-0.321475178183867,4.68864413545901,0.220223569968089,1.58885410188501,0
0.315961149646712,0.312515383612462,-0.0417366607167679,-0.220545005622778,-0.321475178183867,4.68767042119192,0.220545005622778,1.58788274269439,0
0.316961026702556,0.313491006842898,-0.0419555520834966,-0.220866441277467,-0.321475178183867,4.68669679105583,0.220866441277467,1.58691148552188,0
0.3179609037584,0.314466559663445,-0.0421747570390036,-0.221187876932157,-0.321475178183867,4.68572324520382,0.221187876932157,1.58594033060389,0
0.318960780814245,0.315442041973307,-0.0423942755606406,-0.221509312586846,-0.321475178183867,4.68474978378905,0.221509312586846,1.58496927817717,0
0.319960657870088,0.316417453671696,-0.0426141076257267,-0.221830748241536,-0.321475178183867,4.68377640696477,0.221830748241536,1.58399832847883,0
0.320960534925933,0.317392794657833,-0.0428342532115486,-0.222152183896225,-0.321475178183867,4.68280311488435,0.222152183896225,1.58302748174633,0
0.321960411981777,0.318368064830944,-0.0430547122953607,-0.222473619550915,-0.321475178183867,4.68182990770122,0.222473619550914,1.58205673821748,0
0.322960289037621,0.319343264090264,-0.043275484854385,-0.222795055205604,-0.321475178183867,4.68085678556892,0.222795055205604,1.58108609813044,0
0.323960166093465,0.320318392335033,-0.0434965708658111,-0.223116490860293,-0.321475178183867,4.67988374864108,0.223116490860293,1.58011556172374,0
0.324960043149309,0.321293449464501,-0.0437179703067961,-0.223437926514983,-0.321475178183867,4.67891079707142,0.223437926514983,1.57914512923624,0
0.325959920205153,0.322268435377925,-0.0439396831544649,-0.223759362169672,-0.321475178183867,4.67793793101377,0.223759362169672,1.57817480090718,0
0.326959797260997,0.323243349974567,-0.0441617093859099,-0.224080797824362,-0.321475178183867,4.67696515062204,0.224080797824362,1.57720457697614,0
0.327959674316841,0.324218193153698,-0.0443840489781913,-0.224402233479051,-0.321475178183867,4.67599245605022,0.224402233479051,1.57623445768305,0
0.328959551372685,0.325192964814598,-0.0446067019083365,-0.224723669133741,-0.321475178183867,4.67501984745242,0.22472366913374,1.57526444326823,0
0.329959428428529,0.326167664856551,-0.044829668153341,-0.22504510478843,-0.321475178183867,4.67404732498284,0.22504510478843,1.57429453397233,0
0.330959305484373,0.327142293178852,-0.0450529476901677,-0.225366540443119,-0.321475178183867,4.67307488879575,0.225366540443119,1.57332473003636,0
0.331959182540217,0.328116849680799,-0.0452765404957471,-0.225687976097809,-0.321475178183867,4.67210253904553,0.225687976097809,1.57235503170171,0
0.332959059596061,0.329091334261702,-0.0455004465469774,-0.226009411752498,-0.321475178183867,4.67113027588667,0.226009411752498,1.57138543921009,0
0.333958936651905,0.330065746820876,-0.0457246658207246,-0.226330847407188,-0.321475178183867,4.67015809947373,0.226330847407187,1.57041595280362,0
0.334958813707749,0.331040087257644,-0.0459491982938219,-0.226652283061877,-0.321475178183867,4.66918600996137,0.226652283061877,1.56944657272475,0
0.335958690763593,0.332014355471335,-0.0461740439430706,-0.226973718716566,-0.321475178183867,4.66821400750434,0.226973718716566,1.5684772992163,0
0.336958567819437,0.332988551361288,-0.0463992027452394,-0.227295154371256,-0.321475178183867,4.6672420922575,0.227295154371256,1.56750813252145,0
0.337958444875281,0.333962674826848,-0.0466246746770647,-0.227616590025945,-0.321475178183867,4.6662702643758,0.227616590025945,1.56653907288376,0
0.338958321931125,0.334936725767367,-0.0468504597152505,-0.227938025680635,-0.321475178183867,4.66529852401426,0.227938025680635,1.56557012054712,0
0.339958198986969,0.335910704082206,-0.0470765578364686,-0.228259461335324,-0.321475178183867,4.66432687132802,0.228259461335324,1.56460127575581,0
0.340958076042813,0.336884609670733,-0.0473029690173582,-0.228580896990014,-0.321475178183867,4.66335530647232,0.228580896990014,1.56363253875449,0
0.341957953098657,0.337858442432322,-0.0475296932345263,-0.228902332644703,-0.321475178183867,4.66238382960246,0.228902332644703,1.56266390978815,0
0.342957830154501,0.338832202266357,-0.0477567304645477,-0.229223768299392,-0.321475178183867,4.66141244087388,0.229223768299392,1.56169538910216,0
0.343957707210345,0.339805889072228,-0.0479840806839646,-0.229545203954082,-0.321475178183867,4.66044114044207,0.229545203954082,1.56072697694228,0
0.344957584266189,0.340779502749332,-0.048211743869287,-0.229866639608771,-0.321475178183867,4.65946992846264,0.229866639608771,1.5597586735546,0
0.345957461322033,0.341753043197075,-0.0484397199969926,-0.230188075263461,-0.321475178183867,4.6584988050913,0.230188075263461,1.55879047918562,0
0.346957338377877,0.34272651031487,-0.0486680090435266,-0.23050951091815,-0.321475178183867,4.65752777048384,0.23050951091815,1.55782239408217,0
0.347957215433721,0.343699904002137,-0.048896610985302,-0.23083094657284,-0.321475178183867,4.65655682479614,0.23083094657284,1.55685441849148,0
0.348957092489565,0.344673224158305,-0.0491255257986995,-0.231152382227529,-0.321475178183867,4.6555859681842,0.231152382227529,1.55588655266114,0
0.349956969545409,0.345646470682809,-0.0493547534600674,-0.231473817882218,-0.321475178183867,4.65461520080409,0.231473817882218,1.55491879683912,0
0.350956846601253,0.346619643475093,-0.0495842939457217,-0.231795253536908,-0.321475178183867,4.65364452281198,0.231795253536908,1.55395115127373,0
0.351956723657097,0.347592742434607,-0.0498141472319461,-0.232116689191597,-0.321475178183867,4.65267393436415,0.232116689191597,1.5529836162137,0
0.352956600712941,0.34856576746081,-0.0500443132949919,-0.232438124846287,-0.321475178183867,4.65170343561696,0.232438124846287,1.55201619190811,0
0.353956477768785,0.349538718453168,-0.0502747921110781,-0.232759560500976,-0.321475178183867,4.65073302672686,0.232759560500976,1.5510488786064,0
0.354956354824629,0.350511595311155,-0.0505055836563915,-0.233080996155666,-0.321475178183867,4.64976270785042,0.233080996155666,1.55008167655842,0
0.355956231880473,0.351484397934253,-0.0507366879070865,-0.233402431810355,-0.321475178183867,4.64879247914428,0.233402431810355,1.54911458601437,0
0.356956108936317,0.352457126221951,-0.0509681048392853,-0.233723867465044,-0.321475178183867,4.64782234076519,0.233723867465045,1.54814760722484,0
0.357955985992161,0.353429780073745,-0.0511998344290775,-0.234045303119734,-0.321475178183867,4.64685229286999,0.234045303119734,1.54718074044078,0
0.358955863048006,0.35440235938914,-0.0514318766525208,-0.234366738774423,-0.321475178183867,4.64588233561561,0.234366738774423,1.54621398591354,0
0.35995574010385,0.355374864067649,-0.0516642314856402,-0.234688174429113,-0.321475178183867,4.64491246915909,0.234688174429113,1.54524734389484,0
0.360955617159694,0.356347294008791,-0.0518968989044287,-0.235009610083802,-0.321475178183867,4.64394269365755,0.235009610083802,1.54428081463677,0
0.361955494215538,0.357319649112094,-0.0521298788848469,-0.235331045738492,-0.321475178183867,4.64297300926822,0.235331045738492,1.54331439839181,0
0.362955371271382,0.358291929277094,-0.0523631714028231,-0.235652481393181,-0.321475178183867,4.64200341614841,0.235652481393181,1.54234809541283,0
0.363955248327226,0.359264134403333,-0.0525967764342533,-0.23597391704787,-0.321475178183867,4.64103391445554,0.235973917047871,1.54138190595307,0
0.36495512538307,0.360236264390363,-0.0528306939550013,-0.23629535270256,-0.321475178183867,4.64006450434712,0.23629535270256,1.54041583026614,0
0.365955002438914,0.361208319137742,-0.0530649239408983,-0.236616788357249,-0.321475178183867,4.63909518598075,0.236616788357249,1.53944986860605,0
0.366954879494758,0.362180298545036,-0.0532994663677438,-0.236938224011939,-0.321475178183867,4.63812595951413,0.236938224011939,1.5384840212272,0
0.367954756550602,0.363152202511821,-0.0535343212113043,-0.237259659666628,-0.321475178183867,4.63715682510507,0.237259659666628,1.53751828838437,0
0.368954633606446,0.364124030937677,-0.0537694884473147,-0.237581095321317,-0.321475178183867,4.63618778291145,0.237581095321318,1.5365526703327,0
0.36995451066229,0.365095783722195,-0.0540049680514772,-0.237902530976007,-0.321475178183867,4.63521883309127,0.237902530976007,1.53558716732776,0
0.370954387718134,0.366067460764973,-0.0542407599994617,-0.238223966630696,-0.321475178183867,4.63424997580261,0.238223966630696,1.53462177962546,0
0.371954264773978,0.367039062865682,-0.0544768605650334,-0.238511533925416,-0.170930624929869,4.63328121026012,0.238511533925416,1.53365650648785,0
0.372954141829822,0.368010613921483,-0.054713171102971,-0.238682443535424,-0.170930624929869,4.63231251146079,0.238682443535424,1.53269132165056,0
0.373954018885666,0.368982124575354,-0.0549496476848685,-0.238853353145433,-0.170930624929869,4.63134386828308,0.238853353145433,1.53172621346177,0
0.37495389594151,0.369953594798915,-0.0551862903038185,-0.239024262755441,-0.170930624929869,4.63037528079021,0.239024262755441,1.53076118205386,0
0.375953772997354,0.370925024563791,-0.0554230989529084,-0.23919517236545,-0.170930624929869,4.62940674904542,0.23919517236545,1.5297962275594,0
0.376953650053198,0.371896413841605,-0.0556600736252213,-0.239366081975458,-0.170930624929869,4.62843827311202,0.239366081975458,1.52883135011118,0
0.377953527109042,0.372867762603983,-0.055897214313835,-0.239536991585467,-0.170930624929869,4.62746985305334,0.239536991585467,1.52786654984222,0
0.378953404164886,0.373839070822552,-0.0561345210118225,-0.239707901195475,-0.170930624929869,4.62650148893277,0.239707901195475,1.52690182688575,0
0.37995328122073,0.37481033846894,-0.0563719937122523,-0.239878810805484,-0.170930624929869,4.62553318081374,0.239878810805484,1.52593718137522,0
0.380953158276574,0.375781565514776,-0.0566096324081875,-0.240049720415492,-0.170930624929869,4.62456492875972,0.240049720415492,1.52497261344429,0
0.381953035332418,0.376752751931691,-0.0568474370926869,-0.240220630025501,-0.170930624929869,4.62359673283421,0.240220630025501,1.52400812322685,0
0.382952912388262,0.377723897691316,-0.057085407758804,-0.240391539635509,-0.170930624929869,4.62262859310079,0.240391539635509,1.52304371085702,0
0.383952789444106,0.378695002765284,-0.0573235443995879,-0.240562449245517,-0.170930624929869,4.62166050962304,0.240562449245517,1.52207937646911,0
0.38495266649995,0.379666067125228,-0.0575618470080823,-0.240733358855526,-0.170930624929869,4.62069248246462,0.240733358855526,1.52111512019767,0
0.385952543555794,0.380637090742785,-0.0578003155773266,-0.240904268465534,-0.170930624929869,4.61972451168921,0.240904268465534,1.52015094217748,0
0.386952420611638,0.381608073589589,-0.0580389501003551,-0.241075178075543,-0.170930624929869,4.61875659736055,0.241075178075543,1.51918684254352,0
0.387952297667482,0.38257901563728,-0.0582777505701971,-0.241246087685551,-0.170930624929869,4.61778873954241,0.241246087685551,1.518222821431,0
0.388952174723326,0.383549916857494,-0.0585167169798774,-0.24141699729556,-0.170930624929869,4.61682093829862,0.24141699729556,1.51725887897537,0
0.38995205177917,0.384520777221873,-0.0587558493224156,-0.241587906905568,-0.170930624929869,4.61585319369303,0.241587906905568,1.51629501531227,0
0.390951928835014,0.385491596702057,-0.0589951475908267,-0.241758816515577,-0.170930624929869,4.61488550578956,0.241758816515577,1.51533123057758,0
0.391951805890858,0.386462375269689,-0.0592346117781208,-0.241929726125585,-0.170930624929869,4.61391787465216,0.241929726125585,1.51436752490742,0
0.392951682946702,0.387433112896412,-0.0594742418773031,-0.242100635735594,-0.170930624929869,4.61295030034482,0.242100635735594,1.51340389843812,0
0.393951560002546,0.388403809553871,-0.059714037881374,-0.242271545345602,-0.170930624929869,4.61198278293158,0.242271545345602,1.51244035130621,0
0.394951437058391,0.389374465213711,-0.0599539997833291,-0.242442454955611,-0.170930624929869,4.61101532247653,0.242442454955611,1.51147688364849,0
0.395951314114235,0.39034507984758,-0.0601941275761589,-0.242613364565619,-0.170930624929869,4.6100479190438,0.242613364565619,1.51051349560195,0
0.396951191170079,0.391315653427126,-0.0604344212528494,-0.242784274175627,-0.170930624929869,4.60908057269755,0.242784274175627,1.50955018730383,0
0.397951068225923,0.392286185923998,-0.0606748808063815,-0.242955183785636,-0.170930624929869,4.60811328350201,0.242955183785636,1.50858695889159,0
0.398950945281767,0.393256677309847,-0.0609155062297315,-0.243126093395644,-0.170930624929869,4.60714605152143,0.243126093395644,1.5076238105029,0
0.399950822337611,0.394227127556325,-0.0611562975158706,-0.243297003005653,-0.170930624929869,4.60617887682013,0.243297003005653,1.50666074227568,0
0.400950699393455,0.395197536635085,-0.0613972546577652,-0.243467912615661,-0.170930624929869,4.60521175946243,0.243467912615661,1.50569775434807,0
0.401950576449299,0.396167904517781,-0.0616383776483771,-0.24363882222567,-0.170930624929869,4.60424469951276,0.24363882222567,1.50473484685844,0
0.402950453505143,0.397138231176069,-0.0618796664806629,-0.243809731835678,-0.170930624929869,4.60327769703553,0.243809731835678,1.50377201994538,0
0.403950330560987,0.398108516581605,-0.0621211211475747,-0.243980641445687,-0.170930624929869,4.60231075209523,0.243980641445686,1.50280927374772,0
0.404950207616831,0.399078760706047,-0.0623627416420594,-0.244151551055695,-0.170930624929869,4.6013438647564,0.244151551055695,1.50184660840451,0
0.405950084672675,0.400048963521055,-0.0626045279570594,-0.244322460665704,-0.170930624929869,4.60037703508359,0.244322460665704,1.50088402405505,0
0.406949961728519,0.401019124998288,-0.062846480085512,-0.244493370275712,-0.170930624929869,4.59941026314142,0.244493370275712,1.49992152083884,0
0.407949838784363,0.401989245109408,-0.0630885980203498,-0.24466427988572,-0.170930624929869,4.59844354899456,0.244664279885721,1.49895909889563,0
0.408949715840207,0.402959323826077,-0.0633308817545005,-0.244835189495729,-0.170930624929869,4.59747689270772,0.244835189495729,1.49799675836541,0
0.409949592896051,0.403929361119961,-0.063573331280887,-0.245006099105737,-0.170930624929869,4.59651029434563,0.245006099105737,1.49703449938839,0
0.410949469951895,0.404899356962723,-0.0638159465924272,-0.245177008715746,-0.170930624929869,4.59554375397309,0.245177008715746,1.49607232210501,0
0.411949347007739,0.40586931132603,-0.0640587276820345,-0.245347918325754,-0.170930624929869,4.59457727165494,0.245347918325754,1.49511022665595,0
0.412949224063583,0.40683922418155,-0.0643016745426171,-0.245518827935763,-0.170930624929869,4.59361084745608,0.245518827935763,1.49414821318212,0
0.413949101119427,0.407809095500952,-0.0645447871670785,-0.245689737545771,-0.170930624929869,4.59264448144141,0.245689737545771,1.49318628182467,0
0.414948978175271,0.408778925255904,-0.0647880655483173,-0.24586064715578,-0.170930624929869,4.59167817367592,0.24586064715578,1.49222443272498,0
0.415948855231115,0.40974871341808,-0.0650315096792275,-0.246031556765788,-0.170930624929869,4.59071192422462,0.246031556765788,1.49126266602465,0
0.416948732286959,0.41071845995915,-0.0652751195526979,-0.246202466375797,-0.170930624929869,4.58974573315258,0.246202466375796,1.49030098186555,0
0.417948609342803,0.411688164850788,-0.0655188951616128,-0.246373375985805,-0.170930624929869,4.58877960052491,0.246373375985805,1.48933938038976,0
0.418948486398647,0.41265782806467,-0.0657628364988513,-0.246544285595814,-0.170930624929869,4.58781352640675,0.246544285595813,1.4883778617396,0
0.419948363454491,0.413627449572472,-0.066006943557288,-0.246715195205822,-0.170930624929869,4.5868475108633,0.246715195205822,1.48741642605764,0
0.420948240510335,0.41459702934587,-0.0662512163297924,-0.24688610481583,-0.170930624929869,4.58588155395982,0.246886104815831,1.48645507348667,0
0.421948117566179,0.415566567356543,-0.0664956548092293,-0.247057014425839,-0.170930624929869,4.58491565576157,0.247057014425839,1.48549380416972,0
0.422947994622023,0.416536063576171,-0.0667402589884587,-0.247227924035847,-0.170930624929869,4.58394981633391,0.247227924035847,1.48453261825008,0
0.423947871677867,0.417505517976435,-0.0669850288603357,-0.247398833645856,-0.170930624929869,4.5829840357422,0.247398833645856,1.48357151587125,0
0.424947748733711,0.418474930529017,-0.0672299644177104,-0.247569743255864,-0.170930624929869,4.58201831405187,0.247569743255864,1.48261049717699,0
0.425947625789555,0.4194443012056,-0.0674750656534283,-0.247740652865873,-0.170930624929869,4.58105265132838,0.247740652865873,1.48164956231129,0
0.426947502845399,0.420413629977869,-0.06772033256033,-0.247911562475881,-0.170930624929869,4.58008704763726,0.247911562475881,1.48068871141839,0
0.427947379901243,0.42138291681751,-0.0679657651312511,-0.24808247208589,-0.170930624929869,4.57912150304405,0.24808247208589,1.47972794464275,0
0.428947256957087,0.42235216169621,-0.0682113633590227,-0.248253381695898,-0.170930624929869,4.57815601761437,0.248253381695898,1.4787672621291,0
0.429947134012931,0.423321364585656,-0.0684571272364708,-0.248424291305907,-0.170930624929869,4.57719059141386,0.248424291305906,1.47780666402239,0
0.430947011068775,0.424290525457539,-0.0687030567564164,-0.248595200915915,-0.170930624929869,4.57622522450822,0.248595200915915,1.47684615046782,0
0.43194688812462,0.425259644283549,-0.0689491519116761,-0.248766110525923,-0.170930624929869,4.57525991696319,0.248766110525923,1.47588572161084,0
0.432946765180463,0.426228721035379,-0.0691954126950614,-0.248937020135932,-0.170930624929869,4.57429466884455,0.248937020135932,1.47492537759713,0
0.433946642236308,0.42719775568472,-0.0694418390993789,-0.24910792974594,-0.170930624929869,4.57332948021814,0.24910792974594,1.47396511857263,0
0.434946519292152,0.428166748203269,-0.0696884311174305,-0.249278839355949,-0.170930624929869,4.57236435114984,0.249278839355949,1.4730049446835,0
0.435946396347996,0.42913569856272,-0.0699351887420134,-0.249449748965957,-0.170930624929869,4.57139928170556,0.249449748965958,1.47204485607616,0
0.43694627340384,0.43010460673477,-0.0701821119659195,-0.249620658575966,-0.170930624929869,4.57043427195127,0.249620658575966,1.4710848528973,0
0.437946150459684,0.431073472691117,-0.0704292007819364,-0.249791568185974,-0.170930624929869,4.569469321953,0.249791568185974,1.4701249352938,0
0.438946027515528,0.432042296403461,-0.0706764551828464,-0.249962477795983,-0.170930624929869,4.56850443177679,0.249962477795983,1.46916510341284,0
0.439945904571372,0.433011077843503,-0.0709238751614273,-0.250133387405991,-0.170930624929869,4.56753960148876,0.250133387405991,1.46820535740182,0
0.440945781627216,0.433979816982943,-0.0711714607104519,-0.250304297016,-0.170930624929869,4.56657483115505,0.250304297016,1.46724569740839,0
0.44194565868306,0.434948513793486,-0.0714192118226883,-0.250475206626008,-0.170930624929869,4.56561012084187,0.250475206626008,1.46628612358045,0
0.442945535738904,0.435917168246835,-0.0716671284908995,-0.250646116236016,-0.170930624929869,4.56464547061545,0.250646116236017,1.46532663606614,0
0.443945412794748,0.436885780314696,-0.0719152107078439,-0.250817025846025,-0.170930624929869,4.56368088054209,0.250817025846025,1.46436723501388,0
0.444945289850592,0.437854349968775,-0.0721634584662751,-0.250987935456033,-0.170930624929869,4.56271635068811,0.250987935456033,1.4634079205723,0
0.445945166906436,0.438822877180781,-0.0724118717589416,-0.251158845066042,-0.170930624929869,4.56175188111991,0.251158845066042,1.46244869289031,0
0.44694504396228,0.439791361922423,-0.0726604505785873,-0.25132975467605,-0.170930624929869,4.56078747190391,0.25132975467605,1.46148955211705,0
0.447944921018124,0.440759804165412,-0.0729091949179512,-0.251500664286059,-0.170930624929869,4.55982312310658,0.251500664286059,1.46053049840192,0
0.448944798073968,0.441728203881458,-0.0731581047697675,-0.251671573896067,-0.170930624929869,4.55885883479443,0.251671573896067,1.45957153189457,0
0.449944675129812,0.442696561042275,-0.0734071801267653,-0.251842483506075,-0.170930624929869,4.55789460703405,0.251842483506076,1.45861265274491,0
0.450944552185656,0.443664875619578,-0.0736564209816694,-0.252013393116084,-0.170930624929869,4.55693043989203,0.252013393116084,1.4576538611031,0
0.4519444292415,0.444633147585081,-0.0739058273271992,-0.252184302726092,-0.170930624929869,4.55596633343504,0.252184302726092,1.45669515711953,0
0.452944306297344,0.445601376910501,-0.0741553991560696,-0.252355212336101,-0.170930624929869,4.55500228772978,0.252355212336101,1.45573654094488,0
0.453944183353188,0.446569563567557,-0.0744051364609906,-0.252526121946109,-0.170930624929869,4.554038302843,0.252526121946109,1.45477801273006,0
0.454944060409032,0.447537707527967,-0.0746550392346674,-0.252697031556118,-0.170930624929869,4.55307437884149,0.252697031556118,1.45381957262625,0
0.455943937464876,0.448505808763452,-0.0749051074698002,-0.252867941166126,-0.170930624929869,4.55211051579211,0.252867941166126,1.45286122078487,0
0.45694381452072,0.449473867245733,-0.0751553411590846,-0.253038850776134,-0.170930624929869,4.55114671376174,0.253038850776135,1.45190295735761,0
0.457943691576564,0.450441882946534,-0.0754057402952111,-0.253209760386143,-0.170930624929869,4.55018297281731,0.253209760386143,1.4509447824964,0
0.458943568632408,0.451409855837578,-0.0756563048708657,-0.253380669996151,-0.170930624929869,4.54921929302581,0.253380669996151,1.44998669635345,0
0.459943445688252,0.452377785890591,-0.0759070348787292,-0.25355157960616,-0.170930624929869,4.54825567445427,0.25355157960616,1.4490286990812,0
0.460943322744096,0.453345673077301,-0.076157930311478,-0.253722489216168,-0.170930624929869,4.54729211716976,0.253722489216168,1.44807079083237,0
0.46194319979994,0.454313517369433,-0.0764089911617831,-0.253893398826177,-0.170930624929869,4.54632862123941,0.253893398826177,1.44711297175993,0
0.462943076855784,0.455281318738719,-0.0766602174223112,-0.254064308436185,-0.170930624929869,4.54536518673038,0.254064308436185,1.44615524201711,0
0.463942953911628,0.456249077156887,-0.076911609085724,-0.254235218046193,-0.170930624929869,4.5444018137099,0.254235218046194,1.4451976017574,0
0.464942830967472,0.457216792595671,-0.0771631661446781,-0.254406127656202,-0.170930624929869,4.54343850224521,0.254406127656202,1.44424005113455,0
0.465942708023316,0.458184465026802,-0.0774148885918258,-0.25457703726621,-0.170930624929869,4.54247525240365,0.25457703726621,1.44328259030257,0
0.46694258507916,0.459152094422016,-0.077666776419814,-0.254747946876219,-0.170930624929869,4.54151206425255,0.254747946876219,1.44232521941573,0
0.467942462135004,0.460119680753047,-0.0779188296212851,-0.254918856486227,-0.170930624929869,4.54054893785932,0.254918856486227,1.44136793862856,0
0.468942339190848,0.461087223991632,-0.0781710481888767,-0.255089766096236,-0.170930624929869,4.53958587329141,0.255089766096236,1.44041074809586,0
0.469942216246692,0.462054724109509,-0.0784234321152214,-0.255260675706244,-0.170930624929869,4.53862287061632,0.255260675706244,1.43945364797269,0
0.470942093302537,0.463022181078418,-0.078675981392947,-0.255431585316252,-0.170930624929869,4.5376599299016,0.255431585316253,1.43849663841437,0
0.47194197035838,0.463989594870098,-0.0789286960146766,-0.255602494926261,-0.170930624929869,4.53669705121483,0.255602494926261,1.43753971957648,0
0.472941847414225,0.464956965456293,-0.0791815759730283,-0.255773404536269,-0.170930624929869,4.53573423462365,0.255773404536269,1.43658289161488,0
0.473941724470069,0.465924292808743,-0.0794346212606155,-0.255944314146278,-0.170930624929869,4.53477148019574,0.255944314146278,1.43562615468568,0
0.474941601525913,0.466891576899195,-0.0796878318700467,-0.256115223756286,-0.170930624929869,4.53380878799885,0.256115223756286,1.43466950894527,0
0.475941478581757,0.467858817699394,-0.0799412077939257,-0.256286133366295,-0.170930624929869,4.53284615810075,0.256286133366295,1.43371295455029,0
0.476941355637601,0.468826015181085,-0.0801947490248512,-0.256457042976303,-0.170930624929869,4.53188359056926,0.256457042976303,1.43275649165765,0
0.477941232693445,0.469793169316018,-0.0804484555554173,-0.256627952586311,-0.170930624929869,4.53092108547225,0.256627952586312,1.43180012042453,0
0.478941109749289,0.470760280075942,-0.0807023273782132,-0.25679886219632,-0.170930624929869,4.52995864287766,0.25679886219632,1.4308438410084,0
0.479940986805133,0.471727347432606,-0.0809563644858234,-0.256969771806328,-0.170930624929869,4.52899626285345,0.256969771806328,1.42988765356695,0
0.480940863860977,0.472694371357764,-0.0812105668708273,-0.257140681416337,-0.170930624929869,4.52803394546763,0.257140681416337,1.42893155825818,0
0.481940740916821,0.473661351823169,-0.0814649345257996,-0.257311591026345,-0.170930624929869,4.52707169078827,0.257311591026345,1.42797555524035,0
0.482940617972665,0.474628288800574,-0.0817194674433104,-0.257482500636354,-0.170930624929869,4.52610949888348,0.257482500636354,1.42701964467198,0
0.483940495028509,0.475595182261735,-0.0819741656159245,-0.257653410246362,-0.170930624929869,4.52514736982141,0.257653410246362,1.42606382671186,0
0.484940372084353,0.47656203217841,-0.0822290290362024,-0.257824319856371,-0.170930624929869,4.52418530367028,0.257824319856371,1.42510810151908,0
0.485940249140197,0.477528838522356,-0.0824840576966994,-0.257995229466379,-0.170930624929869,4.52322330049834,0.257995229466379,1.42415246925296,0
0.486940126196041,0.478495601265334,-0.082739251589966,-0.258166139076387,-0.170930624929869,4.52226136037388,0.258166139076387,1.42319693007311,0
0.487940003251885,0.479462320379103,-0.0829946107085481,-0.258337048686396,-0.170930624929869,4.52129948336526,0.258337048686396,1.42224148413943,0
0.488939880307729,0.480428995835426,-0.0832501350449865,-0.258507958296404,-0.170930624929869,4.52033766954087,0.258507958296404,1.42128613161208,0
0.489939757363573,0.481395627606066,-0.0835058245918175,-0.258678867906413,-0.170930624929869,4.51937591896916,0.258678867906413,1.42033087265147,0
0.490939634419417,0.482362215662788,-0.0837616793415723,-0.258849777516421,-0.170930624929869,4.51841423171862,0.258849777516421,1.41937570741833,0
0.491939511475261,0.483328759977358,-0.0840176992867773,-0.25902068712643,-0.170930624929869,4.51745260785779,0.25902068712643,1.41842063607364,0
0.492939388531105,0.484295260521542,-0.0842738844199541,-0.259191596736438,-0.170930624929869,4.51649104745525,0.259191596736438,1.41746565877864,0
0.493939265586949,0.48526171726711,-0.0845302347336197,-0.259362506346446,-0.170930624929869,4.51552955057965,0.259362506346446,1.41651077569489,0
0.494939142642793,0.486228130185831,-0.0847867502202859,-0.259533415956455,-0.170930624929869,4.51456811729966,0.259533415956455,1.41555598698418,0
0.495939019698637,0.487194500169327,-0.0850434274101814,-0.259680440046943,-0.0913024369746129,4.5136067466991,0.259680440046943,1.41460129174342,0
0.496938896754481,0.48816084170827,-0.0853002116702575,-0.259771731258817,-0.0913024369746129,4.51264542329725,0.259771731258817,1.41364667331361,0
0.497938773810325,0.48912715980104,-0.0855570841477537,-0.25986302247069,-0.0913024369746129,4.51168414176929,0.25986302247069,1.41269212600877,0
0.498938650866169,0.490093454439583,-0.0858140448405291,-0.259954313682564,-0.0913024369746129,4.51072290215001,0.259954313682564,1.41173764993811,0
0.499938527922013,0.491059725615846,-0.0860710937464421,-0.260045604894437,-0.0913024369746129,4.50976170447421,0.260045604894438,1.41078324521103,0
0.500938404977857,0.492025973321777,-0.0863282308633506,-0.260136896106311,-0.0913024369746129,4.50880054877674,0.260136896106311,1.40982891193712,0
0.501938282033701,0.492992197549323,-0.0865854561891116,-0.260228187318185,-0.0913024369746129,4.50783943509247,0.260228187318185,1.40887465022618,0
0.502938159089545,0.493958398290431,-0.0868427697215812,-0.260319478530058,-0.0913024369746129,4.50687836345627,0.260319478530058,1.4079204601882,0
0.503938036145389,0.494924575537048,-0.087100171458615,-0.260410769741932,-0.0913024369746129,4.50591733390307,0.260410769741932,1.40696634193337,0
0.504937913201233,0.495890729281123,-0.0873576613980678,-0.260502060953805,-0.0913024369746129,4.50495634646782,0.260502060953805,1.40601229557206,0
0.505937790257077,0.496856859514603,-0.0876152395377937,-0.260593352165679,-0.0913024369746129,4.50399540118548,0.260593352165679,1.40505832121486,0
0.506937667312921,0.497822966229437,-0.0878729058756459,-0.260684643377553,-0.0913024369746129,4.50303449809105,0.260684643377552,1.40410441897255,0
0.507937544368765,0.498789049417572,-0.0881306604094771,-0.260775934589426,-0.0913024369746129,4.50207363721956,0.260775934589426,1.40315058895612,0
0.50893742142461,0.499755109070959,-0.0883885031371392,-0.2608672258013,-0.0913024369746129,4.50111281860606,0.2608672258013,1.40219683127672,0
0.509937298480454,0.500721145181544,-0.0886464340564831,-0.260958517013173,-0.0913024369746129,4.50015204228562,0.260958517013173,1.40124314604576,0
0.510937175536298,0.501687157741278,-0.0889044531653594,-0.261049808225047,-0.0913024369746129,4.49919130829334,0.261049808225047,1.4002895333748,0
0.511937052592142,0.502653146742109,-0.0891625604616177,-0.26114109943692,-0.0913024369746129,4.49823061666437,0.26114109943692,1.39933599337562,0
0.512936929647986,0.503619112175988,-0.0894207559431068,-0.261232390648794,-0.0913024369746129,4.49726996743385,0.261232390648794,1.3983825261602,0
0.51393680670383,0.504585054034862,-0.089679039607675,-0.261323681860668,-0.0913024369746129,4.49630936063698,0.261323681860667,1.39742913184073,0
0.514936683759674,0.505550972310683,-0.0899374114531697,-0.261414973072541,-0.0913024369746129,4.49534879630895,0.261414973072541,1.39647581052958,0
0.515936560815518,0.5065168669954,-0.0901958714774376,-0.261506264284415,-0.0913024369746129,4.49438827448502,0.261506264284415,1.39552256233935,0
0.516936437871362,0.507482738080963,-0.0904544196783247,-0.261597555496288,-0.0913024369746129,4.49342779520044,0.261597555496289,1.39456938738282,0
0.517936314927206,0.508448585559323,-0.0907130560536761,-0.261688846708162,-0.0913024369746129,4.4924673584905,0.261688846708162,1.39361628577298,0
0.51893619198305,0.50941440942243,-0.0909717806013365,-0.261780137920036,-0.0913024369746129,4.49150696439054,0.261780137920036,1.39266325762303,0
0.519936069038894,0.510380209662235,-0.0912305933191495,-0.261871429131909,-0.0913024369746129,4.49054661293588,0.261871429131909,1.39171030304637,0
0.520935946094738,0.511345986270689,-0.0914894942049583,-0.261962720343783,-0.0913024369746129,4.4895863041619,0.261962720343783,1.3907574221566,0
0.521935823150582,0.512311739239742,-0.0917484832566051,-0.262054011555656,-0.0913024369746129,4.48862603810401,0.262054011555656,1.38980461506753,0
0.522935700206426,0.513277468561348,-0.0920075604719315,-0.26214530276753,-0.0913024369746129,4.48766581479763,0.26214530276753,1.38885188189317,0
0.52393557726227,0.514243174227455,-0.0922667258487782,-0.262236593979404,-0.0913024369746129,4.48670563427821,0.262236593979404,1.38789922274775,0
0.524935454318114,0.515208856230018,-0.0925259793849855,-0.262327885191277,-0.0913024369746129,4.48574549658123,0.262327885191277,1.38694663774569,0
0.525935331373958,0.516174514560987,-0.0927853210783926,-0.262419176403151,-0.0913024369746129,4.48478540174221,0.262419176403151,1.38599412700163,0
0.526935208429802,0.517140149212314,-0.0930447509268382,-0.262510467615024,-0.0913024369746129,4.48382534979667,0.262510467615024,1.3850416906304,0
0.527935085485646,0.518105760175953,-0.0933042689281602,-0.262601758826898,-0.0913024369746129,4.48286534078018,0.262601758826898,1.38408932874706,0
0.52893496254149,0.519071347443855,-0.0935638750801957,-0.262693050038771,-0.0913024369746129,4.48190537472833,0.262693050038771,1.38313704146686,0
0.529934839597334,0.520036911007973,-0.0938235693807811,-0.262784341250645,-0.0913024369746129,4.48094545167673,0.262784341250645,1.38218482890527,0
0.530934716653178,0.52100245086026,-0.0940833518277521,-0.262875632462519,-0.0913024369746129,4.47998557166102,0.262875632462519,1.38123269117796,0
0.531934593709022,0.521967966992669,-0.0943432224189438,-0.262966923674392,-0.0913024369746129,4.47902573471689,0.262966923674392,1.38028062840081,0
0.532934470764866,0.522933459397154,-0.0946031811521902,-0.263058214886266,-0.0913024369746129,4.47806594088002,0.263058214886266,1.37932864068992,0
0.53393434782071,0.523898928065668,-0.094863228025325,-0.263149506098139,-0.0913024369746129,4.47710619018614,0.263149506098139,1.3783767281616,0
0.534934224876554,0.524864372990164,-0.0951233630361807,-0.263240797310013,-0.0913024369746129,4.47614648267101,0.263240797310013,1.37742489093236,0
0.535934101932398,0.525829794162597,-0.0953835861825895,-0.263332088521887,-0.0913024369746129,4.4751868183704,0.263332088521886,1.37647312911892,0
0.536933978988242,0.526795191574921,-0.0956438974623826,-0.26342337973376,-0.0913024369746129,4.47422719732012,0.26342337973376,1.37552144283823,0
0.537933856044086,0.52776056521909,-0.0959042968733905,-0.263514670945634,-0.0913024369746129,4.47326761955601,0.263514670945634,1.37456983220744,0
0.53893373309993,0.528725915087058,-0.0961647844134432,-0.263605962157507,-0.0913024369746129,4.47230808511392,0.263605962157508,1.3736182973439,0
0.539933610155774,0.529691241170781,-0.0964253600803695,-0.263697253369381,-0.0913024369746129,4.47134859402976,0.263697253369381,1.3726668383652,0
0.540933487211618,0.530656543462212,-0.096686023871998,-0.263788544581255,-0.0913024369746129,4.47038914633942,0.263788544581255,1.37171545538913,0
0.541933364267462,0.531621821953308,-0.0969467757861561,-0.263879835793128,-0.0913024369746129,4.46942974207887,0.263879835793128,1.3707641485337,0
0.542933241323306,0.532587076636023,-0.0972076158206708,-0.263971127005002,-0.0913024369746129,4.46847038128407,0.263971127005002,1.36981291791711,0
0.54393311837915,0.533552307502313,-0.0974685439733682,-0.264062418216875,-0.0913024369746129,4.46751106399102,0.264062418216875,1.36886176365782,0
0.544932995434994,0.534517514544133,-0.0977295602420737,-0.264153709428749,-0.0913024369746129,4.46655179023575,0.264153709428749,1.36791068587446,0
0.545932872490839,0.535482697753441,-0.097990664624612,-0.264245000640622,-0.0913024369746129,4.46559256005432,0.264245000640623,1.3669596846859,0
0.546932749546683,0.53644785712219,-0.098251857118807,-0.264336291852496,-0.0913024369746129,4.4646333734828,0.264336291852496,1.36600876021124,0
0.547932626602527,0.537412992642339,-0.0985131377224818,-0.26442758306437,-0.0913024369746129,4.4636742305573,0.26442758306437,1.36505791256976,0
0.548932503658371,0.538378104305842,-0.0987745064334591,-0.264518874276243,-0.0913024369746129,4.46271513131397,0.264518874276243,1.36410714188099,0
0.549932380714215,0.539343192104658,-0.0990359632495604,-0.264610165488117,-0.0913024369746129,4.46175607578897,0.264610165488117,1.36315644826466,0
0.550932257770059,0.540308256030743,-0.0992975081686069,-0.26470145669999,-0.0913024369746129,4.4607970640185,0.26470145669999,1.36220583184073,0
0.551932134825903,0.541273296076054,-0.0995591411884187,-0.264792747911864,-0.0913024369746129,4.45983809603876,0.264792747911864,1.36125529272936,0
0.552932011881747,0.542238312232547,-0.0998208623068153,-0.264884039123738,-0.0913024369746129,4.45887917188602,0.264884039123737,1.36030483105096,0
0.553931888937591,0.543203304492182,-0.100082671521616,-0.264975330335611,-0.0913024369746129,4.45792029159655,0.264975330335611,1.35935444692613,0
0.554931765993435,0.544168272846915,-0.100344568830638,-0.265066621547485,-0.0913024369746129,4.45696145520666,0.265066621547485,1.35840414047572,0
0.555931643049279,0.545133217288704,-0.100606554231699,-0.265157912759358,-0.0913024369746129,4.45600266275267,0.265157912759358,1.35745391182076,0
0.556931520105123,0.546098137809508,-0.100868627722616,-0.265249203971232,-0.0913024369746129,4.45504391427095,0.265249203971232,1.35650376108254,0
0.557931397160967,0.547063034401284,-0.101130789301204,-0.265340495183105,-0.0913024369746129,4.45408520979788,0.265340495183105,1.35555368838255,0
0.558931274216811,0.548027907055991,-0.101393038965279,-0.265431786394979,-0.0913024369746129,4.45312654936988,0.265431786394979,1.35460369384252,0
0.559931151272655,0.548992755765588,-0.101655376712655,-0.265523077606853,-0.0913024369746129,4.45216793302339,0.265523077606852,1.35365377758439,0
0.560931028328499,0.549957580522033,-0.101917802541146,-0.265614368818726,-0.0913024369746129,4.4512093607949,0.265614368818726,1.35270393973032,0
0.561930905384343,0.550922381317286,-0.102180316448564,-0.2657056600306,-0.0913024369746129,4.45025083272089,0.2657056600306,1.3517541804027,0
0.562930782440187,0.551887158143306,-0.102442918432722,-0.265796951242473,-0.0913024369746129,4.4492923488379,0.265796951242473,1.35080449972415,0
0.563930659496031,0.552851910992053,-0.102705608491431,-0.265888242454347,-0.0913024369746129,4.44833390918247,0.265888242454347,1.3498548978175,0
0.564930536551875,0.553816639855485,-0.102968386622503,-0.265979533666221,-0.0913024369746129,4.44737551379121,0.265979533666221,1.34890537480583,0
0.565930413607719,0.554781344725563,-0.103231252823746,-0.266070824878094,-0.0913024369746129,4.44641716270071,0.266070824878094,1.34795593081241,0
0.566930290663563,0.555746025594248,-0.10349420709297,-0.266162116089968,-0.0913024369746129,4.44545885594762,0.266162116089968,1.34700656596077,0
0.567930167719407,0.556710682453498,-0.103757249427984,-0.266253407301841,-0.0913024369746129,4.44450059356861,0.266253407301841,1.34605728037466,0
0.568930044775251,0.557675315295276,-0.104020379826596,-0.266344698513715,-0.0913024369746129,4.44354237560037,0.266344698513715,1.34510807417803,0
0.569929921831095,0.558639924111541,-0.104283598286612,-0.266435989725589,-0.0913024369746129,4.44258420207963,0.266435989725589,1.3441589474951,0
0.570929798886939,0.559604508894254,-0.104546904805839,-0.266527280937462,-0.0913024369746129,4.44162607304315,0.266527280937462,1.34320990045028,0
0.571929675942783,0.560569069635376,-0.104810299382082,-0.266618572149336,-0.0913024369746129,4.4406679885277,0.266618572149336,1.34226093316824,0
0.572929552998627,0.561533606326869,-0.105073782013147,-0.266709863361209,-0.0913024369746129,4.4397099485701,0.266709863361209,1.34131204577385,0
0.573929430054471,0.562498118960694,-0.105337352696837,-0.266801154573083,-0.0913024369746129,4.43875195320718,0.266801154573083,1.34036323839224,0
0.574929307110315,0.563462607528813,-0.105601011430956,-0.266892445784956,-0.0913024369746129,4.43779400247581,0.266892445784956,1.33941451114875,0
0.575929184166159,0.564427072023187,-0.105864758213306,-0.26698373699683,-0.0913024369746129,4.43683609641289,0.26698373699683,1.33846586416896,0
0.576929061222003,0.565391512435779,-0.10612859304169,-0.267075028208704,-0.0913024369746129,4.43587823505533,0.267075028208704,1.33751729757866,0
0.577928938277847,0.566355928758551,-0.106392515913908,-0.267166319420577,-0.0913024369746129,4.4349204184401,0.267166319420577,1.33656881150392,0
0.578928815333691,0.567320320983466,-0.106656526827761,-0.267257610632451,-0.0913024369746129,4.43396264660417,0.267257610632451,1.33562040607099,0
0.579928692389535,0.568284689102485,-0.106920625781049,-0.267348901844324,-0.0913024369746129,4.43300491958455,0.267348901844324,1.33467208140638,0
0.580928569445379,0.569249033107573,-0.10718481277157,-0.267440193056198,-0.0913024369746129,4.43204723741828,0.267440193056198,1.33372383763683,0
0.581928446501223,0.570213352990691,-0.107449087797124,-0.267531484268072,-0.0913024369746129,4.43108960014243,0.267531484268071,1.33277567488932,0
0.582928323557067,0.571177648743804,-0.107713450855506,-0.267622775479945,-0.0913024369746129,4.43013200779409,0.267622775479945,1.33182759329105,0
0.583928200612912,0.572141920358875,-0.107977901944515,-0.267714066691819,-0.0913024369746129,4.42917446041037,0.267714066691819,1.33087959296946,0
0.584928077668756,0.573106167827867,-0.108242441061946,-0.267805357903692,-0.0913024369746129,4.42821695802845,0.267805357903693,1.32993167405223,0
0.5859279547246,0.574070391142745,-0.108507068205595,-0.267896649115566,-0.0913024369746129,4.42725950068549,0.267896649115566,1.32898383666728,0
0.586927831780444,0.575034590295472,-0.108771783373255,-0.267987940327439,-0.0913024369746129,4.4263020884187,0.26798794032744,1.32803608094276,0
0.587927708836288,0.575998765278012,-0.109036586562722,-0.268079231539313,-0.0913024369746129,4.42534472126533,0.268079231539313,1.32708840700705,0
0.588927585892132,0.576962916082331,-0.109301477771788,-0.268170522751187,-0.0913024369746129,4.42438739926264,0.268170522751187,1.32614081498879,0
0.589927462947976,0.577927042700393,-0.109566456998245,-0.26826181396306,-0.0913024369746129,4.42343012244792,0.26826181396306,1.32519330501683,0
0.59092734000382,0.578891145124162,-0.109831524239885,-0.268353105174934,-0.0913024369746129,4.42247289085851,0.268353105174934,1.32424587722027,0
0.591927217059664,0.579855223345605,-0.110096679494499,-0.268444396386807,-0.0913024369746129,4.42151570453174,0.268444396386808,1.32329853172847,0
0.592927094115508,0.580819277356685,-0.110361922759877,-0.268535687598681,-0.0913024369746129,4.42055856350502,0.268535687598681,1.32235126867099,0
0.593926971171352,0.581783307149369,-0.110627254033809,-0.268626978810555,-0.0913024369746129,4.41960146781574,0.268626978810555,1.32140408817767,0
0.594926848227196,0.582747312715623,-0.110892673314083,-0.268718270022428,-0.0913024369746129,4.41864441750134,0.268718270022428,1.32045699037857,0
0.59592672528304,0.583711294047412,-0.111158180598488,-0.268809561234302,-0.0913024369746129,4.41768741259931,0.268809561234302,1.31950997540399,0
0.596926602338884,0.584675251136702,-0.11142377588481,-0.268900852446175,-0.0913024369746129,4.41673045314712,0.268900852446175,1.31856304338447,0
0.597926479394728,0.585639183975459,-0.111689459170836,-0.268992143658049,-0.0913024369746129,4.41577353918232,0.268992143658049,1.31761619445081,0
0.598926356450572,0.586603092555651,-0.111955230454351,-0.269083434869922,-0.0913024369746129,4.41481667074245,0.269083434869922,1.31666942873404,0
0.599926233506416,0.587566976869244,-0.112221089733142,-0.269174726081796,-0.0913024369746129,4.4138598478651,0.269174726081796,1.31572274636544,0
0.60092611056226,0.588530836908204,-0.112487037004991,-0.26926601729367,-0.0913024369746129,4.41290307058788,0.26926601729367,1.31477614747652,0
0.601925987618104,0.5894946726645,-0.112753072267684,-0.269357308505543,-0.0913024369746129,4.41194633894845,0.269357308505543,1.31382963219904,0
0.602925864673948,0.590458484130097,-0.113019195519002,-0.269448599717417,-0.0913024369746129,4.41098965298446,0.269448599717417,1.31288320066503,0
0.603925741729792,0.591422271296964,-0.113285406756727,-0.26953989092929,-0.0913024369746129,4.41003301273363,0.26953989092929,1.31193685300673,0
0.604925618785636,0.592386034157068,-0.113551705978642,-0.269631182141164,-0.0913024369746129,4.40907641823368,0.269631182141164,1.31099058935664,0
0.60592549584148,0.593349772702378,-0.113818093182526,-0.269722473353038,-0.0913024369746129,4.40811986952237,0.269722473353037,1.31004440984752,0
0.606925372897324,0.594313486924862,-0.11408456836616,-0.269813764564911,-0.0913024369746129,4.40716336663749,0.269813764564911,1.30909831461237,0
0.607925249953168,0.595277176816487,-0.114351131527322,-0.269905055776785,-0.0913024369746129,4.40620690961686,0.269905055776785,1.30815230378441,0
0.608925127009012,0.596240842369222,-0.114617782663792,-0.269996346988658,-0.0913024369746129,4.40525049849832,0.269996346988658,1.30720637749715,0
0.609925004064856,0.597204483575036,-0.114884521773346,-0.270087638200532,-0.0913024369746129,4.40429413331976,0.270087638200532,1.30626053588434,0
0.6109248811207,0.598168100425898,-0.115151348853763,-0.270178929412406,-0.0913024369746129,4.40333781411908,0.270178929412405,1.30531477907995,0
0.611924758176544,0.599131692913777,-0.115418263902817,-0.270270220624279,-0.0913024369746129,4.40238154093421,0.270270220624279,1.30436910721824,0
0.612924635232388,0.600095261030643,-0.115685266918285,-0.270361511836153,-0.0913024369746129,4.40142531380313,0.270361511836153,1.30342352043369,0
0.613924512288232,0.601058804768464,-0.115952357897942,-0.270452803048026,-0.0913024369746129,4.40046913276382,0.270452803048026,1.30247801886105,0
0.614924389344076,0.602022324119212,-0.11621953683956,-0.2705440942599,-0.0913024369746129,4.39951299785431,0.2705440942599,1.30153260263532,0
0.61592426639992,0.602985819074855,-0.116486803740915,-0.270635385471773,-0.0913024369746129,4.39855690911265,0.270635385471774,1.30058727189174,0
0.616924143455764,0.603949289627363,-0.116754158599778,-0.270726676683647,-0.0913024369746129,4.39760086657692,0.270726676683647,1.29964202676581,0
0.617924020511608,0.604912735768708,-0.117021601413921,-0.270817967895521,-0.0913024369746129,4.39664487028525,0.270817967895521,1.2986968673933,0
0.618923897567452,0.60587615749086,-0.117289132181115,-0.270909259107394,-0.0913024369746129,4.39568892027576,0.270909259107394,1.2977517939102,0
0.619923774623297,0.606839555588824,-0.117556748008619,-0.270984548415447,-0.0486254463141366,4.39473301570657,0.270984548415447,1.29680680547216,0
0.620923651679141,0.607802938443641,-0.117824418704906,-0.271033167883547,-0.0486254463141366,4.39377714741969,0.271033167883547,1.29586189196515,0
0.621923528734984,0.608766308283312,-0.118092136240039,-0.271081787351646,-0.0486254463141366,4.39282131299573,0.271081787351647,1.29491705077718,0
0.622923405790828,0.609729665105561,-0.118359900613385,-0.271130406819746,-0.0486254463141366,4.39186551245907,0.271130406819746,1.29397228201871,0
0.623923282846673,0.61069300890811,-0.11862771182431,-0.271179026287846,-0.0486254463141366,4.39090974583409,0.271179026287846,1.29302758580042,0
0.624923159902517,0.611656339688681,-0.118895569872183,-0.271227645755945,-0.0486254463141366,4.38995401314521,0.271227645755945,1.29208296223321,0
0.625923036958361,0.612619657444998,-0.119163474756368,-0.271276265224045,-0.0486254463141366,4.38899831441686,0.271276265224045,1.29113841142817,0
0.626922914014205,0.613582962174784,-0.119431426476234,-0.271324884692145,-0.0486254463141366,4.38804264967348,0.271324884692145,1.29019393349662,0
0.627922791070049,0.614546253875761,-0.119699425031147,-0.271373504160244,-0.0486254463141366,4.38708701893955,0.271373504160244,1.28924952855008,0
0.628922668125893,0.615509532545652,-0.119967470420474,-0.271422123628344,-0.0486254463141366,4.38613142223955,0.271422123628344,1.28830519670031,0
0.629922545181737,0.61647279818218,-0.12023556264358,-0.271470743096444,-0.0486254463141366,4.38517585959799,0.271470743096444,1.28736093805925,0
0.630922422237581,0.617436050783069,-0.120503701699832,-0.271519362564543,-0.0486254463141366,4.3842203310394,0.271519362564543,1.28641675273907,0
0.631922299293425,0.618399290346041,-0.120771887588596,-0.271567982032643,-0.0486254463141366,4.38326483658834,0.271567982032643,1.28547264085215,0
0.632922176349269,0.619362516868819,-0.121040120309238,-0.271616601500743,-0.0486254463141366,4.38230937626936,0.271616601500743,1.2845286025111,0
0.633922053405113,0.620325730349126,-0.121308399861125,-0.271665220968842,-0.0486254463141366,4.38135395010706,0.271665220968842,1.28358463782874,0
0.634921930460957,0.621288930784686,-0.121576726243621,-0.271713840436942,-0.0486254463141366,4.38039855812606,0.271713840436942,1.28264074691808,0
0.635921807516801,0.622252118173221,-0.121845099456094,-0.271762459905042,-0.0486254463141366,4.37944320035097,0.271762459905042,1.28169692989238,0
0.636921684572645,0.623215292512456,-0.122113519497907,-0.271811079373141,-0.0486254463141366,4.37848787680644,0.271811079373141,1.28075318686511,0
0.637921561628489,0.624178453800112,-0.122381986368427,-0.271859698841241,-0.0486254463141366,4.37753258751716,0.271859698841241,1.27980951794995,0
0.638921438684333,0.625141602033913,-0.12265050006702,-0.271908318309341,-0.0486254463141366,4.3765773325078,0.271908318309341,1.2788659232608,0
0.639921315740177,0.626104737211583,-0.12291906059305,-0.27195693777744,-0.0486254463141366,4.37562211180308,0.27195693777744,1.27792240291178,0
0.640921192796021,0.627067859330844,-0.123187667945882,-0.27200555724554,-0.0486254463141366,4.37466692542773,0.27200555724554,1.27697895701723,0
0.641921069851865,0.628030968389421,-0.123456322124882,-0.27205417671364,-0.0486254463141366,4.37371177340649,0.27205417671364,1.27603558569171,0
0.642920946907709,0.628994064385036,-0.123725023129415,-0.272102796181739,-0.0486254463141366,4.37275665576414,0.272102796181739,1.27509228905001,0
0.643920823963553,0.629957147315412,-0.123993770958845,-0.272151415649839,-0.0486254463141366,4.37180157252548,0.272151415649839,1.27414906720712,0
0.644920701019397,0.630920217178274,-0.124262565612538,-0.272200035117939,-0.0486254463141366,4.3708465237153,0.272200035117939,1.27320592027826,0
0.645920578075241,0.631883273971345,-0.124531407089857,-0.272248654586038,-0.0486254463141366,4.36989150935845,0.272248654586039,1.27226284837888,0
0.646920455131085,0.632846317692347,-0.124800295390167,-0.272297274054138,-0.0486254463141366,4.36893652947977,0.272297274054138,1.27131985162465,0
0.647920332186929,0.633809348339006,-0.125069230512833,-0.272345893522238,-0.0486254463141366,4.36798158410414,0.272345893522238,1.27037693013145,0
0.648920209242773,0.634772365909043,-0.125338212457219,-0.272394512990337,-0.0486254463141366,4.36702667325645,0.272394512990338,1.26943408401541,0
0.649920086298617,0.635735370400183,-0.125607241222689,-0.272443132458437,-0.0486254463141366,4.36607179696161,0.272443132458437,1.26849131339284,0
0.650919963354461,0.63669836181015,-0.125876316808608,-0.272491751926537,-0.0486254463141366,4.36511695524456,0.272491751926537,1.26754861838033,0
0.651919840410305,0.637661340136666,-0.126145439214338,-0.272540371394636,-0.0486254463141366,4.36416214813025,0.272540371394636,1.26660599909465,0
0.652919717466149,0.638624305377456,-0.126414608439244,-0.272588990862736,-0.0486254463141366,4.36320737564365,0.272588990862736,1.26566345565282,0
0.653919594521993,0.639587257530243,-0.12668382448269,-0.272637610330836,-0.0486254463141366,4.36225263780976,0.272637610330836,1.26472098817206,0
0.654919471577837,0.640550196592752,-0.126953087344039,-0.272686229798935,-0.0486254463141366,4.36129793465359,0.272686229798935,1.26377859676986,0
0.655919348633682,0.641513122562705,-0.127222397022655,-0.272734849267035,-0.0486254463141366,4.36034326620018,0.272734849267035,1.2628362815639,0
0.656919225689525,0.642476035437826,-0.127491753517901,-0.272783468735135,-0.0486254463141366,4.35938863247459,0.272783468735135,1.2618940426721,0
0.657919102745369,0.643438935215841,-0.127761156829141,-0.272832088203234,-0.0486254463141366,4.3584340335019,0.272832088203234,1.2609518802126,0
0.658918979801214,0.644401821894471,-0.128030606955737,-0.272880707671334,-0.0486254463141366,4.35747946930719,0.272880707671334,1.26000979430379,0
0.659918856857058,0.645364695471441,-0.128300103897052,-0.272929327139434,-0.0486254463141366,4.35652493991559,0.272929327139434,1.25906778506426,0
0.660918733912901,0.646327555944476,-0.128569647652451,-0.272977946607533,-0.0486254463141366,4.35557044535224,0.272977946607533,1.25812585261286,0
0.661918610968746,0.647290403311298,-0.128839238221295,-0.273026566075633,-0.0486254463141366,4.35461598564229,0.273026566075633,1.25718399706864,0
0.66291848802459,0.648253237569632,-0.129108875602947,-0.273075185543733,-0.0486254463141366,4.35366156081093,0.273075185543733,1.25624221855091,0
0.663918365080434,0.649216058717203,-0.129378559796769,-0.273123805011832,-0.0486254463141366,4.35270717088335,0.273123805011832,1.25530051717919,0
0.664918242136278,0.650178866751733,-0.129648290802126,-0.273172424479932,-0.0486254463141366,4.35175281588478,0.273172424479932,1.25435889307324,0
0.665918119192122,0.651141661670947,-0.129918068618377,-0.273221043948032,-0.0486254463141366,4.35079849584047,0.273221043948032,1.25341734635305,0
0.666917996247966,0.652104443472569,-0.130187893244887,-0.273269663416131,-0.0486254463141366,4.34984421077566,0.273269663416131,1.25247587713885,0
0.66791787330381,0.653067212154324,-0.130457764681017,-0.273318282884231,-0.0486254463141366,4.34888996071565,0.273318282884231,1.2515344855511,0
0.668917750359654,0.654029967713935,-0.130727682926129,-0.273366902352331,-0.0486254463141366,4.34793574568574,0.273366902352331,1.25059317171048,0
0.669917627415498,0.654992710149127,-0.130997647979586,-0.27341552182043,-0.0486254463141366,4.34698156571125,0.27341552182043,1.24965193573792,0
0.670917504471342,0.655955439457623,-0.131267659840748,-0.27346414128853,-0.0486254463141366,4.34602742081753,0.27346414128853,1.24871077775459,0
0.671917381527186,0.656918155637149,-0.131537718508978,-0.27351276075663,-0.0486254463141366,4.34507331102995,0.273512760756629,1.24776969788189,0
0.67291725858303,0.657880858685428,-0.131807823983638,-0.273561380224729,-0.0486254463141366,4.34411923637389,0.273561380224729,1.24682869624143,0
0.673917135638874,0.658843548600184,-0.132077976264088,-0.273609999692829,-0.0486254463141366,4.34316519687477,0.273609999692829,1.24588777295511,0
0.674917012694718,0.659806225379142,-0.132348175349691,-0.273658619160929,-0.0486254463141366,4.34221119255801,0.273658619160929,1.24494692814502,0
0.675916889750562,0.660768889020027,-0.132618421239807,-0.273707238629028,-0.0486254463141366,4.34125722344906,0.273707238629028,1.24400616193351,0
0.676916766806406,0.661731539520563,-0.132888713933798,-0.273755858097128,-0.0486254463141366,4.34030328957339,0.273755858097128,1.24306547444317,0
0.67791664386225,0.662694176878474,-0.133159053431025,-0.273804477565228,-0.0486254463141366,4.3393493909565,0.273804477565228,1.24212486579681,0
0.678916520918094,0.663656801091484,-0.133429439730848,-0.273853097033327,-0.0486254463141366,4.3383955276239,0.273853097033327,1.2411843361175,0
0.679916397973938,0.664619412157319,-0.133699872832629,-0.273901716501427,-0.0486254463141366,4.33744169960111,0.273901716501427,1.24024388552855,0
0.680916275029782,0.665582010073702,-0.133970352735729,-0.273950335969527,-0.0486254463141366,4.33648790691371,0.273950335969527,1.23930351415349,0
0.681916152085626,0.666544594838359,-0.134240879439508,-0.273998955437626,-0.0486254463141366,4.33553414958726,0.273998955437627,1.23836322211611,0
0.68291602914147,0.667507166449014,-0.134511452943326,-0.274047574905726,-0.0486254463141366,4.33458042764736,0.274047574905726,1.23742300954044,0
0.683915906197314,0.668469724903391,-0.134782073246544,-0.274096194373826,-0.0486254463141366,4.33362674111963,0.274096194373826,1.23648287655074,0
0.684915783253158,0.669432270199215,-0.135052740348522,-0.274144813841925,-0.0486254463141366,4.33267309002971,0.274144813841925,1.23554282327154,0
0.685915660309002,0.670394802334211,-0.13532345424862,-0.274193433310025,-0.0486254463141366,4.33171947440325,0.274193433310025,1.23460284982757,0
0.686915537364846,0.671357321306103,-0.135594214946199,-0.274242052778125,-0.0486254463141366,4.33076589426595,0.274242052778125,1.23366295634385,0
0.68791541442069,0.672319827112617,-0.135865022440619,-0.274290672246224,-0.0486254463141366,4.3298123496435,0.274290672246224,1.23272314294561,0
0.688915291476534,0.673282319751477,-0.136135876731238,-0.274339291714324,-0.0486254463141366,4.32885884056163,0.274339291714324,1.23178340975835,0
0.689915168532378,0.674244799220407,-0.136406777817418,-0.274387911182424,-0.0486254463141366,4.32790536704608,0.274387911182424,1.2308437569078,0
0.690915045588222,0.675207265517134,-0.136677725698517,-0.274436530650523,-0.0486254463141366,4.32695192912261,0.274436530650523,1.22990418451994,0
0.691914922644066,0.676169718639381,-0.136948720373896,-0.274485150118623,-0.0486254463141366,4.32599852681703,0.274485150118623,1.22896469272099,0
0.69291479969991,0.677132158584873,-0.137219761842913,-0.274533769586723,-0.0486254463141366,4.32504516015513,0.274533769586723,1.22802528163745,0
0.693914676755754,0.678094585351336,-0.137490850104927,-0.274582389054822,-0.0486254463141366,4.32409182916275,0.274582389054822,1.22708595139602,0
0.694914553811599,0.679056998936494,-0.137761985159299,-0.274631008522922,-0.0486254463141366,4.32313853386573,0.274631008522922,1.22614670212368,0
0.695914430867442,0.680019399338073,-0.138033167005387,-0.274679627991022,-0.0486254463141366,4.32218527428995,0.274679627991022,1.22520753394766,0
0.696914307923286,0.680981786553797,-0.13830439564255,-0.274728247459121,-0.0486254463141366,4.32123205046131,0.274728247459121,1.22426844699542,0
0.697914184979131,0.681944160581391,-0.138575671070147,-0.274776866927221,-0.0486254463141366,4.32027886240572,0.274776866927221,1.22332944139468,0
0.698914062034975,0.682906521418581,-0.138846993287537,-0.274825486395321,-0.0486254463141366,4.31932571014912,0.274825486395321,1.22239051727343,0
0.699913939090819,0.683868869063092,-0.139118362294078,-0.27487410586342,-0.0486254463141366,4.31837259371746,0.27487410586342,1.22145167475988,0
0.700913816146663,0.684831203512648,-0.139389778089129,-0.27492272533152,-0.0486254463141366,4.31741951313673,0.27492272533152,1.22051291398251,0
0.701913693202507,0.685793524764976,-0.139661240672048,-0.27497134479962,-0.0486254463141366,4.31646646843293,0.27497134479962,1.21957423507005,0
0.702913570258351,0.6867558328178,-0.139932750042194,-0.275019964267719,-0.0486254463141366,4.31551345963208,0.275019964267719,1.21863563815148,0
0.703913447314195,0.687718127668845,-0.140204306198924,-0.275068583735819,-0.0486254463141366,4.31456048676022,0.275068583735819,1.21769712335604,0
0.704913324370039,0.688680409315837,-0.140475909141598,-0.275117203203919,-0.0486254463141366,4.31360754984343,0.275117203203918,1.21675869081323,0
0.705913201425883,0.689642677756501,-0.140747558869572,-0.275165822672018,-0.0486254463141366,4.31265464890778,0.275165822672018,1.21582034065278,0
0.706913078481727,0.690604932988562,-0.141019255382205,-0.275214442140118,-0.0486254463141366,4.31170178397939,0.275214442140118,1.21488207300471,0
0.707912955537571,0.691567175009746,-0.141290998678854,-0.275263061608218,-0.0486254463141366,4.31074895508439,0.275263061608217,1.21394388799927,0
0.708912832593415,0.692529403817779,-0.141562788758877,-0.275311681076317,-0.0486254463141366,4.30979616224893,0.275311681076317,1.21300578576697,0
0.709912709649259,0.693491619410385,-0.141834625621632,-0.275360300544417,-0.0486254463141366,4.30884340549919,0.275360300544417,1.21206776643859,0
0.710912586705103,0.69445382178529,-0.142106509266476,-0.275408920012517,-0.0486254463141366,4.30789068486135,0.275408920012516,1.21112983014516,0
0.711912463760947,0.695416010940219,-0.142378439692766,-0.275457539480616,-0.0486254463141366,4.30693800036164,0.275457539480616,1.21019197701798,0
0.712912340816791,0.696378186872899,-0.142650416899859,-0.275506158948716,-0.0486254463141366,4.3059853520263,0.275506158948716,1.20925420718859,0
0.713912217872635,0.697340349581054,-0.142922440887114,-0.275554778416816,-0.0486254463141366,4.30503273988159,0.275554778416816,1.20831652078879,0
0.714912094928479,0.698302499062411,-0.143194511653885,-0.275603397884915,-0.0486254463141366,4.30408016395379,0.275603397884916,1.20737891795067,0
0.715911971984323,0.699264635314694,-0.143466629199532,-0.275652017353015,-0.0486254463141366,4.30312762426921,0.275652017353015,1.20644139880656,0
0.716911849040167,0.70022675833563,-0.143738793523409,-0.275700636821115,-0.0486254463141366,4.30217512085416,0.275700636821115,1.20550396348904,0
0.717911726096011,0.701188868122944,-0.144011004624874,-0.275749256289214,-0.0486254463141366,4.301222653735,0.275749256289214,1.20456661213098,0
0.718911603151855,0.702150964674362,-0.144283262503284,-0.275797875757314,-0.0486254463141366,4.3002702229381,0.275797875757314,1.20362934486549,0
0.719911480207699,0.703113047987609,-0.144555567157994,-0.275846495225414,-0.0486254463141366,4.29931782848985,0.275846495225414,1.20269216182596,0
0.720911357263543,0.704075118060412,-0.144827918588362,-0.275895114693513,-0.0486254463141366,4.29836547041667,0.275895114693513,1.20175506314603,0
0.721911234319387,0.705037174890497,-0.145100316793743,-0.275943734161613,-0.0486254463141366,4.29741314874498,0.275943734161613,1.20081804895962,0
0.722911111375231,0.705999218475588,-0.145372761773493,-0.275992353629713,-0.0486254463141366,4.29646086350125,0.275992353629713,1.1998811194009,0
0.723910988431075,0.706961248813412,-0.145645253526968,-0.276040973097812,-0.0486254463141366,4.29550861471196,0.276040973097812,1.19894427460433,0
0.724910865486919,0.707923265901695,-0.145917792053525,-0.276089592565912,-0.0486254463141366,4.2945564024036,0.276089592565912,1.1980075147046,0
0.725910742542763,0.708885269738163,-0.146190377352519,-0.276138212034012,-0.0486254463141366,4.2936042266027,0.276138212034012,1.19707083983671,0
0.726910619598607,0.709847260320542,-0.146463009423305,-0.276186831502111,-0.0486254463141366,4.29265208733581,0.276186831502111,1.19613425013589,0
0.727910496654451,0.710809237646557,-0.14673568826524,-0.276235450970211,-0.0486254463141366,4.29169998462949,0.276235450970211,1.19519774573766,0
0.728910373710295,0.711771201713935,-0.147008413877678,-0.276284070438311,-0.0486254463141366,4.29074791851034,0.276284070438311,1.19426132677781,0
0.729910250766139,0.712733152520402,-0.147281186259975,-0.27633268990641,-0.0486254463141366,4.28979588900495,0.27633268990641,1.19332499339239,0
0.730910127821983,0.713695090063684,-0.147554005411486,-0.27638130937451,-0.0486254463141366,4.28884389613998,0.27638130937451,1.19238874571773,0
0.731910004877827,0.714657014341507,-0.147826871331567,-0.27642992884261,-0.0486254463141366,4.28789193994207,0.27642992884261,1.19145258389042,0
0.732909881933671,0.715618925351597,-0.148099784019572,-0.276478548310709,-0.0486254463141366,4.28694002043789,0.276478548310709,1.19051650804734,0
0.733909758989515,0.71658082309168,-0.148372743474855,-0.276527167778809,-0.0486254463141366,4.28598813765416,0.276527167778809,1.18958051832562,0
0.73490963604536,0.717542707559483,-0.148645749696773,-0.276575787246909,-0.0486254463141366,4.2850362916176,0.276575787246909,1.18864461486269,0
0.735909513101204,0.718504578752732,-0.148918802684679,-0.276624406715008,-0.0486254463141366,4.28408448235494,0.276624406715008,1.18770879779622,0
0.736909390157048,0.719466436669153,-0.149191902437928,-0.276673026183108,-0.0486254463141366,4.28313270989295,0.276673026183108,1.18677306726419,0
0.737909267212892,0.720428281306472,-0.149465048955875,-0.276721645651208,-0.0486254463141366,4.28218097425843,0.276721645651207,1.18583742340484,0
0.738909144268736,0.721390112662416,-0.149738242237874,-0.276770265119307,-0.0486254463141366,4.28122927547818,0.276770265119307,1.18490186635666,0
0.73990902132458,0.722351930734711,-0.150011482283278,-0.276818884587407,-0.0486254463141366,4.28027761357904,0.276818884587407,1.18396639625847,0
0.740908898380424,0.723313735521084,-0.150284769091443,-0.276867504055507,-0.0486254463141366,4.27932598858786,0.276867504055506,1.18303101324932,0
0.741908775436268,0.724275527019261,-0.150558102661721,-0.276916123523606,-0.0486254463141366,4.27837440053153,0.276916123523606,1.18209571746857,0
0.742908652492112,0.725237305226968,-0.150831482993468,-0.276964742991706,-0.0486254463141366,4.27742284943694,0.276964742991706,1.18116050905584,0
0.743908529547956,0.726199070781295,-0.151104907837227,-0.277002970370086,-0.0255290742154029,4.27647133461259,0.277002970370086,1.18022538732309,0
0.7449084066038,0.727160828400783,-0.151378360590194,-0.277028496305651,-0.0255290742154029,4.27551985077928,0.277028496305651,1.17929034629303,0
0.745908283659644,0.728122579039821,-0.151651837892836,-0.277054022241216,-0.0255290742154029,4.27456839688473,0.277054022241216,1.17835538485556,0
0.746908160715488,0.729084322697781,-0.151925339744973,-0.277079548176781,-0.0255290742154029,4.27361697294955,0.277079548176781,1.17742050313689,0
0.747908037771332,0.730046059374037,-0.152198866146427,-0.277105074112346,-0.0255290742154029,4.27266557899439,0.277105074112346,1.17648570126349,0
0.748907914827176,0.731007789067963,-0.152472417097021,-0.277130600047911,-0.0255290742154029,4.27171421503988,0.277130600047911,1.17555097936208,0
0.74990779188302,0.731969511778931,-0.152745992596576,-0.277156125983476,-0.0255290742154029,4.27076288110671,0.277156125983476,1.17461633755963,0
0.750907668938864,0.732931227506316,-0.153019592644914,-0.27718165191904,-0.0255290742154029,4.26981157721555,0.277181651919041,1.17368177598338,0
0.751907545994708,0.73389293624949,-0.153293217241856,-0.277207177854605,-0.0255290742154029,4.26886030338712,0.277207177854605,1.17274729476082,0
0.752907423050552,0.734854638007827,-0.153566866387224,-0.27723270379017,-0.0255290742154029,4.26790905964213,0.27723270379017,1.1718128940197,0
0.753907300106396,0.7358163327807,-0.153840540080841,-0.277258229725735,-0.0255290742154029,4.26695784600132,0.277258229725735,1.17087857388803,0
0.75490717716224,0.736778020567482,-0.154114238322527,-0.2772837556613,-0.0255290742154029,4.26600666248545,0.2772837556613,1.16994433449407,0
0.755907054218084,0.737739701367548,-0.154387961112104,-0.277309281596865,-0.0255290742154029,4.2650555091153,0.277309281596865,1.16901017596635,0
0.756906931273928,0.73870137518027,-0.154661708449395,-0.27733480753243,-0.0255290742154029,4.26410438591165,0.27733480753243,1.16807609843365,0
0.757906808329772,0.739663042005022,-0.15493548033422,-0.277360333467995,-0.0255290742154029,4.26315329289533,0.277360333467995,1.16714210202502,0
0.758906685385616,0.740624701841177,-0.155209276766401,-0.27738585940356,-0.0255290742154029,4.26220223008715,0.27738585940356,1.16620818686977,0
0.75990656244146,0.741586354688109,-0.15548309774576,-0.277411385339125,-0.0255290742154029,4.26125119750797,0.277411385339124,1.16527435309746,0
0.760906439497304,0.74254800054519,-0.155756943272118,-0.27743691127469,-0.0255290742154029,4.26030019517865,0.277436911274689,1.16434060083794,0
0.761906316553148,0.743509639411796,-0.156030813345298,-0.277462437210254,-0.0255290742154029,4.25934922312006,0.277462437210255,1.16340693022129,0
0.762906193608992,0.744471271287298,-0.15630470796512,-0.277487963145819,-0.0255290742154029,4.25839828135312,0.277487963145819,1.16247334137788,0
0.763906070664836,0.74543289617107,-0.156578627131406,-0.277513489081384,-0.0255290742154029,4.25744736989873,0.277513489081384,1.16153983443832,0
0.76490594772068,0.746394514062486,-0.156852570843977,-0.277539015016949,-0.0255290742154029,4.25649648877784,0.277539015016949,1.16060640953352,0
0.765905824776524,0.74735612496092,-0.157126539102656,-0.277564540952514,-0.0255290742154029,4.25554563801139,0.277564540952514,1.15967306679462,0
0.766905701832368,0.748317728865743,-0.157400531907263,-0.277590066888079,-0.0255290742154029,4.25459481762036,0.277590066888079,1.15873980635305,0
0.767905578888212,0.749279325776331,-0.15767454925762,-0.277615592823644,-0.0255290742154029,4.25364402762574,0.277615592823644,1.15780662834049,0
0.768905455944056,0.750240915692057,-0.157948591153549,-0.277641118759209,-0.0255290742154029,4.25269326804853,0.277641118759209,1.15687353288891,0
0.7699053329999,0.751202498612293,-0.158222657594871,-0.277666644694774,-0.0255290742154029,4.25174253890976,0.277666644694774,1.15594052013053,0
0.770905210055744,0.752164074536414,-0.158496748581407,-0.277692170630338,-0.0255290742154029,4.25079184023047,0.277692170630338,1.15500759019784,0
0.771905087111589,0.753125643463793,-0.158770864112979,-0.277717696565903,-0.0255290742154029,4.24984117203173,0.277717696565903,1.15407474322361,0
0.772904964167433,0.754087205393803,-0.159045004189408,-0.277743222501468,-0.0255290742154029,4.24889053433461,0.277743222501468,1.15314197934087,0
0.773904841223277,0.755048760325817,-0.159319168810515,-0.277768748437033,-0.0255290742154029,4.24793992716021,0.277768748437033,1.15220929868293,0
0.774904718279121,0.75601030825921,-0.159593357976123,-0.277794274372598,-0.0255290742154029,4.24698935052964,0.277794274372598,1.15127670138337,0
0.775904595334965,0.756971849193355,-0.159867571686051,-0.277819800308163,-0.0255290742154029,4.24603880446404,0.277819800308163,1.15034418757604,0
0.776904472390809,0.757933383127625,-0.160141809940123,-0.277845326243728,-0.0255290742154029,4.24508828898457,0.277845326243728,1.14941175739506,0
0.777904349446653,0.758894910061394,-0.160416072738158,-0.277870852179293,-0.0255290742154029,4.24413780411238,0.277870852179293,1.14847941097482,0
0.778904226502497,0.759856429994035,-0.160690360079979,-0.277896378114858,-0.0255290742154029,4.24318734986868,0.277896378114858,1.14754714845,0
0.779904103558341,0.760817942924922,-0.160964671965405,-0.277921904050423,-0.0255290742154029,4.24223692627465,0.277921904050423,1.14661496995555,0
0.780903980614185,0.761779448853428,-0.16123900839426,-0.277947429985987,-0.0255290742154029,4.24128653335154,0.277947429985987,1.14568287562669,0
0.781903857670029,0.762740947778927,-0.161513369366364,-0.277972955921552,-0.0255290742154029,4.24033617112057,0.277972955921552,1.14475086559891,0
0.782903734725873,0.763702439700792,-0.161787754881538,-0.277998481857117,-0.0255290742154029,4.23938583960302,0.277998481857117,1.14381894000799,0
0.783903611781717,0.764663924618397,-0.162062164939603,-0.278024007792682,-0.0255290742154029,4.23843553882016,0.278024007792682,1.14288709898999,0
0.784903488837561,0.765625402531115,-0.162336599540381,-0.278049533728247,-0.0255290742154029,4.23748526879329,0.278049533728247,1.14195534268123,0
0.785903365893405,0.76658687343832,-0.162611058683693,-0.278075059663812,-0.0255290742154029,4.23653502954372,0.278075059663812,1.14102367121834,0
0.786903242949249,0.767548337339386,-0.16288554236936,-0.278100585599377,-0.0255290742154029,4.23558482109278,0.278100585599377,1.14009208473819,0
0.787903120005093,0.768509794233685,-0.163160050597203,-0.278126111534942,-0.0255290742154029,4.23463464346183,0.278126111534942,1.13916058337796,0
0.788902997060937,0.769471244120591,-0.163434583367043,-0.278151637470507,-0.0255290742154029,4.23368449667225,0.278151637470507,1.1382291672751,0
0.789902874116781,0.770432686999479,-0.163709140678702,-0.278177163406072,-0.0255290742154029,4.23273438074541,0.278177163406072,1.13729783656735,0
0.790902751172625,0.771394122869721,-0.163983722532,-0.278202689341636,-0.0255290742154029,4.23178429570272,0.278202689341636,1.13636659139273,0
0.791902628228469,0.772355551730691,-0.164258328926759,-0.278228215277201,-0.0255290742154029,4.23083424156562,0.278228215277201,1.13543543188952,0
0.792902505284313,0.773316973581763,-0.1645329598628,-0.278253741212766,-0.0255290742154029,4.22988421835554,0.278253741212766,1.13450435819633,0
0.793902382340157,0.77427838842231,-0.164807615339943,-0.278279267148331,-0.0255290742154029,4.22893422609394,0.278279267148331,1.13357337045201,0
0.794902259396001,0.775239796251706,-0.16508229535801,-0.278304793083896,-0.0255290742154029,4.22798426480232,0.278304793083896,1.13264246879572,0
0.795902136451845,0.776201197069324,-0.165356999916822,-0.278330319019461,-0.0255290742154029,4.22703433450216,0.278330319019461,1.1317116533669,0
0.796902013507689,0.777162590874539,-0.1656317290162,-0.278355844955026,-0.0255290742154029,4.22608443521498,0.278355844955026,1.13078092430528,0
0.797901890563533,0.778123977666722,-0.165906482655964,-0.278381370890591,-0.0255290742154029,4.22513456696233,0.278381370890591,1.12985028175086,0
0.798901767619377,0.779085357445249,-0.166181260835937,-0.278406896826156,-0.0255290742154029,4.22418472976575,0.278406896826155,1.12891972584396,0
0.799901644675221,0.780046730209492,-0.166456063555938,-0.27843242276172,-0.0255290742154029,4.22323492364682,0.27843242276172,1.12798925672517,0
0.800901521731065,0.781008095958826,-0.166730890815789,-0.278457948697285,-0.0255290742154029,4.22228514862713,0.278457948697286,1.12705887453535,0
0.801901398786909,0.781969454692624,-0.16700574261531,-0.27848347463285,-0.0255290742154029,4.22133540472829,0.27848347463285,1.1261285794157,0
0.802901275842753,0.782930806410259,-0.167280618954323,-0.278509000568415,-0.0255290742154029,4.22038569197193,0.278509000568415,1.12519837150766,0
0.803901152898597,0.783892151111105,-0.167555519832648,-0.27853452650398,-0.0255290742154029,4.2194360103797,0.27853452650398,1.12426825095298,0
0.804901029954441,0.784853488794536,-0.167830445250107,-0.278560052439545,-0.0255290742154029,4.21848635997326,0.278560052439545,1.12333821789373,0
0.805900907010285,0.785814819459925,-0.16810539520652,-0.27858557837511,-0.0255290742154029,4.2175367407743,0.27858557837511,1.12240827247222,0
0.806900784066129,0.786776143106646,-0.168380369701708,-0.278611104310675,-0.0255290742154029,4.21658715280453,0.278611104310675,1.12147841483111,0
0.807900661121973,0.787737459734072,-0.168655368735492,-0.27863663024624,-0.0255290742154029,4.21563759608566,0.27863663024624,1.12054864511331,0
0.808900538177817,0.788698769341578,-0.168930392307693,-0.278662156181805,-0.0255290742154029,4.21468807063944,0.278662156181805,1.11961896346204,0
0.809900415233662,0.789660071928537,-0.169205440418131,-0.278687682117369,-0.0255290742154029,4.21373857648762,0.278687682117369,1.11868937002083,0
0.810900292289506,0.790621367494322,-0.169480513066627,-0.278713208052934,-0.0255290742154029,4.21278911365199,0.278713208052934,1.11775986493349,0
0.81190016934535,0.791582656038308,-0.169755610253003,-0.278738733988499,-0.0255290742154029,4.21183968215434,0.278738733988499,1.11683044834413,0
0.812900046401194,0.792543937559867,-0.170030731977078,-0.278764259924064,-0.0255290742154029,4.21089028201649,0.278764259924064,1.11590112039716,0
0.813899923457038,0.793505212058373,-0.170305878238674,-0.278789785859629,-0.0255290742154029,4.20994091326027,0.278789785859629,1.11497188123729,0
0.814899800512882,0.794466479533201,-0.170581049037611,-0.278815311795194,-0.0255290742154029,4.20899157590754,0.278815311795194,1.11404273100954,0
0.815899677568726,0.795427739983723,-0.17085624437371,-0.278840837730759,-0.0255290742154029,4.20804226998017,0.278840837730759,1.11311366985921,0
0.81689955462457,0.796388993409314,-0.171131464246791,-0.278866363666324,-0.0255290742154029,4.20709299550005,0.278866363666324,1.11218469793191,0
0.817899431680414,0.797350239809346,-0.171406708656676,-0.278891889601889,-0.0255290742154029,4.2061437524891,0.278891889601889,1.11125581537355,0
0.818899308736258,0.798311479183195,-0.171681977603185,-0.278917415537454,-0.0255290742154029,4.20519454096923,0.278917415537454,1.11032702233036,0
0.819899185792102,0.799272711530233,-0.171957271086139,-0.278942941473018,-0.0255290742154029,4.20424536096241,0.278942941473018,1.10939831894884,0
0.820899062847946,0.800233936849834,-0.172232589105358,-0.278968467408583,-0.0255290742154029,4.20329621249059,0.278968467408583,1.10846970537582,0
0.82189893990379,0.801195155141372,-0.172507931660663,-0.278993993344148,-0.0255290742154029,4.20234709557577,0.278993993344148,1.10754118175843,0
0.822898816959634,0.802156366404221,-0.172783298751874,-0.279019519279713,-0.0255290742154029,4.20139801023995,0.279019519279713,1.10661274824411,0
0.823898694015478,0.803117570637754,-0.173058690378812,-0.279045045215278,-0.0255290742154029,4.20044895650515,0.279045045215278,1.10568440498058,0
0.824898571071322,0.804078767841344,-0.173334106541298,-0.279070571150843,-0.0255290742154029,4.19949993439341,0.279070571150843,1.1047561521159,0
0.825898448127166,0.805039958014367,-0.173609547239152,-0.279096097086408,-0.0255290742154029,4.19855094392681,0.279096097086408,1.10382798979842,0
0.82689832518301,0.806001141156194,-0.173885012472195,-0.279121623021973,-0.0255290742154029,4.19760198512741,0.279121623021973,1.10289991817681,0
0.827898202238854,0.806962317266201,-0.174160502240247,-0.279147148957538,-0.0255290742154029,4.19665305801733,0.279147148957537,1.10197193740003,0
0.828898079294698,0.807923486343761,-0.174436016543129,-0.279172674893103,-0.0255290742154029,4.19570416261868,0.279172674893103,1.10104404761737,0
0.829897956350542,0.808884648388247,-0.17471155538066,-0.279198200828667,-0.0255290742154029,4.19475529895359,0.279198200828668,1.10011624897843,0
0.830897833406386,0.809845803399033,-0.174987118752663,-0.279223726764232,-0.0255290742154029,4.19380646704424,0.279223726764232,1.0991885416331,0
0.83189771046223,0.810806951375493,-0.175262706658956,-0.279249252699797,-0.0255290742154029,4.19285766691278,0.279249252699797,1.09826092573161,0
0.832897587518074,0.811768092317001,-0.175538319099361,-0.279274778635362,-0.0255290742154029,4.19190889858143,0.279274778635362,1.09733340142448,0
0.833897464573918,0.812729226222931,-0.175813956073699,-0.279300304570927,-0.0255290742154029,4.1909601620724,0.279300304570927,1.09640596886257,0
0.834897341629762,0.813690353092655,-0.176089617581788,-0.279325830506492,-0.0255290742154029,4.19001145740791,0.279325830506492,1.09547862819703,0
0.835897218685606,0.814651472925549,-0.17636530362345,-0.279351356442057,-0.0255290742154029,4.18906278461024,0.279351356442057,1.09455137957933,0
0.83689709574145,0.815612585720986,-0.176641014198505,-0.279376882377622,-0.0255290742154029,4.18811414370164,0.279376882377622,1.09362422316127,0
0.837896972797294,0.816573691478339,-0.176916749306774,-0.279402408313187,-0.0255290742154029,4.18716553470441,0.279402408313187,1.09269715909496,0
0.838896849853138,0.817534790196982,-0.177192508948076,-0.279427934248752,-0.0255290742154029,4.18621695764086,0.279427934248751,1.09177018753282,0
0.839896726908982,0.818495881876289,-0.177468293122233,-0.279453460184316,-0.0255290742154029,4.18526841253333,0.279453460184317,1.0908433086276,0
0.840896603964826,0.819456966515635,-0.177744101829064,-0.279478986119881,-0.0255290742154029,4.18431989940417,0.279478986119881,1.08991652253236,0
0.84189648102067,0.820418044114391,-0.17801993506839,-0.279504512055446,-0.0255290742154029,4.18337141827573,0.279504512055446,1.08898982940049,0
0.842896358076514,0.821379114671933,-0.178295792840031,-0.279530037991011,-0.0255290742154029,4.18242296917043,0.279530037991011,1.08806322938569,0
0.843896235132358,0.822340178187635,-0.178571675143807,-0.279555563926576,-0.0255290742154029,4.18147455211065,0.279555563926576,1.08713672264199,0
0.844896112188202,0.823301234660869,-0.178847581979538,-0.279581089862141,-0.0255290742154029,4.18052616711884,0.279581089862141,1.08621030932375,0
0.845895989244046,0.82426228409101,-0.179123513347045,-0.279606615797706,-0.0255290742154029,4.17957781421744,0.279606615797706,1.08528398958563,0
0.84689586629989,0.825223326477432,-0.179399469246149,-0.279632141733271,-0.0255290742154029,4.17862949342891,0.279632141733271,1.08435776358264,0
0.847895743355735,0.826184361819508,-0.179675449676668,-0.279657667668836,-0.0255290742154029,4.17768120477575,0.279657667668836,1.0834316314701,0
0.848895620411579,0.827145390116613,-0.179951454638423,-0.279683193604401,-0.0255290742154029,4.17673294828045,0.2796831936044,1.08250559340365,0
0.849895497467423,0.828106411368119,-0.180227484131236,-0.279708719539965,-0.0255290742154029,4.17578472396555,0.279708719539965,1.08157964953928,0
0.850895374523267,0.829067425573401,-0.180503538154924,-0.27973424547553,-0.0255290742154029,4.17483653185359,0.27973424547553,1.08065380003329,0
0.851895251579111,0.830028432731833,-0.18077961670931,-0.279759771411095,-0.0255290742154029,4.17388837196714,0.279759771411095,1.07972804504231,0
0.852895128634955,0.830989432842789,-0.181055719794212,-0.27978529734666,-0.0255290742154029,4.17294024432877,0.27978529734666,1.0788023847233,0
0.853895005690799,0.831950425905642,-0.181331847409451,-0.279810823282225,-0.0255290742154029,4.1719921489611,0.279810823282225,1.07787681923355,0
0.854894882746643,0.832911411919766,-0.181607999554847,-0.27983634921779,-0.0255290742154029,4.17104408588675,0.27983634921779,1.07695134873068,0
0.855894759802487,0.833872390884535,-0.181884176230221,-0.279861875153355,-0.0255290742154029,4.17009605512836,0.279861875153355,1.07602597337266,0
0.856894636858331,0.834833362799323,-0.182160377435391,-0.27988740108892,-0.0255290742154029,4.16914805670859,0.27988740108892,1.07510069331775,0
0.857894513914175,0.835794327663504,-0.182436603170179,-0.279912927024485,-0.0255290742154029,4.16820009065013,0.279912927024485,1.07417550872459,0
0.858894390970019,0.836755285476451,-0.182712853434404,-0.279938452960049,-0.0255290742154029,4.16725215697567,0.279938452960049,1.07325041975212,0
0.859894268025863,0.837716236237539,-0.182989128227886,-0.279963978895614,-0.0255290742154029,4.16630425570795,0.279963978895614,1.07232542655964,0
0.860894145081707,0.838677179946142,-0.183265427550445,-0.279989504831179,-0.0255290742154029,4.1653563868697,0.279989504831179,1.07140052930677,0
0.861894022137551,0.839638116601632,-0.183541751401902,-0.280015030766744,-0.0255290742154029,4.16440855048369,0.280015030766744,1.07047572815347,0
0.862893899193395,0.840599046203385,-0.183818099782076,-0.280040556702309,-0.0255290742154029,4.1634607465727,0.280040556702309,1.06955102326003,0
0.863893776249239,0.841559968750773,-0.184094472690786,-0.280066082637874,-0.0255290742154029,4.16251297515952,0.280066082637874,1.06862641478709,0
0.864893653305083,0.842520884243172,-0.184370870127854,-0.280091608573439,-0.0255290742154029,4.16156523626698,0.280091608573439,1.06770190289564,0
0.865893530360927,0.843481792679954,-0.184647292093098,-0.280117134509004,-0.0255290742154029,4.16061752991793,0.280117134509004,1.06677748774698,0
0.866893407416771,0.844442694060494,-0.18492373858634,-0.280142660444569,-0.0255290742154029,4.15966985613521,0.280142660444568,1.06585316950277,0
0.867893284472615,0.845403588841928,-0.185200208016452,-0.280161878967068,-0.0135134771434226,4.15872221441357,0.280161878967069,1.06492894769312,0
0.868893161528459,0.846364479512948,-0.185476691732311,-0.280175390782809,-0.0135134771434226,4.15777460190277,0.280175390782809,1.06400481904123,0
0.869893038584303,0.847325366448083,-0.185753188431522,-0.280188902598549,-0.0135134771434226,4.15682701819044,0.280188902598549,1.06308078318476,0
0.870892915640147,0.848286249647158,-0.186029698114035,-0.280202414414289,-0.0135134771434226,4.15587946329646,0.28020241441429,1.06215684027863,0
0.871892792695991,0.849247129109997,-0.186306220779799,-0.28021592623003,-0.0135134771434226,4.15493193724071,0.28021592623003,1.06123299047811,0
0.872892669751835,0.850208004836426,-0.186582756428765,-0.28022943804577,-0.0135134771434226,4.15398444004311,0.28022943804577,1.06030923393878,0
0.873892546807679,0.851168876826268,-0.186859305060881,-0.280242949861511,-0.0135134771434226,4.15303697172357,0.280242949861511,1.05938557081656,0
0.874892423863523,0.852129745079348,-0.187135866676097,-0.280256461677251,-0.0135134771434226,4.15208953230204,0.280256461677251,1.0584620012677,0
0.875892300919367,0.85309060959549,-0.187412441274363,-0.280269973492991,-0.0135134771434226,4.15114212179847,0.280269973492991,1.0575385254488,0
0.876892177975211,0.85405147037452,-0.187689028855628,-0.280283485308732,-0.0135134771434226,4.15019474023285,0.280283485308732,1.05661514351676,0
0.877892055031055,0.855012327416262,-0.187965629419841,-0.280296997124472,-0.0135134771434226,4.14924738762518,0.280296997124472,1.05569185562884,0
0.878891932086899,0.855973180720541,-0.188242242966953,-0.280310508940212,-0.0135134771434226,4.14830006399545,0.280310508940212,1.05476866194262,0
0.879891809142743,0.85693403028718,-0.188518869496912,-0.280324020755953,-0.0135134771434226,4.14735276936371,0.280324020755953,1.05384556261603,0
0.880891686198587,0.857894876116005,-0.188795509009667,-0.280337532571693,-0.0135134771434226,4.14640550375,0.280337532571693,1.05292255780732,0
0.881891563254431,0.85885571820684,-0.18907216150517,-0.280351044387433,-0.0135134771434226,4.14545826717438,0.280351044387433,1.05199964767509,0
0.882891440310275,0.85981655655951,-0.189348826983368,-0.280364556203174,-0.0135134771434226,4.14451105965694,0.280364556203174,1.05107683237828,0
0.88389131736612,0.860777391173839,-0.189625505444213,-0.280378068018914,-0.0135134771434226,4.14356388121779,0.280378068018914,1.05015411207615,0
0.884891194421964,0.861738222049652,-0.189902196887652,-0.280391579834655,-0.0135134771434226,4.14261673187703,0.280391579834654,1.04923148692832,0
0.885891071477808,0.862699049186773,-0.190178901313635,-0.280405091650395,-0.0135134771434226,4.14166961165481,0.280405091650395,1.04830895709474,0
0.886890948533652,0.863659872585028,-0.190455618722113,-0.280418603466135,-0.0135134771434226,4.14072252057127,0.280418603466135,1.04738652273572,0
0.887890825589496,0.86462069224424,-0.190732349113034,-0.280432115281876,-0.0135134771434226,4.1397754586466,0.280432115281875,1.04646418401187,0
0.88889070264534,0.865581508164235,-0.191009092486348,-0.280445627097616,-0.0135134771434226,4.13882842590098,0.280445627097616,1.0455419410842,0
0.889890579701184,0.866542320344836,-0.191285848842004,-0.280459138913356,-0.0135134771434226,4.13788142235462,0.280459138913356,1.04461979411402,0
0.890890456757028,0.867503128785869,-0.191562618179952,-0.280472650729097,-0.0135134771434226,4.13693444802774,0.280472650729097,1.043697743263,0
0.891890333812872,0.868463933487158,-0.191839400500142,-0.280486162544837,-0.0135134771434226,4.13598750294058,0.280486162544837,1.04277578869317,0
0.892890210868716,0.869424734448527,-0.192116195802522,-0.280499674360577,-0.0135134771434226,4.13504058711341,0.280499674360577,1.04185393056687,0
0.89389008792456,0.870385531669801,-0.192393004087043,-0.280513186176318,-0.0135134771434226,4.13409370056652,0.280513186176318,1.04093216904684,0
0.894889964980404,0.871346325150806,-0.192669825353653,-0.280526697992058,-0.0135134771434226,4.13314684332018,0.280526697992058,1.04001050429611,0
0.895889842036248,0.872307114891364,-0.192946659602303,-0.280540209807798,-0.0135134771434226,4.13220001539472,0.280540209807798,1.03908893647812,0
0.896889719092092,0.873267900891302,-0.193223506832941,-0.280553721623539,-0.0135134771434226,4.13125321681048,0.280553721623539,1.0381674657566,0
0.897889596147936,0.874228683150443,-0.193500367045518,-0.280567233439279,-0.0135134771434226,4.13030644758779,0.280567233439279,1.03724609229569,0
0.89888947320378,0.875189461668612,-0.193777240239982,-0.28058074525502,-0.0135134771434226,4.12935970774704,0.28058074525502,1.03632481625983,0
0.899889350259624,0.876150236445634,-0.194054126416283,-0.28059425707076,-0.0135134771434226,4.1284129973086,0.28059425707076,1.03540363781384,0
0.900889227315468,0.877111007481333,-0.19433102557437,-0.2806077688865,-0.0135134771434226,4.12746631629289,0.2806077688865,1.03448255712291,0
0.901889104371312,0.878071774775535,-0.194607937714194,-0.280621280702241,-0.0135134771434226,4.12651966472032,0.280621280702241,1.03356157435254,0
0.902888981427156,0.879032538328062,-0.194884862835702,-0.280634792517981,-0.0135134771434226,4.12557304261134,0.280634792517981,1.03264068966863,0
0.903888858483,0.879993298138741,-0.195161800938846,-0.280648304333721,-0.0135134771434226,4.1246264499864,0.280648304333721,1.03171990323741,0
0.904888735538844,0.880954054207395,-0.195438752023574,-0.280661816149462,-0.0135134771434226,4.12367988686598,0.280661816149462,1.03079921522547,0
0.905888612594688,0.88191480653385,-0.195715716089836,-0.280675327965202,-0.0135134771434226,4.12273335327058,0.280675327965202,1.02987862579977,0
0.906888489650532,0.882875555117929,-0.19599269313758,-0.280688839780942,-0.0135134771434226,4.12178684922071,0.280688839780942,1.02895813512762,0
0.907888366706376,0.883836299959458,-0.196269683166757,-0.280702351596683,-0.0135134771434226,4.12084037473691,0.280702351596683,1.0280377433767,0
0.90888824376222,0.884797041058261,-0.196546686177317,-0.280715863412423,-0.0135134771434226,4.11989392983971,0.280715863412423,1.02711745071505,0
0.909888120818064,0.885757778414163,-0.196823702169207,-0.280729375228163,-0.0135134771434226,4.1189475145497,0.280729375228164,1.02619725731105,0
0.910887997873908,0.886718512026988,-0.197100731142379,-0.280742887043904,-0.0135134771434226,4.11800112888745,0.280742887043904,1.02527716333347,0
0.911887874929752,0.887679241896561,-0.197377773096781,-0.280756398859644,-0.0135134771434226,4.11705477287358,0.280756398859644,1.02435716895143,0
0.912887751985596,0.888639968022706,-0.197654828032362,-0.280769910675385,-0.0135134771434226,4.11610844652869,0.280769910675385,1.02343727433442,0
0.91388762904144,0.889600690405248,-0.197931895949073,-0.280783422491125,-0.0135134771434226,4.11516214987344,0.280783422491125,1.0225174796523,0
0.914887506097284,0.890561409044012,-0.198208976846862,-0.280796934306865,-0.0135134771434226,4.11421588292849,0.280796934306865,1.02159778507529,0
0.915887383153128,0.891522123938822,-0.198486070725679,-0.280810446122606,-0.0135134771434226,4.1132696457145,0.280810446122606,1.02067819077397,0
0.916887260208972,0.892482835089504,-0.198763177585473,-0.280823957938346,-0.0135134771434226,4.11232343825218,0.280823957938346,1.01975869691931,0
0.917887137264816,0.89344354249588,-0.199040297426194,-0.280837469754086,-0.0135134771434226,4.11137726056224,0.280837469754086,1.01883930368264,0
0.91888701432066,0.894404246157777,-0.199317430247791,-0.280850981569827,-0.0135134771434226,4.11043111266542,0.280850981569827,1.01792001123565,0
0.919886891376504,0.895364946075018,-0.199594576050214,-0.280864493385567,-0.0135134771434226,4.10948499458246,0.280864493385567,1.01700081975041,0
0.920886768432349,0.896325642247429,-0.199871734833412,-0.280878005201307,-0.0135134771434226,4.10853890633414,0.280878005201307,1.01608172939936,0
0.921886645488193,0.897286334674834,-0.200148906597334,-0.280891517017048,-0.0135134771434226,4.10759284794123,0.280891517017048,1.01516274035533,0
0.922886522544037,0.898247023357057,-0.20042609134193,-0.280905028832788,-0.0135134771434226,4.10664681942456,0.280905028832788,1.0142438527915,0
0.923886399599881,0.899207708293923,-0.200703289067149,-0.280918540648529,-0.0135134771434226,4.10570082080494,0.280918540648528,1.01332506688143,0
0.924886276655725,0.900168389485256,-0.200980499772941,-0.280932052464269,-0.0135134771434226,4.10475485210322,0.280932052464269,1.01240638279907,0
0.925886153711569,0.901129066930883,-0.201257723459254,-0.280945564280009,-0.0135134771434226,4.10380891334025,0.280945564280009,1.01148780071874,0
0.926886030767413,0.902089740630626,-0.201534960126039,-0.28095907609575,-0.0135134771434226,4.10286300453693,0.280959076095749,1.01056932081513,0
0.927885907823257,0.90305041058431,-0.201812209773245,-0.28097258791149,-0.0135134771434226,4.10191712571414,0.28097258791149,1.00965094326332,0
0.928885784879101,0.904011076791761,-0.20208947240082,-0.28098609972723,-0.0135134771434226,4.10097127689281,0.28098609972723,1.00873266823877,0
0.929885661934945,0.904971739252803,-0.202366748008715,-0.280999611542971,-0.0135134771434226,4.10002545809387,0.28099961154297,1.00781449591732,0
0.930885538990789,0.90593239796726,-0.202644036596879,-0.281013123358711,-0.0135134771434226,4.09907966933828,0.281013123358711,1.00689642647517,0
0.931885416046633,0.906893052934957,-0.202921338165261,-0.281026635174451,-0.0135134771434226,4.098133910647,0.281026635174451,1.00597846008895,0
0.932885293102477,0.907853704155719,-0.203198652713811,-0.281040146990192,-0.0135134771434226,4.09718818204104,0.281040146990192,1.00506059693563,0
0.933885170158321,0.908814351629369,-0.203475980242478,-0.281053658805932,-0.0135134771434226,4.0962424835414,0.281053658805932,1.00414283719259,0
0.934885047214165,0.909774995355734,-0.203753320751211,-0.281067170621672,-0.0135134771434226,4.09529681516912,0.281067170621673,1.00322518103759,0
0.935884924270009,0.910735635334637,-0.20403067423996,-0.281080682437413,-0.0135134771434226,4.09435117694523,0.281080682437413,1.00230762864876,0
0.936884801325853,0.911696271565903,-0.204308040708674,-0.281094194253153,-0.0135134771434226,4.09340556889082,0.281094194253153,1.00139018020465,0
0.937884678381697,0.912656904049357,-0.204585420157302,-0.281107706068894,-0.0135134771434226,4.09245999102695,0.281107706068894,1.00047283588417,0
0.938884555437541,0.913617532784823,-0.204862812585794,-0.281121217884634,-0.0135134771434226,4.09151444337475,0.281121217884634,0.999555595866637,0
0.939884432493385,0.914578157772126,-0.2051402179941,-0.281134729700374,-0.0135134771434226,4.09056892595532,0.281134729700374,0.998638460331757,0
0.940884309549229,0.915538779011091,-0.205417636382167,-0.281148241516115,-0.0135134771434226,4.08962343878982,0.281148241516115,0.997721429459623,0
0.941884186605073,0.916499396501542,-0.205695067749947,-0.281161753331855,-0.0135134771434226,4.0886779818994,0.281161753331855,0.996804503430722,0
0.942884063660917,0.917460010243303,-0.205972512097388,-0.281175265147595,-0.0135134771434226,4.08773255530524,0.281175265147595,0.995887682425939,0
0.943883940716761,0.918420620236201,-0.206249969424439,-0.281188776963336,-0.0135134771434226,4.08678715902855,0.281188776963336,0.994970966626549,0
0.944883817772605,0.919381226480058,-0.20652743973105,-0.281202288779076,-0.0135134771434226,4.08584179309053,0.281202288779076,0.994054356214226,0
0.945883694828449,0.920341828974699,-0.206804923017171,-0.281215800594816,-0.0135134771434226,4.08489645751244,0.281215800594816,0.993137851371041,0
0.946883571884293,0.92130242771995,-0.20708241928275,-0.281229312410557,-0.0135134771434226,4.08395115231551,0.281229312410557,0.992221452279462,0
0.947883448940137,0.922263022715635,-0.207359928527737,-0.281242824226297,-0.0135134771434226,4.08300587752103,0.281242824226297,0.991305159122358,0
0.948883325995981,0.923223613961579,-0.207637450752081,-0.281256336042037,-0.0135134771434226,4.08206063315029,0.281256336042038,0.990388972082996,0
0.949883203051825,0.924184201457605,-0.207914985955732,-0.281269847857778,-0.0135134771434226,4.0811154192246,0.281269847857778,0.989472891345045,0
0.950883080107669,0.925144785203539,-0.208192534138639,-0.281283359673518,-0.0135134771434226,4.08017023576529,0.281283359673518,0.988556917092578,0
0.951882957163513,0.926105365199206,-0.208470095300751,-0.281296871489259,-0.0135134771434226,4.07922508279372,0.281296871489259,0.987641049510067,0
0.952882834219357,0.92706594144443,-0.208747669442017,-0.281310383304999,-0.0135134771434226,4.07827996033124,0.281310383304999,0.986725288782394,0
0.953882711275201,0.928026513939035,-0.209025256562388,-0.281323895120739,-0.0135134771434226,4.07733486839927,0.281323895120739,0.985809635094841,0
0.954882588331045,0.928987082682847,-0.209302856661811,-0.28133740693648,-0.0135134771434226,4.07638980701918,0.28133740693648,0.9848940886331,0
0.955882465386889,0.92994764767569,-0.209580469740238,-0.28135091875222,-0.0135134771434226,4.07544477621243,0.28135091875222,0.98397864958327,0
0.956882342442734,0.930908208917388,-0.209858095797616,-0.28136443056796,-0.0135134771434226,4.07449977600045,0.28136443056796,0.983063318131855,0
0.957882219498578,0.931868766407767,-0.210135734833895,-0.281377942383701,-0.0135134771434226,4.0735548064047,0.281377942383701,0.982148094465774,0
0.958882096554422,0.93282932014665,-0.210413386849025,-0.281391454199441,-0.0135134771434226,4.07260986744668,0.281391454199441,0.981232978772353,0
0.959881973610266,0.933789870133862,-0.210691051842954,-0.281404966015181,-0.0135134771434226,4.07166495914788,0.281404966015181,0.980317971239331,0
0.96088185066611,0.934750416369229,-0.210968729815632,-0.281418477830922,-0.0135134771434226,4.07072008152982,0.281418477830922,0.979403072054858,0
0.961881727721954,0.935710958852575,-0.211246420767009,-0.281431989646662,-0.0135134771434226,4.06977523461406,0.281431989646662,0.978488281407501,0
0.962881604777798,0.936671497583723,-0.211524124697034,-0.281445501462402,-0.0135134771434226,4.06883041842215,0.281445501462402,0.977573599486237,0
0.963881481833642,0.9376320325625,-0.211801841605656,-0.281459013278143,-0.0135134771434226,4.06788563297567,0.281459013278143,0.976659026480466,0
0.964881358889486,0.93859256378873,-0.212079571492824,-0.281472525093883,-0.0135134771434226,4.06694087829622,0.281472525093883,0.975744562579999,0
0.96588123594533,0.939553091262236,-0.212357314358487,-0.281486036909624,-0.0135134771434226,4.06599615440541,0.281486036909623,0.974830207975067,0
0.966881113001174,0.940513614982845,-0.212635070202596,-0.281499548725364,-0.0135134771434226,4.0650514613249,0.281499548725364,0.97391596285632,0
0.967880990057018,0.94147413495038,-0.212912839025098,-0.281513060541104,-0.0135134771434226,4.06410679907633,0.281513060541104,0.97300182741483,0
0.968880867112862,0.942434651164666,-0.213190620825944,-0.281526572356845,-0.0135134771434226,4.06316216768139,0.281526572356845,0.972087801842087,0
0.969880744168706,0.943395163625528,-0.213468415605083,-0.281540084172585,-0.0135134771434226,4.06221756716177,0.281540084172585,0.971173886330008,0
0.97088062122455,0.944355672332791,-0.213746223362464,-0.281553595988325,-0.0135134771434226,4.06127299753919,0.281553595988326,0.970260081070928,0
0.971880498280394,0.945316177286279,-0.214024044098036,-0.281567107804066,-0.0135134771434226,4.06032845883537,0.281567107804066,0.969346386257613,0
0.972880375336238,0.946276678485816,-0.214301877811748,-0.281580619619806,-0.0135134771434226,4.05938395107209,0.281580619619806,0.968432802083249,0
0.973880252392082,0.947237175931228,-0.214579724503551,-0.281594131435546,-0.0135134771434226,4.0584394742711,0.281594131435547,0.967519328741451,0
0.974880129447926,0.948197669622338,-0.214857584173393,-0.281607643251287,-0.0135134771434226,4.05749502845422,0.281607643251287,0.966605966426264,0
0.97588000650377,0.949158159558973,-0.215135456821223,-0.281621155067027,-0.0135134771434226,4.05655061364324,0.281621155067027,0.965692715332159,0
0.976879883559614,0.950118645740956,-0.215413342446991,-0.281634666882768,-0.0135134771434226,4.05560622986,0.281634666882768,0.964779575654039,0
0.977879760615458,0.951079128168111,-0.215691241050645,-0.281648178698508,-0.0135134771434226,4.05466187712636,0.281648178698508,0.963866547587238,0
0.978879637671302,0.952039606840264,-0.215969152632136,-0.281661690514248,-0.0135134771434226,4.05371755546419,0.281661690514248,0.962953631327522,0
0.979879514727146,0.95300008175724,-0.216247077191413,-0.281675202329989,-0.0135134771434226,4.05277326489538,0.281675202329989,0.96204082707109,0
0.98087939178299,0.953960552918862,-0.216525014728424,-0.281688714145729,-0.0135134771434226,4.05182900544184,0.281688714145729,0.961128135014578,0
0.981879268838834,0.954921020324956,-0.216802965243119,-0.281702225961469,-0.0135134771434226,4.0508847771255,0.281702225961469,0.960215555355055,0
0.982879145894678,0.955881483975346,-0.217080928735447,-0.28171573777721,-0.0135134771434226,4.04994057996831,0.28171573777721,0.959303088290029,0
0.983879022950522,0.956841943869857,-0.217358905205358,-0.28172924959295,-0.0135134771434226,4.04899641399226,0.28172924959295,0.958390734017445,0
0.984878900006366,0.957802400008314,-0.217636894652801,-0.28174276140869,-0.0135134771434226,4.04805227921931,0.28174276140869,0.957478492735688,0
0.98587877706221,0.95876285239054,-0.217914897077724,-0.281756273224431,-0.0135134771434226,4.04710817567149,0.281756273224431,0.956566364643583,0
0.986878654118054,0.959723301016362,-0.218192912480078,-0.281769785040171,-0.0135134771434226,4.04616410337083,0.281769785040171,0.955654349940395,0
0.987878531173898,0.960683745885603,-0.218470940859812,-0.281783296855911,-0.0135134771434226,4.04522006233937,0.281783296855911,0.954742448825834,0
0.988878408229742,0.961644186998087,-0.218748982216874,-0.281796808671652,-0.0135134771434226,4.04427605259919,0.281796808671652,0.953830661500053,0
0.989878285285586,0.962604624353641,-0.219027036551214,-0.281810320487392,-0.0135134771434226,4.04333207417237,0.281810320487392,0.952918988163651,0
0.99087816234143,0.963565057952088,-0.219305103862781,-0.281823832303133,-0.0135134771434226,4.04238812708102,0.281823832303132,0.952007429017669,0
0.991878039397274,0.964525488144818,-0.219583182937306,-0.281833129966304,-0.00648902591707638,4.04144421093026,0.281833129966304,0.951095983743684,0
0.992877916453118,0.965485916377037,-0.219861268782968,-0.281839618194433,-0.00648902591707638,4.04050032402708,0.281839618194433,0.95018465040397,0
0.993877793508962,0.966446342804951,-0.220139360860102,-0.281846106422562,-0.00648902591707638,4.03955646620659,0.281846106422562,0.949273428964754,0
0.994877670564806,0.967406767428519,-0.220417459168696,-0.281852594650692,-0.00648902591707638,4.03861263748923,0.281852594650692,0.948362319623635,0
0.995877547620651,0.968367190247703,-0.220695563708738,-0.281859082878821,-0.00648902591707638,4.03766883789544,0.281859082878821,0.947451322578657,0
0.996877424676495,0.96932761126246,-0.220973674480216,-0.28186557110695,-0.00648902591707638,4.0367250674457,0.28186557110695,0.946540438028303,0
0.997877301732339,0.970288030472751,-0.221251791483119,-0.281872059335079,-0.00648902591707638,4.03578132616048,0.281872059335079,0.945629666171501,0
0.998877178788182,0.971248447878535,-0.221529914717436,-0.281878547563209,-0.00648902591707638,4.0348376140603,0.281878547563209,0.944719007207622,0
0.999877055844027,0.972208863479772,-0.221808044183153,-0.281885035791338,-0.00648902591707638,4.03389393116568,0.281885035791338,0.943808461336485,0
1.00087693289987,0.973169277276422,-0.222086179880261,-0.281891524019467,-0.00648902591707638,4.03295027749715,0.281891524019467,0.942898028758353,0
1.00187680995571,0.974129689268443,-0.222364321808746,-0.281898012247597,-0.00648902591707638,4.03200665307527,0.281898012247597,0.94198770967394,0
1.00287668701156,0.975090099455796,-0.222642469968598,-0.281904500475726,-0.00648902591707638,4.03106305792064,0.281904500475726,0.941077504284406,0
1.0038765640674,0.97605050783844,-0.222920624359804,-0.281910988703855,-0.00648902591707638,4.03011949205383,0.281910988703855,0.940167412791363,0
1.00487644112325,0.977010914416334,-0.223198784982353,-0.281917476931984,-0.00648902591707638,4.02917595549548,0.281917476931985,0.939257435396876,0
1.00587631817909,0.977971319189439,-0.223476951836233,-0.281923965160114,-0.00648902591707638,4.02823244826621,0.281923965160114,0.93834757230346,0
1.00687619523493,0.978931722157714,-0.223755124921432,-0.281930453388243,-0.00648902591707638,4.02728897038667,0.281930453388243,0.937437823714086,0
1.00787607229078,0.979892123321118,-0.224033304237939,-0.281936941616372,-0.00648902591707638,4.02634552187754,0.281936941616372,0.936528189832177,0
1.00887594934662,0.980852522679611,-0.224311489785743,-0.281943429844502,-0.00648902591707638,4.02540210275952,0.281943429844501,0.935618670861618,0
1.00987582640247,0.981812920233152,-0.22458968156483,-0.281949918072631,-0.00648902591707638,4.0244587130533,0.281949918072631,0.934709267006745,0
1.01087570345831,0.982773315981702,-0.22486787957519,-0.28195640630076,-0.00648902591707638,4.02351535277962,0.28195640630076,0.933799978472357,0
1.01187558051415,0.983733709925219,-0.225146083816811,-0.281962894528889,-0.00648902591707638,4.02257202195922,0.281962894528889,0.932890805463712,0
1.01287545757,0.984694102063663,-0.225424294289681,-0.281969382757019,-0.00648902591707638,4.02162872061287,0.281969382757019,0.931981748186527,0
1.01387533462584,0.985654492396994,-0.225702510993788,-0.281975870985148,-0.00648902591707638,4.02068544876136,0.281975870985148,0.931072806846986,0
1.01487521168169,0.986614880925171,-0.225980733929121,-0.281982359213277,-0.00648902591707638,4.01974220642548,0.281982359213278,0.930163981651731,0
1.01587508873753,0.987575267648154,-0.226258963095669,-0.281988847441407,-0.00648902591707638,4.01879899362607,0.281988847441407,0.929255272807872,0
1.01687496579337,0.988535652565903,-0.226537198493418,-0.281995335669536,-0.00648902591707638,4.01785581038396,0.281995335669536,0.928346680522985,0
1.01787484284922,0.989496035678377,-0.226815440122358,-0.282001823897665,-0.00648902591707638,4.01691265672,0.282001823897665,0.927438205005112,0
1.01887471990506,0.990456416985535,-0.227093687982477,-0.282008312125794,-0.00648902591707638,4.01596953265509,0.282008312125794,0.926529846462764,0
1.01987459696091,0.991416796487338,-0.227371942073763,-0.282014800353924,-0.00648902591707638,4.01502643821012,0.282014800353924,0.925621605104923,0
1.02087447401675,0.992377174183744,-0.227650202396205,-0.282021288582053,-0.00648902591707638,4.014083373406,0.282021288582053,0.924713481141039,0
1.0218743510726,0.993337550074714,-0.22792846894979,-0.282027776810182,-0.00648902591707638,4.01314033826368,0.282027776810182,0.923805474781037,0
1.02287422812844,0.994297924160206,-0.228206741734507,-0.282034265038312,-0.00648902591707638,4.0121973328041,0.282034265038312,0.922897586235313,0
1.02387410518428,0.995258296440182,-0.228485020750345,-0.282040753266441,-0.00648902591707638,4.01125435704824,0.282040753266441,0.92198981571474,0
1.02487398224013,0.996218666914599,-0.228763305997291,-0.28204724149457,-0.00648902591707638,4.01031141101709,0.28204724149457,0.921082163430667,0
1.02587385929597,0.997179035583417,-0.229041597475334,-0.282053729722699,-0.00648902591707638,4.00936849473168,0.282053729722699,0.920174629594916,0
1.02687373635182,0.998139402446597,-0.229319895184462,-0.282060217950829,-0.00648902591707638,4.00842560821302,0.282060217950829,0.919267214419793,0
1.02787361340766,0.999099767504098,-0.229598199124664,-0.282066706178958,-0.00648902591707638,4.00748275148216,0.282066706178958,0.91835991811808,0
1.0288734904635,1.00006013075588,-0.229876509295927,-0.282073194407087,-0.00648902591707638,4.00653992456019,0.282073194407087,0.917452740903041,0
1.02987336751935,1.0010204922019,-0.23015482569824,-0.282079682635217,-0.00648902591707638,4.00559712746818,0.282079682635217,0.916545682988423,0
1.03087324457519,1.00198085184212,-0.230433148331592,-0.282086170863346,-0.00648902591707638,4.00465436022724,0.282086170863346,0.915638744588455,0
1.03187312163104,1.0029412096765,-0.23071147719597,-0.282092659091475,-0.00648902591707638,4.00371162285851,0.282092659091475,0.914731925917853,0
1.03287299868688,1.003901565705,-0.230989812291363,-0.282099147319605,-0.00648902591707638,4.00276891538312,0.282099147319605,0.913825227191817,0
1.03387287574272,1.00486191992757,-0.231268153617759,-0.282105635547734,-0.00648902591707638,4.00182623782225,0.282105635547734,0.912918648626035,0
1.03487275279857,1.00582227234419,-0.231546501175147,-0.282112123775863,-0.00648902591707638,4.00088359019707,0.282112123775863,0.912012190436684,0
1.03587262985441,1.0067826229548,-0.231824854963514,-0.282118612003992,-0.00648902591707638,3.9999409725288,0.282118612003992,0.91110585284043,0
1.03687250691026,1.00774297175937,-0.232103214982849,-0.282125100232122,-0.00648902591707638,3.99899838483865,0.282125100232121,0.910199636054432,0
1.0378723839661,1.00870331875785,-0.232381581233141,-0.282131588460251,-0.00648902591707638,3.99805582714786,0.282131588460251,0.90929354029634,0
1.03887226102194,1.00966366395021,-0.232659953714377,-0.28213807668838,-0.00648902591707638,3.99711329947771,0.28213807668838,0.908387565784298,0
1.03987213807779,1.01062400733641,-0.232938332426546,-0.28214456491651,-0.00648902591707638,3.99617080184947,0.28214456491651,0.907481712736946,0
1.04087201513363,1.0115843489164,-0.233216717369636,-0.282151053144639,-0.00648902591707638,3.99522833428445,0.282151053144639,0.906575981373419,0
1.04187189218948,1.01254468869015,-0.233495108543636,-0.282157541372768,-0.00648902591707638,3.99428589680395,0.282157541372768,0.905670371913353,0
1.04287176924532,1.01350502665761,-0.233773505948533,-0.282164029600897,-0.00648902591707638,3.99334348942933,0.282164029600898,0.904764884576878,0
1.04387164630116,1.01446536281874,-0.234051909584316,-0.282170517829027,-0.00648902591707638,3.99240111218194,0.282170517829027,0.90385951958463,0
1.04487152335701,1.01542569717351,-0.234330319450973,-0.282177006057156,-0.00648902591707638,3.99145876508316,0.282177006057156,0.902954277157742,0
1.04587140041285,1.01638602972187,-0.234608735548493,-0.282183494285285,-0.00648902591707638,3.99051644815439,0.282183494285285,0.902049157517853,0
1.0468712774687,1.01734636046379,-0.234887157876864,-0.282189982513414,-0.00648902591707638,3.98957416141704,0.282189982513414,0.901144160887105,0
1.04787115452454,1.01830668939921,-0.235165586436073,-0.282196470741544,-0.00648902591707638,3.98863190489256,0.282196470741544,0.900239287488148,0
1.04887103158038,1.01926701652811,-0.23544402122611,-0.282202958969673,-0.00648902591707638,3.9876896786024,0.282202958969673,0.899334537544135,0
1.04987090863623,1.02022734185044,-0.235722462246963,-0.282209447197802,-0.00648902591707638,3.98674748256804,0.282209447197802,0.898429911278732,0
1.05087078569207,1.02118766536616,-0.236000909498619,-0.282215935425932,-0.00648902591707638,3.98580531681097,0.282215935425932,0.897525408916111,0
1.05187066274792,1.02214798707523,-0.236279362981068,-0.282222423654061,-0.00648902591707638,3.9848631813527,0.282222423654061,0.896621030680959,0
1.05287053980376,1.02310830697761,-0.236557822694297,-0.28222891188219,-0.00648902591707638,3.98392107621478,0.28222891188219,0.895716776798471,0
1.0538704168596,1.02406862507326,-0.236836288638295,-0.28223540011032,-0.00648902591707638,3.98297900141876,0.28223540011032,0.89481264749436,0
1.05487029391545,1.02502894136214,-0.237114760813051,-0.282241888338449,-0.00648902591707638,3.98203695698621,0.282241888338449,0.893908642994852,0
1.05587017097129,1.02598925584421,-0.237393239218551,-0.282248376566578,-0.00648902591707638,3.98109494293873,0.282248376566578,0.89300476352669,0
1.05687004802714,1.02694956851942,-0.237671723854785,-0.282254864794707,-0.00648902591707638,3.98015295929793,0.282254864794707,0.892101009317135,0
1.05786992508298,1.02790987938775,-0.23795021472174,-0.282261353022837,-0.00648902591707638,3.97921100608545,0.282261353022837,0.891197380593968,0
1.05886980213882,1.02887018844914,-0.238228711819406,-0.282267841250966,-0.00648902591707638,3.97826908332293,0.282267841250966,0.890293877585491,0
1.05986967919467,1.02983049570356,-0.238507215147771,-0.282274329479095,-0.00648902591707638,3.97732719103206,0.282274329479095,0.889390500520526,0
1.06086955625051,1.03079080115097,-0.238785724706821,-0.282280817707225,-0.00648902591707638,3.97638532923452,0.282280817707225,0.888487249628421,0
1.06186943330636,1.03175110479132,-0.239064240496547,-0.282287305935354,-0.00648902591707638,3.97544349795203,0.282287305935354,0.887584125139047,0
1.0628693103622,1.03271140662458,-0.239342762516936,-0.282293794163483,-0.00648902591707638,3.97450169720633,0.282293794163483,0.886681127282804,0
1.06386918741804,1.0336717066507,-0.239621290767977,-0.282300282391612,-0.00648902591707638,3.97355992701916,0.282300282391613,0.885778256290616,0
1.06486906447389,1.03463200486965,-0.239899825249657,-0.282306770619742,-0.00648902591707638,3.97261818741229,0.282306770619742,0.884875512393939,0
1.06586894152973,1.03559230128138,-0.240178365961966,-0.282313258847871,-0.00648902591707638,3.97167647840753,0.282313258847871,0.88397289582476,0
1.06686881858558,1.03655259588586,-0.240456912904891,-0.282319747076,-0.00648902591707638,3.97073480002668,0.282319747076,0.883070406815594,0
1.06786869564142,1.03751288868304,-0.24073546607842,-0.28232623530413,-0.00648902591707638,3.96979315229157,0.282326235304129,0.882168045599495,0
1.06886857269726,1.03847317967288,-0.241014025482542,-0.282332723532259,-0.00648902591707638,3.96885153522406,0.282332723532259,0.881265812410047,0
1.06986844975311,1.03943346885535,-0.241292591117246,-0.282339211760388,-0.00648902591707638,3.96790994884602,0.282339211760388,0.880363707481373,0
1.07086832680895,1.0403937562304,-0.241571162982519,-0.282345699988517,-0.00648902591707638,3.96696839317935,0.282345699988517,0.879461731048132,0
1.0718682038648,1.04135404179799,-0.241849741078349,-0.282352188216647,-0.00648902591707638,3.96602686824595,0.282352188216647,0.878559883345524,0
1.07286808092064,1.04231432555808,-0.242128325404726,-0.282358676444776,-0.00648902591707638,3.96508537406776,0.282358676444776,0.877658164609289,0
1.07386795797648,1.04327460751063,-0.242406915961636,-0.282365164672905,-0.00648902591707638,3.96414391066674,0.282365164672905,0.876756575075706,0
1.07486783503233,1.04423488765561,-0.242685512749069,-0.282371652901034,-0.00648902591707638,3.96320247806484,0.282371652901034,0.875855114981602,0
1.07586771208817,1.04519516599296,-0.242964115767014,-0.282378141129164,-0.00648902591707638,3.96226107628408,0.282378141129164,0.874953784564347,0
1.07686758914402,1.04615544252266,-0.243242725015457,-0.282384629357293,-0.00648902591707638,3.96131970534646,0.282384629357293,0.874052584061856,0
1.07786746619986,1.04711571724465,-0.243521340494387,-0.282391117585422,-0.00648902591707638,3.96037836527401,0.282391117585422,0.873151513712594,0
1.0788673432557,1.0480759901589,-0.243799962203793,-0.282397605813552,-0.00648902591707638,3.95943705608879,0.282397605813552,0.872250573755574,0
1.07986722031155,1.04903626126538,-0.244078590143663,-0.282404094041681,-0.00648902591707638,3.95849577781288,0.282404094041681,0.871349764430361,0
1.08086709736739,1.04999653056403,-0.244357224313985,-0.28241058226981,-0.00648902591707638,3.95755453046836,0.28241058226981,0.87044908597707,0
1.08186697442324,1.05095679805481,-0.244635864714747,-0.28241707049794,-0.00648902591707638,3.95661331407736,0.28241707049794,0.869548538636371,0
1.08286685147908,1.0519170637377,-0.244914511345939,-0.282423558726069,-0.00648902591707638,3.955672128662,0.282423558726069,0.868648122649491,0
1.08386672853492,1.05287732761264,-0.245193164207547,-0.282430046954198,-0.00648902591707638,3.95473097424445,0.282430046954198,0.86774783825821,0
1.08486660559077,1.0538375896796,-0.24547182329956,-0.282436535182327,-0.00648902591707638,3.95378985084687,0.282436535182327,0.866847685704869,0
1.08586648264661,1.05479784993853,-0.245750488621967,-0.282443023410457,-0.00648902591707638,3.95284875849147,0.282443023410456,0.865947665232368,0
1.08686635970246,1.0557581083894,-0.246029160174755,-0.282449511638586,-0.00648902591707638,3.95190769720046,0.282449511638586,0.865047777084167,0
1.0878662367583,1.05671836503216,-0.246307837957914,-0.282455999866715,-0.00648902591707638,3.95096666699608,0.282455999866715,0.864148021504291,0
1.08886611381414,1.05767861986678,-0.246586521971431,-0.282462488094845,-0.00648902591707638,3.95002566790058,0.282462488094844,0.863248398737327,0
1.08986599086999,1.05863887289322,-0.246865212215294,-0.282468976322974,-0.00648902591707638,3.94908469993625,0.282468976322974,0.862348909028428,0
1.09086586792583,1.05959912411143,-0.247143908689492,-0.282475464551103,-0.00648902591707638,3.94814376312537,0.282475464551103,0.861449552623316,0
1.09186574498168,1.06055937352137,-0.247422611394014,-0.282481952779232,-0.00648902591707638,3.94720285749028,0.282481952779232,0.86055032976828,0
1.09286562203752,1.061519621123,-0.247701320328846,-0.282488441007362,-0.00648902591707638,3.9462619830533,0.282488441007362,0.85965124071018,0
1.09386549909337,1.06247986691629,-0.247980035493979,-0.282494929235491,-0.00648902591707638,3.9453211398368,0.282494929235491,0.858752285696446,0
1.09486537614921,1.06344011090119,-0.248258756889399,-0.28250141746362,-0.00648902591707638,3.94438032786316,0.28250141746362,0.857853464975085,0
1.09586525320505,1.06440035307766,-0.248537484515095,-0.28250790569175,-0.00648902591707638,3.94343954715479,0.282507905691749,0.856954778794676,0
1.0968651302609,1.06536059344566,-0.248816218371056,-0.282514393919879,-0.00648902591707638,3.94249879773409,0.282514393919879,0.856056227404374,0
1.09786500731674,1.06632083200515,-0.24909495845727,-0.282520882148008,-0.00648902591707638,3.94155807962352,0.282520882148008,0.855157811053915,0
1.09886488437259,1.0672810687561,-0.249373704773724,-0.282527370376137,-0.00648902591707638,3.94061739284554,0.282527370376137,0.854259529993612,0
1.09986476142843,1.06824130369845,-0.249652457320408,-0.282533858604267,-0.00648902591707638,3.93967673742262,0.282533858604267,0.85336138447436,0
1.10086463848427,1.06920153683218,-0.249931216097309,-0.282540346832396,-0.00648902591707638,3.93873611337729,0.282540346832396,0.852463374747635,0
1.10186451554012,1.07016176815723,-0.250209981104416,-0.282546835060525,-0.00648902591707638,3.93779552073205,0.282546835060525,0.8515655010655,0
1.10286439259596,1.07112199767357,-0.250488752341717,-0.282553323288655,-0.00648902591707638,3.93685495950946,0.282553323288655,0.850667763680602,0
1.10386426965181,1.07208222538116,-0.250767529809201,-0.282559811516784,-0.00648902591707638,3.93591442973208,0.282559811516784,0.849770162846176,0
1.10486414670765,1.07304245127996,-0.251046313506854,-0.282566299744913,-0.00648902591707638,3.93497393142251,0.282566299744913,0.848872698816046,0
1.10586402376349,1.07400267536992,-0.251325103434667,-0.282572787973042,-0.00648902591707638,3.93403346460334,0.282572787973042,0.847975371844625,0
1.10686390081934,1.07496289765102,-0.251603899592627,-0.282579276201172,-0.00648902591707638,3.93309302929721,0.282579276201172,0.847078182186921,0
1.10786377787518,1.0759231181232,-0.251882701980722,-0.282585764429301,-0.00648902591707638,3.93215262552677,0.282585764429301,0.846181130098533,0
1.10886365493103,1.07688333678642,-0.252161510598941,-0.28259225265743,-0.00648902591707638,3.93121225331469,0.28259225265743,0.845284215835657,0
1.10986353198687,1.07784355364065,-0.252440325447271,-0.28259874088556,-0.00648902591707638,3.93027191268366,0.28259874088556,0.844387439655084,0
1.11086340904271,1.07880376868585,-0.252719146525702,-0.282605229113689,-0.00648902591707638,3.9293316036564,0.282605229113689,0.843490801814207,0
1.11186328609856,1.07976398192197,-0.252997973834221,-0.282611717341818,-0.00648902591707638,3.92839132625563,0.282611717341818,0.842594302571015,0
1.1128631631544,1.08072419334898,-0.253276807372817,-0.282618205569947,-0.00648902591707638,3.92745108050412,0.282618205569948,0.841697942184102,0
1.11386304021025,1.08168440296683,-0.253555647141477,-0.282624693798077,-0.00648902591707638,3.92651086642464,0.282624693798077,0.840801720912663,0
1.11486291726609,1.08264461077548,-0.253834493140191,-0.282631182026206,-0.00648902591707638,3.92557068403998,0.282631182026206,0.8399056390165,0
1.11586279432193,1.08360481702754,-0.254113344499031,-0.282634985903407,-0.00251172053428672,3.92463053306453,0.282634985903407,0.83900969635374,0
1.11686267137778,1.08456502252071,-0.25439219847101,-0.28263749731514,-0.00251172053428672,3.92369041254674,0.28263749731514,0.838113891913545,0
1.11786254843362,1.08552522731356,-0.25467105485446,-0.282640008726873,-0.00251172053428672,3.92275032243696,0.282640008726872,0.837218225861004,0
1.11886242548947,1.08648543140608,-0.254949913649379,-0.282642520138605,-0.00251172053428672,3.92181026275707,0.282642520138606,0.83632269845501,0
1.11986230254531,1.08744563479827,-0.255228774855765,-0.282645031550338,-0.00251172053428672,3.92087023352896,0.282645031550338,0.835427309955064,0
1.12086217960115,1.08840583749012,-0.255507638473615,-0.282647542962071,-0.00251172053428672,3.91993023477455,0.282647542962071,0.834532060621275,0
1.121862056657,1.08936603948163,-0.25578650450293,-0.282650054373804,-0.00251172053428672,3.91899026651578,0.282650054373804,0.833636950714357,0
1.12286193371284,1.09032624077279,-0.256065372943706,-0.282652565785537,-0.00251172053428672,3.91805032877458,0.282652565785537,0.83274198049564,0
1.12386181076869,1.09128644136359,-0.256344243795941,-0.28265507719727,-0.00251172053428672,3.91711042157295,0.28265507719727,0.831847150227063,0
1.12486168782453,1.09224664125403,-0.256623117059635,-0.282657588609003,-0.00251172053428672,3.91617054493287,0.282657588609003,0.830952460171181,0
1.12586156488037,1.0932068404441,-0.256901992734786,-0.282660100020736,-0.00251172053428672,3.91523069887636,0.282660100020736,0.830057910591164,0
1.12686144193622,1.0941670389338,-0.257180870821391,-0.282662611432469,-0.00251172053428672,3.91429088342545,0.282662611432469,0.8291635017508,0
1.12786131899206,1.09512723672312,-0.257459751319449,-0.282665122844202,-0.00251172053428672,3.91335109860221,0.282665122844202,0.828269233914496,0
1.12886119604791,1.09608743381204,-0.257738634228958,-0.282667634255935,-0.00251172053428672,3.91241134442871,0.282667634255934,0.827375107347281,0
1.12986107310375,1.09704763020058,-0.258017519549916,-0.282670145667668,-0.00251172053428672,3.91147162092704,0.282670145667668,0.826481122314803,0
1.13086095015959,1.09800782588872,-0.258296407282322,-0.2826726570794,-0.00251172053428672,3.91053192811933,0.2826726570794,0.82558727908334,0
1.13186082721544,1.09896802087645,-0.258575297426174,-0.282675168491133,-0.00251172053428672,3.90959226602771,0.282675168491133,0.824693577919789,0
1.13286070427128,1.09992821516377,-0.258854189981469,-0.282677679902866,-0.00251172053428672,3.90865263467434,0.282677679902866,0.823800019091682,0
1.13386058132713,1.10088840875067,-0.259133084948208,-0.282680191314599,-0.00251172053428672,3.9077130340814,0.282680191314599,0.822906602867173,0
1.13486045838297,1.10184860163715,-0.259411982326386,-0.282682702726332,-0.00251172053428672,3.90677346427109,0.282682702726332,0.822013329515054,0
1.13586033543881,1.1028087938232,-0.259690882116004,-0.282685214138065,-0.00251172053428672,3.90583392526563,0.282685214138065,0.821120199304744,0
1.13686021249466,1.10376898530882,-0.259969784317058,-0.282687725549798,-0.00251172053428672,3.90489441708727,0.282687725549798,0.820227212506301,0
1.1378600895505,1.104729176094,-0.260248688929548,-0.282690236961531,-0.00251172053428672,3.90395493975826,0.282690236961531,0.819334369390415,0
1.13885996660635,1.10568936617872,-0.260527595953472,-0.282692748373264,-0.00251172053428672,3.90301549330089,0.282692748373264,0.818441670228418,0
1.13985984366219,1.106649555563,-0.260806505388827,-0.282695259784997,-0.00251172053428672,3.90207607773746,0.282695259784997,0.817549115292279,0
1.14085972071803,1.10760974424681,-0.261085417235612,-0.28269777119673,-0.00251172053428672,3.90113669309029,0.28269777119673,0.816656704854609,0
1.14185959777388,1.10856993223016,-0.261364331493826,-0.282700282608463,-0.00251172053428672,3.90019733938174,0.282700282608463,0.815764439188663,0
1.14285947482972,1.10953011951304,-0.261643248163465,-0.282702794020195,-0.00251172053428672,3.89925801663416,0.282702794020195,0.81487231856834,0
1.14385935188557,1.11049030609544,-0.26192216724453,-0.282705305431928,-0.00251172053428672,3.89831872486994,0.282705305431929,0.813980343268186,0
1.14485922894141,1.11145049197736,-0.262201088737018,-0.282707816843661,-0.00251172053428672,3.8973794641115,0.282707816843661,0.813088513563395,0
1.14585910599725,1.11241067715878,-0.262480012640926,-0.282710328255394,-0.00251172053428672,3.89644023438125,0.282710328255394,0.812196829729811,0
1.1468589830531,1.11337086163971,-0.262758938956255,-0.282712839667127,-0.00251172053428672,3.89550103570165,0.282712839667127,0.811305292043932,0
1.14785886010894,1.11433104542014,-0.263037867683001,-0.28271535107886,-0.00251172053428672,3.89456186809517,0.28271535107886,0.810413900782906,0
1.14885873716479,1.11529122850006,-0.263316798821162,-0.282717862490593,-0.00251172053428672,3.8936227315843,0.282717862490593,0.809522656224542,0
1.14985861422063,1.11625141087947,-0.263595732370738,-0.282720373902326,-0.00251172053428672,3.89268362619155,0.282720373902326,0.8086315586473,0
1.15085849127647,1.11721159255836,-0.263874668331727,-0.282722885314059,-0.00251172053428672,3.89174455193945,0.282722885314059,0.807740608330303,0
1.15185836833232,1.11817177353672,-0.264153606704126,-0.282725396725792,-0.00251172053428672,3.89080550885056,0.282725396725792,0.806849805553335,0
1.15285824538816,1.11913195381455,-0.264432547487934,-0.282727908137525,-0.00251172053428672,3.88986649694745,0.282727908137525,0.80595915059684,0
1.15385812244401,1.12009213339184,-0.264711490683149,-0.282730419549258,-0.00251172053428672,3.88892751625273,0.282730419549257,0.805068643741929,0
1.15485799949985,1.12105231226858,-0.26499043628977,-0.282732930960991,-0.00251172053428672,3.88798856678899,0.282732930960991,0.804178285270378,0
1.15585787655569,1.12201249044478,-0.265269384307794,-0.282735442372723,-0.00251172053428672,3.8870496485789,0.282735442372724,0.803288075464632,0
1.15685775361154,1.12297266792042,-0.26554833473722,-0.282737953784456,-0.00251172053428672,3.88611076164509,0.282737953784456,0.802398014607805,0
1.15785763066738,1.1239328446955,-0.265827287578046,-0.282740465196189,-0.00251172053428672,3.88517190601026,0.28274046519619,0.801508102983684,0
1.15885750772323,1.12489302077001,-0.266106242830271,-0.282742976607922,-0.00251172053428672,3.88423308169711,0.282742976607922,0.800618340876728,0
1.15985738477907,1.12585319614394,-0.266385200493892,-0.282745488019655,-0.00251172053428672,3.88329428872836,0.282745488019655,0.799728728572073,0
1.16085726183491,1.1268133708173,-0.266664160568907,-0.282747999431388,-0.00251172053428672,3.88235552712675,0.282747999431388,0.79883926635553,0
1.16185713889076,1.12777354479006,-0.266943123055316,-0.282750510843121,-0.00251172053428672,3.88141679691504,0.282750510843121,0.797949954513593,0
1.1628570159466,1.12873371806224,-0.267222087953116,-0.282753022254854,-0.00251172053428672,3.88047809811604,0.282753022254854,0.797060793333432,0
1.16385689300245,1.12969389063381,-0.267501055262306,-0.282755533666587,-0.00251172053428672,3.87953943075253,0.282755533666587,0.796171783102904,0
1.16485677005829,1.13065406250478,-0.267780024982884,-0.28275804507832,-0.00251172053428672,3.87860079484736,0.28275804507832,0.795282924110549,0
1.16585664711413,1.13161423367514,-0.268058997114847,-0.282760556490053,-0.00251172053428672,3.87766219042337,0.282760556490053,0.794394216645594,0
1.16685652416998,1.13257440414489,-0.268337971658195,-0.282763067901786,-0.00251172053428672,3.87672361750343,0.282763067901786,0.793505660997953,0
1.16785640122582,1.13353457391401,-0.268616948612925,-0.282765579313519,-0.00251172053428672,3.87578507611045,0.282765579313518,0.792617257458233,0
1.16885627828167,1.1344947429825,-0.268895927979036,-0.282768090725251,-0.00251172053428672,3.87484656626732,0.282768090725251,0.791729006317731,0
1.16985615533751,1.13545491135036,-0.269174909756526,-0.282770602136984,-0.00251172053428672,3.87390808799699,0.282770602136984,0.790840907868438,0
1.17085603239336,1.13641507901757,-0.269453893945394,-0.282773113548717,-0.00251172053428672,3.87296964132242,0.282773113548717,0.789952962403043,0
1.1718559094492,1.13737524598414,-0.269732880545636,-0.28277562496045,-0.00251172053428672,3.87203122626659,0.28277562496045,0.789065170214931,0
1.17285578650504,1.13833541225005,-0.270011869557253,-0.282778136372183,-0.00251172053428672,3.87109284285249,0.282778136372183,0.788177531598187,0
1.17385566356089,1.13929557781531,-0.270290860980241,-0.282780647783916,-0.00251172053428672,3.87015449110315,0.282780647783916,0.7872900468476,0
1.17485554061673,1.1402557426799,-0.2705698548146,-0.282783159195649,-0.00251172053428672,3.86921617104161,0.282783159195649,0.78640271625866,0
1.17585541767258,1.14121590684382,-0.270848851060327,-0.282785670607382,-0.00251172053428672,3.86827788269094,0.282785670607382,0.785515540127563,0
1.17685529472842,1.14217607030706,-0.271127849717421,-0.282788182019115,-0.00251172053428672,3.86733962607422,0.282788182019115,0.784628518751212,0
1.17785517178426,1.14313623306961,-0.271406850785879,-0.282790693430848,-0.00251172053428672,3.86640140121456,0.282790693430848,0.783741652427223,0
1.17885504884011,1.14409639513148,-0.271685854265701,-0.282793204842581,-0.00251172053428672,3.8654632081351,0.282793204842581,0.78285494145392,0
1.17985492589595,1.14505655649265,-0.271964860156884,-0.282795716254314,-0.00251172053428672,3.86452504685898,0.282795716254314,0.78196838613034,0
1.1808548029518,1.14601671715313,-0.272243868459427,-0.282798227666047,-0.00251172053428672,3.86358691740938,0.282798227666047,0.781081986756237,0
1.18185468000764,1.14697687711289,-0.272522879173327,-0.282800739077779,-0.00251172053428672,3.86264881980949,0.282800739077779,0.780195743632081,0
1.18285455706348,1.14793703637194,-0.272801892298584,-0.282803250489512,-0.00251172053428672,3.86171075408254,0.282803250489512,0.779309657059063,0
1.18385443411933,1.14889719493027,-0.273080907835195,-0.282805761901245,-0.00251172053428672,3.86077272025175,0.282805761901245,0.778423727339093,0
1.18485431117517,1.14985735278787,-0.273359925783159,-0.282808273312978,-0.00251172053428672,3.85983471834039,0.282808273312978,0.777537954774806,0
1.18585418823102,1.15081750994474,-0.273638946142473,-0.282810784724711,-0.00251172053428672,3.85889674837174,0.282810784724711,0.77665233966956,0
1.18685406528686,1.15177766640087,-0.273917968913137,-0.282813296136444,-0.00251172053428672,3.85795881036911,0.282813296136444,0.775766882327443,0
1.1878539423427,1.15273782215626,-0.274196994095147,-0.282815807548177,-0.00251172053428672,3.85702090435582,0.282815807548177,0.774881583053269,0
1.18885381939855,1.1536979772109,-0.274476021688504,-0.28281831895991,-0.00251172053428672,3.85608303035522,0.28281831895991,0.773996442152586,0
1.18985369645439,1.15465813156478,-0.274755051693204,-0.282820830371643,-0.00251172053428672,3.85514518839067,0.282820830371643,0.773111459931673,0
1.19085357351024,1.15561828521791,-0.275034084109246,-0.282823341783376,-0.00251172053428672,3.85420737848559,0.282823341783376,0.772226636697546,0
1.19185345056608,1.15657843817026,-0.275313118936629,-0.282825853195109,-0.00251172053428672,3.85326960066336,0.282825853195109,0.771341972757955,0
1.19285332762192,1.15753859042183,-0.27559215617535,-0.282828364606842,-0.00251172053428672,3.85233185494744,0.282828364606841,0.770457468421393,0
1.19385320467777,1.15849874197263,-0.275871195825408,-0.282830876018574,-0.00251172053428672,3.85139414136128,0.282830876018575,0.769573123997091,0
1.19485308173361,1.15945889282264,-0.2761502378868,-0.282833387430307,-0.00251172053428672,3.85045645992836,0.282833387430308,0.768688939795025,0
1.19585295878946,1.16041904297186,-0.276429282359526,-0.28283589884204,-0.00251172053428672,3.84951881067217,0.28283589884204,0.767804916125917,0
1.1968528358453,1.16137919242028,-0.276708329243584,-0.282838410253773,-0.00251172053428672,3.84858119361626,0.282838410253773,0.766921053301234,0
1.19785271290114,1.1623393411679,-0.276987378538971,-0.282840921665506,-0.00251172053428672,3.84764360878415,0.282840921665506,0.766037351633193,0
1.19885258995699,1.1632994892147,-0.277266430245686,-0.282843433077239,-0.00251172053428672,3.84670605619943,0.282843433077239,0.765153811434765,0
1.19985246701283,1.16425963656069,-0.277545484363727,-0.282845944488972,-0.00251172053428672,3.84576853588567,0.282845944488972,0.764270433019671,0
1.20085234406868,1.16521978320585,-0.277824540893093,-0.282848455900705,-0.00251172053428672,3.8448310478665,0.282848455900705,0.763387216702389,0
1.20185222112452,1.16617992915019,-0.278103599833781,-0.282850967312438,-0.00251172053428672,3.84389359216555,0.282850967312438,0.762504162798155,0
1.20285209818036,1.16714007439369,-0.278382661185791,-0.282853478724171,-0.00251172053428672,3.84295616880647,0.282853478724171,0.761621271622965,0
1.20385197523621,1.16810021893635,-0.278661724949119,-0.282855990135904,-0.00251172053428672,3.84201877781294,0.282855990135904,0.760738543493575,0
1.20485185229205,1.16906036277816,-0.278940791123765,-0.282858501547637,-0.00251172053428672,3.84108141920867,0.282858501547636,0.759855978727507,0
1.2058517293479,1.17002050591912,-0.279219859709727,-0.28286101295937,-0.00251172053428672,3.84014409301739,0.28286101295937,0.758973577643047,0
1.20685160640374,1.17098064835922,-0.279498930707002,-0.282863524371102,-0.00251172053428672,3.83920679926282,0.282863524371102,0.758091340559252,0
1.20785148345958,1.17194079009846,-0.279778004115589,-0.282866035782835,-0.00251172053428672,3.83826953796876,0.282866035782835,0.757209267795945,0
1.20885136051543,1.17290093113682,-0.280057079935487,-0.282868547194568,-0.00251172053428672,3.83733230915898,0.282868547194568,0.756327359673726,0
1.20985123757127,1.17386107147431,-0.280336158166693,-0.282871058606301,-0.00251172053428672,3.8363951128573,0.282871058606301,0.755445616513965,0
1.21085111462712,1.17482121111092,-0.280615238809207,-0.282873570018034,-0.00251172053428672,3.83545794908756,0.282873570018034,0.754564038638812,0
1.21185099168296,1.17578135004663,-0.280894321863025,-0.282876081429767,-0.00251172053428672,3.83452081787361,0.282876081429767,0.753682626371195,0
1.2128508687388,1.17674148828145,-0.281173407328147,-0.2828785928415,-0.00251172053428672,3.83358371923933,0.2828785928415,0.752801380034821,0
1.21385074579465,1.17770162581537,-0.28145249520457,-0.282881104253233,-0.00251172053428672,3.83264665320864,0.282881104253233,0.751920299954182,0
1.21485062285049,1.17866176264838,-0.281731585492293,-0.282883615664966,-0.00251172053428672,3.83170961980545,0.282883615664966,0.751039386454555,0
1.21585049990634,1.17962189878047,-0.282010678191314,-0.282886127076699,-0.00251172053428672,3.83077261905371,0.282886127076699,0.750158639862003,0
1.21685037696218,1.18058203421165,-0.282289773301631,-0.282888638488432,-0.00251172053428672,3.82983565097741,0.282888638488432,0.749278060503379,0
1.21785025401802,1.1815421689419,-0.282568870823243,-0.282891149900165,-0.00251172053428672,3.82889871560051,0.282891149900165,0.748397648706329,0
1.21885013107387,1.18250230297122,-0.282847970756147,-0.282893661311898,-0.00251172053428672,3.82796181294706,0.282893661311897,0.747517404799292,0
1.21985000812971,1.1834624362996,-0.283127073100342,-0.28289617272363,-0.00251172053428672,3.82702494304108,0.282896172723631,0.746637329111502,0
1.22084988518556,1.18442256892703,-0.283406177855827,-0.282898684135363,-0.00251172053428672,3.82608810590664,0.282898684135363,0.745757421972992,0
1.2218497622414,1.18538270085352,-0.283685285022599,-0.282901195547096,-0.00251172053428672,3.82515130156781,0.282901195547096,0.744877683714596,0
1.22284963929724,1.18634283207905,-0.283964394600657,-0.282903706958829,-0.00251172053428672,3.82421453004872,0.282903706958829,0.74399811466795,0
1.22384951635309,1.18730296260362,-0.284243506589999,-0.282906218370562,-0.00251172053428672,3.82327779137348,0.282906218370562,0.743118715165495,0
1.22484939340893,1.18826309242722,-0.284522620990623,-0.282908729782295,-0.00251172053428672,3.82234108556626,0.282908729782295,0.742239485540479,0
1.22584927046478,1.18922322154985,-0.284801737802527,-0.282911241194028,-0.00251172053428672,3.82140441265123,0.282911241194028,0.74136042612696,0
1.22684914752062,1.19018334997149,-0.285080857025711,-0.282913752605761,-0.00251172053428672,3.82046777265258,0.282913752605761,0.740481537259806,0
1.22784902457646,1.19114347769215,-0.285359978660171,-0.282916264017494,-0.00251172053428672,3.81953116559454,0.282916264017494,0.739602819274699,0
1.22884890163231,1.19210360471182,-0.285639102705906,-0.282918775429227,-0.00251172053428672,3.81859459150135,0.282918775429227,0.738724272508139,0
1.22984877868815,1.19306373103049,-0.285918229162914,-0.28292128684096,-0.00251172053428672,3.81765805039728,0.28292128684096,0.737845897297443,0
1.230848655744,1.19402385664815,-0.286197358031194,-0.282923798252693,-0.00251172053428672,3.81672154230662,0.282923798252693,0.736967693980747,0
1.23184853279984,1.19498398156481,-0.286476489310744,-0.282926309664426,-0.00251172053428672,3.81578506725368,0.282926309664425,0.736089662897011,0
1.23284840985568,1.19594410578045,-0.286755623001562,-0.282928821076158,-0.00251172053428672,3.81484862526281,0.282928821076158,0.735211804386022,0
1.23384828691153,1.19690422929506,-0.287034759103647,-0.282931332487891,-0.00251172053428672,3.81391221635835,0.282931332487891,0.73433411878839,0
1.23484816396737,1.19786435210865,-0.287313897616996,-0.282933843899624,-0.00251172053428672,3.8129758405647,0.282933843899624,0.733456606445558,0
1.23584804102322,1.1988244742212,-0.287593038541608,-0.282936355311357,-0.00251172053428672,3.81203949790625,0.282936355311357,0.732579267699801,0
1.23684791807906,1.19978459563271,-0.28787218187748,-0.28293886672309,-0.00251172053428672,3.81110318840744,0.28293886672309,0.731702102894225,0
1.2378477951349,1.20074471634317,-0.288151327624613,-0.282941378134823,-0.00251172053428672,3.81016691209272,0.282941378134823,0.730825112372776,0
1.23884767219075,1.20170483635258,-0.288430475783002,-0.282943889546556,-0.00251172053428672,3.80923066898656,0.282943889546556,0.729948296480237,0
1.23984754924659,1.20266495586804,-0.288709625640318,-0.282944422510017,0.000126535063157457,3.80829445885294,0.282944422510017,0.729071655205333,0
1.24084742630244,1.20362507539581,-0.288988775455308,-0.282944295990511,0.000126535063157457,3.80735828107924,0.282944295990511,0.72819518802083,0
1.24184730335828,1.20458519495889,-0.289267925148824,-0.282944169471004,0.000126535063157457,3.80642213566036,0.282944169471004,0.727318895231891,0
1.24284718041413,1.20554531455729,-0.289547074720865,-0.282944042951498,0.000126535063157457,3.80548602262018,0.282944042951498,0.72644277718415,0
1.24384705746997,1.20650543419101,-0.289826224171433,-0.282943916431992,0.000126535063157457,3.8045499419826,0.282943916431992,0.725566834224087,0
1.24484693452581,1.20746555386004,-0.290105373500528,-0.282943789912485,0.000126535063157457,3.80361389377155,0.282943789912485,0.724691066699027,0
1.24584681158166,1.2084256735644,-0.290384522708148,-0.282943663392979,0.000126535063157457,3.80267787801097,0.282943663392979,0.723815474957149,0
1.2468466886375,1.20938579330407,-0.290663671794295,-0.282943536873472,0.000126535063157457,3.80174189472483,0.282943536873472,0.722940059347479,0
1.24784656569335,1.21034591307906,-0.290942820758967,-0.282943410353966,0.000126535063157457,3.80080594393713,0.282943410353966,0.722064820219899,0
1.24884644274919,1.21130603288936,-0.291221969602166,-0.28294328383446,0.000126535063157457,3.79987002567186,0.282943283834459,0.721189757925148,0
1.24984631980503,1.21226615273499,-0.291501118323891,-0.282943157314953,0.000126535063157457,3.79893413995308,0.282943157314953,0.720314872814824,0
1.25084619686088,1.21322627261593,-0.291780266924142,-0.282943030795447,0.000126535063157457,3.79799828680485,0.282943030795447,0.719440165241384,0
1.25184607391672,1.21418639253219,-0.292059415402919,-0.28294290427594,0.000126535063157457,3.79706246625123,0.282942904275941,0.718565635558151,0
1.25284595097257,1.21514651248377,-0.292338563760222,-0.282942777756434,0.000126535063157457,3.79612667831635,0.282942777756434,0.717691284119314,0
1.25384582802841,1.21610663247067,-0.292617711996051,-0.282942651236928,0.000126535063157457,3.79519092302433,0.282942651236928,0.716817111279929,0
1.25484570508425,1.21706675249288,-0.292896860110406,-0.282942524717421,0.000126535063157457,3.79425520039932,0.282942524717421,0.715943117395923,0
1.2558455821401,1.21802687255041,-0.293176008103288,-0.282942398197915,0.000126535063157457,3.7933195104655,0.282942398197915,0.715069302824097,0
1.25684545919594,1.21898699264326,-0.293455155974695,-0.282942271678408,0.000126535063157457,3.79238385324706,0.282942271678408,0.714195667922129,0
1.25784533625179,1.21994711277143,-0.293734303724629,-0.282942145158902,0.000126535063157457,3.79144822876822,0.282942145158902,0.713322213048572,0
1.25884521330763,1.22090723293491,-0.294013451353088,-0.282942018639396,0.000126535063157457,3.79051263705323,0.282942018639396,0.712448938562861,0
1.25984509036347,1.22186735313371,-0.294292598860074,-0.282941892119889,0.000126535063157457,3.78957707812635,0.282941892119889,0.711575844825314,0
1.26084496741932,1.22282747336783,-0.294571746245586,-0.282941765600383,0.000126535063157457,3.78864155201188,0.282941765600383,0.710702932197136,0
1.26184484447516,1.22378759363727,-0.294850893509624,-0.282941639080876,0.000126535063157457,3.78770605873413,0.282941639080876,0.709830201040415,0
1.26284472153101,1.22474771394202,-0.295130040652188,-0.28294151256137,0.000126535063157457,3.78677059831743,0.28294151256137,0.708957651718136,0
1.26384459858685,1.2257078342821,-0.295409187673278,-0.282941386041864,0.000126535063157457,3.78583517078614,0.282941386041863,0.708085284594171,0
1.26484447564269,1.22666795465749,-0.295688334572893,-0.282941259522357,0.000126535063157457,3.78489977616465,0.282941259522357,0.70721310003329,0
1.26584435269854,1.22762807506819,-0.295967481351036,-0.282941133002851,0.000126535063157457,3.78396441447736,0.282941133002851,0.70634109840116,0
1.26684422975438,1.22858819551422,-0.296246628007704,-0.282941006483344,0.000126535063157457,3.7830290857487,0.282941006483345,0.705469280064348,0
1.26784410681023,1.22954831599556,-0.296525774542898,-0.282940879963838,0.000126535063157457,3.78209379000312,0.282940879963838,0.704597645390327,0
1.26884398386607,1.23050843651222,-0.296804920956618,-0.282940753444332,0.000126535063157457,3.78115852726511,0.282940753444332,0.703726194747469,0
1.26984386092191,1.2314685570642,-0.297084067248864,-0.282940626924825,0.000126535063157457,3.78022329755915,0.282940626924825,0.702854928505058,0
1.27084373797776,1.23242867765149,-0.297363213419636,-0.282940500405319,0.000126535063157457,3.77928810090977,0.282940500405319,0.701983847033288,0
1.2718436150336,1.2333887982741,-0.297642359468934,-0.282940373885812,0.000126535063157457,3.77835293734151,0.282940373885813,0.701112950703265,0
1.27284349208945,1.23434891893203,-0.297921505396758,-0.282940247366306,0.000126535063157457,3.77741780687896,0.282940247366306,0.70024223988701,0
1.27384336914529,1.23530903962528,-0.298200651203109,-0.2829401208468,0.000126535063157457,3.77648270954669,0.2829401208468,0.699371714957461,0
1.27484324620113,1.23626916035384,-0.298479796887985,-0.282939994327293,0.000126535063157457,3.77554764536933,0.282939994327293,0.698501376288479,0
1.27584312325698,1.23722928111772,-0.298758942451387,-0.282939867807787,0.000126535063157457,3.77461261437151,0.282939867807787,0.697631224254846,0
1.27684300031282,1.23818940191692,-0.299038087893315,-0.28293974128828,0.000126535063157457,3.7736776165779,0.28293974128828,0.69676125923227,0
1.27784287736867,1.23914952275144,-0.299317233213769,-0.282939614768774,0.000126535063157457,3.77274265201318,0.282939614768774,0.695891481597387,0
1.27884275442451,1.24010964362127,-0.29959637841275,-0.282939488249268,0.000126535063157457,3.77180772070208,0.282939488249268,0.695021891727762,0
1.27984263148035,1.24106976452642,-0.299875523490256,-0.282939361729761,0.000126535063157457,3.77087282266931,0.282939361729761,0.694152490001897,0
1.2808425085362,1.24202988546689,-0.300154668446288,-0.282939235210255,0.000126535063157457,3.76993795793964,0.282939235210255,0.693283276799226,0
1.28184238559204,1.24299000644268,-0.300433813280846,-0.282939108690748,0.000126535063157457,3.76900312653785,0.282939108690748,0.692414252500123,0
1.28284226264789,1.24395012745378,-0.30071295799393,-0.282938982171242,0.000126535063157457,3.76806832848874,0.282938982171242,0.691545417485903,0
1.28384213970373,1.2449102485002,-0.30099210258554,-0.282938855651736,0.000126535063157457,3.76713356381715,0.282938855651735,0.690676772138825,0
1.28484201675957,1.24587036958194,-0.301271247055676,-0.282938729132229,0.000126535063157457,3.76619883254792,0.282938729132229,0.689808316842092,0
1.28584189381542,1.24683049069899,-0.301550391404338,-0.282938602612723,0.000126535063157457,3.76526413470594,0.282938602612723,0.688940051979859,0
1.28684177087126,1.24779061185136,-0.301829535631526,-0.282938476093216,0.000126535063157457,3.7643294703161,0.282938476093216,0.68807197793723,0
1.28784164792711,1.24875073303905,-0.30210867973724,-0.28293834957371,0.000126535063157457,3.76339483940333,0.28293834957371,0.687204095100264,0
1.28884152498295,1.24971085426206,-0.302387823721479,-0.282938223054204,0.000126535063157457,3.76246024199258,0.282938223054204,0.686336403855977,0
1.28984140203879,1.25067097552038,-0.302666967584245,-0.282938096534697,0.000126535063157457,3.76152567810881,0.282938096534697,0.685468904592344,0
1.29084127909464,1.25163109681402,-0.302946111325537,-0.282937970015191,0.000126535063157457,3.76059114777703,0.282937970015191,0.684601597698302,0
1.29184115615048,1.25259121814298,-0.303225254945354,-0.282937843495684,0.000126535063157457,3.75965665102225,0.282937843495684,0.683734483563753,0
1.29284103320633,1.25355133950725,-0.303504398443698,-0.282937716976178,0.000126535063157457,3.75872218786951,0.282937716976178,0.682867562579566,0
1.29384091026217,1.25451146090684,-0.303783541820567,-0.282937590456671,0.000126535063157457,3.7577877583439,0.282937590456672,0.68200083513758,0
1.29484078731801,1.25547158234175,-0.304062685075962,-0.282937463937165,0.000126535063157457,3.75685336247048,0.282937463937165,0.681134301630608,0
1.29584066437386,1.25643170381198,-0.304341828209883,-0.282937337417659,0.000126535063157457,3.7559190002744,0.282937337417659,0.680267962452438,0
1.2968405414297,1.25739182531752,-0.304620971222331,-0.282937210898152,0.000126535063157457,3.75498467178077,0.282937210898152,0.679401817997833,0
1.29784041848555,1.25835194685838,-0.304900114113303,-0.282937084378646,0.000126535063157457,3.75405037701478,0.282937084378646,0.678535868662543,0
1.29884029554139,1.25931206843456,-0.305179256882802,-0.28293695785914,0.000126535063157457,3.75311611600159,0.282936957859139,0.677670114843295,0
1.29984017259723,1.26027219004605,-0.305458399530827,-0.282936831339633,0.000126535063157457,3.75218188876644,0.282936831339633,0.676804556937807,0
1.30084004965308,1.26123231169286,-0.305737542057378,-0.282936704820127,0.000126535063157457,3.75124769533455,0.282936704820127,0.675939195344786,0
1.30183992670892,1.26219243337499,-0.306016684462454,-0.28293657830062,0.000126535063157457,3.75031353573119,0.28293657830062,0.675074030463928,0
1.30283980376477,1.26315255509243,-0.306295826746057,-0.282936451781114,0.000126535063157457,3.74937940998164,0.282936451781114,0.674209062695925,0
1.30383968082061,1.26411267684519,-0.306574968908185,-0.282936325261608,0.000126535063157457,3.74844531811121,0.282936325261607,0.673344292442466,0
1.30483955787645,1.26507279863327,-0.306854110948839,-0.282936198742101,0.000126535063157457,3.74751126014523,0.282936198742101,0.672479720106241,0
1.3058394349323,1.26603292045667,-0.307133252868019,-0.282936072222595,0.000126535063157457,3.74657723610907,0.282936072222595,0.671615346090943,0
1.30683931198814,1.26699304231538,-0.307412394665725,-0.282935945703088,0.000126535063157457,3.7456432460281,0.282935945703088,0.670751170801269,0
1.30783918904399,1.26795316420941,-0.307691536341957,-0.282935819183582,0.000126535063157457,3.74470928992773,0.282935819183582,0.669887194642925,0
1.30883906609983,1.26891328613876,-0.307970677896715,-0.282935692664075,0.000126535063157457,3.74377536783339,0.282935692664076,0.66902341802263,0
1.30983894315567,1.26987340810342,-0.308249819329998,-0.282935566144569,0.000126535063157457,3.74284147977055,0.282935566144569,0.668159841348114,0
1.31083882021152,1.2708335301034,-0.308528960641807,-0.282935439625063,0.000126535063157457,3.74190762576467,0.282935439625063,0.667296465028127,0
1.31183869726736,1.2717936521387,-0.308808101832142,-0.282935313105556,0.000126535063157457,3.74097380584127,0.282935313105556,0.666433289472436,0
1.31283857432321,1.27275377420931,-0.309087242901003,-0.28293518658605,0.000126535063157457,3.74004002002587,0.28293518658605,0.665570315091833,0
1.31383845137905,1.27371389631524,-0.30936638384839,-0.282935060066543,0.000126535063157457,3.73910626834403,0.282935060066543,0.664707542298133,0
1.3148383284349,1.27467401845649,-0.309645524674303,-0.282934933547037,0.000126535063157457,3.73817255082132,0.282934933547037,0.66384497150418,0
1.31583820549074,1.27563414063305,-0.309924665378741,-0.282934807027531,0.000126535063157457,3.73723886748335,0.282934807027531,0.662982603123851,0
1.31683808254658,1.27659426284493,-0.310203805961705,-0.282934680508024,0.000126535063157457,3.73630521835575,0.282934680508024,0.662120437572053,0
1.31783795960243,1.27755438509213,-0.310482946423195,-0.282934553988518,0.000126535063157457,3.73537160346417,0.282934553988518,0.661258475264733,0
1.31883783665827,1.27851450737464,-0.310762086763211,-0.282934427469011,0.000126535063157457,3.73443802283429,0.282934427469011,0.660396716618877,0
1.31983771371412,1.27947462969247,-0.311041226981753,-0.282934300949505,0.000126535063157457,3.7335044764918,0.282934300949505,0.659535162052512,0
1.32083759076996,1.28043475204562,-0.31132036707882,-0.282934174429999,0.000126535063157457,3.73257096446244,0.282934174429998,0.658673811984713,0
1.3218374678258,1.28139487443408,-0.311599507054413,-0.282934047910492,0.000126535063157457,3.73163748677195,0.282934047910492,0.6578126668356,0
1.32283734488165,1.28235499685786,-0.311878646908533,-0.282933921390986,0.000126535063157457,3.73070404344612,0.282933921390986,0.656951727026347,0
1.32383722193749,1.28331511931696,-0.312157786641177,-0.282933794871479,0.000126535063157457,3.72977063451074,0.28293379487148,0.656090992979181,0
1.32483709899334,1.28427524181137,-0.312436926252348,-0.282933668351973,0.000126535063157457,3.72883725999164,0.282933668351973,0.655230465117388,0
1.32583697604918,1.2852353643411,-0.312716065742044,-0.282933541832467,0.000126535063157457,3.72790391991467,0.282933541832467,0.654370143865309,0
1.32683685310502,1.28619548690615,-0.312995205110266,-0.28293341531296,0.000126535063157457,3.72697061430571,0.28293341531296,0.653510029648354,0
1.32783673016087,1.28715560950651,-0.313274344357014,-0.282933288793454,0.000126535063157457,3.72603734319065,0.282933288793454,0.652650122892995,0
1.32883660721671,1.28811573214219,-0.313553483482288,-0.282933162273947,0.000126535063157457,3.72510410659543,0.282933162273947,0.651790424026774,0
1.32983648427256,1.28907585481319,-0.313832622486087,-0.282933035754441,0.000126535063157457,3.724170904546,0.282933035754441,0.650930933478305,0
1.3308363613284,1.2900359775195,-0.314111761368412,-0.282932909234935,0.000126535063157457,3.72323773706832,0.282932909234935,0.650071651677276,0
1.33183623838424,1.29099610026113,-0.314390900129263,-0.282932782715428,0.000126535063157457,3.72230460418841,0.282932782715428,0.649212579054454,0
1.33283611544009,1.29195622303808,-0.31467003876864,-0.282932656195922,0.000126535063157457,3.72137150593228,0.282932656195922,0.648353716041685,0
1.33383599249593,1.29291634585034,-0.314949177286542,-0.282932529676415,0.000126535063157457,3.72043844232599,0.282932529676415,0.647495063071901,0
1.33483586955178,1.29387646869792,-0.31522831568297,-0.282932403156909,0.000126535063157457,3.71950541339562,0.282932403156909,0.646636620579118,0
1.33583574660762,1.29483659158081,-0.315507453957924,-0.282932276637403,0.000126535063157457,3.71857241916727,0.282932276637403,0.645778388998445,0
1.33683562366346,1.29579671449903,-0.315786592111404,-0.282932150117896,0.000126535063157457,3.71763945966705,0.282932150117896,0.644920368766081,0
1.33783550071931,1.29675683745255,-0.316065730143409,-0.28293202359839,0.000126535063157457,3.71670653492114,0.28293202359839,0.644062560319321,0
1.33883537777515,1.2977169604414,-0.31634486805394,-0.282931897078883,0.000126535063157457,3.7157736449557,0.282931897078883,0.643204964096562,0
1.339835254831,1.29867708346556,-0.316624005842997,-0.282931770559377,0.000126535063157457,3.71484078979693,0.282931770559377,0.642347580537299,0
1.34083513188684,1.29963720652504,-0.316903143510579,-0.282931644039871,0.000126535063157457,3.71390796947107,0.282931644039871,0.641490410082133,0
1.34183500894268,1.30059732961983,-0.317182281056687,-0.282931517520364,0.000126535063157457,3.71297518400437,0.282931517520364,0.640633453172775,0
1.34283488599853,1.30155745274994,-0.317461418481321,-0.282931391000858,0.000126535063157457,3.7120424334231,0.282931391000858,0.639776710252045,0
1.34383476305437,1.30251757591537,-0.317740555784481,-0.282931264481351,0.000126535063157457,3.71110971775357,0.282931264481352,0.638920181763877,0
1.34483464011022,1.30347769911611,-0.318019692966166,-0.282931137961845,0.000126535063157457,3.71017703702212,0.282931137961845,0.638063868153324,0
1.34583451716606,1.30443782235217,-0.318298830026377,-0.282931011442339,0.000126535063157457,3.70924439125509,0.282931011442339,0.637207769866559,0
1.3468343942219,1.30539794562354,-0.318577966965113,-0.282930884922832,0.000126535063157457,3.70831178047887,0.282930884922832,0.636351887350876,0
1.34783427127775,1.30635806893024,-0.318857103782376,-0.282930758403326,0.000126535063157457,3.70737920471986,0.282930758403326,0.635496221054698,0
1.34883414833359,1.30731819227224,-0.319136240478164,-0.282930631883819,0.000126535063157457,3.7064466640045,0.282930631883819,0.634640771427578,0
1.34983402538944,1.30827831564957,-0.319415377052477,-0.282930505364313,0.000126535063157457,3.70551415835924,0.282930505364313,0.6337855389202,0
1.35083390244528,1.30923843906221,-0.319694513505316,-0.282930378844807,0.000126535063157457,3.70458168781056,0.282930378844807,0.632930523984384,0
1.35183377950112,1.31019856251016,-0.319973649836681,-0.2829302523253,0.000126535063157457,3.70364925238499,0.2829302523253,0.632075727073091,0
1.35283365655697,1.31115868599344,-0.320252786046572,-0.282930125805794,0.000126535063157457,3.70271685210904,0.282930125805794,0.631221148640423,0
1.35383353361281,1.31211880951203,-0.320531922134988,-0.282929999286287,0.000126535063157457,3.70178448700928,0.282929999286287,0.630366789141627,0
1.35483341066866,1.31307893306593,-0.32081105810193,-0.282929872766781,0.000126535063157457,3.7008521571123,0.282929872766781,0.6295126490331,0
1.3558332877245,1.31403905665515,-0.321090193947397,-0.282929746247275,0.000126535063157457,3.6999198624447,0.282929746247274,0.628658728772388,0
1.35683316478034,1.31499918027969,-0.32136932967139,-0.282929619727768,0.000126535063157457,3.69898760303313,0.282929619727768,0.627805028818195,0
1.35783304183619,1.31595930393954,-0.321648465273909,-0.282929493208262,0.000126535063157457,3.69805537890425,0.282929493208262,0.626951549630382,0
1.35883291889203,1.31691942763471,-0.321927600754954,-0.282929366688755,0.000126535063157457,3.69712319008475,0.282929366688755,0.62609829166997,0
1.35983279594788,1.3178795513652,-0.322206736114524,-0.282929240169249,0.000126535063157457,3.69619103660135,0.282929240169249,0.625245255399148,0
1.36083267300372,1.318839675131,-0.322485871352619,-0.282929113649742,0.000126535063157457,3.69525891848078,0.282929113649742,0.624392441281268,0
1.36183255005956,1.31979979893212,-0.322765006469241,-0.282928987130236,0.000126535063157457,3.69432683574981,0.282928987130236,0.623539849780857,0
1.36283242711541,1.32075992276855,-0.323044141464387,-0.28292886061073,0.000126535063157457,3.69339478843523,0.28292886061073,0.622687481363615,0
1.36383230417125,1.32172004690449,-0.323323275429327,-0.282926439606624,0.00290807048760277,3.69246277622113,0.282926439606624,0.621835336001173,0
1.3648321812271,1.32268017184019,-0.323602406643388,-0.282923531893666,0.00290807048760277,3.69153079848492,0.282923531893666,0.620983413222165,0
1.36583205828294,1.32364029758751,-0.32388153506568,-0.282920624180709,0.00290807048760277,3.69059885523731,0.282920624180709,0.620131713470521,0
1.36683193533878,1.32460042414645,-0.324160660696202,-0.282917716467752,0.00290807048760277,3.68966694650445,0.282917716467752,0.619280237213619,0
1.36783181239463,1.32556055151701,-0.324439783534949,-0.282914808754794,0.00290807048760277,3.68873507231249,0.282914808754795,0.618428984920024,0
1.36883168945047,1.32652067969917,-0.324718903581921,-0.282911901041837,0.00290807048760277,3.68780323268762,0.282911901041837,0.617577957059482,0
1.36983156650632,1.32748080869293,-0.324998020837114,-0.28290899332888,0.00290807048760277,3.68687142765608,0.28290899332888,0.616727154102936,0
1.37083144356216,1.32844093849828,-0.325277135300527,-0.282906085615923,0.00290807048760277,3.6859396572441,0.282906085615922,0.615876576522517,0
1.371831320618,1.3294010691152,-0.325556246972156,-0.282903177902965,0.00290807048760277,3.68500792147794,0.282903177902965,0.615026224791556,0
1.37283119767385,1.33036120054371,-0.325835355852,-0.282900270190008,0.00290807048760277,3.68407622038392,0.282900270190008,0.614176099384584,0
1.37383107472969,1.33132133278377,-0.326114461940057,-0.282897362477051,0.00290807048760277,3.68314455398833,0.282897362477051,0.613326200777332,0
1.37483095178554,1.33228146583539,-0.326393565236323,-0.282894454764093,0.00290807048760277,3.68221292231754,0.282894454764093,0.612476529446743,0
1.37583082884138,1.33324159969856,-0.326672665740796,-0.282891547051136,0.00290807048760277,3.68128132539791,0.282891547051136,0.611627085870966,0
1.37683070589722,1.33420173437327,-0.326951763453475,-0.282888639338179,0.00290807048760277,3.68034976325583,0.282888639338179,0.610777870529365,0
1.37783058295307,1.33516186985951,-0.327230858374357,-0.282885731625221,0.00290807048760277,3.67941823591774,0.282885731625221,0.609928883902522,0
1.37883046000891,1.33612200615728,-0.327509950503439,-0.282882823912264,0.00290807048760277,3.67848674341008,0.282882823912264,0.609080126472237,0
1.37983033706476,1.33708214326656,-0.327789039840719,-0.282879916199307,0.00290807048760277,3.67755528575933,0.282879916199307,0.608231598721535,0
1.3808302141206,1.33804228118735,-0.328068126386195,-0.282877008486349,0.00290807048760277,3.67662386299198,0.282877008486349,0.607383301134667,0
1.38183009117644,1.33900241991964,-0.328347210139864,-0.282874100773392,0.00290807048760277,3.67569247513457,0.282874100773392,0.606535234197115,0
1.38282996823229,1.33996255946342,-0.328626291101724,-0.282871193060435,0.00290807048760277,3.67476112221364,0.282871193060435,0.605687398395595,0
1.38382984528813,1.34092269981868,-0.328905369271773,-0.282868285347477,0.00290807048760277,3.67382980425577,0.282868285347477,0.604839794218059,0
1.38482972234398,1.34188284098542,-0.329184444650008,-0.28286537763452,0.00290807048760277,3.67289852128757,0.28286537763452,0.603992422153701,0
1.38582959939982,1.34284298296363,-0.329463517236427,-0.282862469921563,0.00290807048760277,3.67196727333567,0.282862469921563,0.603145282692958,0
1.38682947645566,1.34380312575329,-0.329742587031028,-0.282859562208606,0.00290807048760277,3.67103606042672,0.282859562208606,0.602298376327514,0
1.38782935351151,1.34476326935441,-0.330021654033808,-0.282856654495648,0.00290807048760277,3.6701048825874,0.282856654495648,0.601451703550306,0
1.38882923056735,1.34572341376696,-0.330300718244764,-0.282853746782691,0.00290807048760277,3.66917373984443,0.282853746782691,0.600605264855523,0
1.3898291076232,1.34668355899096,-0.330579779663895,-0.282850839069734,0.00290807048760277,3.66824263222454,0.282850839069734,0.599759060738613,0
1.39082898467904,1.34764370502637,-0.330858838291198,-0.282847931356776,0.00290807048760277,3.66731155975448,0.282847931356776,0.598913091696284,0
1.39182886173488,1.34860385187321,-0.331137894126671,-0.282845023643819,0.00290807048760277,3.66638052246105,0.282845023643819,0.598067358226511,0
1.39282873879073,1.34956399953146,-0.331416947170311,-0.282842115930862,0.00290807048760277,3.66544952037106,0.282842115930862,0.597221860828536,0
1.39382861584657,1.35052414800111,-0.331695997422117,-0.282839208217904,0.00290807048760277,3.66451855351135,0.282839208217904,0.596376600002871,0
1.39482849290242,1.35148429728215,-0.331975044882085,-0.282836300504947,0.00290807048760277,3.66358762190877,0.282836300504947,0.595531576251307,0
1.39582836995826,1.35244444737458,-0.332254089550213,-0.28283339279199,0.00290807048760277,3.66265672559023,0.28283339279199,0.59468679007691,0
1.39682824701411,1.35340459827839,-0.332533131426499,-0.282830485079032,0.00290807048760277,3.66172586458264,0.282830485079033,0.593842241984031,0
1.39782812406995,1.35436474999357,-0.332812170510941,-0.282827577366075,0.00290807048760277,3.66079503891295,0.282827577366075,0.592997932478305,0
1.39882800112579,1.3553249025201,-0.333091206803536,-0.282824669653118,0.00290807048760277,3.65986424860813,0.282824669653118,0.592153862066658,0
1.39982787818164,1.35628505585799,-0.333370240304282,-0.28282176194016,0.00290807048760277,3.65893349369517,0.282821761940161,0.591310031257307,0
1.40082775523748,1.35724521000723,-0.333649271013177,-0.282818854227203,0.00290807048760277,3.65800277420109,0.282818854227203,0.590466440559767,0
1.40182763229333,1.35820536496781,-0.333928298930217,-0.282815946514246,0.00290807048760277,3.65707209015296,0.282815946514246,0.589623090484852,0
1.40282750934917,1.35916552073971,-0.334207324055402,-0.282813038801289,0.00290807048760277,3.65614144157783,0.282813038801288,0.588779981544681,0
1.40382738640501,1.36012567732293,-0.334486346388728,-0.282810131088331,0.00290807048760277,3.65521082850283,0.282810131088331,0.58793711425268,0
1.40482726346086,1.36108583471747,-0.334765365930193,-0.282807223375374,0.00290807048760277,3.65428025095507,0.282807223375374,0.587094489123583,0
1.4058271405167,1.36204599292331,-0.335044382679794,-0.282804315662417,0.00290807048760277,3.65334970896171,0.282804315662417,0.586252106673442,0
1.40682701757255,1.36300615194045,-0.33532339663753,-0.282801407949459,0.00290807048760277,3.65241920254994,0.282801407949459,0.585409967419626,0
1.40782689462839,1.36396631176887,-0.335602407803398,-0.282798500236502,0.00290807048760277,3.65148873174697,0.282798500236502,0.584568071880824,0
1.40882677168423,1.36492647240858,-0.335881416177396,-0.282795592523545,0.00290807048760277,3.65055829658003,0.282795592523545,0.583726420577052,0
1.40982664874008,1.36588663385956,-0.336160421759521,-0.282792684810587,0.00290807048760277,3.64962789707638,0.282792684810588,0.582885014029656,0
1.41082652579592,1.3668467961218,-0.336439424549771,-0.28278977709763,0.00290807048760277,3.64869753326331,0.28278977709763,0.582043852761311,0
1.41182640285177,1.3678069591953,-0.336718424548144,-0.282786869384673,0.00290807048760277,3.64776720516815,0.282786869384673,0.581202937296031,0
1.41282627990761,1.36876712308005,-0.336997421754636,-0.282783961671715,0.00290807048760277,3.64683691281823,0.282783961671715,0.580362268159171,0
1.41382615696345,1.36972728777604,-0.337276416169247,-0.282781053958758,0.00290807048760277,3.64590665624093,0.282781053958758,0.579521845877425,0
1.4148260340193,1.37068745328325,-0.337555407791973,-0.282778146245801,0.00290807048760277,3.64497643546364,0.282778146245801,0.578681670978839,0
1.41582591107514,1.3716476196017,-0.337834396622812,-0.282775238532843,0.00290807048760277,3.64404625051378,0.282775238532843,0.577841743992808,0
1.41682578813099,1.37260778673135,-0.338113382661762,-0.282772330819886,0.00290807048760277,3.64311610141881,0.282772330819886,0.577002065450082,0
1.41782566518683,1.37356795467222,-0.33839236590882,-0.282769423106929,0.00290807048760277,3.64218598820621,0.282769423106929,0.576162635882769,0
1.41882554224267,1.37452812342428,-0.338671346363985,-0.282766515393972,0.00290807048760277,3.64125591090347,0.282766515393972,0.575323455824339,0
1.41982541929852,1.37548829298753,-0.338950324027253,-0.282763607681014,0.00290807048760277,3.64032586953814,0.282763607681014,0.574484525809629,0
1.42082529635436,1.37644846336197,-0.339229298898622,-0.282760699968057,0.00290807048760277,3.63939586413776,0.282760699968057,0.573645846374844,0
1.42182517341021,1.37740863454758,-0.339508270978091,-0.2827577922551,0.00290807048760277,3.63846589472994,0.282757792255099,0.572807418057565,0
1.42282505046605,1.37836880654436,-0.339787240265656,-0.282754884542142,0.00290807048760277,3.63753596134227,0.282754884542142,0.571969241396747,0
1.42382492752189,1.3793289793523,-0.340066206761315,-0.282751976829185,0.00290807048760277,3.63660606400241,0.282751976829185,0.571131316932728,0
1.42482480457774,1.38028915297139,-0.340345170465067,-0.282749069116228,0.00290807048760277,3.63567620273801,0.282749069116228,0.57029364520723,0
1.42582468163358,1.38124932740162,-0.340624131376907,-0.28274616140327,0.00290807048760277,3.63474637757678,0.28274616140327,0.569456226763364,0
1.42682455868943,1.38220950264298,-0.340903089496835,-0.282743253690313,0.00290807048760277,3.63381658854643,0.282743253690313,0.568619062145631,0
1.42782443574527,1.38316967869547,-0.341182044824848,-0.282740345977356,0.00290807048760277,3.63288683567472,0.282740345977356,0.567782151899933,0
1.42882431280111,1.38412985555908,-0.341460997360944,-0.282737438264398,0.00290807048760277,3.63195711898942,0.282737438264399,0.566945496573566,0
1.42982418985696,1.3850900332338,-0.341739947105119,-0.282734530551441,0.00290807048760277,3.63102743851833,0.282734530551441,0.566109096715234,0
1.4308240669128,1.38605021171962,-0.342018894057372,-0.282731622838484,0.00290807048760277,3.6300977942893,0.282731622838484,0.565272952875047,0
1.43182394396865,1.38701039101653,-0.342297838217701,-0.282728715125526,0.00290807048760277,3.62916818633017,0.282728715125526,0.564437065604527,0
1.43282382102449,1.38797057112453,-0.342576779586102,-0.282725807412569,0.00290807048760277,3.62823861466883,0.282725807412569,0.56360143545661,0
1.43382369808033,1.38893075204361,-0.342855718162574,-0.282722899699612,0.00290807048760277,3.62730907933321,0.282722899699612,0.562766062985653,0
1.43482357513618,1.38989093377375,-0.343134653947115,-0.282719991986655,0.00290807048760277,3.62637958035123,0.282719991986655,0.561930948747435,0
1.43582345219202,1.39085111631496,-0.343413586939722,-0.282717084273697,0.00290807048760277,3.62545011775087,0.282717084273697,0.561096093299161,0
1.43682332924787,1.39181129966722,-0.343692517140392,-0.28271417656074,0.00290807048760277,3.62452069156012,0.28271417656074,0.560261497199468,0
1.43782320630371,1.39277148383053,-0.343971444549123,-0.282711268847783,0.00290807048760277,3.62359130180701,0.282711268847783,0.559427161008429,0
1.43882308335955,1.39373166880487,-0.344250369165913,-0.282708361134825,0.00290807048760277,3.6226619485196,0.282708361134825,0.558593085287553,0
1.4398229604154,1.39469185459024,-0.34452929099076,-0.282705453421868,0.00290807048760277,3.62173263172595,0.282705453421868,0.557759270599793,0
1.44082283747124,1.39565204118663,-0.344808210023661,-0.282702545708911,0.00290807048760277,3.62080335145418,0.282702545708911,0.556925717509548,0
1.44182271452709,1.39661222859403,-0.345087126264614,-0.282699637995953,0.00290807048760277,3.61987410773243,0.282699637995953,0.556092426582667,0
1.44282259158293,1.39757241681244,-0.345366039713616,-0.282696730282996,0.00290807048760277,3.61894490058885,0.282696730282996,0.555259398386455,0
1.44382246863877,1.39853260584184,-0.345644950370666,-0.282693822570039,0.00290807048760277,3.61801573005164,0.282693822570039,0.554426633489674,0
1.44482234569462,1.39949279568223,-0.34592385823576,-0.282690914857081,0.00290807048760277,3.61708659614901,0.282690914857081,0.553594132462548,0
1.44582222275046,1.40045298633361,-0.346202763308896,-0.282688007144124,0.00290807048760277,3.61615749890922,0.282688007144124,0.552761895876768,0
1.44682209980631,1.40141317779595,-0.346481665590073,-0.282685099431167,0.00290807048760277,3.61522843836053,0.282685099431167,0.551929924305496,0
1.44782197686215,1.40237337006926,-0.346760565079287,-0.282682191718209,0.00290807048760277,3.61429941453125,0.28268219171821,0.551098218323366,0
1.44882185391799,1.40333356315352,-0.347039461776536,-0.282679284005252,0.00290807048760277,3.61337042744971,0.282679284005252,0.550266778506492,0
1.44982173097384,1.40429375704873,-0.347318355681819,-0.282676376292295,0.00290807048760277,3.61244147714427,0.282676376292295,0.549435605432471,0
1.45082160802968,1.40525395175488,-0.347597246795132,-0.282673468579338,0.00290807048760277,3.61151256364331,0.282673468579338,0.548604699680383,0
1.45182148508553,1.40621414727196,-0.347876135116473,-0.28267056086638,0.00290807048760277,3.61058368697525,0.28267056086638,0.547774061830803,0
1.45282136214137,1.40717434359996,-0.34815502064584,-0.282667653153423,0.00290807048760277,3.60965484716853,0.282667653153423,0.546943692465796,0
1.45382123919721,1.40813454073888,-0.348433903383231,-0.282664745440466,0.00290807048760277,3.60872604425162,0.282664745440465,0.546113592168928,0
1.45482111625306,1.40909473868871,-0.348712783328643,-0.282661837727508,0.00290807048760277,3.60779727825302,0.282661837727508,0.545283761525267,0
1.4558209933089,1.41005493744943,-0.348991660482073,-0.282658930014551,0.00290807048760277,3.60686854920126,0.282658930014551,0.544454201121387,0
1.45682087036475,1.41101513702105,-0.34927053484352,-0.282656022301594,0.00290807048760277,3.6059398571249,0.282656022301594,0.543624911545373,0
1.45782074742059,1.41197533740355,-0.349549406412981,-0.282653114588636,0.00290807048760277,3.60501120205251,0.282653114588636,0.542795893386825,0
1.45882062447643,1.41293553859692,-0.349828275190454,-0.282650206875679,0.00290807048760277,3.6040825840127,0.282650206875679,0.541967147236862,0
1.45982050153228,1.41389574060116,-0.350107141175936,-0.282647299162722,0.00290807048760277,3.60315400303413,0.282647299162722,0.541138673688126,0
1.46082037858812,1.41485594341626,-0.350386004369426,-0.282644391449764,0.00290807048760277,3.60222545914546,0.282644391449764,0.540310473334783,0
1.46182025564397,1.4158161470422,-0.35066486477092,-0.282641483736807,0.00290807048760277,3.60129695237538,0.282641483736807,0.539482546772536,0
1.46282013269981,1.41677635147899,-0.350943722380416,-0.28263857602385,0.00290807048760277,3.60036848275262,0.28263857602385,0.538654894598618,0
1.46382000975565,1.41773655672661,-0.351222577197912,-0.282635668310892,0.00290807048760277,3.59944005030594,0.282635668310892,0.537827517411804,0
1.4648198868115,1.41869676278506,-0.351501429223405,-0.282632760597935,0.00290807048760277,3.59851165506412,0.282632760597935,0.537000415812414,0
1.46581976386734,1.41965696965433,-0.351780278456894,-0.282629852884978,0.00290807048760277,3.59758329705596,0.282629852884978,0.536173590402312,0
1.46681964092319,1.4206171773344,-0.352059124898376,-0.282626945172021,0.00290807048760277,3.59665497631031,0.282626945172021,0.535347041784917,0
1.46781951797903,1.42157738582528,-0.352337968547848,-0.282624037459063,0.00290807048760277,3.59572669285604,0.282624037459063,0.534520770565203,0
1.46881939503488,1.42253759512695,-0.352616809405309,-0.282621129746106,0.00290807048760277,3.59479844672205,0.282621129746106,0.533694777349705,0
1.46981927209072,1.4234978052394,-0.352895647470755,-0.282618222033149,0.00290807048760277,3.59387023793725,0.282618222033149,0.532869062746521,0
1.47081914914656,1.42445801616264,-0.353174482744185,-0.282615314320191,0.00290807048760277,3.59294206653061,0.282615314320191,0.532043627365321,0
1.47181902620241,1.42541822789664,-0.353453315225596,-0.282612406607234,0.00290807048760277,3.59201393253111,0.282612406607234,0.531218471817344,0
1.47281890325825,1.4263784404414,-0.353732144914985,-0.282609498894277,0.00290807048760277,3.59108583596775,0.282609498894277,0.530393596715409,0
1.4738187803141,1.42733865379691,-0.354010971812351,-0.282606591181319,0.00290807048760277,3.59015777686959,0.282606591181319,0.529569002673914,0
1.47481865736994,1.42829886796317,-0.354289795917691,-0.282603683468362,0.00290807048760277,3.58922975526568,0.282603683468362,0.528744690308848,0
1.47581853442578,1.42925908294017,-0.354568617231002,-0.282600775755405,0.00290807048760277,3.58830177118514,0.282600775755405,0.527920660237782,0
1.47681841148163,1.43021929872789,-0.354847435752283,-0.282597868042447,0.00290807048760277,3.58737382465708,0.282597868042447,0.527096913079889,0
1.47781828853747,1.43117951532634,-0.355126251481531,-0.28259496032949,0.00290807048760277,3.58644591571066,0.28259496032949,0.526273449455935,0
1.47881816559332,1.43213973273549,-0.355405064418743,-0.282592052616533,0.00290807048760277,3.58551804437508,0.282592052616533,0.525450269988292,0
1.47981804264916,1.43309995095535,-0.355683874563917,-0.282589144903575,0.00290807048760277,3.58459021067953,0.282589144903576,0.524627375300938,0
1.480817919705,1.43406016998591,-0.355962681917052,-0.282586237190618,0.00290807048760277,3.58366241465327,0.282586237190618,0.523804766019461,0
1.48181779676085,1.43502038982715,-0.356241486478144,-0.282583329477661,0.00290807048760277,3.58273465632557,0.282583329477661,0.522982442771067,0
1.48281767381669,1.43598061047907,-0.356520288247191,-0.282580421764704,0.00290807048760277,3.58180693572574,0.282580421764703,0.522160406184582,0
1.48381755087254,1.43694083194167,-0.356799087224191,-0.282577514051746,0.00290807048760277,3.58087925288309,0.282577514051746,0.521338656890456,0
1.48481742792838,1.43790105421492,-0.357077883409141,-0.282574606338789,0.00290807048760277,3.579951607827,0.282574606338789,0.520517195520765,0
1.48581730498422,1.43886127729884,-0.357356676802039,-0.282571698625832,0.00290807048760277,3.57902400058684,0.282571698625832,0.519696022709223,0
1.48681718204007,1.4398215011934,-0.357635467402883,-0.282568790912874,0.00290807048760277,3.57809643119205,0.282568790912874,0.518875139091177,0
1.48781705909591,1.44078172647385,-0.357914253230307,-0.282561297786181,0.00800360119655366,3.57716889890146,0.282561297786181,0.518054544124355,0
1.48881693615176,1.44174195397819,-0.358193031397868,-0.28255329516898,0.00800360119655366,3.57624140262104,0.28255329516898,0.517234236725625,0
1.4898168132076,1.44270218371346,-0.358471801881087,-0.28254529255178,0.00800360119655366,3.57531394236938,0.28254529255178,0.516414217514346,0
1.49081669026344,1.44366241567958,-0.358750564679945,-0.282537289934579,0.00800360119655366,3.57438651817458,0.282537289934579,0.515594487126069,0
1.49181656731929,1.44462264987651,-0.359029319794427,-0.282529287317379,0.00800360119655366,3.57345913006476,0.282529287317379,0.51477504619799,0
1.49281644437513,1.44558288630418,-0.359308067224512,-0.282521284700178,0.00800360119655366,3.57253177806809,0.282521284700178,0.513955895368953,0
1.49381632143098,1.44654312496252,-0.359586806970184,-0.282513282082977,0.00800360119655366,3.57160446221276,0.282513282082978,0.513137035279458,0
1.49481619848682,1.44750336585148,-0.359865539031425,-0.282505279465777,0.00800360119655366,3.57067718252699,0.282505279465777,0.512318466571662,0
1.49581607554266,1.448463608971,-0.360144263408216,-0.282497276848576,0.00800360119655366,3.56974993903903,0.282497276848576,0.511500189889385,0
1.49681595259851,1.44942385432101,-0.360422980100541,-0.282489274231376,0.00800360119655366,3.56882273177713,0.282489274231376,0.510682205878113,0
1.49781582965435,1.45038410190146,-0.36070168910838,-0.282481271614175,0.00800360119655366,3.56789556076962,0.282481271614175,0.509864515185008,0
1.4988157067102,1.45134435171227,-0.360980390431717,-0.282473268996975,0.00800360119655366,3.56696842604482,0.282473268996974,0.509047118458902,0
1.49981558376604,1.45230460375339,-0.361259084070533,-0.282465266379774,0.00800360119655366,3.56604132763108,0.282465266379774,0.508230016350313,0
1.50081546082188,1.45326485802476,-0.361537770024811,-0.282457263762573,0.00800360119655366,3.5651142655568,0.282457263762574,0.507413209511441,0
1.50181533787773,1.45422511452632,-0.361816448294533,-0.282449261145373,0.00800360119655366,3.56418723985039,0.282449261145373,0.506596698596176,0
1.50281521493357,1.455185373258,-0.36209511887968,-0.282441258528172,0.00800360119655366,3.5632602505403,0.282441258528172,0.505780484260103,0
1.50381509198942,1.45614563421975,-0.362373781780236,-0.282433255910972,0.00800360119655366,3.56233329765499,0.282433255910972,0.504964567160504,0
1.50481496904526,1.4571058974115,-0.362652436996181,-0.282425253293771,0.00800360119655366,3.56140638122297,0.282425253293771,0.504148947956366,0
1.5058148461011,1.45806616283318,-0.362931084527499,-0.282417250676571,0.00800360119655366,3.56047950127276,0.282417250676571,0.503333627308382,0
1.50681472315695,1.45902643048475,-0.363209724374172,-0.28240924805937,0.00800360119655366,3.55955265783294,0.28240924805937,0.502518605878959,0
1.50781460021279,1.45998670036613,-0.363488356536181,-0.282401245442169,0.00800360119655366,3.55862585093207,0.282401245442169,0.501703884332218,0
1.50881447726864,1.46094697247727,-0.363766981013509,-0.282393242824969,0.00800360119655366,3.55769908059879,0.282393242824969,0.500889463334003,0
1.50981435432448,1.46190724681811,-0.364045597806138,-0.282385240207768,0.00800360119655366,3.55677234686172,0.282385240207768,0.500075343551883,0
1.51081423138032,1.46286752338857,-0.36432420691405,-0.282377237590568,0.00800360119655366,3.55584564974956,0.282377237590568,0.499261525655157,0
1.51181410843617,1.46382780218861,-0.364602808337227,-0.282369234973367,0.00800360119655366,3.55491898929098,0.282369234973367,0.498448010314862,0
1.51281398549201,1.46478808321816,-0.364881402075652,-0.282361232356167,0.00800360119655366,3.55399236551474,0.282361232356167,0.497634798203769,0
1.51381386254786,1.46574836647715,-0.365159988129307,-0.282353229738966,0.00800360119655366,3.55306577844958,0.282353229738966,0.496821889996398,0
1.5148137396037,1.46670865196554,-0.365438566498173,-0.282345227121765,0.00800360119655366,3.55213922812429,0.282345227121765,0.496009286369015,0
1.51581361665954,1.46766893968324,-0.365717137182233,-0.282337224504565,0.00800360119655366,3.5512127145677,0.282337224504565,0.495196987999641,0
1.51681349371539,1.46862922963022,-0.365995700181469,-0.282329221887364,0.00800360119655366,3.55028623780864,0.282329221887364,0.494384995568053,0
1.51781337077123,1.46958952180639,-0.366274255495863,-0.282321219270164,0.00800360119655366,3.54935979787599,0.282321219270163,0.49357330975579,0
1.51881324782708,1.4705498162117,-0.366552803125398,-0.282313216652963,0.00800360119655366,3.54843339479866,0.282313216652963,0.492761931246162,0
1.51981312488292,1.4715101128461,-0.366831343070055,-0.282305214035762,0.00800360119655366,3.54750702860557,0.282305214035762,0.491950860724248,0
1.52081300193876,1.47247041170951,-0.367109875329817,-0.282297211418562,0.00800360119655366,3.5465806993257,0.282297211418562,0.491140098876903,0
1.52181287899461,1.47343071280188,-0.367388399904666,-0.282289208801361,0.00800360119655366,3.54565440698802,0.282289208801361,0.490329646392765,0
1.52281275605045,1.47439101612314,-0.367666916794584,-0.282281206184161,0.00800360119655366,3.54472815162157,0.282281206184161,0.489519503962255,0
1.5238126331063,1.47535132167324,-0.367945425999553,-0.28227320356696,0.00800360119655366,3.54380193325538,0.28227320356696,0.488709672277588,0
1.52481251016214,1.47631162945211,-0.368223927519556,-0.28226520094976,0.00800360119655366,3.54287575191855,0.28226520094976,0.487900152032773,0
1.52581238721798,1.47727193945968,-0.368502421354574,-0.282257198332559,0.00800360119655366,3.54194960764017,0.282257198332559,0.487090943923617,0
1.52681226427383,1.47823225169591,-0.368780907504589,-0.282249195715358,0.00800360119655366,3.54102350044938,0.282249195715358,0.486282048647733,0
1.52781214132967,1.47919256616073,-0.369059385969585,-0.282241193098158,0.00800360119655366,3.54009743037535,0.282241193098158,0.485473466904545,0
1.52881201838552,1.48015288285407,-0.369337856749543,-0.282233190480957,0.00800360119655366,3.53917139744727,0.282233190480957,0.484665199395287,0
1.52981189544136,1.48111320177587,-0.369616319844444,-0.282225187863757,0.00800360119655366,3.53824540169438,0.282225187863756,0.483857246823016,0
1.5308117724972,1.48207352292608,-0.369894775254273,-0.282217185246556,0.00800360119655366,3.53731944314592,0.282217185246556,0.48304960989261,0
1.53181164955305,1.48303384630463,-0.370173222979009,-0.282209182629356,0.00800360119655366,3.53639352183117,0.282209182629356,0.482242289310776,0
1.53281152660889,1.48399417191146,-0.370451663018637,-0.282201180012155,0.00800360119655366,3.53546763777946,0.282201180012155,0.481435285786053,0
1.53381140366474,1.4849544997465,-0.370730095373137,-0.282193177394954,0.00800360119655366,3.53454179102012,0.282193177394954,0.480628600028821,0
1.53481128072058,1.48591482980971,-0.371008520042492,-0.282185174777754,0.00800360119655366,3.53361598158253,0.282185174777754,0.479822232751298,0
1.53581115777642,1.486875162101,-0.371286937026685,-0.282177172160553,0.00800360119655366,3.53269020949609,0.282177172160553,0.479016184667553,0
1.53681103483227,1.48783549662034,-0.371565346325697,-0.282169169543353,0.00800360119655366,3.53176447479022,0.282169169543353,0.478210456493506,0
1.53781091188811,1.48879583336764,-0.37184374793951,-0.282161166926152,0.00800360119655366,3.5308387774944,0.282161166926152,0.477405048946933,0
1.53881078894396,1.48975617234286,-0.372122141868107,-0.282153164308951,0.00800360119655366,3.52991311763811,0.282153164308951,0.476599962747474,0
1.5398106659998,1.49071651354592,-0.37240052811147,-0.282145161691751,0.00800360119655366,3.52898749525087,0.282145161691751,0.475795198616632,0
1.54081054305564,1.49167685697678,-0.372678906669581,-0.28213715907455,0.00800360119655366,3.52806191036223,0.282137159074551,0.474990757277786,0
1.54181042011149,1.49263720263535,-0.372957277542423,-0.28212915645735,0.00800360119655366,3.52713636300178,0.28212915645735,0.474186639456188,0
1.54281029716733,1.4935975505216,-0.373235640729977,-0.282121153840149,0.00800360119655366,3.52621085319912,0.282121153840149,0.473382845878973,0
1.54381017422318,1.49455790063545,-0.373513996232225,-0.282113151222949,0.00800360119655366,3.52528538098389,0.282113151222949,0.472579377275159,0
1.54481005127902,1.49551825297683,-0.37379234404915,-0.282105148605748,0.00800360119655366,3.52435994638577,0.282105148605748,0.471776234375659,0
1.54580992833487,1.4964786075457,-0.374070684180734,-0.282097145988547,0.00800360119655366,3.52343454943445,0.282097145988547,0.470973417913279,0
1.54680980539071,1.49743896434199,-0.374349016626959,-0.282089143371347,0.00800360119655366,3.52250919015966,0.282089143371347,0.470170928622726,0
1.54780968244655,1.49839932336564,-0.374627341387807,-0.282081140754146,0.00800360119655366,3.52158386859117,0.282081140754146,0.469368767240614,0
1.5488095595024,1.49935968461658,-0.374905658463261,-0.282073138136946,0.00800360119655366,3.52065858475875,0.282073138136946,0.468566934505464,0
1.54980943655824,1.50032004809475,-0.375183967853302,-0.282065135519745,0.00800360119655366,3.51973333869224,0.282065135519745,0.467765431157716,0
1.55080931361409,1.5012804138001,-0.375462269557914,-0.282057132902545,0.00800360119655366,3.51880813042149,0.282057132902545,0.466964257939728,0
1.55180919066993,1.50224078173256,-0.375740563577077,-0.282049130285344,0.00800360119655366,3.51788295997636,0.282049130285344,0.466163415595784,0
1.55280906772577,1.50320115189207,-0.376018849910774,-0.282041127668143,0.00800360119655366,3.51695782738678,0.282041127668143,0.465362904872099,0
1.55380894478162,1.50416152427857,-0.376297128558988,-0.282033125050943,0.00800360119655366,3.51603273268269,0.282033125050943,0.464562726516819,0
1.55480882183746,1.50512189889199,-0.3765753995217,-0.282025122433742,0.00800360119655366,3.51510767589405,0.282025122433742,0.463762881280036,0
1.55580869889331,1.50608227573228,-0.376853662798893,-0.282017119816542,0.00800360119655366,3.51418265705086,0.282017119816542,0.462963369913782,0
1.55680857594915,1.50704265479937,-0.377131918390548,-0.282009117199341,0.00800360119655366,3.51325767618317,0.282009117199341,0.462164193172039,0
1.55780845300499,1.50800303609321,-0.377410166296649,-0.28200111458214,0.00800360119655366,3.51233273332102,0.28200111458214,0.461365351810748,0
1.55880833006084,1.50896341961373,-0.377688406517177,-0.28199311196494,0.00800360119655366,3.51140782849452,0.28199311196494,0.460566846587807,0
1.55980820711668,1.50992380536086,-0.377966639052114,-0.281985109347739,0.00800360119655366,3.51048296173378,0.281985109347739,0.459768678263077,0
1.56080808417253,1.51088419333455,-0.378244863901443,-0.281977106730539,0.00800360119655366,3.50955813306896,0.281977106730539,0.458970847598393,0
1.56180796122837,1.51184458353474,-0.378523081065146,-0.281969104113338,0.00800360119655366,3.50863334253025,0.281969104113338,0.45817335535756,0
1.56280783828421,1.51280497596137,-0.378801290543205,-0.281961101496138,0.00800360119655366,3.50770859014785,0.281961101496138,0.457376202306367,0
1.56380771534006,1.51376537061436,-0.379079492335602,-0.281953098878937,0.00800360119655366,3.50678387595201,0.281953098878937,0.456579389212585,0
1.5648075923959,1.51472576749367,-0.379357686442319,-0.281945096261736,0.00800360119655366,3.50585919997302,0.281945096261736,0.455782916845978,0
1.56580746945175,1.51568616659923,-0.379635872863339,-0.281937093644536,0.00800360119655366,3.50493456224116,0.281937093644536,0.4549867859783,0
1.56680734650759,1.51664656793098,-0.379914051598643,-0.281929091027335,0.00800360119655366,3.5040099627868,0.281929091027335,0.45419099738331,0
1.56780722356343,1.51760697148885,-0.380192222648214,-0.281921088410135,0.00800360119655366,3.50308540164028,0.281921088410135,0.453395551836768,0
1.56880710061928,1.5185673772728,-0.380470386012035,-0.281913085792934,0.00800360119655366,3.50216087883201,0.281913085792934,0.452600450116447,0
1.56980697767512,1.51952778528274,-0.380748541690086,-0.281905083175734,0.00800360119655366,3.50123639439242,0.281905083175733,0.451805693002133,0
1.57080685473097,1.52048819551863,-0.381026689682351,-0.281897080558533,0.00800360119655366,3.50031194835196,0.281897080558533,0.451011281275633,0
1.57180673178681,1.5214486079804,-0.381304829988812,-0.281889077941332,0.00800360119655366,3.49938754074114,0.281889077941333,0.450217215720777,0
1.57280660884265,1.52240902266798,-0.38158296260945,-0.281881075324132,0.00800360119655366,3.49846317159047,0.281881075324132,0.449423497123431,0
1.5738064858985,1.52336943958133,-0.381861087544249,-0.281873072706931,0.00800360119655366,3.49753884093051,0.281873072706931,0.44863012627149,0
1.57480636295434,1.52432985872037,-0.382139204793189,-0.281865070089731,0.00800360119655366,3.49661454879183,0.281865070089731,0.447837103954894,0
1.57580624001019,1.52529028008505,-0.382417314356254,-0.28185706747253,0.00800360119655366,3.49569029520507,0.28185706747253,0.447044430965625,0
1.57680611706603,1.5262507036753,-0.382695416233426,-0.28184906485533,0.00800360119655366,3.49476608020085,0.281849064855329,0.446252108097718,0
1.57780599412187,1.52721112949107,-0.382973510424686,-0.281841062238129,0.00800360119655366,3.49384190380986,0.281841062238129,0.445460136147263,0
1.57880587117772,1.52817155753228,-0.383251596930017,-0.281833059620928,0.00800360119655366,3.49291776606281,0.281833059620928,0.444668515912412,0
1.57980574823356,1.52913198779888,-0.383529675749402,-0.281825057003728,0.00800360119655366,3.49199366699044,0.281825057003728,0.443877248193382,0
1.58080562528941,1.53009242029082,-0.383807746882821,-0.281817054386527,0.00800360119655366,3.49106960662352,0.281817054386527,0.44308633379246,0
1.58180550234525,1.53105285500801,-0.384085810330259,-0.281809051769327,0.00800360119655366,3.49014558499285,0.281809051769327,0.442295773514013,0
1.58280537940109,1.53201329195041,-0.384363866091696,-0.281801049152126,0.00800360119655366,3.48922160212927,0.281801049152126,0.441505568164486,0
1.58380525645694,1.53297373111796,-0.384641914167114,-0.281793046534925,0.00800360119655366,3.48829765806364,0.281793046534926,0.440715718552412,0
1.58480513351278,1.53393417251059,-0.384919954556497,-0.281785043917725,0.00800360119655366,3.48737375282685,0.281785043917725,0.439926225488416,0
1.58580501056863,1.53489461612823,-0.385197987259826,-0.281777041300524,0.00800360119655366,3.48644988644984,0.281777041300524,0.439137089785219,0
1.58680488762447,1.53585506197084,-0.385476012277084,-0.281769038683324,0.00800360119655366,3.48552605896357,0.281769038683324,0.438348312257646,0
1.58780476468031,1.53681551003834,-0.385754029608253,-0.281761036066123,0.00800360119655366,3.48460227039902,0.281761036066123,0.437559893722628,0
1.58880464173616,1.53777596033068,-0.386032039253314,-0.281753033448923,0.00800360119655366,3.48367852078722,0.281753033448922,0.436771834999208,0
1.589804518792,1.53873641284779,-0.38631004121225,-0.281745030831722,0.00800360119655366,3.48275481015922,0.281745030831722,0.435984136908548,0
1.59080439584785,1.53969686758961,-0.386588035485044,-0.281737028214521,0.00800360119655366,3.48183113854611,0.281737028214522,0.435196800273933,0
1.59180427290369,1.54065732455609,-0.386866022071677,-0.281729025597321,0.00800360119655366,3.48090750597901,0.281729025597321,0.434409825920775,0
1.59280414995953,1.54161778374715,-0.387144000972131,-0.28172102298012,0.00800360119655366,3.47998391248906,0.28172102298012,0.433623214676621,0
1.59380402701538,1.54257824516274,-0.38742197218639,-0.28171302036292,0.00800360119655366,3.47906035810745,0.28171302036292,0.432836967371154,0
1.59480390407122,1.5435387088028,-0.387699935714434,-0.281705017745719,0.00800360119655366,3.47813684286538,0.281705017745719,0.432051084836205,0
1.59580378112707,1.54449917466727,-0.387977891556247,-0.281697015128519,0.00800360119655366,3.47721336679411,0.281697015128518,0.431265567905749,0
1.59680365818291,1.54545964275607,-0.388255839711811,-0.281689012511318,0.00800360119655366,3.47628992992491,0.281689012511318,0.430480417415919,0
1.59780353523875,1.54642011306916,-0.388533780181107,-0.281681009894117,0.00800360119655366,3.47536653228908,0.281681009894117,0.429695634205005,0
1.5988034122946,1.54738058560647,-0.388811712964117,-0.281673007276917,0.00800360119655366,3.47444317391797,0.281673007276917,0.428911219113466,0
1.59980328935044,1.54834106036794,-0.389089638060825,-0.281665004659716,0.00800360119655366,3.47351985484295,0.281665004659716,0.428127172983925,0
1.60080316640629,1.54930153735351,-0.389367555471212,-0.281657002042516,0.00800360119655366,3.47259657509543,0.281657002042516,0.427343496661186,0
1.60180304346213,1.55026201656311,-0.389645465195261,-0.281648999425315,0.00800360119655366,3.47167333470683,0.281648999425315,0.42656019099223,0
1.60280292051797,1.55122249799669,-0.389923367232953,-0.281640996808114,0.00800360119655366,3.47075013370863,0.281640996808115,0.425777256826224,0
1.60380279757382,1.55218298165417,-0.390201261584271,-0.281632994190914,0.00800360119655366,3.46982697213234,0.281632994190914,0.424994695014529,0
1.60480267462966,1.55314346753552,-0.390479148249197,-0.281624991573713,0.00800360119655366,3.46890385000947,0.281624991573713,0.424212506410699,0
1.60580255168551,1.55410395564065,-0.390757027227714,-0.281616988956513,0.00800360119655366,3.4679807673716,0.281616988956513,0.423430691870492,0
1.60680242874135,1.5550644459695,-0.391034898519803,-0.281608986339312,0.00800360119655366,3.46705772425032,0.281608986339312,0.422649252251872,0
1.60780230579719,1.55602493852203,-0.391312762125446,-0.281600983722112,0.00800360119655366,3.46613472067726,0.281600983722111,0.421868188415015,0
1.60880218285304,1.55698543329816,-0.391590618044627,-0.281592981104911,0.00800360119655366,3.46521175668409,0.281592981104911,0.421087501222315,0
1.60980205990888,1.55794593029784,-0.391868466277326,-0.28158497848771,0.00800360119655366,3.46428883230249,0.28158497848771,0.420307191538389,0
1.61080193696473,1.55890642952099,-0.392146306823527,-0.28157697587051,0.00800360119655366,3.4633659475642,0.28157697587051,0.419527260230083,0
1.61180181402057,1.55986693194146,-0.392424136316297,-0.281561782756412,0.0153793765993791,3.46244310115176,0.281561782756412,0.418747705970791,0
1.61280169107641,1.5608274386335,-0.392701951041136,-0.281546405270617,0.0153793765993791,3.4615202916071,0.281546405270617,0.417968527202697,0
1.61380156813226,1.56178794959751,-0.392979750995764,-0.281531027784822,0.0153793765993791,3.46059751895905,0.281531027784822,0.41718972478743,0
1.6148014451881,1.56274846483328,-0.393257536180115,-0.281515650299027,0.0153793765993791,3.45967478323735,0.281515650299027,0.416411299590292,0
1.61580132224395,1.56370898434057,-0.393535306594124,-0.281500272813232,0.0153793765993791,3.45875208447177,0.281500272813232,0.415633252478815,0
1.61680119929979,1.56466950811916,-0.393813062237726,-0.281484895327437,0.0153793765993791,3.45782942269212,0.281484895327437,0.41485558432277,0
1.61780107635563,1.56563003616882,-0.394090803110853,-0.281469517841642,0.0153793765993791,3.45690679792822,0.281469517841642,0.414078295994174,0
1.61880095341148,1.56659056848932,-0.394368529213442,-0.281454140355847,0.0153793765993791,3.45598421020995,0.281454140355847,0.413301388367288,0
1.61980083046732,1.56755110508043,-0.394646240545425,-0.281438762870053,0.0153793765993791,3.45506165956719,0.281438762870053,0.412524862318631,0
1.62080070752317,1.56851164594193,-0.394923937106738,-0.281423385384258,0.0153793765993791,3.45413914602988,0.281423385384258,0.411748718726982,0
1.62180058457901,1.5694721910736,-0.395201618897314,-0.281408007898463,0.0153793765993791,3.45321666962796,0.281408007898463,0.410972958473383,0
1.62280046163486,1.5704327404752,-0.395479285917089,-0.281392630412668,0.0153793765993791,3.45229423039143,0.281392630412668,0.410197582441147,0
1.6238003386907,1.57139329414651,-0.395756938165996,-0.281377252926873,0.0153793765993791,3.4513718283503,0.281377252926873,0.409422591515863,0
1.62480021574654,1.57235385208729,-0.396034575643969,-0.281361875441078,0.0153793765993791,3.45044946353462,0.281361875441078,0.408647986585401,0
1.62580009280239,1.57331441429733,-0.396312198350944,-0.281346497955283,0.0153793765993791,3.44952713597446,0.281346497955283,0.407873768539917,0
1.62679996985823,1.5742749807764,-0.396589806286854,-0.281331120469488,0.0153793765993791,3.44860484569995,0.281331120469488,0.40709993827186,0
1.62779984691408,1.57523555152426,-0.396867399451634,-0.281315742983693,0.0153793765993791,3.44768259274122,0.281315742983693,0.406326496675975,0
1.62879972396992,1.5761961265407,-0.397144977845218,-0.281300365497898,0.0153793765993791,3.44676037712844,0.281300365497898,0.40555344464931,0
1.62979960102576,1.57715670582548,-0.397422541467541,-0.281284988012103,0.0153793765993791,3.44583819889182,0.281284988012103,0.404780783091221,0
1.63079947808161,1.57811728937837,-0.397700090318536,-0.281269610526308,0.0153793765993791,3.44491605806159,0.281269610526309,0.404008512903378,0
1.63179935513745,1.57907787719916,-0.397977624398139,-0.281254233040513,0.0153793765993791,3.44399395466801,0.281254233040514,0.403236634989769,0
1.6327992321933,1.58003846928761,-0.398255143706283,-0.281238855554719,0.0153793765993791,3.44307188874139,0.281238855554719,0.402465150256707,0
1.63379910924914,1.58099906564349,-0.398532648242904,-0.281223478068924,0.0153793765993791,3.44214986031204,0.281223478068924,0.401694059612833,0
1.63479898630498,1.58195966626658,-0.398810138007934,-0.281208100583129,0.0153793765993791,3.44122786941033,0.281208100583129,0.400923363969125,0
1.63579886336083,1.58292027115666,-0.39908761300131,-0.281192723097334,0.0153793765993791,3.44030591606665,0.281192723097334,0.400153064238899,0
1.63679874041667,1.58388088031349,-0.399365073222965,-0.281177345611539,0.0153793765993791,3.43938400031141,0.281177345611539,0.399383161337819,0
1.63779861747252,1.58484149373684,-0.399642518672833,-0.281161968125744,0.0153793765993791,3.43846212217508,0.281161968125744,0.398613656183901,0
1.63879849452836,1.5858021114265,-0.399919949350849,-0.281146590639949,0.0153793765993791,3.43754028168813,0.281146590639949,0.397844549697513,0
1.6397983715842,1.58676273338223,-0.400197365256947,-0.281131213154154,0.0153793765993791,3.43661847888109,0.281131213154154,0.39707584280139,0
1.64079824864005,1.5877233596038,-0.400474766391062,-0.281115835668359,0.0153793765993791,3.43569671378449,0.281115835668359,0.396307536420633,0
1.64179812569589,1.58868399009099,-0.400752152753129,-0.281100458182564,0.0153793765993791,3.43477498642892,0.281100458182564,0.395539631482715,0
1.64279800275174,1.58964462484358,-0.40102952434308,-0.281085080696769,0.0153793765993791,3.43385329684498,0.281085080696769,0.394772128917486,0
1.64379787980758,1.59060526386133,-0.401306881160852,-0.281069703210974,0.0153793765993791,3.43293164506332,0.281069703210974,0.394005029657185,0
1.64479775686342,1.59156590714401,-0.401584223206378,-0.281054325725179,0.0153793765993791,3.43201003111461,0.281054325725179,0.393238334636433,0
1.64579763391927,1.5925265546914,-0.401861550479593,-0.281038948239384,0.0153793765993791,3.43108845502955,0.281038948239384,0.392472044792253,0
1.64679751097511,1.59348720650328,-0.402138862980431,-0.28102357075359,0.0153793765993791,3.43016691683889,0.28102357075359,0.391706161064062,0
1.64779738803096,1.59444786257941,-0.402416160708827,-0.281008193267795,0.0153793765993791,3.42924541657338,0.281008193267795,0.390940684393685,0
1.6487972650868,1.59540852291957,-0.402693443664714,-0.280992815782,0.0153793765993791,3.42832395426384,0.280992815782,0.390175615725358,0
1.64979714214264,1.59636918752354,-0.402970711848029,-0.280977438296205,0.0153793765993791,3.42740252994108,0.280977438296205,0.389410956005734,0
1.65079701919849,1.59732985639107,-0.403247965258704,-0.28096206081041,0.0153793765993791,3.42648114363597,0.28096206081041,0.388646706183886,0
1.65179689625433,1.59829052952196,-0.403525203896674,-0.280946683324615,0.0153793765993791,3.42555979537942,0.280946683324615,0.387882867211315,0
1.65279677331018,1.59925120691596,-0.403802427761875,-0.28093130583882,0.0153793765993791,3.42463848520234,0.28093130583882,0.387119440041955,0
1.65379665036602,1.60021188857285,-0.404079636854239,-0.280915928353025,0.0153793765993791,3.42371721313569,0.280915928353025,0.386356425632178,0
1.65479652742186,1.60117257449241,-0.404356831173702,-0.28090055086723,0.0153793765993791,3.42279597921047,0.28090055086723,0.385593824940799,0
1.65579640447771,1.60213326467441,-0.404634010720199,-0.280885173381435,0.0153793765993791,3.4218747834577,0.280885173381435,0.384831638929084,0
1.65679628153355,1.60309395911862,-0.404911175493663,-0.28086979589564,0.0153793765993791,3.42095362590844,0.28086979589564,0.38406986856075,0
1.6577961585894,1.60405465782481,-0.405188325494029,-0.280854418409845,0.0153793765993791,3.42003250659376,0.280854418409845,0.383308514801976,0
1.65879603564524,1.60501536079276,-0.405465460721231,-0.28083904092405,0.0153793765993791,3.4191114255448,0.28083904092405,0.382547578621406,0
1.65979591270108,1.60597606802224,-0.405742581175205,-0.280823663438255,0.0153793765993791,3.4181903827927,0.280823663438255,0.381787060990156,0
1.66079578975693,1.60693677951302,-0.406019686855884,-0.280808285952461,0.0153793765993791,3.41726937836864,0.28080828595246,0.381026962881816,0
1.66179566681277,1.60789749526488,-0.406296777763203,-0.280792908466666,0.0153793765993791,3.41634841230385,0.280792908466666,0.380267285272459,0
1.66279554386862,1.60885821527758,-0.406573853897096,-0.280777530980871,0.0153793765993791,3.41542748462957,0.280777530980871,0.379508029140645,0
1.66379542092446,1.60981893955091,-0.406850915257498,-0.280762153495076,0.0153793765993791,3.41450659537708,0.280762153495076,0.378749195467425,0
1.6647952979803,1.61077966808463,-0.407127961844344,-0.280746776009281,0.0153793765993791,3.4135857445777,0.280746776009281,0.377990785236351,0
1.66579517503615,1.61174040087851,-0.407404993657567,-0.280731398523486,0.0153793765993791,3.41266493226277,0.280731398523486,0.377232799433476,0
1.66679505209199,1.61270113793234,-0.407682010697103,-0.280716021037691,0.0153793765993791,3.41174415846366,0.280716021037691,0.376475239047362,0
1.66779492914784,1.61366187924587,-0.407959012962886,-0.280700643551896,0.0153793765993791,3.4108234232118,0.280700643551896,0.375718105069087,0
1.66879480620368,1.61462262481889,-0.40823600045485,-0.280685266066101,0.0153793765993791,3.40990272653862,0.280685266066101,0.374961398492247,0
1.66979468325952,1.61558337465117,-0.40851297317293,-0.280669888580306,0.0153793765993791,3.40898206847559,0.280669888580306,0.374205120312964,0
1.67079456031537,1.61654412874248,-0.40878993111706,-0.280654511094511,0.0153793765993791,3.40806144905424,0.280654511094511,0.373449271529889,0
1.67179443737121,1.61750488709259,-0.409066874287175,-0.280639133608716,0.0153793765993791,3.40714086830609,0.280639133608716,0.372693853144213,0
1.67279431442706,1.61846564970128,-0.40934380268321,-0.280623756122921,0.0153793765993791,3.40622032626272,0.280623756122921,0.371938866159664,0
1.6737941914829,1.61942641656832,-0.409620716305098,-0.280608378637127,0.0153793765993791,3.40529982295574,0.280608378637127,0.37118431158252,0
1.67479406853874,1.62038718769348,-0.409897615152775,-0.280593001151332,0.0153793765993791,3.40437935841679,0.280593001151332,0.37043019042161,0
1.67579394559459,1.62134796307653,-0.410174499226174,-0.280577623665537,0.0153793765993791,3.40345893267754,0.280577623665537,0.36967650368832,0
1.67679382265043,1.62230874271725,-0.410451368525232,-0.280562246179742,0.0153793765993791,3.40253854576969,0.280562246179742,0.368923252396601,0
1.67779369970628,1.62326952661541,-0.410728223049881,-0.280546868693947,0.0153793765993791,3.40161819772499,0.280546868693947,0.368170437562971,0
1.67879357676212,1.62423031477079,-0.411005062800056,-0.280531491208152,0.0153793765993791,3.4006978885752,0.280531491208152,0.367418060206525,0
1.67979345381796,1.62519110718315,-0.411281887775693,-0.280516113722357,0.0153793765993791,3.39977761835213,0.280516113722357,0.366666121348932,0
1.68079333087381,1.62615190385226,-0.411558697976725,-0.280500736236562,0.0153793765993791,3.39885738708761,0.280500736236562,0.365914622014451,0
1.68179320792965,1.62711270477791,-0.411835493403088,-0.280485358750767,0.0153793765993791,3.39793719481351,0.280485358750767,0.36516356322993,0
1.6827930849855,1.62807350995987,-0.412112274054715,-0.280469981264972,0.0153793765993791,3.39701704156175,0.280469981264972,0.364412946024811,0
1.68379296204134,1.6290343193979,-0.412389039931542,-0.280454603779177,0.0153793765993791,3.39609692736424,0.280454603779177,0.363662771431139,0
1.68479283909718,1.62999513309178,-0.412665791033502,-0.280439226293382,0.0153793765993791,3.39517685225297,0.280439226293382,0.362913040483563,0
1.68579271615303,1.63095595104128,-0.41294252736053,-0.280423848807587,0.0153793765993791,3.39425681625994,0.280423848807588,0.362163754219347,0
1.68679259320887,1.63191677324618,-0.413219248912562,-0.280408471321792,0.0153793765993791,3.39333681941718,0.280408471321793,0.361414913678371,0
1.68779247026472,1.63287759970624,-0.413495955689531,-0.280393093835998,0.0153793765993791,3.39241686175676,0.280393093835998,0.360666519903136,0
1.68879234732056,1.63383843042125,-0.413772647691372,-0.280377716350203,0.0153793765993791,3.39149694331078,0.280377716350203,0.359918573938774,0
1.6897922243764,1.63479926539097,-0.414049324918019,-0.280362338864408,0.0153793765993791,3.39057706411139,0.280362338864408,0.359171076833048,0
1.69079210143225,1.63576010461518,-0.414325987369408,-0.280346961378613,0.0153793765993791,3.38965722419074,0.280346961378613,0.358424029636361,0
1.69179197848809,1.63672094809365,-0.414602635045473,-0.280331583892818,0.0153793765993791,3.38873742358105,0.280331583892818,0.35767743340176,0
1.69279185554394,1.63768179582614,-0.414879267946147,-0.280316206407023,0.0153793765993791,3.38781766231455,0.280316206407023,0.356931289184941,0
1.69379173259978,1.63864264781245,-0.415155886071367,-0.280300828921228,0.0153793765993791,3.38689794042351,0.280300828921228,0.356185598044256,0
1.69479160965563,1.63960350405233,-0.415432489421067,-0.280285451435433,0.0153793765993791,3.38597825794023,0.280285451435433,0.355440361040716,0
1.69579148671147,1.64056436454556,-0.41570907799518,-0.280270073949638,0.0153793765993791,3.38505861489705,0.280270073949638,0.354695579237998,0
1.69679136376731,1.64152522929192,-0.415985651793642,-0.280254696463843,0.0153793765993791,3.38413901132635,0.280254696463843,0.353951253702451,0
1.69779124082316,1.64248609829117,-0.416262210816388,-0.280239318978048,0.0153793765993791,3.38321944726053,0.280239318978048,0.353207385503098,0
1.698791117879,1.64344697154309,-0.416538755063351,-0.280223941492253,0.0153793765993791,3.38229992273201,0.280223941492253,0.352463975711646,0
1.69979099493485,1.64440784904745,-0.416815284534467,-0.280208564006458,0.0153793765993791,3.38138043777329,0.280208564006458,0.351721025402487,0
1.70079087199069,1.64536873080403,-0.41709179922967,-0.280193186520663,0.0153793765993791,3.38046099241687,0.280193186520663,0.350978535652706,0
1.70179074904653,1.64632961681259,-0.417368299148895,-0.280177809034869,0.0153793765993791,3.37954158669528,0.280177809034869,0.350236507542087,0
1.70279062610238,1.64729050707291,-0.417644784292076,-0.280162431549074,0.0153793765993791,3.3786222206411,0.280162431549074,0.349494942153115,0
1.70379050315822,1.64825140158477,-0.417921254659148,-0.280147054063279,0.0153793765993791,3.37770289428694,0.280147054063279,0.348753840570982,0
1.70479038021407,1.64921230034793,-0.418197710250046,-0.280131676577484,0.0153793765993791,3.37678360766544,0.280131676577484,0.348013203883598,0
1.70579025726991,1.65017320336217,-0.418474151064704,-0.280116299091689,0.0153793765993791,3.37586436080927,0.280116299091689,0.347273033181586,0
1.70679013432575,1.65113411062726,-0.418750577103057,-0.280100921605894,0.0153793765993791,3.37494515375116,0.280100921605894,0.346533329558298,0
1.7077900113816,1.65209502214297,-0.419026988365039,-0.280085544120099,0.0153793765993791,3.37402598652383,0.280085544120099,0.345794094109811,0
1.70878988843744,1.65305593790909,-0.419303384850586,-0.280070166634304,0.0153793765993791,3.37310685916008,0.280070166634304,0.34505532793494,0
1.70978976549329,1.65401685792537,-0.419579766559631,-0.280054789148509,0.0153793765993791,3.37218777169271,0.280054789148509,0.344317032135238,0
1.71078964254913,1.65497778219159,-0.41985613349211,-0.280039411662714,0.0153793765993791,3.37126872415458,0.280039411662714,0.343579207815003,0
1.71178951960497,1.65593871070753,-0.420132485647957,-0.280024034176919,0.0153793765993791,3.37034971657856,0.280024034176919,0.342841856081284,0
1.71278939666082,1.65689964347295,-0.420408823027106,-0.280008656691124,0.0153793765993791,3.36943074899757,0.280008656691124,0.342104978043886,0
1.71378927371666,1.65786058048764,-0.420685145629493,-0.279993279205329,0.0153793765993791,3.36851182144456,0.279993279205329,0.341368574815372,0
1.71478915077251,1.65882152175136,-0.420961453455052,-0.279977901719535,0.0153793765993791,3.36759293395251,0.279977901719534,0.340632647511072,0
1.71578902782835,1.65978246726388,-0.421237746503717,-0.27996252423374,0.0153793765993791,3.36667408655445,0.279962524233739,0.339897197249091,0
1.71678890488419,1.66074341702499,-0.421514024775424,-0.279947146747945,0.0153793765993791,3.36575527928344,0.279947146747945,0.339162225150304,0
1.71778878194004,1.66170437103444,-0.421790288270107,-0.27993176926215,0.0153793765993791,3.36483651217255,0.27993176926215,0.338427732338371,0
1.71878865899588,1.66266532929202,-0.422066536987701,-0.279916391776355,0.0153793765993791,3.36391778525491,0.279916391776355,0.337693719939738,0
1.71978853605173,1.6636262917975,-0.42234277092814,-0.27990101429056,0.0153793765993791,3.36299909856368,0.27990101429056,0.336960189083643,0
1.72078841310757,1.66458725855065,-0.422618990091359,-0.279885636804765,0.0153793765993791,3.36208045213206,0.279885636804765,0.336227140902121,0
1.72178829016341,1.66554822955124,-0.422895194477293,-0.27987025931897,0.0153793765993791,3.36116184599327,0.27987025931897,0.335494576530008,0
1.72278816721926,1.66650920479904,-0.423171384085877,-0.279854881833175,0.0153793765993791,3.36024328018057,0.279854881833175,0.334762497104948,0
1.7237880442751,1.66747018429384,-0.423447558917044,-0.27983950434738,0.0153793765993791,3.35932475472726,0.27983950434738,0.334030903767397,0
1.72478792133095,1.66843116803539,-0.42372371897073,-0.279824126861585,0.0153793765993791,3.35840626966667,0.279824126861585,0.333299797660628,0
1.72578779838679,1.66939215602348,-0.42399986424687,-0.27980874937579,0.0153793765993791,3.35748782503217,0.27980874937579,0.332569179930737,0
1.72678767544263,1.67035314825787,-0.424275994745398,-0.279793371889995,0.0153793765993791,3.35656942085717,0.279793371889995,0.331839051726648,0
1.72778755249848,1.67131414473835,-0.424552110466249,-0.2797779944042,0.0153793765993791,3.3556510571751,0.2797779944042,0.331109414200115,0
1.72878742955432,1.67227514546467,-0.424828211409358,-0.279762616918406,0.0153793765993791,3.35473273401942,0.279762616918406,0.330380268505734,0
1.72978730661017,1.67323615043662,-0.425104297574659,-0.279747239432611,0.0153793765993791,3.35381445142366,0.279747239432611,0.329651615800938,0
1.73078718366601,1.67419715965397,-0.425380368962086,-0.279731861946816,0.0153793765993791,3.35289620942135,0.279731861946816,0.328923457246014,0
1.73178706072185,1.67515817311649,-0.425656425571576,-0.279716484461021,0.0153793765993791,3.35197800804606,0.279716484461021,0.328195794004097,0
1.7327869377777,1.67611919082395,-0.425932467403062,-0.279701106975226,0.0153793765993791,3.35105984733142,0.279701106975226,0.327468627241182,0
1.73378681483354,1.67708021277613,-0.42620849445648,-0.279685729489431,0.0153793765993791,3.35014172731107,0.279685729489431,0.326741958126124,0
1.73478669188939,1.67804123897751,-0.426484506715352,-0.279669668912689,0.0290428781198506,3.34922364801193,0.279669668912689,0.326015787818907,0
1.73578656894523,1.67900227149223,-0.426760496991236,-0.279640629605222,0.0290428781198506,3.34830560650398,0.279640629605222,0.325290112347004,0
1.73678644600107,1.67996331202111,-0.427036459359286,-0.279611590297754,0.0290428781198506,3.34738760037555,0.279611590297754,0.324564928630491,0
1.73778632305692,1.68092436056334,-0.427312393819268,-0.279582550990286,0.0290428781198506,3.34646962965652,0.279582550990286,0.323840237828016,0
1.73878620011276,1.68188541711811,-0.42758830037095,-0.279553511682819,0.0290428781198506,3.34555169437681,0.279553511682819,0.323116041101074,0
1.73978607716861,1.68284648168462,-0.427864179014098,-0.279524472375351,0.0290428781198506,3.34463379456638,0.279524472375351,0.322392339614015,0
1.74078595422445,1.68380755426204,-0.428140029748481,-0.279495433067883,0.0290428781198506,3.34371593025522,0.279495433067883,0.321669134534049,0
1.74178583128029,1.68476863484957,-0.428415852573865,-0.279466393760416,0.0290428781198506,3.34279810147334,0.279466393760416,0.320946427031249,0
1.74278570833614,1.6857297234464,-0.428691647490019,-0.279437354452948,0.0290428781198506,3.34188030825079,0.279437354452948,0.320224218278556,0
1.74378558539198,1.68669082005172,-0.428967414496708,-0.27940831514548,0.0290428781198506,3.34096255061764,0.27940831514548,0.319502509451787,0
1.74478546244783,1.68765192466472,-0.429243153593702,-0.279379275838012,0.0290428781198506,3.34004482860401,0.279379275838012,0.318781301729637,0
1.74578533950367,1.68861303728458,-0.429518864780767,-0.279350236530545,0.0290428781198506,3.33912714224005,0.279350236530545,0.318060596293683,0
1.74678521655951,1.6895741579105,-0.429794548057671,-0.279321197223077,0.0290428781198506,3.33820949155593,0.279321197223077,0.317340394328394,0
1.74778509361536,1.69053528654167,-0.430070203424181,-0.279292157915609,0.0290428781198506,3.33729187658184,0.279292157915609,0.316620697021129,0
1.7487849706712,1.69149642317727,-0.430345830880066,-0.279263118608142,0.0290428781198506,3.33637429734805,0.279263118608142,0.315901505562146,0
1.74978484772705,1.69245756781649,-0.430621430425091,-0.279234079300674,0.0290428781198506,3.3354567538848,0.279234079300674,0.315182821144608,0
1.75078472478289,1.69341872045854,-0.430897002059026,-0.279205039993206,0.0290428781198506,3.33453924622241,0.279205039993206,0.314464644964583,0
1.75178460183873,1.69437988110258,-0.431172545781638,-0.279176000685739,0.0290428781198506,3.33362177439121,0.279176000685739,0.313746978221055,0
1.75278447889458,1.69534104974782,-0.431448061592694,-0.279146961378271,0.0290428781198506,3.33270433842157,0.279146961378271,0.313029822115921,0
1.75378435595042,1.69630222639344,-0.431723549491962,-0.279117922070803,0.0290428781198506,3.33178693834387,0.279117922070803,0.312313177854005,0
1.75478423300627,1.69726341103864,-0.431999009479209,-0.279088882763335,0.0290428781198506,3.33086957418857,0.279088882763336,0.311597046643054,0
1.75578411006211,1.6982246036826,-0.432274441554205,-0.279059843455868,0.0290428781198506,3.32995224598611,0.279059843455868,0.31088142969375,0
1.75678398711795,1.69918580432451,-0.432549845716715,-0.2790308041484,0.0290428781198506,3.32903495376699,0.2790308041484,0.310166328219707,0
1.7577838641738,1.70014701296355,-0.432825221966508,-0.279001764840932,0.0290428781198506,3.32811769756175,0.279001764840932,0.309451743437485,0
1.75878374122964,1.70110822959893,-0.433100570303352,-0.278972725533465,0.0290428781198506,3.32720047740093,0.278972725533465,0.308737676566587,0
1.75978361828549,1.70206945422983,-0.433375890727014,-0.278943686225997,0.0290428781198506,3.32628329331513,0.278943686225997,0.308024128829465,0
1.76078349534133,1.70303068685544,-0.433651183237263,-0.278914646918529,0.0290428781198506,3.32536614533497,0.278914646918529,0.307311101451529,0
1.76178337239717,1.70399192747495,-0.433926447833866,-0.278885607611062,0.0290428781198506,3.32444903349112,0.278885607611062,0.306598595661147,0
1.76278324945302,1.70495317608754,-0.434201684516591,-0.278856568303594,0.0290428781198506,3.32353195781425,0.278856568303594,0.30588661268965,0
1.76378312650886,1.70591443269242,-0.434476893285205,-0.278827528996126,0.0290428781198506,3.32261491833509,0.278827528996126,0.305175153771341,0
1.76478300356471,1.70687569728876,-0.434752074139478,-0.278798489688659,0.0290428781198506,3.32169791508439,0.278798489688659,0.304464220143492,0
1.76578288062055,1.70783696987575,-0.435027227079176,-0.278769450381191,0.0290428781198506,3.32078094809294,0.278769450381191,0.303753813046357,0
1.7667827576764,1.70879825045259,-0.435302352104069,-0.278740411073723,0.0290428781198506,3.31986401739156,0.278740411073723,0.303043933723169,0
1.76778263473224,1.70975953901847,-0.435577449213923,-0.278711371766255,0.0290428781198506,3.3189471230111,0.278711371766255,0.302334583420148,0
1.76878251178808,1.71072083557257,-0.435852518408506,-0.278682332458788,0.0290428781198506,3.31803026498244,0.278682332458787,0.301625763386509,0
1.76978238884393,1.71168214011408,-0.436127559687588,-0.27865329315132,0.0290428781198506,3.3171134433365,0.27865329315132,0.300917474874456,0
1.77078226589977,1.7126434526422,-0.436402573050935,-0.278624253843852,0.0290428781198506,3.31619665810423,0.278624253843852,0.3002097191392,0
1.77178214295562,1.71360477315611,-0.436677558498317,-0.278595214536385,0.0290428781198506,3.31527990931662,0.278595214536384,0.299502497438952,0
1.77278202001146,1.714566101655,-0.4369525160295,-0.278566175228917,0.0290428781198506,3.31436319700466,0.278566175228917,0.298795811034932,0
1.7737818970673,1.71552743813806,-0.437227445644254,-0.278537135921449,0.0290428781198506,3.31344652119942,0.278537135921449,0.298089661191375,0
1.77478177412315,1.71648878260448,-0.437502347342346,-0.278508096613982,0.0290428781198506,3.31252988193198,0.278508096613982,0.297384049175533,0
1.77578165117899,1.71745013505345,-0.437777221123545,-0.278479057306514,0.0290428781198506,3.31161327923344,0.278479057306514,0.296678976257677,0
1.77678152823484,1.71841149548416,-0.438052066987618,-0.278450017999046,0.0290428781198506,3.31069671313496,0.278450017999046,0.295974443711109,0
1.77778140529068,1.7193728638958,-0.438326884934335,-0.278420978691578,0.0290428781198506,3.30978018366771,0.278420978691579,0.295270452812157,0
1.77878128234652,1.72033424028755,-0.438601674963462,-0.278391939384111,0.0290428781198506,3.30886369086292,0.278391939384111,0.294567004840185,0
1.77978115940237,1.72129562465862,-0.43887643707477,-0.278362900076643,0.0290428781198506,3.30794723475181,0.278362900076643,0.293864101077595,0
1.78078103645821,1.72225701700818,-0.439151171268025,-0.278333860769175,0.0290428781198506,3.30703081536568,0.278333860769175,0.293161742809833,0
1.78178091351406,1.72321841733542,-0.439425877542996,-0.278304821461708,0.0290428781198506,3.30611443273584,0.278304821461707,0.292459931325391,0
1.7827807905699,1.72417982563954,-0.439700555899451,-0.27827578215424,0.0290428781198506,3.30519808689363,0.27827578215424,0.291758667915812,0
1.78378066762574,1.72514124191972,-0.439975206337159,-0.278246742846772,0.0290428781198506,3.30428177787043,0.278246742846772,0.291057953875694,0
1.78478054468159,1.72610266617516,-0.440249828855889,-0.278217703539305,0.0290428781198506,3.30336550569765,0.278217703539305,0.290357790502695,0
1.78578042173743,1.72706409840503,-0.440524423455408,-0.278188664231837,0.0290428781198506,3.30244927040673,0.278188664231837,0.289658179097536,0
1.78678029879328,1.72802553860854,-0.440798990135486,-0.278159624924369,0.0290428781198506,3.30153307202917,0.278159624924369,0.288959120964003,0
1.78778017584912,1.72898698678487,-0.44107352889589,-0.278130585616901,0.0290428781198506,3.30061691059647,0.278130585616902,0.288260617408957,0
1.78878005290496,1.72994844293321,-0.441348039736389,-0.278101546309434,0.0290428781198506,3.29970078614017,0.278101546309434,0.287562669742331,0
1.78977992996081,1.73090990705275,-0.441622522656751,-0.278072507001966,0.0290428781198506,3.29878469869186,0.278072507001966,0.286865279277137,0
1.79077980701665,1.73187137914268,-0.441896977656746,-0.278043467694498,0.0290428781198506,3.29786864828315,0.278043467694499,0.286168447329474,0
1.7917796840725,1.73283285920219,-0.442171404736141,-0.278014428387031,0.0290428781198506,3.29695263494568,0.27801442838703,0.285472175218522,0
1.79277956112834,1.73379434723046,-0.442445803894706,-0.277985389079563,0.0290428781198506,3.29603665871114,0.277985389079563,0.284776464266555,0
1.79377943818418,1.73475584322669,-0.442720175132208,-0.277956349772095,0.0290428781198506,3.29512071961124,0.277956349772095,0.28408131579894,0
1.79477931524003,1.73571734719007,-0.442994518448416,-0.277927310464628,0.0290428781198506,3.29420481767774,0.277927310464627,0.283386731144143,0
1.79577919229587,1.73667885911978,-0.4432688338431,-0.27789827115716,0.0290428781198506,3.2932889529424,0.27789827115716,0.282692711633732,0
1.79677906935172,1.73764037901501,-0.443543121316028,-0.277869231849692,0.0290428781198506,3.29237312543705,0.277869231849692,0.281999258602379,0
1.79777894640756,1.73860190687495,-0.443817380866968,-0.277840192542224,0.0290428781198506,3.29145733519353,0.277840192542224,0.281306373387866,0
1.7987788234634,1.7395634426988,-0.444091612495689,-0.277811153234757,0.0290428781198506,3.29054158224374,0.277811153234757,0.280614057331089,0
1.79977870051925,1.74052498648574,-0.444365816201961,-0.277782113927289,0.0290428781198506,3.28962586661958,0.277782113927289,0.279922311776057,0
1.80077857757509,1.74148653823496,-0.444639991985551,-0.277753074619821,0.0290428781198506,3.28871018835301,0.277753074619821,0.279231138069904,0
1.80177845463094,1.74244809794565,-0.444914139846228,-0.277724035312354,0.0290428781198506,3.28779454747602,0.277724035312354,0.278540537562882,0
1.80277833168678,1.74340966561699,-0.445188259783762,-0.277694996004886,0.0290428781198506,3.28687894402062,0.277694996004886,0.277850511608374,0
1.80377820874262,1.74437124124819,-0.445462351797921,-0.277665956697418,0.0290428781198506,3.28596337801887,0.277665956697418,0.277161061562891,0
1.80477808579847,1.74533282483842,-0.445736415888474,-0.27763691738995,0.0290428781198506,3.28504784950286,0.27763691738995,0.27647218878608,0
1.80577796285431,1.74629441638688,-0.44601045205519,-0.277607878082483,0.0290428781198506,3.28413235850471,0.277607878082483,0.275783894640723,0
1.80677783991016,1.74725601589275,-0.446284460297838,-0.277578838775015,0.0290428781198506,3.28321690505657,0.277578838775015,0.275096180492743,0
1.807777716966,1.74821762335523,-0.446558440616186,-0.277549799467547,0.0290428781198506,3.28230148919064,0.277549799467547,0.274409047711209,0
1.80877759402184,1.7491792387735,-0.446832393010004,-0.27752076016008,0.0290428781198506,3.28138611093914,0.27752076016008,0.273722497668334,0
1.80977747107769,1.75014086214675,-0.447106317479061,-0.277491720852612,0.0290428781198506,3.28047077033434,0.277491720852612,0.273036531739485,0
1.81077734813353,1.75110249347417,-0.447380214023126,-0.277462681545144,0.0290428781198506,3.27955546740852,0.277462681545144,0.272351151303178,0
1.81177722518938,1.75206413275496,-0.447654082641967,-0.277433642237677,0.0290428781198506,3.27864020219402,0.277433642237677,0.271666357741089,0
1.81277710224522,1.75302577998829,-0.447927923335354,-0.277404602930209,0.0290428781198506,3.2777249747232,0.277404602930209,0.270982152438053,0
1.81377697930106,1.75398743517336,-0.448201736103056,-0.277375563622741,0.0290428781198506,3.27680978502845,0.277375563622741,0.270298536782069,0
1.81477685635691,1.75494909830936,-0.448475520944842,-0.277346524315274,0.0290428781198506,3.27589463314221,0.277346524315274,0.2696155121643,0
1.81577673341275,1.75591076939548,-0.448749277860481,-0.277317485007806,0.0290428781198506,3.27497951909696,0.277317485007806,0.26893307997908,0
1.8167766104686,1.7568724484309,-0.449023006849743,-0.277288445700338,0.0290428781198506,3.27406444292518,0.277288445700338,0.268251241623912,0
1.81777648752444,1.75783413541482,-0.449296707912395,-0.27725940639287,0.0290428781198506,3.27314940465941,0.27725940639287,0.267569998499477,0
1.81877636458028,1.75879583034642,-0.449570381048208,-0.277230367085403,0.0290428781198506,3.27223440433224,0.277230367085403,0.266889352009633,0
1.81977624163613,1.7597575332249,-0.449844026256951,-0.277201327777935,0.0290428781198506,3.27131944197626,0.277201327777935,0.266209303561418,0
1.82077611869197,1.76071924404943,-0.450117643538393,-0.277172288470467,0.0290428781198506,3.27040451762412,0.277172288470467,0.265529854565052,0
1.82177599574782,1.76168096281922,-0.450391232892304,-0.277143249163,0.0290428781198506,3.26948963130849,0.277143249163,0.264851006433944,0
1.82277587280366,1.76264268953344,-0.450664794318452,-0.277114209855532,0.0290428781198506,3.26857478306208,0.277114209855532,0.26417276058469,0
1.8237757498595,1.7636044241913,-0.450938327816607,-0.277085170548064,0.0290428781198506,3.26765997291765,0.277085170548064,0.263495118437078,0
1.82477562691535,1.76456616679197,-0.451211833386538,-0.277056131240597,0.0290428781198506,3.26674520090797,0.277056131240597,0.26281808141409,0
1.82577550397119,1.76552791733465,-0.451485311028015,-0.277027091933129,0.0290428781198506,3.26583046706585,0.277027091933129,0.262141650941905,0
1.82677538102704,1.76648967581853,-0.451758760740806,-0.276998052625661,0.0290428781198506,3.26491577142416,0.276998052625661,0.261465828449901,0
1.82777525808288,1.76745144224279,-0.452032182524682,-0.276969013318193,0.0290428781198506,3.26400111401578,0.276969013318193,0.260790615370657,0
1.82877513513872,1.76841321660663,-0.452305576379412,-0.276939974010726,0.0290428781198506,3.26308649487363,0.276939974010726,0.260116013139958,0
1.82977501219457,1.76937499890922,-0.452578942304765,-0.276910934703258,0.0290428781198506,3.26217191403066,0.276910934703258,0.259442023196794,0
1.83077488925041,1.77033678914977,-0.452852280300511,-0.27688189539579,0.0290428781198506,3.26125737151988,0.27688189539579,0.258768646983364,0
1.83177476630626,1.77129858732746,-0.453125590366419,-0.276852856088323,0.0290428781198506,3.26034286737431,0.276852856088323,0.258095885945079,0
1.8327746433621,1.77226039344148,-0.453398872502259,-0.276823816780855,0.0290428781198506,3.25942840162702,0.276823816780855,0.257423741530563,0
1.83377452041794,1.77322220749102,-0.4536721267078,-0.276794777473387,0.0290428781198506,3.2585139743111,0.276794777473387,0.256752215191656,0
1.83477439747379,1.77418402947526,-0.453945352982813,-0.27676573816592,0.0290428781198506,3.25759958545969,0.27676573816592,0.256081308383414,0
1.83577427452963,1.7751458593934,-0.454218551327065,-0.276736698858452,0.0290428781198506,3.25668523510596,0.276736698858452,0.255411022564116,0
1.83677415158548,1.77610769724463,-0.454491721740328,-0.276707659550984,0.0290428781198506,3.25577092328312,0.276707659550984,0.254741359195261,0
1.83777402864132,1.77706954302813,-0.45476486422237,-0.276678620243516,0.0290428781198506,3.25485665002441,0.276678620243517,0.254072319741572,0
1.83877390569716,1.77803139674309,-0.455037978772962,-0.276649580936049,0.0290428781198506,3.2539424153631,0.276649580936049,0.253403905670998,0
1.83977378275301,1.77899325838871,-0.455311065391873,-0.276620541628581,0.0290428781198506,3.25302821933252,0.276620541628581,0.252736118454717,0
1.84077365980885,1.77995512796416,-0.455584124078872,-0.276591502321113,0.0290428781198506,3.252114061966,0.276591502321113,0.252068959567135,0
1.8417735368647,1.78091700546865,-0.455857154833731,-0.276562463013646,0.0290428781198506,3.25119994329694,0.276562463013645,0.25140243048589,0
1.84277341392054,1.78187889090135,-0.456130157656217,-0.276533423706178,0.0290428781198506,3.25028586335876,0.276533423706178,0.250736532691854,0
1.84377329097639,1.78284078426146,-0.456403132546102,-0.27650438439871,0.0290428781198506,3.24937182218491,0.27650438439871,0.250071267669134,0
1.84477316803223,1.78380268554817,-0.456676079503154,-0.276475345091243,0.0290428781198506,3.24845781980889,0.276475345091243,0.249406636905072,0
1.84577304508807,1.78476459476066,-0.456948998527144,-0.276446305783775,0.0290428781198506,3.24754385626423,0.276446305783775,0.248742641890249,0
1.84677292214392,1.78572651189813,-0.457221889617842,-0.276417266476307,0.0290428781198506,3.24662993158449,0.276417266476307,0.248079284118486,0
1.84777279919976,1.78668843695976,-0.457494752775017,-0.276388227168839,0.0290428781198506,3.24571604580327,0.27638822716884,0.247416565086845,0
1.8487726762556,1.78765036994474,-0.457767587998439,-0.276359187861372,0.0290428781198506,3.24480219895421,0.276359187861372,0.246754486295631,0
1.84977255331145,1.78861231085226,-0.458040395287879,-0.276330148553904,0.0290428781198506,3.24388839107099,0.276330148553904,0.246093049248391,0
1.85077243036729,1.78957425968151,-0.458313174643106,-0.276301109246436,0.0290428781198506,3.24297462218732,0.276301109246436,0.245432255451919,0
1.85177230742314,1.79053621643168,-0.45858592606389,-0.276272069938969,0.0290428781198506,3.24206089233694,0.276272069938968,0.244772106416255,0
1.85277218447898,1.79149818110195,-0.458858649550001,-0.276243030631501,0.0290428781198506,3.24114720155363,0.276243030631501,0.244112603654687,0
1.85377206153483,1.79246015369152,-0.459131345101209,-0.276213991324033,0.0290428781198506,3.24023354987122,0.276213991324033,0.24345374868375,0
1.85477193859067,1.79342213419958,-0.459404012717285,-0.276184952016566,0.0290428781198506,3.23931993732357,0.276184952016566,0.242795543023232,0
1.85577181564651,1.7943841226253,-0.459676652397998,-0.276155912709098,0.0290428781198506,3.23840636394455,0.276155912709098,0.24213798819617,0
1.85677169270236,1.79534611896789,-0.459949264143118,-0.27612687340163,0.0290428781198506,3.23749282976811,0.27612687340163,0.241481085728851,0
1.8577715697582,1.79630812322653,-0.460221847952415,-0.276097834094162,0.0290428781198506,3.23657933482821,0.276097834094163,0.240824837150818,0
1.85877144681405,1.79727013545544,-0.460494403631422,-0.276065564267956,0.0548902074535008,3.23566587907674,0.276065564267956,0.240169243842379,0
1.85977132386989,1.79823215994557,-0.460766916029205,-0.276010680808933,0.0548902074535008,3.23475245614156,0.276010680808933,0.239514295436192,0
1.86077120092573,1.79919419939067,-0.461039375627345,-0.275955797349909,0.0548902074535008,3.23383906202723,0.275955797349909,0.238859985961027,0
1.86177107798158,1.80015625378785,-0.461311782425023,-0.275900913890886,0.0548902074535008,3.23292569676093,0.275900913890886,0.238206316915118,0
1.86277095503742,1.80111832313421,-0.461584136421417,-0.275846030431863,0.0548902074535008,3.23201236036987,0.275846030431863,0.237553289799907,0
1.86377083209327,1.80208040742685,-0.461856437615708,-0.275791146972839,0.0548902074535008,3.23109905288128,0.27579114697284,0.236900906120044,0
1.86477070914911,1.80304250666287,-0.462128686007074,-0.275736263513816,0.0548902074535008,3.23018577432244,0.275736263513816,0.236249167383386,0
1.86577058620495,1.80400462083937,-0.462400881594697,-0.275681380054793,0.0548902074535008,3.22927252472065,0.275681380054793,0.235598075101003,0
1.8667704632608,1.80496674995346,-0.462673024377756,-0.275626496595769,0.0548902074535008,3.22835930410322,0.275626496595769,0.234947630787173,0
1.86777034031664,1.80592889400224,-0.462945114355431,-0.275571613136746,0.0548902074535008,3.22744611249751,0.275571613136746,0.234297835959387,0
1.86877021737249,1.80689105298281,-0.463217151526903,-0.275516729677723,0.0548902074535008,3.22653294993092,0.275516729677723,0.233648692138346,0
1.86977009442833,1.80785322689227,-0.463489135891352,-0.2754618462187,0.0548902074535008,3.22561981643085,0.2754618462187,0.233000200847967,0
1.87076997148417,1.80881541572773,-0.463761067447959,-0.275406962759676,0.0548902074535008,3.22470671202475,0.275406962759676,0.232352363615378,0
1.87176984854002,1.80977761948628,-0.464032946195906,-0.275352079300653,0.0548902074535008,3.22379363674009,0.275352079300653,0.231705181970922,0
1.87276972559586,1.81073983816502,-0.464304772134372,-0.27529719584163,0.0548902074535008,3.22288059060438,0.27529719584163,0.231058657448155,0
1.87376960265171,1.81170207176107,-0.464576545262539,-0.275242312382606,0.0548902074535008,3.22196757364514,0.275242312382606,0.230412791583849,0
1.87476947970755,1.81266432027151,-0.464848265579589,-0.275187428923583,0.0548902074535008,3.22105458588994,0.275187428923583,0.229767585917992,0
1.87576935676339,1.81362658369346,-0.465119933084703,-0.27513254546456,0.0548902074535008,3.22014162736637,0.27513254546456,0.229123041993785,0
1.87676923381924,1.81458886202401,-0.465391547777063,-0.275077662005536,0.0548902074535008,3.21922869810205,0.275077662005536,0.228479161357647,0
1.87776911087508,1.81555115526027,-0.46566310965585,-0.275022778546513,0.0548902074535008,3.21831579812463,0.275022778546513,0.227835945559211,0
1.87876898793093,1.81651346339933,-0.465934618720248,-0.27496789508749,0.0548902074535008,3.2174029274618,0.27496789508749,0.227193396151326,0
1.87976886498677,1.8174757864383,-0.466206074969436,-0.274913011628466,0.0548902074535008,3.21649008614125,0.274913011628466,0.226551514690059,0
1.88076874204261,1.81843812437427,-0.4664774784026,-0.274858128169443,0.0548902074535008,3.21557727419074,0.274858128169443,0.22591030273469,0
1.88176861909846,1.81940047720436,-0.466748829018919,-0.27480324471042,0.0548902074535008,3.21466449163803,0.27480324471042,0.225269761847716,0
1.8827684961543,1.82036284492566,-0.467020126817578,-0.274748361251397,0.0548902074535008,3.21375173851092,0.274748361251397,0.22462989359485,0
1.88376837321015,1.82132522753527,-0.467291371797759,-0.274693477792373,0.0548902074535008,3.21283901483724,0.274693477792373,0.223990699545018,0
1.88476825026599,1.82228762503029,-0.467562563958645,-0.27463859433335,0.0548902074535008,3.21192632064486,0.27463859433335,0.223352181270364,0
1.88576812732183,1.82325003740783,-0.467833703299418,-0.274583710874327,0.0548902074535008,3.21101365596165,0.274583710874327,0.222714340346244,0
1.88676800437768,1.82421246466498,-0.468104789819264,-0.274528827415303,0.0548902074535008,3.21010102081555,0.274528827415303,0.222077178351229,0
1.88776788143352,1.82517490679885,-0.468375823517364,-0.27447394395628,0.0548902074535008,3.20918841523449,0.27447394395628,0.221440696867103,0
1.88876775848937,1.82613736380654,-0.468646804392902,-0.274419060497257,0.0548902074535008,3.20827583924647,0.274419060497257,0.220804897478862,0
1.88976763554521,1.82709983568514,-0.468917732445063,-0.274364177038233,0.0548902074535008,3.20736329287948,0.274364177038233,0.220169781774716,0
1.89076751260105,1.82806232243176,-0.46918860767303,-0.27430929357921,0.0548902074535008,3.20645077616157,0.27430929357921,0.219535351346085,0
1.8917673896569,1.82902482404351,-0.469459430075987,-0.274254410120187,0.0548902074535008,3.20553828912081,0.274254410120187,0.218901607787599,0
1.89276726671274,1.82998734051747,-0.469730199653118,-0.274199526661163,0.0548902074535008,3.2046258317853,0.274199526661163,0.218268552697101,0
1.89376714376859,1.83094987185076,-0.470000916403608,-0.27414464320214,0.0548902074535008,3.20371340418318,0.27414464320214,0.217636187675636,0
1.89476702082443,1.83191241804047,-0.470271580326642,-0.274089759743117,0.0548902074535008,3.20280100634259,0.274089759743117,0.217004514327463,0
1.89576689788027,1.8328749790837,-0.470542191421403,-0.274034876284094,0.0548902074535008,3.20188863829174,0.274034876284094,0.216373534260044,0
1.89676677493612,1.83383755497755,-0.470812749687077,-0.27397999282507,0.0548902074535008,3.20097630005885,0.27397999282507,0.215743249084046,0
1.89776665199196,1.83480014571913,-0.471083255122849,-0.273925109366047,0.0548902074535008,3.20006399167217,0.273925109366047,0.21511366041334,0
1.89876652904781,1.83576275130553,-0.471353707727904,-0.273870225907024,0.0548902074535008,3.19915171315998,0.273870225907024,0.214484769865002,0
1.89976640610365,1.83672537173385,-0.471624107501428,-0.273815342448,0.0548902074535008,3.19823946455059,0.273815342448001,0.213856579059303,0
1.90076628315949,1.83768800700121,-0.471894454442606,-0.273760458988977,0.0548902074535008,3.19732724587235,0.273760458988977,0.213229089619721,0
1.90176616021534,1.83865065710468,-0.472164748550623,-0.273705575529954,0.0548902074535008,3.19641505715364,0.273705575529954,0.212602303172924,0
1.90276603727118,1.83961332204139,-0.472434989824666,-0.27365069207093,0.0548902074535008,3.19550289842286,0.27365069207093,0.211976221348783,0
1.90376591432703,1.84057600180841,-0.47270517826392,-0.273595808611907,0.0548902074535008,3.19459076970845,0.273595808611907,0.211350845780358,0
1.90476579138287,1.84153869640287,-0.472975313867572,-0.273540925152884,0.0548902074535008,3.19367867103887,0.273540925152884,0.210726178103903,0
1.90576566843871,1.84250140582185,-0.473245396634807,-0.27348604169386,0.0548902074535008,3.19276660244263,0.27348604169386,0.210102219958865,0
1.90676554549456,1.84346413006246,-0.473515426564813,-0.273431158234837,0.0548902074535008,3.19185456394824,0.273431158234837,0.209478972987874,0
1.9077654225504,1.84442686912179,-0.473785403656776,-0.273376274775814,0.0548902074535008,3.19094255558428,0.273376274775814,0.208856438836751,0
1.90876529960625,1.84538962299695,-0.474055327909882,-0.273321391316791,0.0548902074535008,3.19003057737932,0.273321391316791,0.208234619154499,0
1.90976517666209,1.84635239168504,-0.474325199323319,-0.273266507857767,0.0548902074535008,3.189118629362,0.273266507857767,0.207613515593303,0
1.91076505371793,1.84731517518315,-0.474595017896274,-0.273211624398744,0.0548902074535008,3.18820671156097,0.273211624398744,0.206993129808526,0
1.91176493077378,1.8482779734884,-0.474864783627934,-0.273156740939721,0.0548902074535008,3.1872948240049,0.27315674093972,0.206373463458711,0
1.91276480782962,1.84924078659786,-0.475134496517486,-0.273101857480697,0.0548902074535008,3.18638296672252,0.273101857480697,0.205754518205572,0
1.91376468488547,1.85020361450866,-0.475404156564118,-0.273046974021674,0.0548902074535008,3.18547113974256,0.273046974021674,0.205136295713996,0
1.91476456194131,1.85116645721788,-0.475673763767018,-0.272992090562651,0.0548902074535008,3.18455934309381,0.272992090562651,0.20451879765204,0
1.91576443899716,1.85212931472262,-0.475943318125374,-0.272937207103627,0.0548902074535008,3.18364757680508,0.272937207103627,0.203902025690924,0
1.916764316053,1.85309218701999,-0.476212819638373,-0.272882323644604,0.0548902074535008,3.1827358409052,0.272882323644604,0.203285981505035,0
1.91776419310884,1.85405507410709,-0.476482268305204,-0.272827440185581,0.0548902074535008,3.18182413542305,0.272827440185581,0.202670666771916,0
1.91876407016469,1.85501797598101,-0.476751664125055,-0.272772556726557,0.0548902074535008,3.18091246038752,0.272772556726558,0.202056083172271,0
1.91976394722053,1.85598089263885,-0.477021007097115,-0.272717673267534,0.0548902074535008,3.18000081582756,0.272717673267534,0.201442232389955,0
1.92076382427637,1.85694382407772,-0.477290297220572,-0.272662789808511,0.0548902074535008,3.17908920177212,0.272662789808511,0.200829116111976,0
1.92176370133222,1.85790677029471,-0.477559534494616,-0.272607906349488,0.0548902074535008,3.1781776182502,0.272607906349488,0.200216736028485,0
1.92276357838806,1.85886973128693,-0.477828718918435,-0.272553022890464,0.0548902074535008,3.17726606529083,0.272553022890464,0.199605093832782,0
1.92376345544391,1.85983270705146,-0.478097850491218,-0.272498139431441,0.0548902074535008,3.17635454292308,0.272498139431441,0.198994191221302,0
1.92476333249975,1.86079569758542,-0.478366929212155,-0.272443255972418,0.0548902074535008,3.17544305117602,0.272443255972417,0.198384029893621,0
1.9257632095556,1.8617587028859,-0.478635955080436,-0.272388372513394,0.0548902074535008,3.17453159007879,0.272388372513394,0.197774611552445,0
1.92676308661144,1.86272172294999,-0.478904928095249,-0.272333489054371,0.0548902074535008,3.17362015966054,0.272333489054371,0.197165937903608,0
1.92776296366728,1.86368475777481,-0.479173848255785,-0.272278605595348,0.0548902074535008,3.17270875995045,0.272278605595348,0.196558010656072,0
1.92876284072313,1.86464780735745,-0.479442715561234,-0.272223722136324,0.0548902074535008,3.17179739097774,0.272223722136324,0.195950831521917,0
1.92976271777897,1.865610871695,-0.479711530010785,-0.272168838677301,0.0548902074535008,3.17088605277167,0.272168838677301,0.195344402216341,0
1.93076259483482,1.86657395078457,-0.47998029160363,-0.272113955218278,0.0548902074535008,3.16997474536151,0.272113955218278,0.194738724457653,0
1.93176247189066,1.86753704462325,-0.480249000338958,-0.272059071759254,0.0548902074535008,3.16906346877657,0.272059071759255,0.194133799967273,0
1.9327623489465,1.86850015320815,-0.48051765621596,-0.272004188300231,0.0548902074535008,3.16815222304621,0.272004188300231,0.19352963046972,0
1.93376222600235,1.86946327653636,-0.480786259233827,-0.271949304841208,0.0548902074535008,3.16724100819981,0.271949304841208,0.192926217692616,0
1.93476210305819,1.87042641460498,-0.481054809391749,-0.271894421382185,0.0548902074535008,3.16632982426676,0.271894421382185,0.192323563366676,0
1.93576198011404,1.87138956741112,-0.481323306688919,-0.271839537923161,0.0548902074535008,3.16541867127651,0.271839537923161,0.191721669225704,0
1.93676185716988,1.87235273495186,-0.481591751124527,-0.271784654464138,0.0548902074535008,3.16450754925854,0.271784654464138,0.191120537006589,0
1.93776173422572,1.87331591722432,-0.481860142697764,-0.271729771005115,0.0548902074535008,3.16359645824235,0.271729771005115,0.1905201684493,0
1.93876161128157,1.87427911422558,-0.482128481407822,-0.271674887546091,0.0548902074535008,3.16268539825748,0.271674887546091,0.189920565296879,0
1.93976148833741,1.87524232595274,-0.482396767253893,-0.271620004087068,0.0548902074535008,3.1617743693335,0.271620004087068,0.18932172929544,0
1.94076136539326,1.87620555240291,-0.482665000235168,-0.271565120628045,0.0548902074535008,3.16086337150001,0.271565120628045,0.18872366219416,0
1.9417612424491,1.87716879357319,-0.48293318035084,-0.271510237169021,0.0548902074535008,3.15995240478665,0.271510237169021,0.188126365745275,0
1.94276111950494,1.87813204946066,-0.483201307600101,-0.271455353709998,0.0548902074535008,3.15904146922308,0.271455353709998,0.187529841704073,0
1.94376099656079,1.87909532006244,-0.483469381982144,-0.271400470250975,0.0548902074535008,3.15813056483901,0.271400470250975,0.18693409182889,0
1.94476087361663,1.88005860537561,-0.483737403496159,-0.271345586791951,0.0548902074535008,3.15721969166417,0.271345586791952,0.186339117881105,0
1.94576075067248,1.88102190539728,-0.484005372141341,-0.271290703332928,0.0548902074535008,3.15630884972831,0.271290703332928,0.185744921625133,0
1.94676062772832,1.88198522012455,-0.484273287916883,-0.271235819873905,0.0548902074535008,3.15539803906125,0.271235819873905,0.185151504828417,0
1.94776050478416,1.88294854955451,-0.484541150821976,-0.271180936414882,0.0548902074535008,3.1544872596928,0.271180936414881,0.184558869261425,0
1.94876038184001,1.88391189368426,-0.484808960855815,-0.271126052955858,0.0548902074535008,3.15357651165284,0.271126052955858,0.183967016697645,0
1.94976025889585,1.88487525251091,-0.485076718017592,-0.271071169496835,0.0548902074535008,3.15266579497125,0.271071169496835,0.183375948913573,0
1.9507601359517,1.88583862603154,-0.485344422306502,-0.271016286037812,0.0548902074535008,3.15175510967797,0.271016286037812,0.182785667688712,0
1.95176001300754,1.88680201424325,-0.485612073721737,-0.270961402578788,0.0548902074535008,3.15084445580295,0.270961402578788,0.182196174805564,0
1.95275989006338,1.88776541714316,-0.485879672262492,-0.270906519119765,0.0548902074535008,3.14993383337619,0.270906519119765,0.181607472049622,0
1.95375976711923,1.88872883472834,-0.48614721792796,-0.270851635660742,0.0548902074535008,3.14902324242772,0.270851635660742,0.181019561209365,0
1.95475964417507,1.8896922669959,-0.486414710717335,-0.270796752201718,0.0548902074535008,3.14811268298759,0.270796752201719,0.180432444076249,0
1.95575952123092,1.89065571394295,-0.486682150629812,-0.270741868742695,0.0548902074535008,3.1472021550859,0.270741868742695,0.179846122444703,0
1.95675939828676,1.89161917556657,-0.486949537664586,-0.270686985283672,0.0548902074535008,3.14629165875276,0.270686985283672,0.179260598112119,0
1.9577592753426,1.89258265186386,-0.48721687182085,-0.270632101824648,0.0548902074535008,3.14538119401835,0.270632101824648,0.178675872878847,0
1.95875915239845,1.89354614283193,-0.4874841530978,-0.270577218365625,0.0548902074535008,3.14447076091286,0.270577218365625,0.178091948548186,0
1.95975902945429,1.89450964846786,-0.48775138149463,-0.270522334906602,0.0548902074535008,3.1435603594665,0.270522334906602,0.177508826926378,0
1.96075890651014,1.89547316876877,-0.488018557010536,-0.270467451447579,0.0548902074535008,3.14264998970953,0.270467451447578,0.176926509822598,0
1.96175878356598,1.89643670373173,-0.488285679644712,-0.270412567988555,0.0548902074535008,3.14173965167224,0.270412567988555,0.176344999048949,0
1.96275866062182,1.89740025335387,-0.488552749396355,-0.270357684529532,0.0548902074535008,3.14082934538497,0.270357684529532,0.175764296420454,0
1.96375853767767,1.89836381763226,-0.488819766264659,-0.270302801070509,0.0548902074535008,3.13991907087807,0.270302801070509,0.175184403755046,0
1.96475841473351,1.89932739656401,-0.48908673024882,-0.270247917611485,0.0548902074535008,3.13900882818192,0.270247917611485,0.174605322873561,0
1.96575829178936,1.90029099014622,-0.489353641348034,-0.270193034152462,0.0548902074535008,3.13809861732695,0.270193034152462,0.17402705559973,0
1.9667581688452,1.90125459837597,-0.489620499561498,-0.270138150693439,0.0548902074535008,3.13718843834362,0.270138150693439,0.173449603760172,0
1.96775804590104,1.90221822125038,-0.489887304888407,-0.270083267234415,0.0548902074535008,3.13627829126243,0.270083267234416,0.172872969184382,0
1.96875792295689,1.90318185876654,-0.490154057327957,-0.270028383775392,0.0548902074535008,3.13536817611389,0.270028383775392,0.172297153704725,0
1.96975780001273,1.90414551092154,-0.490420756879346,-0.269973500316369,0.0548902074535008,3.13445809292856,0.269973500316369,0.171722159156427,0
1.97075767706858,1.90510917771249,-0.49068740354177,-0.269918616857345,0.0548902074535008,3.13354804173704,0.269918616857345,0.171147987377568,0
1.97175755412442,1.90607285913648,-0.490953997314425,-0.269863733398322,0.0548902074535008,3.13263802256995,0.269863733398322,0.170574640209067,0
1.97275743118026,1.9070365551906,-0.491220538196508,-0.269808849939299,0.0548902074535008,3.13172803545795,0.269808849939299,0.170002119494681,0
1.97375730823611,1.90800026587195,-0.491487026187218,-0.269753966480276,0.0548902074535008,3.13081808043174,0.269753966480275,0.169430427080989,0
1.97475718529195,1.90896399117764,-0.49175346128575,-0.269699083021252,0.0548902074535008,3.12990815752203,0.269699083021252,0.168859564817385,0
1.9757570623478,1.90992773110476,-0.492019843491303,-0.269644199562229,0.0548902074535008,3.1289982667596,0.269644199562229,0.168289534556072,0
1.97675693940364,1.9108914856504,-0.492286172803074,-0.269589316103206,0.0548902074535008,3.12808840817524,0.269589316103206,0.167720338152046,0
1.97775681645948,1.91185525481166,-0.49255244922026,-0.269534432644182,0.0548902074535008,3.12717858179977,0.269534432644182,0.167151977463092,0
1.97875669351533,1.91281903858565,-0.49281867274206,-0.269479549185159,0.0548902074535008,3.12626878766406,0.269479549185159,0.166584454349768,0
1.97975657057117,1.91378283696944,-0.493084843367672,-0.269424665726136,0.0548902074535008,3.125359025799,0.269424665726136,0.166017770675403,0
1.98075644762702,1.91474664996016,-0.493350961096295,-0.269369782267112,0.0548902074535008,3.12444929623553,0.269369782267113,0.16545192830608,0
1.98175632468286,1.91571047755488,-0.493617025927125,-0.269314898808089,0.0548902074535008,3.12353959900461,0.269314898808089,0.164886929110629,0
1.9827562017387,1.91667432000801,-0.493883036926989,-0.269250341908904,0.103263356805214,3.12262993373571,0.269250341908903,0.164322774161772,0
1.98375607879455,1.91763818580577,-0.494148963326256,-0.269147091247725,0.103263356805214,3.12172028720691,0.269147091247725,0.16375943895183,0
1.98475595585039,1.91860207905546,-0.494414790204325,-0.269043840586546,0.103263356805214,3.12081065301535,0.269043840586546,0.163196912501234,0
1.98575583290624,1.91956599974682,-0.494680517558361,-0.268940589925367,0.103263356805214,3.11990103118153,0.268940589925367,0.162635196605634,0
1.98675570996208,1.92052994786957,-0.494946145385533,-0.268837339264188,0.103263356805214,3.11899142172597,0.268837339264187,0.162074293063374,0
1.98775558701792,1.92149392341343,-0.495211673683008,-0.268734088603009,0.103263356805214,3.11808182466919,0.268734088603009,0.16151420367549,0
1.98875546407377,1.92245792636812,-0.495477102447956,-0.26863083794183,0.103263356805214,3.11717224003176,0.26863083794183,0.160954930245698,0
1.98975534112961,1.92342195672337,-0.495742431677546,-0.268527587280651,0.103263356805214,3.11626266783425,0.268527587280651,0.160396474580384,0
1.99075521818546,1.9243860144689,-0.496007661368951,-0.268424336619472,0.103263356805214,3.11535310809725,0.268424336619471,0.159838838488595,0
1.9917550952413,1.92535009959443,-0.496272791519342,-0.268321085958293,0.103263356805214,3.11444356084139,0.268321085958293,0.159282023782031,0
1.99275497229714,1.92631421208968,-0.496537822125894,-0.268217835297114,0.103263356805214,3.1135340260873,0.268217835297114,0.15872603227503,0
1.99375484935299,1.92727835194438,-0.49680275318578,-0.268114584635935,0.103263356805214,3.11262450385565,0.268114584635935,0.158170865784564,0
1.99475472640883,1.92824251914825,-0.497067584696177,-0.268011333974756,0.103263356805214,3.1117149941671,0.268011333974756,0.157616526130225,0
1.99575460346468,1.92920671369101,-0.497332316654262,-0.267908083313577,0.103263356805214,3.11080549704238,0.267908083313577,0.157063015134218,0
1.99675448052052,1.93017093556238,-0.497596949057211,-0.267804832652398,0.103263356805214,3.10989601250219,0.267804832652398,0.156510334621347,0
1.99775435757636,1.93113518475208,-0.497861481902205,-0.267701581991219,0.103263356805214,3.10898654056729,0.267701581991219,0.155958486419006,0
1.99875423463221,1.93209946124983,-0.498125915186422,-0.26759833133004,0.103263356805214,3.10807708125843,0.26759833133004,0.15540747235717,0
1.99975411168805,1.93306376504535,-0.498390248907043,-0.267495080668861,0.103263356805214,3.10716763459641,0.267495080668861,0.154857294268381,0
2.0007539887439,1.93402809612836,-0.498654483061252,-0.267391830007682,0.103263356805214,3.10625820060203,0.267391830007682,0.154307953987741,0
2.00175386579974,1.93499245448858,-0.49891861764623,-0.267288579346503,0.103263356805214,3.10534877929613,0.267288579346503,0.153759453352898,0
2.00275374285559,1.93595684011574,-0.499182652659162,-0.267185328685324,0.103263356805214,3.10443937069954,0.267185328685324,0.153211794204034,0
2.00375361991143,1.93692125299954,-0.499446588097233,-0.267082078024145,0.103263356805214,3.10352997483315,0.267082078024145,0.152664978383858,0
2.00475349696727,1.93788569312971,-0.49971042395763,-0.266978827362966,0.103263356805214,3.10262059171785,0.266978827362966,0.152119007737591,0
2.00575337402312,1.93885016049597,-0.49997416023754,-0.266875576701787,0.103263356805214,3.10171122137455,0.266875576701787,0.151573884112954,0
2.00675325107896,1.93981465508803,-0.50023779693415,-0.266772326040608,0.103263356805214,3.10080186382418,0.266772326040608,0.15102960936016,0
2.00775312813481,1.94077917689561,-0.500501334044651,-0.266669075379429,0.103263356805214,3.09989251908771,0.266669075379429,0.150486185331897,0
2.00875300519065,1.94174372590844,-0.500764771566233,-0.26656582471825,0.103263356805214,3.09898318718611,0.26656582471825,0.149943613883321,0
2.00975288224649,1.94270830211622,-0.501028109496088,-0.266462574057071,0.103263356805214,3.09807386814039,0.266462574057071,0.149401896872041,0
2.01075275930234,1.94367290550867,-0.501291347831409,-0.266359323395892,0.103263356805214,3.09716456197155,0.266359323395892,0.148861036158108,0
2.01175263635818,1.94463753607552,-0.501554486569388,-0.266256072734713,0.103263356805214,3.09625526870066,0.266256072734713,0.148321033603999,0
2.01275251341403,1.94560219380647,-0.501817525707221,-0.266152822073534,0.103263356805214,3.09534598834876,0.266152822073534,0.14778189107461,0
2.01375239046987,1.94656687869124,-0.502080465242103,-0.266049571412355,0.103263356805214,3.09443672093696,0.266049571412355,0.147243610437241,0
2.01475226752571,1.94753159071955,-0.502343305171232,-0.265946320751176,0.103263356805214,3.09352746648635,0.265946320751176,0.146706193561581,0
2.01575214458156,1.94849632988112,-0.502606045491805,-0.265843070089997,0.103263356805214,3.09261822501807,0.265843070089997,0.146169642319698,0
2.0167520216374,1.94946109616566,-0.502868686201022,-0.265739819428818,0.103263356805214,3.09170899655326,0.265739819428818,0.145633958586023,0
2.01775189869325,1.95042588956288,-0.503131227296082,-0.265636568767639,0.103263356805214,3.09079978111311,0.265636568767639,0.145099144237341,0
2.01875177574909,1.95139071006249,-0.503393668774186,-0.26553331810646,0.103263356805214,3.0898905787188,0.26553331810646,0.144565201152773,0
2.01975165280493,1.95235555765423,-0.503656010632538,-0.265430067445281,0.103263356805214,3.08898138939155,0.265430067445281,0.144032131213764,0
2.02075152986078,1.95332043232779,-0.503918252868339,-0.265326816784102,0.103263356805214,3.0880722131526,0.265326816784102,0.143499936304071,0
2.02175140691662,1.95428533407289,-0.504180395478795,-0.265223566122923,0.103263356805214,3.08716305002322,0.265223566122923,0.142968618309746,0
2.02275128397247,1.95525026287924,-0.50444243846111,-0.265120315461744,0.103263356805214,3.08625390002467,0.265120315461744,0.142438179119127,0
2.02375116102831,1.95621521873657,-0.504704381812492,-0.265017064800565,0.103263356805214,3.08534476317828,0.265017064800565,0.141908620622816,0
2.02475103808415,1.95718020163457,-0.504966225530147,-0.264913814139386,0.103263356805214,3.08443563950535,0.264913814139386,0.141379944713673,0
2.02575091514,1.95814521156297,-0.505227969611285,-0.264810563478207,0.103263356805214,3.08352652902725,0.264810563478207,0.140852153286796,0
2.02675079219584,1.95911024851147,-0.505489614053114,-0.264707312817028,0.103263356805214,3.08261743176534,0.264707312817028,0.140325248239508,0
2.02775066925169,1.96007531246979,-0.505751158852846,-0.264604062155849,0.103263356805214,3.08170834774101,0.264604062155849,0.139799231471344,0
2.02875054630753,1.96104040342764,-0.506012604007692,-0.26450081149467,0.103263356805214,3.08079927697568,0.264500811494671,0.139274104884032,0
2.02975042336337,1.96200552137473,-0.506273949514865,-0.264397560833491,0.103263356805214,3.07989021949079,0.264397560833491,0.138749870381482,0
2.03075030041922,1.96297066630077,-0.50653519537158,-0.264294310172312,0.103263356805214,3.07898117530778,0.264294310172312,0.138226529869768,0
2.03175017747506,1.96393583819548,-0.506796341575049,-0.264191059511133,0.103263356805214,3.07807214444815,0.264191059511133,0.137704085257117,0
2.03275005453091,1.96490103704856,-0.507057388122491,-0.264087808849954,0.103263356805214,3.0771631269334,0.264087808849955,0.137182538453885,0
2.03374993158675,1.96586626284972,-0.507318335011122,-0.263984558188775,0.103263356805214,3.07625412278505,0.263984558188775,0.136661891372551,0
2.03474980864259,1.96683151558867,-0.50757918223816,-0.263881307527596,0.103263356805214,3.07534513202464,0.263881307527596,0.136142145927694,0
2.03574968569844,1.96779679525513,-0.507839929800825,-0.263778056866417,0.103263356805214,3.07443615467375,0.263778056866418,0.135623304035981,0
2.03674956275428,1.96876210183881,-0.508100577696336,-0.263674806205238,0.103263356805214,3.07352719075398,0.263674806205239,0.135105367616149,0
2.03774943981013,1.9697274353294,-0.508361125921914,-0.263571555544059,0.103263356805214,3.07261824028693,0.263571555544059,0.134588338588989,0
2.03874931686597,1.97069279571663,-0.508621574474783,-0.26346830488288,0.103263356805214,3.07170930329424,0.26346830488288,0.134072218877332,0
2.03974919392181,1.97165818299019,-0.508881923352166,-0.263365054221701,0.103263356805214,3.07080037979757,0.263365054221702,0.133557010406026,0
2.04074907097766,1.9726235971398,-0.509142172551286,-0.263261803560522,0.103263356805214,3.0698914698186,0.263261803560523,0.133042715101926,0
2.0417489480335,1.97358903815517,-0.509402322069371,-0.263158552899344,0.103263356805214,3.06898257337904,0.263158552899343,0.132529334893875,0
2.04274882508935,1.974554506026,-0.509662371903645,-0.263055302238165,0.103263356805214,3.06807369050061,0.263055302238165,0.132016871712686,0
2.04374870214519,1.97552000074201,-0.509922322051338,-0.262952051576986,0.103263356805214,3.06716482120506,0.262952051576986,0.131505327491121,0
2.04474857920103,1.97648552229289,-0.510182172509677,-0.262848800915807,0.103263356805214,3.06625596551417,0.262848800915807,0.130994704163884,0
2.04574845625688,1.97745107066835,-0.510441923275893,-0.262745550254628,0.103263356805214,3.06534712344972,0.262745550254627,0.130485003667592,0
2.04674833331272,1.97841664585811,-0.510701574347217,-0.262642299593449,0.103263356805214,3.06443829503354,0.262642299593449,0.129976227940765,0
2.04774821036857,1.97938224785187,-0.510961125720879,-0.26253904893227,0.103263356805214,3.06352948028746,0.26253904893227,0.129468378923804,0
2.04874808742441,1.98034787663933,-0.511220577394114,-0.262435798271091,0.103263356805214,3.06262067923336,0.262435798271091,0.128961458558974,0
2.04974796448025,1.9813135322102,-0.511479929364156,-0.262332547609912,0.103263356805214,3.0617118918931,0.262332547609912,0.128455468790388,0
2.0507478415361,1.98227921455418,-0.511739181628239,-0.262229296948733,0.103263356805214,3.06080311828861,0.262229296948733,0.127950411563985,0
2.05174771859194,1.98324492366099,-0.5119983341836,-0.262126046287554,0.103263356805214,3.05989435844181,0.262126046287554,0.127446288827513,0
2.05274759564779,1.98421065952032,-0.512257387027476,-0.262022795626375,0.103263356805214,3.05898561237465,0.262022795626375,0.126943102530511,0
2.05374747270363,1.98517642212187,-0.512516340157106,-0.261919544965196,0.103263356805214,3.05807688010911,0.261919544965196,0.12644085462429,0
2.05474734975947,1.98614221145537,-0.512775193569728,-0.261816294304017,0.103263356805214,3.0571681616672,0.261816294304017,0.12593954706191,0
2.05574722681532,1.9871080275105,-0.513033947262583,-0.261713043642838,0.103263356805214,3.05625945707093,0.261713043642838,0.12543918179817,0
2.05674710387116,1.98807387027697,-0.513292601232913,-0.261609792981659,0.103263356805214,3.05535076634235,0.261609792981659,0.124939760789576,0
2.05774698092701,1.98903973974449,-0.51355115547796,-0.26150654232048,0.103263356805214,3.05444208950353,0.26150654232048,0.124441285994335,0
2.05874685798285,1.99000563590276,-0.513809609994968,-0.261403291659301,0.103263356805214,3.05353342657655,0.261403291659301,0.123943759372324,0
2.05974673503869,1.99097155874147,-0.514067964781181,-0.261300040998122,0.103263356805214,3.05262477758354,0.261300040998122,0.123447182885075,0
2.06074661209454,1.99193750825034,-0.514326219833846,-0.261196790336943,0.103263356805214,3.05171614254664,0.261196790336943,0.122951558495756,0
2.06174648915038,1.99290348441907,-0.514584375150209,-0.261093539675764,0.103263356805214,3.05080752148799,0.261093539675764,0.122456888169148,0
2.06274636620623,1.99386948723736,-0.514842430727518,-0.260990289014585,0.103263356805214,3.04989891442979,0.260990289014585,0.121963173871628,0
2.06374624326207,1.9948355166949,-0.515100386563022,-0.260887038353406,0.103263356805214,3.04899032139424,0.260887038353406,0.121470417571144,0
2.06474612031791,1.99580157278141,-0.515358242653971,-0.260783787692227,0.103263356805214,3.04808174240358,0.260783787692227,0.120978621237198,0
2.06574599737376,1.99676765548658,-0.515615998997616,-0.260680537031048,0.103263356805214,3.04717317748006,0.260680537031048,0.120487786840822,0
2.0667458744296,1.99773376480011,-0.515873655591209,-0.260577286369869,0.103263356805214,3.04626462664595,0.260577286369869,0.119997916354561,0
2.06774575148545,1.99869990071171,-0.516131212432004,-0.26047403570869,0.103263356805214,3.04535608992355,0.26047403570869,0.119509011752448,0
2.06874562854129,1.99966606321107,-0.516388669517254,-0.260370785047511,0.103263356805214,3.0444475673352,0.260370785047511,0.119021075009984,0
2.06974550559713,2.00063225228789,-0.516646026844215,-0.260267534386332,0.103263356805214,3.04353905890322,0.260267534386332,0.118534108104117,0
2.07074538265298,2.00159846793188,-0.516903284410143,-0.260164283725153,0.103263356805214,3.04263056465001,0.260164283725153,0.118048113013219,0
2.07174525970882,2.00256471013273,-0.517160442212297,-0.260061033063974,0.103263356805214,3.04172208459795,0.260061033063974,0.117563091717065,0
2.07274513676467,2.00353097888014,-0.517417500247933,-0.259957782402795,0.103263356805214,3.04081361876946,0.259957782402795,0.117079046196811,0
2.07374501382051,2.00449727416382,-0.517674458514313,-0.259854531741616,0.103263356805214,3.03990516718698,0.259854531741616,0.11659597843497,0
2.07474489087636,2.00546359597346,-0.517931317008696,-0.259751281080437,0.103263356805214,3.03899672987297,0.259751281080437,0.116113890415391,0
2.0757447679322,2.00642994429875,-0.518188075728344,-0.259648030419258,0.103263356805214,3.03808830684992,0.259648030419258,0.115632784123239,0
2.07674464498804,2.0073963191294,-0.518444734670521,-0.259544779758079,0.103263356805214,3.03717989814035,0.259544779758079,0.115152661544966,0
2.07774452204389,2.00836272045511,-0.518701293832489,-0.2594415290969,0.103263356805214,3.03627150376679,0.2594415290969,0.114673524668293,0
2.07874439909973,2.00932914826556,-0.518957753211515,-0.259338278435721,0.103263356805214,3.03536312375181,0.259338278435721,0.114195375482185,0
2.07974427615558,2.01029560255047,-0.519214112804862,-0.259235027774542,0.103263356805214,3.03445475811797,0.259235027774542,0.113718215976828,0
2.08074415321142,2.01126208329952,-0.5194703726098,-0.259131777113363,0.103263356805214,3.0335464068879,0.259131777113363,0.113242048143606,0
2.08174403026726,2.01222859050242,-0.519726532623596,-0.259028526452184,0.103263356805214,3.03263807008422,0.259028526452184,0.112766873975077,0
2.08274390732311,2.01319512414885,-0.519982592843518,-0.258925275791005,0.103263356805214,3.03172974772958,0.258925275791005,0.112292695464947,0
2.08374378437895,2.01416168422852,-0.520238553266838,-0.258822025129826,0.103263356805214,3.03082143984667,0.258822025129826,0.11181951460805,0
2.0847436614348,2.01512827073112,-0.520494413890826,-0.258718774468647,0.103263356805214,3.02991314645819,0.258718774468647,0.111347333400322,0
2.08574353849064,2.01609488364635,-0.520750174712755,-0.258615523807468,0.103263356805214,3.02900486758686,0.258615523807468,0.110876153838774,0
2.08674341554648,2.01706152296389,-0.521005835729899,-0.258512273146289,0.103263356805214,3.02809660325543,0.258512273146289,0.110405977921473,0
2.08774329260233,2.01802818867346,-0.521261396939531,-0.25840902248511,0.103263356805214,3.02718835348669,0.25840902248511,0.109936807647511,0
2.08874316965817,2.01899488076473,-0.521516858338928,-0.258305771823931,0.103263356805214,3.02628011830342,0.258305771823931,0.109468645016986,0
2.08974304671402,2.01996159922741,-0.521772219925365,-0.258202521162752,0.103263356805214,3.02537189772846,0.258202521162752,0.109001492030973,0
2.09074292376986,2.02092834405119,-0.522027481696121,-0.258099270501573,0.103263356805214,3.02446369178464,0.258099270501573,0.108535350691499,0
2.0917428008257,2.02189511522577,-0.522282643648474,-0.257996019840394,0.103263356805214,3.02355550049484,0.257996019840395,0.108070223001519,0
2.09274267788155,2.02286191274083,-0.522537705779704,-0.257892769179215,0.103263356805214,3.02264732388195,0.257892769179215,0.107606110964891,0
2.09374255493739,2.02382873658607,-0.522792668087093,-0.257789518518036,0.103263356805214,3.0217391619689,0.257789518518036,0.107143016586348,0
2.09474243199324,2.02479558675118,-0.523047530567921,-0.257686267856857,0.103263356805214,3.02083101477862,0.257686267856858,0.106680941871473,0
2.09574230904908,2.02576246322586,-0.523302293219472,-0.257583017195678,0.103263356805214,3.01992288233409,0.257583017195679,0.106219888826674,0
2.09674218610492,2.0267293659998,-0.52355695603903,-0.257479766534499,0.103263356805214,3.0190147646583,0.257479766534499,0.105759859459154,0
2.09774206316077,2.02769629506269,-0.52381151902388,-0.257376515873321,0.103263356805214,3.01810666177426,0.257376515873321,0.10530085577689,0
2.09874194021661,2.02866325040422,-0.524065982171308,-0.257273265212141,0.103263356805214,3.01719857370501,0.257273265212142,0.104842879788602,0
2.09974181727246,2.02963023201409,-0.524320345478602,-0.257170014550963,0.103263356805214,3.01629050047363,0.257170014550963,0.10438593350373,0
2.1007416943283,2.03059723988198,-0.524574608943049,-0.257066763889784,0.103263356805214,3.0153824421032,0.257066763889783,0.1039300189324,0
2.10174157138414,2.03156427399759,-0.52482877256194,-0.256963513228605,0.103263356805214,3.01447439861684,0.256963513228605,0.103475138085406,0
2.10274144843999,2.0325313343506,-0.525082836332564,-0.256860262567426,0.103263356805214,3.01356637003768,0.256860262567426,0.103021292974175,0
2.10374132549583,2.03349842093071,-0.525336800252213,-0.256757011906247,0.103263356805214,3.01265835638889,0.256757011906247,0.102568485610743,0
2.10474120255168,2.03446553372761,-0.52559066431818,-0.256653761245068,0.103263356805214,3.01175035769366,0.256653761245067,0.102116718007728,0
2.10574107960752,2.03543267273099,-0.525844428527758,-0.256550510583889,0.103263356805214,3.0108423739752,0.256550510583889,0.101665992178301,0
2.10674095666336,2.03639983879978,-0.526098089563298,-0.256422333087855,0.19391753740175,3.00993440382147,0.256422333087855,0.101216307074372,0
2.10774083371921,2.0373670479942,-0.526351586107472,-0.256228439391481,0.19391753740175,3.00902642070628,0.256228439391481,0.100767608040964,0
2.10874071077505,2.03833430632182,-0.526604895111117,-0.256034545695107,0.19391753740175,3.00811841466809,0.256034545695107,0.100319875681356,0
2.1097405878309,2.03930161374627,-0.526858016564709,-0.255840651998733,0.19391753740175,3.00721038572028,0.255840651998733,0.0998731118676374,0
2.11074046488674,2.04026897023119,-0.527110950458732,-0.25564675830236,0.19391753740175,3.00630233387626,0.25564675830236,0.0994273184726164,0
2.11174034194258,2.04123637574022,-0.527363696783677,-0.255452864605986,0.19391753740175,3.00539425914941,0.255452864605985,0.098982497369793,0
2.11274021899843,2.04220383023698,-0.527616255530042,-0.255258970909612,0.19391753740175,3.00448616155314,0.255258970909612,0.0985386504333391,0
2.11374009605427,2.04317133368511,-0.527868626688333,-0.255065077213238,0.19391753740175,3.00357804110087,0.255065077213238,0.0980957795380717,0
2.11473997311012,2.04413888604823,-0.528120810249061,-0.254871183516864,0.19391753740175,3.00266989780601,0.254871183516864,0.0976538865594295,0
2.11573985016596,2.04510648728996,-0.528372806202745,-0.25467728982049,0.19391753740175,3.00176173168199,0.25467728982049,0.09721297337345,0
2.1167397272218,2.04607413737392,-0.528624614539913,-0.254483396124117,0.19391753740175,3.00085354274224,0.254483396124117,0.0967730418567428,0
2.11773960427765,2.04704183626375,-0.528876235251097,-0.254289502427743,0.19391753740175,2.9999453310002,0.254289502427743,0.0963340938864665,0
2.11873948133349,2.04800958392306,-0.529127668326837,-0.254095608731369,0.19391753740175,2.99903709646932,0.254095608731369,0.0958961313403033,0
2.11973935838934,2.04897738031546,-0.529378913757682,-0.253901715034995,0.19391753740175,2.99812883916303,0.253901715034995,0.0954591560964339,0
2.12073923544518,2.04994522540458,-0.529629971534185,-0.253707821338621,0.19391753740175,2.9972205590948,0.253707821338621,0.0950231700335132,0
2.12173911250102,2.05091311915403,-0.529880841646908,-0.253513927642247,0.19391753740175,2.99631225627809,0.253513927642247,0.0945881750306445,0
2.12273898955687,2.05188106152741,-0.53013152408642,-0.253320033945873,0.19391753740175,2.99540393072636,0.253320033945874,0.094154172967354,0
2.12373886661271,2.05284905248834,-0.530382018843296,-0.2531261402495,0.19391753740175,2.9944955824531,0.2531261402495,0.0937211657235654,0
2.12473874366856,2.05381709200044,-0.530632325908119,-0.252932246553126,0.19391753740175,2.99358721147179,0.252932246553126,0.0932891551795744,0
2.1257386207244,2.05478518002729,-0.530882445271479,-0.252738352856752,0.19391753740175,2.9926788177959,0.252738352856752,0.0928581432160235,0
2.12673849778024,2.05575331653252,-0.531132376923973,-0.252544459160378,0.19391753740175,2.99177040143895,0.252544459160378,0.0924281317138735,0
2.12773837483609,2.05672150147972,-0.531382120856204,-0.252350565464004,0.19391753740175,2.99086196241442,0.252350565464004,0.0919991225543801,0
2.12873825189193,2.05768973483249,-0.531631677058784,-0.252156671767631,0.19391753740175,2.98995350073582,0.252156671767631,0.0915711176190663,0
2.12973812894778,2.05865801655444,-0.53188104552233,-0.251962778071257,0.19391753740175,2.98904501641668,0.251962778071257,0.0911441187896961,0
2.13073800600362,2.05962634660916,-0.532130226237468,-0.251768884374883,0.19391753740175,2.98813650947049,0.251768884374883,0.0907181279482473,0
2.13173788305946,2.06059472496025,-0.532379219194829,-0.251574990678509,0.19391753740175,2.98722797991081,0.251574990678509,0.0902931469768862,0
2.13273776011531,2.0615631515713,-0.532628024385053,-0.251381096982135,0.19391753740175,2.98631942775114,0.251381096982135,0.0898691777579388,0
2.13373763717115,2.0625316264059,-0.532876641798786,-0.251187203285761,0.19391753740175,2.98541085300504,0.251187203285761,0.0894462221738653,0
2.134737514227,2.06350014942765,-0.533125071426682,-0.250993309589387,0.19391753740175,2.98450225568605,0.250993309589387,0.0890242821072317,0
2.13573739128284,2.06446872060013,-0.5333733132594,-0.250799415893014,0.19391753740175,2.98359363580772,0.250799415893014,0.0886033594406832,0
2.13673726833868,2.06543733988693,-0.533621367287608,-0.25060552219664,0.19391753740175,2.98268499338361,0.25060552219664,0.0881834560569161,0
2.13773714539453,2.06640600725164,-0.53386923350198,-0.250411628500266,0.19391753740175,2.98177632842728,0.250411628500266,0.0877645738386497,0
2.13873702245037,2.06737472265783,-0.534116911893199,-0.250217734803892,0.19391753740175,2.98086764095231,0.250217734803892,0.0873467146685994,0
2.13973689950622,2.06834348606909,-0.534364402451952,-0.250023841107518,0.19391753740175,2.97995893097226,0.250023841107518,0.0869298804294486,0
2.14073677656206,2.069312297449,-0.534611705168936,-0.249829947411145,0.19391753740175,2.97905019850074,0.249829947411145,0.0865140730038197,0
2.1417366536179,2.07028115676114,-0.534858820034852,-0.249636053714771,0.19391753740175,2.97814144355132,0.249636053714771,0.0860992942742468,0
2.14273653067375,2.07125006396908,-0.535105747040411,-0.249442160018397,0.19391753740175,2.9772326661376,0.249442160018397,0.0856855461231457,0
2.14373640772959,2.07221901903639,-0.53535248617633,-0.249248266322023,0.19391753740175,2.97632386627319,0.249248266322023,0.0852728304327867,0
2.14473628478544,2.07318802192666,-0.535599037433333,-0.249054372625649,0.19391753740175,2.9754150439717,0.249054372625649,0.0848611490852657,0
2.14573616184128,2.07415707260344,-0.535845400802149,-0.248860478929275,0.19391753740175,2.97450619924674,0.248860478929275,0.0844505039624739,0
2.14673603889713,2.07512617103032,-0.536091576273519,-0.248666585232902,0.19391753740175,2.97359733211193,0.248666585232902,0.0840408969460709,0
2.14773591595297,2.07609531717085,-0.536337563838186,-0.248472691536528,0.19391753740175,2.97268844258091,0.248472691536528,0.0836323299174538,0
2.14873579300881,2.07706451098859,-0.536583363486902,-0.248278797840154,0.19391753740175,2.97177953066732,0.248278797840154,0.0832248047577271,0
2.14973567006466,2.07803375244713,-0.536828975210428,-0.24808490414378,0.19391753740175,2.97087059638479,0.24808490414378,0.082818323347676,0
2.1507355471205,2.07900304151,-0.537074398999529,-0.247891010447406,0.19391753740175,2.96996163974697,0.247891010447407,0.0824128875677338,0
2.15173542417635,2.07997237814079,-0.537319634844979,-0.247697116751033,0.19391753740175,2.96905266076752,0.247697116751032,0.0820084992979537,0
2.15273530123219,2.08094176230303,-0.537564682737557,-0.247503223054659,0.19391753740175,2.96814365946011,0.247503223054659,0.0816051604179779,0
2.15373517828803,2.0819111939603,-0.537809542668052,-0.247309329358285,0.19391753740175,2.9672346358384,0.247309329358285,0.0812028728070086,0
2.15473505534388,2.08288067307614,-0.538054214627258,-0.247115435661911,0.19391753740175,2.96632558991606,0.247115435661911,0.0808016383437761,0
2.15573493239972,2.08385019961411,-0.538298698605977,-0.246921541965537,0.19391753740175,2.96541652170679,0.246921541965537,0.0804014589065101,0
2.15673480945557,2.08481977353775,-0.538542994595017,-0.246727648269164,0.19391753740175,2.96450743122426,0.246727648269164,0.0800023363729079,0
2.15773468651141,2.08578939481062,-0.538787102585194,-0.24653375457279,0.19391753740175,2.96359831848218,0.24653375457279,0.0796042726201035,0
2.15873456356725,2.08675906339627,-0.539031022567331,-0.246339860876416,0.19391753740175,2.96268918349424,0.246339860876416,0.0792072695246381,0
2.1597344406231,2.08772877925823,-0.539274754532258,-0.246145967180042,0.19391753740175,2.96178002627416,0.246145967180042,0.0788113289624274,0
2.16073431767894,2.08869854236006,-0.539518298470812,-0.245952073483668,0.19391753740175,2.96087084683566,0.245952073483668,0.0784164528087318,0
2.16173419473479,2.08966835266529,-0.539761654373836,-0.245758179787295,0.19391753740175,2.95996164519244,0.245758179787295,0.0780226429381237,0
2.16273407179063,2.09063821013747,-0.540004822232182,-0.245564286090921,0.19391753740175,2.95905242135825,0.245564286090921,0.0776299012244576,0
2.16373394884647,2.09160811474013,-0.540247802036708,-0.245370392394547,0.19391753740175,2.95814317534682,0.245370392394547,0.0772382295408368,0
2.16473382590232,2.09257806643681,-0.54049059377828,-0.245176498698173,0.19391753740175,2.95723390717189,0.245176498698173,0.0768476297595835,0
2.16573370295816,2.09354806519105,-0.540733197447769,-0.244982605001799,0.19391753740175,2.95632461684721,0.2449826050018,0.076458103752205,0
2.16673358001401,2.09451811096637,-0.540975613036055,-0.244788711305426,0.19391753740175,2.95541530438653,0.244788711305425,0.0760696533893636,0
2.16773345706985,2.09548820372632,-0.541217840534024,-0.244594817609052,0.19391753740175,2.95450596980363,0.244594817609052,0.0756822805408417,0
2.16873333412569,2.09645834343441,-0.54145987993257,-0.244400923912678,0.19391753740175,2.95359661311226,0.244400923912678,0.0752959870755131,0
2.16973321118154,2.09742853005419,-0.541701731222594,-0.244207030216304,0.19391753740175,2.95268723432621,0.244207030216304,0.0749107748613067,0
2.17073308823738,2.09839876354916,-0.541943394395003,-0.24401313651993,0.19391753740175,2.95177783345925,0.24401313651993,0.0745266457651766,0
2.17173296529323,2.09936904388286,-0.542184869440711,-0.243819242823556,0.19391753740175,2.95086841052519,0.243819242823557,0.0741436016530687,0
2.17273284234907,2.10033937101882,-0.542426156350642,-0.243625349127183,0.19391753740175,2.9499589655378,0.243625349127182,0.0737616443898871,0
2.17373271940491,2.10130974492054,-0.542667255115723,-0.243431455430809,0.19391753740175,2.94904949851091,0.243431455430809,0.0733807758394618,0
2.17473259646076,2.10228016555156,-0.54290816572689,-0.243237561734435,0.19391753740175,2.94814000945831,0.243237561734435,0.0730009978645152,0
2.1757324735166,2.10325063287538,-0.543148888175087,-0.243043668038061,0.19391753740175,2.94723049839383,0.243043668038061,0.0726223123266286,0
2.17673235057245,2.10422114685552,-0.543389422451263,-0.242849774341687,0.19391753740175,2.94632096533128,0.242849774341687,0.0722447210862091,0
2.17773222762829,2.1051917074555,-0.543629768546377,-0.242655880645314,0.19391753740175,2.94541141028451,0.242655880645314,0.0718682260024563,0
2.17873210468413,2.10616231463883,-0.543869926451391,-0.24246198694894,0.19391753740175,2.94450183326734,0.24246198694894,0.0714928289333272,0
2.17973198173998,2.10713296836902,-0.544109896157277,-0.242268093252566,0.19391753740175,2.94359223429362,0.242268093252566,0.0711185317355049,0
2.18073185879582,2.10810366860958,-0.544349677655015,-0.242074199556192,0.19391753740175,2.94268261337721,0.242074199556192,0.0707453362643613,0
2.18173173585167,2.10907441532401,-0.544589270935588,-0.241880305859818,0.19391753740175,2.94177297053195,0.241880305859818,0.0703732443739259,0
2.18273161290751,2.11004520847581,-0.544828675989991,-0.241686412163445,0.19391753740175,2.94086330577173,0.241686412163445,0.07000225791685,0
2.18373148996335,2.1110160480285,-0.545067892809221,-0.241492518467071,0.19391753740175,2.9399536191104,0.241492518467071,0.0696323787443727,0
2.1847313670192,2.11198693394558,-0.545306921384287,-0.241298624770697,0.19391753740175,2.93904391056185,0.241298624770697,0.0692636087062861,0
2.18573124407504,2.11295786619054,-0.545545761706201,-0.241104731074323,0.19391753740175,2.93813418013996,0.241104731074323,0.0688959496509016,0
2.18673112113089,2.11392884472688,-0.545784413765986,-0.240910837377949,0.19391753740175,2.93722442785862,0.24091083737795,0.0685294034250136,0
2.18773099818673,2.11489986951809,-0.546022877554668,-0.240716943681576,0.19391753740175,2.93631465373175,0.240716943681575,0.0681639718738657,0
2.18873087524257,2.11587094052768,-0.546261153063282,-0.240523049985202,0.19391753740175,2.93540485777323,0.240523049985202,0.067799656841116,0
2.18973075229842,2.11684205771914,-0.546499240282871,-0.240329156288828,0.19391753740175,2.93449503999699,0.240329156288828,0.0674364601688006,0
2.19073062935426,2.11781322105595,-0.546737139204484,-0.240135262592454,0.19391753740175,2.93358520041695,0.240135262592454,0.067074383697299,0
2.19173050641011,2.11878443050161,-0.546974849819178,-0.23994136889608,0.19391753740175,2.93267533904704,0.23994136889608,0.0667134292652996,0
2.19273038346595,2.1197556860196,-0.547212372118015,-0.239747475199707,0.19391753740175,2.93176545590118,0.239747475199707,0.0663535987097621,0
2.19373026052179,2.12072698757341,-0.547449706092065,-0.239553581503333,0.19391753740175,2.93085555099333,0.239553581503333,0.0659948938658841,0
2.19473013757764,2.12169833512652,-0.547686851732407,-0.239359687806959,0.19391753740175,2.92994562433742,0.239359687806959,0.0656373165670641,0
2.19573001463348,2.12266972864242,-0.547923809030125,-0.239165794110585,0.19391753740175,2.92903567594742,0.239165794110585,0.0652808686448655,0
2.19672989168933,2.12364116808458,-0.548160577976311,-0.238971900414211,0.19391753740175,2.92812570583729,0.238971900414211,0.0649255519289804,0
2.19772976874517,2.12461265341649,-0.548397158562063,-0.238778006717838,0.19391753740175,2.927215714021,0.238778006717837,0.0645713682471949,0
2.19872964580101,2.12558418460163,-0.548633550778487,-0.238584113021464,0.19391753740175,2.92630570051253,0.238584113021464,0.0642183194253514,0
2.19972952285686,2.12655576160346,-0.548869754616695,-0.23839021932509,0.19391753740175,2.92539566532585,0.23839021932509,0.0638664072873132,0
2.2007293999127,2.12752738438546,-0.549105770067809,-0.238196325628716,0.19391753740175,2.92448560847497,0.238196325628716,0.0635156336549259,0
2.20172927696855,2.12849905291111,-0.549341597122955,-0.238002431932342,0.19391753740175,2.92357552997387,0.238002431932342,0.0631660003479846,0
2.20272915402439,2.12947076714387,-0.549577235773267,-0.237808538235968,0.19391753740175,2.92266542983657,0.237808538235968,0.0628175091841933,0
2.20372903108023,2.13044252704721,-0.549812686009887,-0.237614644539595,0.19391753740175,2.92175530807708,0.237614644539595,0.062470161979131,0
2.20472890813608,2.13141433258461,-0.550047947823962,-0.237420750843221,0.19391753740175,2.92084516470941,0.237420750843221,0.0621239605462124,0
2.20572878519192,2.13238618371952,-0.550283021206648,-0.237226857146847,0.19391753740175,2.9199349997476,0.237226857146847,0.0617789066966532,0
2.20672866224777,2.1333580804154,-0.550517906149108,-0.237032963450473,0.19391753740175,2.91902481320568,0.237032963450473,0.0614350022394305,0
2.20772853930361,2.13433002263573,-0.550752602642511,-0.236839069754099,0.19391753740175,2.91811460509769,0.236839069754099,0.0610922489812474,0
2.20872841635945,2.13530201034396,-0.550987110678033,-0.236645176057726,0.19391753740175,2.91720437543767,0.236645176057726,0.0607506487264954,0
2.2097282934153,2.13627404350355,-0.551221430246859,-0.236451282361352,0.19391753740175,2.91629412423969,0.236451282361352,0.0604102032772155,0
2.21072817047114,2.13724612207795,-0.551455561340179,-0.236257388664978,0.19391753740175,2.9153838515178,0.236257388664978,0.0600709144330621,0
2.21172804752699,2.13821824603062,-0.551689503949192,-0.236063494968604,0.19391753740175,2.91447355728608,0.236063494968604,0.0597327839912654,0
2.21272792458283,2.13919041532502,-0.551923258065102,-0.23586960127223,0.19391753740175,2.9135632415586,0.23586960127223,0.059395813746592,0
2.21372780163867,2.14016262992459,-0.552156823679121,-0.235675707575857,0.19391753740175,2.91265290434945,0.235675707575857,0.0590600054913087,0
2.21472767869452,2.14113488979278,-0.552390200782468,-0.235481813879483,0.19391753740175,2.91174254567271,0.235481813879483,0.0587253610151444,0
2.21572755575036,2.14210719489305,-0.55262338936637,-0.235287920183109,0.19391753740175,2.9108321655425,0.235287920183109,0.0583918821052498,0
2.21672743280621,2.14307954518884,-0.55285638942206,-0.235094026486735,0.19391753740175,2.90992176397291,0.235094026486735,0.0580595705461626,0
2.21772730986205,2.14405194064359,-0.553089200940778,-0.234900132790361,0.19391753740175,2.90901134097805,0.234900132790361,0.0577284281197668,0
2.2187271869179,2.14502438122075,-0.553321823913772,-0.234706239093988,0.19391753740175,2.90810089657206,0.234706239093987,0.057398456605255,0
2.21972706397374,2.14599686688376,-0.553554258332297,-0.234512345397614,0.19391753740175,2.90719043076905,0.234512345397614,0.0570696577790907,0
2.22072694102958,2.14696939759606,-0.553786504187613,-0.23431845170124,0.19391753740175,2.90627994358316,0.23431845170124,0.056742033414968,0
2.22172681808543,2.14794197332108,-0.554018561470991,-0.234124558004866,0.19391753740175,2.90536943502854,0.234124558004866,0.0564155852837745,0
2.22272669514127,2.14891459402227,-0.554250430173705,-0.233930664308492,0.19391753740175,2.90445890511933,0.233930664308492,0.0560903151535525,0
2.22372657219712,2.14988725966305,-0.55448211028704,-0.233736770612119,0.19391753740175,2.90354835386969,0.233736770612119,0.0557662247894588,0
2.22472644925296,2.15085997020686,-0.554713601802284,-0.233542876915745,0.19391753740175,2.90263778129379,0.233542876915745,0.0554433159537275,0
2.2257263263088,2.15183272561713,-0.554944904710734,-0.233348983219371,0.19391753740175,2.9017271874058,0.233348983219371,0.05512159040563,0
2.22672620336465,2.15280552585729,-0.555176019003696,-0.233155089522997,0.19391753740175,2.90081657221989,0.233155089522997,0.0548010499014362,0
2.22772608042049,2.15377837089077,-0.555406944672481,-0.232961195826623,0.19391753740175,2.89990593575026,0.232961195826623,0.0544816961943752,0
2.22872595747634,2.154751260681,-0.555637681708406,-0.232767302130249,0.19391753740175,2.8989952780111,0.23276730213025,0.0541635310345964,0
2.22972583453218,2.15572419519139,-0.555868230102798,-0.232573408433876,0.19391753740175,2.89808459901661,0.232573408433876,0.0538465561691298,0
2.23072571158802,2.15669717678371,-0.556098579712822,-0.232319998324918,0.363985339068626,2.89717389448206,0.232319998324918,0.0535307634586873,0
2.23172558864387,2.15767023387959,-0.556328610154109,-0.23195605773572,0.363985339068626,2.89626311336696,0.23195605773572,0.0532160371944772,0
2.23272546569971,2.15864337462844,-0.556558286445197,-0.231592117146522,0.363985339068626,2.89535224087738,0.231592117146522,0.0529023448386982,0
2.23372534275556,2.15961659890137,-0.556787608555665,-0.231228176557323,0.363985339068626,2.89444127704774,0.231228176557323,0.0525896879238931,0
2.2347252198114,2.16058990656947,-0.557016576455138,-0.230864235968125,0.363985339068626,2.89353022191249,0.230864235968125,0.0522780679804603,0
2.23572509686724,2.16156329750382,-0.55724519011329,-0.230500295378927,0.363985339068626,2.8926190755061,0.230500295378927,0.0519674865366231,0
2.23672497392309,2.1625367715755,-0.557473449499838,-0.230136354789728,0.363985339068626,2.89170783786302,0.230136354789729,0.0516579451184007,0
2.23772485097893,2.16351032865556,-0.557701354584551,-0.22977241420053,0.363985339068626,2.89079650901774,0.22977241420053,0.0513494452495795,0
2.23872472803478,2.16448396861505,-0.55792890533724,-0.229408473611332,0.363985339068626,2.88988508900473,0.229408473611332,0.0510419884516818,0
2.23972460509062,2.16545769132501,-0.558156101727767,-0.229044533022133,0.363985339068626,2.88897357785849,0.229044533022133,0.0507355762439371,0
2.24072448214646,2.16643149665648,-0.558382943726039,-0.228680592432935,0.363985339068626,2.88806197561351,0.228680592432935,0.0504302101432524,0
2.24172435920231,2.16740538448046,-0.558609431302009,-0.228316651843737,0.363985339068626,2.88715028230431,0.228316651843737,0.050125891664181,0
2.24272423625815,2.16837935466796,-0.558835564425679,-0.227952711254538,0.363985339068626,2.8862384979654,0.227952711254539,0.0498226223188951,0
2.243724113314,2.16935340708998,-0.559061343067098,-0.22758877066534,0.363985339068626,2.88532662263132,0.22758877066534,0.0495204036171525,0
2.24472399036984,2.17032754161751,-0.559286767196359,-0.227224830076141,0.363985339068626,2.8844146563366,0.227224830076141,0.0492192370662698,0
2.24572386742568,2.17130175812151,-0.559511836783605,-0.226860889486943,0.363985339068626,2.88350259911578,0.226860889486943,0.0489191241710902,0
2.24672374448153,2.17227605647295,-0.559736551799025,-0.226496948897745,0.363985339068626,2.88259045100341,0.226496948897745,0.0486200664339536,0
2.24772362153737,2.17325043654277,-0.559960912212854,-0.226133008308546,0.363985339068626,2.88167821203407,0.226133008308547,0.048322065354667,0
2.24872349859322,2.17422489820193,-0.560184917995377,-0.225769067719348,0.363985339068626,2.88076588224232,0.225769067719348,0.0480251224304741,0
2.24972337564906,2.17519944132134,-0.560408569116921,-0.22540512713015,0.363985339068626,2.87985346166275,0.22540512713015,0.0477292391560243,0
2.2507232527049,2.17617406577194,-0.560631865547865,-0.225041186540951,0.363985339068626,2.87894095032994,0.225041186540951,0.0474344170233432,0
2.25172312976075,2.17714877142462,-0.560854807258631,-0.224677245951753,0.363985339068626,2.8780283482785,0.224677245951753,0.0471406575218011,0
2.25272300681659,2.17812355815029,-0.561077394219692,-0.224313305362555,0.363985339068626,2.87711565554302,0.224313305362555,0.0468479621380838,0
2.25372288387244,2.17909842581982,-0.561299626401563,-0.223949364773356,0.363985339068626,2.87620287215814,0.223949364773356,0.0465563323561609,0
2.25472276092828,2.18007337430411,-0.561521503774811,-0.223585424184158,0.363985339068626,2.87528999815847,0.223585424184158,0.0462657696572557,0
2.25572263798412,2.181048403474,-0.561743026310047,-0.223221483594959,0.363985339068626,2.87437703357865,0.223221483594959,0.0459762755198144,0
2.25672251503997,2.18202351320037,-0.561964193977929,-0.222857543005761,0.363985339068626,2.87346397845333,0.222857543005761,0.0456878514194755,0
2.25772239209581,2.18299870335405,-0.562185006749164,-0.222493602416563,0.363985339068626,2.87255083281716,0.222493602416563,0.0454004988290392,0
2.25872226915166,2.18397397380587,-0.562405464594503,-0.222129661827365,0.363985339068626,2.87163759670479,0.222129661827365,0.0451142192184365,0
2.2597221462075,2.18494932442666,-0.562625567484748,-0.221765721238166,0.363985339068626,2.87072427015091,0.221765721238166,0.0448290140546981,0
2.26072202326334,2.18592475508723,-0.562845315390745,-0.221401780648968,0.363985339068626,2.86981085319019,0.221401780648968,0.0445448848019233,0
2.26172190031919,2.18690026565838,-0.563064708283386,-0.221037840059769,0.363985339068626,2.86889734585732,0.221037840059769,0.0442618329212499,0
2.26272177737503,2.1878758560109,-0.563283746133614,-0.220673899470571,0.363985339068626,2.867983748187,0.220673899470571,0.0439798598708234,0
2.26372165443088,2.18885152601558,-0.563502428912416,-0.220309958881373,0.363985339068626,2.86707006021394,0.220309958881373,0.0436989671057638,0
2.26472153148672,2.18982727554318,-0.563720756590827,-0.219946018292174,0.363985339068626,2.86615628197285,0.219946018292174,0.0434191560781378,0
2.26572140854256,2.19080310446446,-0.563938729139928,-0.219582077702976,0.363985339068626,2.86524241349846,0.219582077702976,0.0431404282369255,0
2.26672128559841,2.19177901265017,-0.56415634653085,-0.219218137113778,0.363985339068626,2.86432845482551,0.219218137113778,0.0428627850279891,0
2.26772116265425,2.19275499997105,-0.564373608734767,-0.218854196524579,0.363985339068626,2.86341440598874,0.218854196524579,0.0425862278940435,0
2.2687210397101,2.19373106629782,-0.564590515722903,-0.218490255935381,0.363985339068626,2.86250026702291,0.218490255935381,0.0423107582746238,0
2.26972091676594,2.19470721150121,-0.564807067466527,-0.218126315346182,0.363985339068626,2.86158603796277,0.218126315346182,0.0420363776060545,0
2.27072079382178,2.19568343545192,-0.565023263936958,-0.217762374756984,0.363985339068626,2.86067171884309,0.217762374756984,0.0417630873214171,0
2.27172067087763,2.19665973802065,-0.565239105105558,-0.217398434167786,0.363985339068626,2.85975730969867,0.217398434167786,0.0414908888505219,0
2.27272054793347,2.19763611907808,-0.565454590943741,-0.217034493578587,0.363985339068626,2.85884281056429,0.217034493578587,0.0412197836198727,0
2.27372042498932,2.19861257849489,-0.565669721422962,-0.216670552989389,0.363985339068626,2.85792822147474,0.216670552989389,0.0409497730526382,0
2.27472030204516,2.19958911614175,-0.565884496514729,-0.216306612400191,0.363985339068626,2.85701354246484,0.216306612400191,0.0406808585686202,0
2.275720179101,2.2005657318893,-0.566098916190593,-0.215942671810992,0.363985339068626,2.8560987735694,0.215942671810992,0.0404130415842213,0
2.27672005615685,2.2015424256082,-0.566312980422154,-0.215578731221794,0.363985339068626,2.85518391482326,0.215578731221794,0.0401463235124139,0
2.27771993321269,2.20251919716908,-0.566526689181059,-0.215214790632596,0.363985339068626,2.85426896626124,0.215214790632596,0.03988070576271,0
2.27871981026854,2.20349604644255,-0.566740042439002,-0.214850850043397,0.363985339068626,2.85335392791819,0.214850850043397,0.0396161897411272,0
2.27971968732438,2.20447297329925,-0.566953040167722,-0.214486909454199,0.363985339068626,2.85243879982898,0.214486909454199,0.0393527768501598,0
2.28071956438022,2.20544997760976,-0.567165682339008,-0.214122968865,0.363985339068626,2.85152358202845,0.214122968865,0.0390904684887455,0
2.28171944143607,2.20642705924468,-0.567377968924695,-0.213759028275802,0.363985339068626,2.85060827455149,0.213759028275802,0.0388292660522351,0
2.28271931849191,2.2074042180746,-0.567589899896666,-0.213395087686604,0.363985339068626,2.84969287743298,0.213395087686604,0.0385691709323602,0
2.28371919554776,2.20838145397009,-0.567801475226848,-0.213031147097405,0.363985339068626,2.8487773907078,0.213031147097405,0.038310184517202,0
2.2847190726036,2.2093587668017,-0.568012694887219,-0.212667206508207,0.363985339068626,2.84786181441087,0.212667206508207,0.0380523081911596,0
2.28571894965944,2.21033615644,-0.568223558849801,-0.212303265919009,0.363985339068626,2.84694614857708,0.212303265919008,0.0377955433349185,0
2.28671882671529,2.21131362275552,-0.568434067086666,-0.21193932532981,0.363985339068626,2.84603039324137,0.21193932532981,0.0375398913254194,0
2.28771870377113,2.2122911656188,-0.56864421956993,-0.211575384740612,0.363985339068626,2.84511454843865,0.211575384740612,0.0372853535358256,0
2.28871858082698,2.21326878490036,-0.568854016271759,-0.211211444151414,0.363985339068626,2.84419861420387,0.211211444151414,0.0370319313354927,0
2.28971845788282,2.2142464804707,-0.569063457164365,-0.210847503562215,0.363985339068626,2.84328259057198,0.210847503562215,0.036779626089936,0
2.29071833493866,2.21522425220034,-0.569272542220006,-0.210483562973017,0.363985339068626,2.84236647757793,0.210483562973017,0.0365284391607996,0
2.29171821199451,2.21620209995976,-0.569481271410989,-0.210119622383819,0.363985339068626,2.84145027525669,0.210119622383818,0.0362783719058243,0
2.29271808905035,2.21718002361944,-0.569689644709666,-0.20975568179462,0.363985339068626,2.84053398364324,0.20975568179462,0.0360294256788163,0
2.2937179661062,2.21815802304986,-0.569897662088438,-0.209391741205422,0.363985339068626,2.83961760277255,0.209391741205422,0.0357816018296152,0
2.29471784316204,2.21913609812147,-0.570105323519754,-0.209027800616224,0.363985339068626,2.83870113267963,0.209027800616223,0.0355349017040634,0
2.29571772021789,2.22011424870474,-0.570312628976106,-0.208663860027025,0.363985339068626,2.83778457339948,0.208663860027025,0.0352893266439729,0
2.29671759727373,2.22109247467009,-0.570519578430038,-0.208299919437827,0.363985339068626,2.83686792496711,0.208299919437827,0.0350448779870951,0
2.29771747432957,2.22207077588796,-0.570726171854137,-0.207935978848628,0.363985339068626,2.83595118741755,0.207935978848628,0.0348015570670892,0
2.29871735138542,2.22304915222877,-0.570932409221041,-0.20757203825943,0.363985339068626,2.83503436078583,0.20757203825943,0.0345593652134893,0
2.29971722844126,2.22402760356293,-0.571138290503433,-0.207208097670232,0.363985339068626,2.83411744510698,0.207208097670232,0.0343183037516743,0
2.3007171054971,2.22500612976085,-0.571343815674043,-0.206844157081033,0.363985339068626,2.83320044041607,0.206844157081033,0.0340783740028353,0
2.30171698255295,2.22598473069292,-0.571548984705648,-0.206480216491835,0.363985339068626,2.83228334674815,0.206480216491835,0.033839577283945,0
2.30271685960879,2.22696340622951,-0.571753797571074,-0.206116275902637,0.363985339068626,2.83136616413829,0.206116275902636,0.033601914907725,0
2.30371673666464,2.227942156241,-0.571958254243192,-0.205752335313438,0.363985339068626,2.83044889262158,0.205752335313438,0.0333653881826159,0
2.30471661372048,2.22892098059775,-0.572162354694922,-0.20538839472424,0.363985339068626,2.82953153223309,0.20538839472424,0.033129998412744,0
2.30571649077633,2.22989987917012,-0.57236609889923,-0.205024454135042,0.363985339068626,2.82861408300794,0.205024454135041,0.0328957468978904,0
2.30671636783217,2.23087885182844,-0.572569486829129,-0.204660513545843,0.363985339068626,2.82769654498122,0.204660513545843,0.0326626349334613,0
2.30771624488801,2.23185789844305,-0.57277251845768,-0.204296572956645,0.363985339068626,2.82677891818806,0.204296572956645,0.0324306638104542,0
2.30871612194386,2.23283701888427,-0.572975193757992,-0.203932632367447,0.363985339068626,2.82586120266359,0.203932632367446,0.032199834815427,0
2.3097159989997,2.23381621302241,-0.573177512703218,-0.203568691778248,0.363985339068626,2.82494339844294,0.203568691778248,0.0319701492304671,0
2.31071587605555,2.23479548072778,-0.573379475266562,-0.20320475118905,0.363985339068626,2.82402550556125,0.20320475118905,0.031741608333161,0
2.31171575311139,2.23577482187066,-0.573581081421273,-0.202840810599851,0.363985339068626,2.82310752405369,0.202840810599851,0.03151421339656,0
2.31271563016723,2.23675423632135,-0.573782331140647,-0.202476870010653,0.363985339068626,2.82218945395542,0.202476870010653,0.0312879656891527,0
2.31371550722308,2.23773372395012,-0.57398322439803,-0.202112929421455,0.363985339068626,2.82127129530161,0.202112929421455,0.0310628664748309,0
2.31471538427892,2.23871328462723,-0.57418376116681,-0.201748988832256,0.363985339068626,2.82035304812745,0.201748988832256,0.0308389170128587,0
2.31571526133477,2.23969291822293,-0.574383941420428,-0.201385048243058,0.363985339068626,2.81943471246814,0.201385048243058,0.030616118557843,0
2.31671513839061,2.24067262460747,-0.574583765132369,-0.20102110765386,0.363985339068626,2.81851628835888,0.201021107653859,0.0303944723597003,0
2.31771501544645,2.24165240365109,-0.574783232276165,-0.200657167064661,0.363985339068626,2.81759777583487,0.200657167064661,0.0301739796636268,0
2.3187148925023,2.24263225522401,-0.574982342825396,-0.200293226475463,0.363985339068626,2.81667917493136,0.200293226475463,0.0299546417100669,0
2.31971476955814,2.24361217919645,-0.57518109675369,-0.199929285886265,0.363985339068626,2.81576048568356,0.199929285886264,0.0297364597346824,0
2.32071464661399,2.24459217543861,-0.575379494034722,-0.199565345297066,0.363985339068626,2.81484170812673,0.199565345297066,0.0295194349683209,0
2.32171452366983,2.24557224382069,-0.575577534642212,-0.199201404707868,0.363985339068626,2.81392284229611,0.199201404707868,0.0293035686369851,0
2.32271440072567,2.24655238421288,-0.57577521854993,-0.198837464118669,0.363985339068626,2.81300388822696,0.198837464118669,0.029088861961803,0
2.32371427778152,2.24753259648535,-0.575972545731693,-0.198473523529471,0.363985339068626,2.81208484595457,0.198473523529471,0.0288753161589946,0
2.32471415483736,2.24851288050828,-0.576169516161363,-0.198109582940273,0.363985339068626,2.8111657155142,0.198109582940273,0.0286629324398433,0
2.32571403189321,2.24949323615181,-0.576366129812851,-0.197745642351075,0.363985339068626,2.81024649694116,0.197745642351074,0.0284517120106642,0
2.32671390894905,2.25047366328611,-0.576562386660116,-0.197381701761876,0.363985339068626,2.80932719027074,0.197381701761876,0.0282416560727732,0
2.32771378600489,2.25145416178131,-0.576758286677162,-0.197017761172678,0.363985339068626,2.80840779553825,0.197017761172678,0.0280327658224567,0
2.32871366306074,2.25243473150755,-0.576953829838043,-0.196653820583479,0.363985339068626,2.80748831277902,0.196653820583479,0.0278250424509412,0
2.32971354011658,2.25341537233493,-0.577149016116857,-0.196289879994281,0.363985339068626,2.80656874202837,0.196289879994281,0.0276184871443618,0
2.33071341717243,2.25439608413358,-0.577343845487752,-0.195925939405083,0.363985339068626,2.80564908332165,0.195925939405083,0.0274131010837332,0
2.33171329422827,2.25537686677359,-0.577538317924922,-0.195561998815884,0.363985339068626,2.8047293366942,0.195561998815884,0.0272088854449174,0
2.33271317128411,2.25635772012506,-0.577732433402609,-0.195198058226686,0.363985339068626,2.80380950218139,0.195198058226686,0.0270058413985949,0
2.33371304833996,2.25733864405807,-0.577926191895102,-0.194834117637487,0.363985339068626,2.80288957981858,0.194834117637487,0.0268039701102335,0
2.3347129253958,2.2583196384427,-0.578119593376737,-0.194470177048289,0.363985339068626,2.80196956964116,0.194470177048289,0.0266032727400584,0
2.33571280245165,2.259300703149,-0.578312637821897,-0.194106236459091,0.363985339068626,2.80104947168451,0.194106236459091,0.0264037504430219,0
2.33671267950749,2.26028183804705,-0.578505325205013,-0.193742295869893,0.363985339068626,2.80012928598403,0.193742295869892,0.0262054043687741,0
2.33771255656333,2.26126304300687,-0.578697655500563,-0.193378355280694,0.363985339068626,2.79920901257513,0.193378355280694,0.0260082356616302,0
2.33871243361918,2.26224431789851,-0.578889628683072,-0.193014414691496,0.363985339068626,2.79828865149323,0.193014414691496,0.0258122454605445,0
2.33971231067502,2.263225662592,-0.579081244727113,-0.192650474102297,0.363985339068626,2.79736820277376,0.192650474102297,0.0256174348990769,0
2.34071218773087,2.26420707695735,-0.579272503607306,-0.192286533513099,0.363985339068626,2.79644766645216,0.192286533513099,0.0254238051053655,0
2.34171206478671,2.26518856086457,-0.579463405298318,-0.191922592923901,0.363985339068626,2.79552704256387,0.191922592923901,0.0252313572020955,0
2.34271194184255,2.26617011418367,-0.579653949774864,-0.191558652334702,0.363985339068626,2.79460633114436,0.191558652334702,0.02504009230647,0
2.3437118188984,2.26715173678462,-0.579844137011705,-0.191194711745504,0.363985339068626,2.79368553222909,0.191194711745504,0.0248500115301803,0
2.34471169595424,2.26813342853743,-0.580033966983652,-0.190830771156306,0.363985339068626,2.79276464585354,0.190830771156306,0.024661115979377,0
2.34571157301009,2.26911518931204,-0.580223439665559,-0.190466830567107,0.363985339068626,2.7918436720532,0.190466830567107,0.0244734067546396,0
2.34671145006593,2.27009701897844,-0.580412555032331,-0.190102889977909,0.363985339068626,2.79092261086357,0.190102889977909,0.0242868849509476,0
2.34771132712177,2.27107891740657,-0.58060131305892,-0.18973894938871,0.363985339068626,2.79000146232016,0.18973894938871,0.0241015516576515,0
2.34871120417762,2.27206088446638,-0.580789713720323,-0.189375008799512,0.363985339068626,2.78908022645848,0.189375008799512,0.023917407958443,0
2.34971108123346,2.27304292002781,-0.580977756991587,-0.189011068210314,0.363985339068626,2.78815890331406,0.189011068210314,0.023734454931327,0
2.35071095828931,2.27402502396077,-0.581165442847804,-0.188647127621115,0.363985339068626,2.78723749292244,0.188647127621115,0.0235526936485914,0
2.35171083534515,2.27500719613519,-0.581352771264115,-0.188283187031917,0.363985339068626,2.78631599531917,0.188283187031917,0.0233721251767789,0
2.35271071240099,2.27598943642098,-0.581539742215709,-0.187919246442719,0.363985339068626,2.7853944105398,0.187919246442719,0.0231927505766584,0
2.35371058945684,2.27697174468804,-0.581726355677819,-0.18755530585352,0.363985339068626,2.78447273861991,0.18755530585352,0.0230145709031956,0
2.35471046651268,2.27795412616759,-0.581912583321093,-0.187055781902992,0.683044240125763,2.78355096843501,0.187055781902992,0.0228375588493576,0
2.35571034356853,2.27893662480775,-0.582098191806965,-0.186372821639164,0.683044240125763,2.78262900809964,0.186372821639164,0.0226614816706815,0
2.35671022062437,2.27991924998198,-0.582283129242072,-0.185689861375336,0.683044240125763,2.78170683739651,0.185689861375336,0.0224862883055594,0
2.35771009768021,2.28090200123196,-0.582467395540152,-0.185006901111507,0.683044240125763,2.78078445654669,0.185006901111508,0.0223119795821759,0
2.35870997473606,2.2818848780993,-0.582650990615257,-0.184323940847679,0.683044240125763,2.77986186577143,0.184323940847679,0.0221385563254365,0
2.3597098517919,2.28286788012554,-0.582833914381752,-0.183640980583851,0.683044240125763,2.77893906529219,0.183640980583851,0.021966019356952,0
2.36070972884775,2.28385100685218,-0.583016166754315,-0.182958020320023,0.683044240125763,2.77801605533064,0.182958020320023,0.0217943694950211,0
2.36170960590359,2.28483425782066,-0.583197747647937,-0.182275060056194,0.683044240125763,2.77709283610864,0.182275060056194,0.0216236075546142,0
2.36270948295943,2.28581763257235,-0.583378656977923,-0.181592099792366,0.683044240125763,2.77616940784825,0.181592099792367,0.0214537343473579,0
2.36370936001528,2.28680113064858,-0.58355889465989,-0.180909139528538,0.683044240125763,2.77524577077175,0.180909139528538,0.0212847506815178,0
2.36470923707112,2.2877847515906,-0.583738460609769,-0.180226179264709,0.683044240125763,2.77432192510161,0.18022617926471,0.0211166573619836,0
2.36570911412697,2.28876849493963,-0.583917354743804,-0.179543219000881,0.683044240125763,2.7733978710605,0.179543219000881,0.0209494551902519,0
2.36670899118281,2.2897523602368,-0.584095576978553,-0.178860258737053,0.683044240125763,2.77247360887131,0.178860258737053,0.0207831449644095,0
2.36770886823865,2.29073634702322,-0.584273127230887,-0.178177298473225,0.683044240125763,2.7715491387571,0.178177298473225,0.0206177274791194,0
2.3687087452945,2.29172045483991,-0.58445000541799,-0.177494338209397,0.683044240125763,2.77062446094119,0.177494338209397,0.0204532035256023,0
2.36970862235034,2.29270468322785,-0.58462621145736,-0.176811377945568,0.683044240125763,2.76969957564704,0.176811377945568,0.0202895738916226,0
2.37070849940619,2.29368903172797,-0.584801745266808,-0.17612841768174,0.683044240125763,2.76877448309836,0.17612841768174,0.0201268393614707,0
2.37170837646203,2.29467349988113,-0.58497660676446,-0.175445457417912,0.683044240125763,2.76784918351905,0.175445457417912,0.0199650007159492,0
2.37270825351787,2.29565808722814,-0.585150795868754,-0.174762497154084,0.683044240125763,2.76692367713322,0.174762497154084,0.0198040587323545,0
2.37370813057372,2.29664279330975,-0.585324312498442,-0.174079536890255,0.683044240125763,2.76599796416517,0.174079536890255,0.019644014184463,0
2.37470800762956,2.29762761766667,-0.58549715657259,-0.173396576626427,0.683044240125763,2.76507204483943,0.173396576626427,0.0194848678425139,0
2.37570788468541,2.29861255983953,-0.585669328010577,-0.172713616362599,0.683044240125763,2.76414591938072,0.172713616362599,0.0193266204731943,0
2.37670776174125,2.29959761936893,-0.585840826732097,-0.172030656098771,0.683044240125763,2.76321958801397,0.172030656098771,0.0191692728396231,0
2.3777076387971,2.3005827957954,-0.586011652657157,-0.171347695834942,0.683044240125763,2.76229305096432,0.171347695834942,0.0190128257013353,0
2.37870751585294,2.30156808865942,-0.586181805706077,-0.170664735571114,0.683044240125763,2.76136630845711,0.170664735571114,0.0188572798142668,0
2.37970739290878,2.30255349750141,-0.586351285799493,-0.169981775307286,0.683044240125763,2.76043936071789,0.169981775307286,0.018702635930738,0
2.38070726996463,2.30353902186175,-0.586520092858352,-0.169298815043458,0.683044240125763,2.75951220797243,0.169298815043458,0.0185488947994391,0
2.38170714702047,2.30452466128075,-0.586688226803918,-0.168615854779629,0.683044240125763,2.75858485044669,0.168615854779629,0.0183960571654139,0
2.38270702407632,2.30551041529868,-0.586855687557767,-0.167932894515801,0.683044240125763,2.75765728836684,0.167932894515801,0.0182441237700445,0
2.38370690113216,2.30649628345575,-0.587022475041789,-0.167249934251973,0.683044240125763,2.75672952195929,0.167249934251973,0.0180930953510368,0
2.384706778188,2.30748226529211,-0.587188589178189,-0.166566973988145,0.683044240125763,2.75580155145061,0.166566973988145,0.0179429726424036,0
2.38570665524385,2.30846836034787,-0.587354029889486,-0.165884013724316,0.683044240125763,2.75487337706761,0.165884013724316,0.0177937563744507,0
2.38670653229969,2.30945456816307,-0.587518797098512,-0.165201053460488,0.683044240125763,2.75394499903732,0.165201053460488,0.0176454472737608,0
2.38770640935554,2.31044088827773,-0.587682890728415,-0.16451809319666,0.683044240125763,2.75301641758694,0.16451809319666,0.0174980460631785,0
2.38870628641138,2.31142732023177,-0.587846310702654,-0.163835132932832,0.683044240125763,2.75208763294391,0.163835132932832,0.0173515534617954,0
2.38970616346722,2.3124138635651,-0.588009056945006,-0.163152172669003,0.683044240125763,2.75115864533589,0.163152172669003,0.0172059701849344,0
2.39070604052307,2.31340051781757,-0.588171129379559,-0.162469212405175,0.683044240125763,2.75022945499072,0.162469212405175,0.0170612969441356,0
2.39170591757891,2.31438728252895,-0.588332527930719,-0.161786252141347,0.683044240125763,2.74930006213647,0.161786252141347,0.0169175344471403,0
2.39270579463476,2.31537415723899,-0.588493252523202,-0.161103291877519,0.683044240125763,2.74837046700142,0.161103291877518,0.016774683397877,0
2.3937056716906,2.31636114148737,-0.588653303082041,-0.16042033161369,0.683044240125763,2.74744066981407,0.160420331613691,0.0166327444964459,0
2.39470554874644,2.31734823481374,-0.588812679532584,-0.159737371349862,0.683044240125763,2.7465106708031,0.159737371349862,0.016491718439104,0
2.39570542580229,2.31833543675767,-0.588971381800491,-0.159054411086034,0.683044240125763,2.74558047019745,0.159054411086034,0.0163516059182508,0
2.39670530285813,2.3193227468587,-0.589129409811739,-0.158371450822205,0.683044240125763,2.74465006822624,0.158371450822206,0.0162124076224135,0
2.39770517991398,2.32031016465632,-0.589286763492616,-0.157688490558377,0.683044240125763,2.7437194651188,0.157688490558377,0.0160741242362319,0
2.39870505696982,2.32129768968997,-0.58944344276973,-0.157005530294549,0.683044240125763,2.74278866110471,0.157005530294549,0.0159367564404446,0
2.39970493402566,2.32228532149901,-0.589599447569997,-0.156322570030721,0.683044240125763,2.74185765641371,0.156322570030721,0.0158003049118733,0
2.40070481108151,2.32327305962279,-0.589754777820654,-0.155639609766892,0.683044240125763,2.74092645127581,0.155639609766892,0.0156647703234098,0
2.40170468813735,2.3242609036006,-0.589909433449247,-0.154956649503064,0.683044240125763,2.7399950459212,0.154956649503064,0.0155301533440009,0
2.4027045651932,2.32524885297166,-0.59006341438364,-0.154273689239236,0.683044240125763,2.73906344058028,0.154273689239236,0.0153964546386329,0
2.40370444224904,2.32623690727517,-0.590216720552012,-0.153590728975408,0.683044240125763,2.73813163548369,0.153590728975407,0.0152636748683197,0
2.40470431930488,2.32722506605026,-0.590369351882855,-0.15290776871158,0.683044240125763,2.73719963086228,0.15290776871158,0.0151318146900863,0
2.40570419636073,2.32821332883602,-0.590521308304977,-0.152224808447751,0.683044240125763,2.7362674269471,0.152224808447751,0.0150008747569563,0
2.40670407341657,2.32920169517149,-0.590672589747499,-0.151541848183923,0.683044240125763,2.73533502396943,0.151541848183923,0.0148708557179371,0
2.40770395047242,2.33019016459567,-0.590823196139859,-0.150858887920095,0.683044240125763,2.73440242216076,0.150858887920095,0.0147417582180055,0
2.40870382752826,2.33117873664748,-0.590973127411809,-0.150175927656267,0.683044240125763,2.7334696217528,0.150175927656266,0.0146135828980948,0
2.4097037045841,2.33216741086584,-0.591122383493415,-0.149492967392438,0.683044240125763,2.73253662297748,0.149492967392438,0.0144863303950794,0
2.41070358163995,2.33315618678959,-0.59127096431506,-0.14881000712861,0.683044240125763,2.73160342606695,0.14881000712861,0.0143600013417624,0
2.41170345869579,2.33414506395753,-0.591418869807439,-0.148127046864782,0.683044240125763,2.73067003125356,0.148127046864782,0.0142345963668615,0
2.41270333575164,2.33513404190841,-0.591566099901566,-0.147444086600954,0.683044240125763,2.7297364387699,0.147444086600954,0.0141101160949949,0
2.41370321280748,2.33612312018094,-0.591712654528766,-0.146761126337125,0.683044240125763,2.72880264884876,0.146761126337125,0.0139865611466675,0
2.41470308986332,2.33711229831378,-0.591858533620682,-0.146078166073297,0.683044240125763,2.72786866172317,0.146078166073297,0.0138639321382584,0
2.41570296691917,2.33810157584554,-0.59200373710927,-0.145395205809469,0.683044240125763,2.72693447762636,0.145395205809469,0.0137422296820064,0
2.41670284397501,2.33909095231478,-0.592148264926803,-0.14471224554564,0.683044240125763,2.72600009679179,0.14471224554564,0.0136214543859969,0
2.41770272103086,2.34008042726004,-0.592292117005867,-0.144029285281812,0.683044240125763,2.72506551945314,0.144029285281812,0.0135016068541488,0
2.4187025980867,2.34107000021978,-0.592435293279366,-0.143346325017984,0.683044240125763,2.7241307458443,0.143346325017984,0.0133826876862011,0
2.41970247514254,2.34205967073244,-0.592577793680516,-0.142663364754156,0.683044240125763,2.7231957761994,0.142663364754156,0.0132646974776995,0
2.42070235219839,2.34304943833639,-0.59271961814285,-0.141980404490327,0.683044240125763,2.72226061075276,0.141980404490327,0.0131476368199833,0
2.42170222925423,2.34403930256997,-0.592860766600217,-0.141297444226499,0.683044240125763,2.72132524973896,0.141297444226499,0.0130315063001734,0
2.42270210631008,2.34502926297148,-0.593001238986781,-0.140614483962671,0.683044240125763,2.72038969339277,0.140614483962671,0.0129163065011574,0
2.42370198336592,2.34601931907916,-0.593141035237019,-0.139931523698843,0.683044240125763,2.71945394194921,0.139931523698843,0.0128020380015784,0
2.42470186042176,2.34700947043122,-0.593280155285727,-0.139248563435014,0.683044240125763,2.71851799564348,0.139248563435014,0.0126887013758217,0
2.42570173747761,2.34799971656582,-0.593418599068013,-0.138565603171186,0.683044240125763,2.71758185471106,0.138565603171186,0.0125762971940011,0
2.42670161453345,2.34899005702108,-0.593556366519303,-0.137882642907358,0.683044240125763,2.7166455193876,0.137882642907358,0.0124648260219483,0
2.4277014915893,2.34998049133505,-0.593693457575338,-0.137199682643529,0.683044240125763,2.715708989909,0.13719968264353,0.012354288421198,0
2.42870136864514,2.35097101904578,-0.593829872172172,-0.136516722379701,0.683044240125763,2.71477226651139,0.136516722379701,0.0122446849489773,0
2.42970124570098,2.35196163969123,-0.593965610246178,-0.135833762115873,0.683044240125763,2.71383534943111,0.135833762115873,0.0121360161581924,0
2.43070112275683,2.35295235280937,-0.594100671734043,-0.135150801852045,0.683044240125763,2.71289823890472,0.135150801852045,0.0120282825974158,0
2.43170099981267,2.35394315793807,-0.594235056572769,-0.134467841588216,0.683044240125763,2.71196093516902,0.134467841588216,0.0119214848108753,0
2.43270087686852,2.3549340546152,-0.594368764699675,-0.133784881324388,0.683044240125763,2.71102343846102,0.133784881324388,0.0118156233384408,0
2.43370075392436,2.35592504237856,-0.594501796052395,-0.13310192106056,0.683044240125763,2.71008574901798,0.13310192106056,0.0117106987156124,0
2.4347006309802,2.35691612076593,-0.594634150568877,-0.132418960796732,0.683044240125763,2.70914786707736,0.132418960796732,0.0116067114735091,0
2.43570050803605,2.35790728931503,-0.594765828187388,-0.131736000532904,0.683044240125763,2.70820979287685,0.131736000532904,0.011503662138856,0
2.43670038509189,2.35889854756355,-0.594896828846508,-0.131053040269075,0.683044240125763,2.70727152665439,0.131053040269075,0.0114015512339727,0
2.43770026214774,2.35988989504912,-0.595027152485134,-0.130370080005247,0.683044240125763,2.70633306864811,0.130370080005247,0.0113003792767618,0
2.43870013920358,2.36088133130936,-0.595156799042479,-0.129687119741419,0.683044240125763,2.7053944190964,0.129687119741419,0.0112001467806971,0
2.43970001625942,2.36187285588182,-0.595285768458071,-0.129004159477591,0.683044240125763,2.70445557823786,0.129004159477591,0.0111008542548121,0
2.44069989331527,2.36286446830401,-0.595414060671754,-0.128321199213762,0.683044240125763,2.70351654631132,0.128321199213763,0.0110025022036883,0
2.44169977037111,2.36385616811342,-0.595541675623688,-0.127638238949934,0.683044240125763,2.70257732355585,0.127638238949934,0.0109050911274436,0
2.44269964742696,2.36484795484749,-0.595668613254349,-0.126955278686106,0.683044240125763,2.70163791021073,0.126955278686106,0.0108086215217218,0
2.4436995244828,2.3658398280436,-0.59579487350453,-0.126272318422278,0.683044240125763,2.70069830651549,0.126272318422278,0.0107130938776807,0
2.44469940153864,2.36683178723912,-0.595920456315337,-0.125589358158449,0.683044240125763,2.69975851270987,0.125589358158449,0.0106185086819809,0
2.44569927859449,2.36782383197136,-0.596045361628195,-0.124906397894621,0.683044240125763,2.69881852903385,0.124906397894621,0.0105248664167751,0
2.44669915565033,2.3688159617776,-0.596169589384843,-0.124223437630793,0.683044240125763,2.69787835572764,0.124223437630793,0.0104321675596969,0
2.44769903270618,2.36980817619506,-0.596293139527338,-0.123540477366965,0.683044240125763,2.69693799303167,0.123540477366965,0.0103404125838505,0
2.44869890976202,2.37080047476096,-0.596416011998051,-0.122857517103136,0.683044240125763,2.69599744118663,0.122857517103137,0.0102496019577991,0
2.44969878681786,2.37179285701245,-0.596538206739671,-0.122174556839308,0.683044240125763,2.6950567004334,0.122174556839308,0.0101597361455544,0
2.45069866387371,2.37278532248664,-0.596659723695201,-0.12149159657548,0.683044240125763,2.69411577101313,0.12149159657548,0.0100708156065665,0
2.45169854092955,2.37377787072062,-0.596780562807961,-0.120808636311652,0.683044240125763,2.69317465316717,0.120808636311652,0.0099828407957131,0
2.4526984179854,2.37477050125142,-0.596900724021589,-0.120125676047823,0.683044240125763,2.69223334713713,0.120125676047823,0.00989581216328894,0
2.45369829504124,2.37576321361605,-0.597020207280037,-0.119442715783995,0.683044240125763,2.69129185316484,0.119442715783995,0.00980973015499564,0
2.45469817209709,2.37675600735148,-0.597139012527573,-0.118759755520167,0.683044240125763,2.69035017149236,0.118759755520167,0.00972459521193159,0
2.45569804915293,2.37774888199463,-0.597257139708783,-0.118076795256339,0.683044240125763,2.68940830236198,0.118076795256339,0.00964040777058173,0
2.45669792620877,2.37874183708238,-0.597374588768569,-0.11739383499251,0.683044240125763,2.68846624601624,0.117393834992511,0.00955716826280728,0
2.45769780326462,2.3797348721516,-0.597491359652147,-0.116710874728682,0.683044240125763,2.68752400269791,0.116710874728682,0.00947487711583639,0
2.45869768032046,2.38072798673909,-0.597607452305052,-0.116027914464854,0.683044240125763,2.68658157264998,0.116027914464854,0.0093935347522538,0
2.45969755737631,2.38172118038163,-0.597722866673134,-0.115344954201026,0.683044240125763,2.68563895611568,0.115344954201026,0.0093131415899913,0
2.46069743443215,2.38271445261596,-0.59783760270256,-0.114661993937198,0.683044240125763,2.6846961533385,0.114661993937198,0.00923369804231811,0
2.46169731148799,2.38370780297879,-0.597951660339813,-0.113979033673369,0.683044240125763,2.68375316456213,0.113979033673369,0.00915520451783114,0
2.46269718854384,2.38470123100677,-0.598065039531693,-0.113296073409541,0.683044240125763,2.68280999003051,0.113296073409541,0.00907766142044586,0
2.46369706559968,2.38569473623655,-0.598177740225316,-0.112613113145713,0.683044240125763,2.68186662998784,0.112613113145713,0.00900106914938714,0
2.46469694265553,2.38668831820472,-0.598289762368114,-0.111930152881884,0.683044240125763,2.68092308467852,0.111930152881885,0.00892542809917907,0
2.46569681971137,2.38768197644783,-0.598401105907835,-0.111247192618056,0.683044240125763,2.6799793543472,0.111247192618056,0.00885073865963704,0
2.46669669676721,2.38867571050241,-0.598511770792547,-0.110564232354228,0.683044240125763,2.67903543923878,0.110564232354228,0.00877700121585778,0
2.46769657382306,2.38966951990495,-0.59862175697063,-0.1098812720904,0.683044240125763,2.67809133959838,0.1098812720904,0.00870421614821093,0
2.4686964508789,2.3906634041919,-0.598731064390784,-0.109198311826571,0.683044240125763,2.67714705567138,0.109198311826571,0.00863238383232978,0
2.46969632793475,2.39165736289968,-0.598839693002023,-0.108515351562743,0.683044240125763,2.67620258770337,0.108515351562744,0.0085615046391031,0
2.47069620499059,2.39265139556466,-0.598947642753679,-0.107832391298915,0.683044240125763,2.67525793594021,0.107832391298915,0.00849157893466634,0
2.47169608204643,2.39364550172321,-0.599054913595402,-0.107149431035087,0.683044240125763,2.67431310062798,0.107149431035087,0.00842260708039266,0
2.47269595910228,2.39463968091163,-0.599161505477155,-0.106466470771258,0.683044240125763,2.67336808201301,0.106466470771259,0.00835458943288481,0
2.47369583615812,2.39563393266621,-0.599267418349221,-0.10578351050743,0.683044240125763,2.67242288034185,0.10578351050743,0.00828752634396746,0
2.47469571321397,2.39662825652318,-0.599372652162199,-0.105100550243602,0.683044240125763,2.67147749586132,0.105100550243602,0.00822141816067778,0
2.47569559026981,2.39762265201877,-0.599477206867004,-0.104417589979774,0.683044240125763,2.67053192881847,0.104417589979774,0.00815626522525814,0
2.47669546732565,2.39861711868915,-0.599581082414867,-0.103734629715946,0.683044240125763,2.66958617946058,0.103734629715946,0.00809206787514782,0
2.4776953443815,2.39961165607047,-0.599684278757338,-0.103051669452118,0.683044240125763,2.66864024803518,0.103051669452118,0.00802882644297553,0
2.47869522143734,2.40060626774896,-0.599786756444162,-0.102210250792202,1,2.66769412198471,0.102210250792202,0.0079665017224213,0
2.47969509849319,2.40160097736252,-0.599888278994423,-0.101210373736358,1,2.66674772487356,0.101210373736358,0.00790485680812059,0
2.48069497554903,2.40259578798889,-0.59998880690678,-0.100210496680514,1,2.66580104452423,0.100210496680514,0.00784385242505015,0
2.48169485260487,2.40359069863352,-0.600088340080732,-0.0992106196246698,1,2.66485408158181,0.09921061962467,0.0077834888270828,0
2.48269472966072,2.40458570830174,-0.600186878416769,-0.0982107425688256,1,2.66390683669216,0.0982107425688254,0.00772376626551863,0
2.48369460671656,2.40558081599878,-0.600284421816377,-0.0972108655129813,1,2.66295931050195,0.0972108655129813,0.00766468498908135,0
2.48469448377241,2.40657602072977,-0.600380970182037,-0.0962109884571375,1,2.66201150365857,0.0962109884571376,0.00760624524391451,0
2.48569436082825,2.40757132149977,-0.600476523417224,-0.0952111114012933,1,2.66106341681022,0.0952111114012935,0.00754844727357751,0
2.48669423788409,2.40856671731371,-0.600571081426409,-0.094211234345449,1,2.66011505060588,0.0942112343454489,0.00749129131904158,0
2.48769411493994,2.40956220717644,-0.600664644115056,-0.0932113572896052,1,2.6591664056953,0.0932113572896052,0.00743477761868627,0
2.48869399199578,2.41055779009273,-0.600757211389626,-0.0922114802337605,1,2.658217482729,0.0922114802337606,0.00737890640829486,0
2.48969386905163,2.41155346506722,-0.600848783157574,-0.0912116031779167,1,2.65726828235831,0.0912116031779169,0.00732367792105182,0
2.49069374610747,2.41254923110449,-0.600939359327351,-0.0902117261220724,1,2.65631880523531,0.0902117261220723,0.00726909238753815,0
2.49169362316331,2.41354508720901,-0.601028939808404,-0.0892118490662286,1,2.65536905201289,0.0892118490662286,0.00721515003572804,0
2.49269350021916,2.41454103238519,-0.601117524511174,-0.0882119720103844,1,2.65441902334471,0.0882119720103844,0.00716185109098499,0
2.493693377275,2.41553706563731,-0.601205113347098,-0.0872120949545401,1,2.65346871988522,0.0872120949545403,0.00710919577605851,0
2.49469325433085,2.41653318596959,-0.601291706228608,-0.0862122178986958,1,2.65251814228965,0.0862122178986957,0.00705718431108082,0
2.49569313138669,2.41752939238615,-0.601377303069133,-0.085212340842852,1,2.65156729121403,0.085212340842852,0.00700581691356228,0
2.49669300844253,2.41852568389104,-0.601461903783098,-0.0842124637870078,1,2.65061616731518,0.0842124637870079,0.0069550937983891,0
2.49769288549838,2.4195220594882,-0.601545508285922,-0.083212586731164,1,2.64966477125069,0.0832125867311642,0.00690501517781894,0
2.49869276255422,2.42051851818151,-0.601628116494021,-0.0822127096753193,1,2.64871310367897,0.0822127096753191,0.00685558126147856,0
2.49969263961007,2.42151505897475,-0.601709728324808,-0.081212832619475,1,2.64776116525919,0.081212832619475,0.00680679225635916,0
2.50069251666591,2.42251168087162,-0.601790343696691,-0.0802129555636312,1,2.64680895665135,0.0802129555636313,0.00675864836681428,0
2.50169239372175,2.42350838287575,-0.601869962529074,-0.0792130785077869,1,2.64585647851622,0.0792130785077871,0.00671114979455556,0
2.5026922707776,2.42450516399069,-0.601948584742358,-0.0782132014519431,1,2.64490373151538,0.078213201451943,0.00666429673865021,0
2.50369214783344,2.42550202321989,-0.60202621025794,-0.0772133243960989,1,2.64395071631119,0.0772133243960988,0.00661808939551733,0
2.50469202488929,2.42649895956674,-0.602102838998214,-0.0762134473402546,1,2.64299743356682,0.0762134473402547,0.00657252795892505,0
2.50569190194513,2.42749597203455,-0.602178470886569,-0.0752135702844104,1,2.64204388394624,0.0752135702844106,0.00652761261998724,0
2.50669177900097,2.42849305962656,-0.602253105847393,-0.0742136932285666,1,2.64109006811423,0.0742136932285664,0.00648334356716052,0
2.50769165605682,2.42949022134592,-0.602326743806069,-0.0732138161727223,1,2.64013598673634,0.0732138161727223,0.00643972098624124,0
2.50869153311266,2.43048745619571,-0.602399384688977,-0.072213939116878,1,2.63918164047897,0.0722139391168781,0.00639674506036214,0
2.50969141016851,2.43148476317895,-0.602471028423494,-0.0712140620610338,1,2.63822703000928,0.071214062061034,0.0063544159699902,0
2.51069128722435,2.43248214129857,-0.602541674937994,-0.07021418500519,1,2.63727215599526,0.0702141850051898,0.00631273389292264,0
2.51169116428019,2.43347958955744,-0.602611324161848,-0.0692143079493457,1,2.63631701910569,0.0692143079493457,0.00627169900428504,0
2.51269104133604,2.43447710695836,-0.602679976025424,-0.0682144308935015,1,2.63536162001019,0.0682144308935015,0.006231311476528,0
2.51369091839188,2.43547469250406,-0.602747630460086,-0.0672145538376576,1,2.63440595937915,0.0672145538376578,0.0061915714794244,0
2.51469079544773,2.43647234519719,-0.602814287398197,-0.0662146767818129,1,2.6334500378838,0.0662146767818128,0.00615247918006645,0
2.51569067250357,2.43747006404035,-0.602879946773116,-0.0652147997259691,1,2.63249385619616,0.0652147997259691,0.00611403474286387,0
2.51669054955941,2.43846784803606,-0.602944608519201,-0.0642149226701249,1,2.63153741498907,0.064214922670125,0.00607623832954007,0
2.51769042661526,2.4394656961868,-0.603008272571805,-0.0632150456142811,1,2.63058071493619,0.0632150456142813,0.00603909009913028,0
2.5186903036711,2.44046360749494,-0.60307093886728,-0.0622151685584368,1,2.62962375671199,0.0622151685584367,0.00600259020797844,0
2.51969018072695,2.44146158096283,-0.603132607342975,-0.0612152915025926,1,2.62866654099175,0.0612152915025925,0.00596673880973553,0
2.52069005778279,2.44245961559274,-0.603193277937237,-0.0602154144467483,1,2.62770906845158,0.0602154144467484,0.0059315360553559,0
2.52168993483863,2.44345771038689,-0.603252950589409,-0.0592155373909045,1,2.6267513397684,0.0592155373909047,0.00589698209309597,0
2.52268981189448,2.44445586434741,-0.603311625239835,-0.0582156603350602,1,2.62579335561995,0.0582156603350601,0.00586307706851097,0
2.52368968895032,2.44545407647641,-0.603369301829854,-0.057215783279216,1,2.62483511668479,0.0572157832792159,0.00582982112445296,0
2.52468956600617,2.44645234577591,-0.603425980301803,-0.0562159062233717,1,2.62387662364231,0.0562159062233718,0.00579721440106873,0
2.52568944306201,2.44745067124789,-0.603481660599018,-0.0552160291675275,1,2.62291787717271,0.0552160291675277,0.00576525703579678,0
2.52668932011786,2.44844905189428,-0.603536342665832,-0.0542161521116837,1,2.62195887795702,0.0542161521116835,0.00573394916336611,0
2.5276891971737,2.44944748671693,-0.603590026447577,-0.0532162750558394,1,2.62099962667711,0.0532162750558394,0.00570329091579269,0
2.52868907422954,2.45044597471767,-0.603642711890582,-0.0522163979999956,1,2.62004012401566,0.0522163979999957,0.00567328242237863,0
2.52968895128539,2.45144451489823,-0.603694398942175,-0.0512165209441513,1,2.61908037065617,0.0512165209441515,0.00564392380970979,0
2.53068882834123,2.45244310626034,-0.603745087550681,-0.0502166438883071,1,2.61812036728299,0.0502166438883069,0.00561521520165309,0
2.53168870539708,2.45344174780565,-0.603794777665424,-0.0492167668324628,1,2.6171601145813,0.0492167668324628,0.0055871567193545,0
2.53268858245292,2.45444043853575,-0.603843469236727,-0.048216889776619,1,2.61619961323709,0.0482168897766191,0.0055597484812383,0
2.53368845950876,2.45543917745221,-0.603891162215909,-0.0472170127207747,1,2.61523886393721,0.0472170127207749,0.00553299060300338,0
2.53468833656461,2.45643796355653,-0.60393785655529,-0.0462171356649305,1,2.61427786736932,0.0462171356649304,0.00550688319762305,0
2.53568821362045,2.45743679585017,-0.603983552208186,-0.0452172586090862,1,2.61331662422192,0.0452172586090862,0.00548142637534188,0
2.5366880906763,2.45843567333454,-0.604028249128913,-0.044217381553242,1,2.61235513518438,0.0442173815532421,0.00545662024367477,0
2.53768796773214,2.45943459501102,-0.604071947272786,-0.0432175044973982,1,2.61139340094685,0.0432175044973984,0.00543246490740446,0
2.53868784478798,2.46043355988092,-0.604114646596116,-0.0422176274415539,1,2.61043142220037,0.0422176274415538,0.00540896046858041,0
2.53968772184383,2.46143256694553,-0.604156347056216,-0.0412177503857101,1,2.60946919963679,0.0412177503857101,0.0053861070265171,0
2.54068759889967,2.46243161520608,-0.604197048611394,-0.0402178733298654,1,2.60850673394882,0.0402178733298655,0.00536390467779213,0
2.54168747595552,2.46343070366378,-0.60423675122096,-0.0392179962740216,1,2.60754402582999,0.0392179962740218,0.00534235351624446,0
2.54268735301136,2.46442983131978,-0.604275454845219,-0.0382181192181773,1,2.6065810759747,0.0382181192181772,0.00532145363297365,0
2.5436872300672,2.4654289971752,-0.60431315944548,-0.0372182421623335,1,2.60561788507818,0.0372182421623335,0.00530120511633736,0
2.54468710712305,2.46642820023111,-0.604349864984045,-0.0362183651064893,1,2.60465445383652,0.0362183651064893,0.0052816080519511,0
2.54568698417889,2.46742743948857,-0.604385571424219,-0.035218488050645,1,2.60369078294663,0.0352184880506452,0.00526266252268548,0
2.54668686123474,2.46842671394857,-0.604420278730303,-0.0342186109948008,1,2.60272687310629,0.0342186109948006,0.00524436860866595,0
2.54768673829058,2.46942602261209,-0.6044539868676,-0.0332187339389565,1,2.60176272501414,0.0332187339389565,0.00522672638727095,0
2.54868661534642,2.47042536448007,-0.604486695802408,-0.0322188568831127,1,2.60079833936964,0.0322188568831128,0.0052097359331309,0
2.54968649240227,2.47142473855341,-0.604518405502029,-0.0312189798272684,1,2.59983371687314,0.0312189798272686,0.00519339731812662,0
2.55068636945811,2.47242414383298,-0.604549115934758,-0.0302191027714242,1,2.59886885822581,0.030219102771424,0.00517771061138861,0
2.55168624651396,2.47342357931962,-0.604578827069894,-0.0292192257155799,1,2.5979037641297,0.0292192257155799,0.00516267587929553,0
2.5526861235698,2.47442304401415,-0.604607538877733,-0.0282193486597361,1,2.5969384352877,0.0282193486597362,0.00514829318547327,0
2.55368600062564,2.47542253691734,-0.60463525132957,-0.0272194716038918,1,2.59597287240357,0.027219471603892,0.00513456259079381,0
2.55468587768149,2.47642205702994,-0.604661964397699,-0.026219594548048,1,2.59500707618193,0.0262195945480479,0.00512148415337477,0
2.55568575473733,2.47742160335269,-0.604687678055414,-0.0252197174922038,1,2.59404104732823,0.0252197174922038,0.00510905792857763,0
2.55668563179318,2.47842117488628,-0.604712392277007,-0.0242198404363595,1,2.59307478654883,0.0242198404363596,0.0050972839690071,0
2.55768550884902,2.47942077063138,-0.604736107037771,-0.0232199633805153,1,2.59210829455092,0.0232199633805155,0.00508616232451076,0
2.55868538590486,2.48042038958866,-0.604758822313996,-0.0222200863246715,1,2.59114157204256,0.0222200863246713,0.00507569304217736,0
2.55968526296071,2.48142003075872,-0.604780538082973,-0.0212202092688272,1,2.59017461973268,0.0212202092688272,0.00506587616633702,0
2.56068514001655,2.48241969314218,-0.604801254322991,-0.0202203322129829,1,2.58920743833107,0.020220332212983,0.00505671173855948,0
2.5616850170724,2.48341937573963,-0.604820971013339,-0.0192204551571387,1,2.5882400285484,0.0192204551571389,0.00504819979765447,0
2.56268489412824,2.48441907755162,-0.604839688134306,-0.0182205781012944,1,2.5872723910962,0.0182205781012943,0.00504034037967027,0
2.56368477118408,2.4854187975787,-0.604857405667178,-0.0172207010454506,1,2.58630452668687,0.0172207010454506,0.00503313351789325,0
2.56468464823993,2.48641853482139,-0.604874123594244,-0.0162208239896064,1,2.58533643603369,0.0162208239896064,0.00502657924284788,0
2.56568452529577,2.4874182882802,-0.604889841898787,-0.0152209469337626,1,2.58436811985079,0.0152209469337627,0.00502067758229574,0
2.56668440235162,2.48841805695563,-0.604904560565096,-0.0142210698779179,1,2.58339957885321,0.0142210698779177,0.00501542856123494,0
2.56768427940746,2.48941783984816,-0.604918279578453,-0.013221192822074,1,2.58243081375685,0.013221192822074,0.00501083220189968,0
2.5686841564633,2.49041763595824,-0.604930998925145,-0.0122213157662298,1,2.58146182527846,0.0122213157662299,0.00500688852376086,0
2.56968403351915,2.49141744428632,-0.604942718592454,-0.011221438710386,1,2.58049261413572,0.0112214387103862,0.00500359754352453,0
2.57068391057499,2.49241726383285,-0.604953438568663,-0.0102215616545417,1,2.57952318104714,0.0102215616545416,0.00500095927513189,0
2.57168378763084,2.49341709359825,-0.604963158843056,-0.00922168459869746,1,2.57855352673215,0.00922168459869743,0.00499897372975988,0
2.57268366468668,2.49441693258294,-0.604971879405914,-0.0082218075428532,1,2.57758365191104,0.00822180754285329,0.00499764091581989,0
2.57368354174252,2.49541677978731,-0.604979600248519,-0.00722193048700895,1,2.57661355730498,0.00722193048700914,0.00499696083895862,0
2.57468341879837,2.49641663421178,-0.604986321363153,-0.00622205343116514,1,2.57564324363604,0.006222053431165,0.00499693350205688,0
2.57568329585421,2.49741649485673,-0.604992042743095,-0.00522217637532088,1,2.57467271162717,0.00522217637532085,0.00499755890523068,0
2.57668317291006,2.49841636072255,-0.604996764382626,-0.00422229931947663,1,2.57370196200221,0.00422229931947671,0.00499883704583048,0
2.5776830499659,2.49941623080962,-0.605000486277025,-0.00322242226363237,1,2.57273099548589,0.00322242226363256,0.0050007679184414,0
2.57868292702174,2.50041610411831,-0.605003208422571,-0.00222254520778856,1,2.57175981280381,0.00222254520778842,0.00500335151488362,0
2.57968280407759,2.501415979649,-0.605004930816543,-0.00122266815194431,1,2.57078841468249,0.00122266815194427,0.00500658782421193,0
2.58068268113343,2.50241585640206,-0.605005653457218,-0.000222791096100496,1,2.56981680184932,0.000222791096100572,0.00501047683271649,0
2.58168255818928,2.50341573337785,-0.605005376343875,0.000777085959743759,1,2.5688449750326,0.000777085959743573,0.00501501852392283,0
2.58268243524512,2.50441560957675,-0.60500409947679,0.00177696301558801,1,2.56787293496153,0.00177696301558816,0.00502021287859167,0
2.58368231230096,2.50541548399912,-0.605001822857241,0.00277684007143227,1,2.56690068236618,0.00277684007143231,0.00502605987472027,0
2.58468218935681,2.50641535564534,-0.604998546487502,0.00377671712727652,1,2.56592821797753,0.00377671712727645,0.005032559487542,0
2.58568206641265,2.50741522351578,-0.604994270370849,0.00477659418312034,1,2.56495554252748,0.00477659418312015,0.00503971168952644,0
2.5866819434685,2.50841508661082,-0.604988994511559,0.00577647123896459,1,2.56398265674881,0.00577647123896474,0.00504751645038104,0
2.58768182052434,2.50941494393084,-0.604982718914904,0.00677634829480885,1,2.5630095613752,0.00677634829480889,0.00505597373705058,0
2.58868169758018,2.51041479447623,-0.60497544358716,0.0077762253506531,1,2.56203625714125,0.00777622535065303,0.00506508351371804,0
2.58968157463603,2.51141463724738,-0.604967168535599,0.00877610240649691,1,2.56106274478244,0.00877610240649673,0.00507484574180495,0
2.59068145169187,2.51241447124471,-0.604957893768495,0.00977597946234117,1,2.56008902503518,0.00977597946234132,0.00508526037997281,0
2.59168132874772,2.51341429546861,-0.60494761929512,0.010775856518185,1,2.55911509863677,0.010775856518185,0.00509632738412247,0
2.59268120580356,2.51441410891952,-0.604936345125747,0.0117757335740297,1,2.55814096632544,0.0117757335740296,0.0051080467073964,0
2.5936810828594,2.51541391059786,-0.604924071271646,0.0127756106298735,1,2.5571666288403,0.0127756106298733,0.00512041830017795,0
2.59468095991525,2.51641369950408,-0.604910797745089,0.0137754876857177,1,2.5561920869214,0.0137754876857179,0.00513344211009348,0
2.59568083697109,2.51741347463864,-0.604896524559345,0.0147753647415616,1,2.55521734130969,0.0147753647415616,0.00514711808201218,0
2.59668071402694,2.51841323500201,-0.604881251728684,0.0157752417974058,1,2.55424239274703,0.0157752417974057,0.00516144615804737,0
2.59768059108278,2.51941297959466,-0.604864979268376,0.0167751188532501,1,2.5532672419762,0.0167751188532499,0.00517642627755766,0
2.59868046813863,2.52041270741711,-0.604847707194689,0.0177749959090943,1,2.55229188974091,0.0177749959090945,0.00519205837714798,0
2.59968034519447,2.52141241746988,-0.604829435524891,0.0187748729649386,1,2.55131633678575,0.0187748729649386,0.00520834239067003,0
2.60068022225031,2.52241210875349,-0.604810164277248,0.0197747500207824,1,2.55034058385629,0.0197747500207823,0.00522527824922359,0
2.60168009930616,2.5234117802685,-0.604789893471028,0.0207746270766264,1,2.54936463169896,0.0207746270766265,0.00524286588115852,0
2.602679976362,2.52441143112544,-0.604768628221664,0.0217567755058481,0.969163814730338,2.54838848216348,0.0217567755058479,0.00526111030753085,0
2.60367985341785,2.52541106084511,-0.604746391492568,0.0227258201675511,0.969163814730338,2.54741214094049,0.0227258201675511,0.00528003439445757,0
2.60467973047369,2.52641066854705,-0.60472318608822,0.023694864829254,0.969163814730338,2.54643560933131,0.0236948648292539,0.00529964084392964,0
2.60567960752953,2.52741025329258,-0.604699012030412,0.0246639094909574,0.969163814730338,2.54545888803438,0.0246639094909575,0.00531992957123106,0
2.60667948458538,2.52840981414304,-0.604673869341845,0.0256329541526603,0.969163814730338,2.54448197774896,0.0256329541526603,0.00534090048870872,0
2.60767936164122,2.52940935015981,-0.604647758046128,0.0266019988143637,0.969163814730338,2.54350487917519,0.0266019988143635,0.00536255350577386,0
2.60867923869707,2.53040886040426,-0.604620678167781,0.0275710434760675,0.969163814730338,2.54252759301406,0.0275710434760676,0.00538488852890362,0
2.60967911575291,2.5314083439378,-0.604592629732234,0.0285400881377704,0.969163814730338,2.54155011996743,0.0285400881377704,0.00540790546164271,0
2.61067899280875,2.53240779982189,-0.604563612765825,0.0295091327994738,0.969163814730338,2.540572460738,0.0295091327994736,0.00543160420460542,0
2.6116788698646,2.53340722711797,-0.604533627295803,0.0304781774611767,0.969163814730338,2.53959461602935,0.0304781774611769,0.00545598465547614,0
2.61267874692044,2.53440662488754,-0.604502673350325,0.03144722212288,0.969163814730338,2.53861658654593,0.0314472221228801,0.00548104670901284,0
2.61367862397629,2.53540599219212,-0.604470750958459,0.0324162667845834,0.969163814730338,2.53763837299304,0.0324162667845833,0.00550679025704748,0
2.61467850103213,2.53640532809326,-0.604437860150181,0.0333853114462868,0.969163814730338,2.53665997607685,0.0333853114462865,0.00553321518848815,0
2.61567837808797,2.53740463165253,-0.604404000956377,0.0343543561079897,0.969163814730338,2.5356813965044,0.0343543561079898,0.00556032138932128,0
2.61667825514382,2.53840390193153,-0.604369173408844,0.0353234007696931,0.969163814730338,2.5347026349836,0.035323400769693,0.00558810874261373,0
2.61767813219966,2.53940313799191,-0.604333377540284,0.036292445431396,0.969163814730338,2.53372369222323,0.0362924454313962,0.00561657712851416,0
2.61867800925551,2.54040233889534,-0.604296613384314,0.0372614900930998,0.969163814730338,2.53274456893294,0.0372614900930999,0.00564572642425543,0
2.61967788631135,2.54140150370351,-0.604258880975454,0.0382305347548027,0.969163814730338,2.53176526582325,0.0382305347548026,0.00567555650415685,0
2.62067776336719,2.54240063147817,-0.60422018034914,0.0391995794165061,0.969163814730338,2.53078578360557,0.0391995794165059,0.00570606723962586,0
2.62167764042304,2.54339972128108,-0.604180511541711,0.0401686240782094,0.969163814730338,2.52980612299217,0.0401686240782095,0.0057372584991604,0
2.62267751747888,2.54439877217406,-0.604139874590419,0.0411376687399123,0.969163814730338,2.5288262846962,0.0411376687399123,0.00576913014835179,0
2.62367739453473,2.54539778321894,-0.604098269533424,0.0421067134016161,0.969163814730338,2.5278462694317,0.042106713401616,0.00580168204988607,0
2.62467727159057,2.54639675347761,-0.604055696409795,0.0430757580633191,0.969163814730338,2.52686607791357,0.0430757580633192,0.00583491406354653,0
2.62567714864641,2.547395682012,-0.60401215525951,0.0440448027250224,0.969163814730338,2.52588571085761,0.0440448027250224,0.00586882604621675,0
2.62667702570226,2.54839456788404,-0.603967646123457,0.0450138473867254,0.969163814730338,2.52490516898049,0.0450138473867252,0.0059034178518822,0
2.6276769027581,2.54939341015576,-0.603922169043431,0.0459828920484287,0.969163814730338,2.52392445299976,0.0459828920484289,0.00593868933163322,0
2.62867677981395,2.55039220788918,-0.603875724062138,0.0469519367101321,0.969163814730338,2.52294356363388,0.0469519367101321,0.00597464033366757,0
2.62967665686979,2.55139096014638,-0.603828311223192,0.0479209813718354,0.969163814730338,2.52196250160218,0.0479209813718353,0.00601127070329255,0
2.63067653392563,2.5523896659895,-0.603779930571116,0.0488900260335384,0.969163814730338,2.52098126762486,0.0488900260335385,0.00604858028292798,0
2.63167641098148,2.55338832448069,-0.603730582151341,0.0498590706952417,0.969163814730338,2.51999986242305,0.0498590706952418,0.00608656891210901,0
2.63267628803732,2.55438693468218,-0.603680266010208,0.0508281153569447,0.969163814730338,2.51901828671874,0.0508281153569445,0.00612523642748852,0
2.63367616509317,2.55538549565621,-0.603628982194966,0.0517971600186485,0.969163814730338,2.51803654123481,0.0517971600186486,0.00616458266284015,0
2.63467604214901,2.5563840064651,-0.603576730753774,0.0527662046803518,0.969163814730338,2.51705462669506,0.0527662046803519,0.00620460744906037,0
2.63567591920485,2.55738246617118,-0.603523511735697,0.0537352493420547,0.969163814730338,2.51607254382415,0.0537352493420546,0.00624531061417288,0
2.6366757962607,2.55838087383688,-0.603469325190711,0.0547042940037581,0.969163814730338,2.51509029334768,0.0547042940037583,0.00628669198332987,0
2.63767567331654,2.55937922852462,-0.6034141711697,0.055673338665461,0.969163814730338,2.5141078759921,0.0556733386654611,0.00632875137881617,0
2.63867555037239,2.56037752929691,-0.603358049724455,0.0566423833271644,0.969163814730338,2.51312529248479,0.0566423833271643,0.0063714886200511,0
2.63967542742823,2.56137577521629,-0.603300960907678,0.0576114279888678,0.969163814730338,2.51214254355402,0.0576114279888675,0.00641490352359309,0
2.64067530448407,2.56237396534537,-0.603242904772978,0.0585804726505711,0.969163814730338,2.51115962992897,0.0585804726505712,0.00645899590314103,0
2.64167518153992,2.5633720987468,-0.603183881374872,0.059549517312274,0.969163814730338,2.5101765523397,0.059549517312274,0.00650376556953858,0
2.64267505859576,2.56437017448328,-0.603123890768786,0.0605185619739774,0.969163814730338,2.50919331151721,0.0605185619739772,0.00654921233077732,0
2.64367493565161,2.56536819161757,-0.603062933011054,0.0614876066356803,0.969163814730338,2.50820990819337,0.0614876066356804,0.00659533599199935,0
2.64467481270745,2.56636614921249,-0.603001008158918,0.0624566512973841,0.969163814730338,2.50722634310098,0.0624566512973841,0.00664213635550093,0
2.64567468976329,2.56736404633091,-0.602938116270529,0.0634256959590875,0.969163814730338,2.50624261697374,0.0634256959590873,0.00668961322073613,0
2.64667456681914,2.56836188203575,-0.602874257404945,0.0643947406207904,0.969163814730338,2.50525873054627,0.0643947406207905,0.00673776638431955,0
2.64767444387498,2.56935965539,-0.602809431622132,0.0653637852824938,0.969163814730338,2.50427468455408,0.0653637852824938,0.00678659564003004,0
2.64867432093083,2.5703573654567,-0.602743638982966,0.0663328299441967,0.969163814730338,2.50329047973361,0.0663328299441965,0.00683610077881425,0
2.64967419798667,2.57135501129896,-0.602676879549228,0.0673018746059005,0.969163814730338,2.50230611682222,0.0673018746059006,0.00688628158879034,0
2.65067407504251,2.57235259197993,-0.602609153383608,0.0682709192676034,0.969163814730338,2.50132159655816,0.0682709192676034,0.00693713785525107,0
2.65167395209836,2.57335010656286,-0.602540460549706,0.0692399639293067,0.969163814730338,2.50033691968062,0.0692399639293066,0.00698866936066744,0
2.6526738291542,2.57434755411101,-0.602470801112026,0.0702090085910097,0.969163814730338,2.4993520869297,0.0702090085910099,0.00704087588469282,0
2.65367370621005,2.57534493368773,-0.602400175135982,0.071178053252713,0.969163814730338,2.49836709904641,0.0711780532527131,0.00709375720416605,0
2.65467358326589,2.57634224435646,-0.602328582687896,0.0721470979144164,0.969163814730338,2.49738195677271,0.0721470979144163,0.00714731309311567,0
2.65567346032173,2.57733948518065,-0.602256023834995,0.0731161425761197,0.969163814730338,2.49639666085146,0.0731161425761195,0.00720154332276357,0
2.65667333737758,2.57833665522385,-0.602182498645417,0.0740851872378226,0.969163814730338,2.49541121202643,0.0740851872378228,0.00725644766152822,0
2.65767321443342,2.57933375354968,-0.602108007188205,0.075054231899526,0.969163814730338,2.49442561104235,0.075054231899526,0.00731202587502966,0
2.65867309148927,2.58033077922181,-0.602032549533309,0.0760232765612294,0.969163814730338,2.49343985864486,0.0760232765612292,0.0073682777260925,0
2.65967296854511,2.58132773130399,-0.601956125751589,0.0769923212229327,0.969163814730338,2.49245395558052,0.0769923212229329,0.00742520297475024,0
2.66067284560095,2.58232460886003,-0.601878735914809,0.0779613658846361,0.969163814730338,2.49146790259683,0.0779613658846361,0.00748280137824919,0
2.6616727226568,2.58332141095381,-0.601800380095644,0.078930410546339,0.969163814730338,2.49048170044221,0.0789304105463389,0.00754107269105264,0
2.66267259971264,2.5843181366493,-0.601721058367671,0.0798994552080423,0.969163814730338,2.48949534986604,0.0798994552080425,0.00760001666484456,0
2.66367247676849,2.58531478501051,-0.601640770805379,0.0808684998697453,0.969163814730338,2.4885088516186,0.0808684998697453,0.00765963304853445,0
2.66467235382433,2.58631135510155,-0.60155951748416,0.0818375445314486,0.969163814730338,2.48752220645113,0.0818375445314485,0.00771992158826085,0
2.66567223088017,2.5873078459866,-0.601477298480317,0.082806589193152,0.969163814730338,2.48653541511578,0.0828065891931518,0.0077808820273958,0
2.66667210793602,2.58830425672989,-0.601394113871056,0.0837756338548553,0.969163814730338,2.48554847836568,0.0837756338548554,0.00784251410654913,0
2.66767198499186,2.58930058639575,-0.601309963734491,0.0847446785165582,0.969163814730338,2.48456139695485,0.0847446785165582,0.00790481756357264,0
2.66867186204771,2.59029683404859,-0.601224848149644,0.0857137231782616,0.969163814730338,2.48357417163829,0.0857137231782614,0.0079677921335648,0
2.66967173910355,2.59129299875288,-0.601138767196442,0.086682767839965,0.969163814730338,2.48258680317192,0.0866827678399651,0.00803143754887492,0
2.6706716161594,2.59228907957317,-0.601051720955719,0.0876518125016683,0.969163814730338,2.48159929231261,0.0876518125016683,0.00809575353910685,0
2.67167149321524,2.59328507557409,-0.600963709509217,0.0886208571633716,0.969163814730338,2.48061163981819,0.0886208571633715,0.0081607398311252,0
2.67267137027108,2.59428098582036,-0.600874732939581,0.0895899018250746,0.969163814730338,2.47962384644742,0.0895899018250748,0.00822639614905818,0
2.67367124732693,2.59527680937677,-0.600784791330365,0.0905589464867779,0.969163814730338,2.47863591296,0.090558946486778,0.00829272221430255,0
2.67467112438277,2.59627254530819,-0.600693884766028,0.0915279911484809,0.969163814730338,2.4776478401166,0.0915279911484808,0.00835971774552924,0
2.67567100143862,2.59726819267959,-0.600602013331936,0.0924970358101846,0.969163814730338,2.47665962867884,0.0924970358101844,0.00842738245868646,0
2.67667087849446,2.59826375055599,-0.600509177114361,0.0934660804718876,0.969163814730338,2.47567127940927,0.0934660804718876,0.00849571606700561,0
2.6776707555503,2.59925921800254,-0.60041537620048,0.0944351251335909,0.969163814730338,2.47468279307142,0.0944351251335909,0.00856471828100525,0
2.67867063260615,2.60025459408442,-0.600320610678377,0.0954041697952938,0.969163814730338,2.47369417042976,0.0954041697952936,0.00863438880849654,0
2.67967050966199,2.60124987786694,-0.600224880637041,0.0963732144569972,0.969163814730338,2.47270541224973,0.0963732144569973,0.00870472735458683,0
2.68067038671784,2.60224506841549,-0.600128186166368,0.0973422591187005,0.969163814730338,2.47171651929771,0.0973422591187005,0.00877573362168638,0
2.68167026377368,2.60324016479552,-0.600030527357157,0.0983113037804039,0.969163814730338,2.47072749234105,0.0983113037804038,0.00884740730951128,0
2.68267014082952,2.6042351660726,-0.599931904301115,0.0992803484421072,0.969163814730338,2.46973833214807,0.0992803484421074,0.00891974811508967,0
2.68367001788537,2.60523007131237,-0.599832317090854,0.10024939310381,0.969163814730338,2.46874903948805,0.10024939310381,0.00899275573276626,0
2.68466989494121,2.60622487958057,-0.599731765819891,0.101218437765514,0.969163814730338,2.46775961513121,0.101218437765513,0.00906642985420747,0
2.68566977199706,2.60721958994302,-0.599630250582648,0.102187482427217,0.969163814730338,2.46677005984876,0.102187482427217,0.00914077016840642,0
2.6866696490529,2.60821420146565,-0.599527771474453,0.10315652708892,0.969163814730338,2.46578037441288,0.10315652708892,0.00921577636168758,0
2.68766952610874,2.60920871321447,-0.59942432859154,0.104125571750623,0.969163814730338,2.4647905595967,0.104125571750623,0.00929144811771276,0
2.68866940316459,2.61020312425559,-0.599319922031044,0.105094616412327,0.969163814730338,2.46380061617434,0.105094616412326,0.00936778511748571,0
2.68966928022043,2.6111974336552,-0.59921455189101,0.106063661074029,0.969163814730338,2.46281054492087,0.10606366107403,0.00944478703935714,0
2.69066915727628,2.61219164047961,-0.599108218270385,0.107032705735733,0.969163814730338,2.46182034661236,0.107032705735733,0.00952245355903059,0
2.69166903433212,2.6131857437952,-0.59900092126902,0.108001750397436,0.969163814730338,2.46083002202582,0.108001750397436,0.00960078434956724,0
2.69266891138796,2.61417974266846,-0.598892660987674,0.108970795059139,0.969163814730338,2.45983957193928,0.10897079505914,0.00967977908139106,0
2.69366878844381,2.61517363616599,-0.598783437528008,0.109939839720842,0.969163814730338,2.45884899713171,0.109939839720842,0.00975943742229501,0
2.69466866549965,2.61616742335447,-0.598673250992587,0.110908884382546,0.969163814730338,2.45785829838307,0.110908884382546,0.00983975903744505,0
2.6956685425555,2.61716110330068,-0.598562101484882,0.111877929044249,0.969163814730338,2.45686747647431,0.111877929044249,0.00992074358938733,0
2.69666841961134,2.61815467507152,-0.598449989109268,0.112846973705952,0.969163814730338,2.45587653218735,0.112846973705953,0.0100023907380518,0
2.69766829666718,2.61914813773397,-0.598336913971023,0.113816018367656,0.969163814730338,2.4548854663051,0.113816018367656,0.0100847001407591,0
2.69866817372303,2.62014149035512,-0.598222876176332,0.114785063029359,0.969163814730338,2.45389427961146,0.114785063029359,0.0101676714522259,0
2.69966805077887,2.62113473200217,-0.598107875832279,0.115754107691062,0.969163814730338,2.4529029728913,0.115754107691062,0.0102513043245693,0
2.70066792783472,2.62212786174242,-0.597991913046856,0.116723152352765,0.969163814730338,2.4519115469305,0.116723152352765,0.0103355984073141,0
2.70166780489056,2.62312087864327,-0.597874987928959,0.117692197014469,0.969163814730338,2.45092000251591,0.117692197014469,0.0104205533473973,0
2.7026676819464,2.62411378177223,-0.597757100588384,0.118661241676172,0.969163814730338,2.44992834043539,0.118661241676172,0.0105061687891743,0
2.70366755900225,2.62510657019692,-0.597638251135834,0.119630286337875,0.969163814730338,2.44893656147777,0.119630286337875,0.0105924443744245,0
2.70466743605809,2.62609924298506,-0.597518439682914,0.120599330999578,0.969163814730338,2.44794466643288,0.120599330999578,0.0106793797423567,0
2.70566731311394,2.62709179920449,-0.597397666342133,0.121568375661281,0.969163814730338,2.44695265609158,0.121568375661282,0.0107669745296157,0
2.70666719016978,2.62808423792314,-0.597275931226902,0.122537420322985,0.969163814730338,2.44596053124567,0.122537420322985,0.0108552283702874,0
2.70766706722562,2.62907655820908,-0.597153234451537,0.123506464984688,0.969163814730338,2.44496829268799,0.123506464984688,0.0109441408959051,0
2.70866694428147,2.63006875913047,-0.597029576131256,0.124475509646391,0.969163814730338,2.44397594121237,0.124475509646391,0.0110337117354546,0
2.70966682133731,2.63106083975557,-0.59690495638218,0.125444554308094,0.969163814730338,2.44298347761363,0.125444554308094,0.0111239405153815,0
2.71066669839316,2.63205279915279,-0.596779375321332,0.126413598969798,0.969163814730338,2.44199090268761,0.126413598969798,0.011214826859596,0
2.711666575449,2.63304463639062,-0.59665283306664,0.127382643631501,0.969163814730338,2.44099821723115,0.127382643631501,0.011306370389479,0
2.71266645250484,2.63403635053768,-0.596525329736932,0.128351688293204,0.969163814730338,2.44000542204209,0.128351688293205,0.0113985707238891,0
2.71366632956069,2.63502794066271,-0.59639686545194,0.129320732954907,0.969163814730338,2.43901251791929,0.129320732954907,0.0114914274791676,0
2.71466620661653,2.63601940583455,-0.596267440332298,0.130289777616611,0.969163814730338,2.43801950566259,0.130289777616611,0.0115849402691448,0
2.71566608367238,2.63701074512217,-0.596137054499542,0.131258822278314,0.969163814730338,2.43702638607289,0.131258822278314,0.0116791087051468,0
2.71666596072822,2.63800195759466,-0.596005708076112,0.132227866940017,0.969163814730338,2.43603315995205,0.132227866940017,0.0117739323960007,0
2.71766583778406,2.63899304232122,-0.595873401185347,0.13319691160172,0.969163814730338,2.43503982810298,0.13319691160172,0.0118694109480415,0
2.71866571483991,2.63998399837118,-0.595740133951491,0.134165956263424,0.969163814730338,2.43404639132959,0.134165956263424,0.0119655439651181,0
2.71966559189575,2.64097482481398,-0.595605906499686,0.135135000925127,0.969163814730338,2.43305285043682,0.135135000925127,0.0120623310485994,0
2.7206654689516,2.64196552071919,-0.59547071895598,0.13610404558683,0.969163814730338,2.43205920623061,0.13610404558683,0.0121597717973809,0
2.72166534600744,2.64295608515649,-0.595334571447319,0.137073090248533,0.969163814730338,2.43106545951794,0.137073090248533,0.012257865807891,0
2.72266522306328,2.64394651719571,-0.595197464101553,0.138042134910237,0.969163814730338,2.43007161110679,0.138042134910237,0.012356612674097,0
2.72366510011913,2.64493681590677,-0.595059397047432,0.13901117957194,0.969163814730338,2.42907766180618,0.13901117957194,0.0124560119875117,0
2.72466497717497,2.64592698035975,-0.594920370414607,0.139980224233643,0.969163814730338,2.42808361242615,0.139980224233643,0.0125560633372001,0
2.72566485423082,2.64691700962482,-0.594780384333632,0.140949268895346,0.969163814730338,2.42708946377777,0.140949268895346,0.0126567663097851,0
2.72666473128666,2.647906916246,-0.594639533445284,0.141624539190256,0.517147677744844,2.42609522677479,0.141624539190256,0.0127582154564941,0
2.7276646083425,2.64889674599592,-0.59449814330879,0.142141623287717,0.517147677744844,2.42510093674184,0.142141623287717,0.0128607373341628,0
2.72866448539835,2.64988650250293,-0.594356241365999,0.142658707385177,0.517147677744844,2.42410659682462,0.142658707385177,0.0129643589012967,0
2.72966436245419,2.65087618550238,-0.59421382765485,0.143175791482637,0.517147677744844,2.42311220722774,0.143175791482637,0.013069079572585,0
2.73066423951004,2.65186579472966,-0.594070902213423,0.143692875580097,0.517147677744844,2.42211776815605,0.143692875580097,0.013174898756906,0
2.73166411656588,2.65285532992017,-0.593927465079931,0.144209959677557,0.517147677744844,2.42112327981464,0.144209959677557,0.013281815857342,0
2.73266399362172,2.65384479080934,-0.593783516292728,0.144727043775017,0.517147677744844,2.42012874240885,0.144727043775017,0.0133898302711957,0
2.73366387067757,2.6548341771326,-0.593639055890301,0.145244127872478,0.517147677744844,2.41913415614423,0.145244127872477,0.013498941390006,0
2.73466374773341,2.65582348862542,-0.593494083911275,0.145761211969938,0.517147677744844,2.41813952122659,0.145761211969938,0.013609148599563,0
2.73566362478926,2.65681272502328,-0.593348600394412,0.146278296067398,0.517147677744844,2.41714483786198,0.146278296067398,0.0137204512799254,0
2.7366635018451,2.65780188606168,-0.593202605378612,0.146795380164858,0.517147677744844,2.41615010625668,0.146795380164858,0.0138328488054361,0
2.73766337890094,2.65879097147615,-0.593056098902909,0.147312464262318,0.517147677744844,2.41515532661722,0.147312464262318,0.0139463405447384,0
2.73866325595679,2.65977998100222,-0.592909081006477,0.147829548359778,0.517147677744844,2.41416049915036,0.147829548359779,0.0140609258607924,0
2.73966313301263,2.66076891437545,-0.592761551728624,0.148346632457238,0.517147677744844,2.41316562406311,0.148346632457239,0.0141766041108925,0
2.74066301006848,2.66175777133144,-0.592613511108795,0.148863716554699,0.517147677744844,2.41217070156272,0.148863716554699,0.014293374646683,0
2.74166288712432,2.66274655160579,-0.592464959186575,0.149380800652159,0.517147677744844,2.41117573185668,0.149380800652159,0.0144112368141754,0
2.74266276418016,2.66373525493411,-0.59231589600168,0.149897884749619,0.517147677744844,2.41018071515272,0.149897884749619,0.0145301899537658,0
2.74366264123601,2.66472388105206,-0.592166321593969,0.150414968847079,0.517147677744844,2.40918565165881,0.150414968847079,0.0146502334002516,0
2.74466251829185,2.66571242969529,-0.592016236003432,0.150932052944539,0.517147677744844,2.40819054158319,0.150932052944539,0.0147713664828483,0
2.7456623953477,2.6667009005995,-0.5918656392702,0.151449137042,0.517147677744844,2.40719538513431,0.151449137041999,0.0148935885252075,0
2.74666227240354,2.66768929350039,-0.591714531434538,0.15196622113946,0.517147677744844,2.40620018252088,0.151966221139459,0.0150168988454343,0
2.74766214945938,2.66867760813369,-0.59156291253685,0.15248330523692,0.517147677744844,2.40520493395185,0.15248330523692,0.0151412967561051,0
2.74866202651523,2.66966584423514,-0.591410782617673,0.15300038933438,0.517147677744844,2.40420963963643,0.15300038933438,0.0152667815642842,0
2.74966190357107,2.67065400154052,-0.591258141717685,0.15351747343184,0.517147677744844,2.40321429978407,0.15351747343184,0.0153933525715427,0
2.75066178062692,2.67164207978562,-0.591104989877697,0.1540345575293,0.517147677744844,2.40221891460444,0.1540345575293,0.0155210090739764,0
2.75166165768276,2.67263007870625,-0.590951327138659,0.15455164162676,0.517147677744844,2.40122348430749,0.15455164162676,0.0156497503622233,0
2.7526615347386,2.67361799803824,-0.590797153541657,0.15506872572422,0.517147677744844,2.40022800910342,0.15506872572422,0.0157795757214821,0
2.75366141179445,2.67460583751744,-0.590642469127912,0.155585809821681,0.517147677744844,2.39923248920264,0.155585809821681,0.0159104844315305,0
2.75466128885029,2.67559359687973,-0.590487273938784,0.156102893919141,0.517147677744844,2.39823692481584,0.156102893919141,0.0160424757667431,0
2.75566116590614,2.67658127586101,-0.590331568015768,0.156619978016601,0.517147677744844,2.39724131615396,0.156619978016601,0.016175548996111,0
2.75666104296198,2.6775688741972,-0.590175351400496,0.157137062114061,0.517147677744844,2.39624566342818,0.157137062114061,0.016309703383259,0
2.75766092001783,2.67855639162424,-0.590018624134737,0.157654146211521,0.517147677744844,2.39524996684992,0.157654146211521,0.0164449381864655,0
2.75866079707367,2.67954382787808,-0.589861386260395,0.158171230308982,0.517147677744844,2.39425422663086,0.158171230308982,0.0165812526586809,0
2.75966067412951,2.68053118269471,-0.589703637819514,0.158688314406442,0.517147677744844,2.39325844298295,0.158688314406442,0.0167186460475465,0
2.76066055118536,2.68151845581014,-0.589545378854269,0.159205398503902,0.517147677744844,2.39226261611835,0.159205398503902,0.016857117595413,0
2.7616604282412,2.68250564696039,-0.589386609406978,0.159722482601362,0.517147677744844,2.39126674624951,0.159722482601362,0.0169966665393609,0
2.76266030529705,2.68349275588151,-0.589227329520089,0.160239566698822,0.517147677744844,2.39027083358912,0.160239566698822,0.0171372921112186,0
2.76366018235289,2.68447978230958,-0.589067539236191,0.160756650796282,0.517147677744844,2.3892748783501,0.160756650796282,0.0172789935375824,0
2.76466005940873,2.68546672598068,-0.588907238598008,0.161273734893743,0.517147677744844,2.38827888074566,0.161273734893743,0.0174217700398357,0
2.76565993646458,2.68645358663093,-0.588746427648402,0.161790818991203,0.517147677744844,2.38728284098924,0.161790818991203,0.0175656208341687,0
2.76665981352042,2.68744036399647,-0.588585106430367,0.162307903088663,0.517147677744844,2.38628675929454,0.162307903088663,0.0177105451315974,0
2.76765969057627,2.68842705781345,-0.588423274987039,0.162824987186123,0.517147677744844,2.38529063587552,0.162824987186123,0.0178565421379846,0
2.76865956763211,2.68941366781807,-0.588260933361686,0.163342071283583,0.517147677744844,2.38429447094639,0.163342071283583,0.0180036110540585,0
2.76965944468795,2.69040019374652,-0.588098081597716,0.163859155381043,0.517147677744844,2.38329826472161,0.163859155381044,0.0181517510754333,0
2.7706593217438,2.69138663533502,-0.58793471973867,0.164376239478503,0.517147677744844,2.38230201741591,0.164376239478504,0.0183009613926293,0
2.77165919879964,2.69237299231984,-0.587770847828228,0.164893323575964,0.517147677744844,2.38130572924427,0.164893323575964,0.0184512411910926,0
2.77265907585549,2.69335926443724,-0.587606465910205,0.165410407673424,0.517147677744844,2.38030940042193,0.165410407673424,0.0186025896512154,0
2.77365895291133,2.69434545142351,-0.587441574028553,0.165927491770884,0.517147677744844,2.37931303116438,0.165927491770884,0.018755005948357,0
2.77465882996717,2.69533155301497,-0.58727617222736,0.166444575868344,0.517147677744844,2.37831662168736,0.166444575868344,0.0189084892528631,0
2.77565870702302,2.69631756894797,-0.587110260550851,0.166961659965804,0.517147677744844,2.37732017220691,0.166961659965804,0.0190630387300871,0
2.77665858407886,2.69730349895886,-0.586943839043386,0.167478744063264,0.517147677744844,2.37632368293927,0.167478744063264,0.0192186535404102,0
2.77765846113471,2.69828934278404,-0.586776907749462,0.167995828160725,0.517147677744844,2.375327154101,0.167995828160724,0.0193753328392627,0
2.77865833819055,2.69927510015991,-0.586609466713713,0.168512912258185,0.517147677744844,2.37433058590887,0.168512912258184,0.0195330757771436,0
2.77965821524639,2.7002607708229,-0.586441515980909,0.169029996355645,0.517147677744844,2.37333397857994,0.169029996355645,0.019691881499643,0
2.78065809230224,2.70124635450946,-0.586273055595955,0.169547080453105,0.517147677744844,2.37233733233152,0.169547080453105,0.0198517491474614,0
2.78165796935808,2.70223185095609,-0.586104085603895,0.170064164550565,0.517147677744844,2.37134064738119,0.170064164550565,0.0200126778564317,0
2.78265784641393,2.70321725989927,-0.585934606049905,0.170581248648025,0.517147677744844,2.37034392394679,0.170581248648026,0.0201746667575403,0
2.78365772346977,2.70420258107554,-0.585764616979302,0.171098332745485,0.517147677744844,2.36934716224641,0.171098332745486,0.0203377149769479,0
2.78465760052561,2.70518781422144,-0.585594118437535,0.171615416842946,0.517147677744844,2.36835036249842,0.171615416842946,0.0205018216360108,0
2.78565747758146,2.70617295907355,-0.585423110470193,0.172132500940406,0.517147677744844,2.36735352492144,0.172132500940406,0.0206669858513017,0
2.7866573546373,2.70715801536846,-0.585251593122998,0.172649585037866,0.517147677744844,2.36635664973438,0.172649585037866,0.0208332067346324,0
2.78765723169315,2.70814298284279,-0.585079566441811,0.173166669135326,0.517147677744844,2.36535973715638,0.173166669135326,0.0210004833930739,0
2.78865710874899,2.70912786123318,-0.584907030472627,0.173683753232786,0.517147677744844,2.36436278740686,0.173683753232786,0.0211688149289792,0
2.78965698580483,2.71011265027631,-0.584733985261578,0.174200837330246,0.517147677744844,2.36336580070553,0.174200837330246,0.0213382004400038,0
2.79065686286068,2.71109734970886,-0.584560430854933,0.174717921427707,0.517147677744844,2.36236877727232,0.174717921427707,0.0215086390191275,0
2.79165673991652,2.71208195926754,-0.584386367299094,0.175235005525167,0.517147677744844,2.36137171732747,0.175235005525167,0.0216801297546771,0
2.79265661697237,2.71306647868911,-0.584211794640604,0.175752089622627,0.517147677744844,2.36037462109146,0.175752089622627,0.0218526717303472,0
2.79365649402821,2.71405090771031,-0.584036712926138,0.176269173720087,0.517147677744844,2.35937748878504,0.176269173720087,0.0220262640252226,0
2.79465637108405,2.71503524606794,-0.583861122202509,0.176786257817547,0.517147677744844,2.35838032062926,0.176786257817547,0.0222009057138,0
2.7956562481399,2.71601949349881,-0.583685022516666,0.177303341915008,0.517147677744844,2.35738311684539,0.177303341915008,0.0223765958660106,0
2.79665612519574,2.71700364973976,-0.583508413915693,0.177820426012468,0.517147677744844,2.35638587765502,0.177820426012468,0.0225533335472413,0
2.79765600225159,2.71798771452764,-0.583331296446812,0.178337510109928,0.517147677744844,2.35538860327996,0.178337510109928,0.0227311178183573,0
2.79865587930743,2.71897168759934,-0.58315367015738,0.178854594207388,0.517147677744844,2.35439129394233,0.178854594207388,0.0229099477357244,0
2.79965575636327,2.71995556869176,-0.582975535094889,0.179371678304848,0.517147677744844,2.35339394986451,0.179371678304848,0.0230898223512315,0
2.80065563341912,2.72093935754186,-0.582796891306968,0.179888762402308,0.517147677744844,2.35239657126914,0.179888762402308,0.0232707407123122,0
2.80165551047496,2.72192305388657,-0.582617738841383,0.180405846499768,0.517147677744844,2.35139915837914,0.180405846499768,0.0234527018619677,0
2.80265538753081,2.72290665746289,-0.582438077746035,0.180922930597228,0.517147677744844,2.35040171141772,0.180922930597228,0.0236357048387891,0
2.80365526458665,2.72389016800782,-0.58225790806896,0.181440014694689,0.517147677744844,2.34940423060833,0.181440014694689,0.0238197486769803,0
2.80465514164249,2.7248735852584,-0.582077229858332,0.181957098792149,0.517147677744844,2.34840671617472,0.181957098792149,0.0240048324063802,0
2.80565501869834,2.72585690895168,-0.58189604316246,0.182474182889609,0.517147677744844,2.34740916834091,0.182474182889609,0.0241909550524848,0
2.80665489575418,2.72684013882474,-0.581714348029788,0.182991266987069,0.517147677744844,2.34641158733118,0.182991266987069,0.0243781156364711,0
2.80765477281003,2.7278232746147,-0.581532144508898,0.183508351084529,0.517147677744844,2.34541397337011,0.183508351084529,0.0245663131752185,0
2.80865464986587,2.72880631605869,-0.581349432648507,0.18402543518199,0.517147677744844,2.34441632668253,0.18402543518199,0.024755546681333,0
2.80965452692171,2.72978926289387,-0.581166212497467,0.18454251927945,0.517147677744844,2.34341864749358,0.18454251927945,0.0249458151631687,0
2.81065440397756,2.73077211485741,-0.580982484104766,0.18505960337691,0.517147677744844,2.34242093602863,0.18505960337691,0.0251371176248516,0
2.8116542810334,2.73175487168653,-0.58079824751953,0.18557668747437,0.517147677744844,2.34142319251337,0.18557668747437,0.0253294530663013,0
2.81265415808925,2.73273753311847,-0.580613502791019,0.18609377157183,0.517147677744844,2.34042541717376,0.18609377157183,0.0255228204832563,0
2.81365403514509,2.73372009889048,-0.580428249968629,0.18661085566929,0.517147677744844,2.33942761023602,0.18661085566929,0.0257172188672941,0
2.81465391220093,2.73470256873985,-0.580242489101892,0.18712793976675,0.517147677744844,2.33842977192667,0.18712793976675,0.0259126472058563,0
2.81565378925678,2.73568494240389,-0.580056220240477,0.187645023864211,0.517147677744844,2.33743190247249,0.18764502386421,0.0261091044822711,0
2.81665366631262,2.73666721961993,-0.579869443434186,0.188162107961671,0.517147677744844,2.33643400210056,0.188162107961671,0.0263065896757764,0
2.81765354336847,2.73764940012534,-0.579682158732961,0.188679192059131,0.517147677744844,2.33543607103824,0.188679192059131,0.026505101761543,0
2.81865342042431,2.73863148365752,-0.579494366186875,0.189196276156591,0.517147677744844,2.33443810951315,0.189196276156591,0.0267046397106975,0
2.81965329748015,2.73961346995386,-0.579306065846141,0.189713360254051,0.517147677744844,2.33344011775322,0.189713360254051,0.0269052024903469,0
2.820653174536,2.74059535875182,-0.579117257761105,0.190230444351511,0.517147677744844,2.33244209598665,0.190230444351511,0.0271067890635994,0
2.82165305159184,2.74157714978885,-0.578927941982251,0.190747528448972,0.517147677744844,2.33144404444191,0.190747528448972,0.0273093983895906,0
2.82265292864769,2.74255884280246,-0.578738118560196,0.191264612546432,0.517147677744844,2.33044596334778,0.191264612546432,0.0275130294235045,0
2.82365280570353,2.74354043753016,-0.578547787545695,0.191781696643892,0.517147677744844,2.32944785293331,0.191781696643892,0.0277176811165987,0
2.82465268275937,2.74452193370949,-0.578356948989637,0.192298780741352,0.517147677744844,2.32844971342783,0.192298780741352,0.0279233524162262,0
2.82565255981522,2.74550333107804,-0.578165602943049,0.192815864838812,0.517147677744844,2.32745154506098,0.192815864838812,0.0281300422658608,0
2.82665243687106,2.74648462937339,-0.577973749457092,0.193332948936272,0.517147677744844,2.32645334806265,0.193332948936273,0.0283377496051184,0
2.82765231392691,2.74746582833316,-0.577781388583062,0.193850033033733,0.517147677744844,2.32545512266304,0.193850033033732,0.0285464733697823,0
2.82865219098275,2.74844692769502,-0.577588520372393,0.194367117131193,0.517147677744844,2.32445686909264,0.194367117131193,0.0287562124918261,0
2.8296520680386,2.74942792719664,-0.577395144876652,0.194884201228653,0.517147677744844,2.32345858758221,0.194884201228653,0.0289669658994368,0
2.83065194509444,2.75040882657572,-0.577201262147544,0.195401285326113,0.517147677744844,2.32246027836283,0.195401285326113,0.0291787325170396,0
2.83165182215028,2.75138962557,-0.577006872236909,0.195918369423573,0.517147677744844,2.32146194166582,0.195918369423573,0.0293915112653204,0
2.83265169920613,2.75237032391723,-0.576811975196721,0.196435453521033,0.517147677744844,2.32046357772284,0.196435453521033,0.02960530106125,0
2.83365157626197,2.75335092135519,-0.576616571079091,0.196952537618493,0.517147677744844,2.31946518676582,0.196952537618493,0.0298201008181074,0
2.83465145331782,2.7543314176217,-0.576420659936265,0.197469621715954,0.517147677744844,2.31846676902696,0.197469621715954,0.0300359094455044,0
2.83565133037366,2.7553118124546,-0.576224241820627,0.197986705813414,0.517147677744844,2.31746832473879,0.197986705813414,0.0302527258494081,0
2.8366512074295,2.75629210559175,-0.576027316784692,0.198503789910874,0.517147677744844,2.3164698541341,0.198503789910874,0.0304705489321656,0
2.83765108448535,2.75727229677105,-0.575829884881114,0.199020874008334,0.517147677744844,2.31547135744599,0.199020874008334,0.0306893775925279,0
2.83865096154119,2.75825238573042,-0.575631946162682,0.199537958105794,0.517147677744844,2.31447283490785,0.199537958105794,0.0309092107256722,0
2.83965083859704,2.7592323722078,-0.575433500682319,0.200055042203254,0.517147677744844,2.31347428675336,0.200055042203254,0.0311300472232277,0
2.84065071565288,2.76021225594117,-0.575234548493086,0.200572126300714,0.517147677744844,2.3124757132165,0.200572126300715,0.0313518859732976,0
2.84165059270872,2.76119203666854,-0.575035089648177,0.201089210398175,0.517147677744844,2.31147711453154,0.201089210398175,0.0315747258604846,0
2.84265046976457,2.76217171412793,-0.574835124200922,0.201606294495635,0.517147677744844,2.31047849093304,0.201606294495635,0.0317985657659134,0
2.84365034682041,2.7631512880574,-0.574634652204789,0.202123378593095,0.517147677744844,2.30947984265587,0.202123378593095,0.0320234045672556,0
2.84465022387626,2.76413075819503,-0.574433673713377,0.202640462690555,0.517147677744844,2.3084811699352,0.202640462690555,0.0322492411387519,0
2.8456501009321,2.76511012427894,-0.574232188780424,0.203157546788015,0.517147677744844,2.30748247300647,0.203157546788015,0.0324760743512383,0
2.84664997798794,2.76608938604728,-0.574030197459802,0.203674630885475,0.517147677744844,2.30648375210544,0.203674630885475,0.0327039030721691,0
2.84764985504379,2.7670685432382,-0.573827699805519,0.204191714982936,0.517147677744844,2.30548500746816,0.204191714982936,0.0329327261656395,0
2.84864973209963,2.76804759558991,-0.573624695871718,0.204708799080396,0.517147677744844,2.30448623933099,0.204708799080396,0.0331625424924107,0
2.84964960915548,2.76902654284063,-0.573421185712677,0.205225883177856,0.517147677744844,2.30348744793058,0.205225883177856,0.033393350909934,0
2.85064948621132,2.77000539769612,-0.573217231575687,0.205567689481827,0.275355476898382,2.30248863642792,0.205567689481827,0.0336252120617809,0
2.85164936326716,2.77098419449571,-0.57301299899846,0.205843011105379,0.275355476898382,2.30148981275372,0.205843011105379,0.0338582891212357,0
2.85264924032301,2.77196293502856,-0.572808496945053,0.206118332728931,0.275355476898382,2.30049097739135,0.206118332728931,0.0340925896127484,0
2.85364911737885,2.77294161922048,-0.572603725430968,0.206393654352482,0.275355476898382,2.29949213040135,0.206393654352482,0.0343281121628779,0
2.8546489944347,2.77392024699728,-0.572398684471727,0.206668975976034,0.275355476898382,2.29849327184432,0.206668975976034,0.0345648553930585,0
2.85564887149054,2.77489881828478,-0.572193374082872,0.206944297599586,0.275355476898382,2.29749440178096,0.206944297599586,0.0348028179196338,0
2.85664874854638,2.7758773330088,-0.571987794279966,0.207219619223138,0.275355476898382,2.29649552027199,0.207219619223137,0.0350419983538943,0
2.85764862560223,2.77685579109517,-0.571781945078593,0.207494940846689,0.275355476898382,2.29549662737826,0.207494940846689,0.0352823953021125,0
2.85864850265807,2.77783419246972,-0.571575826494356,0.207770262470241,0.275355476898382,2.29449772316065,0.207770262470241,0.0355240073655798,0
2.85964837971392,2.77881253705828,-0.57136943854288,0.208045584093793,0.275355476898382,2.29349880768015,0.208045584093793,0.0357668331406422,0
2.86064825676976,2.7797908247867,-0.571162781239809,0.208320905717344,0.275355476898382,2.2924998809978,0.208320905717344,0.0360108712187361,0
2.8616481338256,2.78076905558082,-0.570955854600809,0.208596227340896,0.275355476898382,2.29150094317471,0.208596227340896,0.036256120186426,0
2.86264801088145,2.78174722936648,-0.570748658641563,0.208871548964448,0.275355476898382,2.29050199427209,0.208871548964448,0.0365025786254388,0
2.86364788793729,2.78272534606955,-0.57054119337778,0.209146870588,0.275355476898382,2.2895030343512,0.209146870588,0.0367502451127014,0
2.86464776499314,2.78370340561586,-0.570333458825184,0.209422192211551,0.275355476898382,2.28850406347339,0.209422192211551,0.0369991182203768,0
2.86564764204898,2.7846814079313,-0.570125454999523,0.209697513835103,0.275355476898382,2.28750508170007,0.209697513835103,0.0372491965159002,0
2.86664751910482,2.78565935294172,-0.569917181916563,0.209972835458655,0.275355476898382,2.28650608909275,0.209972835458655,0.0375004785620155,0
2.86764739616067,2.78663724057299,-0.569708639592093,0.210248157082206,0.275355476898382,2.28550708571298,0.210248157082206,0.0377529629168111,0
2.86864727321651,2.78761507075099,-0.56949982804192,0.210523478705758,0.275355476898382,2.28450807162241,0.210523478705758,0.038006648133757,0
2.86964715027236,2.78859284340159,-0.569290747281872,0.21079880032931,0.275355476898382,2.28350904688276,0.21079880032931,0.0382615327617408,0
2.8706470273282,2.78957055845068,-0.569081397327798,0.211074121952862,0.275355476898382,2.28251001155583,0.211074121952862,0.0385176153451039,0
2.87164690438404,2.79054821582415,-0.568871778195568,0.211349443576413,0.275355476898382,2.28151096570349,0.211349443576413,0.0387748944236783,0
2.87264678143989,2.79152581544788,-0.56866188990107,0.211624765199965,0.275355476898382,2.28051190938767,0.211624765199965,0.0390333685328229,0
2.87364665849573,2.79250335724777,-0.568451732460215,0.211900086823517,0.275355476898382,2.27951284267042,0.211900086823517,0.0392930362034597,0
2.87464653555158,2.79348084114973,-0.568241305888933,0.212175408447068,0.275355476898382,2.27851376561382,0.212175408447068,0.0395538959621102,0
2.87564641260742,2.79445826707966,-0.568030610203176,0.21245073007062,0.275355476898382,2.27751467828005,0.21245073007062,0.0398159463309321,0
2.87664628966326,2.79543563496346,-0.567819645418913,0.212726051694172,0.275355476898382,2.27651558073136,0.212726051694172,0.0400791858277553,0
2.87764616671911,2.79641294472705,-0.567608411552137,0.213001373317724,0.275355476898382,2.27551647303008,0.213001373317724,0.0403436129661187,0
2.87864604377495,2.79739019629635,-0.567396908618859,0.213276694941275,0.275355476898382,2.27451735523861,0.213276694941276,0.0406092262553063,0
2.8796459208308,2.79836738959729,-0.567185136635112,0.213552016564827,0.275355476898382,2.27351822741944,0.213552016564827,0.0408760242003835,0
2.88064579788664,2.79934452455578,-0.566973095616949,0.213827338188379,0.275355476898382,2.27251908963513,0.213827338188379,0.0411440053022341,0
2.88164567494248,2.80032160109776,-0.566760785580443,0.21410265981193,0.275355476898382,2.27151994194832,0.21410265981193,0.0414131680575959,0
2.88264555199833,2.80129861914916,-0.566548206541687,0.214377981435482,0.275355476898382,2.27052078442171,0.214377981435482,0.0416835109590973,0
2.88364542905417,2.80227557863593,-0.566335358516795,0.214653303059034,0.275355476898382,2.2695216171181,0.214653303059034,0.0419550324952939,0
2.88464530611002,2.80325247948401,-0.566122241521901,0.214928624682586,0.275355476898382,2.26852244010037,0.214928624682586,0.0422277311507049,0
2.88564518316586,2.80422932161935,-0.565908855573161,0.215203946306137,0.275355476898382,2.26752325343145,0.215203946306137,0.0425016054058487,0
2.8866450602217,2.80520610496789,-0.56569520068675,0.215479267929689,0.275355476898382,2.26652405717438,0.215479267929689,0.0427766537372799,0
2.88764493727755,2.80618282945561,-0.565481276878862,0.215754589553241,0.275355476898382,2.26552485139226,0.215754589553241,0.0430528746176255,0
2.88864481433339,2.80715949500846,-0.565267084165713,0.216029911176793,0.275355476898382,2.26452563614828,0.216029911176792,0.043330266515621,0
2.88964469138924,2.80813610155241,-0.56505262256354,0.216305232800344,0.275355476898382,2.26352641150569,0.216305232800345,0.043608827896146,0
2.89064456844508,2.80911264901343,-0.5648378920886,0.216580554423896,0.275355476898382,2.26252717752783,0.216580554423896,0.043888557220262,0
2.89164444550092,2.81008913731749,-0.564622892757169,0.216855876047448,0.275355476898382,2.26152793427814,0.216855876047448,0.0441694529452471,0
2.89264432255677,2.81106556639058,-0.564407624585545,0.217131197670999,0.275355476898382,2.26052868182009,0.217131197670999,0.0444515135246324,0
2.89364419961261,2.81204193615868,-0.564192087590046,0.217406519294551,0.275355476898382,2.25952942021729,0.217406519294551,0.0447347374082391,0
2.89464407666846,2.81301824654778,-0.563976281787009,0.217681840918103,0.275355476898382,2.25853014953338,0.217681840918103,0.0450191230422136,0
2.8956439537243,2.81399449748387,-0.563760207192794,0.217957162541655,0.275355476898382,2.25753086983209,0.217957162541655,0.0453046688690633,0
2.89664383078014,2.81497068889296,-0.563543863823779,0.218232484165206,0.275355476898382,2.25653158117726,0.218232484165206,0.0455913733276937,0
2.89764370783599,2.81594682070104,-0.563327251696363,0.218507805788758,0.275355476898382,2.25553228363278,0.218507805788758,0.0458792348534438,0
2.89864358489183,2.81692289283412,-0.563110370826966,0.21878312741231,0.275355476898382,2.25453297726262,0.21878312741231,0.0461682518781226,0
2.89964346194768,2.81789890521821,-0.562893221232028,0.219058449035861,0.275355476898382,2.25353366213084,0.219058449035861,0.0464584228300432,0
2.90064333900352,2.81887485777934,-0.56267580292801,0.219333770659413,0.275355476898382,2.25253433830159,0.219333770659413,0.0467497461340615,0
2.90164321605937,2.81985075044351,-0.562458115931392,0.219609092282965,0.275355476898382,2.25153500583908,0.219609092282965,0.0470422202116093,0
2.90264309311521,2.82082658313676,-0.562240160258674,0.219884413906517,0.275355476898382,2.25053566480762,0.219884413906517,0.0473358434807319,0
2.90364297017105,2.82180235578512,-0.56202193592638,0.220159735530068,0.275355476898382,2.24953631527159,0.220159735530068,0.0476306143561235,0
2.9046428472269,2.82277806831462,-0.56180344295105,0.22043505715362,0.275355476898382,2.24853695729545,0.22043505715362,0.047926531249162,0
2.90564272428274,2.8237537206513,-0.561584681349247,0.220710378777172,0.275355476898382,2.24753759094374,0.220710378777172,0.0482235925679455,0
2.90664260133859,2.8247293127212,-0.561365651137553,0.220985700400723,0.275355476898382,2.2465382162811,0.220985700400723,0.0485217967173279,0
2.90764247839443,2.82570484445037,-0.561146352332572,0.221261022024275,0.275355476898382,2.24553883337223,0.221261022024275,0.0488211420989541,0
2.90864235545027,2.82668031576487,-0.560926784950926,0.221536343647827,0.275355476898382,2.24453944228193,0.221536343647827,0.0491216271112954,0
2.90964223250612,2.82765572659075,-0.560706949009259,0.221811665271379,0.275355476898382,2.24354004307506,0.221811665271379,0.0494232501496855,0
2.91064210956196,2.82863107685407,-0.560486844524235,0.22208698689493,0.275355476898382,2.24254063581659,0.22208698689493,0.0497260096063552,0
2.91164198661781,2.8296063664809,-0.560266471512539,0.222362308518482,0.275355476898382,2.24154122057154,0.222362308518482,0.0500299038704686,0
2.91264186367365,2.83058159539731,-0.560045829990875,0.222637630142034,0.275355476898382,2.24054179740505,0.222637630142034,0.0503349313281574,0
2.91364174072949,2.83155676352938,-0.559824919975969,0.222912951765585,0.275355476898382,2.23954236638231,0.222912951765585,0.0506410903625563,0
2.91464161778534,2.83253187080318,-0.559603741484565,0.223188273389137,0.275355476898382,2.23854292756862,0.223188273389137,0.050948379353839,0
2.91564149484118,2.83350691714481,-0.55938229453343,0.223463595012689,0.275355476898382,2.23754348102933,0.223463595012689,0.0512567966792525,0
2.91664137189703,2.83448190248035,-0.559160579139349,0.223738916636241,0.275355476898382,2.23654402682992,0.223738916636241,0.051566340713152,0
2.91764124895287,2.8354568267359,-0.55893859531913,0.224014238259792,0.275355476898382,2.2355445650359,0.224014238259792,0.0518770098270365,0
2.91864112600871,2.83643168983754,-0.558716343089598,0.224289559883344,0.275355476898382,2.23454509571291,0.224289559883344,0.0521888023895835,0
2.91964100306456,2.8374064917114,-0.558493822467602,0.224564881506896,0.275355476898382,2.23354561892666,0.224564881506896,0.0525017167666828,0
2.9206408801204,2.83838123228357,-0.558271033470008,0.224840203130447,0.275355476898382,2.23254613474292,0.224840203130448,0.0528157513214736,0
2.92164075717625,2.83935591148017,-0.558047976113704,0.225115524753999,0.275355476898382,2.23154664322758,0.225115524753999,0.0531309044143765,0
2.92264063423209,2.84033052922732,-0.557824650415599,0.225390846377551,0.275355476898382,2.23054714444659,0.225390846377551,0.0534471744031298,0
2.92364051128793,2.84130508545114,-0.557601056392622,0.225666168001103,0.275355476898382,2.22954763846599,0.225666168001103,0.0537645596428239,0
2.92464038834378,2.84227958007775,-0.55737719406172,0.225941489624654,0.275355476898382,2.22854812535193,0.225941489624654,0.0540830584859349,0
2.92564026539962,2.84325401303328,-0.557153063439864,0.226216811248206,0.275355476898382,2.2275486051706,0.226216811248206,0.0544026692823599,0
2.92664014245547,2.84422838424388,-0.556928664544042,0.226492132871758,0.275355476898382,2.2265490779883,0.226492132871758,0.0547233903794513,0
2.92764001951131,2.84520269363568,-0.556703997391266,0.226767454495309,0.275355476898382,2.22554954387143,0.22676745449531,0.0550452201220495,0
2.92863989656715,2.84617694113483,-0.556479061998564,0.227042776118861,0.275355476898382,2.22455000288645,0.227042776118861,0.0553681568525199,0
2.929639773623,2.84715112666748,-0.556253858382987,0.227318097742413,0.275355476898382,2.22355045509992,0.227318097742413,0.0556921989107844,0
2.93063965067884,2.84812525015978,-0.556028386561607,0.227593419365965,0.275355476898382,2.22255090057848,0.227593419365965,0.0560173446343567,0
2.93163952773469,2.84909931153789,-0.555802646551514,0.227868740989516,0.275355476898382,2.22155133938886,0.227868740989516,0.0563435923583757,0
2.93263940479053,2.85007331072798,-0.555576638369821,0.228144062613068,0.275355476898382,2.22055177159787,0.228144062613068,0.0566709404156398,0
2.93363928184637,2.85104724765622,-0.555350362033659,0.22841938423662,0.275355476898382,2.21955219727242,0.22841938423662,0.0569993871366401,0
2.93463915890222,2.85202112224877,-0.555123817560179,0.228694705860171,0.275355476898382,2.21855261647949,0.228694705860172,0.0573289308495949,0
2.93563903595806,2.85299493443182,-0.554897004966555,0.228970027483723,0.275355476898382,2.21755302928617,0.228970027483723,0.0576595698804827,0
2.93663891301391,2.85396868413156,-0.55466992426998,0.229245349107275,0.275355476898382,2.2165534357596,0.229245349107275,0.0579913025530751,0
2.93763879006975,2.85494237127416,-0.554442575487667,0.229520670730827,0.275355476898382,2.21555383596705,0.229520670730827,0.0583241271889715,0
2.93863866712559,2.85591599578582,-0.554214958636849,0.229795992354378,0.275355476898382,2.21455422997585,0.229795992354378,0.0586580421076315,0
2.93963854418144,2.85688955759275,-0.553987073734779,0.23007131397793,0.275355476898382,2.21355461785343,0.23007131397793,0.0589930456264085,0
2.94063842123728,2.85786305662113,-0.553758920798733,0.230346635601482,0.275355476898382,2.2125549996673,0.230346635601482,0.0593291360605831,0
2.94163829829313,2.85883649279718,-0.553530499846005,0.230621957225034,0.275355476898382,2.21155537548506,0.230621957225034,0.0596663117233954,0
2.94263817534897,2.85980986604711,-0.553301810893909,0.230897278848585,0.275355476898382,2.2105557453744,0.230897278848585,0.0600045709260779,0
2.94363805240481,2.86078317629713,-0.55307285395978,0.231172600472137,0.275355476898382,2.20955610940311,0.231172600472137,0.0603439119778904,0
2.94463792946066,2.86175642347347,-0.552843629060974,0.231447922095689,0.275355476898382,2.20855646763905,0.231447922095688,0.0606843331861491,0
2.9456378065165,2.86272960750236,-0.552614136214867,0.23172324371924,0.275355476898382,2.20755682015017,0.23172324371924,0.0610258328562636,0
2.94663768357235,2.86370272831001,-0.552384375438854,0.231998565342792,0.275355476898382,2.20655716700453,0.231998565342792,0.0613684092917656,0
2.94763756062819,2.86467578582268,-0.552154346750352,0.232273886966344,0.275355476898382,2.20555750827026,0.232273886966344,0.0617120607943429,0
2.94863743768403,2.86564877996659,-0.551924050166798,0.232549208589895,0.275355476898382,2.20455784401558,0.232549208589895,0.0620567856638732,0
2.94963731473988,2.866621710668,-0.551693485705648,0.232824530213447,0.275355476898382,2.20355817430881,0.232824530213447,0.0624025821984537,0
2.95063719179572,2.86759457785315,-0.55146265338438,0.233099851836999,0.275355476898382,2.20255849921835,0.233099851836999,0.0627494486944358,0
2.95163706885157,2.8685673814483,-0.551231553220491,0.233375173460551,0.275355476898382,2.20155881881271,0.233375173460551,0.0630973834464545,0
2.95263694590741,2.86954012137971,-0.551000185231499,0.233650495084102,0.275355476898382,2.20055913316046,0.233650495084103,0.0634463847474636,0
2.95363682296325,2.87051279757365,-0.550768549434942,0.233925816707654,0.275355476898382,2.19955944233028,0.233925816707654,0.063796450888764,0
2.9546367000191,2.87148540995637,-0.550536645848379,0.234201138331206,0.275355476898382,2.19855974639094,0.234201138331206,0.0641475801600387,0
2.95563657707494,2.87245795845416,-0.550304474489389,0.234476459954757,0.275355476898382,2.19756004541129,0.234476459954757,0.0644997708493823,0
2.95663645413079,2.87343044299329,-0.55007203537557,0.234751781578309,0.275355476898382,2.19656033946029,0.234751781578309,0.0648530212433339,0
2.95763633118663,2.87440286350006,-0.549839328524542,0.235027103201861,0.275355476898382,2.19556062860698,0.235027103201861,0.0652073296269066,0
2.95863620824247,2.87537521990074,-0.549606353953944,0.235302424825413,0.275355476898382,2.19456091292049,0.235302424825413,0.0655626942836215,0
2.95963608529832,2.87634751212163,-0.549373111681437,0.235577746448964,0.275355476898382,2.19356119247003,0.235577746448965,0.0659191134955368,0
2.96063596235416,2.87731974008902,-0.5491396017247,0.235853068072516,0.275355476898382,2.19256146732494,0.235853068072516,0.06627658554328,0
2.96163583941001,2.87829190372924,-0.548905824101435,0.236128389696068,0.275355476898382,2.19156173755461,0.236128389696068,0.0666351087060784,0
2.96263571646585,2.87926400296857,-0.548671778829362,0.23640371131962,0.275355476898382,2.19056200322855,0.23640371131962,0.0669946812617904,0
2.96363559352169,2.88023603773333,-0.548437465926221,0.236679032943171,0.275355476898382,2.18956226441635,0.236679032943171,0.0673553014869357,0
2.96463547057754,2.88120800794985,-0.548202885409776,0.236954354566723,0.275355476898382,2.1885625211877,0.236954354566723,0.0677169676567266,0
2.96563534763338,2.88217991354444,-0.547968037297806,0.237229676190275,0.275355476898382,2.18756277361237,0.237229676190275,0.068079678045098,0
2.96663522468923,2.88315175444342,-0.547732921608115,0.237504997813826,0.275355476898382,2.18656302176025,0.237504997813827,0.0684434309247386,0
2.96763510174507,2.88412353057315,-0.547497538358524,0.237780319437378,0.275355476898382,2.18556326570129,0.237780319437378,0.0688082245671203,0
2.96863497880091,2.88509524185994,-0.547261887566875,0.23805564106093,0.275355476898382,2.18456350550555,0.23805564106093,0.0691740572425289,0
2.96963485585676,2.88606688823015,-0.547025969251033,0.238330962684482,0.275355476898382,2.1835637412432,0.238330962684482,0.0695409272200944,0
2.9706347329126,2.88703846961012,-0.546789783428879,0.238606284308033,0.275355476898382,2.18256397298447,0.238606284308033,0.0699088327678206,0
2.97163460996845,2.8880099859262,-0.546553330118318,0.238881605931585,0.275355476898382,2.18156420079971,0.238881605931585,0.0702777721526153,0
2.97263448702429,2.88898143710475,-0.546316609337272,0.239156927555137,0.275355476898382,2.18056442475935,0.239156927555137,0.0706477436403194,0
2.97363436408014,2.88995282307214,-0.546079621103685,0.239432249178688,0.275355476898382,2.17956464493394,0.239432249178688,0.0710187454957373,0
2.97463424113598,2.89092415353022,-0.545842405451076,0.239604577407685,0.146597903106943,2.17856486195633,0.239604577407685,0.0713908142072975,0
2.97563411819182,2.89189544859585,-0.545605044922545,0.239751157287436,0.146597903106943,2.17756507702889,0.239751157287436,0.0717640267795486,0
2.97663399524767,2.89286670885876,-0.545367542024251,0.239897737167188,0.146597903106943,2.17656529020594,0.239897737167188,0.0721383836853011,0
2.97763387230351,2.8938379342981,-0.545129896761296,0.240044317046939,0.146597903106943,2.17556550150638,0.240044317046939,0.0725138830055282,0
2.97863374935936,2.89480912489298,-0.544892109138787,0.240190896926691,0.146597903106943,2.1745657109491,0.240190896926691,0.0728905228196327,0
2.9796336264152,2.89578028062255,-0.544654179161832,0.240337476806442,0.146597903106943,2.17356591855305,0.240337476806442,0.0732683012054828,0
2.98063350347104,2.89675140146595,-0.544416106835544,0.240484056686194,0.146597903106943,2.17256612433717,0.240484056686194,0.0736472162394514,0
2.98163338052689,2.89772248740229,-0.544177892165037,0.240630636565945,0.146597903106943,2.17156632832046,0.240630636565945,0.0740272659964495,0
2.98263325758273,2.89869353841073,-0.54393953515543,0.240777216445697,0.146597903106943,2.17056653052191,0.240777216445697,0.0744084485499658,0
2.98363313463858,2.89966455447039,-0.543701035811844,0.240923796325448,0.146597903106943,2.16956673096057,0.240923796325448,0.0747907619721007,0
2.98463301169442,2.90063553556042,-0.543462394139404,0.2410703762052,0.146597903106943,2.16856692965549,0.2410703762052,0.0751742043336036,0
2.98563288875026,2.90160648165994,-0.543223610143236,0.241216956084951,0.146597903106943,2.16756712662575,0.241216956084951,0.0755587737039093,0
2.98663276580611,2.90257739274811,-0.542984683828472,0.241363535964703,0.146597903106943,2.16656732189046,0.241363535964703,0.0759444681511734,0
2.98763264286195,2.90354826880406,-0.542745615200244,0.241510115844454,0.146597903106943,2.16556751546876,0.241510115844454,0.0763312857423085,0
2.9886325199178,2.90451910980693,-0.542506404263689,0.241656695724206,0.146597903106943,2.16456770737981,0.241656695724206,0.076719224543019,0
2.98963239697364,2.90548991573585,-0.542267051023948,0.241803275603957,0.146597903106943,2.16356789764279,0.241803275603957,0.077108282617837,0
2.99063227402948,2.90646068656998,-0.542027555486162,0.241949855483709,0.146597903106943,2.1625680862769,0.241949855483709,0.0774984580301591,0
2.99163215108533,2.90743142228845,-0.541787917655477,0.24209643536346,0.146597903106943,2.1615682733014,0.24209643536346,0.0778897488422791,0
2.99263202814117,2.90840212287041,-0.541548137537042,0.242243015243212,0.146597903106943,2.16056845873553,0.242243015243212,0.0782821531154256,0
2.99363190519702,2.909372788295,-0.541308215136009,0.242389595122963,0.146597903106943,2.1595686425986,0.242389595122964,0.0786756689097944,0
2.99463178225286,2.91034341854137,-0.541068150457533,0.242536175002715,0.146597903106943,2.1585688249099,0.242536175002715,0.0790702942845845,0
2.9956316593087,2.91131401358866,-0.540827943506771,0.242682754882466,0.146597903106943,2.15756900568878,0.242682754882466,0.079466027298034,0
2.99663153636455,2.91228457341601,-0.540587594288885,0.242829334762218,0.146597903106943,2.15656918495461,0.242829334762218,0.079862866007452,0
2.99763141342039,2.91325509800258,-0.540347102809039,0.242975914641969,0.146597903106943,2.15556936272678,0.242975914641969,0.080260808469255,0
2.99863129047624,2.91422558732751,-0.5401064690724,0.243122494521721,0.146597903106943,2.1545695390247,0.243122494521721,0.0806598527389994,0
2.99963116753208,2.91519604136995,-0.539865693084137,0.243269074401472,0.146597903106943,2.15356971386782,0.243269074401472,0.0810599968714173,0
3.00063104458792,2.91616646010905,-0.539624774849426,0.243415654281224,0.146597903106943,2.15256988727561,0.243415654281224,0.0814612389204485,0
3.00163092164377,2.91713684352396,-0.53938371437344,0.243562234160975,0.146597903106943,2.15157005926756,0.243562234160975,0.0818635769392749,0
3.00263079869961,2.91810719159383,-0.539142511661361,0.243708814040727,0.146597903106943,2.1505702298632,0.243708814040727,0.0822670089803555,0
3.00363067575546,2.91907750429781,-0.538901166718369,0.243855393920478,0.146597903106943,2.14957039908207,0.243855393920478,0.0826715330954571,0
3.0046305528113,2.92004778161506,-0.538659679549652,0.24400197380023,0.146597903106943,2.14857056694375,0.24400197380023,0.0830771473356893,0
3.00563042986714,2.92101802352472,-0.538418050160397,0.244148553679981,0.146597903106943,2.14757073346784,0.244148553679981,0.0834838497515368,0
3.00663030692299,2.92198823000595,-0.538176278555796,0.244295133559733,0.146597903106943,2.14657089867397,0.244295133559733,0.0838916383928938,0
3.00763018397883,2.9229584010379,-0.537934364741043,0.244441713439484,0.146597903106943,2.1455710625818,0.244441713439484,0.084300511309094,0
3.00863006103468,2.92392853659974,-0.537692308721336,0.244588293319236,0.146597903106943,2.144571225211,0.244588293319236,0.0847104665489459,0
3.00962993809052,2.92489863667061,-0.537450110501877,0.244734873198987,0.146597903106943,2.14357138658128,0.244734873198987,0.085121502160763,0
3.01062981514636,2.92586870122967,-0.537207770087867,0.244881453078739,0.146597903106943,2.14257154671238,0.244881453078739,0.0855336161923979,0
3.01162969220221,2.92683873025609,-0.536965287484516,0.24502803295849,0.146597903106943,2.14157170562406,0.24502803295849,0.085946806691274,0
3.01262956925805,2.92780872372901,-0.536722662697032,0.245174612838242,0.146597903106943,2.1405718633361,0.245174612838242,0.0863610717044153,0
3.0136294463139,2.9287786816276,-0.536479895730628,0.245321192717993,0.146597903106943,2.13957201986833,0.245321192717993,0.0867764092784825,0
3.01462932336974,2.92974860393101,-0.53623698659052,0.245467772597745,0.146597903106943,2.13857217524059,0.245467772597745,0.0871928174597999,0
3.01562920042558,2.93071849061842,-0.535993935281928,0.245614352477496,0.146597903106943,2.13757232947274,0.245614352477496,0.0876102942943898,0
3.01662907748143,2.93168834166897,-0.535750741810074,0.245760932357248,0.146597903106943,2.13657248258469,0.245760932357248,0.0880288378280032,0
3.01762895453727,2.93265815706184,-0.535507406180182,0.245907512236999,0.146597903106943,2.13557263459635,0.245907512236999,0.0884484461061505,0
3.01862883159312,2.93362793677618,-0.535263928397481,0.246054092116751,0.146597903106943,2.13457278552768,0.246054092116751,0.0888691171741329,0
3.01962870864896,2.93459768079116,-0.535020308467203,0.246200671996502,0.146597903106943,2.13357293539865,0.246200671996502,0.0892908490770731,0
3.0206285857048,2.93556738908594,-0.534776546394581,0.246347251876254,0.146597903106943,2.13257308422928,0.246347251876254,0.0897136398599452,0
3.02162846276065,2.93653706163968,-0.534532642184853,0.246493831756005,0.146597903106943,2.13157323203959,0.246493831756005,0.0901374875676066,0
3.02262833981649,2.93750669843156,-0.534288595843259,0.246640411635757,0.146597903106943,2.13057337884965,0.246640411635757,0.0905623902448268,0
3.02362821687234,2.93847629944074,-0.534044407375044,0.246786991515508,0.146597903106943,2.12957352467955,0.246786991515508,0.090988345936319,0
3.02462809392818,2.93944586464639,-0.533800076785452,0.24693357139526,0.146597903106943,2.1285736695494,0.24693357139526,0.0914153526867696,0
3.02562797098402,2.94041539402768,-0.533555604079735,0.247080151275011,0.146597903106943,2.12757381347935,0.247080151275011,0.0918434085408664,0
3.02662784803987,2.94138488756377,-0.533310989263144,0.247226731154763,0.146597903106943,2.12657395648957,0.247226731154763,0.0922725115433312,0
3.02762772509571,2.94235434523383,-0.533066232340937,0.247373311034514,0.146597903106943,2.12557409860025,0.247373311034514,0.0927026597389461,0
3.02862760215156,2.94332376701704,-0.53282133331837,0.247519890914266,0.146597903106943,2.12457423983163,0.247519890914266,0.0931338511725864,0
3.0296274792074,2.94429315289256,-0.532576292200706,0.247666470794017,0.146597903106943,2.12357438020396,0.247666470794017,0.0935660838892465,0
3.03062735626324,2.94526250283958,-0.53233110899321,0.247813050673769,0.146597903106943,2.12257451973753,0.247813050673769,0.0939993559340699,0
3.03162723331909,2.94623181683725,-0.53208578370115,0.24795963055352,0.146597903106943,2.12157465845265,0.24795963055352,0.0944336653523796,0
3.03262711037493,2.94720109486476,-0.531840316329796,0.248106210433272,0.146597903106943,2.12057479636966,0.248106210433272,0.0948690101897038,0
3.03362698743078,2.94817033690128,-0.531594706884424,0.248252790313023,0.146597903106943,2.11957493350892,0.248252790313023,0.0953053884918079,0
3.03462686448662,2.94913954292599,-0.531348955370309,0.248399370192775,0.146597903106943,2.11857506989083,0.248399370192775,0.0957427983047199,0
3.03562674154246,2.95010871291805,-0.531103061792732,0.248545950072526,0.146597903106943,2.11757520553583,0.248545950072526,0.0961812376747594,0
3.03662661859831,2.95107784685665,-0.530857026156977,0.248692529952278,0.146597903106943,2.11657534046435,0.248692529952278,0.0966207046485658,0
3.03762649565415,2.95204694472097,-0.530610848468329,0.248839109832029,0.146597903106943,2.11557547469689,0.248839109832029,0.0970611972731271,0
3.03862637271,2.95301600649018,-0.530364528732077,0.248985689711781,0.146597903106943,2.11457560825396,0.248985689711781,0.0975027135958052,0
3.03962624976584,2.95398503214347,-0.530118066953515,0.249132269591532,0.146597903106943,2.11357574115609,0.249132269591532,0.0979452516643666,0
3.04062612682168,2.95495402166,-0.529871463137937,0.249278849471284,0.146597903106943,2.11257587342385,0.249278849471284,0.0983888095270057,0
3.04162600387753,2.95592297501897,-0.529624717290642,0.249425429351035,0.146597903106943,2.11157600507784,0.249425429351035,0.0988333852323756,0
3.04262588093337,2.95689189219955,-0.529377829416932,0.249572009230787,0.146597903106943,2.11057613613869,0.249572009230787,0.099278976829613,0
3.04362575798922,2.95786077318093,-0.529130799522111,0.249718589110538,0.146597903106943,2.10957626662704,0.249718589110538,0.0997255823683662,0
3.04462563504506,2.95882961794229,-0.528883627611486,0.24986516899029,0.146597903106943,2.10857639656359,0.24986516899029,0.10017319989882,0
3.04562551210091,2.95979842646281,-0.528636313690368,0.250011748870041,0.146597903106943,2.10757652596905,0.250011748870041,0.100621827471725,0
3.04662538915675,2.96076719872168,-0.528388857764071,0.250158328749793,0.146597903106943,2.10657665486415,0.250158328749793,0.10107146313842,0
3.04762526621259,2.96173593469808,-0.528141259837912,0.250304908629544,0.146597903106943,2.10557678326968,0.250304908629544,0.101522104950863,0
3.04862514326844,2.9627046343712,-0.527893519917211,0.250451488509296,0.146597903106943,2.10457691120642,0.250451488509296,0.101973750961652,0
3.04962502032428,2.96367329772023,-0.527645638007289,0.250598068389047,0.146597903106943,2.10357703869521,0.250598068389047,0.102426399224056,0
3.05062489738013,2.96464192472435,-0.527397614113474,0.250744648268799,0.146597903106943,2.10257716575691,0.250744648268799,0.102880047792036,0
3.05162477443597,2.96561051536275,-0.527149448241094,0.25089122814855,0.146597903106943,2.10157729241241,0.25089122814855,0.103334694720272,0
3.05262465149181,2.96657906961463,-0.526901140395482,0.251037808028302,0.146597903106943,2.10057741868263,0.251037808028302,0.103790338064191,0
3.05362452854766,2.96754758745916,-0.526652690581972,0.251184387908053,0.146597903106943,2.09957754458851,0.251184387908053,0.104246975879989,0
3.0546244056035,2.96851606887554,-0.526404098805901,0.251330967787805,0.146597903106943,2.09857767015103,0.251330967787805,0.104704606224655,0
3.05562428265935,2.96948451384297,-0.526155365072613,0.251477547667556,0.146597903106943,2.0975777953912,0.251477547667556,0.105163227156002,0
3.05662415971519,2.97045292234064,-0.52590648938745,0.251624127547308,0.146597903106943,2.09657792033005,0.251624127547308,0.105622836732682,0
3.05762403677103,2.97142129434773,-0.525657471755761,0.251770707427059,0.146597903106943,2.09557804498866,0.251770707427059,0.10608343301422,0
3.05862391382688,2.97238962984344,-0.525408312182894,0.251917287306811,0.146597903106943,2.09457816938812,0.251917287306811,0.106545014061032,0
3.05962379088272,2.97335792880698,-0.525159010674204,0.252063867186562,0.146597903106943,2.09357829354955,0.252063867186562,0.107007577934452,0
3.06062366793857,2.97432619121752,-0.524909567235048,0.252210447066314,0.146597903106943,2.09257841749412,0.252210447066314,0.107471122696755,0
3.06162354499441,2.97529441705428,-0.524659981870784,0.252357026946065,0.146597903106943,2.09157854124301,0.252357026946065,0.107935646411181,0
3.06262342205025,2.97626260629644,-0.524410254586775,0.252503606825817,0.146597903106943,2.09057866481744,0.252503606825817,0.108401147141957,0
3.0636232991061,2.9772307589232,-0.524160385388386,0.252650186705568,0.146597903106943,2.08957878823865,0.252650186705568,0.108867622954326,0
3.06462317616194,2.97819887491377,-0.523910374280987,0.25279676658532,0.146597903106943,2.08857891152793,0.25279676658532,0.109335071914563,0
3.06562305321779,2.97916695424734,-0.523660221269948,0.252943346465071,0.146597903106943,2.08757903470658,0.252943346465071,0.109803492090001,0
3.06662293027363,2.98013499690311,-0.523409926360645,0.253089926344823,0.146597903106943,2.08657915779595,0.253089926344823,0.110272881549059,0
3.06762280732947,2.98110300286028,-0.523159489558456,0.253236506224574,0.146597903106943,2.0855792808174,0.253236506224574,0.110743238361254,0
3.06862268438532,2.98207097209806,-0.52290891086876,0.253383086104326,0.146597903106943,2.08457940379234,0.253383086104326,0.111214560597236,0
3.06962256144116,2.98303890459564,-0.522658190296943,0.253529665984077,0.146597903106943,2.08357952674219,0.253529665984077,0.1116868463288,0
3.07062243849701,2.98400680033224,-0.52240732784839,0.253676245863829,0.146597903106943,2.08257964968842,0.253676245863829,0.112160093628916,0
3.07162231555285,2.98497465928705,-0.522156323528492,0.25382282574358,0.146597903106943,2.08157977265252,0.25382282574358,0.112634300571745,0
3.07262219260869,2.98594248143928,-0.521905177342642,0.253969405623332,0.146597903106943,2.08057989565602,0.253969405623332,0.113109465232665,0
3.07362206966454,2.98691026676813,-0.521653889296236,0.254115985503083,0.146597903106943,2.07958001872047,0.254115985503083,0.113585585688293,0
3.07462194672038,2.98787801525282,-0.521402459394672,0.254262565382835,0.146597903106943,2.07858014186746,0.254262565382835,0.114062660016503,0
3.07562182377623,2.98884572687255,-0.521150887643354,0.254409145262586,0.146597903106943,2.0775802651186,0.254409145262586,0.114540686296451,0
3.07662170083207,2.98981340160652,-0.520899174047686,0.254555725142338,0.146597903106943,2.07658038849555,0.254555725142338,0.115019662608596,0
3.07762157788791,2.99078103943395,-0.520647318613077,0.254702305022089,0.146597903106943,2.07558051201998,0.254702305022089,0.115499587034718,0
3.07862145494376,2.99174864033404,-0.520395321344937,0.254848884901841,0.146597903106943,2.07458063571361,0.254848884901841,0.115980457657944,0
3.0796213319996,2.99271620428601,-0.520143182248681,0.254995464781592,0.146597903106943,2.07358075959817,0.254995464781592,0.116462272562764,0
3.08062120905545,2.99368373126907,-0.519890901329727,0.255142044661344,0.146597903106943,2.07258088369546,0.255142044661344,0.116945029835055,0
3.08162108611129,2.99465122126243,-0.519638478593495,0.255288624541095,0.146597903106943,2.07158100802726,0.255288624541095,0.117428727562099,0
3.08262096316713,2.9956186742453,-0.519385914045408,0.255435204420847,0.146597903106943,2.07058113261542,0.255435204420847,0.117913363832607,0
3.08362084022298,2.99658609019689,-0.519133207690893,0.255581784300598,0.146597903106943,2.06958125748181,0.255581784300598,0.118398936736735,0
3.08462071727882,2.99755346909643,-0.518880359535379,0.25572836418035,0.146597903106943,2.06858138264834,0.25572836418035,0.118885444366107,0
3.08562059433467,2.99852081092312,-0.518627369584299,0.255874944060101,0.146597903106943,2.06758150813693,0.255874944060101,0.119372884813831,0
3.08662047139051,2.99948811565618,-0.518374237843089,0.256021523939853,0.146597903106943,2.06658163396955,0.256021523939853,0.119861256174527,0
3.08762034844635,3.00045538327483,-0.518120964317188,0.256168103819604,0.146597903106943,2.0655817601682,0.256168103819604,0.120350556544335,0
3.0886202255022,3.00142261375829,-0.517867549012037,0.256314683699356,0.146597903106943,2.06458188675491,0.256314683699356,0.120840784020944,0
3.08962010255804,3.00238980708577,-0.51761399193308,0.256461263579107,0.146597903106943,2.06358201375175,0.256461263579107,0.121331936703608,0
3.09061997961389,3.0033569632365,-0.517360293085767,0.256607843458859,0.146597903106943,2.0625821411808,0.256607843458859,0.121824012693162,0
3.09161985666973,3.00432408218969,-0.517106452475547,0.25675442333861,0.146597903106943,2.0615822690642,0.25675442333861,0.122317010092046,0
3.09261973372557,3.00529116392456,-0.516852470107874,0.256901003218362,0.146597903106943,2.0605823974241,0.256901003218362,0.122810927004321,0
3.09361961078142,3.00625820842034,-0.516598345988206,0.257047583098113,0.146597903106943,2.0595825262827,0.257047583098113,0.123305761535688,0
3.09461948783726,3.00722521565624,-0.516344080122003,0.257194162977865,0.146597903106943,2.05858265566222,0.257194162977865,0.123801511793504,0
3.09561936489311,3.0081921856115,-0.516089672514728,0.257340742857616,0.146597903106943,2.05758278558493,0.257340742857616,0.124298175886807,0
3.09661924194895,3.00915911826534,-0.515835123171846,0.257487322737368,0.146597903106943,2.0565829160731,0.257487322737368,0.124795751926328,0
3.09761911900479,3.01012601359697,-0.515580432098827,0.257633902617119,0.146597903106943,2.05558304714908,0.257633902617119,0.12529423802451,0
3.09861899606064,3.01109287826487,-0.515325624641642,0.257720575767971,0.0781246518785606,2.05458317872532,0.257720575767971,0.125793654991116,0
3.09961887311648,3.0120597228892,-0.515070741141402,0.25779869081488,0.0781246518785606,2.05358331064004,0.257798690814881,0.12629403700245,0
3.10061875017233,3.01302654760034,-0.514815782116828,0.25787680586179,0.0781246518785606,2.05258344289765,0.25787680586179,0.126795382524744,0
3.10161862722817,3.0139933523924,-0.514560747569473,0.257954920908699,0.0781246518785606,2.05158357550474,0.257954920908699,0.127297689562422,0
3.10261850428401,3.01496013725948,-0.514305637500895,0.258033035955608,0.0781246518785606,2.05058370846793,0.258033035955608,0.127800956121592,0
3.10361838133986,3.01592690219567,-0.51405045191265,0.258111151002517,0.0781246518785606,2.04958384179386,0.258111151002517,0.128305180210068,0
3.1046182583957,3.01689364719508,-0.513795190806295,0.258189266049426,0.0781246518785606,2.04858397548915,0.258189266049426,0.12881035983739,0
3.10561813545155,3.0178603722518,-0.513539854183388,0.258267381096336,0.0781246518785606,2.04758410956045,0.258267381096335,0.129316493014842,0
3.10661801250739,3.01882707735994,-0.513284442045487,0.258345496143245,0.0781246518785606,2.04658424401443,0.258345496143245,0.129823577755478,0
3.10761788956323,3.0197937625136,-0.513028954394151,0.258423611190154,0.0781246518785606,2.04558437885773,0.258423611190154,0.130331612074135,0
3.10861776661908,3.02076042770689,-0.512773391230938,0.258501726237063,0.0781246518785606,2.04458451409706,0.258501726237063,0.130840593987455,0
3.10961764367492,3.02172707293389,-0.512517752557408,0.258579841283972,0.0781246518785606,2.04358464973908,0.258579841283972,0.131350521513906,0
3.11061752073077,3.02269369818872,-0.512262038375121,0.258657956330882,0.0781246518785606,2.0425847857905,0.258657956330882,0.1318613926738,0
3.11161739778661,3.02366030346547,-0.512006248685636,0.258736071377791,0.0781246518785606,2.04158492225803,0.258736071377791,0.132373205489312,0
3.11261727484245,3.02462688875826,-0.511750383490516,0.2588141864247,0.0781246518785606,2.04058505914838,0.2588141864247,0.132885957984499,0
3.1136171518983,3.02559345406117,-0.511494442791321,0.258892301471609,0.0781246518785606,2.03958519646827,0.258892301471609,0.13339964818532,0
3.11461702895414,3.02655999936831,-0.511238426589613,0.258970416518518,0.0781246518785606,2.03858533422446,0.258970416518518,0.133914274119652,0
3.11561690600999,3.02752652467378,-0.510982334886954,0.259048531565427,0.0781246518785606,2.03758547242367,0.259048531565428,0.134429833817311,0
3.11661678306583,3.02849302997169,-0.510726167684907,0.259126646612337,0.0781246518785606,2.03658561107269,0.259126646612337,0.134946325310069,0
3.11761666012168,3.02945951525614,-0.510469924985035,0.259204761659246,0.0781246518785606,2.03558575017826,0.259204761659246,0.135463746631674,0
3.11861653717752,3.03042598052123,-0.510213606788902,0.259282876706155,0.0781246518785606,2.03458588974717,0.259282876706155,0.135982095817862,0
3.11961641423336,3.03139242576107,-0.509957213098071,0.259360991753064,0.0781246518785606,2.03358602978621,0.259360991753064,0.136501370906384,0
3.12061629128921,3.03235885096975,-0.509700743914107,0.259439106799973,0.0781246518785606,2.03258617030218,0.259439106799973,0.137021569937016,0
3.12161616834505,3.03332525614138,-0.509444199238575,0.259517221846883,0.0781246518785606,2.03158631130189,0.259517221846882,0.13754269095158,0
3.12261604540089,3.03429164127006,-0.509187579073041,0.259595336893792,0.0781246518785606,2.03058645279215,0.259595336893792,0.138064731993961,0
3.12361592245674,3.0352580063499,-0.50893088341907,0.259673451940701,0.0781246518785606,2.02958659477981,0.259673451940701,0.138587691110121,0
3.12461579951258,3.03622435137499,-0.508674112278228,0.25975156698761,0.0781246518785606,2.0285867372717,0.25975156698761,0.139111566348121,0
3.12561567656843,3.03719067633945,-0.508417265652084,0.259829682034519,0.0781246518785606,2.02758688027466,0.259829682034519,0.139636355758135,0
3.12661555362427,3.03815698123737,-0.508160343542203,0.259907797081428,0.0781246518785606,2.02658702379557,0.259907797081429,0.140162057392466,0
3.12761543068012,3.03912326606286,-0.507903345950153,0.259985912128338,0.0781246518785606,2.0255871678413,0.259985912128338,0.140688669305565,0
3.12861530773596,3.04008953081003,-0.507646272877503,0.260064027175247,0.0781246518785606,2.02458731241873,0.260064027175247,0.141216189554043,0
3.1296151847918,3.04105577547297,-0.507389124325822,0.260142142222156,0.0781246518785606,2.02358745753475,0.260142142222156,0.141744616196693,0
3.13061506184765,3.04202200004579,-0.507131900296678,0.260220257269065,0.0781246518785606,2.02258760319626,0.260220257269065,0.142273947294501,0
3.13161493890349,3.0429882045226,-0.506874600791641,0.260298372315974,0.0781246518785606,2.02158774941019,0.260298372315974,0.142804180910663,0
3.13261481595933,3.0439543888975,-0.506617225812281,0.260376487362884,0.0781246518785606,2.02058789618346,0.260376487362884,0.143335315110603,0
3.13361469301518,3.04492055316459,-0.506359775360169,0.260454602409793,0.0781246518785606,2.019588043523,0.260454602409793,0.143867347961987,0
3.13461457007102,3.04588669731797,-0.506102249436875,0.260532717456702,0.0781246518785606,2.01858819143577,0.260532717456702,0.144400277534735,0
3.13561444712687,3.04685282135177,-0.505844648043971,0.260610832503611,0.0781246518785606,2.01758833992871,0.260610832503611,0.144934101901044,0
3.13661432418271,3.04781892526006,-0.505586971183029,0.26068894755052,0.0781246518785606,2.0165884890088,0.26068894755052,0.145468819135396,0
3.13761420123856,3.04878500903698,-0.505329218855621,0.26076706259743,0.0781246518785606,2.01558863868302,0.260767062597429,0.146004427314574,0
3.1386140782944,3.0497510726766,-0.50507139106332,0.260845177644339,0.0781246518785606,2.01458878895836,0.260845177644339,0.146540924517681,0
3.13961395535024,3.05071711617306,-0.504813487807699,0.260923292691248,0.0781246518785606,2.01358893984181,0.260923292691248,0.14707830882615,0
3.14061383240609,3.05168313952043,-0.504555509090332,0.261001407738157,0.0781246518785606,2.01258909134039,0.261001407738157,0.14761657832376,0
3.14161370946193,3.05264914271285,-0.504297454912793,0.261079522785066,0.0781246518785606,2.01158924346113,0.261079522785066,0.148155731096651,0
3.14261358651778,3.0536151257444,-0.504039325276657,0.261157637831975,0.0781246518785606,2.01058939621106,0.261157637831976,0.148695765233337,0
3.14361346357362,3.05458108860919,-0.503781120183499,0.261235752878885,0.0781246518785606,2.00958954959722,0.261235752878885,0.14923667882472,0
3.14461334062946,3.05554703130134,-0.503522839634894,0.261313867925794,0.0781246518785606,2.00858970362666,0.261313867925794,0.149778469964105,0
3.14561321768531,3.05651295381494,-0.503264483632418,0.261391982972703,0.0781246518785606,2.00758985830646,0.261391982972703,0.150321136747213,0
3.14661309474115,3.0574788561441,-0.503006052177648,0.261470098019612,0.0781246518785606,2.00659001364369,0.261470098019612,0.150864677272193,0
3.147612971797,3.05844473828293,-0.502747545272161,0.261548213066521,0.0781246518785606,2.00559016964544,0.261548213066521,0.15140908963964,0
3.14861284885284,3.05941060022553,-0.502488962917535,0.261626328113431,0.0781246518785606,2.00459032631881,0.26162632811343,0.1519543719526,0
3.14961272590868,3.06037644196602,-0.502230305115346,0.26170444316034,0.0781246518785606,2.00359048367092,0.26170444316034,0.152500522316593,0
3.15061260296453,3.06134226349849,-0.501971571867173,0.261782558207249,0.0781246518785606,2.00259064170888,0.261782558207249,0.153047538839618,0
3.15161248002037,3.06230806481705,-0.501712763174596,0.261860673254158,0.0781246518785606,2.00159080043982,0.261860673254158,0.15359541963217,0
3.15261235707622,3.06327384591582,-0.501453879039193,0.261938788301067,0.0781246518785606,2.0005909598709,0.261938788301067,0.154144162807251,0
3.15361223413206,3.06423960678889,-0.501194919462544,0.262016903347977,0.0781246518785606,1.99959112000926,0.262016903347976,0.154693766480383,0
3.1546121111879,3.06520534743038,-0.50093588444623,0.262095018394886,0.0781246518785606,1.99859128086208,0.262095018394886,0.15524422876962,0
3.15561198824375,3.06617106783438,-0.50067677399183,0.262173133441795,0.0781246518785606,1.99759144243654,0.262173133441795,0.155795547795561,0
3.15661186529959,3.06713676799502,-0.500417588100927,0.262251248488704,0.0781246518785606,1.99659160473981,0.262251248488704,0.15634772168136,0
3.15761174235544,3.06810244790639,-0.5001583267751,0.262329363535613,0.0781246518785606,1.99559176777911,0.262329363535613,0.156900748552742,0
3.15861161941128,3.0690681075626,-0.499898990015934,0.262407478582522,0.0781246518785606,1.99459193156165,0.262407478582523,0.157454626538008,0
3.15961149646712,3.07003374695777,-0.499639577825009,0.262485593629432,0.0781246518785606,1.99359209609464,0.262485593629432,0.158009353768057,0
3.16061137352297,3.07099936608599,-0.499380090203909,0.262563708676341,0.0781246518785606,1.99259226138533,0.262563708676341,0.158564928376385,0
3.16161125057881,3.07196496494138,-0.499120527154218,0.26264182372325,0.0781246518785606,1.99159242744096,0.26264182372325,0.159121348499106,0
3.16261112763466,3.07293054351805,-0.498860888677518,0.262719938770159,0.0781246518785606,1.9905925942688,0.262719938770159,0.159678612274959,0
3.1636110046905,3.07389610181009,-0.498601174775395,0.262798053817068,0.0781246518785606,1.9895927618761,0.262798053817068,0.16023671784532,0
3.16461088174634,3.07486163981163,-0.498341385449433,0.262876168863978,0.0781246518785606,1.98859293027015,0.262876168863977,0.160795663354213,0
3.16561075880219,3.07582715751677,-0.498081520701218,0.262954283910887,0.0781246518785606,1.98759309945825,0.262954283910887,0.161355446948319,0
3.16661063585803,3.07679265491961,-0.497821580532335,0.263032398957796,0.0781246518785606,1.98659326944769,0.263032398957796,0.161916066776992,0
3.16761051291388,3.07775813201427,-0.49756156494437,0.263110514004705,0.0781246518785606,1.98559344024581,0.263110514004705,0.162477520992262,0
3.16861038996972,3.07872358879485,-0.497301473938909,0.263188629051614,0.0781246518785606,1.98459361185991,0.263188629051614,0.16303980774885,0
3.16961026702556,3.07968902525547,-0.497041307517541,0.263266744098524,0.0781246518785606,1.98359378429734,0.263266744098523,0.163602925204179,0
3.17061014408141,3.08065444139022,-0.496781065681852,0.263344859145433,0.0781246518785606,1.98259395756546,0.263344859145433,0.164166871518381,0
3.17161002113725,3.08161983719323,-0.496520748433431,0.263422974192342,0.0781246518785606,1.98159413167162,0.263422974192342,0.16473164485431,0
3.1726098981931,3.0825852126586,-0.496260355773865,0.263501089239251,0.0781246518785606,1.9805943066232,0.263501089239251,0.165297243377548,0
3.17360977524894,3.08355056778045,-0.495999887704744,0.26357920428616,0.0781246518785606,1.97959448242759,0.26357920428616,0.165863665256421,0
3.17460965230478,3.08451590255287,-0.495739344227657,0.263657319333069,0.0781246518785606,1.97859465909219,0.26365731933307,0.166430908662,0
3.17560952936063,3.08548121696997,-0.495478725344194,0.263735434379979,0.0781246518785606,1.9775948366244,0.263735434379979,0.166998971768118,0
3.17660940641647,3.08644651102588,-0.495218031055946,0.263813549426888,0.0781246518785606,1.97659501503165,0.263813549426888,0.167567852751376,0
3.17760928347232,3.0874117847147,-0.494957261364502,0.263891664473797,0.0781246518785606,1.97559519432136,0.263891664473797,0.168137549791151,0
3.17860916052816,3.08837703803053,-0.494696416271455,0.263969779520706,0.0781246518785606,1.974595374501,0.263969779520706,0.168708061069611,0
3.179609037584,3.08934227096749,-0.494435495778395,0.264047894567615,0.0781246518785606,1.97359555557801,0.264047894567615,0.169279384771716,0
3.18060891463985,3.09030748351969,-0.494174499886916,0.264126009614525,0.0781246518785606,1.97259573755987,0.264126009614524,0.169851519085231,0
3.18160879169569,3.09127267568124,-0.493913428598609,0.264204124661434,0.0781246518785606,1.97159592045405,0.264204124661434,0.170424462200734,0
3.18260866875154,3.09223784744625,-0.493652281915068,0.264282239708343,0.0781246518785606,1.97059610426806,0.264282239708343,0.170998212311627,0
3.18360854580738,3.09320299880883,-0.493391059837886,0.264360354755252,0.0781246518785606,1.9695962890094,0.264360354755252,0.171572767614139,0
3.18460842286322,3.09416812976309,-0.493129762368657,0.264438469802161,0.0781246518785606,1.96859647468558,0.264438469802161,0.17214812630734,0
3.18560829991907,3.09513324030314,-0.492868389508975,0.264516584849071,0.0781246518785606,1.96759666130413,0.26451658484907,0.172724286593147,0
3.18660817697491,3.09609833042309,-0.492606941260436,0.26459469989598,0.0781246518785606,1.96659684887261,0.26459469989598,0.173301246676328,0
3.18760805403076,3.09706340011706,-0.492345417624634,0.264672814942889,0.0781246518785606,1.96559703739856,0.264672814942889,0.173879004764518,0
3.1886079310866,3.09802844937915,-0.492083818603167,0.264750929989798,0.0781246518785606,1.96459722688956,0.264750929989798,0.174457559068221,0
3.18960780814244,3.09899347820348,-0.491822144197629,0.264829045036707,0.0781246518785606,1.96359741735318,0.264829045036707,0.175036907800818,0
3.19060768519829,3.09995848658415,-0.491560394409617,0.264907160083616,0.0781246518785606,1.96259760879701,0.264907160083617,0.175617049178578,0
3.19160756225413,3.10092347451529,-0.49129856924073,0.264985275130526,0.0781246518785606,1.96159780122865,0.264985275130526,0.176197981420662,0
3.19260743930998,3.10188844199099,-0.491036668692563,0.265063390177435,0.0781246518785606,1.96059799465573,0.265063390177435,0.176779702749132,0
3.19360731636582,3.10285338900537,-0.490774692766717,0.265141505224344,0.0781246518785606,1.95959818908588,0.265141505224344,0.177362211388958,0
3.19460719342166,3.10381831555256,-0.490512641464788,0.265219620271253,0.0781246518785606,1.95859838452673,0.265219620271253,0.177945505568024,0
3.19560707047751,3.10478322162664,-0.490250514788376,0.265297735318162,0.0781246518785606,1.95759858098594,0.265297735318162,0.178529583517137,0
3.19660694753335,3.10574810722175,-0.489988312739081,0.265375850365072,0.0781246518785606,1.95659877847117,0.265375850365071,0.179114443470033,0
3.1976068245892,3.10671297233198,-0.489726035318503,0.265453965411981,0.0781246518785606,1.95559897699011,0.265453965411981,0.179700083663383,0
3.19860670164504,3.10767781695146,-0.489463682528241,0.26553208045889,0.0781246518785606,1.95459917655045,0.26553208045889,0.180286502336801,0
3.19960657870088,3.10864264107429,-0.489201254369897,0.265610195505799,0.0781246518785606,1.95359937715989,0.265610195505799,0.180873697732849,0
3.20060645575673,3.1096074446946,-0.488938750845073,0.265688310552708,0.0781246518785606,1.95259957882614,0.265688310552708,0.181461668097045,0
3.20160633281257,3.11057222780648,-0.488676171955369,0.265766425599617,0.0781246518785606,1.95159978155694,0.265766425599617,0.182050411677869,0
3.20260620986842,3.11153699040406,-0.488413517702388,0.265844540646527,0.0781246518785606,1.95059998536004,0.265844540646527,0.182639926726766,0
3.20360608692426,3.11250173248145,-0.488150788087734,0.265922655693436,0.0781246518785606,1.94960019024317,0.265922655693436,0.183230211498157,0
3.2046059639801,3.11346645403275,-0.487887983113008,0.266000770740345,0.0781246518785606,1.94860039621412,0.266000770740345,0.183821264249444,0
3.20560584103595,3.11443115505209,-0.487625102779815,0.266078885787254,0.0781246518785606,1.94760060328067,0.266078885787254,0.184413083241013,0
3.20660571809179,3.11539583553358,-0.487362147089758,0.266157000834163,0.0781246518785606,1.94660081145059,0.266157000834164,0.185005666736242,0
3.20760559514764,3.11636049547133,-0.487099116044443,0.266235115881073,0.0781246518785606,1.94560102073172,0.266235115881073,0.185599013001505,0
3.20860547220348,3.11732513485945,-0.486836009645475,0.266313230927982,0.0781246518785606,1.94460123113185,0.266313230927982,0.186193120306179,0
3.20960534925933,3.11828975369206,-0.486572827894458,0.266391345974891,0.0781246518785606,1.94360144265883,0.266391345974891,0.186787986922651,0
3.21060522631517,3.11925435196327,-0.486309570792999,0.2664694610218,0.0781246518785606,1.9426016553205,0.2664694610218,0.187383611126319,0
3.21160510337101,3.1202189296672,-0.486046238342703,0.266547576068709,0.0781246518785606,1.94160186912472,0.266547576068709,0.187979991195602,0
3.21260498042686,3.12118348679796,-0.485782830545179,0.266625691115619,0.0781246518785606,1.94060208407936,0.266625691115618,0.18857712541194,0
3.2136048574827,3.12214802334966,-0.485519347402033,0.266703806162528,0.0781246518785606,1.9396023001923,0.266703806162528,0.189175012059803,0
3.21460473453855,3.12311253931643,-0.485255788914873,0.266781921209437,0.0781246518785606,1.93860251747145,0.266781921209437,0.189773649426696,0
3.21560461159439,3.12407703469236,-0.484992155085307,0.266860036256346,0.0781246518785606,1.9376027359247,0.266860036256346,0.190373035803161,0
3.21660448865023,3.12504150947159,-0.484728445914944,0.266938151303255,0.0781246518785606,1.93660295555999,0.266938151303255,0.190973169482783,0
3.21760436570608,3.12600596364822,-0.484464661405393,0.267016266350164,0.0781246518785606,1.93560317638525,0.267016266350165,0.191574048762196,0
3.21860424276192,3.12697039721636,-0.484200801558263,0.267094381397074,0.0781246518785606,1.93460339840844,0.267094381397074,0.192175671941086,0
3.21960411981777,3.12793481017014,-0.483936866375166,0.267172496443983,0.0781246518785606,1.93360362163751,0.267172496443983,0.192778037322194,0
3.22060399687361,3.12889920250367,-0.48367285585771,0.267250611490892,0.0781246518785606,1.93260384608045,0.267250611490892,0.193381143211325,0
3.22160387392945,3.12986357421106,-0.483408770007508,0.267328726537801,0.0781246518785606,1.93160407174524,0.267328726537801,0.193984987917346,0
3.2226037509853,3.13082792964791,-0.483144624748057,0.26737208267897,0.0415318310943605,1.93060429840174,0.267372082678969,0.194589582895979,0
3.22360362804114,3.13179227410275,-0.482880439398207,0.267413609403968,0.0415318310943605,1.92960452576573,0.267413609403968,0.195194942369058,0
3.22460350509699,3.13275660758601,-0.482616214002517,0.267455136128966,0.0415318310943605,1.92860475383938,0.267455136128966,0.195801064627257,0
3.22560338215283,3.13372093009602,-0.482351948561444,0.267496662853965,0.0415318310943605,1.92760498262551,0.267496662853965,0.196407947927935,0
3.22660325920867,3.13468524163112,-0.482087643075443,0.267538189578963,0.0415318310943605,1.92660521212697,0.267538189578963,0.197015590531571,0
3.22760313626452,3.13564954218965,-0.48182329754497,0.267579716303962,0.0415318310943605,1.92560544234658,0.267579716303961,0.197623990701771,0
3.22860301332036,3.13661383176994,-0.481558911970481,0.26762124302896,0.0415318310943605,1.9246056732872,0.26762124302896,0.198233146705273,0
3.22960289037621,3.13757811037034,-0.481294486352431,0.267662769753958,0.0415318310943605,1.92360590495168,0.267662769753958,0.19884305681195,0
3.23060276743205,3.13854237798917,-0.481030020691278,0.267704296478957,0.0415318310943605,1.92260613734287,0.267704296478957,0.199453719294817,0
3.23160264448789,3.13950663462478,-0.480765514987476,0.267745823203955,0.0415318310943605,1.92160637046363,0.267745823203955,0.200065132430032,0
3.23260252154374,3.1404708802755,-0.480500969241482,0.267787349928954,0.0415318310943605,1.92060660431682,0.267787349928954,0.200677294496902,0
3.23360239859958,3.14143511493967,-0.480236383453752,0.267828876653952,0.0415318310943605,1.91960683890531,0.267828876653952,0.20129020377789,0
3.23460227565543,3.14239933861563,-0.479971757624743,0.267870403378951,0.0415318310943605,1.91860707423199,0.267870403378951,0.20190385855861,0
3.23560215271127,3.14336355130172,-0.47970709175491,0.267911930103949,0.0415318310943605,1.91760731029972,0.267911930103949,0.202518257127843,0
3.23660202976711,3.14432775299626,-0.479442385844711,0.267953456828948,0.0415318310943605,1.9166075471114,0.267953456828947,0.203133397777531,0
3.23760190682296,3.14529194369761,-0.479177639894601,0.267994983553946,0.0415318310943605,1.91560778466991,0.267994983553946,0.203749278802785,0
3.2386017838788,3.14625612340409,-0.478912853905038,0.268036510278944,0.0415318310943605,1.91460802297815,0.268036510278944,0.204365898501888,0
3.23960166093465,3.14722029211404,-0.478648027876477,0.268078037003943,0.0415318310943605,1.91360826203902,0.268078037003943,0.204983255176298,0
3.24060153799049,3.14818444982581,-0.478383161809376,0.268119563728941,0.0415318310943605,1.91260850185543,0.268119563728941,0.205601347130654,0
3.24160141504633,3.14914859653772,-0.47811825570419,0.26816109045394,0.0415318310943605,1.91160874243028,0.26816109045394,0.206220172672773,0
3.24260129210218,3.15011273224813,-0.477853309561378,0.268202617178938,0.0415318310943605,1.9106089837665,0.268202617178938,0.206839730113661,0
3.24360116915802,3.15107685695535,-0.477588323381396,0.268244143903937,0.0415318310943605,1.909609225867,0.268244143903936,0.207460017767511,0
3.24460104621387,3.15204097065773,-0.477323297164701,0.268285670628935,0.0415318310943605,1.90860946873471,0.268285670628935,0.208081033951707,0
3.24560092326971,3.15300507335361,-0.47705823091175,0.268327197353933,0.0415318310943605,1.90760971237256,0.268327197353933,0.208702776986828,0
3.24660080032555,3.15396916504133,-0.476793124623,0.268368724078932,0.0415318310943605,1.9066099567835,0.268368724078932,0.209325245196651,0
3.2476006773814,3.15493324571922,-0.476527978298908,0.26841025080393,0.0415318310943605,1.90561020197045,0.26841025080393,0.209948436908151,0
3.24860055443724,3.15589731538562,-0.476262791939931,0.268451777528929,0.0415318310943605,1.90461044793637,0.268451777528929,0.210572350451508,0
3.24960043149309,3.15686137403887,-0.475997565546527,0.268493304253927,0.0415318310943605,1.90361069468421,0.268493304253927,0.211196984160106,0
3.25060030854893,3.1578254216773,-0.475732299119154,0.268534830978925,0.0415318310943605,1.90261094221693,0.268534830978925,0.211822336370536,0
3.25160018560477,3.15878945829926,-0.475466992658268,0.268576357703924,0.0415318310943605,1.9016111905375,0.268576357703924,0.2124484054226,0
3.25260006266062,3.15975348390307,-0.475201646164326,0.268617884428922,0.0415318310943605,1.90061143964887,0.268617884428922,0.213075189659314,0
3.25359993971646,3.16071749848709,-0.474936259637788,0.268659411153921,0.0415318310943605,1.89961168955403,0.268659411153921,0.213702687426905,0
3.25459981677231,3.16168150204964,-0.47467083307911,0.268700937878919,0.0415318310943605,1.89861194025596,0.268700937878919,0.21433089707482,0
3.25559969382815,3.16264549458906,-0.47440536648875,0.268742464603918,0.0415318310943605,1.89761219175763,0.268742464603918,0.214959816955723,0
3.25659957088399,3.16360947610369,-0.474139859867166,0.268783991328916,0.0415318310943605,1.89661244406205,0.268783991328916,0.215589445425499,0
3.25759944793984,3.16457344659187,-0.473874313214815,0.268825518053914,0.0415318310943605,1.89561269717219,0.268825518053915,0.216219780843258,0
3.25859932499568,3.16553740605194,-0.473608726532157,0.268867044778913,0.0415318310943605,1.89461295109108,0.268867044778913,0.216850821571332,0
3.25959920205153,3.16650135448223,-0.473343099819647,0.268908571503911,0.0415318310943605,1.89361320582171,0.268908571503911,0.217482565975278,0
3.26059907910737,3.16746529188109,-0.473077433077746,0.26895009822891,0.0415318310943605,1.89261346136709,0.26895009822891,0.218115012423885,0
3.26159895616321,3.16842921824684,-0.47281172630691,0.268991624953908,0.0415318310943605,1.89161371773024,0.268991624953908,0.218748159289167,0
3.26259883321906,3.16939313357783,-0.472545979507598,0.269033151678907,0.0415318310943605,1.89061397491418,0.269033151678907,0.219382004946373,0
3.2635987102749,3.17035703787239,-0.472280192680268,0.269074678403905,0.0415318310943605,1.88961423292195,0.269074678403905,0.220016547773981,0
3.26459858733075,3.17132093112887,-0.472014365825379,0.269116205128903,0.0415318310943605,1.88861449175657,0.269116205128904,0.220651786153704,0
3.26559846438659,3.17228481334559,-0.471748498943389,0.269157731853902,0.0415318310943605,1.88761475142109,0.269157731853902,0.221287718470489,0
3.26659834144243,3.17324868452091,-0.471482592034757,0.2691992585789,0.0415318310943605,1.88661501191854,0.2691992585789,0.221924343112519,0
3.26759821849828,3.17421254465315,-0.471216645099941,0.269240785303899,0.0415318310943605,1.88561527325199,0.269240785303899,0.222561658471215,0
3.26859809555412,3.17517639374065,-0.470950658139399,0.269282312028897,0.0415318310943605,1.88461553542448,0.269282312028897,0.223199662941235,0
3.26959797260997,3.17614023178176,-0.470684631153591,0.269323838753896,0.0415318310943605,1.88361579843908,0.269323838753896,0.223838354920477,0
3.27059784966581,3.1771040587748,-0.470418564142974,0.269365365478894,0.0415318310943605,1.88261606229885,0.269365365478894,0.224477732810078,0
3.27159772672165,3.17806787471812,-0.470152457108009,0.269406892203892,0.0415318310943605,1.88161632700687,0.269406892203893,0.225117795014415,0
3.2725976037775,3.17903167961006,-0.469886310049154,0.269448418928891,0.0415318310943605,1.88061659256622,0.269448418928891,0.225758539941107,0
3.27359748083334,3.17999547344895,-0.469620122966867,0.269489945653889,0.0415318310943605,1.87961685897997,0.26948994565389,0.226399966001015,0
3.27459735788919,3.18095925623313,-0.469353895861608,0.269531472378888,0.0415318310943605,1.87861712625122,0.269531472378888,0.227042071608241,0
3.27559723494503,3.18192302796094,-0.469087628733836,0.269572999103886,0.0415318310943605,1.87761739438306,0.269572999103886,0.227684855180132,0
3.27659711200088,3.18288678863072,-0.46882132158401,0.269614525828885,0.0415318310943605,1.8766176633786,0.269614525828885,0.228328315137276,0
3.27759698905672,3.18385053824081,-0.46855497441259,0.269656052553883,0.0415318310943605,1.87561793324093,0.269656052553883,0.228972449903507,0
3.27859686611256,3.18481427678953,-0.468288587220034,0.269697579278881,0.0415318310943605,1.87461820397318,0.269697579278882,0.229617257905901,0
3.27959674316841,3.18577800427524,-0.468022160006802,0.26973910600388,0.0415318310943605,1.87361847557846,0.26973910600388,0.230262737574778,0
3.28059662022425,3.18674172069627,-0.467755692773354,0.269780632728878,0.0415318310943605,1.8726187480599,0.269780632728879,0.230908887343704,0
3.2815964972801,3.18770542605095,-0.467489185520148,0.269822159453877,0.0415318310943605,1.87161902142061,0.269822159453877,0.231555705649487,0
3.28259637433594,3.18866912033763,-0.467222638247646,0.269863686178875,0.0415318310943605,1.87061929566375,0.269863686178875,0.232203190932179,0
3.28359625139178,3.18963280355465,-0.466956050956305,0.269905212903874,0.0415318310943605,1.86961957079244,0.269905212903874,0.23285134163508,0
3.28459612844763,3.19059647570034,-0.466689423646586,0.269946739628872,0.0415318310943605,1.86861984680984,0.269946739628872,0.233500156204729,0
3.28559600550347,3.19156013677303,-0.466422756318949,0.269988266353871,0.0415318310943605,1.8676201237191,0.269988266353871,0.234149633090911,0
3.28659588255932,3.19252378677108,-0.466156048973854,0.270029793078869,0.0415318310943605,1.86662040152337,0.270029793078869,0.234799770746654,0
3.28759575961516,3.19348742569281,-0.46588930161176,0.270071319803867,0.0415318310943605,1.86562068022583,0.270071319803868,0.23545056762823,0
3.288595636671,3.19445105353656,-0.465622514233128,0.270112846528866,0.0415318310943605,1.86462095982964,0.270112846528866,0.236102022195153,0
3.28959551372685,3.19541467030068,-0.465355686838417,0.270154373253864,0.0415318310943605,1.86362124033797,0.270154373253864,0.236754132910178,0
3.29059539078269,3.1963782759835,-0.465088819428088,0.270195899978863,0.0415318310943605,1.86262152175402,0.270195899978863,0.237406898239303,0
3.29159526783854,3.19734187058336,-0.464821912002601,0.270237426703861,0.0415318310943605,1.86162180408096,0.270237426703861,0.238060316651767,0
3.29259514489438,3.1983054540986,-0.464554964562416,0.270278953428859,0.0415318310943605,1.86062208732199,0.27027895342886,0.238714386620048,0
3.29359502195022,3.19926902652756,-0.464287977107993,0.270320480153858,0.0415318310943605,1.85962237148031,0.270320480153858,0.239369106619865,0
3.29459489900607,3.20023258786857,-0.464020949639794,0.270362006878856,0.0415318310943605,1.85862265655912,0.270362006878856,0.240024475130174,0
3.29559477606191,3.20119613811997,-0.463753882158278,0.270403533603855,0.0415318310943605,1.85762294256165,0.270403533603855,0.240680490633172,0
3.29659465311776,3.2021596772801,-0.463486774663906,0.270445060328853,0.0415318310943605,1.85662322949109,0.270445060328853,0.241337151614289,0
3.2975945301736,3.2031232053473,-0.463219627157138,0.270486587053852,0.0415318310943605,1.85562351735069,0.270486587053852,0.241994456562194,0
3.29859440722944,3.20408672231991,-0.462952439638436,0.27052811377885,0.0415318310943605,1.85462380614366,0.27052811377885,0.24265240396879,0
3.29959428428529,3.20505022819627,-0.46268521210826,0.270569640503848,0.0415318310943605,1.85362409587325,0.270569640503848,0.243310992329212,0
3.30059416134113,3.20601372297472,-0.462417944567071,0.270611167228847,0.0415318310943605,1.85262438654269,0.270611167228847,0.243970220141832,0
3.30159403839698,3.20697720665358,-0.462150637015329,0.270652693953845,0.0415318310943605,1.85162467815523,0.270652693953845,0.244630085908248,0
3.30259391545282,3.20794067923121,-0.461883289453496,0.270694220678844,0.0415318310943605,1.85062497071413,0.270694220678844,0.245290588133293,0
3.30359379250866,3.20890414070594,-0.461615901882033,0.270735747403842,0.0415318310943605,1.84962526422265,0.270735747403842,0.245951725325026,0
3.30459366956451,3.20986759107611,-0.461348474301401,0.270777274128841,0.0415318310943605,1.84862555868404,0.270777274128841,0.246613495994734,0
3.30559354662035,3.21083103034005,-0.461081006712061,0.270818800853839,0.0415318310943605,1.84762585410159,0.270818800853839,0.24727589865693,0
3.3065934236762,3.21179445849612,-0.460813499114474,0.270860327578837,0.0415318310943605,1.84662615047858,0.270860327578838,0.247938931829352,0
3.30759330073204,3.21275787554263,-0.460545951509101,0.270901854303836,0.0415318310943605,1.84562644781828,0.270901854303836,0.24860259403296,0
3.30859317778788,3.21372128147794,-0.460278363896405,0.270943381028834,0.0415318310943605,1.84462674612398,0.270943381028834,0.249266883791936,0
3.30959305484373,3.21468467630038,-0.460010736276846,0.270984907753833,0.0415318310943605,1.843627045399,0.270984907753833,0.249931799633683,0
3.31059293189957,3.2156480600083,-0.459743068650886,0.271026434478831,0.0415318310943605,1.84262734564661,0.271026434478831,0.250597340088818,0
3.31159280895542,3.21661143260002,-0.459475361018986,0.27106796120383,0.0415318310943605,1.84162764687015,0.27106796120383,0.251263503691178,0
3.31259268601126,3.21757479407389,-0.459207613381609,0.271109487928828,0.0415318310943605,1.84062794907291,0.271109487928828,0.251930288977813,0
3.3135925630671,3.21853814442825,-0.458939825739215,0.271151014653826,0.0415318310943605,1.83962825225824,0.271151014653826,0.252597694488984,0
3.31459244012295,3.21950148366143,-0.458671998092267,0.271192541378825,0.0415318310943605,1.83862855642944,0.271192541378825,0.253265718768166,0
3.31559231717879,3.22046481177178,-0.458404130441227,0.271234068103823,0.0415318310943605,1.83762886158985,0.271234068103823,0.253934360362038,0
3.31659219423464,3.22142812875763,-0.458136222786556,0.271275594828822,0.0415318310943605,1.83662916774283,0.271275594828822,0.254603617820489,0
3.31759207129048,3.22239143461732,-0.457868275128716,0.27131712155382,0.0415318310943605,1.83562947489171,0.27131712155382,0.255273489696612,0
3.31859194834632,3.2233547293492,-0.45760028746817,0.271358648278819,0.0415318310943605,1.83462978303984,0.271358648278818,0.255943974546699,0
3.31959182540217,3.22431801295159,-0.45733225980538,0.271400175003817,0.0415318310943605,1.83363009219059,0.271400175003817,0.256615070930248,0
3.32059170245801,3.22528128542284,-0.457064192140808,0.271441701728815,0.0415318310943605,1.83263040234733,0.271441701728815,0.25728677740995,0
3.32159157951386,3.22624454676129,-0.456796084474915,0.271483228453814,0.0415318310943605,1.83163071351342,0.271483228453814,0.257959092551693,0
3.3225914565697,3.22720779696527,-0.456527936808166,0.271524755178812,0.0415318310943605,1.83063102569224,0.271524755178812,0.258632014924559,0
3.32359133362554,3.22817103603313,-0.456259749141021,0.271566281903811,0.0415318310943605,1.82963133888719,0.271566281903811,0.259305543100819,0
3.32459121068139,3.22913426396321,-0.455991521473943,0.271607808628809,0.0415318310943605,1.82863165310164,0.271607808628809,0.259979675655936,0
3.32559108773723,3.23009748075383,-0.455723253807395,0.271649335353808,0.0415318310943605,1.82763196833901,0.271649335353808,0.260654411168557,0
3.32659096479308,3.23106068640335,-0.45545494614184,0.271690862078806,0.0415318310943605,1.82663228460269,0.271690862078806,0.26132974822051,0
3.32759084184892,3.2320238809101,-0.45518659847774,0.271732388803804,0.0415318310943605,1.8256326018961,0.271732388803804,0.262005685396809,0
3.32859071890476,3.23298706427242,-0.454918210815558,0.271773915528803,0.0415318310943605,1.82463292022265,0.271773915528803,0.262682221285643,0
3.32959059596061,3.23395023648865,-0.454649783155757,0.271815442253801,0.0415318310943605,1.82363323958577,0.271815442253801,0.263359354478378,0
3.33059047301645,3.23491339755712,-0.4543813154988,0.2718569689788,0.0415318310943605,1.82263355998888,0.2718569689788,0.264037083569552,0
3.3315903500723,3.23587654747619,-0.454112807845149,0.271898495703798,0.0415318310943605,1.82163388143544,0.271898495703798,0.264715407156875,0
3.33259022712814,3.23683968624418,-0.453844260195268,0.271940022428797,0.0415318310943605,1.82063420392887,0.271940022428796,0.265394323841223,0
3.33359010418398,3.23780281385943,-0.45357567254962,0.271981549153795,0.0415318310943605,1.81963452747264,0.271981549153795,0.266073832226638,0
3.33458998123983,3.23876593032029,-0.453307044908668,0.272023075878793,0.0415318310943605,1.8186348520702,0.272023075878793,0.266753930920322,0
3.33558985829567,3.23972903562509,-0.453038377272875,0.272064602603792,0.0415318310943605,1.81763517772501,0.272064602603792,0.26743461853264,0
3.33658973535152,3.24069212977217,-0.452769669642705,0.27210612932879,0.0415318310943605,1.81663550444054,0.27210612932879,0.268115893677108,0
3.33758961240736,3.24165521275988,-0.45250092201862,0.272147656053789,0.0415318310943605,1.81563583222027,0.272147656053789,0.268797754970399,0
3.3385894894632,3.24261828458655,-0.452232134401085,0.272189182778787,0.0415318310943605,1.81463616106769,0.272189182778787,0.269480201032334,0
3.33958936651905,3.24358134525051,-0.451963306790563,0.272230709503786,0.0415318310943605,1.81363649098629,0.272230709503785,0.270163230485881,0
3.34058924357489,3.24454439475012,-0.451694439187517,0.272272236228784,0.0415318310943605,1.81263682197956,0.272272236228784,0.270846841957155,0
3.34158912063074,3.24550743308371,-0.451425531592411,0.272313762953782,0.0415318310943605,1.811637154051,0.272313762953782,0.271531034075407,0
3.34258899768658,3.24647046024961,-0.451156584005709,0.272355289678781,0.0415318310943605,1.81063748720414,0.272355289678781,0.272215805473028,0
3.34358887474243,3.24743347624617,-0.450887596427875,0.272396816403779,0.0415318310943605,1.80963782144248,0.272396816403779,0.272901154785546,0
3.34458875179827,3.24839648107173,-0.450618568859372,0.272438343128778,0.0415318310943605,1.80863815676956,0.272438343128778,0.273587080651615,0
3.34558862885411,3.24935947472629,-0.45034950130665,0.272479372637806,0.0216407446738081,1.80763849318877,0.272479372637806,0.274273581717535,0
3.34658850590996,3.25032246001475,-0.45008040381322,0.272501010721876,0.0216407446738081,1.80663883048757,0.272501010721876,0.274960664201115,0
3.3475883829658,3.25128543948023,-0.449811285482695,0.272522648805947,0.0216407446738081,1.80563916847233,0.272522648805947,0.275648333592088,0
3.34858826002165,3.25224841312228,-0.449542146315203,0.272544286890018,0.0216407446738081,1.80463950714464,0.272544286890018,0.276336588508476,0
3.34958813707749,3.25321138094045,-0.44927298631087,0.272565924974088,0.0216407446738081,1.80363984650613,0.272565924974089,0.277025427571466,0
3.35058801413333,3.25417434293429,-0.44900380546982,0.272587563058159,0.0216407446738081,1.8026401865584,0.272587563058159,0.277714849405405,0
3.35158789118918,3.25513729910335,-0.448734603792181,0.27260920114223,0.0216407446738081,1.80164052730307,0.27260920114223,0.278404852637794,0
3.35258776824502,3.25610024944717,-0.448465381278079,0.272630839226301,0.0216407446738081,1.80064086874177,0.272630839226301,0.27909543589929,0
3.35358764530086,3.2570631939653,-0.44819613792764,0.272652477310371,0.0216407446738081,1.79964121087612,0.272652477310372,0.279786597823699,0
3.35458752235671,3.2580261326573,-0.447926873740988,0.272674115394442,0.0216407446738081,1.79864155370775,0.272674115394442,0.280478337047974,0
3.35558739941255,3.25898906552272,-0.447657588718252,0.272695753478513,0.0216407446738081,1.7976418972383,0.272695753478513,0.281170652212208,0
3.3565872764684,3.2599519925611,-0.447388282859556,0.272717391562584,0.0216407446738081,1.79664224146938,0.272717391562583,0.28186354195964,0
3.35758715352424,3.26091491377198,-0.447118956165027,0.272739029646654,0.0216407446738081,1.79564258640265,0.272739029646654,0.282557004936637,0
3.35858703058009,3.26187782915493,-0.446849608634791,0.272760667730725,0.0216407446738081,1.79464293203975,0.272760667730725,0.283251039792708,0
3.35958690763593,3.26284073870949,-0.446580240268974,0.272782305814796,0.0216407446738081,1.79364327838232,0.272782305814796,0.283945645180482,0
3.36058678469177,3.26380364243521,-0.446310851067702,0.272803943898866,0.0216407446738081,1.79264362543201,0.272803943898866,0.284640819755719,0
3.36158666174762,3.26476654033164,-0.446041441031102,0.272825581982937,0.0216407446738081,1.79164397319047,0.272825581982937,0.285336562177302,0
3.36258653880346,3.26572943239832,-0.445772010159299,0.272847220067008,0.0216407446738081,1.79064432165936,0.272847220067008,0.286032871107229,0
3.36358641585931,3.26669231863481,-0.445502558452419,0.272868858151079,0.0216407446738081,1.78964467084033,0.272868858151079,0.286729745210612,0
3.36458629291515,3.26765519904066,-0.44523308591059,0.272890496235149,0.0216407446738081,1.78864502073506,0.272890496235149,0.287427183155679,0
3.36558616997099,3.26861807361541,-0.444963592533936,0.27291213431922,0.0216407446738081,1.7876453713452,0.27291213431922,0.28812518361376,0
3.36658604702684,3.26958094235862,-0.444694078322584,0.272933772403291,0.0216407446738081,1.78664572267242,0.272933772403291,0.288823745259291,0
3.36758592408268,3.27054380526983,-0.444424543276661,0.272955410487362,0.0216407446738081,1.7856460747184,0.272955410487361,0.289522866769808,0
3.36858580113853,3.27150666234859,-0.444154987396292,0.272977048571432,0.0216407446738081,1.78464642748481,0.272977048571432,0.290222546825941,0
3.36958567819437,3.27246951359446,-0.443885410681603,0.272998686655503,0.0216407446738081,1.78364678097334,0.272998686655503,0.290922784111413,0
3.37058555525021,3.27343235900697,-0.443615813132722,0.273020324739574,0.0216407446738081,1.78264713518566,0.273020324739574,0.291623577313036,0
3.37158543230606,3.27439519858569,-0.443346194749774,0.273041962823644,0.0216407446738081,1.78164749012346,0.273041962823644,0.292324925120704,0
3.3725853093619,3.27535803233015,-0.443076555532885,0.273063600907715,0.0216407446738081,1.78064784578844,0.273063600907715,0.293026826227393,0
3.37358518641775,3.27632086023992,-0.442806895482182,0.273085238991786,0.0216407446738081,1.77964820218228,0.273085238991786,0.293729279329155,0
3.37458506347359,3.27728368231453,-0.44253721459779,0.273106877075857,0.0216407446738081,1.77864855930669,0.273106877075857,0.294432283125112,0
3.37558494052943,3.27824649855353,-0.442267512879837,0.273128515159927,0.0216407446738081,1.77764891716336,0.273128515159927,0.295135836317457,0
3.37658481758528,3.27920930895649,-0.441997790328448,0.273150153243998,0.0216407446738081,1.77664927575401,0.273150153243998,0.295839937611446,0
3.37758469464112,3.28017211352294,-0.44172804694375,0.273171791328069,0.0216407446738081,1.77564963508033,0.273171791328069,0.296544585715394,0
3.37858457169697,3.28113491225243,-0.441458282725869,0.27319342941214,0.0216407446738081,1.77464999514404,0.27319342941214,0.297249779340674,0
3.37958444875281,3.28209770514452,-0.441188497674931,0.27321506749621,0.0216407446738081,1.77365035594685,0.27321506749621,0.297955517201708,0
3.38058432580865,3.28306049219875,-0.440918691791063,0.273236705580281,0.0216407446738081,1.77265071749049,0.273236705580281,0.298661798015968,0
3.3815842028645,3.28402327341467,-0.440648865074391,0.273258343664352,0.0216407446738081,1.77165107977667,0.273258343664352,0.299368620503967,0
3.38258407992034,3.28498604879184,-0.440379017525041,0.273279981748422,0.0216407446738081,1.77065144280712,0.273279981748423,0.30007598338926,0
3.38358395697619,3.28594881832979,-0.440109149143139,0.273301619832493,0.0216407446738081,1.76965180658358,0.273301619832493,0.300783885398433,0
3.38458383403203,3.28691158202809,-0.439839259928813,0.273323257916564,0.0216407446738081,1.76865217110777,0.273323257916564,0.301492325261106,0
3.38558371108787,3.28787433988627,-0.439569349882188,0.273344896000635,0.0216407446738081,1.76765253638143,0.273344896000634,0.302201301709923,0
3.38658358814372,3.2888370919039,-0.439299419003391,0.273366534084705,0.0216407446738081,1.76665290240631,0.273366534084705,0.302910813480551,0
3.38758346519956,3.28979983808051,-0.439029467292547,0.273388172168776,0.0216407446738081,1.76565326918414,0.273388172168776,0.303620859311676,0
3.38858334225541,3.29076257841565,-0.438759494749785,0.273409810252847,0.0216407446738081,1.76465363671668,0.273409810252847,0.304331437944993,0
3.38958321931125,3.29172531290889,-0.438489501375229,0.273431448336918,0.0216407446738081,1.76365400500567,0.273431448336917,0.305042548125208,0
3.39058309636709,3.29268804155975,-0.438219487169006,0.273453086420988,0.0216407446738081,1.76265437405288,0.273453086420988,0.305754188600033,0
3.39158297342294,3.29365076436781,-0.437949452131243,0.273474724505059,0.0216407446738081,1.76165474386005,0.273474724505059,0.306466358120179,0
3.39258285047878,3.29461348133259,-0.437679396262067,0.27349636258913,0.0216407446738081,1.76065511442896,0.27349636258913,0.307179055439349,0
3.39358272753463,3.29557619245366,-0.437409319561603,0.2735180006732,0.0216407446738081,1.75965548576137,0.2735180006732,0.307892279314243,0
3.39458260459047,3.29653889773056,-0.437139222029978,0.273539638757271,0.0216407446738081,1.75865585785906,0.273539638757271,0.308606028504542,0
3.39558248164631,3.29750159716285,-0.436869103667318,0.273561276841342,0.0216407446738081,1.75765623072378,0.273561276841342,0.309320301772912,0
3.39658235870216,3.29846429075006,-0.436598964473751,0.273582914925413,0.0216407446738081,1.75665660435733,0.273582914925413,0.310035097884994,0
3.397582235758,3.29942697849176,-0.436328804449402,0.273604553009483,0.0216407446738081,1.75565697876149,0.273604553009483,0.310750415609404,0
3.39858211281385,3.30038966038748,-0.436058623594398,0.273626191093554,0.0216407446738081,1.75465735393804,0.273626191093554,0.311466253717726,0
3.39958198986969,3.30135233643678,-0.435788421908865,0.273647829177625,0.0216407446738081,1.75365772988876,0.273647829177625,0.312182610984505,0
3.40058186692553,3.30231500663921,-0.43551819939293,0.273669467261695,0.0216407446738081,1.75265810661546,0.273669467261695,0.312899486187246,0
3.40158174398138,3.30327767099432,-0.43524795604672,0.273691105345766,0.0216407446738081,1.75165848411992,0.273691105345766,0.313616878106411,0
3.40258162103722,3.30424032950165,-0.434977691870361,0.273712743429837,0.0216407446738081,1.75065886240396,0.273712743429837,0.314334785525408,0
3.40358149809307,3.30520298216076,-0.434707406863979,0.273734381513908,0.0216407446738081,1.74965924146937,0.273734381513908,0.31505320723059,0
3.40458137514891,3.3061656289712,-0.434437101027702,0.273756019597978,0.0216407446738081,1.74865962131797,0.273756019597978,0.315772142011252,0
3.40558125220475,3.3071282699325,-0.434166774361655,0.273777657682049,0.0216407446738081,1.74766000195156,0.273777657682049,0.316491588659624,0
3.4065811292606,3.30809090504424,-0.433896426865966,0.27379929576612,0.0216407446738081,1.74666038337196,0.27379929576612,0.317211545970865,0
3.40758100631644,3.30905353430594,-0.43362605854076,0.273820933850191,0.0216407446738081,1.745660765581,0.273820933850191,0.317932012743061,0
3.40858088337229,3.31001615771717,-0.433355669386164,0.273842571934261,0.0216407446738081,1.74466114858048,0.273842571934261,0.31865298777722,0
3.40958076042813,3.31097877527746,-0.433085259402306,0.273864210018332,0.0216407446738081,1.74366153237226,0.273864210018332,0.319374469877264,0
3.41058063748397,3.31194138698638,-0.432814828589311,0.273885848102403,0.0216407446738081,1.74266191695815,0.273885848102403,0.320096457850028,0
3.41158051453982,3.31290399284347,-0.432544376947307,0.273907486186473,0.0216407446738081,1.74166230233999,0.273907486186474,0.320818950505253,0
3.41258039159566,3.31386659284828,-0.432273904476419,0.273929124270544,0.0216407446738081,1.74066268851962,0.273929124270544,0.321541946655581,0
3.41358026865151,3.31482918700036,-0.432003411176775,0.273950762354615,0.0216407446738081,1.73966307549889,0.273950762354615,0.322265445116553,0
3.41458014570735,3.31579177529925,-0.431732897048501,0.273972400438686,0.0216407446738081,1.73866346327964,0.273972400438685,0.322989444706599,0
3.41558002276319,3.31675435774451,-0.431462362091724,0.273994038522756,0.0216407446738081,1.73766385186372,0.273994038522757,0.323713944247039,0
3.41657989981904,3.31771693433569,-0.43119180630657,0.274015676606827,0.0216407446738081,1.73666424125299,0.274015676606827,0.324438942562073,0
3.41757977687488,3.31867950507234,-0.430921229693166,0.274037314690898,0.0216407446738081,1.73566463144931,0.274037314690898,0.32516443847878,0
3.41857965393073,3.319642069954,-0.43065063225164,0.274058952774969,0.0216407446738081,1.73466502245455,0.274058952774968,0.325890430827107,0
3.41957953098657,3.32060462898022,-0.430380013982116,0.274080590859039,0.0216407446738081,1.73366541427056,0.274080590859039,0.326616918439875,0
3.42057940804241,3.32156718215056,-0.430109374884723,0.27410222894311,0.0216407446738081,1.73266580689923,0.27410222894311,0.32734390015276,0
3.42157928509826,3.32252972946456,-0.429838714959587,0.274123867027181,0.0216407446738081,1.73166620034242,0.274123867027181,0.328071374804302,0
3.4225791621541,3.32349227092177,-0.429568034206834,0.274145505111251,0.0216407446738081,1.73066659460202,0.274145505111251,0.328799341235887,0
3.42357903920995,3.32445480652174,-0.429297332626592,0.274167143195322,0.0216407446738081,1.72966698967992,0.274167143195322,0.329527798291753,0
3.42457891626579,3.32541733626403,-0.429026610218987,0.274188781279393,0.0216407446738081,1.72866738557799,0.274188781279393,0.330256744818979,0
3.42557879332164,3.32637986014818,-0.428755866984146,0.274210419363464,0.0216407446738081,1.72766778229814,0.274210419363464,0.33098617966748,0
3.42657867037748,3.32734237817373,-0.428485102922196,0.274232057447534,0.0216407446738081,1.72666817984225,0.274232057447534,0.331716101690002,0
3.42757854743332,3.32830489034025,-0.428214318033263,0.274253695531605,0.0216407446738081,1.72566857821223,0.274253695531605,0.332446509742121,0
3.42857842448917,3.32926739664727,-0.427943512317474,0.274275333615676,0.0216407446738081,1.72466897740998,0.274275333615676,0.333177402682235,0
3.42957830154501,3.33022989709435,-0.427672685774956,0.274296971699747,0.0216407446738081,1.72366937743742,0.274296971699747,0.333908779371555,0
3.43057817860086,3.33119239168104,-0.427401838405836,0.274318609783817,0.0216407446738081,1.72266977829645,0.274318609783817,0.334640638674107,0
3.4315780556567,3.33215488040689,-0.427130970210241,0.274340247867888,0.0216407446738081,1.72167017998898,0.274340247867888,0.335372979456722,0
3.43257793271254,3.33311736327144,-0.426860081188297,0.274361885951959,0.0216407446738081,1.72067058251695,0.274361885951959,0.336105800589034,0
3.43357780976839,3.33407984027425,-0.426589171340132,0.274383524036029,0.0216407446738081,1.71967098588228,0.27438352403603,0.336839100943472,0
3.43457768682423,3.33504231141486,-0.426318240665871,0.2744051621201,0.0216407446738081,1.7186713900869,0.2744051621201,0.337572879395256,0
3.43557756388007,3.33600477669282,-0.426047289165643,0.274426800204171,0.0216407446738081,1.71767179513273,0.274426800204171,0.338307134822394,0
3.43657744093592,3.33696723610769,-0.425776316839573,0.274448438288242,0.0216407446738081,1.71667220102172,0.274448438288242,0.339041866105671,0
3.43757731799176,3.33792968965901,-0.425505323687789,0.274470076372312,0.0216407446738081,1.71567260775581,0.274470076372312,0.339777072128651,0
3.43857719504761,3.33889213734634,-0.425234309710418,0.274491714456383,0.0216407446738081,1.71467301533695,0.274491714456383,0.340512751777667,0
3.43957707210345,3.33985457916921,-0.424963274907586,0.274513352540454,0.0216407446738081,1.71367342376709,0.274513352540454,0.341248903941817,0
3.4405769491593,3.34081701512719,-0.42469221927942,0.274534990624525,0.0216407446738081,1.71267383304818,0.274534990624525,0.34198552751296,0
3.44157682621514,3.34177944521981,-0.424421142826048,0.274556628708595,0.0216407446738081,1.71167424318218,0.274556628708595,0.342722621385709,0
3.44257670327098,3.34274186944664,-0.424150045547596,0.274578266792666,0.0216407446738081,1.71067465417105,0.274578266792666,0.343460184457426,0
3.44357658032683,3.34370428780721,-0.423878927444191,0.274599904876737,0.0216407446738081,1.70967506601677,0.274599904876736,0.344198215628219,0
3.44457645738267,3.34466670030108,-0.42360778851596,0.274621542960807,0.0216407446738081,1.70867547872131,0.274621542960808,0.344936713800932,0
3.44557633443852,3.34562910692781,-0.42333662876303,0.274643181044878,0.0216407446738081,1.70767589228663,0.274643181044878,0.345675677881146,0
3.44657621149436,3.34659150768692,-0.423065448185529,0.274664819128949,0.0216407446738081,1.70667630671473,0.274664819128949,0.346415106777168,0
3.4475760885502,3.34755390257799,-0.422794246783582,0.27468645721302,0.0216407446738081,1.70567672200758,0.274686457213019,0.347154999400031,0
3.44857596560605,3.34851629160055,-0.422523024557317,0.27470809529709,0.0216407446738081,1.70467713816719,0.27470809529709,0.347895354663481,0
3.44957584266189,3.34947867475415,-0.422251781506861,0.274729733381161,0.0216407446738081,1.70367755519553,0.274729733381161,0.348636171483983,0
3.45057571971774,3.35044105203835,-0.421980517632341,0.274751371465232,0.0216407446738081,1.70267797309462,0.274751371465232,0.349377448780704,0
3.45157559677358,3.3514034234527,-0.421709232933883,0.274773009549303,0.0216407446738081,1.70167839186645,0.274773009549302,0.350119185475516,0
3.45257547382942,3.35236578899674,-0.421437927411616,0.274794647633373,0.0216407446738081,1.70067881151302,0.274794647633373,0.350861380492985,0
3.45357535088527,3.35332814867002,-0.421166601065666,0.274816285717444,0.0216407446738081,1.69967923203636,0.274816285717444,0.351604032760372,0
3.45457522794111,3.35429050247209,-0.420895253896159,0.274837923801515,0.0216407446738081,1.69867965343848,0.274837923801515,0.352347141207621,0
3.45557510499696,3.35525285040251,-0.420623885903224,0.274859561885585,0.0216407446738081,1.6976800757214,0.274859561885585,0.353090704767358,0
3.4565749820528,3.35621519246081,-0.420352497086987,0.274881199969656,0.0216407446738081,1.69668049888714,0.274881199969656,0.353834722374883,0
3.45757485910864,3.35717752864656,-0.420081087447575,0.274902838053727,0.0216407446738081,1.69568092293773,0.274902838053727,0.354579192968169,0
3.45857473616449,3.3581398589593,-0.419809656985115,0.274924476137798,0.0216407446738081,1.69468134787522,0.274924476137798,0.35532411548785,0
3.45957461322033,3.35910218339857,-0.419538205699735,0.274946114221868,0.0216407446738081,1.69368177370162,0.274946114221868,0.356069488877221,0
3.46057449027618,3.36006450196394,-0.419266733591561,0.274967752305939,0.0216407446738081,1.692682200419,0.274967752305939,0.356815312082231,0
3.46157436733202,3.36102681465494,-0.418995240660721,0.27498939039001,0.0216407446738081,1.6916826280294,0.27498939039001,0.357561584051477,0
3.46257424438786,3.36198912147114,-0.418723726907341,0.27501102847408,0.0216407446738081,1.69068305653486,0.275011028474081,0.358308303736202,0
3.46357412144371,3.36295142241207,-0.418452192331549,0.275032666558151,0.0216407446738081,1.68968348593746,0.275032666558151,0.35905547009028,0
3.46457399849955,3.36391371747728,-0.418180636933472,0.275054304642222,0.0216407446738081,1.68868391623924,0.275054304642222,0.359803082070224,0
3.4655738755554,3.36487600666634,-0.417909060713237,0.275075942726293,0.0216407446738081,1.68768434744227,0.275075942726293,0.360551138635173,0
3.46657375261124,3.36583828997877,-0.417637463670971,0.275097580810363,0.0216407446738081,1.68668477954863,0.275097580810364,0.361299638746883,0
3.46757362966708,3.36680056741415,-0.417365845806802,0.275119218894434,0.0216407446738081,1.68568521256039,0.275119218894434,0.362048581369731,0
3.46857350672293,3.367762838972,-0.417094207120856,0.275140856978505,0.0216407446738081,1.68468564647964,0.275140856978505,0.362797965470704,0
3.46957338377877,3.36872510466665,-0.416822547665527,0.275161408731044,0.0107760938532811,1.68368608130708,0.275161408731044,0.363547790055309,0
3.47057326083462,3.36968736623893,-0.416550873608411,0.27517218350004,0.0107760938532811,1.6826865168845,0.27517218350004,0.364298058330276,0
3.47157313789046,3.37064962488393,-0.416279189183164,0.275182958269035,0.0107760938532811,1.6816869531033,0.275182958269035,0.365048772165179,0
3.4725730149463,3.37161188060153,-0.416007494389818,0.275193733038031,0.0107760938532811,1.68068738996476,0.275193733038031,0.365799930520931,0
3.47357289200215,3.37257413339163,-0.415735789228405,0.275204507807026,0.0107760938532811,1.67968782747014,0.275204507807026,0.366551532361066,0
3.47457276905799,3.37353638325412,-0.415464073698956,0.275215282576022,0.0107760938532811,1.6786882656207,0.275215282576022,0.367303576651723,0
3.47557264611384,3.37449863018887,-0.415192347801503,0.275226057345017,0.0107760938532811,1.67768870441771,0.275226057345017,0.368056062361648,0
3.47657252316968,3.37546087419579,-0.414920611536077,0.275236832114013,0.0107760938532811,1.67668914386245,0.275236832114013,0.368808988462188,0
3.47757240022552,3.37642311527475,-0.41464886490271,0.275247606883008,0.0107760938532811,1.67568958395618,0.275247606883009,0.369562353927282,0
3.47857227728137,3.37738535342566,-0.414377107901434,0.275258381652004,0.0107760938532811,1.67469002470019,0.275258381652004,0.370316157733457,0
3.47957215433721,3.37834758864838,-0.414105340532279,0.275269156421,0.0107760938532811,1.67369046609577,0.275269156420999,0.371070398859827,0
3.48057203139306,3.37930982094282,-0.413833562795278,0.275279931189995,0.0107760938532811,1.67269090814418,0.275279931189995,0.371825076288081,0
3.4815719084489,3.38027205030887,-0.413561774690462,0.275290705958991,0.0107760938532811,1.67169135084673,0.27529070595899,0.37258018900248,0
3.48257178550474,3.3812342767464,-0.413289976217863,0.275301480727986,0.0107760938532811,1.6706917942047,0.275301480727986,0.373335735989854,0
3.48357166256059,3.38219650025531,-0.413018167377512,0.275312255496982,0.0107760938532811,1.66969223821938,0.275312255496982,0.374091716239593,0
3.48457153961643,3.38315872083549,-0.412746348169441,0.275323030265977,0.0107760938532811,1.66869268289207,0.275323030265977,0.374848128743644,0
3.48557141667228,3.38412093848682,-0.412474518593681,0.275333805034973,0.0107760938532811,1.66769312822408,0.275333805034973,0.375604972496503,0
3.48657129372812,3.3850831532092,-0.412202678650264,0.275344579803968,0.0107760938532811,1.66669357421669,0.275344579803968,0.376362246495216,0
3.48757117078397,3.3860453650025,-0.411930828339221,0.275355354572964,0.0107760938532811,1.66569402087122,0.275355354572964,0.377119949739364,0
3.48857104783981,3.38700757386663,-0.411658967660584,0.275366129341959,0.0107760938532811,1.66469446818898,0.275366129341959,0.377878081231062,0
3.48957092489565,3.38796977980147,-0.411387096614385,0.275376904110955,0.0107760938532811,1.66369491617128,0.275376904110955,0.378636639974959,0
3.4905708019515,3.3889319828069,-0.411115215200655,0.27538767887995,0.0107760938532811,1.66269536481942,0.27538767887995,0.379395624978222,0
3.49157067900734,3.38989418288281,-0.410843323419426,0.275398453648946,0.0107760938532811,1.66169581413474,0.275398453648946,0.380155035250542,0
3.49257055606319,3.3908563800291,-0.410571421270728,0.275409228417942,0.0107760938532811,1.66069626411855,0.275409228417942,0.380914869804115,0
3.49357043311903,3.39181857424565,-0.410299508754595,0.275420003186937,0.0107760938532811,1.65969671477217,0.275420003186937,0.381675127653652,0
3.49457031017487,3.39278076553235,-0.410027585871057,0.275430777955933,0.0107760938532811,1.65869716609694,0.275430777955933,0.38243580781636,0
3.49557018723072,3.39374295388909,-0.409755652620146,0.275441552724928,0.0107760938532811,1.65769761809417,0.275441552724928,0.383196909311947,0
3.49657006428656,3.39470513931576,-0.409483709001894,0.275452327493924,0.0107760938532811,1.65669807076522,0.275452327493924,0.383958431162606,0
3.4975699413424,3.39566732181224,-0.409211755016331,0.275463102262919,0.0107760938532811,1.6556985241114,0.275463102262919,0.384720372393021,0
3.49856981839825,3.39662950137842,-0.40893979066349,0.275473877031915,0.0107760938532811,1.65469897813406,0.275473877031915,0.385482732030354,0
3.49956969545409,3.39759167801419,-0.408667815943403,0.27548465180091,0.0107760938532811,1.65369943283455,0.27548465180091,0.38624550910424,0
3.50056957250994,3.39855385171944,-0.4083958308561,0.275495426569906,0.0107760938532811,1.65269988821421,0.275495426569906,0.387008702646786,0
3.50156944956578,3.39951602249406,-0.408123835401614,0.275506201338901,0.0107760938532811,1.65170034427439,0.275506201338902,0.387772311692559,0
3.50256932662163,3.40047819033794,-0.407851829579975,0.275516976107897,0.0107760938532811,1.65070080101644,0.275516976107897,0.388536335278589,0
3.50356920367747,3.40144035525096,-0.407579813391216,0.275527750876893,0.0107760938532811,1.64970125844172,0.275527750876893,0.389300772444353,0
3.50456908073331,3.40240251723301,-0.407307786835369,0.275538525645888,0.0107760938532811,1.64870171655159,0.275538525645888,0.39006562223178,0
3.50556895778916,3.40336467628398,-0.407035749912464,0.275549300414884,0.0107760938532811,1.6477021753474,0.275549300414883,0.390830883685238,0
3.506568834845,3.40432683240377,-0.406763702622533,0.275560075183879,0.0107760938532811,1.64670263483052,0.275560075183879,0.391596555851534,0
3.50756871190085,3.40528898559225,-0.406491644965608,0.275570849952875,0.0107760938532811,1.64570309500233,0.275570849952875,0.392362637779903,0
3.50856858895669,3.40625113584931,-0.40621957694172,0.27558162472187,0.0107760938532811,1.64470355586419,0.27558162472187,0.393129128522007,0
3.50956846601253,3.40721328317485,-0.405947498550902,0.275592399490866,0.0107760938532811,1.64370401741748,0.275592399490866,0.393896027131928,0
3.51056834306838,3.40817542756876,-0.405675409793184,0.275603174259861,0.0107760938532811,1.64270447966358,0.275603174259861,0.394663332666164,0
3.51156822012422,3.40913756903091,-0.405403310668599,0.275613949028857,0.0107760938532811,1.64170494260386,0.275613949028857,0.395431044183619,0
3.51256809718007,3.4100997075612,-0.405131201177177,0.275624723797852,0.0107760938532811,1.64070540623972,0.275624723797852,0.396199160745604,0
3.51356797423591,3.41106184315952,-0.40485908131895,0.275635498566848,0.0107760938532811,1.63970587057254,0.275635498566848,0.396967681415825,0
3.51456785129175,3.41202397582575,-0.404586951093951,0.275646273335843,0.0107760938532811,1.63870633560371,0.275646273335843,0.397736605260384,0
3.5155677283476,3.41298610555979,-0.40431481050221,0.275657048104839,0.0107760938532811,1.63770680133463,0.275657048104839,0.398505931347769,0
3.51656760540344,3.41394823236152,-0.404042659543759,0.275667822873835,0.0107760938532811,1.6367072677667,0.275667822873835,0.399275658748849,0
3.51756748245929,3.41491035623083,-0.40377049821863,0.27567859764283,0.0107760938532811,1.63570773490131,0.27567859764283,0.400045786536873,0
3.51856735951513,3.41587247716761,-0.403498326526855,0.275689372411826,0.0107760938532811,1.63470820273988,0.275689372411826,0.400816313787457,0
3.51956723657097,3.41683459517175,-0.403226144468464,0.275700147180821,0.0107760938532811,1.63370867128381,0.275700147180821,0.401587239578585,0
3.52056711362682,3.41779671024313,-0.40295395204349,0.275710921949817,0.0107760938532811,1.6327091405345,0.275710921949817,0.402358562990602,0
3.52156699068266,3.41875882238165,-0.402681749251964,0.275721696718812,0.0107760938532811,1.63170961049339,0.275721696718812,0.403130283106205,0
3.52256686773851,3.41972093158719,-0.402409536093918,0.275732471487808,0.0107760938532811,1.63071008116188,0.275732471487808,0.403902399010443,0
3.52356674479435,3.42068303785963,-0.402137312569383,0.275743246256803,0.0107760938532811,1.6297105525414,0.275743246256803,0.40467490979071,0
3.52456662185019,3.42164514119888,-0.401865078678391,0.275754021025799,0.0107760938532811,1.62871102463337,0.275754021025799,0.405447814536735,0
3.52556649890604,3.42260724160481,-0.401592834420974,0.275764795794794,0.0107760938532811,1.62771149743922,0.275764795794795,0.406221112340581,0
3.52656637596188,3.42356933907732,-0.401320579797163,0.27577557056379,0.0107760938532811,1.62671197096039,0.27577557056379,0.406994802296642,0
3.52756625301773,3.42453143361629,-0.40104831480699,0.275786345332786,0.0107760938532811,1.62571244519831,0.275786345332786,0.407768883501633,0
3.52856613007357,3.42549352522162,-0.400776039450486,0.275797120101781,0.0107760938532811,1.62471292015441,0.275797120101781,0.408543355054584,0
3.52956600712941,3.42645561389318,-0.400503753727683,0.275807894870777,0.0107760938532811,1.62371339583014,0.275807894870777,0.409318216056838,0
3.53056588418526,3.42741769963087,-0.400231457638613,0.275818669639772,0.0107760938532811,1.62271387222695,0.275818669639772,0.410093465612046,0
3.5315657612411,3.42837978243458,-0.399959151183307,0.275829444408768,0.0107760938532811,1.62171434934628,0.275829444408767,0.410869102826155,0
3.53256563829695,3.4293418623042,-0.399686834361797,0.275840219177763,0.0107760938532811,1.6207148271896,0.275840219177763,0.411645126807414,0
3.53356551535279,3.43030393923961,-0.399414507174114,0.275850993946759,0.0107760938532811,1.61971530575834,0.275850993946759,0.412421536666357,0
3.53456539240863,3.43126601324069,-0.399142169620291,0.275861768715754,0.0107760938532811,1.61871578505399,0.275861768715754,0.413198331515804,0
3.53556526946448,3.43222808430735,-0.398869821700357,0.27587254348475,0.0107760938532811,1.61771626507799,0.27587254348475,0.413975510470856,0
3.53656514652032,3.43319015243947,-0.398597463414347,0.275883318253745,0.0107760938532811,1.61671674583181,0.275883318253745,0.414753072648885,0
3.53756502357617,3.43415221763693,-0.39832509476229,0.275894093022741,0.0107760938532811,1.61571722731693,0.275894093022741,0.415531017169534,0
3.53856490063201,3.43511427989963,-0.398052715744219,0.275904867791736,0.0107760938532811,1.61471770953483,0.275904867791736,0.416309343154709,0
3.53956477768785,3.43607633922745,-0.397780326360165,0.275915642560732,0.0107760938532811,1.61371819248697,0.275915642560732,0.417088049728572,0
3.5405646547437,3.43703839562029,-0.39750792661016,0.275926417329728,0.0107760938532811,1.61271867617484,0.275926417329727,0.41786713601754,0
3.54156453179954,3.43800044907802,-0.397235516494235,0.275937192098723,0.0107760938532811,1.61171916059992,0.275937192098723,0.418646601150275,0
3.54256440885539,3.43896249960054,-0.396963096012422,0.275947966867719,0.0107760938532811,1.61071964576371,0.275947966867719,0.419426444257683,0
3.54356428591123,3.43992454718774,-0.396690665164753,0.275958741636714,0.0107760938532811,1.60972013166769,0.275958741636714,0.420206664472904,0
3.54456416296707,3.4408865918395,-0.396418223951259,0.27596951640571,0.0107760938532811,1.60872061831336,0.27596951640571,0.420987260931311,0
3.54556404002292,3.44184863355571,-0.396145772371973,0.275980291174705,0.0107760938532811,1.60772110570222,0.275980291174705,0.421768232770502,0
3.54656391707876,3.44281067233627,-0.395873310426924,0.275991065943701,0.0107760938532811,1.60672159383578,0.275991065943701,0.422549579130295,0
3.54756379413461,3.44377270818106,-0.395600838116146,0.276001840712696,0.0107760938532811,1.60572208271554,0.276001840712696,0.423331299152725,0
3.54856367119045,3.44473474108996,-0.39532835543967,0.276012615481692,0.0107760938532811,1.604722572343,0.276012615481692,0.424113391982035,0
3.54956354824629,3.44569677106287,-0.395055862397527,0.276023390250687,0.0107760938532811,1.6037230627197,0.276023390250687,0.424895856764674,0
3.55056342530214,3.44665879809968,-0.394783358989749,0.276034165019683,0.0107760938532811,1.60272355384713,0.276034165019683,0.425678692649288,0
3.55156330235798,3.44762082220026,-0.394510845216368,0.276044939788679,0.0107760938532811,1.60172404572683,0.276044939788679,0.426461898786719,0
3.55256317941383,3.44858284336452,-0.394238321077416,0.276055714557674,0.0107760938532811,1.60072453836032,0.276055714557674,0.427245474329998,0
3.55356305646967,3.44954486159234,-0.393965786572923,0.27606648932667,0.0107760938532811,1.59972503174912,0.27606648932667,0.428029418434336,0
3.55456293352551,3.45050687688361,-0.393693241702922,0.276077264095665,0.0107760938532811,1.59872552589478,0.276077264095665,0.428813730257127,0
3.55556281058136,3.45146888923821,-0.393420686467445,0.276088038864661,0.0107760938532811,1.59772602079883,0.27608803886466,0.429598408957933,0
3.5565626876372,3.45243089865604,-0.393148120866522,0.276098813633656,0.0107760938532811,1.5967265164628,0.276098813633656,0.430383453698487,0
3.55756256469305,3.45339290513698,-0.392875544900186,0.276109588402652,0.0107760938532811,1.59572701288825,0.276109588402652,0.431168863642682,0
3.55856244174889,3.45435490868092,-0.392602958568468,0.276120363171647,0.0107760938532811,1.59472751007672,0.276120363171647,0.431954637956569,0
3.55956231880473,3.45531690928775,-0.3923303618714,0.276131137940643,0.0107760938532811,1.59372800802976,0.276131137940643,0.432740775808351,0
3.56056219586058,3.45627890695735,-0.392057754809013,0.276141912709638,0.0107760938532811,1.59272850674893,0.276141912709639,0.433527276368378,0
3.56156207291642,3.45724090168963,-0.39178513738134,0.276152687478634,0.0107760938532811,1.59172900623578,0.276152687478634,0.434314138809137,0
3.56256194997227,3.45820289348446,-0.391512509588411,0.276163462247629,0.0107760938532811,1.59072950649189,0.276163462247629,0.435101362305257,0
3.56356182702811,3.45916488234173,-0.391239871430259,0.276174237016625,0.0107760938532811,1.58973000751881,0.276174237016625,0.435888946033495,0
3.56456170408395,3.46012686826133,-0.390967222906915,0.276185011785621,0.0107760938532811,1.58873050931812,0.27618501178562,0.436676889172732,0
3.5655615811398,3.46108885124315,-0.39069456401841,0.276195786554616,0.0107760938532811,1.58773101189139,0.276195786554616,0.437465190903972,0
3.56656145819564,3.46205083128708,-0.390421894764778,0.276206561323612,0.0107760938532811,1.58673151524021,0.276206561323612,0.438253850410331,0
3.56756133525149,3.463012808393,-0.390149215146048,0.276217336092607,0.0107760938532811,1.58573201936615,0.276217336092607,0.439042866877039,0
3.56856121230733,3.46397478256081,-0.389876525162253,0.276228110861603,0.0107760938532811,1.5847325242708,0.276228110861603,0.439832239491427,0
3.56956108936317,3.46493675379039,-0.389603824813424,0.276238885630598,0.0107760938532811,1.58373302995575,0.276238885630598,0.440621967442929,0
3.57056096641902,3.46589872208164,-0.389331114099594,0.276249660399594,0.0107760938532811,1.5827335364226,0.276249660399594,0.441412049923069,0
3.57156084347486,3.46686068743443,-0.389058393020793,0.276260435168589,0.0107760938532811,1.58173404367294,0.276260435168589,0.442202486125462,0
3.57256072053071,3.46782264984866,-0.388785661577053,0.276271209937585,0.0107760938532811,1.58073455170838,0.276271209937585,0.442993275245811,0
3.57356059758655,3.46878460932421,-0.388512919768407,0.27628198470658,0.0107760938532811,1.57973506053052,0.27628198470658,0.443784416481889,0
3.57456047464239,3.46974656586098,-0.388240167594885,0.276292759475576,0.0107760938532811,1.57873557014098,0.276292759475576,0.444575909033551,0
3.57556035169824,3.47070851945885,-0.38796740505652,0.276303534244572,0.0107760938532811,1.57773608054136,0.276303534244572,0.445367752102717,0
3.57656022875408,3.47167047011772,-0.387694632153342,0.276314309013567,0.0107760938532811,1.57673659173329,0.276314309013567,0.446159944893369,0
3.57756010580993,3.47263241783746,-0.387421848885385,0.276325083782563,0.0107760938532811,1.57573710371839,0.276325083782563,0.44695248661155,0
3.57855998286577,3.47359436261797,-0.387149055252678,0.276335858551558,0.0107760938532811,1.57473761649828,0.276335858551558,0.447745376465353,0
3.57955985992161,3.47455630445913,-0.386876251255255,0.276346633320554,0.0107760938532811,1.5737381300746,0.276346633320554,0.448538613664922,0
3.58055973697746,3.47551824336084,-0.386603436893146,0.276357408089549,0.0107760938532811,1.57273864444898,0.276357408089549,0.449332197422443,0
3.5815596140333,3.47648017932298,-0.386330612166384,0.276368182858545,0.0107760938532811,1.57173915962305,0.276368182858545,0.450126126952137,0
3.58255949108915,3.47744211234544,-0.386057777075,0.27637895762754,0.0107760938532811,1.57073967559847,0.27637895762754,0.45092040147026,0
3.58355936814499,3.47840404242812,-0.385784931619026,0.276389732396536,0.0107760938532811,1.56974019237688,0.276389732396536,0.451715020195097,0
3.58455924520084,3.47936596957088,-0.385512075798493,0.276400507165531,0.0107760938532811,1.56874070995992,0.276400507165532,0.452509982346952,0
3.58555912225668,3.48032789377364,-0.385239209613433,0.276411281934527,0.0107760938532811,1.56774122834926,0.276411281934527,0.453305287148147,0
3.58655899931252,3.48128981503627,-0.384966333063878,0.276422056703522,0.0107760938532811,1.56674174754655,0.276422056703522,0.454100933823018,0
3.58755887636837,3.48225173335866,-0.384693446149859,0.276432831472518,0.0107760938532811,1.56574226755346,0.276432831472518,0.454896921597908,0
3.58855875342421,3.4832136487407,-0.384420548871408,0.276443606241514,0.0107760938532811,1.56474278837165,0.276443606241513,0.455693249701159,0
3.58955863048006,3.48417556118228,-0.384147641228558,0.276454381010509,0.0107760938532811,1.5637433100028,0.276454381010509,0.456489917363114,0
3.5905585075359,3.48513747068329,-0.383874723221338,0.276465155779505,0.0107760938532811,1.56274383244858,0.276465155779505,0.457286923816106,0
3.59155838459174,3.48609937724361,-0.383601794849782,0.2764759305485,0.0107760938532811,1.56174435571068,0.2764759305485,0.458084268294455,0
3.59255826164759,3.48706128086314,-0.383328856113921,0.276486705317496,0.0107760938532811,1.56074487979077,0.276486705317496,0.458881950034464,0
3.59355813870343,3.48802318156773,-0.3830559071053,0.276496392798752,0.00456225736189572,1.55974540468784,0.276496392798752,0.459679968331701,0
3.59455801575927,3.48898508045007,-0.382782951674955,0.276500954495212,0.00456225736189572,1.55874593028995,0.276500954495211,0.460478324835455,0
3.59555789281512,3.48994697808726,-0.382509991856721,0.276505516191671,0.00456225736189572,1.55774645653843,0.276505516191671,0.461277020053822,0
3.59655776987096,3.49090887447928,-0.382237027650606,0.27651007788813,0.00456225736189572,1.55674698343455,0.27651007788813,0.462076053222629,0
3.59755764692681,3.49187076962611,-0.381964059056614,0.276514639584589,0.00456225736189572,1.55574751097958,0.276514639584589,0.462875423579683,0
3.59855752398265,3.49283266352773,-0.381691086074751,0.276519201281048,0.00456225736189572,1.55474803917479,0.276519201281047,0.463675130364758,0
3.5995574010385,3.49379455618412,-0.381418108705023,0.276523762977507,0.00456225736189572,1.55374856802145,0.276523762977507,0.464475172819594,0
3.60055727809434,3.49475644759526,-0.381145126947436,0.276528324673966,0.00456225736189572,1.55274909752085,0.276528324673966,0.465275550187891,0
3.60155715515018,3.49571833776113,-0.380872140801994,0.276532886370425,0.00456225736189572,1.55174962767427,0.276532886370425,0.466076261715305,0
3.60255703220603,3.49668022668171,-0.380599150268705,0.276537448066884,0.00456225736189572,1.55075015848299,0.276537448066883,0.466877306649441,0
3.60355690926187,3.49764211435698,-0.380326155347573,0.276542009763343,0.00456225736189572,1.5497506899483,0.276542009763343,0.467678684239849,0
3.60455678631772,3.49860400078692,-0.380053156038605,0.276546571459802,0.00456225736189572,1.54875122207149,0.276546571459802,0.468480393738019,0
3.60555666337356,3.49956588597151,-0.379780152341805,0.276551133156261,0.00456225736189572,1.54775175485386,0.276551133156261,0.469282434397377,0
3.6065565404294,3.50052776991073,-0.37950714425718,0.27655569485272,0.00456225736189572,1.54675228829671,0.276555694852719,0.47008480547328,0
3.60755641748525,3.50148965260457,-0.379234131784735,0.276560256549179,0.00456225736189572,1.54575282240134,0.276560256549179,0.470887506223009,0
3.60855629454109,3.50245153405299,-0.378961114924477,0.276564818245638,0.00456225736189572,1.54475335716905,0.276564818245638,0.471690535905765,0
3.60955617159694,3.50341341425598,-0.378688093676409,0.276569379942097,0.00456225736189572,1.54375389260116,0.276569379942097,0.472493893782669,0
3.61055604865278,3.50437529321352,-0.37841506804054,0.276573941638556,0.00456225736189572,1.54275442869897,0.276573941638556,0.473297579116745,0
3.61155592570862,3.50533717092559,-0.378142038016873,0.276578503335015,0.00456225736189572,1.5417549654638,0.276578503335015,0.47410159117293,0
3.61255580276447,3.50629904739217,-0.377869003605415,0.276583065031474,0.00456225736189572,1.54075550289697,0.276583065031474,0.474905929218057,0
3.61355567982031,3.50726092261324,-0.377595964806171,0.276587626727933,0.00456225736189572,1.5397560409998,0.276587626727933,0.475710592520859,0
3.61455555687616,3.50822279658878,-0.377322921619147,0.276592188424392,0.00456225736189572,1.53875657977362,0.276592188424392,0.476515580351956,0
3.615555433932,3.50918466931877,-0.377049874044349,0.276596750120851,0.00456225736189572,1.53775711921976,0.276596750120851,0.477320891983858,0
3.61655531098784,3.51014654080319,-0.376776822081783,0.27660131181731,0.00456225736189572,1.53675765933954,0.27660131181731,0.478126526690953,0
3.61755518804369,3.51110841104202,-0.376503765731453,0.276605873513769,0.00456225736189572,1.53575820013431,0.276605873513769,0.478932483749509,0
3.61855506509953,3.51207028003524,-0.376230704993366,0.276610435210228,0.00456225736189572,1.53475874160541,0.276610435210228,0.479738762437662,0
3.61955494215538,3.51303214778283,-0.375957639867528,0.276614996906687,0.00456225736189572,1.53375928375417,0.276614996906687,0.480545362035418,0
3.62055481921122,3.51399401428477,-0.375684570353944,0.276619558603146,0.00456225736189572,1.53275982658195,0.276619558603146,0.481352281824645,0
3.62155469626706,3.51495587954104,-0.37541149645262,0.276624120299605,0.00456225736189572,1.53176037009009,0.276624120299605,0.482159521089065,0
3.62255457332291,3.51591774355162,-0.375138418163561,0.276628681996064,0.00456225736189572,1.53076091427995,0.276628681996064,0.482967079114257,0
3.62355445037875,3.51687960631648,-0.374865335486774,0.276633243692523,0.00456225736189572,1.52976145915288,0.276633243692523,0.483774955187644,0
3.6245543274346,3.51784146783562,-0.374592248422263,0.276637805388982,0.00456225736189572,1.52876200471025,0.276637805388982,0.484583148598493,0
3.62555420449044,3.51880332810901,-0.374319156970035,0.276642367085441,0.00456225736189572,1.52776255095342,0.276642367085441,0.48539165863791,0
3.62655408154628,3.51976518713663,-0.374046061130095,0.2766469287819,0.00456225736189572,1.52676309788376,0.2766469287819,0.486200484598833,0
3.62755395860213,3.52072704491845,-0.373772960902449,0.276651490478359,0.00456225736189572,1.52576364550263,0.276651490478359,0.48700962577603,0
3.62855383565797,3.52168890145447,-0.373499856287102,0.276656052174818,0.00456225736189572,1.52476419381141,0.276656052174818,0.487819081466092,0
3.62955371271382,3.52265075674466,-0.373226747284061,0.276660613871277,0.00456225736189572,1.52376474281149,0.276660613871277,0.488628850967428,0
3.63055358976966,3.52361261078899,-0.372953633893331,0.276665175567736,0.00456225736189572,1.52276529250424,0.276665175567736,0.489438933580263,0
3.6315534668255,3.52457446358746,-0.372680516114918,0.276669737264195,0.00456225736189572,1.52176584289105,0.276669737264195,0.490249328606632,0
3.63255334388135,3.52553631514004,-0.372407393948827,0.276674298960654,0.00456225736189572,1.52076639397331,0.276674298960654,0.491060035350374,0
3.63355322093719,3.5264981654467,-0.372134267395064,0.276678860657113,0.00456225736189572,1.51976694575241,0.276678860657113,0.491871053117126,0
3.63455309799304,3.52746001450743,-0.371861136453634,0.276683422353572,0.00456225736189572,1.51876749822974,0.276683422353572,0.492682381214325,0
3.63555297504888,3.52842186232222,-0.371588001124544,0.276687984050031,0.00456225736189572,1.51776805140672,0.276687984050031,0.493494018951195,0
3.63655285210472,3.52938370889103,-0.371314861407799,0.27669254574649,0.00456225736189572,1.51676860528473,0.27669254574649,0.494305965638747,0
3.63755272916057,3.53034555421386,-0.371041717303405,0.276697107442949,0.00456225736189572,1.5157691598652,0.276697107442949,0.495118220589776,0
3.63855260621641,3.53130739829067,-0.370768568811367,0.276701669139408,0.00456225736189572,1.51476971514952,0.276701669139408,0.49593078311885,0
3.63955248327226,3.53226924112145,-0.370495415931692,0.276706230835867,0.00456225736189572,1.51377027113912,0.276706230835867,0.496743652542312,0
3.6405523603281,3.53323108270618,-0.370222258664384,0.276710792532326,0.00456225736189572,1.51277082783541,0.276710792532326,0.49755682817827,0
3.64155223738394,3.53419292304484,-0.36994909700945,0.276715354228785,0.00456225736189572,1.51177138523982,0.276715354228785,0.498370309346598,0
3.64255211443979,3.53515476213741,-0.369675930966894,0.276719915925244,0.00456225736189572,1.51077194335377,0.276719915925244,0.499184095368925,0
3.64355199149563,3.53611659998387,-0.369402760536724,0.276724477621703,0.00456225736189572,1.5097725021787,0.276724477621703,0.499998185568636,0
3.64455186855148,3.5370784365842,-0.369129585718944,0.276729039318162,0.00456225736189572,1.50877306171603,0.276729039318162,0.500812579270863,0
3.64555174560732,3.53804027193838,-0.368856406513561,0.276733601014621,0.00456225736189572,1.50777362196721,0.276733601014621,0.501627275802484,0
3.64655162266317,3.53900210604639,-0.368583222920579,0.27673816271108,0.00456225736189572,1.50677418293366,0.27673816271108,0.502442274492117,0
3.64755149971901,3.53996393890821,-0.368310034940005,0.276742724407539,0.00456225736189572,1.50577474461685,0.276742724407539,0.503257574670112,0
3.64855137677485,3.54092577052381,-0.368036842571844,0.276747286103998,0.00456225736189572,1.50477530701822,0.276747286103998,0.504073175668553,0
3.6495512538307,3.54188760089319,-0.367763645816103,0.276751847800457,0.00456225736189572,1.50377587013922,0.276751847800457,0.50488907682125,0
3.65055113088654,3.54284943001631,-0.367490444672786,0.276756409496916,0.00456225736189572,1.50277643398131,0.276756409496916,0.505705277463733,0
3.65155100794238,3.54381125789317,-0.367217239141899,0.276760971193375,0.00456225736189572,1.50177699854595,0.276760971193375,0.506521776933249,0
3.65255088499823,3.54477308452373,-0.366944029223448,0.276765532889834,0.00456225736189572,1.5007775638346,0.276765532889834,0.507338574568759,0
3.65355076205407,3.54573490990798,-0.366670814917439,0.276770094586293,0.00456225736189572,1.49977812984873,0.276770094586293,0.50815566971093,0
3.65455063910992,3.54669673404591,-0.366397596223877,0.276774656282752,0.00456225736189572,1.49877869658982,0.276774656282752,0.508973061702134,0
3.65555051616576,3.54765855693748,-0.366124373142769,0.276779217979211,0.00456225736189572,1.49777926405933,0.276779217979211,0.50979074988644,0
3.6565503932216,3.54862037858268,-0.365851145674119,0.27678377967567,0.00456225736189572,1.49677983225876,0.27678377967567,0.510608733609613,0
3.65755027027745,3.54958219898149,-0.365577913817934,0.276788341372129,0.00456225736189572,1.49578040118957,0.276788341372129,0.511427012219108,0
3.65855014733329,3.55054401813389,-0.365304677574218,0.276792903068588,0.00456225736189572,1.49478097085327,0.276792903068588,0.512245585064064,0
3.65955002438914,3.55150583603986,-0.365031436942979,0.276797464765047,0.00456225736189572,1.49378154125135,0.276797464765048,0.513064451495302,0
3.66054990144498,3.55246765269938,-0.364758191924221,0.276802026461506,0.00456225736189572,1.49278211238529,0.276802026461506,0.513883610865319,0
3.66154977850083,3.55342946811242,-0.36448494251795,0.276806588157965,0.00456225736189572,1.4917826842566,0.276806588157966,0.514703062528284,0
3.66254965555667,3.55439128227898,-0.364211688724173,0.276811149854425,0.00456225736189572,1.49078325686678,0.276811149854424,0.515522805840034,0
3.66354953261251,3.55535309519902,-0.363938430542893,0.276815711550884,0.00456225736189572,1.48978383021735,0.276815711550884,0.516342840158069,0
3.66454940966836,3.55631490687254,-0.363665167974118,0.276820273247343,0.00456225736189572,1.4887844043098,0.276820273247342,0.517163164841547,0
3.6655492867242,3.5572767172995,-0.363391901017853,0.276824834943802,0.00456225736189572,1.48778497914567,0.276824834943802,0.517983779251282,0
3.66654916378005,3.55823852647989,-0.363118629674104,0.276829396640261,0.00456225736189572,1.48678555472646,0.27682939664026,0.518804682749735,0
3.66754904083589,3.55920033441369,-0.362845353942876,0.27683395833672,0.00456225736189572,1.48578613105371,0.27683395833672,0.519625874701015,0
3.66854891789173,3.56016214110089,-0.362572073824175,0.276838520033179,0.00456225736189572,1.48478670812893,0.276838520033178,0.520447354470872,0
3.66954879494758,3.56112394654145,-0.362298789318006,0.276843081729638,0.00456225736189572,1.48378728595367,0.276843081729638,0.521269121426692,0
3.67054867200342,3.56208575073535,-0.362025500424376,0.276847643426097,0.00456225736189572,1.48278786452946,0.276847643426096,0.522091174937491,0
3.67154854905927,3.56304755368259,-0.36175220714329,0.276852205122556,0.00456225736189572,1.48178844385784,0.276852205122556,0.522913514373918,0
3.67254842611511,3.56400935538314,-0.361478909474754,0.276856766819015,0.00456225736189572,1.48078902394035,0.276856766819014,0.523736139108242,0
3.67354830317095,3.56497115583697,-0.361205607418773,0.276861328515474,0.00456225736189572,1.47978960477854,0.276861328515474,0.524559048514352,0
3.6745481802268,3.56593295504408,-0.360932300975353,0.276865890211933,0.00456225736189572,1.47879018637397,0.276865890211933,0.525382241967752,0
3.67554805728264,3.56689475300443,-0.3606589901445,0.276870451908392,0.00456225736189572,1.4777907687282,0.276870451908392,0.526205718845557,0
3.67654793433849,3.56785654971801,-0.36038567492622,0.276875013604851,0.00456225736189572,1.47679135184278,0.276875013604851,0.527029478526489,0
3.67754781139433,3.56881834518481,-0.360112355320518,0.27687957530131,0.00456225736189572,1.47579193571928,0.27687957530131,0.527853520390869,0
3.67854768845017,3.56978013940479,-0.359839031327399,0.276884136997769,0.00456225736189572,1.47479252035927,0.276884136997769,0.52867784382062,0
3.67954756550602,3.57074193237793,-0.359565702946871,0.276888698694228,0.00456225736189572,1.47379310576432,0.276888698694228,0.529502448199255,0
3.68054744256186,3.57170372410423,-0.359292370178937,0.276893260390687,0.00456225736189572,1.47279369193601,0.276893260390687,0.530327332911879,0
3.68154731961771,3.57266551458366,-0.359019033023604,0.276897822087146,0.00456225736189572,1.47179427887593,0.276897822087146,0.531152497345178,0
3.68254719667355,3.5736273038162,-0.358745691480878,0.276902383783605,0.00456225736189572,1.47079486658567,0.276902383783605,0.531977940887422,0
3.68354707372939,3.57458909180182,-0.358472345550765,0.276906945480064,0.00456225736189572,1.4697954550668,0.276906945480064,0.532803662928457,0
3.68454695078524,3.57555087854052,-0.358198995233269,0.276911507176523,0.00456225736189572,1.46879604432093,0.276911507176523,0.5336296628597,0
3.68554682784108,3.57651266403226,-0.357925640528397,0.276916068872982,0.00456225736189572,1.46779663434967,0.276916068872982,0.534455940074136,0
3.68654670489693,3.57747444827703,-0.357652281436154,0.276920630569441,0.00456225736189572,1.4667972251546,0.276920630569441,0.535282493966313,0
3.68754658195277,3.57843623127481,-0.357378917956546,0.2769251922659,0.00456225736189572,1.46579781673734,0.2769251922659,0.536109323932343,0
3.68854645900861,3.57939801302558,-0.35710555008958,0.276929753962359,0.00456225736189572,1.46479840909951,0.276929753962359,0.536936429369886,0
3.68954633606446,3.58035979352931,-0.356832177835259,0.276934315658818,0.00456225736189572,1.46379900224272,0.276934315658818,0.537763809678159,0
3.6905462131203,3.581321572786,-0.356558801193591,0.276938877355277,0.00456225736189572,1.46279959616859,0.276938877355277,0.538591464257923,0
3.69154609017615,3.58228335079562,-0.35628542016458,0.276943439051736,0.00456225736189572,1.46180019087875,0.276943439051736,0.539419392511484,0
3.69254596723199,3.58324512755814,-0.356012034748234,0.276948000748195,0.00456225736189572,1.46080078637483,0.276948000748195,0.540247593842683,0
3.69354584428783,3.58420690307355,-0.355738644944556,0.276952562444654,0.00456225736189572,1.45980138265847,0.276952562444654,0.541076067656898,0
3.69454572134368,3.58516867734183,-0.355465250753553,0.276957124141113,0.00456225736189572,1.45880197973129,0.276957124141113,0.541904813361039,0
3.69554559839952,3.58613045036296,-0.35519185217523,0.276961685837572,0.00456225736189572,1.45780257759496,0.276961685837572,0.542733830363538,0
3.69654547545537,3.58709222213692,-0.354918449209594,0.276966247534031,0.00456225736189572,1.45680317625111,0.276966247534031,0.543563118074352,0
3.69754535251121,3.58805399266369,-0.35464504185665,0.27697080923049,0.00456225736189572,1.4558037757014,0.27697080923049,0.544392675904953,0
3.69854522956705,3.58901576194324,-0.354371630116404,0.276975370926949,0.00456225736189572,1.45480437594749,0.276975370926949,0.545222503268331,0
3.6995451066229,3.58997752997557,-0.354098213988861,0.276979932623408,0.00456225736189572,1.45380497699103,0.276979932623408,0.546052599578983,0
3.70054498367874,3.59093929676064,-0.353824793474027,0.276984494319867,0.00456225736189572,1.4528055788337,0.276984494319867,0.54688296425291,0
3.70154486073459,3.59190106229844,-0.353551368571907,0.276989056016326,0.00456225736189572,1.45180618147717,0.276989056016326,0.547713596707618,0
3.70254473779043,3.59286282658895,-0.353277939282508,0.276993617712785,0.00456225736189572,1.45080678492311,0.276993617712785,0.54854449636211,0
3.70354461484627,3.59382458963215,-0.353004505605835,0.276998179409244,0.00456225736189572,1.4498073891732,0.276998179409244,0.54937566263688,0
3.70454449190212,3.59478635142802,-0.352731067541894,0.277002741105703,0.00456225736189572,1.44880799422912,0.277002741105703,0.550207094953913,0
3.70554436895796,3.59574811197654,-0.35245762509069,0.277007302802162,0.00456225736189572,1.44780860009258,0.277007302802162,0.55103879273668,0
3.70654424601381,3.59670987127768,-0.35218417825223,0.277011864498621,0.00456225736189572,1.44680920676525,0.277011864498621,0.55187075541013,0
3.70754412306965,3.59767162933143,-0.351910727026518,0.27701642619508,0.00456225736189572,1.44580981424885,0.27701642619508,0.552702982400694,0
3.70854400012549,3.59863338613777,-0.351637271413561,0.277020987891539,0.00456225736189572,1.44481042254507,0.277020987891539,0.553535473136273,0
3.70954387718134,3.59959514169668,-0.351363811413364,0.277025549587998,0.00456225736189572,1.44381103165562,0.277025549587998,0.554368227046239,0
3.71054375423718,3.60055689600814,-0.351090347025933,0.277030111284457,0.00456225736189572,1.44281164158221,0.277030111284457,0.555201243561428,0
3.71154363129303,3.60151864907213,-0.350816878251274,0.277034672980916,0.00456225736189572,1.44181225232657,0.277034672980916,0.556034522114136,0
3.71254350834887,3.60248040088862,-0.350543405089392,0.277039234677375,0.00456225736189572,1.44081286389041,0.277039234677375,0.556868062138119,0
3.71354338540471,3.60344215145761,-0.350269927540292,0.277043796373834,0.00456225736189572,1.43981347627546,0.277043796373834,0.557701863068588,0
3.71454326246056,3.60440390077906,-0.349996445603982,0.277048358070293,0.00456225736189572,1.43881408948346,0.277048358070293,0.558535924342196,0
3.7155431395164,3.60536564885296,-0.349722959280466,0.277052919766752,0.00456225736189572,1.43781470351614,0.277052919766752,0.559370245397049,0
3.71654301657225,3.60632739567929,-0.34944946856975,0.277057481463211,0.00456225736189572,1.43681531837524,0.277057481463211,0.560204825672691,0
3.71754289362809,3.60728914129796,-0.349175973612265,0.277060875073573,-0.000110661568131668,1.43581593405793,0.277060875073573,0.561039664690423,0
3.71854277068393,3.60825088658749,-0.348902477497368,0.277060764425611,-0.000110661568131668,1.43481655046501,0.27706076442561,0.561874763658187,0
3.71954264773978,3.60921263190729,-0.348628981488887,0.277060653777648,-0.000110661568131668,1.43381716755667,0.277060653777648,0.562710122737682,0
3.72054252479562,3.61017437725735,-0.34835548558682,0.277060543129685,-0.000110661568131668,1.43281778533435,0.277060543129684,0.56354574136867,0
3.72154240185147,3.61113612263767,-0.348081989791169,0.277060432481722,-0.000110661568131668,1.43181840379949,0.277060432481722,0.56438161899235,0
3.72254227890731,3.61209786804825,-0.347808494101933,0.277060321833759,-0.000110661568131668,1.43081902295352,0.277060321833759,0.565217755051351,0
3.72354215596315,3.61305961348909,-0.347534998519112,0.277060211185796,-0.000110661568131668,1.4298196427979,0.277060211185796,0.566054148989728,0
3.724542033019,3.61402135896019,-0.347261503042706,0.277060100537833,-0.000110661568131668,1.42882026333407,0.277060100537833,0.566890800252961,0
3.72554191007484,3.61498310446156,-0.346988007672715,0.27705998988987,-0.000110661568131668,1.42782088456347,0.27705998988987,0.567727708287945,0
3.72654178713069,3.61594484999319,-0.34671451240914,0.277059879241907,-0.000110661568131668,1.42682150648758,0.277059879241907,0.568564872542994,0
3.72754166418653,3.61690659555508,-0.34644101725198,0.277059768593944,-0.000110661568131668,1.42582212910785,0.277059768593944,0.569402292467829,0
3.72854154124238,3.61786834114723,-0.346167522201234,0.277059657945981,-0.000110661568131668,1.42482275242574,0.277059657945981,0.570239967513584,0
3.72954141829822,3.61883008676964,-0.345894027256905,0.277059547298018,-0.000110661568131668,1.42382337644273,0.277059547298018,0.57107789713279,0
3.73054129535406,3.61979183242231,-0.34562053241899,0.277059436650055,-0.000110661568131668,1.42282400116028,0.277059436650055,0.571916080779382,0
3.73154117240991,3.62075357810525,-0.34534703768749,0.277059326002092,-0.000110661568131668,1.42182462657987,0.277059326002092,0.57275451790869,0
3.73254104946575,3.62171532381845,-0.345073543062406,0.277059215354129,-0.000110661568131668,1.420825252703,0.27705921535413,0.573593207977434,0
3.7335409265216,3.62267706956191,-0.344800048543737,0.277059104706166,-0.000110661568131668,1.41982587953113,0.277059104706166,0.574432150443724,0
3.73454080357744,3.62363881533563,-0.344526554131483,0.277058994058204,-0.000110661568131668,1.41882650706576,0.277058994058204,0.575271344767055,0
3.73554068063328,3.62460056113961,-0.344253059825645,0.277058883410241,-0.000110661568131668,1.41782713530839,0.27705888341024,0.576110790408302,0
3.73654055768913,3.62556230697385,-0.343979565626221,0.277058772762278,-0.000110661568131668,1.41682776426051,0.277058772762278,0.576950486829715,0
3.73754043474497,3.62652405283836,-0.343706071533213,0.277058662114315,-0.000110661568131668,1.41582839392363,0.277058662114315,0.577790433494921,0
3.73854031180081,3.62748579873312,-0.34343257754662,0.277058551466352,-0.000110661568131668,1.41482902429925,0.277058551466352,0.578630629868911,0
3.73954018885666,3.62844754465815,-0.343159083666442,0.277058440818389,-0.000110661568131668,1.41382965538888,0.277058440818389,0.579471075418048,0
3.7405400659125,3.62940929061344,-0.34288558989268,0.277058330170426,-0.000110661568131668,1.41283028719404,0.277058330170426,0.580311769610052,0
3.74153994296835,3.63037103659899,-0.342612096225332,0.277058219522463,-0.000110661568131668,1.41183091971625,0.277058219522463,0.581152711914002,0
3.74253982002419,3.63133278261481,-0.3423386026644,0.2770581088745,-0.000110661568131668,1.41083155295703,0.2770581088745,0.581993901800335,0
3.74353969708004,3.63229452866088,-0.342065109209883,0.277057998226537,-0.000110661568131668,1.40983218691791,0.277057998226537,0.582835338740832,0
3.74453957413588,3.63325627473722,-0.341791615861782,0.277057887578574,-0.000110661568131668,1.40883282160042,0.277057887578574,0.583677022208628,0
3.74553945119172,3.63421802084382,-0.341518122620096,0.277057776930611,-0.000110661568131668,1.4078334570061,0.277057776930611,0.584518951678198,0
3.74653932824757,3.63517976698067,-0.341244629484824,0.277057666282648,-0.000110661568131668,1.40683409313649,0.277057666282648,0.585361126625356,0
3.74753920530341,3.63614151314779,-0.340971136455968,0.277057555634685,-0.000110661568131668,1.40583472999313,0.277057555634685,0.586203546527254,0
3.74853908235926,3.63710325934518,-0.340697643533528,0.277057444986722,-0.000110661568131668,1.40483536757758,0.277057444986722,0.587046210862375,0
3.7495389594151,3.63806500557282,-0.340424150717503,0.277057334338759,-0.000110661568131668,1.40383600589139,0.277057334338759,0.587889119110531,0
3.75053883647094,3.63902675183072,-0.340150658007893,0.277057223690796,-0.000110661568131668,1.40283664493612,0.277057223690797,0.588732270752861,0
3.75153871352679,3.63998849811889,-0.339877165404698,0.277057113042834,-0.000110661568131668,1.40183728471333,0.277057113042833,0.589575665271821,0
3.75253859058263,3.64095024443732,-0.339603672907918,0.277057002394871,-0.000110661568131668,1.40083792522459,0.277057002394871,0.590419302151189,0
3.75353846763848,3.64191199078601,-0.339330180517554,0.277056891746908,-0.000110661568131668,1.39983856647147,0.277056891746908,0.591263180876055,0
3.75453834469432,3.64287373716496,-0.339056688233605,0.277056781098945,-0.000110661568131668,1.39883920845555,0.277056781098945,0.592107300932821,0
3.75553822175016,3.64383548357417,-0.338783196056071,0.277056670450982,-0.000110661568131668,1.39783985117841,0.277056670450982,0.592951661809194,0
3.75653809880601,3.64479723001364,-0.338509703984953,0.277056559803019,-0.000110661568131668,1.39684049464163,0.277056559803019,0.593796262994187,0
3.75753797586185,3.64575897648338,-0.33823621202025,0.277056449155056,-0.000110661568131668,1.39584113884681,0.277056449155056,0.594641103978112,0
3.7585378529177,3.64672072298337,-0.337962720161962,0.277056338507093,-0.000110661568131668,1.39484178379554,0.277056338507093,0.595486184252574,0
3.75953772997354,3.64768246951363,-0.337689228410089,0.27705622785913,-0.000110661568131668,1.39384242948942,0.27705622785913,0.596331503310476,0
3.76053760702938,3.64864421607415,-0.337415736764632,0.277056117211167,-0.000110661568131668,1.39284307593005,0.277056117211167,0.597177060646006,0
3.76153748408523,3.64960596266493,-0.33714224522559,0.277056006563204,-0.000110661568131668,1.39184372311904,0.277056006563204,0.59802285575464,0
3.76253736114107,3.65056770928597,-0.336868753792963,0.277055895915241,-0.000110661568131668,1.39084437105801,0.277055895915241,0.598868888133136,0
3.76353723819692,3.65152945593727,-0.336595262466752,0.277055785267278,-0.000110661568131668,1.38984501974857,0.277055785267278,0.599715157279528,0
3.76453711525276,3.65249120261883,-0.336321771246956,0.277055674619315,-0.000110661568131668,1.38884566919235,0.277055674619315,0.600561662693129,0
3.7655369923086,3.65345294933066,-0.336048280133575,0.277055563971352,-0.000110661568131668,1.38784631939096,0.277055563971353,0.601408403874521,0
3.76653686936445,3.65441469607274,-0.33577478912661,0.277055453323389,-0.000110661568131668,1.38684697034605,0.277055453323389,0.602255380325554,0
3.76753674642029,3.65537644284509,-0.33550129822606,0.277055342675427,-0.000110661568131668,1.38584762205926,0.277055342675427,0.603102591549342,0
3.76853662347614,3.6563381896477,-0.335227807431925,0.277055232027464,-0.000110661568131668,1.38484827453221,0.277055232027464,0.603950037050263,0
3.76953650053198,3.65729993648057,-0.334954316744206,0.277055121379501,-0.000110661568131668,1.38384892776656,0.277055121379501,0.60479771633395,0
3.77053637758782,3.6582616833437,-0.334680826162902,0.277055010731538,-0.000110661568131668,1.38284958176396,0.277055010731538,0.605645628907291,0
3.77153625464367,3.65922343023709,-0.334407335688013,0.277054900083575,-0.000110661568131668,1.38185023652607,0.277054900083575,0.606493774278424,0
3.77253613169951,3.66018517716074,-0.334133845319539,0.277054789435612,-0.000110661568131668,1.38085089205454,0.277054789435612,0.607342151956736,0
3.77353600875536,3.66114692411466,-0.333860355057481,0.277054678787649,-0.000110661568131668,1.37985154835104,0.277054678787649,0.608190761452857,0
3.7745358858112,3.66210867109883,-0.333586864901839,0.277054568139686,-0.000110661568131668,1.37885220541724,0.277054568139686,0.609039602278655,0
3.77553576286704,3.66307041811327,-0.333313374852611,0.277054457491723,-0.000110661568131668,1.37785286325481,0.277054457491723,0.609888673947238,0
3.77653563992289,3.66403216515796,-0.333039884909799,0.27705434684376,-0.000110661568131668,1.37685352186543,0.27705434684376,0.610737975972948,0
3.77753551697873,3.66499391223292,-0.332766395073402,0.277054236195797,-0.000110661568131668,1.3758541812508,0.277054236195797,0.611587507871354,0
3.77853539403458,3.66595565933814,-0.332492905343421,0.277054125547834,-0.000110661568131668,1.37485484141259,0.277054125547834,0.612437269159255,0
3.77953527109042,3.66691740647362,-0.332219415719855,0.277054014899871,-0.000110661568131668,1.3738555023525,0.277054014899871,0.613287259354672,0
3.78053514814626,3.66787915363936,-0.331945926202704,0.277053904251908,-0.000110661568131668,1.37285616407224,0.277053904251908,0.614137477976844,0
3.78153502520211,3.66884090083537,-0.331672436791969,0.277053793603945,-0.000110661568131668,1.3718568265735,0.277053793603945,0.61498792454623,0
3.78253490225795,3.66980264806163,-0.331398947487649,0.277053682955982,-0.000110661568131668,1.370857489858,0.277053682955982,0.615838598584502,0
3.7835347793138,3.67076439531816,-0.331125458289745,0.27705357230802,-0.000110661568131668,1.36985815392744,0.27705357230802,0.616689499614541,0
3.78453465636964,3.67172614260494,-0.330851969198256,0.277053461660057,-0.000110661568131668,1.36885881878356,0.277053461660056,0.617540627160433,0
3.78553453342548,3.67268788992199,-0.330578480213182,0.277053351012094,-0.000110661568131668,1.36785948442806,0.277053351012094,0.61839198074747,0
3.78653441048133,3.6736496372693,-0.330304991334524,0.277053240364131,-0.000110661568131668,1.36686015086269,0.277053240364131,0.619243559902143,0
3.78753428753717,3.67461138464687,-0.330031502562281,0.277053129716168,-0.000110661568131668,1.36586081808917,0.277053129716168,0.62009536415214,0
3.78853416459302,3.6755731320547,-0.329758013896453,0.277053019068205,-0.000110661568131668,1.36486148610925,0.277053019068205,0.620947393026342,0
3.78953404164886,3.67653487949279,-0.329484525337041,0.277052908420242,-0.000110661568131668,1.36386215492466,0.277052908420242,0.621799646054819,0
3.7905339187047,3.67749662696114,-0.329211036884044,0.277052797772279,-0.000110661568131668,1.36286282453717,0.277052797772279,0.622652122768829,0
3.79153379576055,3.67845837445975,-0.328937548537462,0.277052687124316,-0.000110661568131668,1.36186349494852,0.277052687124316,0.623504822700815,0
3.79253367281639,3.67942012198862,-0.328664060297297,0.277052576476353,-0.000110661568131668,1.36086416616048,0.277052576476353,0.624357745384398,0
3.79353354987224,3.68038186954776,-0.328390572163546,0.27705246582839,-0.000110661568131668,1.3598648381748,0.27705246582839,0.625210890354376,0
3.79453342692808,3.68134361713715,-0.328117084136211,0.277052355180427,-0.000110661568131668,1.35886551099326,0.277052355180427,0.626064257146723,0
3.79553330398392,3.68230536475681,-0.327843596215291,0.277052244532464,-0.000110661568131668,1.35786618461764,0.277052244532464,0.62691784529858,0
3.79653318103977,3.68326711240673,-0.327570108400787,0.277052133884501,-0.000110661568131668,1.35686685904971,0.277052133884501,0.627771654348258,0
3.79753305809561,3.6842288600869,-0.327296620692698,0.277052023236538,-0.000110661568131668,1.35586753429126,0.277052023236538,0.628625683835231,0
3.79853293515146,3.68519060779734,-0.327023133091024,0.277051912588575,-0.000110661568131668,1.35486821034409,0.277051912588576,0.629479933300137,0
3.7995328122073,3.68615235553804,-0.326749645595766,0.277051801940613,-0.000110661568131668,1.35386888720998,0.277051801940613,0.630334402284765,0
3.80053268926314,3.687114103309,-0.326476158206923,0.27705169129265,-0.000110661568131668,1.35286956489074,0.27705169129265,0.631189090332064,0
3.80153256631899,3.68807585111023,-0.326202670924496,0.277051580644687,-0.000110661568131668,1.35187024338819,0.277051580644687,0.632043996986131,0
3.80253244337483,3.68903759894171,-0.325929183748484,0.277051469996724,-0.000110661568131668,1.35087092270412,0.277051469996723,0.632899121792216,0
3.80353232043068,3.68999934680345,-0.325655696678888,0.277051359348761,-0.000110661568131668,1.34987160284036,0.277051359348761,0.633754464296706,0
3.80453219748652,3.69096109469546,-0.325382209715707,0.277051248700798,-0.000110661568131668,1.34887228379873,0.277051248700798,0.634610024047138,0
3.80553207454237,3.69192284261772,-0.325108722858942,0.277051138052835,-0.000110661568131668,1.34787296558106,0.277051138052835,0.635465800592181,0
3.80653195159821,3.69288459057025,-0.324835236108592,0.277051027404872,-0.000110661568131668,1.34687364818918,0.277051027404872,0.636321793481643,0
3.80753182865405,3.69384633855303,-0.324561749464657,0.277050916756909,-0.000110661568131668,1.34587433162494,0.277050916756909,0.637178002266464,0
3.8085317057099,3.69480808656608,-0.324288262927138,0.277050806108946,-0.000110661568131668,1.34487501589018,0.277050806108946,0.638034426498711,0
3.80953158276574,3.69576983460939,-0.324014776496034,0.277050695460983,-0.000110661568131668,1.34387570098674,0.277050695460983,0.638891065731581,0
3.81053145982159,3.69673158268295,-0.323741290171346,0.27705058481302,-0.000110661568131668,1.34287638691649,0.27705058481302,0.63974791951939,0
3.81153133687743,3.69769333078678,-0.323467803953074,0.277050474165057,-0.000110661568131668,1.34187707368129,0.277050474165057,0.640604987417575,0
3.81253121393327,3.69865507892087,-0.323194317841216,0.277050363517094,-0.000110661568131668,1.34087776128299,0.277050363517094,0.641462268982691,0
3.81353109098912,3.69961682708522,-0.322920831835775,0.277050252869131,-0.000110661568131668,1.33987844972349,0.277050252869131,0.642319763772405,0
3.81453096804496,3.70057857527983,-0.322647345936748,0.277050142221168,-0.000110661568131668,1.33887913900464,0.277050142221168,0.643177471345496,0
3.81553084510081,3.7015403235047,-0.322373860144137,0.277050031573205,-0.000110661568131668,1.33787982912835,0.277050031573205,0.644035391261849,0
3.81653072215665,3.70250207175984,-0.322100374457942,0.277049920925243,-0.000110661568131668,1.33688052009649,0.277049920925243,0.644893523082455,0
3.81753059921249,3.70346382004523,-0.321826888878162,0.27704981027728,-0.000110661568131668,1.33588121191096,0.27704981027728,0.645751866369405,0
3.81853047626834,3.70442556836088,-0.321553403404798,0.277049699629317,-0.000110661568131668,1.33488190457367,0.277049699629317,0.646610420685887,0
3.81953035332418,3.7053873167068,-0.321279918037849,0.277049588981354,-0.000110661568131668,1.33388259808652,0.277049588981354,0.647469185596189,0
3.82053023038003,3.70634906508297,-0.321006432777316,0.277049478333391,-0.000110661568131668,1.33288329245141,0.277049478333391,0.648328160665688,0
3.82153010743587,3.70731081348941,-0.320732947623198,0.277049367685428,-0.000110661568131668,1.33188398767028,0.277049367685428,0.649187345460848,0
3.82252998449171,3.7082725619261,-0.320459462575496,0.277049257037465,-0.000110661568131668,1.33088468374504,0.277049257037465,0.650046739549223,0
3.82352986154756,3.70923431039306,-0.320185977634209,0.277049146389502,-0.000110661568131668,1.32988538067762,0.277049146389502,0.65090634249945,0
3.8245297386034,3.71019605889028,-0.319912492799337,0.277049035741539,-0.000110661568131668,1.32888607846996,0.277049035741539,0.651766153881244,0
3.82552961565925,3.71115780741775,-0.319639008070882,0.277048925093576,-0.000110661568131668,1.32788677712399,0.277048925093576,0.652626173265399,0
3.82652949271509,3.71211955597549,-0.319365523448841,0.277048814445613,-0.000110661568131668,1.32688747664168,0.277048814445613,0.653486400223782,0
3.82752936977093,3.71308130456349,-0.319092038933216,0.27704870379765,-0.000110661568131668,1.32588817702496,0.27704870379765,0.654346834329332,0
3.82852924682678,3.71404305318175,-0.318818554524007,0.277048593149687,-0.000110661568131668,1.3248888782758,0.277048593149687,0.655207475156056,0
3.82952912388262,3.71500480183027,-0.318545070221214,0.277048482501724,-0.000110661568131668,1.32388958039615,0.277048482501725,0.656068322279026,0
3.83052900093847,3.71596655050905,-0.318271586024835,0.277048371853761,-0.000110661568131668,1.32289028338801,0.277048371853761,0.656929375274378,0
3.83152887799431,3.71692829921809,-0.317998101934873,0.277048261205798,-0.000110661568131668,1.32189098725332,0.277048261205799,0.657790633719306,0
3.83252875505015,3.71789004795739,-0.317724617951325,0.277048150557836,-0.000110661568131668,1.32089169199409,0.277048150557836,0.658652097192059,0
3.833528632106,3.71885179672695,-0.317451134074194,0.277048039909873,-0.000110661568131668,1.3198923976123,0.277048039909872,0.659513765271943,0
3.83452850916184,3.71981354552677,-0.317177650303478,0.27704792926191,-0.000110661568131668,1.31889310410995,0.27704792926191,0.660375637539313,0
3.83552838621769,3.72077529435685,-0.316904166639177,0.277047818613947,-0.000110661568131668,1.31789381148902,0.277047818613947,0.661237713575572,0
3.83652826327353,3.7217370432172,-0.316630683081292,0.277047707965984,-0.000110661568131668,1.31689451975154,0.277047707965984,0.662099992963166,0
3.83752814032937,3.7226987921078,-0.316357199629823,0.277047597318021,-0.000110661568131668,1.31589522889951,0.277047597318021,0.662962475285587,0
3.83852801738522,3.72366054102866,-0.316083716284769,0.277047486670058,-0.000110661568131668,1.31489593893495,0.277047486670058,0.663825160127361,0
3.83952789444106,3.72462228997979,-0.315810233046131,0.277047376022095,-0.000110661568131668,1.31389664985989,0.277047376022095,0.664688047074056,0
3.84052777149691,3.72558403896117,-0.315536749913908,0.277047265374132,-0.000110661568131668,1.31289736167636,0.277047265374132,0.665551135712268,0
3.84152764855275,3.72654578802093,-0.31526326705731,0.277046072027165,-0.00344245534706686,1.31189807438035,0.277046072027165,0.666414425718348,0
3.84252752560859,3.72750753781447,-0.314989786781182,0.277042629995048,-0.00344245534706686,1.31089878789152,0.277042629995047,0.667277917888494,0
3.84352740266444,3.72846928854933,-0.314716309815429,0.27703918796293,-0.00344245534706686,1.3098995021856,0.27703918796293,0.668141612191926,0
3.84452727972028,3.7294310402255,-0.314442836160055,0.277035745930813,-0.00344245534706686,1.30890021726441,0.277035745930813,0.669005508215916,0
3.84552715677613,3.73039279284297,-0.314169365815063,0.277032303898696,-0.00344245534706686,1.30790093312976,0.277032303898696,0.669869605548762,0
3.84652703383197,3.73135454640173,-0.313895898780455,0.277028861866578,-0.00344245534706686,1.30690164978347,0.277028861866579,0.670733903779782,0
3.84752691088781,3.73231630090177,-0.313622435056236,0.277025419834461,-0.00344245534706686,1.30590236722735,0.277025419834461,0.671598402499318,0
3.84852678794366,3.73327805634307,-0.313348974642409,0.277021977802344,-0.00344245534706686,1.30490308546323,0.277021977802344,0.67246310129873,0
3.8495266649995,3.73423981272562,-0.313075517538976,0.277018535770227,-0.00344245534706686,1.30390380449294,0.277018535770226,0.673327999770395,0
3.85052654205535,3.73520157004942,-0.312802063745941,0.277015093738109,-0.00344245534706686,1.30290452431833,0.277015093738109,0.674193097507701,0
3.85152641911119,3.73616332831445,-0.312528613263308,0.277011651705992,-0.00344245534706686,1.30190524494124,0.277011651705992,0.675058394105046,0
3.85252629616703,3.7371250875207,-0.312255166091079,0.277008209673875,-0.00344245534706686,1.30090596636351,0.277008209673875,0.675923889157835,0
3.85352617322288,3.73808684766815,-0.311981722229257,0.277004767641757,-0.00344245534706686,1.29990668858701,0.277004767641758,0.676789582262479,0
3.85452605027872,3.7390486087568,-0.311708281677847,0.27700132560964,-0.00344245534706686,1.29890741161359,0.27700132560964,0.677655473016387,0
3.85552592733457,3.74001037078664,-0.31143484443685,0.276997883577523,-0.00344245534706686,1.29790813544512,0.276997883577523,0.678521561017972,0
3.85652580439041,3.74097213375765,-0.311161410506271,0.276994441545406,-0.00344245534706686,1.29690886008347,0.276994441545406,0.679387845866639,0
3.85752568144625,3.74193389766983,-0.310887979886113,0.276990999513288,-0.00344245534706686,1.29590958553052,0.276990999513288,0.680254327162789,0
3.8585255585021,3.74289566252316,-0.310614552576379,0.276987557481171,-0.00344245534706686,1.29491031178816,0.276987557481171,0.681121004507811,0
3.85952543555794,3.74385742831762,-0.310341128577072,0.276984115449054,-0.00344245534706686,1.29391103885828,0.276984115449054,0.681987877504082,0
3.86052531261379,3.74481919505322,-0.310067707888195,0.276980673416936,-0.00344245534706686,1.29291176674276,0.276980673416936,0.682854945754967,0
3.86152518966963,3.74578096272993,-0.309794290509751,0.276977231384819,-0.00344245534706686,1.29191249544352,0.276977231384819,0.683722208864812,0
3.86252506672547,3.74674273134775,-0.309520876441745,0.276973789352702,-0.00344245534706686,1.29091322496246,0.276973789352702,0.68458966643894,0
3.86352494378132,3.74770450090666,-0.309247465684179,0.276970347320585,-0.00344245534706686,1.28991395530149,0.276970347320585,0.685457318083655,0
3.86452482083716,3.74866627140665,-0.308974058237056,0.276966905288467,-0.00344245534706686,1.28891468646253,0.276966905288467,0.686325163406233,0
3.86552469789301,3.74962804284772,-0.308700654100379,0.27696346325635,-0.00344245534706686,1.28791541844751,0.27696346325635,0.687193202014921,0
3.86652457494885,3.75058981522985,-0.308427253274153,0.276960021224233,-0.00344245534706686,1.28691615125836,0.276960021224233,0.688061433518938,0
3.86752445200469,3.75155158855302,-0.308153855758379,0.276956579192115,-0.00344245534706686,1.28591688489701,0.276956579192115,0.688929857528464,0
3.86852432906054,3.75251336281723,-0.307880461553062,0.276953137159998,-0.00344245534706686,1.28491761936542,0.276953137159998,0.68979847365465,0
3.86952420611638,3.75347513802247,-0.307607070658204,0.276949695127881,-0.00344245534706686,1.28391835466552,0.276949695127881,0.690667281509599,0
3.87052408317223,3.75443691416873,-0.307333683073809,0.276946253095763,-0.00344245534706686,1.28291909079928,0.276946253095764,0.691536280706379,0
3.87152396022807,3.75539869125598,-0.30706029879988,0.276942811063646,-0.00344245534706686,1.28191982776865,0.276942811063646,0.692405470859012,0
3.87252383728392,3.75636046928423,-0.30678691783642,0.276939369031529,-0.00344245534706686,1.2809205655756,0.276939369031529,0.693274851582471,0
3.87352371433976,3.75732224825346,-0.306513540183433,0.276935926999412,-0.00344245534706686,1.27992130422211,0.276935926999411,0.69414442249268,0
3.8745235913956,3.75828402816365,-0.306240165840922,0.276932484967294,-0.00344245534706686,1.27892204371015,0.276932484967294,0.695014183206512,0
3.87552346845145,3.75924580901481,-0.305966794808889,0.276929042935177,-0.00344245534706686,1.27792278404172,0.276929042935177,0.695884133341784,0
3.87652334550729,3.76020759080691,-0.305693427087339,0.27692560090306,-0.00344245534706686,1.2769235252188,0.27692560090306,0.696754272517257,0
3.87752322256314,3.76116937353995,-0.305420062676274,0.276922158870942,-0.00344245534706686,1.27592426724339,0.276922158870943,0.697624600352629,0
3.87852309961898,3.76213115721391,-0.305146701575698,0.276918716838825,-0.00344245534706686,1.2749250101175,0.276918716838825,0.698495116468537,0
3.87952297667482,3.76309294182878,-0.304873343785613,0.276915274806708,-0.00344245534706686,1.27392575384314,0.276915274806708,0.699365820486554,0
3.88052285373067,3.76405472738455,-0.304599989306024,0.276911832774591,-0.00344245534706686,1.27292649842232,0.276911832774591,0.700236712029181,0
3.88152273078651,3.76501651388121,-0.304326638136933,0.276908390742473,-0.00344245534706686,1.27192724385707,0.276908390742473,0.701107790719853,0
3.88252260784235,3.76597830131875,-0.304053290278344,0.276904948710356,-0.00344245534706686,1.27092799014942,0.276904948710356,0.701979056182929,0
3.8835224848982,3.76694008969715,-0.30377994573026,0.276901506678239,-0.00344245534706686,1.26992873730141,0.276901506678239,0.702850508043694,0
3.88452236195404,3.76790187901641,-0.303506604492684,0.276898064646121,-0.00344245534706686,1.26892948531507,0.276898064646121,0.703722145928353,0
3.88552223900989,3.76886366927652,-0.303233266565619,0.276894622614004,-0.00344245534706686,1.26793023419246,0.276894622614004,0.704593969464033,0
3.88652211606573,3.76982546047745,-0.302959931949069,0.276891180581887,-0.00344245534706686,1.26693098393563,0.276891180581887,0.705465978278775,0
3.88752199312158,3.77078725261921,-0.302686600643036,0.27688773854977,-0.00344245534706686,1.26593173454664,0.27688773854977,0.706338172001537,0
3.88852187017742,3.77174904570178,-0.302413272647525,0.276884296517652,-0.00344245534706686,1.26493248602757,0.276884296517652,0.707210550262185,0
3.88952174723326,3.77271083972514,-0.302139947962538,0.276880854485535,-0.00344245534706686,1.26393323838048,0.276880854485535,0.708083112691498,0
3.89052162428911,3.77367263468929,-0.301866626588079,0.276877412453418,-0.00344245534706686,1.26293399160747,0.276877412453418,0.708955858921159,0
3.89152150134495,3.77463443059422,-0.30159330852415,0.2768739704213,-0.00344245534706686,1.26193474571061,0.2768739704213,0.709828788583756,0
3.8925213784008,3.77559622743991,-0.301319993770755,0.276870528389183,-0.00344245534706686,1.260935500692,0.276870528389183,0.710701901312779,0
3.89352125545664,3.77655802522635,-0.301046682327898,0.276867086357066,-0.00344245534706686,1.25993625655375,0.276867086357066,0.711575196742617,0
3.89452113251248,3.77751982395353,-0.300773374195581,0.276863644324949,-0.00344245534706686,1.25893701329796,0.276863644324949,0.712448674508556,0
3.89552100956833,3.77848162362145,-0.300500069373807,0.276860202292831,-0.00344245534706686,1.25793777092675,0.276860202292831,0.713322334246774,0
3.89652088662417,3.77944342423008,-0.300226767862581,0.276856760260714,-0.00344245534706686,1.25693852944224,0.276856760260714,0.714196175594344,0
3.89752076368002,3.78040522577942,-0.299953469661905,0.276853318228597,-0.00344245534706686,1.25593928884655,0.276853318228597,0.715070198189227,0
3.89852064073586,3.78136702826945,-0.299680174771782,0.276849876196479,-0.00344245534706686,1.25494004914182,0.276849876196479,0.715944401670272,0
3.8995205177917,3.78232883170017,-0.299406883192216,0.276846434164362,-0.00344245534706686,1.2539408103302,0.276846434164362,0.716818785677208,0
3.90052039484755,3.78329063607156,-0.29913359492321,0.276842992132245,-0.00344245534706686,1.25294157241383,0.276842992132245,0.717693349850651,0
3.90152027190339,3.78425244138361,-0.298860309964767,0.276839550100127,-0.00344245534706686,1.25194233539486,0.276839550100128,0.718568093832095,0
3.90252014895924,3.78521424763631,-0.298587028316891,0.27683610806801,-0.00344245534706686,1.25094309927547,0.27683610806801,0.719443017263909,0
3.90352002601508,3.78617605482965,-0.298313749979584,0.276832666035893,-0.00344245534706686,1.24994386405782,0.276832666035893,0.720318119789339,0
3.90451990307092,3.78713786296362,-0.29804047495285,0.276829224003776,-0.00344245534706686,1.24894462974408,0.276829224003776,0.721193401052503,0
3.90551978012677,3.7880996720382,-0.297767203236692,0.276825781971658,-0.00344245534706686,1.24794539633644,0.276825781971658,0.722068860698388,0
3.90651965718261,3.78906148205339,-0.297493934831114,0.276822339939541,-0.00344245534706686,1.24694616383709,0.276822339939541,0.722944498372848,0
3.90751953423846,3.79002329300917,-0.297220669736118,0.276818897907424,-0.00344245534706686,1.24594693224822,0.276818897907424,0.723820313722605,0
3.9085194112943,3.79098510490553,-0.296947407951708,0.276815455875306,-0.00344245534706686,1.24494770157205,0.276815455875306,0.72469630639524,0
3.90951928835014,3.79194691774247,-0.296674149477886,0.276812013843189,-0.00344245534706686,1.24394847181077,0.276812013843189,0.725572476039198,0
3.91051916540599,3.79290873151996,-0.296400894314658,0.276808571811072,-0.00344245534706686,1.24294924296662,0.276808571811072,0.726448822303776,0
3.91151904246183,3.793870546238,-0.296127642462024,0.276805129778955,-0.00344245534706686,1.24195001504181,0.276805129778955,0.727325344839134,0
3.91251891951768,3.79483236189657,-0.29585439391999,0.276801687746837,-0.00344245534706686,1.24095078803858,0.276801687746837,0.728202043296281,0
3.91351879657352,3.79579417849567,-0.295581148688557,0.27679824571472,-0.00344245534706686,1.23995156195916,0.27679824571472,0.729078917327077,0
3.91451867362936,3.79675599603528,-0.29530790676773,0.276794803682603,-0.00344245534706686,1.23895233680581,0.276794803682603,0.72995596658423,0
3.91551855068521,3.79771781451539,-0.295034668157511,0.276791361650485,-0.00344245534706686,1.23795311258078,0.276791361650485,0.730833190721296,0
3.91651842774105,3.798679633936,-0.294761432857904,0.276787919618368,-0.00344245534706686,1.23695388928633,0.276787919618368,0.731710589392675,0
3.9175183047969,3.79964145429708,-0.294488200868912,0.276784477586251,-0.00344245534706686,1.23595466692473,0.276784477586251,0.732588162253606,0
3.91851818185274,3.80060327559863,-0.294214972190538,0.276781035554134,-0.00344245534706686,1.23495544549826,0.276781035554134,0.73346590896017,0
3.91951805890858,3.80156509784064,-0.293941746822786,0.276777593522016,-0.00344245534706686,1.2339562250092,0.276777593522016,0.734343829169283,0
3.92051793596443,3.80252692102309,-0.293668524765658,0.276774151489899,-0.00344245534706686,1.23295700545983,0.276774151489899,0.735221922538697,0
3.92151781302027,3.80348874514598,-0.293395306019158,0.276770709457782,-0.00344245534706686,1.23195778685247,0.276770709457782,0.736100188726994,0
3.92251769007612,3.80445057020928,-0.29312209058329,0.276767267425664,-0.00344245534706686,1.2309585691894,0.276767267425664,0.736978627393588,0
3.92351756713196,3.805412396213,-0.292848878458055,0.276763825393547,-0.00344245534706686,1.22995935247296,0.276763825393547,0.737857238198721,0
3.9245174441878,3.80637422315712,-0.292575669643458,0.27676038336143,-0.00344245534706686,1.22896013670545,0.27676038336143,0.73873602080346,0
3.92551732124365,3.80733605104162,-0.292302464139502,0.276756941329313,-0.00344245534706686,1.22796092188922,0.276756941329313,0.739614974869694,0
3.92651719829949,3.8082978798665,-0.292029261946191,0.276753499297195,-0.00344245534706686,1.22696170802658,0.276753499297195,0.740494100060133,0
3.92751707535534,3.80925970963175,-0.291756063063526,0.276750057265078,-0.00344245534706686,1.22596249511989,0.276750057265078,0.741373396038308,0
3.92851695241118,3.81022154033735,-0.291482867491512,0.276746615232961,-0.00344245534706686,1.2249632831715,0.276746615232961,0.742252862468563,0
3.92951682946702,3.81118337198329,-0.291209675230152,0.276743173200843,-0.00344245534706686,1.22396407218377,0.276743173200843,0.74313249901606,0
3.93051670652287,3.81214520456956,-0.290936486279449,0.276739731168726,-0.00344245534706686,1.22296486215905,0.276739731168726,0.744012305346769,0
3.93151658357871,3.81310703809616,-0.290663300639406,0.276736289136609,-0.00344245534706686,1.22196565309974,0.276736289136609,0.744892281127472,0
3.93251646063456,3.81406887256306,-0.290390118310027,0.276732847104491,-0.00344245534706686,1.2209664450082,0.276732847104491,0.745772426025758,0
3.9335163376904,3.81503070797025,-0.290116939291314,0.276729405072374,-0.00344245534706686,1.21996723788684,0.276729405072374,0.746652739710022,0
3.93451621474624,3.81599254431774,-0.289843763583272,0.276725963040257,-0.00344245534706686,1.21896803173804,0.276725963040257,0.747533221849459,0
3.93551609180209,3.81695438160549,-0.289570591185902,0.27672252100814,-0.00344245534706686,1.21796882656421,0.27672252100814,0.74841387211407,0
3.93651596885793,3.81791621983351,-0.289297422099209,0.276719078976022,-0.00344245534706686,1.21696962236777,0.276719078976022,0.749294690174649,0
3.93751584591378,3.81887805900178,-0.289024256323196,0.276715636943905,-0.00344245534706686,1.21597041915113,0.276715636943905,0.750175675702789,0
3.93851572296962,3.81983989911029,-0.288751093857866,0.276712194911788,-0.00344245534706686,1.21497121691673,0.276712194911788,0.751056828370878,0
3.93951560002546,3.82080174015903,-0.288477934703222,0.27670875287967,-0.00344245534706686,1.21397201566701,0.27670875287967,0.751938147852096,0
3.94051547708131,3.82176358214798,-0.288204778859267,0.276705310847553,-0.00344245534706686,1.2129728154044,0.276705310847553,0.752819633820409,0
3.94151535413715,3.82272542507714,-0.287931626326005,0.276701868815436,-0.00344245534706686,1.21197361613136,0.276701868815436,0.753701285950577,0
3.942515231193,3.8236872689465,-0.287658477103438,0.276698426783319,-0.00344245534706686,1.21097441785036,0.276698426783319,0.754583103918141,0
3.94351510824884,3.82464911375603,-0.287385331191571,0.276694984751201,-0.00344245534706686,1.20997522056386,0.276694984751201,0.755465087399426,0
3.94451498530468,3.82561095950574,-0.287112188590407,0.276691542719084,-0.00344245534706686,1.20897602427434,0.276691542719084,0.75634723607154,0
3.94551486236053,3.82657280619561,-0.286839049299947,0.276688100686967,-0.00344245534706686,1.20797682898429,0.276688100686967,0.757229549612368,0
3.94651473941637,3.82753465382563,-0.286565913320197,0.276684658654849,-0.00344245534706686,1.2069776346962,0.276684658654849,0.758112027700574,0
3.94751461647222,3.82849650239578,-0.286292780651159,0.276681216622732,-0.00344245534706686,1.20597844141257,0.276681216622732,0.758994670015594,0
3.94851449352806,3.82945835190606,-0.286019651292836,0.276677774590615,-0.00344245534706686,1.20497924913592,0.276677774590615,0.759877476237639,0
3.94951437058391,3.83042020235645,-0.285746525245231,0.276674332558497,-0.00344245534706686,1.20398005786875,0.276674332558497,0.76076044604769,0
3.95051424763975,3.83138205374695,-0.285473402508348,0.27667089052638,-0.00344245534706686,1.20298086761361,0.27667089052638,0.761643579127497,0
3.95151412469559,3.83234390607754,-0.285200283082191,0.276667448494263,-0.00344245534706686,1.20198167837302,0.276667448494263,0.762526875159573,0
3.95251400175144,3.83330575934821,-0.284927166966761,0.276664006462146,-0.00344245534706686,1.20098249014953,0.276664006462146,0.763410333827201,0
3.95351387880728,3.83426761355894,-0.284654054162063,0.276660564430028,-0.00344245534706686,1.1999833029457,0.276660564430028,0.764293954814422,0
3.95451375586312,3.83522946870974,-0.2843809446681,0.276657122397911,-0.00344245534706686,1.19898411676407,0.276657122397911,0.765177737806036,0
3.95551363291897,3.83619132480058,-0.284107838484874,0.276653680365794,-0.00344245534706686,1.19798493160723,0.276653680365794,0.766061682487606,0
3.95651350997481,3.83715318183145,-0.28383473561239,0.276650238333676,-0.00344245534706686,1.19698574747775,0.276650238333676,0.766945788545446,0
3.95751338703066,3.83811503980235,-0.28356163605065,0.276646796301559,-0.00344245534706686,1.19598656437822,0.276646796301559,0.767830055666627,0
3.9585132640865,3.83907689871326,-0.283288539799658,0.276643354269442,-0.00344245534706686,1.19498738231123,0.276643354269442,0.768714483538968,0
3.95951314114235,3.84003875856417,-0.283015446859417,0.276639912237325,-0.00344245534706686,1.19398820127939,0.276639912237325,0.769599071851043,0
3.96051301819819,3.84100061935507,-0.28274235722993,0.276636470205207,-0.00344245534706686,1.1929890212853,0.276636470205207,0.770483820292169,0
3.96151289525403,3.84196248108595,-0.2824692709112,0.27663302817309,-0.00344245534706686,1.1919898423316,0.27663302817309,0.77136872855241,0
3.96251277230988,3.84292434375679,-0.28219618790323,0.276629586140973,-0.00344245534706686,1.19099066442091,0.276629586140973,0.772253796322575,0
3.96351264936572,3.84388620736759,-0.281923108206025,0.276626144108855,-0.00344245534706686,1.18999148755588,0.276626144108855,0.773139023294212,0
3.96451252642157,3.84484807191833,-0.281650031819587,0.276622702076738,-0.00344245534706686,1.18899231173914,0.276622702076738,0.774024409159611,0
3.96551240347741,3.84580993754578,-0.28137695922572,0.276616755529458,-0.00970450980411596,1.18799313695458,0.276616755529458,0.774909953844287,0
3.96651228053325,3.84677180551515,-0.2811038948811,0.276607052212767,-0.00970450980411596,1.18699396303103,0.276607052212767,0.77579565919066,0
3.9675121575891,3.8477336761341,-0.280830839869802,0.276597348896075,-0.00970450980411596,1.18599478992844,0.276597348896075,0.776681525410984,0
3.96851203464494,3.84869554940255,-0.280557794191852,0.276587645579384,-0.00970450980411596,1.18499561764899,0.276587645579384,0.777567552194822,0
3.96951191170079,3.84965742532039,-0.280284757847275,0.276577942262692,-0.00970450980411596,1.18399644619484,0.276577942262692,0.778453739232471,0
3.97051178875663,3.85061930388755,-0.280011730836099,0.276568238946001,-0.00970450980411596,1.18299727556819,0.276568238946001,0.779340086214974,0
3.97151166581247,3.85158118510394,-0.279738713158347,0.27655853562931,-0.00970450980411596,1.18199810577122,0.27655853562931,0.780226592834109,0
3.97251154286832,3.85254306896945,-0.279465704814046,0.276548832312618,-0.00970450980411596,1.18099893680615,0.276548832312618,0.781113258782392,0
3.97351141992416,3.85350495548401,-0.279192705803222,0.276539128995927,-0.00970450980411596,1.17999976867517,0.276539128995927,0.78200008375307,0
3.97451129698001,3.85446684464751,-0.278919716125901,0.276529425679236,-0.00970450980411596,1.1790006013805,0.276529425679235,0.782887067440125,0
3.97551117403585,3.85542873645988,-0.278646735782107,0.276519722362544,-0.00970450980411596,1.17800143492436,0.276519722362544,0.783774209538267,0
3.97651105109169,3.85639063092102,-0.278373764771867,0.276510019045853,-0.00970450980411596,1.17700226930898,0.276510019045853,0.784661509742934,0
3.97751092814754,3.85735252803083,-0.278100803095207,0.276500315729161,-0.00970450980411596,1.1760031045366,0.276500315729161,0.785548967750289,0
3.97851080520338,3.85831442778924,-0.277827850752151,0.27649061241247,-0.00970450980411596,1.17500394060947,0.27649061241247,0.786436583257222,0
3.97951068225923,3.85927633019614,-0.277554907742727,0.276480909095779,-0.00970450980411596,1.17400477752983,0.276480909095778,0.787324355961342,0
3.98051055931507,3.86023823525145,-0.277281974066959,0.276471205779087,-0.00970450980411596,1.17300561529995,0.276471205779087,0.788212285560979,0
3.98151043637091,3.86120014295507,-0.277009049724873,0.276461502462396,-0.00970450980411596,1.17200645392209,0.276461502462396,0.78910037175518,0
3.98251031342676,3.86216205330692,-0.276736134716495,0.276451799145705,-0.00970450980411596,1.17100729339853,0.276451799145705,0.789988614243711,0
3.9835101904826,3.86312396630691,-0.276463229041851,0.276442095829013,-0.00970450980411596,1.17000813373155,0.276442095829013,0.79087701272705,0
3.98451006753845,3.86408588195494,-0.276190332700966,0.276432392512322,-0.00970450980411596,1.16900897492344,0.276432392512322,0.791765566906386,0
3.98550994459429,3.86504780025092,-0.275917445693866,0.27642268919563,-0.00970450980411596,1.16800981697651,0.276422689195631,0.79265427648362,0
3.98650982165013,3.86600972119477,-0.275644568020577,0.276412985878939,-0.00970450980411596,1.16701065989305,0.276412985878939,0.793543141161361,0
3.98750969870598,3.8669716447864,-0.275371699681124,0.276403282562248,-0.00970450980411596,1.16601150367538,0.276403282562248,0.794432160642925,0
3.98850957576182,3.8679335710257,-0.275098840675534,0.276393579245556,-0.00970450980411596,1.16501234832582,0.276393579245557,0.795321334632331,0
3.98950945281767,3.8688954999126,-0.274825991003831,0.276383875928865,-0.00970450980411596,1.16401319384671,0.276383875928865,0.796210662834302,0
3.99050932987351,3.869857431447,-0.274553150666041,0.276374172612174,-0.00970450980411596,1.16301404024037,0.276374172612174,0.79710014495426,0
3.99150920692935,3.87081936562881,-0.274280319662191,0.276364469295482,-0.00970450980411596,1.16201488750916,0.276364469295482,0.797989780698328,0
3.9925090839852,3.87178130245794,-0.274007497992306,0.276354765978791,-0.00970450980411596,1.16101573565543,0.276354765978791,0.798879569773323,0
3.99350896104104,3.8727432419343,-0.273734685656411,0.276345062662099,-0.00970450980411596,1.16001658468154,0.2763450626621,0.799769511886759,0
3.99450883809689,3.8737051840578,-0.273461882654532,0.276335359345408,-0.00970450980411596,1.15901743458985,0.276335359345408,0.800659606746844,0
3.99550871515273,3.87466712882834,-0.273189088986695,0.276325656028717,-0.00970450980411596,1.15801828538276,0.276325656028717,0.801549854062473,0
3.99650859220857,3.87562907624585,-0.272916304652926,0.276315952712025,-0.00970450980411596,1.15701913706264,0.276315952712025,0.802440253543236,0
3.99750846926442,3.87659102631022,-0.27264352965325,0.276306249395334,-0.00970450980411596,1.15601998963189,0.276306249395334,0.803330804899405,0
3.99850834632026,3.87755297902137,-0.272370763987693,0.276296546078643,-0.00970450980411596,1.1550208430929,0.276296546078643,0.804221507841942,0
3.99950822337611,3.87851493437921,-0.272098007656281,0.276286842761951,-0.00970450980411596,1.1540216974481,0.276286842761951,0.805112362082489,0
4.00050810043195,3.87947689238364,-0.271825260659039,0.27627713944526,-0.00970450980411596,1.15302255269989,0.27627713944526,0.806003367333371,0
4.00150797748779,3.88043885303458,-0.271552522995993,0.276267436128568,-0.00970450980411596,1.15202340885071,0.276267436128569,0.806894523307597,0
4.00250785454364,3.88140081633193,-0.271279794667169,0.276257732811877,-0.00970450980411596,1.151024265903,0.276257732811877,0.807785829718846,0
4.00350773159948,3.8823627822756,-0.271007075672592,0.276248029495186,-0.00970450980411596,1.15002512385919,0.276248029495186,0.808677286281482,0
4.00450760865533,3.88332475086551,-0.270734366012288,0.276238326178494,-0.00970450980411596,1.14902598272173,0.276238326178494,0.809568892710538,0
4.00550748571117,3.88428672210157,-0.270461665686283,0.276228622861803,-0.00970450980411596,1.1480268424931,0.276228622861803,0.810460648721721,0
4.00650736276701,3.88524869598367,-0.270188974694602,0.276218919545112,-0.00970450980411596,1.14702770317575,0.276218919545112,0.811352554031408,0
4.00750723982286,3.88621067251174,-0.269916293037272,0.27620921622842,-0.00970450980411596,1.14602856477216,0.27620921622842,0.812244608356648,0
4.0085071168787,3.88717265168567,-0.269643620714317,0.276199512911729,-0.00970450980411596,1.14502942728483,0.276199512911729,0.813136811415154,0
4.00950699393455,3.88813463350539,-0.269370957725763,0.276189809595037,-0.00970450980411596,1.14403029071624,0.276189809595038,0.814029162925306,0
4.01050687099039,3.8890966179708,-0.269098304071637,0.276180106278346,-0.00970450980411596,1.1430311550689,0.276180106278346,0.814921662606147,0
4.01150674804623,3.89005860508181,-0.268825659751963,0.276170402961655,-0.00970450980411596,1.14203202034532,0.276170402961655,0.815814310177383,0
4.01250662510208,3.89102059483832,-0.268553024766768,0.276160699644963,-0.00970450980411596,1.14103288654803,0.276160699644963,0.816707105359376,0
4.01350650215792,3.89198258724026,-0.268280399116077,0.276150996328272,-0.00970450980411596,1.14003375367954,0.276150996328272,0.817600047873153,0
4.01450637921377,3.89294458228752,-0.268007782799915,0.276141293011581,-0.00970450980411596,1.13903462174241,0.276141293011581,0.818493137440391,0
4.01550625626961,3.89390657998002,-0.26773517581831,0.276131589694889,-0.00970450980411596,1.13803549073918,0.276131589694889,0.819386373783423,0
4.01650613332546,3.89486858031767,-0.267462578171284,0.276121886378198,-0.00970450980411596,1.13703636067239,0.276121886378198,0.820279756625241,0
4.0175060103813,3.89583058330037,-0.267189989858867,0.276112183061506,-0.00970450980411596,1.13603723154463,0.276112183061506,0.821173285689478,0
4.01850588743714,3.89679258892804,-0.266917410881081,0.276102479744815,-0.00970450980411596,1.13503810335846,0.276102479744815,0.822066960700425,0
4.01950576449299,3.89775459720058,-0.266644841237953,0.276092776428124,-0.00970450980411596,1.13403897611646,0.276092776428124,0.822960781383016,0
4.02050564154883,3.8987166081179,-0.266372280929509,0.276083073111432,-0.00970450980411596,1.13303984982123,0.276083073111432,0.823854747462832,0
4.02150551860468,3.89967862167993,-0.266099729955775,0.276073369794741,-0.00970450980411596,1.13204072447537,0.276073369794741,0.824748858666099,0
4.02250539566052,3.90064063788655,-0.265827188316776,0.27606366647805,-0.00970450980411596,1.13104160008149,0.27606366647805,0.825643114719684,0
4.02350527271636,3.90160265673769,-0.265554656012537,0.276053963161358,-0.00970450980411596,1.1300424766422,0.276053963161358,0.826537515351095,0
4.02450514977221,3.90256467823324,-0.265282133043085,0.276044259844667,-0.00970450980411596,1.12904335416015,0.276044259844667,0.827432060288478,0
4.02550502682805,3.90352670237313,-0.265009619408445,0.276034556527975,-0.00970450980411596,1.12804423263795,0.276034556527975,0.82832674926062,0
4.02650490388389,3.90448872915726,-0.264737115108643,0.276024853211284,-0.00970450980411596,1.12704511207827,0.276024853211284,0.829221581996938,0
4.02750478093974,3.90545075858554,-0.264464620143704,0.276015149894593,-0.00970450980411596,1.12604599248375,0.276015149894593,0.830116558227487,0
4.02850465799558,3.90641279065788,-0.264192134513654,0.276005446577901,-0.00970450980411596,1.12504687385707,0.276005446577901,0.831011677682952,0
4.02950453505143,3.90737482537419,-0.263919658218519,0.27599574326121,-0.00970450980411596,1.12404775620089,0.27599574326121,0.831906940094648,0
4.03050441210727,3.90833686273438,-0.263647191258324,0.275986039944519,-0.00970450980411596,1.12304863951791,0.275986039944518,0.832802345194522,0
4.03150428916312,3.90929890273836,-0.263374733633095,0.275976336627827,-0.00970450980411596,1.12204952381081,0.275976336627827,0.833697892715143,0
4.03250416621896,3.91026094538603,-0.263102285342858,0.275966633311136,-0.00970450980411596,1.1210504090823,0.275966633311136,0.834593582389707,0
4.0335040432748,3.91122299067731,-0.262829846387638,0.275956929994445,-0.00970450980411596,1.12005129533509,0.275956929994444,0.835489413952036,0
4.03450392033065,3.91218503861211,-0.262557416767461,0.275947226677753,-0.00970450980411596,1.11905218257191,0.275947226677753,0.836385387136571,0
4.03550379738649,3.91314708919033,-0.262284996482353,0.275937523361062,-0.00970450980411596,1.11805307079548,0.275937523361062,0.837281501678374,0
4.03650367444234,3.91410914241188,-0.262012585532338,0.27592782004437,-0.00970450980411596,1.11705396000856,0.27592782004437,0.838177757313126,0
4.03750355149818,3.91507119827668,-0.261740183917444,0.275918116727679,-0.00970450980411596,1.11605485021388,0.275918116727679,0.839074153777125,0
4.03850342855402,3.91603325678464,-0.261467791637696,0.275908413410988,-0.00970450980411596,1.11505574141422,0.275908413410987,0.839970690807284,0
4.03950330560987,3.91699531793566,-0.261195408693118,0.275898710094296,-0.00970450980411596,1.11405663361234,0.275898710094296,0.840867368141127,0
4.04050318266571,3.91795738172965,-0.260923035083738,0.275889006777605,-0.00970450980411596,1.11305752681102,0.275889006777605,0.841764185516795,0
4.04150305972156,3.91891944816652,-0.26065067080958,0.275879303460914,-0.00970450980411596,1.11205842101306,0.275879303460913,0.842661142673035,0
4.0425029367774,3.91988151724619,-0.26037831587067,0.275869600144222,-0.00970450980411596,1.11105931622126,0.275869600144222,0.843558239349205,0
4.04350281383324,3.92084358896855,-0.260105970267033,0.275859896827531,-0.00970450980411596,1.11006021243842,0.275859896827531,0.844455475285267,0
4.04450269088909,3.92180566333353,-0.259833633998697,0.275850193510839,-0.00970450980411596,1.10906110966737,0.27585019351084,0.845352850221791,0
4.04550256794493,3.92276774034102,-0.259561307065685,0.275840490194148,-0.00970450980411596,1.10806200791095,0.275840490194148,0.846250363899951,0
4.04650244500078,3.92372981999095,-0.259288989468024,0.275830786877457,-0.00970450980411596,1.10706290717198,0.275830786877457,0.847148016061523,0
4.04750232205662,3.92469190228321,-0.25901668120574,0.275821083560765,-0.00970450980411596,1.10606380745332,0.275821083560765,0.848045806448879,0
4.04850219911246,3.92565398721772,-0.258744382278857,0.275811380244074,-0.00970450980411596,1.10506470875784,0.275811380244074,0.848943734804996,0
4.04950207616831,3.92661607479439,-0.258472092687402,0.275801676927383,-0.00970450980411596,1.1040656110884,0.275801676927383,0.849841800873445,0
4.05050195322415,3.92757816501312,-0.2581998124314,0.275791973610691,-0.00970450980411596,1.10306651444789,0.275791973610691,0.850740004398393,0
4.05150183028,3.92854025787384,-0.257927541510877,0.275782270294,-0.00970450980411596,1.10206741883921,0.275782270294,0.851638345124602,0
4.05250170733584,3.92950235337643,-0.257655279925859,0.275772566977308,-0.00970450980411596,1.10106832426524,0.275772566977309,0.852536822797423,0
4.05350158439168,3.93046445152083,-0.257383027676371,0.275762863660617,-0.00970450980411596,1.10006923072891,0.275762863660617,0.853435437162805,0
4.05450146144753,3.93142655230692,-0.257110784762438,0.275753160343926,-0.00970450980411596,1.09907013823315,0.275753160343926,0.854334187967278,0
4.05550133850337,3.93238865573463,-0.256838551184087,0.275743457027234,-0.00970450980411596,1.09807104678087,0.275743457027234,0.855233074957964,0
4.05650121555922,3.93335076180387,-0.256566326941344,0.275733753710543,-0.00970450980411596,1.09707195637504,0.275733753710543,0.856132097882572,0
4.05750109261506,3.93431287051454,-0.256294112034232,0.275724050393852,-0.00970450980411596,1.09607286701861,0.275724050393852,0.857031256489394,0
4.0585009696709,3.93527498186654,-0.256021906462779,0.27571434707716,-0.00970450980411596,1.09507377871453,0.27571434707716,0.857930550527303,0
4.05950084672675,3.9362370958598,-0.255749710227011,0.275704643760469,-0.00970450980411596,1.0940746914658,0.275704643760469,0.858829979745757,0
4.06050072378259,3.93719921249423,-0.255477523326951,0.275694940443777,-0.00970450980411596,1.09307560527539,0.275694940443778,0.859729543894793,0
4.06150060083844,3.93816133176972,-0.255205345762627,0.275685237127086,-0.00970450980411596,1.09207652014631,0.275685237127086,0.860629242725023,0
4.06250047789428,3.93912345368619,-0.254933177534064,0.275675533810395,-0.00970450980411596,1.09107743608157,0.275675533810395,0.86152907598764,0
4.06350035495012,3.94008557824355,-0.254661018641287,0.275665830493703,-0.00970450980411596,1.09007835308418,0.275665830493703,0.862429043434409,0
4.06450023200597,3.94104770544171,-0.254388869084323,0.275656127177012,-0.00970450980411596,1.08907927115718,0.275656127177012,0.863329144817673,0
4.06550010906181,3.94200983528058,-0.254116728863195,0.275646423860321,-0.00970450980411596,1.08808019030362,0.275646423860321,0.864229379890342,0
4.06649998611766,3.94297196776006,-0.253844597977932,0.275636720543629,-0.00970450980411596,1.08708111052654,0.275636720543629,0.865129748405899,0
4.0674998631735,3.94393410288008,-0.253572476428557,0.275627017226938,-0.00970450980411596,1.08608203182901,0.275627017226938,0.866030250118395,0
4.06849974022934,3.94489624064053,-0.253300364215097,0.275617313910246,-0.00970450980411596,1.0850829542141,0.275617313910247,0.866930884782452,0
4.06949961728519,3.94585838104132,-0.253028261337577,0.275607610593555,-0.00970450980411596,1.08408387768491,0.275607610593555,0.867831652153251,0
4.07049949434103,3.94682052408237,-0.252756167796023,0.275597907276864,-0.00970450980411596,1.08308480224453,0.275597907276864,0.868732551986546,0
4.07149937139688,3.94778266976358,-0.25248408359046,0.275588203960172,-0.00970450980411596,1.08208572789607,0.275588203960172,0.869633584038648,0
4.07249924845272,3.94874481808487,-0.252212008720915,0.275578500643481,-0.00970450980411596,1.08108665464266,0.275578500643481,0.870534748066431,0
4.07349912550856,3.94970696904614,-0.251939943187412,0.27556879732679,-0.00970450980411596,1.08008758248742,0.27556879732679,0.87143604382733,0
4.07449900256441,3.9506691226473,-0.251667886989977,0.275559094010098,-0.00970450980411596,1.07908851143351,0.275559094010098,0.872337471079337,0
4.07549887962025,3.95163127888827,-0.251395840128636,0.275549390693407,-0.00970450980411596,1.07808944148407,0.275549390693407,0.873239029581005,0
4.0764987566761,3.95259343776895,-0.251123802603415,0.275539687376716,-0.00970450980411596,1.07709037264227,0.275539687376716,0.874140719091433,0
4.07749863373194,3.95355559928925,-0.250851774414339,0.275529984060024,-0.00970450980411596,1.0760913049113,0.275529984060024,0.875042539370286,0
4.07849851078778,3.95451776344907,-0.250579755561434,0.275520280743333,-0.00970450980411596,1.07509223829435,0.275520280743333,0.875944490177773,0
4.07949838784363,3.95547993024834,-0.250307746044725,0.275510577426641,-0.00970450980411596,1.07409317279461,0.275510577426641,0.876846571274658,0
4.08049826489947,3.95644209968696,-0.250035745864238,0.27550087410995,-0.00970450980411596,1.07309410841531,0.27550087410995,0.877748782422253,0
4.08149814195532,3.95740427176484,-0.249763755019998,0.275491170793259,-0.00970450980411596,1.07209504515966,0.275491170793259,0.878651123382418,0
4.08249801901116,3.95836644648188,-0.249491773512032,0.275481467476567,-0.00970450980411596,1.07109598303092,0.275481467476567,0.879553593917561,0
4.083497896067,3.959328623838,-0.249219801340365,0.275471764159876,-0.00970450980411596,1.07009692203231,0.275471764159876,0.880456193790635,0
4.08449777312285,3.96029080383311,-0.248947838505022,0.275462060843185,-0.00970450980411596,1.06909786216713,0.275462060843184,0.881358922765134,0
4.08549765017869,3.96125298646712,-0.248675885006029,0.275452357526493,-0.00970450980411596,1.06809880343862,0.275452357526493,0.882261780605099,0
4.08649752723454,3.96221517173993,-0.248403940843411,0.275442654209802,-0.00970450980411596,1.06709974585009,0.275442654209802,0.883164767075109,0
4.08749740429038,3.96317735965145,-0.248132006017195,0.27543295089311,-0.00970450980411596,1.06610068940483,0.27543295089311,0.884067881940282,0
4.08849728134622,3.9641395502016,-0.247860080527406,0.275423247576419,-0.00970450980411596,1.06510163410615,0.275423247576419,0.884971124966275,0
4.08949715840207,3.96510174368823,-0.247588165428375,0.275408930655655,-0.0194185544280478,1.06410257991292,0.275408930655655,0.885874496388735,0
4.09049703545791,3.96606394209027,-0.247316267723554,0.275389514488625,-0.0194185544280478,1.06310352653287,0.275389514488625,0.886777999089967,0
4.09149691251376,3.96702614577134,-0.247044388700989,0.275370098321594,-0.0194185544280478,1.06210447391425,0.275370098321594,0.887681633403244,0
4.0924967895696,3.96798835473107,-0.246772528360783,0.275350682154564,-0.0194185544280478,1.06110542205959,0.275350682154564,0.888585399088547,0
4.09349666662544,3.96895056896911,-0.246500686703038,0.275331265987534,-0.0194185544280478,1.06010637097142,0.275331265987534,0.889489295906399,0
4.09449654368129,3.96991278848509,-0.246228863727857,0.275311849820504,-0.0194185544280478,1.05910732065229,0.275311849820504,0.890393323617872,0
4.09549642073713,3.97087501327865,-0.245957059435341,0.275292433653473,-0.0194185544280478,1.05810827110476,0.275292433653473,0.891297481984581,0
4.09649629779298,3.97183724334943,-0.245685273825595,0.275273017486443,-0.0194185544280478,1.05710922233138,0.275273017486443,0.892201770768684,0
4.09749617484882,3.97279947869706,-0.245413506898719,0.275253601319413,-0.0194185544280478,1.05611017433475,0.275253601319413,0.893106189732884,0
4.09849605190467,3.97376171932118,-0.245141758654816,0.275234185152383,-0.0194185544280478,1.05511112711742,0.275234185152383,0.894010738640419,0
4.09949592896051,3.97472396522142,-0.24487002909399,0.275214768985352,-0.0194185544280478,1.05411208068202,0.275214768985352,0.894915417255068,0
4.10049580601635,3.97568621639744,-0.244598318216342,0.275195352818322,-0.0194185544280478,1.05311303503112,0.275195352818322,0.89582022534115,0
4.1014956830722,3.97664847284885,-0.244326626021975,0.275175936651292,-0.0194185544280478,1.05211399016735,0.275175936651292,0.896725162663517,0
4.10249556012804,3.97761073457531,-0.244054952510991,0.275156520484261,-0.0194185544280478,1.05111494609333,0.275156520484261,0.897630228987559,0
4.10349543718389,3.97857300157644,-0.243783297683492,0.275137104317231,-0.0194185544280478,1.05011590281168,0.275137104317231,0.898535424079193,0
4.10449531423973,3.97953527385189,-0.243511661539582,0.275117688150201,-0.0194185544280478,1.04911686032506,0.275117688150201,0.899440747704872,0
4.10549519129557,3.98049755140129,-0.243240044079362,0.275098271983171,-0.0194185544280478,1.0481178186361,0.27509827198317,0.900346199631583,0
4.10649506835142,3.98145983422427,-0.242968445302935,0.27507885581614,-0.0194185544280478,1.04711877774748,0.27507885581614,0.901251779626832,0
4.10749494540726,3.98242212232048,-0.242696865210403,0.27505943964911,-0.0194185544280478,1.04611973766185,0.27505943964911,0.902157487458663,0
4.10849482246311,3.98338441568956,-0.242425303801868,0.27504002348208,-0.0194185544280478,1.04512069838191,0.27504002348208,0.90306332289564,0
4.10949469951895,3.98434671433113,-0.242153761077434,0.27502060731505,-0.0194185544280478,1.04412165991033,0.275020607315049,0.903969285706853,0
4.11049457657479,3.98530901824485,-0.241882237037202,0.275001191148019,-0.0194185544280478,1.04312262224983,0.275001191148019,0.904875375661916,0
4.11149445363064,3.98627132743033,-0.241610731681275,0.274981774980989,-0.0194185544280478,1.0421235854031,0.274981774980989,0.905781592530965,0
4.11249433068648,3.98723364188724,-0.241339245009754,0.274962358813959,-0.0194185544280478,1.04112454937287,0.274962358813959,0.906687936084659,0
4.11349420774233,3.98819596161518,-0.241067777022743,0.274942942646929,-0.0194185544280478,1.04012551416188,0.274942942646929,0.907594406094169,0
4.11449408479817,3.98915828661382,-0.240796327720344,0.274923526479898,-0.0194185544280478,1.03912647977285,0.274923526479898,0.908501002331191,0
4.11549396185401,3.99012061688278,-0.240524897102659,0.274904110312868,-0.0194185544280478,1.03812744620854,0.274904110312868,0.909407724567937,0
4.11649383890986,3.9910829524217,-0.24025348516979,0.274884694145838,-0.0194185544280478,1.03712841347171,0.274884694145838,0.910314572577129,0
4.1174937159657,3.99204529323022,-0.23998209192184,0.274865277978808,-0.0194185544280478,1.03612938156513,0.274865277978808,0.91122154613201,0
4.11849359302155,3.99300763930797,-0.239710717358911,0.274845861811777,-0.0194185544280478,1.03513035049159,0.274845861811778,0.912128645006329,0
4.11949347007739,3.99396999065459,-0.239439361481106,0.274826445644747,-0.0194185544280478,1.03413132025386,0.274826445644747,0.913035868974349,0
4.12049334713323,3.99493234726973,-0.239168024288526,0.274807029477717,-0.0194185544280478,1.03313229085476,0.274807029477717,0.913943217810846,0
4.12149322418908,3.99589470915301,-0.238896705781274,0.274787613310687,-0.0194185544280478,1.0321332622971,0.274787613310687,0.914850691291096,0
4.12249310124492,3.99685707630408,-0.238625405959452,0.274768197143656,-0.0194185544280478,1.0311342345837,0.274768197143656,0.915758289190892,0
4.12349297830077,3.99781944872256,-0.238354124823162,0.274748780976626,-0.0194185544280478,1.0301352077174,0.274748780976626,0.916666011286526,0
4.12449285535661,3.99878182640811,-0.238082862372508,0.274729364809596,-0.0194185544280478,1.02913618170103,0.274729364809596,0.917573857354795,0
4.12549273241245,3.99974420936035,-0.23781161860759,0.274709948642565,-0.0194185544280478,1.02813715653745,0.274709948642565,0.918481827173004,0
4.1264926094683,4.00070659757892,-0.237540393528512,0.274690532475535,-0.0194185544280478,1.02713813222953,0.274690532475535,0.919389920518953,0
4.12749248652414,4.00166899106347,-0.237269187135375,0.274671116308505,-0.0194185544280478,1.02613910878015,0.274671116308505,0.920298137170949,0
4.12849236357999,4.00263138981362,-0.236997999428282,0.274651700141475,-0.0194185544280478,1.02514008619218,0.274651700141475,0.921206476907792,0
4.12949224063583,4.00359379382902,-0.236726830407335,0.274632283974444,-0.0194185544280478,1.02414106446854,0.274632283974444,0.922114939508786,0
4.13049211769167,4.00455620310929,-0.236455680072637,0.274612867807414,-0.0194185544280478,1.02314204361213,0.274612867807414,0.923023524753727,0
4.13149199474752,4.00551861765409,-0.236184548424288,0.274593451640384,-0.0194185544280478,1.02214302362586,0.274593451640384,0.923932232422907,0
4.13249187180336,4.00648103746304,-0.235913435462392,0.274574035473354,-0.0194185544280478,1.02114400451268,0.274574035473353,0.924841062297114,0
4.13349174885921,4.00744346253579,-0.235642341187052,0.274554619306323,-0.0194185544280478,1.02014498627551,0.274554619306323,0.925750014157626,0
4.13449162591505,4.00840589287196,-0.235371265598368,0.274535203139293,-0.0194185544280478,1.01914596891732,0.274535203139293,0.926659087786216,0
4.13549150297089,4.00936832847121,-0.235100208696443,0.274515786972263,-0.0194185544280478,1.01814695244107,0.274515786972263,0.927568282965143,0
4.13649138002674,4.01033076933315,-0.23482917048138,0.274496370805233,-0.0194185544280478,1.01714793684974,0.274496370805233,0.928477599477155,0
4.13749125708258,4.01129321545744,-0.234558150953281,0.274476954638202,-0.0194185544280478,1.01614892214631,0.274476954638202,0.929387037105493,0
4.13849113413843,4.01225566684371,-0.234287150112247,0.274457538471172,-0.0194185544280478,1.01514990833378,0.274457538471172,0.930296595633877,0
4.13949101119427,4.0132181234916,-0.234016167958382,0.274438122304142,-0.0194185544280478,1.01415089541516,0.274438122304142,0.931206274846519,0
4.14049088825011,4.01418058540073,-0.233745204491786,0.274418706137112,-0.0194185544280478,1.01315188339347,0.274418706137111,0.932116074528108,0
4.14149076530596,4.01514305257076,-0.233474259712563,0.274399289970081,-0.0194185544280478,1.01215287227176,0.274399289970081,0.933025994463817,0
4.1424906423618,4.01610552500132,-0.233203333620814,0.274379873803051,-0.0194185544280478,1.01115386205305,0.274379873803051,0.933936034439307,0
4.14349051941765,4.01706800269204,-0.232932426216642,0.274360457636021,-0.0194185544280478,1.0101548527404,0.274360457636021,0.934846194240708,0
4.14449039647349,4.01803048564256,-0.232661537500148,0.27434104146899,-0.0194185544280478,1.0091558443369,0.274341041468991,0.935756473654637,0
4.14549027352933,4.01899297385253,-0.232390667471435,0.27432162530196,-0.0194185544280478,1.0081568368456,0.27432162530196,0.936666872468187,0
4.14649015058518,4.01995546732156,-0.232119816130605,0.27430220913493,-0.0194185544280478,1.00715783026962,0.27430220913493,0.937577390468921,0
4.14749002764102,4.02091796604932,-0.23184898347776,0.2742827929679,-0.0194185544280478,1.00615882461204,0.2742827929679,0.938488027444887,0
4.14848990469687,4.02188047003542,-0.231578169513002,0.274263376800869,-0.0194185544280478,1.00515981987599,0.27426337680087,0.939398783184597,0
4.14948978175271,4.02284297927951,-0.231307374236433,0.274243960633839,-0.0194185544280478,1.00416081606459,0.274243960633839,0.940309657477043,0
4.15048965880855,4.02380549378123,-0.231036597648156,0.274224544466809,-0.0194185544280478,1.00316181318098,0.274224544466809,0.941220650111683,0
4.1514895358644,4.0247680135402,-0.230765839748272,0.274205128299779,-0.0194185544280478,1.00216281122832,0.274205128299779,0.942131760878446,0
4.15248941292024,4.02573053855608,-0.230495100536884,0.274185712132748,-0.0194185544280478,1.00116381020977,0.274185712132748,0.943042989567733,0
4.15348928997609,4.02669306882849,-0.230224380014093,0.274166295965718,-0.0194185544280478,1.0001648101285,0.274166295965718,0.94395433597041,0
4.15448916703193,4.02765560435708,-0.229953678180001,0.274146879798688,-0.0194185544280478,0.999165810987702,0.274146879798688,0.944865799877808,0
4.15548904408777,4.02861814514147,-0.229682995034711,0.274127463631658,-0.0194185544280478,0.99816681279058,0.274127463631658,0.945777381081725,0
4.15648892114362,4.02958069118132,-0.229412330578325,0.274108047464627,-0.0194185544280478,0.997167815540345,0.274108047464627,0.946689079374423,0
4.15748879819946,4.03054324247625,-0.229141684810944,0.274088631297597,-0.0194185544280478,0.996168819240224,0.274088631297597,0.947600894548627,0
4.15848867525531,4.0315057990259,-0.228871057732672,0.274069215130567,-0.0194185544280478,0.995169823893456,0.274069215130567,0.948512826397519,0
4.15948855231115,4.03246836082991,-0.228600449343609,0.274049798963537,-0.0194185544280478,0.99417082950329,0.274049798963536,0.949424874714748,0
4.16048842936699,4.03343092788792,-0.228329859643858,0.274030382796506,-0.0194185544280478,0.993171836072991,0.274030382796506,0.950337039294419,0
4.16148830642284,4.03439350019956,-0.22805928863352,0.274010966629476,-0.0194185544280478,0.992172843605835,0.274010966629476,0.951249319931093,0
4.16248818347868,4.03535607776447,-0.227788736312698,0.273991550462446,-0.0194185544280478,0.991173852105112,0.273991550462446,0.95216171641979,0
4.16348806053453,4.03631866058229,-0.227518202681495,0.273972134295416,-0.0194185544280478,0.990174861574124,0.273972134295415,0.953074228555985,0
4.16448793759037,4.03728124865265,-0.22724768774001,0.273952718128385,-0.0194185544280478,0.989175872016185,0.273952718128385,0.953986856135609,0
4.16548781464622,4.03824384197519,-0.226977191488348,0.273933301961355,-0.0194185544280478,0.988176883434627,0.273933301961355,0.954899598955041,0
4.16648769170206,4.03920644054956,-0.226706713926609,0.273913885794325,-0.0194185544280478,0.987177895832788,0.273913885794325,0.955812456811117,0
4.1674875687579,4.04016904437538,-0.226436255054896,0.273894469627294,-0.0194185544280478,0.986178909214023,0.273894469627295,0.956725429501122,0
4.16848744581375,4.04113165345229,-0.226165814873311,0.273875053460264,-0.0194185544280478,0.9851799235817,0.273875053460264,0.957638516822791,0
4.16948732286959,4.04209426777993,-0.225895393381955,0.273855637293234,-0.0194185544280478,0.984180938939201,0.273855637293234,0.958551718574306,0
4.17048719992543,4.04305688735795,-0.225624990580931,0.273836221126204,-0.0194185544280478,0.983181955289919,0.273836221126204,0.959465034554297,0
4.17148707698128,4.04401951218596,-0.22535460647034,0.273816804959173,-0.0194185544280478,0.982182972637263,0.273816804959174,0.960378464561843,0
4.17248695403712,4.04498214226362,-0.225084241050285,0.273797388792143,-0.0194185544280478,0.981183990984653,0.273797388792143,0.961292008396463,0
4.17348683109297,4.04594477759055,-0.224813894320867,0.273777972625113,-0.0194185544280478,0.980185010335526,0.273777972625113,0.962205665858121,0
4.17448670814881,4.0469074181664,-0.224543566282188,0.273758556458083,-0.0194185544280478,0.979186030693327,0.273758556458083,0.963119436747229,0
4.17548658520465,4.04787006399081,-0.224273256934351,0.273739140291052,-0.0194185544280478,0.978187052061521,0.273739140291053,0.964033320864632,0
4.1764864622605,4.0488327150634,-0.224002966277456,0.273719724124022,-0.0194185544280478,0.977188074443583,0.273719724124022,0.964947318011622,0
4.17748633931634,4.04979537138382,-0.223732694311607,0.273700307956992,-0.0194185544280478,0.976189097843003,0.273700307956992,0.965861427989927,0
4.17848621637219,4.05075803295171,-0.223462441036904,0.273680891789962,-0.0194185544280478,0.975190122263286,0.273680891789962,0.966775650601714,0
4.17948609342803,4.0517206997667,-0.22319220645345,0.273661475622931,-0.0194185544280478,0.974191147707946,0.273661475622931,0.967689985649587,0
4.18048597048387,4.05268337182842,-0.222921990561347,0.273642059455901,-0.0194185544280478,0.973192174180518,0.273642059455901,0.968604432936585,0
4.18148584753972,4.05364604913652,-0.222651793360696,0.273622643288871,-0.0194185544280478,0.972193201684547,0.273622643288871,0.969518992266183,0
4.18248572459556,4.05460873169064,-0.222381614851599,0.273603227121841,-0.0194185544280478,0.971194230223592,0.27360322712184,0.97043366344229,0
4.18348560165141,4.0555714194904,-0.222111455034159,0.27358381095481,-0.0194185544280478,0.970195259801229,0.27358381095481,0.971348446269242,0
4.18448547870725,4.05653411253545,-0.221841313908477,0.27356439478778,-0.0194185544280478,0.969196290421046,0.27356439478778,0.972263340551814,0
4.1854853557631,4.05749681082542,-0.221571191474655,0.27354497862075,-0.0194185544280478,0.968197322086646,0.27354497862075,0.973178346095207,0
4.18648523281894,4.05845951435995,-0.221301087732794,0.27352556245372,-0.0194185544280478,0.967198354801647,0.273525562453719,0.974093462705052,0
4.18748510987478,4.05942222313869,-0.221031002682997,0.273506146286689,-0.0194185544280478,0.96619938856968,0.273506146286689,0.975008690187407,0
4.18848498693063,4.06038493716125,-0.220760936325365,0.273486730119659,-0.0194185544280478,0.965200423394394,0.273486730119659,0.975924028348757,0
4.18948486398647,4.06134765642729,-0.220490888660001,0.273467313952629,-0.0194185544280478,0.964201459279448,0.273467313952628,0.976839476996016,0
4.19048474104232,4.06231038093644,-0.220220859687005,0.273447897785598,-0.0194185544280478,0.963202496228519,0.273447897785598,0.977755035936518,0
4.19148461809816,4.06327311068833,-0.21995084940648,0.273428481618568,-0.0194185544280478,0.962203534245299,0.273428481618568,0.978670704978023,0
4.192484495154,4.06423584568261,-0.219680857818528,0.273409065451538,-0.0194185544280478,0.961204573333494,0.273409065451538,0.979586483928713,0
4.19348437220985,4.06519858591891,-0.21941088492325,0.273389649284508,-0.0194185544280478,0.960205613496825,0.273389649284508,0.980502372597192,0
4.19448424926569,4.06616133139686,-0.219140930720748,0.273370233117477,-0.0194185544280478,0.959206654739027,0.273370233117477,0.981418370792483,0
4.19548412632154,4.06712408211611,-0.218870995211124,0.273350816950447,-0.0194185544280478,0.958207697063854,0.273350816950447,0.982334478324028,0
4.19648400337738,4.06808683807629,-0.21860107839448,0.273331400783417,-0.0194185544280478,0.957208740475071,0.273331400783417,0.98325069500169,0
4.19748388043322,4.06904959927704,-0.218331180270917,0.273311984616387,-0.0194185544280478,0.956209784976458,0.273311984616387,0.984167020635748,0
4.19848375748907,4.070012365718,-0.218061300840537,0.273292568449356,-0.0194185544280478,0.955210830571817,0.273292568449357,0.985083455036893,0
4.19948363454491,4.0709751373988,-0.217791440103442,0.273273152282326,-0.0194185544280478,0.954211877264959,0.273273152282326,0.985999998016235,0
4.20048351160075,4.07193791431907,-0.217521598059734,0.273253736115296,-0.0194185544280478,0.953212925059713,0.273253736115296,0.986916649385296,0
4.2014833886566,4.07290069647847,-0.217251774709514,0.273234319948266,-0.0194185544280478,0.952213973959921,0.273234319948266,0.987833408956015,0
4.20248326571244,4.07386348387661,-0.216981970052884,0.273214903781235,-0.0194185544280478,0.951215023969445,0.273214903781235,0.988750276540736,0
4.20348314276829,4.07482627651315,-0.216712184089947,0.273195487614205,-0.0194185544280478,0.950216075092162,0.273195487614205,0.989667251952218,0
4.20448301982413,4.07578907438772,-0.216442416820802,0.273176071447175,-0.0194185544280478,0.949217127331961,0.273176071447175,0.990584335003628,0
4.20548289687998,4.07675187749995,-0.216172668245553,0.273156655280145,-0.0194185544280478,0.948218180692751,0.273156655280145,0.991501525508543,0
4.20648277393582,4.07771468584948,-0.215902938364301,0.273137239113114,-0.0194185544280478,0.947219235178455,0.273137239113114,0.992418823280946,0
4.20748265099166,4.07867749943596,-0.215633227177147,0.273117822946084,-0.0194185544280478,0.946220290793013,0.273117822946084,0.993336228135227,0
4.20848252804751,4.079640318259,-0.215363534684193,0.273098406779054,-0.0194185544280478,0.945221347540383,0.273098406779054,0.994253739886181,0
4.20948240510335,4.08060314231827,-0.215093860885541,0.273078990612023,-0.0194185544280478,0.944222405424536,0.273078990612023,0.995171358349009,0
4.2104822821592,4.08156597161338,-0.214824205781294,0.273059574444993,-0.0194185544280478,0.943223464449462,0.273059574444993,0.996089083339312,0
4.21148215921504,4.08252880614397,-0.214554569371551,0.273040158277963,-0.0194185544280478,0.942224524619166,0.273040158277963,0.997006914673096,0
4.21248203627088,4.0834916459097,-0.214284951656415,0.273020742110933,-0.0194185544280478,0.941225585937669,0.273020742110933,0.99792485216677,0
4.21348191332673,4.08445449162932,-0.21401535520441,0.272991625840838,-0.0370572737678738,0.940226648293376,0.272991625840838,0.998842896693605,0
4.21448179038257,4.08541734685619,-0.213745792709275,0.272954573123046,-0.0370572737678738,0.939227711118284,0.272954573123046,0.999761053286843,0
4.21548166743842,4.08638021207042,-0.213476265890729,0.272917520405253,-0.0370572737678738,0.938228774337659,0.272917520405253,1.00067932245882,0
4.21648154449426,4.08734308727069,-0.21320677474914,0.272880467687461,-0.0370572737678738,0.937229837954134,0.272880467687461,1.00159770401464,0
4.2174814215501,4.08830597245567,-0.212937319284879,0.272843414969668,-0.0370572737678738,0.936230901970355,0.272843414969668,1.00251619775982,0
4.21848129860595,4.08926886762406,-0.212667899498317,0.272806362251875,-0.0370572737678738,0.935231966388977,0.272806362251876,1.00343480350031,0
4.21948117566179,4.09023177277452,-0.212398515389822,0.272769309534083,-0.0370572737678738,0.934233031212662,0.272769309534083,1.00435352104247,0
4.22048105271764,4.09119468790573,-0.212129166959765,0.27273225681629,-0.0370572737678738,0.933234096444088,0.27273225681629,1.00527235019309,0
4.22148092977348,4.09215761301637,-0.211859854208515,0.272695204098498,-0.0370572737678738,0.932235162085937,0.272695204098498,1.00619129075936,0
4.22248080682932,4.09312054810512,-0.211590577136443,0.272658151380705,-0.0370572737678738,0.931236228140904,0.272658151380705,1.00711034254891,0
4.22348068388517,4.09408349317065,-0.211321335743918,0.272621098662913,-0.0370572737678738,0.930237294611692,0.272621098662913,1.00802950536977,0
4.22448056094101,4.09504644821165,-0.211052130031309,0.27258404594512,-0.0370572737678738,0.929238361501018,0.27258404594512,1.00894877903038,0
4.22548043799686,4.09600941322679,-0.210782959998986,0.272546993227327,-0.0370572737678738,0.928239428811607,0.272546993227327,1.00986816333962,0
4.2264803150527,4.09697238821476,-0.210513825647319,0.272509940509535,-0.0370572737678738,0.927240496546192,0.272509940509535,1.01078765810675,0
4.22748019210854,4.09793537317422,-0.210244726976678,0.272472887791742,-0.0370572737678738,0.926241564707521,0.272472887791742,1.01170726314146,0
4.22848006916439,4.09889836810385,-0.209975663987431,0.27243583507395,-0.0370572737678738,0.925242633298347,0.272435835073949,1.01262697825385,0
4.22947994622023,4.09986137300235,-0.209706636679948,0.272398782356157,-0.0370572737678738,0.924243702321438,0.272398782356157,1.01354680325442,0
4.23047982327608,4.10082438786837,-0.209437645054598,0.272361729638364,-0.0370572737678738,0.92324477177957,0.272361729638364,1.0144667379541,0
4.23147970033192,4.1017874127006,-0.209168689111751,0.272324676920572,-0.0370572737678738,0.922245841675532,0.272324676920572,1.0153867821642,0
4.23247957738776,4.10275044749772,-0.208899768851776,0.272287624202779,-0.0370572737678738,0.921246912012122,0.272287624202779,1.01630693569645,0
4.23347945444361,4.1037134922584,-0.208630884275043,0.272250571484987,-0.0370572737678738,0.920247982792146,0.272250571484987,1.017227198363,0
4.23447933149945,4.10467654698133,-0.208362035381919,0.272213518767194,-0.0370572737678738,0.919249054018424,0.272213518767194,1.01814756997637,0
4.2354792085553,4.10563961166518,-0.208093222172775,0.272176466049401,-0.0370572737678738,0.918250125693788,0.272176466049401,1.01906805034951,0
4.23647908561114,4.10660268630863,-0.207824444647979,0.272139413331609,-0.0370572737678738,0.917251197821076,0.272139413331609,1.01998863929576,0
4.23747896266698,4.10756577091035,-0.207555702807901,0.272102360613816,-0.0370572737678738,0.916252270403142,0.272102360613816,1.02090933662888,0
4.23847883972283,4.10852886546903,-0.20728699665291,0.272065307896024,-0.0370572737678738,0.915253343442848,0.272065307896024,1.02183014216301,0
4.23947871677867,4.10949196998335,-0.207018326183373,0.272028255178231,-0.0370572737678738,0.914254416943068,0.272028255178231,1.02275105571269,0
4.24047859383452,4.11045508445197,-0.206749691399661,0.271991202460439,-0.0370572737678738,0.913255490906687,0.271991202460439,1.02367207709286,0
4.24147847089036,4.11141820887357,-0.206481092302142,0.271954149742646,-0.0370572737678738,0.912256565336601,0.271954149742646,1.02459320611888,0
4.2424783479462,4.11238134324685,-0.206212528891185,0.271917097024853,-0.0370572737678738,0.911257640235715,0.271917097024853,1.02551444260647,0
4.24347822500205,4.11334448757047,-0.205944001167158,0.271880044307061,-0.0370572737678738,0.91025871560695,0.271880044307061,1.02643578637177,0
4.24447810205789,4.11430764184311,-0.20567550913043,0.271842991589268,-0.0370572737678738,0.909259791453235,0.271842991589268,1.02735723723131,0
4.24547797911374,4.11527080606344,-0.20540705278137,0.271805938871476,-0.0370572737678738,0.908260867777511,0.271805938871475,1.028278795002,0
4.24647785616958,4.11623398023016,-0.205138632120346,0.271768886153683,-0.0370572737678738,0.90726194458273,0.271768886153683,1.02920045950117,0
4.24747773322542,4.11719716434192,-0.204870247147728,0.27173183343589,-0.0370572737678738,0.906263021871858,0.27173183343589,1.03012223054651,0
4.24847761028127,4.11816035839742,-0.204601897863882,0.271694780718098,-0.0370572737678738,0.905264099647869,0.271694780718098,1.03104410795612,0
4.24947748733711,4.11912356239533,-0.204333584269178,0.271657728000305,-0.0370572737678738,0.904265177913748,0.271657728000305,1.03196609154848,0
4.25047736439296,4.12008677633432,-0.204065306363984,0.271620675282513,-0.0370572737678738,0.903266256672498,0.271620675282513,1.03288818114247,0
4.2514772414488,4.12105000021308,-0.203797064148669,0.27158362256472,-0.0370572737678738,0.902267335927128,0.27158362256472,1.03381037655735,0
4.25247711850464,4.12201323403028,-0.2035288576236,0.271546569846927,-0.0370572737678738,0.901268415680661,0.271546569846927,1.03473267761275,0
4.25347699556049,4.12297647778461,-0.203260686789146,0.271509517129135,-0.0370572737678738,0.900269495936129,0.271509517129135,1.03565508412872,0
4.25447687261633,4.12393973147472,-0.202992551645676,0.271472464411342,-0.0370572737678738,0.899270576696582,0.271472464411342,1.03657759592566,0
4.25547674967218,4.12490299509931,-0.202724452193556,0.27143541169355,-0.0370572737678738,0.898271657965078,0.27143541169355,1.03750021282438,0
4.25647662672802,4.12586626865706,-0.202456388433156,0.271398358975757,-0.0370572737678738,0.897272739744683,0.271398358975757,1.03842293464607,0
4.25747650378386,4.12682955214663,-0.202188360364843,0.271361306257964,-0.0370572737678738,0.896273822038486,0.271361306257965,1.03934576121227,0
4.25847638083971,4.12779284556671,-0.201920367988986,0.271324253540172,-0.0370572737678738,0.895274904849578,0.271324253540172,1.04026869234494,0
4.25947625789555,4.12875614891598,-0.201652411305951,0.271287200822379,-0.0370572737678738,0.894275988181066,0.271287200822379,1.0411917278664,0
4.2604761349514,4.1297194621931,-0.201384490316108,0.271250148104587,-0.0370572737678738,0.893277072036072,0.271250148104587,1.04211486759936,0
4.26147601200724,4.13068278539677,-0.201116605019823,0.271213095386794,-0.0370572737678738,0.892278156417725,0.271213095386794,1.04303811136689,0
4.26247588906308,4.13164611852565,-0.200848755417466,0.271176042669001,-0.0370572737678738,0.891279241329173,0.271176042669001,1.04396145899245,0
4.26347576611893,4.13260946157843,-0.200580941509402,0.271138989951209,-0.0370572737678738,0.89028032677357,0.271138989951209,1.04488491029987,0
4.26447564317477,4.13357281455378,-0.200313163296001,0.271101937233416,-0.0370572737678738,0.889281412754085,0.271101937233416,1.04580846511337,0
4.26547552023062,4.13453617745038,-0.200045420777629,0.271064884515624,-0.0370572737678738,0.888282499273905,0.271064884515624,1.04673212325752,0
4.26647539728646,4.13549955026691,-0.199777713954655,0.271027831797831,-0.0370572737678738,0.88728358633622,0.271027831797831,1.04765588455727,0
4.26747527434231,4.13646293300204,-0.199510042827446,0.270990779080039,-0.0370572737678738,0.886284673944241,0.270990779080039,1.04857974883796,0
4.26847515139815,4.13742632565445,-0.199242407396369,0.270953726362246,-0.0370572737678738,0.885285762101189,0.270953726362246,1.04950371592529,0
4.26947502845399,4.13838972822282,-0.198974807661792,0.270916673644453,-0.0370572737678738,0.884286850810296,0.270916673644453,1.05042778564531,0
4.27047490550984,4.13935314070583,-0.198707243624082,0.270879620926661,-0.0370572737678738,0.883287940074812,0.270879620926661,1.05135195782448,0
4.27147478256568,4.14031656310215,-0.198439715283606,0.270842568208868,-0.0370572737678738,0.882289029897994,0.270842568208868,1.05227623228959,0
4.27247465962153,4.14127999541046,-0.198172222640732,0.270805515491076,-0.0370572737678738,0.881290120283118,0.270805515491076,1.05320060886782,0
4.27347453667737,4.14224343762944,-0.197904765695828,0.270768462773283,-0.0370572737678738,0.880291211233469,0.270768462773283,1.0541250873867,0
4.27447441373321,4.14320688975776,-0.197637344449259,0.27073141005549,-0.0370572737678738,0.879292302752348,0.270731410055491,1.05504966767415,0
4.27547429078906,4.14417035179411,-0.197369958901394,0.270694357337698,-0.0370572737678738,0.878293394843068,0.270694357337698,1.05597434955844,0
4.2764741678449,4.14513382373715,-0.1971026090526,0.270657304619905,-0.0370572737678738,0.877294487508956,0.270657304619905,1.05689913286819,0
4.27747404490075,4.14609730558558,-0.196835294903243,0.270620251902113,-0.0370572737678738,0.876295580753354,0.270620251902113,1.05782401743241,0
4.27847392195659,4.14706079733806,-0.19656801645369,0.27058319918432,-0.0370572737678738,0.875296674579614,0.27058319918432,1.05874900308046,0
4.27947379901243,4.14802429899326,-0.196300773704309,0.270546146466527,-0.0370572737678738,0.874297768991108,0.270546146466527,1.05967408964204,0
4.28047367606828,4.14898781054988,-0.196033566655466,0.270509093748735,-0.0370572737678738,0.873298863991214,0.270509093748735,1.06059927694726,0
4.28147355312412,4.14995133200659,-0.195766395307529,0.270472041030942,-0.0370572737678738,0.87229995958333,0.270472041030942,1.06152456482654,0
4.28247343017997,4.15091486336205,-0.195499259660863,0.27043498831315,-0.0370572737678738,0.871301055770865,0.27043498831315,1.06244995311068,0
4.28347330723581,4.15187840461496,-0.195232159715837,0.270397935595357,-0.0370572737678738,0.870302152557243,0.270397935595357,1.06337544163084,0
4.28447318429165,4.15284195576399,-0.194965095472815,0.270360882877564,-0.0370572737678738,0.869303249945903,0.270360882877565,1.06430103021853,0
4.2854730613475,4.15380551680781,-0.194698066932166,0.270323830159772,-0.0370572737678738,0.868304347940297,0.270323830159772,1.06522671870561,0
4.28647293840334,4.1547690877451,-0.194431074094256,0.270286777441979,-0.0370572737678738,0.86730544654389,0.270286777441979,1.06615250692432,0
4.28747281545919,4.15573266857454,-0.194164116959451,0.270249724724187,-0.0370572737678738,0.866306545760167,0.270249724724187,1.06707839470722,0
4.28847269251503,4.15669625929481,-0.193897195528118,0.270212672006394,-0.0370572737678738,0.86530764559262,0.270212672006394,1.06800438188725,0
4.28947256957087,4.15765985990457,-0.193630309800622,0.270175619288602,-0.0370572737678738,0.86430874604476,0.270175619288602,1.06893046829769,0
4.29047244662672,4.15862347040252,-0.193363459777332,0.270138566570809,-0.0370572737678738,0.863309847120112,0.270138566570809,1.06985665377217,0
4.29147232368256,4.15958709078733,-0.193096645458613,0.270101513853016,-0.0370572737678738,0.862310948822217,0.270101513853017,1.07078293814467,0
4.29247220073841,4.16055072105767,-0.192829866844831,0.270064461135224,-0.0370572737678738,0.861312051154628,0.270064461135224,1.07170932124952,0
4.29347207779425,4.16151436121222,-0.192563123936352,0.270027408417431,-0.0370572737678738,0.860313154120912,0.270027408417431,1.07263580292142,0
4.29447195485009,4.16247801124966,-0.192296416733543,0.269990355699639,-0.0370572737678738,0.859314257724659,0.269990355699639,1.07356238299539,0
4.29547183190594,4.16344167116867,-0.192029745236771,0.269953302981846,-0.0370572737678738,0.858315361969463,0.269953302981846,1.07448906130679,0
4.29647170896178,4.16440534096791,-0.1917631094464,0.269916250264053,-0.0370572737678738,0.857316466858942,0.269916250264053,1.07541583769137,0
4.29747158601763,4.16536902064608,-0.191496509362797,0.269879197546261,-0.0370572737678738,0.856317572396723,0.269879197546261,1.07634271198518,0
4.29847146307347,4.16633271020184,-0.191229944986329,0.269842144828468,-0.0370572737678738,0.855318678586454,0.269842144828468,1.07726968402463,0
4.29947134012931,4.16729640963388,-0.190963416317361,0.269805092110676,-0.0370572737678738,0.854319785431794,0.269805092110676,1.07819675364649,0
4.30047121718516,4.16826011894087,-0.190696923356259,0.269768039392883,-0.0370572737678738,0.853320892936418,0.269768039392883,1.07912392068785,0
4.301471094241,4.16922383812148,-0.190430466103388,0.26973098667509,-0.0370572737678738,0.85232200110402,0.269730986675091,1.08005118498615,0
4.30247097129685,4.17018756717439,-0.190164044559116,0.269693933957298,-0.0370572737678738,0.851323109938308,0.269693933957298,1.08097854637916,0
4.30347084835269,4.17115130609829,-0.189897658723807,0.269656881239505,-0.0370572737678738,0.850324219443002,0.269656881239505,1.08190600470502,0
4.30447072540853,4.17211505489185,-0.189631308597827,0.269619828521713,-0.0370572737678738,0.849325329621844,0.269619828521713,1.08283355980218,0
4.30547060246438,4.17307881355374,-0.189364994181542,0.26958277580392,-0.0370572737678738,0.848326440478588,0.26958277580392,1.08376121150945,0
4.30647047952022,4.17404258208264,-0.189098715475318,0.269545723086128,-0.0370572737678738,0.847327552017005,0.269545723086127,1.08468895966594,0
4.30747035657607,4.17500636047723,-0.18883247247952,0.269508670368335,-0.0370572737678738,0.846328664240886,0.269508670368335,1.08561680411115,0
4.30847023363191,4.17597014873618,-0.188566265194513,0.269471617650542,-0.0370572737678738,0.845329777154028,0.269471617650543,1.08654474468488,0
4.30947011068775,4.17693394685818,-0.188300093620663,0.26943456493275,-0.0370572737678738,0.844330890760257,0.26943456493275,1.08747278122727,0
4.3104699877436,4.17789775484189,-0.188033957758336,0.269397512214957,-0.0370572737678738,0.843332005063408,0.269397512214957,1.0884009135788,0
4.31146986479944,4.178861572686,-0.187767857607897,0.269360459497165,-0.0370572737678738,0.842333120067333,0.269360459497165,1.08932914158028,0
4.31246974185529,4.17982540038918,-0.187501793169711,0.269323406779372,-0.0370572737678738,0.841334235775903,0.269323406779372,1.09025746507286,0
4.31346961891113,4.18078923795011,-0.187235764444144,0.269286354061579,-0.0370572737678738,0.840335352193003,0.269286354061579,1.09118588389801,0
4.31446949596697,4.18175308536747,-0.18696977143156,0.269249301343787,-0.0370572737678738,0.839336469322539,0.269249301343787,1.09211439789755,0
4.31546937302282,4.18271694263993,-0.186703814132325,0.269212248625994,-0.0370572737678738,0.838337587168428,0.269212248625994,1.0930430069136,0
4.31646925007866,4.18368080976617,-0.186437892546805,0.269175195908202,-0.0370572737678738,0.837338705734611,0.269175195908201,1.09397171078863,0
4.31746912713451,4.18464468674486,-0.186172006675363,0.269138143190409,-0.0370572737678738,0.836339825025042,0.269138143190409,1.09490050936544,0
4.31846900419035,4.18560857357469,-0.185906156518366,0.269101090472616,-0.0370572737678738,0.835340945043692,0.269101090472617,1.09582940248715,0
4.31946888124619,4.18657247025432,-0.185640342076178,0.269064037754824,-0.0370572737678738,0.834342065794549,0.269064037754824,1.09675838999721,0
4.32046875830204,4.18753637678244,-0.185374563349164,0.269026985037031,-0.0370572737678738,0.833343187281622,0.269026985037031,1.0976874717394,0
4.32146863535788,4.18850029315773,-0.185108820337689,0.268989932319239,-0.0370572737678738,0.832344309508934,0.268989932319239,1.09861664755781,0
4.32246851241373,4.18946421937885,-0.184843113042118,0.268952879601446,-0.0370572737678738,0.83134543248053,0.268952879601446,1.09954591729688,0
4.32346838946957,4.19042815544449,-0.184577441462815,0.268915826883653,-0.0370572737678738,0.830346556200464,0.268915826883653,1.10047528080135,0
4.32446826652541,4.19139210135332,-0.184311805600146,0.268878774165861,-0.0370572737678738,0.82934768067282,0.268878774165861,1.10140473791629,0
4.32546814358126,4.19235605710402,-0.184046205454475,0.268841721448068,-0.0370572737678738,0.82834880590169,0.268841721448069,1.10233428848709,0
4.3264680206371,4.19332002269527,-0.183780641026167,0.268804668730276,-0.0370572737678738,0.827349931891189,0.268804668730276,1.10326393235948,0
4.32746789769295,4.19428399812573,-0.183515112315586,0.268767616012483,-0.0370572737678738,0.826351058645449,0.268767616012483,1.10419366937949,0
4.32846777474879,4.1952479833941,-0.183249619323096,0.268730563294691,-0.0370572737678738,0.825352186168622,0.268730563294691,1.10512349939347,0
4.32946765180463,4.19621197849904,-0.182984162049064,0.268693510576898,-0.0370572737678738,0.824353314464875,0.268693510576898,1.10605342224809,0
4.33046752886048,4.19717598343923,-0.182718740493851,0.268656457859105,-0.0370572737678738,0.823354443538395,0.268656457859105,1.10698343779036,0
4.33146740591632,4.19813999821335,-0.182453354657825,0.268619405141313,-0.0370572737678738,0.822355573393391,0.268619405141313,1.10791354586757,0
4.33246728297217,4.19910402282008,-0.182188004541347,0.26858235242352,-0.0370572737678738,0.821356704034085,0.26858235242352,1.10884374632736,0
4.33346716002801,4.20006805725809,-0.181922690144784,0.268545299705728,-0.0370572737678738,0.820357835464722,0.268545299705727,1.10977403901767,0
4.33446703708386,4.20103210152605,-0.181657411468498,0.268508246987935,-0.0370572737678738,0.819358967689565,0.268508246987935,1.11070442378676,0
4.3354669141397,4.20199615562265,-0.181392168512855,0.268471194270142,-0.0370572737678738,0.818360100712895,0.268471194270143,1.11163490048319,0
4.33646679119554,4.20296021954656,-0.181126961278218,0.26843414155235,-0.0370572737678738,0.817361234539015,0.26843414155235,1.11256546895585,0
4.33746666825139,4.20392429500628,-0.18086179598171,0.268376453974481,-0.0700771093355782,0.816362368882215,0.268376453974481,1.11349613141039,0
4.33846654530723,4.2048883884279,-0.180596695999113,0.268306385480716,-0.0700771093355782,0.815363502655454,0.268306385480717,1.11442689654651,0
4.33946642236308,4.20585250042232,-0.180331663569742,0.268236316986952,-0.0700771093355782,0.814364635756806,0.268236316986952,1.11535776503997,0
4.34046629941892,4.20681663098479,-0.180066698694896,0.268166248493187,-0.0700771093355782,0.813365768188702,0.268166248493188,1.11628873671802,0
4.34146617647476,4.20778078011058,-0.179801801375877,0.268096179999423,-0.0700771093355782,0.81236689995359,0.268096179999423,1.11721981140829,0
4.34246605353061,4.20874494779497,-0.179536971613985,0.268026111505658,-0.0700771093355782,0.811368031053916,0.268026111505658,1.11815098893873,0
4.34346593058645,4.20970913403321,-0.17927220941052,0.267956043011894,-0.0700771093355782,0.810369161492139,0.267956043011894,1.11908226913767,0
4.34446580764229,4.21067333882057,-0.179007514766783,0.267885974518129,-0.0700771093355782,0.809370291270719,0.267885974518129,1.12001365183376,0
4.34546568469814,4.21163756215232,-0.178742887684073,0.267815906024365,-0.0700771093355782,0.808371420392124,0.267815906024365,1.12094513685602,0
4.34646556175398,4.21260180402372,-0.178478328163688,0.2677458375306,-0.0700771093355782,0.807372548858829,0.267745837530601,1.12187672403381,0
4.34746543880983,4.21356606443005,-0.178213836206929,0.267675769036836,-0.0700771093355782,0.806373676673313,0.267675769036836,1.12280841319685,0
4.34846531586567,4.21453034336655,-0.177949411815093,0.267605700543071,-0.0700771093355782,0.805374803838064,0.267605700543071,1.1237402041752,0
4.34946519292152,4.21549464082852,-0.177685054989479,0.267535632049307,-0.0700771093355782,0.804375930355573,0.267535632049307,1.12467209679926,0
4.35046506997736,4.21645895681119,-0.177420765731384,0.267465563555542,-0.0700771093355782,0.803377056228339,0.267465563555542,1.12560409089979,0
4.3514649470332,4.21742329130986,-0.177156544042107,0.267395495061778,-0.0700771093355782,0.802378181458869,0.267395495061778,1.12653618630787,0
4.35246482408905,4.21838764431977,-0.176892389922944,0.267325426568013,-0.0700771093355782,0.801379306049672,0.267325426568013,1.12746838285495,0
4.35346470114489,4.21935201583619,-0.176628303375192,0.267255358074249,-0.0700771093355782,0.800380430003268,0.267255358074249,1.1284006803728,0
4.35446457820074,4.22031640585439,-0.176364284400148,0.267185289580484,-0.0700771093355782,0.799381553322183,0.267185289580484,1.12933307869356,0
4.35546445525658,4.22128081436964,-0.176100332999108,0.26711522108672,-0.0700771093355782,0.798382676008945,0.26711522108672,1.13026557764969,0
4.35646433231242,4.2222452413772,-0.175836449173368,0.267045152592955,-0.0700771093355782,0.797383798066093,0.267045152592955,1.13119817707399,0
4.35746420936827,4.22320968687233,-0.175572632924224,0.266975084099191,-0.0700771093355782,0.796384919496171,0.266975084099191,1.13213087679961,0
4.35846408642411,4.2241741508503,-0.17530888425297,0.266905015605426,-0.0700771093355782,0.795386040301731,0.266905015605426,1.13306367666003,0
4.35946396347996,4.22513863330638,-0.175045203160902,0.266834947111662,-0.0700771093355782,0.79438716048533,0.266834947111662,1.13399657648908,0
4.3604638405358,4.22610313423583,-0.174781589649313,0.266764878617897,-0.0700771093355782,0.793388280049531,0.266764878617897,1.13492957612091,0
4.36146371759164,4.22706765363391,-0.1745180437195,0.266694810124133,-0.0700771093355782,0.792389398996905,0.266694810124133,1.13586267539002,0
4.36246359464749,4.22803219149588,-0.174254565372755,0.266624741630368,-0.0700771093355782,0.791390517330031,0.266624741630368,1.13679587413125,0
4.36346347170333,4.22899674781703,-0.173991154610371,0.266554673136604,-0.0700771093355782,0.790391635051493,0.266554673136604,1.13772917217975,0
4.36446334875918,4.2299613225926,-0.173727811433643,0.266484604642839,-0.0700771093355782,0.789392752163882,0.266484604642839,1.13866256937102,0
4.36546322581502,4.23092591581786,-0.173464535843863,0.266414536149075,-0.0700771093355782,0.788393868669797,0.266414536149075,1.13959606554091,0
4.36646310287086,4.23189052748807,-0.173201327842323,0.26634446765531,-0.0700771093355782,0.787394984571844,0.26634446765531,1.14052966052557,0
4.36746297992671,4.23285515759851,-0.172938187430316,0.266274399161546,-0.0700771093355782,0.786396099872633,0.266274399161546,1.14146335416151,0
4.36846285698255,4.23381980614443,-0.172675114609135,0.266204330667781,-0.0700771093355782,0.785397214574785,0.266204330667781,1.14239714628554,0
4.3694627340384,4.2347844731211,-0.172412109380069,0.266134262174017,-0.0700771093355782,0.784398328680928,0.266134262174017,1.14333103673483,0
4.37046261109424,4.23574915852379,-0.172149171744411,0.266064193680252,-0.0700771093355782,0.783399442193693,0.266064193680252,1.14426502534687,0
4.37146248815008,4.23671386234774,-0.171886301703452,0.265994125186488,-0.0700771093355782,0.782400555115721,0.265994125186487,1.14519911195947,0
4.37246236520593,4.23767858458824,-0.171623499258481,0.265924056692723,-0.0700771093355782,0.781401667449661,0.265924056692723,1.14613329641077,0
4.37346224226177,4.23864332524054,-0.17136076441079,0.265853988198959,-0.0700771093355782,0.78040277919817,0.265853988198959,1.14706757853923,0
4.37446211931762,4.23960808429991,-0.171098097161669,0.265783919705194,-0.0700771093355782,0.779403890363909,0.265783919705194,1.14800195818367,0
4.37546199637346,4.24057286176161,-0.170835497512406,0.265713851211429,-0.0700771093355782,0.778405000949546,0.265713851211429,1.1489364351832,0
4.3764618734293,4.2415376576209,-0.170572965464291,0.265643782717665,-0.0700771093355782,0.777406110957762,0.265643782717665,1.14987100937726,0
4.37746175048515,4.24250247187305,-0.170310501018614,0.2655737142239,-0.0700771093355782,0.77640722039124,0.2655737142239,1.15080568060562,0
4.37846162754099,4.24346730451332,-0.170048104176662,0.265503645730136,-0.0700771093355782,0.775408329252674,0.265503645730136,1.15174044870837,0
4.37946150459684,4.24443215553697,-0.169785774939724,0.265433577236371,-0.0700771093355782,0.774409437544761,0.265433577236371,1.15267531352594,0
4.38046138165268,4.24539702493927,-0.169523513309087,0.265363508742607,-0.0700771093355782,0.773410545270212,0.265363508742607,1.15361027489904,0
4.38146125870852,4.24636191271547,-0.169261319286041,0.265293440248842,-0.0700771093355782,0.772411652431741,0.265293440248842,1.15454533266875,0
4.38246113576437,4.24732681886085,-0.168999192871871,0.265223371755078,-0.0700771093355782,0.77141275903207,0.265223371755078,1.15548048667643,0
4.38346101282021,4.24829174337066,-0.168737134067864,0.265153303261313,-0.0700771093355782,0.770413865073931,0.265153303261314,1.15641573676378,0
4.38446088987606,4.24925668624017,-0.168475142875308,0.265083234767549,-0.0700771093355782,0.769414970560063,0.265083234767549,1.15735108277282,0
4.3854607669319,4.25022164746464,-0.168213219295489,0.265013166273784,-0.0700771093355782,0.768416075493212,0.265013166273784,1.15828652454587,0
4.38646064398774,4.25118662703933,-0.167951363329691,0.26494309778002,-0.0700771093355782,0.767417179876131,0.26494309778002,1.15922206192558,0
4.38746052104359,4.25215162495951,-0.167689574979202,0.264873029286255,-0.0700771093355782,0.766418283711584,0.264873029286255,1.16015769475492,0
4.38846039809943,4.25311664122043,-0.167427854245306,0.264802960792491,-0.0700771093355782,0.765419387002342,0.264802960792491,1.16109342287716,0
4.38946027515528,4.25408167581736,-0.167166201129289,0.264732892298726,-0.0700771093355782,0.764420489751182,0.264732892298726,1.1620292461359,0
4.39046015221112,4.25504672874556,-0.166904615632434,0.264662823804962,-0.0700771093355782,0.763421591960891,0.264662823804962,1.16296516437504,0
4.39146002926696,4.25601180000029,-0.166643097756027,0.264592755311197,-0.0700771093355782,0.762422693634265,0.264592755311197,1.1639011774388,0
4.39245990632281,4.25697688957682,-0.166381647501351,0.264522686817433,-0.0700771093355782,0.761423794774105,0.264522686817433,1.16483728517173,0
4.39345978337865,4.25794199747041,-0.166120264869689,0.264452618323668,-0.0700771093355782,0.760424895383224,0.264452618323668,1.16577348741865,0
4.3944596604345,4.25890712367631,-0.165858949862325,0.264382549829904,-0.0700771093355782,0.75942599546444,0.264382549829904,1.16670978402473,0
4.39545953749034,4.25987226818979,-0.165597702480543,0.264312481336139,-0.0700771093355782,0.758427095020581,0.264312481336139,1.16764617483543,0
4.39645941454618,4.26083743100611,-0.165336522725624,0.264242412842375,-0.0700771093355782,0.757428194054486,0.264242412842375,1.16858265969652,0
4.39745929160203,4.26180261212054,-0.16507541059885,0.26417234434861,-0.0700771093355782,0.756429292568997,0.26417234434861,1.16951923845409,0
4.39845916865787,4.26276781152833,-0.164814366101505,0.264102275854846,-0.0700771093355782,0.755430390566971,0.264102275854846,1.17045591095453,0
4.39945904571372,4.26373302922475,-0.164553389234869,0.264032207361081,-0.0700771093355782,0.754431488051266,0.264032207361081,1.17139267704453,0
4.40045892276956,4.26469826520505,-0.164292480000224,0.263962138867317,-0.0700771093355782,0.753432585024755,0.263962138867317,1.1723295365711,0
4.4014587998254,4.2656635194645,-0.16403163839885,0.263892070373552,-0.0700771093355782,0.752433681490318,0.263892070373552,1.17326648938155,0
4.40245867688125,4.26662879199836,-0.163770864432029,0.263822001879788,-0.0700771093355782,0.751434777450843,0.263822001879788,1.1742035353235,0
4.40345855393709,4.26759408280189,-0.163510158101041,0.263751933386023,-0.0700771093355782,0.750435872909228,0.263751933386023,1.17514067424485,0
4.40445843099294,4.26855939187035,-0.163249519407164,0.263681864892259,-0.0700771093355782,0.749436967868377,0.263681864892258,1.17607790599384,0
4.40545830804878,4.269524719199,-0.162988948351681,0.263611796398494,-0.0700771093355782,0.748438062331207,0.263611796398494,1.177015230419,0
4.40645818510462,4.2704900647831,-0.162728444935868,0.26354172790473,-0.0700771093355782,0.747439156300643,0.263541727904729,1.17795264736913,0
4.40745806216047,4.27145542861791,-0.162468009161007,0.263471659410965,-0.0700771093355782,0.746440249779615,0.263471659410965,1.17889015669338,0
4.40845793921631,4.2724208106987,-0.162207641028374,0.263401590917201,-0.0700771093355782,0.745441342771067,0.263401590917201,1.17982775824118,0
4.40945781627216,4.27338621102072,-0.161947340539248,0.263331522423436,-0.0700771093355782,0.744442435277951,0.263331522423436,1.18076545186225,0
4.410457693328,4.27435162957923,-0.161687107694908,0.263261453929671,-0.0700771093355782,0.743443527303228,0.263261453929672,1.18170323740661,0
4.41145757038384,4.27531706636949,-0.161426942496632,0.263191385435907,-0.0700771093355782,0.742444618849869,0.263191385435907,1.18264111472461,0
4.41245744743969,4.27628252138677,-0.161166844945695,0.263121316942142,-0.0700771093355782,0.74144570992085,0.263121316942142,1.18357908366686,0
4.41345732449553,4.27724799462633,-0.160906815043376,0.263051248448378,-0.0700771093355782,0.740446800519165,0.263051248448378,1.18451714408428,0
4.41445720155138,4.27821348608341,-0.16064685279095,0.262981179954613,-0.0700771093355782,0.739447890647809,0.262981179954613,1.18545529582809,0
4.41545707860722,4.2791789957533,-0.160386958189695,0.262911111460849,-0.0700771093355782,0.738448980309791,0.262911111460849,1.1863935387498,0
4.41645695566307,4.28014452363123,-0.160127131240886,0.262841042967084,-0.0700771093355782,0.737450069508131,0.262841042967084,1.18733187270123,0
4.41745683271891,4.28111006971247,-0.159867371945799,0.26277097447332,-0.0700771093355782,0.736451158245853,0.26277097447332,1.18827029753447,0
4.41845670977475,4.28207563399229,-0.159607680305709,0.262700905979555,-0.0700771093355782,0.735452246526,0.262700905979556,1.18920881310192,0
4.4194565868306,4.28304121646594,-0.159348056321891,0.262630837485791,-0.0700771093355782,0.734453334351611,0.262630837485791,1.19014741925628,0
4.42045646388644,4.28400681712868,-0.15908849999562,0.262560768992026,-0.0700771093355782,0.733454421725749,0.262560768992026,1.19108611585051,0
4.42145634094229,4.28497243597578,-0.15882901132817,0.262490700498262,-0.0700771093355782,0.732455508651482,0.262490700498262,1.1920249027379,0
4.42245621799813,4.28593807300248,-0.158569590320816,0.262420632004497,-0.0700771093355782,0.731456595131883,0.262420632004497,1.192963779772,0
4.42345609505397,4.28690372820405,-0.15831023697483,0.262350563510733,-0.0700771093355782,0.730457681170042,0.262350563510733,1.19390274680668,0
4.42445597210982,4.28786940157574,-0.158050951291486,0.262280495016968,-0.0700771093355782,0.729458766769056,0.262280495016968,1.19484180369607,0
4.42545584916566,4.28883509311283,-0.157791733272057,0.262210426523204,-0.0700771093355782,0.728459851932032,0.262210426523204,1.1957809502946,0
4.42645572622151,4.28980080281056,-0.157532582917816,0.262140358029439,-0.0700771093355782,0.727460936662089,0.262140358029439,1.196720186457,0
4.42745560327735,4.29076653066419,-0.157273500230034,0.262070289535675,-0.0700771093355782,0.726462020962355,0.262070289535675,1.19765951203827,0
4.42845548033319,4.29173227666899,-0.157014485209986,0.26200022104191,-0.0700771093355782,0.72546310483597,0.26200022104191,1.19859892689371,0
4.42945535738904,4.29269804082021,-0.15675553785894,0.261930152548146,-0.0700771093355782,0.724464188286082,0.261930152548146,1.19953843087889,0
4.43045523444488,4.29366382311311,-0.15649665817817,0.261860084054381,-0.0700771093355782,0.723465271315853,0.261860084054381,1.20047802384969,0
4.43145511150073,4.29462962354295,-0.156237846168945,0.261790015560617,-0.0700771093355782,0.722466353928454,0.261790015560617,1.20141770566224,0
4.43245498855657,4.29559544210498,-0.155979101832538,0.261719947066852,-0.0700771093355782,0.721467436127064,0.261719947066852,1.20235747617299,0
4.43345486561241,4.29656127879447,-0.155720425170217,0.261649878573088,-0.0700771093355782,0.720468517914878,0.261649878573088,1.20329733523865,0
4.43445474266826,4.29752713360668,-0.155461816183253,0.261579810079323,-0.0700771093355782,0.719469599295097,0.261579810079323,1.20423728271623,0
4.4354546197241,4.29849300653685,-0.155203274872916,0.261509741585559,-0.0700771093355782,0.71847068027094,0.261509741585559,1.20517731846299,0
4.43645449677995,4.29945889758025,-0.154944801240475,0.261439673091794,-0.0700771093355782,0.717471760845628,0.261439673091794,1.20611744233651,0
4.43745437383579,4.30042480673214,-0.154686395287199,0.26136960459803,-0.0700771093355782,0.716472841022398,0.26136960459803,1.20705765419464,0
4.43845425089163,4.30139073398778,-0.154428057014357,0.261299536104265,-0.0700771093355782,0.7154739208045,0.261299536104265,1.20799795389548,0
4.43945412794748,4.30235667934242,-0.154169786423216,0.261229467610501,-0.0700771093355782,0.714475000195193,0.261229467610501,1.20893834129746,0
4.44045400500332,4.30332264279131,-0.153911583515046,0.261159399116736,-0.0700771093355782,0.713476079197747,0.261159399116736,1.20987881625924,0
4.44145388205917,4.30428862432973,-0.153653448291113,0.261089330622972,-0.0700771093355782,0.712477157815443,0.261089330622971,1.2108193786398,0
4.44245375911501,4.30525462395292,-0.153395380752686,0.261019262129207,-0.0700771093355782,0.711478236051575,0.261019262129207,1.21176002829836,0
4.44345363617085,4.30622064165614,-0.15313738090103,0.260949193635443,-0.0700771093355782,0.71047931390945,0.260949193635442,1.21270076509444,0
4.4444535132267,4.30718667743465,-0.152879448737413,0.260879125141678,-0.0700771093355782,0.709480391392384,0.260879125141678,1.21364158888783,0
4.44545339028254,4.30815273128371,-0.152621584263101,0.260809056647913,-0.0700771093355782,0.708481468503705,0.260809056647914,1.21458249953859,0
4.44645326733839,4.30911880319858,-0.15236378747936,0.260738988154149,-0.0700771093355782,0.707482545246753,0.260738988154149,1.21552349690708,0
4.44745314439423,4.3100848931745,-0.152106058387456,0.260668919660384,-0.0700771093355782,0.706483621624882,0.260668919660385,1.21646458085389,0
4.44845302145007,4.31105100120674,-0.151848396988654,0.26059885116662,-0.0700771093355782,0.705484697641457,0.26059885116662,1.21740575123993,0
4.44945289850592,4.31201712729056,-0.151590803284219,0.260528782672855,-0.0700771093355782,0.704485773299854,0.260528782672855,1.21834700792634,0
4.45045277556176,4.3129832714212,-0.151333277275416,0.260458714179091,-0.0700771093355782,0.703486848603462,0.260458714179091,1.21928835077457,0
4.45145265261761,4.31394943359394,-0.151075818963509,0.260388645685326,-0.0700771093355782,0.702487923555682,0.260388645685326,1.22022977964631,0
4.45245252967345,4.31491561380402,-0.150818428349762,0.260318577191562,-0.0700771093355782,0.701488998159926,0.260318577191562,1.22117129440355,0
4.45345240672929,4.3158818120467,-0.150561105435439,0.260248508697797,-0.0700771093355782,0.700490072419626,0.260248508697797,1.22211289490853,0
4.45445228378514,4.31684802831724,-0.150303850221803,0.260178440204033,-0.0700771093355782,0.699491146338213,0.260178440204033,1.22305458102376,0
4.45545216084098,4.31781426261088,-0.150046662710117,0.260108371710268,-0.0700771093355782,0.698492219919145,0.260108371710269,1.22399635261203,0
4.45645203789683,4.31878051492291,-0.149789542901644,0.260038303216504,-0.0700771093355782,0.697493293165881,0.260038303216504,1.2249382095364,0
4.45745191495267,4.31974678524855,-0.149532490797646,0.259968234722739,-0.0700771093355782,0.6964943660819,0.259968234722739,1.22588015166018,0
4.45845179200851,4.32071307358308,-0.149275506399386,0.259898166228975,-0.0700771093355782,0.695495438670694,0.259898166228975,1.22682217884695,0
4.45945166906436,4.32167937992174,-0.149018589708124,0.25982809773521,-0.0700771093355782,0.694496510935762,0.25982809773521,1.22776429096059,0
4.4604515461202,4.3226457042598,-0.148761740725123,0.259758029241446,-0.0700771093355782,0.693497582880622,0.259758029241446,1.2287064878652,0
4.46145142317605,4.3236120504811,-0.14850497408748,0.259644687979021,-0.131902951509784,0.692498653849311,0.259644687979021,1.22964877448886,0
4.46245130023189,4.32457842984405,-0.148248332212056,0.259512801244208,-0.131902951509784,0.691499721934571,0.259512801244208,1.23059116534955,0
4.46345117728773,4.32554484304625,-0.147991817791483,0.259380914509395,-0.131902951509784,0.690500787019634,0.259380914509395,1.23153366119927,0
4.46445105434358,4.3265112900709,-0.147735430830222,0.259249027774583,-0.131902951509784,0.689501849108875,0.259249027774583,1.23247626185963,0
4.46545093139942,4.32747777090118,-0.147479171332733,0.25911714103977,-0.131902951509784,0.688502908206667,0.25911714103977,1.23341896715261,0
4.46645080845527,4.32844428552028,-0.147223039303473,0.258985254304957,-0.131902951509784,0.687503964317384,0.258985254304958,1.23436177690049,0
4.46745068551111,4.3294108339114,-0.146967034746897,0.258853367570145,-0.131902951509784,0.686505017445396,0.258853367570145,1.23530469092592,0
4.46845056256695,4.33037741605771,-0.146711157667459,0.258721480835332,-0.131902951509784,0.685506067595084,0.258721480835332,1.23624770905187,0
4.4694504396228,4.33134403194241,-0.146455408069609,0.258589594100519,-0.131902951509784,0.684507114770818,0.258589594100519,1.23719083110164,0
4.47045031667864,4.33231068154868,-0.146199785957797,0.258457707365707,-0.131902951509784,0.683508158976976,0.258457707365707,1.23813405689887,0
4.47145019373449,4.33327736485971,-0.145944291336466,0.258325820630894,-0.131902951509784,0.682509200217927,0.258325820630894,1.23907738626755,0
4.47245007079033,4.33424408185869,-0.145688924210064,0.258193933896081,-0.131902951509784,0.68151023849805,0.258193933896081,1.24002081903198,0
4.47344994784617,4.33521083252879,-0.14543368458303,0.258062047161269,-0.131902951509784,0.680511273821722,0.258062047161268,1.2409643550168,0
4.47444982490202,4.33617761685321,-0.145178572459805,0.257930160426456,-0.131902951509784,0.679512306193314,0.257930160426456,1.24190799404698,0
4.47544970195786,4.33714443481512,-0.144923587844826,0.257798273691643,-0.131902951509784,0.678513335617206,0.257798273691643,1.24285173594784,0
4.47644957901371,4.33811128639771,-0.144668730742529,0.25766638695683,-0.131902951509784,0.67751436209777,0.257666386956831,1.24379558054501,0
4.47744945606955,4.33907817158417,-0.144414001157346,0.257534500222018,-0.131902951509784,0.676515385639384,0.257534500222018,1.24473952766444,0
4.4784493331254,4.34004509035766,-0.144159399093708,0.257402613487205,-0.131902951509784,0.675516406246423,0.257402613487205,1.24568357713244,0
4.47944921018124,4.34101204270139,-0.143904924556044,0.257270726752392,-0.131902951509784,0.674517423923264,0.257270726752393,1.24662772877562,0
4.48044908723708,4.34197902859852,-0.14365057754878,0.25713884001758,-0.131902951509784,0.673518438674286,0.25713884001758,1.24757198242094,0
4.48144896429293,4.34294604803224,-0.143396358076341,0.257006953282767,-0.131902951509784,0.672519450503861,0.257006953282767,1.24851633789566,0
4.48244884134877,4.34391310098572,-0.143142266143147,0.256875066547954,-0.131902951509784,0.671520459416369,0.256875066547954,1.2494607950274,0
4.48344871840462,4.34488018744215,-0.14288830175362,0.256743179813142,-0.131902951509784,0.670521465416186,0.256743179813141,1.25040535364406,0
4.48444859546046,4.3458473073847,-0.142634464912176,0.256611293078329,-0.131902951509784,0.669522468507692,0.256611293078329,1.25135001357391,0
4.4854484725163,4.34681446079655,-0.14238075562323,0.256479406343516,-0.131902951509784,0.668523468695262,0.256479406343516,1.25229477464552,0
4.48644834957215,4.34778164766088,-0.142127173891196,0.256347519608704,-0.131902951509784,0.667524465983275,0.256347519608704,1.25323963668778,0
4.48744822662799,4.34874886796086,-0.141873719720485,0.256215632873891,-0.131902951509784,0.666525460376108,0.256215632873891,1.25418459952991,0
4.48844810368383,4.34971612167968,-0.141620393115505,0.256083746139078,-0.131902951509784,0.665526451878143,0.256083746139078,1.25512966300146,0
4.48944798073968,4.3506834088005,-0.141367194080663,0.255951859404265,-0.131902951509784,0.664527440493752,0.255951859404266,1.25607482693228,0
4.49044785779552,4.3516507293065,-0.141114122620362,0.255819972669453,-0.131902951509784,0.66352842622732,0.255819972669453,1.25702009115255,0
4.49144773485137,4.35261808318086,-0.140861178739005,0.25568808593464,-0.131902951509784,0.662529409083221,0.25568808593464,1.25796545549278,0
4.49244761190721,4.35358547040675,-0.140608362440991,0.255556199199827,-0.131902951509784,0.661530389065837,0.255556199199828,1.25891091978377,0
4.49344748896306,4.35455289096734,-0.140355673730718,0.255424312465015,-0.131902951509784,0.660531366179547,0.255424312465015,1.25985648385668,0
4.4944473660189,4.35552034484581,-0.140103112612581,0.255292425730202,-0.131902951509784,0.659532340428731,0.255292425730202,1.26080214754295,0
4.49544724307474,4.35648783202532,-0.139850679090974,0.255160538995389,-0.131902951509784,0.658533311817768,0.255160538995389,1.26174791067434,0
4.49644712013059,4.35745535248905,-0.139598373170287,0.255028652260577,-0.131902951509784,0.657534280351038,0.255028652260577,1.26269377308296,0
4.49744699718643,4.35842290622017,-0.139346194854909,0.254896765525764,-0.131902951509784,0.656535246032923,0.254896765525764,1.26363973460119,0
4.49844687424228,4.35939049320185,-0.139094144149225,0.254764878790951,-0.131902951509784,0.6555362088678,0.254764878790951,1.26458579506175,0
4.49944675129812,4.36035811341726,-0.138842221057621,0.254632992056139,-0.131902951509784,0.654537168860054,0.254632992056139,1.26553195429766,0
4.50044662835396,4.36132576684957,-0.138590425584479,0.254501105321326,-0.131902951509784,0.653538126014063,0.254501105321326,1.26647821214228,0
4.50144650540981,4.36229345348195,-0.138338757734177,0.254369218586513,-0.131902951509784,0.652539080334209,0.254369218586513,1.26742456842925,0
4.50244638246565,4.36326117329756,-0.138087217511095,0.254237331851701,-0.131902951509784,0.651540031824876,0.254237331851701,1.26837102299253,0
4.5034462595215,4.36422892627957,-0.137835804919606,0.254105445116888,-0.131902951509784,0.650540980490441,0.254105445116888,1.2693175756664,0
4.50444613657734,4.36519671241115,-0.137584519964084,0.253973558382075,-0.131902951509784,0.649541926335287,0.253973558382075,1.27026422628545,0
4.50544601363318,4.36616453167547,-0.137333362648901,0.253841671647263,-0.131902951509784,0.6485428693638,0.253841671647263,1.27121097468457,0
4.50644589068903,4.36713238405569,-0.137082332978424,0.25370978491245,-0.131902951509784,0.647543809580359,0.25370978491245,1.27215782069896,0
4.50744576774487,4.36810026953497,-0.13683143095702,0.253577898177637,-0.131902951509784,0.646544746989348,0.253577898177637,1.27310476416414,0
4.50844564480072,4.36906818809649,-0.136580656589053,0.253446011442824,-0.131902951509784,0.64554568159515,0.253446011442824,1.27405180491591,0
4.50944552185656,4.3700361397234,-0.136330009878886,0.253314124708012,-0.131902951509784,0.644546613402148,0.253314124708012,1.27499894279041,0
4.5104453989124,4.37100412439886,-0.136079490830877,0.253182237973199,-0.131902951509784,0.643547542414726,0.253182237973199,1.27594617762407,0
4.51144527596825,4.37197214210605,-0.135829099449385,0.253050351238386,-0.131902951509784,0.642548468637265,0.253050351238386,1.27689350925361,0
4.51244515302409,4.37294019282812,-0.135578835738766,0.252918464503574,-0.131902951509784,0.641549392074152,0.252918464503574,1.27784093751609,0
4.51344503007994,4.37390827654824,-0.135328699703371,0.252786577768761,-0.131902951509784,0.64055031272977,0.252786577768761,1.27878846224885,0
4.51444490713578,4.37487639324956,-0.135078691347552,0.252654691033948,-0.131902951509784,0.639551230608504,0.252654691033948,1.27973608328952,0
4.51544478419162,4.37584454291524,-0.134828810675658,0.252522804299136,-0.131902951509784,0.63855214571474,0.252522804299136,1.28068380047607,0
4.51644466124747,4.37681272552845,-0.134579057692034,0.252390917564323,-0.131902951509784,0.63755305805286,0.252390917564323,1.28163161364673,0
4.51744453830331,4.37778094107235,-0.134329432401027,0.25225903082951,-0.131902951509784,0.636553967627251,0.25225903082951,1.28257952264008,0
4.51844441535916,4.37874918953009,-0.134079934806976,0.252127144094698,-0.131902951509784,0.635554874442298,0.252127144094698,1.28352752729494,0
4.519444292415,4.37971747088483,-0.133830564914223,0.251995257359885,-0.131902951509784,0.634555778502386,0.251995257359885,1.28447562745049,0
4.52044416947084,4.38068578511973,-0.133581322727104,0.251863370625072,-0.131902951509784,0.633556679811905,0.251863370625072,1.28542382294617,0
4.52144404652669,4.38165413221795,-0.133332208249955,0.251731483890259,-0.131902951509784,0.632557578375237,0.251731483890259,1.28637211362173,0
4.52244392358253,4.38262251216264,-0.13308322148711,0.251599597155447,-0.131902951509784,0.631558474196769,0.251599597155447,1.28732049931721,0
4.52344380063838,4.38359092493696,-0.132834362442898,0.251467710420634,-0.131902951509784,0.630559367280892,0.251467710420634,1.28826897987297,0
4.52444367769422,4.38455937052407,-0.132585631121649,0.251335823685821,-0.131902951509784,0.629560257631988,0.251335823685821,1.28921755512964,0
4.52544355475006,4.38552784890711,-0.13233702752769,0.251203936951009,-0.131902951509784,0.628561145254449,0.251203936951009,1.29016622492815,0
4.52644343180591,4.38649636006925,-0.132088551665343,0.251072050216196,-0.131902951509784,0.627562030152658,0.251072050216196,1.29111498910975,0
4.52744330886175,4.38746490399364,-0.131840203538933,0.250940163481383,-0.131902951509784,0.626562912331007,0.250940163481383,1.29206384751596,0
4.5284431859176,4.38843348066342,-0.131591983152777,0.250808276746571,-0.131902951509784,0.625563791793883,0.250808276746571,1.29301279998859,0
4.52944306297344,4.38940209006176,-0.131343890511194,0.250676390011758,-0.131902951509784,0.624564668545673,0.250676390011758,1.29396184636976,0
4.53044294002928,4.3903707321718,-0.1310959256185,0.250544503276945,-0.131902951509784,0.623565542590769,0.250544503276945,1.29491098650188,0
4.53144281708513,4.3913394069767,-0.130848088479006,0.250412616542133,-0.131902951509784,0.622566413933558,0.250412616542133,1.29586022022763,0
4.53244269414097,4.3923081144596,-0.130600379097025,0.25028072980732,-0.131902951509784,0.621567282578433,0.25028072980732,1.29680954739002,0
4.53344257119682,4.39327685460366,-0.130352797476865,0.250148843072507,-0.131902951509784,0.620568148529778,0.250148843072507,1.29775896783231,0
4.53444244825266,4.39424562739202,-0.130105343622832,0.250016956337695,-0.131902951509784,0.619569011791987,0.250016956337694,1.29870848139808,0
4.5354423253085,4.39521443280784,-0.129858017539231,0.249885069602882,-0.131902951509784,0.61856987236945,0.249885069602882,1.29965808793119,0
4.53644220236435,4.39618327083427,-0.129610819230363,0.249753182868069,-0.131902951509784,0.617570730266557,0.249753182868069,1.30060778727577,0
4.53744207942019,4.39715214145444,-0.129363748700529,0.249621296133256,-0.131902951509784,0.616571585487699,0.249621296133256,1.30155757927627,0
4.53844195647604,4.39812104465152,-0.129116805954026,0.249489409398444,-0.131902951509784,0.615572438037268,0.249489409398444,1.30250746377741,0
4.53944183353188,4.39908998040864,-0.128869990995149,0.249357522663631,-0.131902951509784,0.614573287919656,0.249357522663631,1.30345744062419,0
4.54044171058772,4.40005894870895,-0.128623303828191,0.249225635928818,-0.131902951509784,0.613574135139255,0.249225635928819,1.3044075096619,0
4.54144158764357,4.40102794953561,-0.128376744457444,0.249093749194006,-0.131902951509784,0.612574979700455,0.249093749194006,1.30535767073614,0
4.54244146469941,4.40199698287174,-0.128130312887196,0.248961862459193,-0.131902951509784,0.611575821607652,0.248961862459193,1.30630792369275,0
4.54344134175526,4.4029660487005,-0.127884009121733,0.24882997572438,-0.131902951509784,0.610576660865236,0.24882997572438,1.30725826837789,0
4.5444412188111,4.40393514700503,-0.12763783316534,0.248698088989568,-0.131902951509784,0.609577497477601,0.248698088989568,1.308208704638,0
4.54544109586694,4.40490427776848,-0.127391785022299,0.248566202254755,-0.131902951509784,0.608578331449143,0.248566202254755,1.30915923231977,0
4.54644097292279,4.40587344097398,-0.127145864696889,0.248434315519942,-0.131902951509784,0.607579162784253,0.248434315519942,1.31010985127022,0
4.54744084997863,4.40684263660469,-0.126900072193388,0.24830242878513,-0.131902951509784,0.606579991487327,0.248302428785129,1.31106056133661,0
4.54844072703448,4.40781186464373,-0.126654407516072,0.248170542050317,-0.131902951509784,0.605580817562758,0.248170542050317,1.31201136236651,0
4.54944060409032,4.40878112507426,-0.126408870669213,0.248038655315504,-0.131902951509784,0.604581641014943,0.248038655315504,1.31296225420776,0
4.55044048114616,4.40975041787941,-0.126163461657083,0.247906768580691,-0.131902951509784,0.603582461848276,0.247906768580691,1.31391323670847,0
4.55144035820201,4.41071974304233,-0.12591818048395,0.247774881845879,-0.131902951509784,0.602583280067152,0.247774881845879,1.31486430971704,0
4.55244023525785,4.41168910054615,-0.12567302715408,0.247642995111066,-0.131902951509784,0.601584095675968,0.247642995111066,1.31581547308216,0
4.5534401123137,4.41265849037401,-0.125428001671739,0.247511108376253,-0.131902951509784,0.600584908679121,0.247511108376254,1.31676672665276,0
4.55443998936954,4.41362791250904,-0.125183104041187,0.247379221641441,-0.131902951509784,0.599585719081007,0.247379221641441,1.31771807027809,0
4.55543986642538,4.4145973669344,-0.124938334266684,0.247247334906628,-0.131902951509784,0.598586526886022,0.247247334906628,1.31866950380764,0
4.55643974348123,4.41556685363321,-0.124693692352489,0.247115448171815,-0.131902951509784,0.597587332098564,0.247115448171815,1.31962102709122,0
4.55743962053707,4.41653637258862,-0.124449178302856,0.246983561437003,-0.131902951509784,0.596588134723032,0.246983561437003,1.32057263997886,0
4.55843949759292,4.41750592378375,-0.124204792122039,0.24685167470219,-0.131902951509784,0.595588934763823,0.24685167470219,1.32152434232092,0
4.55943937464876,4.41847550720174,-0.123960533814288,0.246719787967377,-0.131902951509784,0.594589732225336,0.246719787967377,1.32247613396799,0
4.56043925170461,4.41944512282573,-0.123716403383852,0.246587901232565,-0.131902951509784,0.59359052711197,0.246587901232564,1.32342801477095,0
4.56143912876045,4.42041477063886,-0.123472400834978,0.246456014497752,-0.131902951509784,0.592591319428123,0.246456014497752,1.32437998458097,0
4.56243900581629,4.42138445062425,-0.12322852617191,0.246324127762939,-0.131902951509784,0.591592109178196,0.246324127762939,1.32533204324946,0
4.56343888287214,4.42235416276504,-0.122984779398888,0.246192241028126,-0.131902951509784,0.590592896366587,0.246192241028127,1.32628419062813,0
4.56443875992798,4.42332390704436,-0.122741160520155,0.246060354293314,-0.131902951509784,0.589593680997699,0.246060354293314,1.32723642656894,0
4.56543863698383,4.42429368344535,-0.122497669539947,0.245928467558501,-0.131902951509784,0.588594463075933,0.245928467558501,1.32818875092414,0
4.56643851403967,4.42526349195113,-0.122254306462499,0.245796580823688,-0.131902951509784,0.587595242605687,0.245796580823689,1.32914116354622,0
4.56743839109551,4.42623333254484,-0.122011071292044,0.245664694088876,-0.131902951509784,0.586596019591367,0.245664694088876,1.33009366428799,0
4.56843826815136,4.42720320520961,-0.121767964032814,0.245532807354063,-0.131902951509784,0.58559679403737,0.245532807354063,1.33104625300247,0
4.5694381452072,4.42817310992856,-0.121524984689036,0.24540092061925,-0.131902951509784,0.584597565948102,0.24540092061925,1.33199892954299,0
4.57043802226304,4.42914304668483,-0.121282133264938,0.245269033884438,-0.131902951509784,0.583598335327964,0.245269033884438,1.33295169376312,0
4.57143789931889,4.43011301546155,-0.121039409764743,0.245137147149625,-0.131902951509784,0.582599102181359,0.245137147149625,1.33390454551673,0
4.57243777637473,4.43108301624184,-0.120796814192674,0.245005260414812,-0.131902951509784,0.581599866512692,0.245005260414812,1.33485748465792,0
4.57343765343058,4.43205304900883,-0.12055434655295,0.24487337368,-0.131902951509784,0.580600628326365,0.24487337368,1.33581051104108,0
4.57443753048642,4.43302311374566,-0.120312006849788,0.244741486945187,-0.131902951509784,0.579601387626785,0.244741486945187,1.33676362452086,0
4.57543740754227,4.43399321043543,-0.120069795087405,0.244609600210374,-0.131902951509784,0.578602144418356,0.244609600210374,1.33771682495216,0
4.57643728459811,4.43496333906129,-0.119827711270012,0.244477713475562,-0.131902951509784,0.577602898705481,0.244477713475562,1.33867011219017,0
4.57743716165395,4.43593349960636,-0.119585755401822,0.244345826740749,-0.131902951509784,0.576603650492569,0.244345826740749,1.33962348609031,0
4.5784370387098,4.43690369205375,-0.119343927487041,0.244213940005936,-0.131902951509784,0.575604399784022,0.244213940005936,1.34057694650831,0
4.57943691576564,4.43787391638661,-0.119102227529878,0.244082053271124,-0.131902951509784,0.574605146584252,0.244082053271124,1.3415304933001,0
4.58043679282149,4.43884417258804,-0.118860655534536,0.243950166536311,-0.131902951509784,0.573605890897662,0.243950166536311,1.34248412632194,0
4.58143666987733,4.43981446064118,-0.118619211505216,0.243818279801498,-0.131902951509784,0.57260663272866,0.243818279801498,1.34343784543029,0
4.58243654693317,4.44078478052914,-0.11837789544612,0.243686393066685,-0.131902951509784,0.571607372081654,0.243686393066685,1.34439165048192,0
4.58343642398902,4.44175513223505,-0.118136707361443,0.243554506331873,-0.131902951509784,0.570608108961053,0.243554506331873,1.34534554133382,0
4.58443630104486,4.44272551574203,-0.117895647255382,0.24342261959706,-0.131902951509784,0.569608843371267,0.24342261959706,1.34629951784326,0
4.58543617810071,4.4436959394174,-0.117654748910533,0.243200906642262,-0.247822002999505,0.568609574103261,0.243200906642262,1.34725359027757,0
4.58643605515655,4.44466642204921,-0.117414088188677,0.242953115107529,-0.247822002999505,0.567610298448512,0.242953115107529,1.34820778182175,0
4.58743593221239,4.44563696428491,-0.117173667951587,0.242705323572797,-0.247822002999505,0.566611016331732,0.242705323572797,1.34916209311925,0
4.58843580926824,4.44660756606492,-0.116933488214026,0.242457532038065,-0.247822002999505,0.565611727780193,0.242457532038065,1.35011652393571,0
4.58943568632408,4.44757822732963,-0.11669354899074,0.242209740503332,-0.247822002999505,0.564612432821247,0.242209740503332,1.35107107403715,0
4.59043556337993,4.44854894801945,-0.116453850296463,0.2419619489686,-0.247822002999505,0.563613131482335,0.2419619489686,1.35202574319003,0
4.59143544043577,4.44951972807478,-0.116214392145912,0.241714157433867,-0.247822002999505,0.56261382379098,0.241714157433867,1.35298053116118,0
4.59243531749161,4.45049056743601,-0.11597517455379,0.241466365899135,-0.247822002999505,0.561614509774797,0.241466365899135,1.35393543771784,0
4.59343519454746,4.45146146604352,-0.115736197534784,0.241218574364402,-0.247822002999505,0.560615189461482,0.241218574364402,1.35489046262765,0
4.5944350716033,4.45243242383771,-0.115497461103569,0.24097078282967,-0.247822002999505,0.559615862878828,0.24097078282967,1.35584560565863,0
4.59543494865915,4.45340344075896,-0.115258965274802,0.240722991294938,-0.247822002999505,0.558616530054709,0.240722991294938,1.35680086657921,0
4.59643482571499,4.45437451674764,-0.115020710063128,0.240475199760205,-0.247822002999505,0.557617191017095,0.240475199760205,1.35775624515822,0
4.59743470277083,4.45534565174414,-0.114782695483176,0.240227408225473,-0.247822002999505,0.556617845794045,0.240227408225473,1.35871174116486,0
4.59843457982668,4.45631684568881,-0.11454492154956,0.23997961669074,-0.247822002999505,0.555618494413708,0.23997961669074,1.35966735436875,0
4.59943445688252,4.45728809852204,-0.114307388276879,0.239731825156008,-0.247822002999505,0.554619136904327,0.239731825156008,1.36062308453989,0
4.60043433393837,4.45825941018419,-0.114070095679717,0.239484033621275,-0.247822002999505,0.553619773294237,0.239484033621275,1.36157893144867,0
4.60143421099421,4.45923078061561,-0.113833043772647,0.239236242086543,-0.247822002999505,0.55262040361187,0.239236242086543,1.36253489486587,0
4.60243408805005,4.46020220975667,-0.113596232570221,0.238988450551811,-0.247822002999505,0.551621027885752,0.238988450551811,1.36349097456267,0
4.6034339651059,4.46117369754771,-0.11335966208698,0.238740659017078,-0.247822002999505,0.550621646144501,0.238740659017078,1.36444717031063,0
4.60443384216174,4.46214524392909,-0.113123332337451,0.238492867482346,-0.247822002999505,0.549622258416837,0.238492867482346,1.36540348188169,0
4.60543371921759,4.46311684884116,-0.112887243336143,0.238245075947613,-0.247822002999505,0.548622864731577,0.238245075947613,1.36635990904821,0
4.60643359627343,4.46408851222425,-0.112651395097553,0.237997284412881,-0.247822002999505,0.547623465117634,0.237997284412881,1.36731645158289,0
4.60743347332927,4.46506023401871,-0.112415787636163,0.237749492878149,-0.247822002999505,0.546624059604021,0.237749492878149,1.36827310925885,0
4.60843335038512,4.46603201416487,-0.112180420966437,0.237501701343416,-0.247822002999505,0.545624648219851,0.237501701343416,1.36922988184959,0
4.60943322744096,4.46700385260306,-0.11194529510283,0.237253909808684,-0.247822002999505,0.544625230994343,0.237253909808683,1.37018676912899,0
4.61043310449681,4.46797574927361,-0.111710410059776,0.237006118273951,-0.247822002999505,0.543625807956811,0.237006118273951,1.37114377087131,0
4.61143298155265,4.46894770411686,-0.111475765851698,0.236758326739219,-0.247822002999505,0.542626379136677,0.236758326739219,1.37210088685119,0
4.61243285860849,4.46991971707311,-0.111241362493004,0.236510535204486,-0.247822002999505,0.541626944563464,0.236510535204486,1.37305811684367,0
4.61343273566434,4.47089178808269,-0.111007199998086,0.236262743669754,-0.247822002999505,0.540627504266804,0.236262743669754,1.37401546062415,0
4.61443261272018,4.4718639170859,-0.110773278381322,0.236014952135022,-0.247822002999505,0.539628058276432,0.236014952135021,1.37497291796842,0
4.61543248977603,4.47283610402307,-0.110539597657074,0.235767160600289,-0.247822002999505,0.538628606622189,0.235767160600289,1.37593048865266,0
4.61643236683187,4.4738083488345,-0.110306157839691,0.235519369065557,-0.247822002999505,0.537629149334028,0.235519369065557,1.3768881724534,0
4.61743224388771,4.47478065146049,-0.110072958943506,0.235271577530824,-0.247822002999505,0.536629686442008,0.235271577530824,1.37784596914757,0
4.61843212094356,4.47575301184134,-0.109840000982838,0.235023785996092,-0.247822002999505,0.535630217976298,0.235023785996092,1.37880387851248,0
4.6194319979994,4.47672542991735,-0.10960728397199,0.234775994461359,-0.247822002999505,0.53463074396718,0.234775994461359,1.37976190032581,0
4.62043187505525,4.47769790562881,-0.109374807925252,0.234528202926627,-0.247822002999505,0.533631264445046,0.234528202926627,1.3807200343656,0
4.62143175211109,4.47867043891601,-0.109142572856898,0.234280411391895,-0.247822002999505,0.532631779440403,0.234280411391895,1.38167828041029,0
4.62243162916694,4.47964302971924,-0.108910578781187,0.234032619857162,-0.247822002999505,0.531632288983869,0.234032619857162,1.38263663823869,0
4.62343150622278,4.48061567797877,-0.108678825712363,0.233784828322429,-0.247822002999505,0.530632793106181,0.233784828322429,1.38359510762997,0
4.62443138327862,4.4815883836349,-0.108447313664657,0.233537036787697,-0.247822002999505,0.529633291838192,0.233537036787697,1.38455368836367,0
4.62543126033447,4.48256114662788,-0.108216042652283,0.233289245252965,-0.247822002999505,0.528633785210871,0.233289245252965,1.38551238021972,0
4.62643113739031,4.483533966898,-0.107985012689441,0.233041453718232,-0.247822002999505,0.527634273255304,0.233041453718232,1.38647118297841,0
4.62743101444616,4.48450684438553,-0.107754223790318,0.2327936621835,-0.247822002999505,0.526634756002699,0.2327936621835,1.38743009642041,0
4.628430891502,4.48547977903072,-0.107523675969083,0.232545870648767,-0.247822002999505,0.525635233484387,0.232545870648767,1.38838912032674,0
4.62943076855784,4.48645277077383,-0.107293369239893,0.232298079114035,-0.247822002999505,0.524635705731817,0.232298079114035,1.38934825447881,0
4.63043064561369,4.48742581955514,-0.107063303616888,0.232050287579303,-0.247822002999505,0.52363617277656,0.232050287579303,1.39030749865838,0
4.63143052266953,4.48839892531488,-0.106833479114194,0.23180249604457,-0.247822002999505,0.522636634650318,0.23180249604457,1.39126685264759,0
4.63243039972537,4.48937208799332,-0.106603895745924,0.231554704509838,-0.247822002999505,0.521637091384912,0.231554704509838,1.39222631622893,0
4.63343027678122,4.49034530753069,-0.106374553526172,0.231306912975105,-0.247822002999505,0.520637543012292,0.231306912975105,1.39318588918529,0
4.63443015383706,4.49131858386725,-0.106145452469022,0.231059121440373,-0.247822002999505,0.519637989564537,0.231059121440373,1.39414557129988,0
4.63543003089291,4.49229191694323,-0.10591659258854,0.23081132990564,-0.247822002999505,0.518638431073854,0.230811329905641,1.39510536235631,0
4.63642990794875,4.49326530669886,-0.105687973898779,0.230563538370908,-0.247822002999505,0.517638867572582,0.230563538370908,1.39606526213853,0
4.6374297850046,4.4942387530744,-0.105459596413775,0.230315746836176,-0.247822002999505,0.516639299093187,0.230315746836176,1.39702527043087,0
4.63842966206044,4.49521225601004,-0.105231460147551,0.230067955301443,-0.247822002999505,0.515639725668275,0.230067955301443,1.397985387018,0
4.63942953911628,4.49618581544604,-0.105003565114115,0.229820163766711,-0.247822002999505,0.514640147330581,0.229820163766711,1.39894561168499,0
4.64042941617213,4.49715943132261,-0.10477591132746,0.229572372231978,-0.247822002999505,0.513640564112977,0.229572372231978,1.39990594421722,0
4.64142929322797,4.49813310357997,-0.104548498801564,0.229324580697246,-0.247822002999505,0.512640976048472,0.229324580697246,1.40086638440047,0
4.64242917028382,4.49910683215834,-0.10432132755039,0.229076789162514,-0.247822002999505,0.511641383170214,0.229076789162514,1.40182693202085,0
4.64342904733966,4.50008061699793,-0.104094397587886,0.228828997627781,-0.247822002999505,0.510641785511488,0.228828997627781,1.40278758686486,0
4.6444289243955,4.50105445803894,-0.103867708927987,0.228581206093049,-0.247822002999505,0.509642183105722,0.228581206093049,1.40374834871933,0
4.64542880145135,4.50202835522158,-0.103641261584611,0.228333414558316,-0.247822002999505,0.508642575986489,0.228333414558316,1.40470921737146,0
4.64642867850719,4.50300230848606,-0.103415055571662,0.228085623023584,-0.247822002999505,0.507642964187501,0.228085623023584,1.40567019260879,0
4.64742855556304,4.50397631777258,-0.103189090903029,0.227837831488851,-0.247822002999505,0.506643347742614,0.227837831488852,1.40663127421924,0
4.64842843261888,4.50495038302132,-0.102963367592587,0.227590039954119,-0.247822002999505,0.505643726685837,0.227590039954119,1.40759246199107,0
4.64942830967472,4.50592450417249,-0.102737885654195,0.227342248419387,-0.247822002999505,0.504644101051322,0.227342248419387,1.40855375571288,0
4.65042818673057,4.50689868116626,-0.102512645101698,0.227094456884654,-0.247822002999505,0.503644470873373,0.227094456884654,1.40951515517366,0
4.65142806378641,4.50787291394283,-0.102287645948927,0.226846665349922,-0.247822002999505,0.502644836186442,0.226846665349922,1.41047666016272,0
4.65242794084226,4.50884720244237,-0.102062888209694,0.226598873815189,-0.247822002999505,0.501645197025137,0.226598873815189,1.41143827046973,0
4.6534278178981,4.50982154660507,-0.101838371897803,0.226351082280457,-0.247822002999505,0.500645553424219,0.226351082280457,1.41239998588471,0
4.65442769495394,4.51079594637109,-0.101614097027036,0.226103290745725,-0.247822002999505,0.499645905418601,0.226103290745725,1.41336180619804,0
4.65542757200979,4.51177040168062,-0.101390063611167,0.225855499210992,-0.247822002999505,0.498646253043358,0.225855499210992,1.41432373120044,0
4.65642744906563,4.51274491247381,-0.101166271663949,0.22560770767626,-0.247822002999505,0.497646596333722,0.225607707676259,1.41528576068298,0
4.65742732612148,4.51371947869083,-0.100942721199124,0.225359916141527,-0.247822002999505,0.496646935325084,0.225359916141527,1.41624789443708,0
4.65842720317732,4.51469410027185,-0.100719412230419,0.225112124606795,-0.247822002999505,0.495647270052998,0.225112124606795,1.41721013225451,0
4.65942708023316,4.51566877715702,-0.100496344771544,0.224864333072062,-0.247822002999505,0.49464760055318,0.224864333072062,1.41817247392737,0
4.66042695728901,4.51664350928649,-0.100273518836196,0.22461654153733,-0.247822002999505,0.493647926861516,0.22461654153733,1.41913491924812,0
4.66142683434485,4.51761829660042,-0.100050934438057,0.224368750002598,-0.247822002999505,0.492648249014054,0.224368750002597,1.42009746800957,0
4.6624267114007,4.51859313903894,-0.099828591590793,0.224120958467865,-0.247822002999505,0.49164856704701,0.224120958467865,1.42106012000487,0
4.66342658845654,4.51956803654222,-0.0996064903080568,0.223873166933133,-0.247822002999505,0.490648880996773,0.223873166933132,1.4220228750275,0
4.66442646551238,4.52054298905038,-0.0993846306034852,0.2236253753984,-0.247822002999505,0.489649190899904,0.2236253753984,1.42298573287131,0
4.66542634256823,4.52151799650357,-0.0991630124907006,0.223377583863668,-0.247822002999505,0.488649496793136,0.223377583863668,1.42394869333045,0
4.66642621962407,4.52249305884192,-0.0989416359833106,0.223129792328936,-0.247822002999505,0.487649798713381,0.223129792328935,1.42491175619946,0
4.66742609667992,4.52346817600556,-0.0987205010949074,0.222882000794203,-0.247822002999505,0.486650096697721,0.222882000794203,1.4258749212732,0
4.66842597373576,4.52444334793461,-0.0984996078390695,0.222634209259471,-0.247822002999505,0.485650390783426,0.22263420925947,1.42683818834685,0
4.6694258507916,4.5254185745692,-0.0982789562293594,0.222386417724738,-0.247822002999505,0.484650681007941,0.222386417724738,1.42780155721596,0
4.67042572784745,4.52639385584946,-0.0980585462793252,0.222138626190005,-0.247822002999505,0.483650967408895,0.222138626190005,1.4287650276764,0
4.67142560490329,4.52736919171549,-0.0978383780025009,0.221890834655273,-0.247822002999505,0.482651250024106,0.221890834655273,1.4297285995244,0
4.67242548195914,4.52834458210741,-0.0976184514124041,0.221643043120541,-0.247822002999505,0.481651528891573,0.221643043120541,1.43069227255649,0
4.67342535901498,4.52932002696533,-0.0973987665225392,0.221395251585809,-0.247822002999505,0.480651804049486,0.221395251585808,1.43165604656957,0
4.67442523607082,4.53029552622937,-0.0971793233463941,0.221147460051076,-0.247822002999505,0.479652075536226,0.221147460051076,1.43261992136087,0
4.67542511312667,4.53127107983962,-0.0969601218974435,0.220899668516343,-0.247822002999505,0.478652343390365,0.220899668516343,1.43358389672793,0
4.67642499018251,4.53224668773617,-0.0967411621891465,0.220651876981611,-0.247822002999505,0.477652607650673,0.220651876981611,1.43454797246866,0
4.67742486723836,4.53322234985914,-0.0965224442349469,0.220404085446879,-0.247822002999505,0.476652868356111,0.220404085446879,1.43551214838129,0
4.6784247442942,4.53419806614862,-0.0963039680482744,0.220156293912146,-0.247822002999505,0.475653125545845,0.220156293912146,1.43647642426438,0
4.67942462135004,4.53517383654469,-0.0960857336425436,0.219908502377414,-0.247822002999505,0.474653379259237,0.219908502377414,1.43744079991681,0
4.68042449840589,4.53614966098743,-0.0958677410311541,0.219660710842681,-0.247822002999505,0.473653629535854,0.219660710842681,1.43840527513781,0
4.68142437546173,4.53712553941695,-0.0956499902274909,0.219412919307949,-0.247822002999505,0.472653876415469,0.219412919307949,1.43936984972695,0
4.68242425251758,4.53810147177331,-0.095432481244924,0.219165127773216,-0.247822002999505,0.47165411993806,0.219165127773216,1.4403345234841,0
4.68342412957342,4.53907745799659,-0.0952152140968088,0.218917336238484,-0.247822002999505,0.470654360143816,0.218917336238484,1.44129929620949,0
4.68442400662926,4.54005349802687,-0.0949981887964852,0.218669544703752,-0.247822002999505,0.469654597073137,0.218669544703752,1.44226416770365,0
4.68542388368511,4.54102959180422,-0.094781405357279,0.218421753169019,-0.247822002999505,0.468654830766637,0.218421753169019,1.44322913776747,0
4.68642376074095,4.5420057392687,-0.0945648637925007,0.218173961634287,-0.247822002999505,0.467655061265146,0.218173961634287,1.44419420620214,0
4.6874236377968,4.54298194036038,-0.0943485641154462,0.217926170099554,-0.247822002999505,0.466655288609712,0.217926170099554,1.44515937280919,0
4.68842351485264,4.54395819501931,-0.0941325063393967,0.217678378564822,-0.247822002999505,0.465655512841608,0.217678378564822,1.44612463739048,0
4.68942339190848,4.54493450318557,-0.0939166904776175,0.217430587030089,-0.247822002999505,0.464655734002322,0.21743058703009,1.44708999974819,0
4.69042326896433,4.54591086479919,-0.0937011165433606,0.217182795495357,-0.247822002999505,0.463655952133577,0.217182795495357,1.44805545968483,0
4.69142314602017,4.54688727980023,-0.0934857845498622,0.216935003960625,-0.247822002999505,0.462656167277318,0.216935003960625,1.44902101700322,0
4.69242302307602,4.54786374812874,-0.0932706945103436,0.216687212425892,-0.247822002999505,0.46165637947572,0.216687212425892,1.44998667150651,0
4.69342290013186,4.54884026972477,-0.0930558464380116,0.21643942089116,-0.247822002999505,0.460656588771196,0.21643942089116,1.45095242299819,0
4.6944227771877,4.54981684452835,-0.092841240346058,0.216191629356427,-0.247822002999505,0.459656795206391,0.216191629356428,1.45191827128206,0
4.69542265424355,4.55079347247952,-0.0926268762476598,0.215943837821695,-0.247822002999505,0.458656998824188,0.215943837821695,1.45288421616222,0
4.69642253129939,4.55177015351831,-0.092412754155979,0.215696046286963,-0.247822002999505,0.457657199667713,0.215696046286963,1.45385025744314,0
4.69742240835524,4.55274688758476,-0.0921988740841629,0.21544825475223,-0.247822002999505,0.456657397780332,0.21544825475223,1.45481639492956,0
4.69842228541108,4.5537236746189,-0.091985236045344,0.215200463217498,-0.247822002999505,0.455657593205663,0.215200463217498,1.45578262842657,0
4.69942216246692,4.55470051456074,-0.0917718400526395,0.214952671682765,-0.247822002999505,0.454657785987565,0.214952671682765,1.45674895773957,0
4.70042203952277,4.55567740735032,-0.0915586861191523,0.214704880148033,-0.247822002999505,0.453657976170154,0.214704880148033,1.45771538267429,0
4.70142191657861,4.55665435292764,-0.0913457742579701,0.2144570886133,-0.247822002999505,0.452658163797798,0.214457088613301,1.45868190303675,0
4.70242179363446,4.55763135123273,-0.0911331044821658,0.214209297078568,-0.247822002999505,0.451658348915123,0.214209297078568,1.45964851863331,0
4.7034216706903,4.5586084022056,-0.0909206768047977,0.213961505543836,-0.247822002999505,0.450658531567016,0.213961505543836,1.46061522927065,0
4.70442154774615,4.55958550578625,-0.0907084912389084,0.213713714009103,-0.247822002999505,0.449658711798622,0.213713714009103,1.46158203475574,0
4.70542142480199,4.56056266191468,-0.0904965477975271,0.213465922474371,-0.247822002999505,0.448658889655359,0.213465922474371,1.4625489348959,0
4.70642130185783,4.56153987053091,-0.0902848464936665,0.213218130939638,-0.247822002999505,0.447659065182907,0.213218130939639,1.46351592949873,0
4.70742117891368,4.56251713157493,-0.0900733873403254,0.212970339404906,-0.247822002999505,0.446659238427223,0.212970339404906,1.46448301837216,0
4.70842105596952,4.56349444498673,-0.0898621703504878,0.212722547870173,-0.247822002999505,0.445659409434536,0.212722547870174,1.46545020132445,0
4.70942093302537,4.56447182727112,-0.0896512723184786,0.212289915067239,-0.465309057369236,0.444659577507194,0.212289915067239,1.4664174980445,0
4.71042081008121,4.56544930705511,-0.0894408266469622,0.211824663216899,-0.465309057369236,0.443659741480082,0.211824663216899,1.46738494274427,0
4.71142068713705,4.56642688464354,-0.089230835772484,0.211359411366559,-0.465309057369236,0.442659901518714,0.211359411366559,1.46835253562595,0
4.7124205641929,4.56740455982481,-0.0890212997404985,0.21089415951622,-0.465309057369236,0.44166005781353,0.210894159516219,1.46932027627236,0
4.71342044124874,4.56838233238729,-0.0888122185963619,0.21042890766588,-0.465309057369236,0.440660210556209,0.21042890766588,1.47028816426697,0
4.71442031830458,4.56936020211933,-0.0886035923853314,0.20996365581554,-0.465309057369236,0.43966035993968,0.20996365581554,1.47125619919385,0
4.71542019536043,4.57033816880926,-0.0883954211525663,0.2094984039652,-0.465309057369236,0.438660506158141,0.2094984039652,1.47222438063768,0
4.71642007241627,4.5713162322454,-0.0881877049431271,0.209033152114861,-0.465309057369236,0.437660649407067,0.209033152114861,1.47319270818378,0
4.71741994947212,4.57229439221603,-0.0879804438019759,0.208567900264521,-0.465309057369236,0.436660789883235,0.208567900264521,1.47416118141807,0
4.71841982652796,4.57327264850941,-0.0877736377739764,0.208102648414181,-0.465309057369236,0.435660927784725,0.208102648414181,1.47512979992706,0
4.71941970358381,4.57425100091381,-0.0875672869038936,0.207637396563841,-0.465309057369236,0.434661063310946,0.207637396563841,1.47609856329791,0
4.72041958063965,4.57522944921744,-0.0873613912363943,0.207172144713502,-0.465309057369236,0.433661196662649,0.207172144713502,1.47706747111837,0
4.72141945769549,4.57620799320851,-0.0871559508160461,0.206706892863162,-0.465309057369236,0.432661328041935,0.206706892863162,1.47803652297681,0
4.72241933475134,4.5771866326752,-0.0869509656873186,0.206241641012822,-0.465309057369236,0.431661457652283,0.206241641012822,1.47900571846219,0
4.72341921180718,4.57816536740568,-0.0867464358945831,0.205776389162482,-0.465309057369236,0.430661585698559,0.205776389162482,1.4799750571641,0
4.72441908886303,4.5791441971881,-0.0865423614821115,0.205311137312142,-0.465309057369236,0.429661712387027,0.205311137312143,1.48094453867272,0
4.72541896591887,4.58012312181057,-0.0863387424940781,0.204845885461803,-0.465309057369236,0.428661837925378,0.204845885461803,1.48191416257885,0
4.72641884297471,4.5811021410612,-0.0861355789745574,0.204380633611463,-0.465309057369236,0.427661962522732,0.204380633611463,1.48288392847388,0
4.72741872003056,4.58208125472807,-0.0859328709675267,0.203915381761123,-0.465309057369236,0.42666208638967,0.203915381761123,1.48385383594981,0
4.7284185970864,4.58306046259924,-0.0857306185168639,0.203450129910784,-0.465309057369236,0.42566220973824,0.203450129910784,1.48482388459924,0
4.72941847414225,4.58403976446276,-0.0855288216663479,0.202984878060443,-0.465309057369236,0.424662332781974,0.202984878060443,1.48579407401537,0
4.73041835119809,4.58501916010665,-0.0853274804596604,0.202519626210104,-0.465309057369236,0.423662455735917,0.202519626210104,1.48676440379201,0
4.73141822825393,4.58599864931889,-0.0851265949403828,0.202054374359764,-0.465309057369236,0.42266257881663,0.202054374359764,1.48773487352355,0
4.73241810530978,4.58697823188749,-0.0849261651519989,0.201589122509424,-0.465309057369236,0.421662702242216,0.201589122509424,1.488705482805,0
4.73341798236562,4.58795790760039,-0.0847261911378937,0.201123870659085,-0.465309057369236,0.420662826232341,0.201123870659084,1.48967623123195,0
4.73441785942147,4.58893767624554,-0.0845266729413533,0.200658618808745,-0.465309057369236,0.419662951008244,0.200658618808744,1.49064711840058,0
4.73541773647731,4.58991753761086,-0.0843276106055654,0.200193366958405,-0.465309057369236,0.418663076792766,0.200193366958406,1.4916181439077,0
4.73641761353315,4.59089749148424,-0.0841290041736187,0.199728115108065,-0.465309057369236,0.417663203810356,0.199728115108066,1.49258930735067,0
4.737417490589,4.59187753765357,-0.0839308536885034,0.199262863257726,-0.465309057369236,0.416663332287104,0.199262863257726,1.49356060832746,0
4.73841736764484,4.59285767590671,-0.0837331591931112,0.198797611407386,-0.465309057369236,0.415663462450751,0.198797611407386,1.49453204643665,0
4.73941724470069,4.59383790603149,-0.0835359207302347,0.198332359557046,-0.465309057369236,0.414663594530715,0.198332359557046,1.49550362127737,0
4.74041712175653,4.59481822781574,-0.0833391383425684,0.197867107706707,-0.465309057369236,0.413663728758107,0.197867107706707,1.49647533244938,0
4.74141699881237,4.59579864104725,-0.083142812072707,0.197401855856366,-0.465309057369236,0.412663865365752,0.197401855856366,1.49744717955301,0
4.74241687586822,4.59677914551382,-0.0829469419631477,0.196936604006027,-0.465309057369236,0.411664004588214,0.196936604006027,1.49841916218917,0
4.74341675292406,4.59775974100319,-0.0827515280562884,0.196471352155687,-0.465309057369236,0.41066414666181,0.196471352155687,1.49939127995936,0
4.74441662997991,4.59874042730311,-0.0825565703944277,0.196006100305347,-0.465309057369236,0.409664291824637,0.196006100305347,1.50036353246568,0
4.74541650703575,4.5997212042013,-0.0823620690197668,0.195540848455008,-0.465309057369236,0.408664440316594,0.195540848455007,1.5013359193108,0
4.74641638409159,4.60070207148546,-0.0821680239744067,0.195075596604668,-0.465309057369236,0.407664592379397,0.195075596604668,1.50230844009797,0
4.74741626114744,4.60168302894328,-0.0819744353003504,0.194610344754328,-0.465309057369236,0.406664748256611,0.194610344754328,1.50328109443103,0
4.74841613820328,4.60266407636241,-0.0817813030395021,0.194145092903988,-0.465309057369236,0.405664908193664,0.194145092903988,1.5042538819144,0
4.74941601525913,4.60364521353051,-0.0815886272336669,0.193679841053648,-0.465309057369236,0.404665072437877,0.193679841053648,1.50522680215308,0
4.75041589231497,4.60462644023518,-0.0813964079245516,0.193214589203309,-0.465309057369236,0.403665241238485,0.193214589203309,1.50619985475264,0
4.75141576937081,4.60560775626405,-0.0812046451537634,0.192749337352969,-0.465309057369236,0.402665414846653,0.192749337352969,1.50717303931924,0
4.75241564642666,4.60658916140469,-0.0810133389628114,0.192284085502629,-0.465309057369236,0.401665593515515,0.192284085502629,1.5081463554596,0
4.7534155234825,4.60757065544466,-0.0808224893931055,0.191818833652289,-0.465309057369236,0.400665777500186,0.191818833652289,1.50911980278104,0
4.75441540053835,4.60855223817153,-0.0806320964859569,0.19135358180195,-0.465309057369236,0.399665967057793,0.19135358180195,1.51009338089144,0
4.75541527759419,4.6095339093728,-0.080442160282578,0.19088832995161,-0.465309057369236,0.398666162447496,0.19088832995161,1.51106708939925,0
4.75641515465003,4.610515668836,-0.080252680824082,0.19042307810127,-0.465309057369236,0.397666363930518,0.19042307810127,1.5120409279135,0
4.75741503170588,4.61149751634861,-0.080063658151484,0.18995782625093,-0.465309057369236,0.396666571770169,0.18995782625093,1.51301489604379,0
4.75841490876172,4.61247945169809,-0.0798750923056991,0.189492574400591,-0.465309057369236,0.395666786231866,0.189492574400591,1.51398899340028,0
4.75941478581757,4.61346147467191,-0.0796869833275442,0.18902732255025,-0.465309057369236,0.394667007583173,0.18902732255025,1.51496321959372,0
4.76041466287341,4.61444358505749,-0.0794993312577378,0.188562070699911,-0.465309057369236,0.393667236093818,0.188562070699911,1.51593757423541,0
4.76141453992925,4.61542578264225,-0.0793121361368985,0.188096818849571,-0.465309057369236,0.39266747203572,0.188096818849571,1.51691205693722,0
4.7624144169851,4.61640806721358,-0.0791253980055463,0.187631566999231,-0.465309057369236,0.391667715683025,0.187631566999231,1.5178866673116,0
4.76341429404094,4.61739043855885,-0.0789391169041027,0.187166315148892,-0.465309057369236,0.390667967312125,0.187166315148891,1.51886140497156,0
4.76441417109679,4.61837289646543,-0.0787532928728898,0.186701063298552,-0.465309057369236,0.389668227201694,0.186701063298552,1.51983626953066,0
4.76541404815263,4.61935544072064,-0.0785679259521312,0.186235811448212,-0.465309057369236,0.388668495632713,0.186235811448213,1.52081126060303,0
4.76641392520848,4.62033807111182,-0.0783830161819508,0.185770559597872,-0.465309057369236,0.387668772888499,0.185770559597872,1.52178637780337,0
4.76741380226432,4.62132078742625,-0.0781985636023746,0.185305307747533,-0.465309057369236,0.386669059254744,0.185305307747533,1.52276162074695,0
4.76841367932016,4.62230358945123,-0.0780145682533286,0.184840055897193,-0.465309057369236,0.385669355019529,0.184840055897193,1.52373698904957,0
4.76941355637601,4.62328647697401,-0.0778310301746405,0.184374804046853,-0.465309057369236,0.384669660473371,0.184374804046853,1.52471248232761,0
4.77041343343185,4.62426944978184,-0.0776479494060388,0.183909552196513,-0.465309057369236,0.383669975909247,0.183909552196513,1.52568810019801,0
4.7714133104877,4.62525250766195,-0.0774653259871531,0.183444300346173,-0.465309057369236,0.382670301622626,0.183444300346173,1.52666384227825,0
4.77241318754354,4.62623565040154,-0.077283159957514,0.182979048495834,-0.465309057369236,0.381670637911506,0.182979048495834,1.5276397081864,0
4.77341306459938,4.62721887778781,-0.0771014513565527,0.182513796645494,-0.465309057369236,0.380670985076439,0.182513796645494,1.52861569754104,0
4.77441294165523,4.62820218960792,-0.0769202002236018,0.182048544795154,-0.465309057369236,0.379671343420572,0.182048544795154,1.52959180996134,0
4.77541281871107,4.62918558564903,-0.0767394065978953,0.181583292944815,-0.465309057369236,0.378671713249679,0.181583292944814,1.530568045067,0
4.77641269576691,4.63016906569828,-0.076559070518567,0.181118041094475,-0.465309057369236,0.377672094872194,0.181118041094475,1.53154440247829,0
4.77741257282276,4.63115262954277,-0.0763791920246528,0.180652789244135,-0.465309057369236,0.376672488599249,0.180652789244135,1.53252088181603,0
4.7784124498786,4.63213627696961,-0.0761997711550885,0.180187537393795,-0.465309057369236,0.375672894744702,0.180187537393795,1.53349748270157,0
4.77941232693445,4.63312000776589,-0.076020807948712,0.179722285543455,-0.465309057369236,0.374673313625188,0.179722285543455,1.53447420475683,0
4.78041220399029,4.63410382171865,-0.0758423024442614,0.179257033693116,-0.465309057369236,0.373673745560143,0.179257033693116,1.53545104760427,0
4.78141208104614,4.63508771861495,-0.0756642546803755,0.178791781842776,-0.465309057369236,0.372674190871842,0.178791781842776,1.5364280108669,0
4.78241195810198,4.6360716982418,-0.075486664695595,0.178326529992436,-0.465309057369236,0.371674649885447,0.178326529992436,1.53740509416827,0
4.78341183515782,4.63705576038623,-0.0753095325283604,0.177861278142096,-0.465309057369236,0.370675122929035,0.177861278142097,1.53838229713249,0
4.78441171221367,4.63803990483522,-0.0751328582170138,0.177396026291757,-0.465309057369236,0.369675610333643,0.177396026291757,1.53935961938419,0
4.78541158926951,4.63902413137575,-0.0749566417997979,0.176930774441417,-0.465309057369236,0.368676112433306,0.176930774441417,1.54033706054857,0
4.78641146632536,4.64000843979476,-0.0747808833148565,0.176465522591077,-0.465309057369236,0.3676766295651,0.176465522591077,1.54131462025135,0
4.7874113433812,4.6409928298792,-0.0746055828002343,0.176000270740738,-0.465309057369236,0.366677162069179,0.176000270740738,1.5422922981188,0
4.78841122043704,4.64197730141599,-0.0744307402938763,0.175535018890398,-0.465309057369236,0.36567771028882,0.175535018890398,1.54327009377773,0
4.78941109749289,4.64296185419202,-0.0742563558336291,0.175069767040058,-0.465309057369236,0.364678274570465,0.175069767040058,1.5442480068555,0
4.79041097454873,4.64394648799418,-0.0740824294572397,0.174604515189718,-0.465309057369236,0.363678855263766,0.174604515189718,1.54522603697999,0
4.79141085160458,4.64493120260935,-0.0739089612023562,0.174139263339378,-0.465309057369236,0.362679452721623,0.174139263339378,1.54620418377963,0
4.79241072866042,4.64591599782436,-0.0737359511065272,0.173674011489038,-0.465309057369236,0.361680067300237,0.173674011489038,1.54718244688338,0
4.79341060571626,4.64690087342605,-0.0735633992072026,0.173208759638699,-0.465309057369236,0.360680699359148,0.173208759638698,1.54816082592074,0
4.79441048277211,4.64788582920124,-0.0733913055417327,0.172743507788359,-0.465309057369236,0.359681349261288,0.172743507788359,1.54913932052173,0
4.79541035982795,4.64887086493672,-0.0732196701473689,0.172278255938019,-0.465309057369236,0.35868201737302,0.17227825593802,1.55011793031693,0
4.7964102368838,4.64985598041927,-0.073048493061263,0.171813004087679,-0.465309057369236,0.357682704064194,0.171813004087679,1.55109665493743,0
4.79741011393964,4.65084117543565,-0.0728777743204683,0.17134775223734,-0.465309057369236,0.356683409708193,0.17134775223734,1.55207549401486,0
4.79840999099548,4.65182644977262,-0.072707513961938,0.170882500387,-0.465309057369236,0.355684134681975,0.170882500387,1.55305444718139,0
4.79940986805133,4.65281180321689,-0.0725377120225268,0.17041724853666,-0.465309057369236,0.354684879366136,0.17041724853666,1.55403351406969,0
4.80040974510717,4.65379723555518,-0.0723683685389899,0.16995199668632,-0.465309057369236,0.353685644144952,0.16995199668632,1.55501269431299,0
4.80140962216302,4.65478274657419,-0.0721994835479832,0.16948674483598,-0.465309057369236,0.352686429406431,0.16948674483598,1.55599198754504,0
4.80240949921886,4.65576833606058,-0.0720310570860635,0.169021492985641,-0.465309057369236,0.351687235542371,0.169021492985641,1.5569713934001,0
4.8034093762747,4.65675400380103,-0.071863089189688,0.168556241135301,-0.465309057369236,0.350688062948411,0.168556241135301,1.55795091151297,0
4.80440925333055,4.65773974958217,-0.0716955798952154,0.168090989284961,-0.465309057369236,0.349688912024085,0.168090989284961,1.55893054151898,0
4.80540913038639,4.65872557319063,-0.0715285292389042,0.167625737434622,-0.465309057369236,0.348689783172875,0.167625737434622,1.55991028305397,0
4.80640900744224,4.65971147441301,-0.0713619372569143,0.167160485584282,-0.465309057369236,0.347690676802275,0.167160485584282,1.56089013575431,0
4.80740888449808,4.66069745303592,-0.0711958039853059,0.166695233733942,-0.465309057369236,0.34669159332384,0.166695233733942,1.5618700992569,0
4.80840876155392,4.66168350884593,-0.0710301294600403,0.166229981883602,-0.465309057369236,0.345692533153251,0.166229981883602,1.56285017319914,0
4.80940863860977,4.66266964162959,-0.0708649137169793,0.165764730033263,-0.465309057369236,0.344693496710371,0.165764730033263,1.56383035721897,0
4.81040851566561,4.66365585117345,-0.0707001567918851,0.165299478182923,-0.465309057369236,0.343694484419304,0.165299478182923,1.56481065095484,0
4.81140839272146,4.66464213726404,-0.0705358587204209,0.164834226332583,-0.465309057369236,0.34269549670846,0.164834226332583,1.56579105404572,0
4.8124082697773,4.66562849968786,-0.070372019538151,0.164368974482243,-0.465309057369236,0.34169653401062,0.164368974482243,1.56677156613109,0
4.81340814683314,4.6666149382314,-0.0702086392805394,0.163903722631903,-0.465309057369236,0.340697596762989,0.163903722631904,1.56775218685095,0
4.81440802388899,4.66760145268115,-0.0700457179829515,0.163438470781564,-0.465309057369236,0.339698685407272,0.163438470781564,1.56873291584584,0
4.81540790094483,4.66858804282356,-0.069883255680653,0.162973218931224,-0.465309057369236,0.338699800389733,0.162973218931224,1.56971375275677,0
4.81640777800068,4.66957470844508,-0.0697212524088106,0.162507967080884,-0.465309057369236,0.33770094216127,0.162507967080884,1.57069469722529,0
4.81740765505652,4.67056144933212,-0.0695597082024913,0.162042715230545,-0.465309057369236,0.336702111177471,0.162042715230545,1.57167574889346,0
4.81840753211236,4.67154826527112,-0.0693986230966626,0.161577463380204,-0.465309057369236,0.335703307898692,0.161577463380204,1.57265690740386,0
4.81940740916821,4.67253515604845,-0.0692379971261933,0.161112211529865,-0.465309057369236,0.334704532790133,0.161112211529865,1.57363817239956,0
4.82040728622405,4.67352212145049,-0.069077830325852,0.160646959679525,-0.465309057369236,0.333705786321893,0.160646959679525,1.57461954352415,0
4.8214071632799,4.67450916126362,-0.0689181227303086,0.160181707829185,-0.465309057369236,0.332707068969058,0.160181707829185,1.57560102042173,0
4.82240704033574,4.67549627527417,-0.068758874374133,0.159716455978846,-0.465309057369236,0.331708381211773,0.159716455978845,1.57658260273691,0
4.82340691739158,4.67648346326848,-0.0686000852917962,0.159251204128506,-0.465309057369236,0.330709723535311,0.159251204128505,1.5775642901148,0
4.82440679444743,4.67747072503285,-0.0684417555176696,0.158785952278166,-0.465309057369236,0.329711096430158,0.158785952278166,1.57854608220102,0
4.82540667150327,4.67845806035359,-0.0682838850860249,0.158320700427826,-0.465309057369236,0.328712500392087,0.158320700427827,1.5795279786417,0
4.82640654855912,4.67944546901698,-0.0681264740310347,0.157855448577486,-0.465309057369236,0.32771393592224,0.157855448577486,1.58050997908346,0
4.82740642561496,4.68043295080928,-0.0679695223867724,0.157390196727147,-0.465309057369236,0.326715403527212,0.157390196727147,1.58149208317343,0
4.8284063026708,4.68142050551675,-0.0678130301872112,0.156924944876807,-0.465309057369236,0.325716903719124,0.156924944876807,1.58247429055926,0
4.82940617972665,4.68240813292562,-0.0676569974662255,0.156459693026467,-0.465309057369236,0.324718437015723,0.156459693026467,1.58345660088907,0
4.83040605678249,4.68339583282211,-0.06750142425759,0.155994441176127,-0.465309057369236,0.323720003940455,0.155994441176127,1.5844390138115,0
4.83140593383834,4.68438360499242,-0.06734631059498,0.155529189325788,-0.465309057369236,0.322721605022557,0.155529189325788,1.58542152897569,0
4.83240581089418,4.68537144922274,-0.0671916565119714,0.155063937475448,-0.465309057369236,0.321723240797149,0.155063937475448,1.58640414603127,0
4.83340568795002,4.68635939211527,-0.0670376340933816,0.154222145091888,-0.872429957227763,0.320724921543585,0.154222145091888,1.58738689670472,0
4.83440556500587,4.68734746881334,-0.0668844724071277,0.153349822394825,-0.872429957227763,0.319726661238318,0.153349822394825,1.58836982294431,0
4.83540544206171,4.68833567874188,-0.0667321727007685,0.152477499697761,-0.872429957227763,0.318728461262328,0.152477499697761,1.58935292397732,0
4.83640531911756,4.6893240211489,-0.0665807350901962,0.151605177000698,-0.872429957227763,0.317730322947375,0.151605177000699,1.59033619882079,0
4.8374051961734,4.69031249528232,-0.0664301596906467,0.150732854303636,-0.872429957227763,0.316732247639526,0.150732854303635,1.59131964649304,0
4.83840507322924,4.69130110038999,-0.0662804466166999,0.149860531606573,-0.872429957227763,0.315734236699385,0.149860531606573,1.59230326601364,0
4.83940495028509,4.6922898357196,-0.0661315959822794,0.148988208909511,-0.872429957227763,0.314736291502318,0.148988208909511,1.59328705640339,0
4.84040482734093,4.69327870051881,-0.0659836079006525,0.148115886212447,-0.872429957227763,0.313738413438678,0.148115886212447,1.59427101668437,0
4.84140470439678,4.69426769403512,-0.0658364824844305,0.147243563515384,-0.872429957227763,0.312740603914052,0.147243563515384,1.59525514587989,0
4.84240458145262,4.69525681551597,-0.065690219845568,0.146371240818322,-0.872429957227763,0.311742864349494,0.146371240818322,1.59623944301451,0
4.84340445850846,4.69624606420869,-0.0655448200953629,0.145498918121259,-0.872429957227763,0.310745196181768,0.145498918121259,1.59722390711404,0
4.84440433556431,4.69723543936051,-0.0654002833444569,0.144626595424197,-0.872429957227763,0.309747600863604,0.144626595424197,1.59820853720554,0
4.84540421262015,4.69822494021857,-0.0652566097028346,0.143754272727134,-0.872429957227763,0.308750079863942,0.143754272727134,1.5991933323173,0
4.846404089676,4.69921456602992,-0.0651137992798241,0.142881950030071,-0.872429957227763,0.307752634668204,0.142881950030071,1.60017829147886,0
4.84740396673184,4.7002043160415,-0.0649718521840966,0.142009627333009,-0.872429957227763,0.306755266778545,0.142009627333009,1.601163413721,0
4.84840384378769,4.70119418950016,-0.064830768523666,0.141137304635945,-0.872429957227763,0.305757977714128,0.141137304635945,1.60214869807573,0
4.84940372084353,4.70218418565267,-0.0646905484058899,0.140264981938883,-0.872429957227763,0.304760769011398,0.140264981938883,1.60313414357632,0
4.85040359789937,4.70317430374568,-0.0645511919374681,0.13939265924182,-0.872429957227763,0.303763642224358,0.139392659241821,1.60411974925725,0
4.85140347495522,4.70416454302578,-0.0644126992244434,0.138520336544758,-0.872429957227763,0.302766598924856,0.138520336544758,1.60510551415424,0
4.85240335201106,4.70515490273944,-0.0642750703722016,0.137648013847695,-0.872429957227763,0.301769640702874,0.137648013847695,1.60609143730425,0
4.85340322906691,4.70614538213305,-0.0641383054854708,0.136775691150632,-0.872429957227763,0.300772769166825,0.136775691150632,1.60707751774547,0
4.85440310612275,4.7071359804529,-0.0640024046683219,0.13590336845357,-0.872429957227763,0.299775985943854,0.13590336845357,1.60806375451732,0
4.85540298317859,4.70812669694522,-0.063867368024168,0.135031045756506,-0.872429957227763,0.298779292680137,0.135031045756506,1.60905014666044,0
4.85640286023444,4.7091175308561,-0.0637331956557651,0.134158723059444,-0.872429957227763,0.297782691041212,0.134158723059444,1.61003669321671,0
4.85740273729028,4.71010848143159,-0.063599887665211,0.133286400362381,-0.872429957227763,0.296786182712277,0.133286400362381,1.61102339322923,0
4.85840261434612,4.71109954791762,-0.0634674441539461,0.132414077665319,-0.872429957227763,0.295789769398533,0.132414077665318,1.61201024574231,0
4.85940249140197,4.71209072956004,-0.0633358652227528,0.131541754968256,-0.872429957227763,0.294793452825506,0.131541754968256,1.6129972498015,0
4.86040236845781,4.71308202560462,-0.0632051509717558,0.130669432271193,-0.872429957227763,0.293797234739388,0.130669432271193,1.61398440445356,0
4.86140224551366,4.71407343529703,-0.0630753015004217,0.129797109574131,-0.872429957227763,0.292801116907388,0.129797109574131,1.61497170874649,0
4.8624021225695,4.71506495788286,-0.0629463169075588,0.128924786877068,-0.872429957227763,0.291805101118068,0.128924786877068,1.61595916172948,0
4.86340199962535,4.71605659260761,-0.0628181972913176,0.128052464180005,-0.872429957227763,0.290809189181722,0.128052464180004,1.61694676245294,0
4.86440187668119,4.71704833871671,-0.0626909427491907,0.127180141482942,-0.872429957227763,0.289813382930733,0.127180141482942,1.61793450996852,0
4.86540175373703,4.71804019545549,-0.0625645533780116,0.12630781878588,-0.872429957227763,0.28881768421994,0.12630781878588,1.61892240332906,0
4.86640163079288,4.71903216206919,-0.062439029273956,0.125435496088817,-0.872429957227763,0.287822094927031,0.125435496088817,1.61991044158861,0
4.86740150784872,4.72002423780299,-0.0623143705325411,0.124563173391754,-0.872429957227763,0.286826616952927,0.124563173391754,1.62089862380245,0
4.86840138490457,4.72101642190197,-0.0621905772486256,0.123690850694691,-0.872429957227763,0.285831252222173,0.123690850694691,1.62188694902706,0
4.86940126196041,4.72200871361113,-0.0620676495164097,0.122818527997629,-0.872429957227763,0.284836002683355,0.122818527997629,1.6228754163201,0
4.87040113901625,4.72300111217538,-0.0619455874294346,0.121946205300565,-0.872429957227763,0.283840870309499,0.121946205300565,1.62386402474049,0
4.8714010160721,4.72399361683956,-0.0618243910805833,0.121073882603503,-0.872429957227763,0.282845857098509,0.121073882603504,1.6248527733483,0
4.87240089312794,4.72498622684844,-0.0617040605620797,0.120201559906441,-0.872429957227763,0.281850965073575,0.120201559906441,1.62584166120484,0
4.87340077018379,4.72597894144669,-0.0615845959654889,0.119329237209378,-0.872429957227763,0.280856196283634,0.119329237209378,1.6268306873726,0
4.87440064723963,4.72697175987889,-0.0614659973817171,0.118456914512315,-0.872429957227763,0.279861552803805,0.118456914512315,1.62781985091529,0
4.87540052429547,4.72796468138959,-0.0613482649010116,0.117584591815252,-0.872429957227763,0.278867036735851,0.117584591815252,1.6288091508978,0
4.87640040135132,4.7289577052232,-0.0612313986129606,0.11671226911819,-0.872429957227763,0.277872650208642,0.11671226911819,1.62979858638621,0
4.87740027840716,4.72995083062409,-0.0611153986064928,0.115839946421126,-0.872429957227763,0.276878395378634,0.115839946421127,1.63078815644783,0
4.87840015546301,4.73094405683656,-0.0610002649698784,0.114967623724064,-0.872429957227763,0.275884274430357,0.114967623724064,1.63177786015113,0
4.87940003251885,4.7319373831048,-0.060885997790728,0.114095301027001,-0.872429957227763,0.274890289576908,0.114095301027001,1.63276769656578,0
4.88039990957469,4.73293080867295,-0.0607725971559925,0.113222978329939,-0.872429957227763,0.27389644306046,0.113222978329939,1.63375766476265,0
4.88139978663054,4.73392433278505,-0.0606600631519641,0.112350655632876,-0.872429957227763,0.272902737152779,0.112350655632876,1.63474776381379,0
4.88239966368638,4.73491795468511,-0.060548395864275,0.111478332935813,-0.872429957227763,0.271909174155752,0.111478332935813,1.63573799279245,0
4.88339954074223,4.73591167361701,-0.0604375953778981,0.11060601023875,-0.872429957227763,0.270915756401929,0.11060601023875,1.63672835077304,0
4.88439941779807,4.7369054888246,-0.0603276617771468,0.109733687541688,-0.872429957227763,0.269922486255074,0.109733687541688,1.63771883683119,0
4.88539929485391,4.73789939955163,-0.0602185951456744,0.108861364844624,-0.872429957227763,0.268929366110721,0.108861364844624,1.63870945004368,0
4.88639917190976,4.73889340504179,-0.0601103955664753,0.107989042147562,-0.872429957227763,0.267936398396763,0.107989042147562,1.63970018948849,0
4.8873990489656,4.73988750453869,-0.0600030631218832,0.1071167194505,-0.872429957227763,0.266943585574026,0.1071167194505,1.64069105424478,0
4.88839892602145,4.74088169728588,-0.0598965978935726,0.106244396753437,-0.872429957227763,0.265950930136874,0.106244396753437,1.64168204339288,0
4.88939880307729,4.74187598252683,-0.0597909999625578,0.105372074056374,-0.872429957227763,0.264958434613827,0.105372074056374,1.64267315601431,0
4.89039868013313,4.74287035950495,-0.0596862694091933,0.104499751359311,-0.872429957227763,0.26396610156818,0.104499751359311,1.64366439119175,0
4.89139855718898,4.74386482746355,-0.0595824063131735,0.103627428662249,-0.872429957227763,0.262973933598647,0.103627428662249,1.64465574800906,0
4.89239843424482,4.74485938564591,-0.0594794107535324,0.102755105965185,-0.872429957227763,0.261981933340009,0.102755105965185,1.64564722555127,0
4.89339831130067,4.74585403329522,-0.0593772828086445,0.101882783268123,-0.872429957227763,0.260990103463799,0.101882783268123,1.6466388229046,0
4.89439818835651,4.74684876965461,-0.0592760225562237,0.10101046057106,-0.872429957227763,0.259998446678961,0.10101046057106,1.6476305391564,0
4.89539806541235,4.74784359396713,-0.0591756300733234,0.100138137873998,-0.872429957227763,0.259006965732563,0.100138137873998,1.64862237339524,0
4.8963979424682,4.74883850547578,-0.0590761054363372,0.0992658151769348,-0.872429957227763,0.258015663410513,0.0992658151769348,1.6496143247108,0
4.89739781952404,4.74983350342348,-0.0589774487209979,0.0983934924798719,-0.872429957227763,0.257024542538277,0.0983934924798717,1.65060639219398,0
4.89839769657989,4.75082858705308,-0.0588796600023781,0.0975211697828091,-0.872429957227763,0.256033605981633,0.0975211697828091,1.65159857493679,0
4.89939757363573,4.7518237556074,-0.05878273935489,0.096648847085747,-0.872429957227763,0.255042856647429,0.0966488470857469,1.65259087203244,0
4.90039745069157,4.75281900832915,-0.0586866868522846,0.0957765243886834,-0.872429957227763,0.254052297484364,0.0957765243886834,1.65358328257529,0
4.90139732774742,4.753814344461,-0.0585915025676532,0.0949042016916214,-0.872429957227763,0.253061931483784,0.0949042016916213,1.65457580566085,0
4.90239720480326,4.75480976324555,-0.0584971865734257,0.0940318789945585,-0.872429957227763,0.252071761680498,0.0940318789945587,1.65556844038581,0
4.90339708185911,4.75580526392534,-0.0584037389413716,0.0931595562974957,-0.872429957227763,0.251081791153606,0.0931595562974956,1.65656118584798,0
4.90439695891495,4.75680084574286,-0.0583111597425997,0.0922872336004329,-0.872429957227763,0.25009202302736,0.092287233600433,1.65755404114635,0
4.90539683597079,4.7577965079405,-0.0582194490475577,0.09141491090337,-0.872429957227763,0.249102460472025,0.09141491090337,1.65854700538105,0
4.90639671302664,4.75879224976063,-0.0581286069260328,0.090542588206308,-0.872429957227763,0.24811310670478,0.0905425882063078,1.65954007765339,0
4.90739659008248,4.75978807044555,-0.0580386334471507,0.0896702655092443,-0.872429957227763,0.24712396499062,0.0896702655092443,1.66053325706578,0
4.90839646713833,4.76078396923748,-0.0579495286793768,0.0887979428121823,-0.872429957227763,0.246135038643298,0.0887979428121821,1.66152654272182,0
4.90939634419417,4.7617799453786,-0.0578612926905148,0.0879256201151194,-0.872429957227763,0.245146331026272,0.0879256201151195,1.66251993372625,0
4.91039622125001,4.76277599811102,-0.0577739255477076,0.0870532974180566,-0.872429957227763,0.244157845553684,0.0870532974180565,1.66351342918492,0
4.91139609830586,4.7637721266768,-0.0576874273174371,0.0861809747209938,-0.872429957227763,0.243169585691358,0.0861809747209938,1.66450702820488,0
4.9123959753617,4.76476833031794,-0.0576017980655238,0.0853086520239309,-0.872429957227763,0.242181554957828,0.0853086520239308,1.66550072989427,0
4.91339585241755,4.76576460827638,-0.057517037857127,0.0844363293268681,-0.872429957227763,0.24119375692537,0.0844363293268682,1.66649453336241,0
4.91439572947339,4.76676095979401,-0.0574331467567448,0.0835640066298052,-0.872429957227763,0.24020619522109,0.0835640066298051,1.66748843771973,0
4.91539560652924,4.76775738411266,-0.0573501248282137,0.0826916839327424,-0.872429957227763,0.239218873528004,0.0826916839327425,1.66848244207781,0
4.91639548358508,4.76875388047409,-0.0572679721347092,0.0818193612356803,-0.872429957227763,0.238231795586173,0.0818193612356803,1.66947654554936,0
4.91739536064092,4.76975044812004,-0.0571866887387448,0.0809470385386175,-0.872429957227763,0.237244965193837,0.0809470385386177,1.67047074724825,0
4.91839523769677,4.77074708629216,-0.0571062747021731,0.0800747158415547,-0.872429957227763,0.236258386208606,0.0800747158415547,1.67146504628944,0
4.91939511475261,4.77174379423207,-0.0570267300861849,0.0792023931444918,-0.872429957227763,0.23527206254865,0.0792023931444916,1.67245944178906,0
4.92039499180845,4.77274057118132,-0.0569480549513093,0.078330070447429,-0.872429957227763,0.23428599819394,0.078330070447429,1.67345393286434,0
4.9213948688643,4.77373741638142,-0.0568702493574141,0.0774577477503669,-0.872429957227763,0.233300197187508,0.0774577477503668,1.67444851863365,0
4.92239474592014,4.77473432907382,-0.0567933133637049,0.0765854250533033,-0.872429957227763,0.232314663636733,0.0765854250533033,1.67544319821651,0
4.92339462297599,4.77573130849993,-0.0567172470287262,0.0757131023562413,-0.872429957227763,0.231329401714674,0.0757131023562412,1.67643797073352,0
4.92439450003183,4.7767283539011,-0.0566420504103603,0.0748407796591784,-0.872429957227763,0.230344415661419,0.0748407796591786,1.67743283530644,0
4.92539437708768,4.77772546451863,-0.0565677235658277,0.0739684569621148,-0.872429957227763,0.229359709785475,0.0739684569621146,1.67842779105813,0
4.92639425414352,4.77872263959377,-0.0564942665516875,0.0730961342650527,-0.872429957227763,0.228375288465196,0.0730961342650529,1.67942283711259,0
4.92739413119936,4.77971987836772,-0.0564216794238364,0.0722238115679899,-0.872429957227763,0.227391156150226,0.0722238115679898,1.68041797259493,0
4.92839400825521,4.78071718008165,-0.0563499622375094,0.0713514888709278,-0.872429957227763,0.226407317363009,0.0713514888709277,1.68141319663137,0
4.92939388531105,4.78171454397664,-0.0562791150472793,0.0704791661738642,-0.872429957227763,0.225423776700307,0.0704791661738642,1.68240850834925,0
4.9303937623669,4.78271196929377,-0.0562091379070572,0.0696068434768014,-0.872429957227763,0.224440538834775,0.0696068434768016,1.68340390687704,0
4.93139363942274,4.78370945527405,-0.056140030870092,0.0687345207797393,-0.872429957227763,0.223457608516567,0.0687345207797394,1.6843993913443,0
4.93239351647858,4.78470700115844,-0.0560717939889704,0.0678621980826765,-0.872429957227763,0.222474990574973,0.0678621980826764,1.68539496088171,0
4.93339339353443,4.78570460618786,-0.0560044273156171,0.0669898753856137,-0.872429957227763,0.22149268992012,0.0669898753856137,1.68639061462108,0
4.93439327059027,4.78670226960319,-0.0559379309012945,0.0661175526885508,-0.872429957227763,0.220510711544697,0.0661175526885507,1.68738635169529,0
4.93539314764612,4.78769999064526,-0.0558723047966029,0.065245229991488,-0.872429957227763,0.219529060525725,0.0652452299914881,1.68838217123836,0
4.93639302470196,4.78869776855486,-0.0558075490514803,0.0643729072944259,-0.872429957227763,0.218547742026383,0.0643729072944259,1.6893780723854,0
4.9373929017578,4.78969560257273,-0.0557436637152022,0.0635005845973623,-0.872429957227763,0.217566761297866,0.0635005845973624,1.69037405427264,0
4.93839277881365,4.79069349193956,-0.0556806488363821,0.0626282619003002,-0.872429957227763,0.216586123681305,0.0626282619003002,1.69137011603737,0
4.93939265586949,4.79169143589604,-0.055618504462971,0.0617559392032374,-0.872429957227763,0.215605834609716,0.0617559392032372,1.69236625681804,0
4.94039253292534,4.79268943368276,-0.0555572306422573,0.0608836165061746,-0.872429957227763,0.214625899610024,0.0608836165061746,1.69336247575415,0
4.94139240998118,4.79368748454031,-0.0554968274208673,0.0600112938091117,-0.872429957227763,0.213646324305118,0.0600112938091115,1.69435877198633,0
4.94239228703702,4.79468558770922,-0.0554372948447645,0.0591389711120489,-0.872429957227763,0.21266711441597,0.0591389711120489,1.69535514465629,0
4.94339216409287,4.79568374242999,-0.0553786329592502,0.0582666484149868,-0.872429957227763,0.211688275763803,0.0582666484149867,1.69635159290684,0
4.94439204114871,4.79668194794307,-0.0553208418089628,0.0573943257179232,-0.872429957227763,0.210709814272321,0.0573943257179232,1.69734811588188,0
4.94539191820456,4.79768020348889,-0.0552639214378783,0.0565220030208604,-0.872429957227763,0.209731735969995,0.0565220030208602,1.69834471272641,0
4.9463917952604,4.79867850830783,-0.0552078718893103,0.0556496803237983,-0.872429957227763,0.208754046992406,0.0556496803237985,1.69934138258651,0
4.94739167231624,4.79967686164022,-0.0551526932059093,0.0547773576267355,-0.872429957227763,0.207776753584647,0.0547773576267354,1.70033812460936,0
4.94839154937209,4.80067526272638,-0.0550983854296633,0.0539050349296726,-0.872429957227763,0.206799862103803,0.0539050349296728,1.70133493794321,0
4.94939142642793,4.80167371080658,-0.0550449486018978,0.0530327122326098,-0.872429957227763,0.205823379021476,0.0530327122326097,1.70233182173741,0
4.95039130348378,4.80267220512104,-0.0549923827632754,0.052160389535547,-0.872429957227763,0.204847310926393,0.0521603895355471,1.7033287751424,0
4.95139118053962,4.80367074490997,-0.0549406879537958,0.0512880668384841,-0.872429957227763,0.203871664527077,0.0512880668384841,1.70432579730968,0
4.95239105759546,4.80466932941354,-0.054889864212796,0.0504157441414213,-0.872429957227763,0.202896446654584,0.0504157441414215,1.70532288739186,0
4.95339093465131,4.80566795787186,-0.0548399115789502,0.0495434214443592,-0.872429957227763,0.201921664265327,0.0495434214443593,1.7063200445426,0
4.95439081170715,4.80666662952505,-0.0547908300902697,0.0486710987472964,-0.872429957227763,0.20094732444396,0.0486710987472962,1.70731726791666,0
4.955390688763,4.80766534361315,-0.054742619784103,0.0477987760502335,-0.872429957227763,0.199973434406355,0.0477987760502336,1.70831455666988,1
4.95639056581884,4.80866409937622,-0.0546952806971353,0.0469264533531704,-0.872429957227763,0.199000001502643,0.0469264533531706,1.70931190995914,1
