time_s,px_m,py_m,psi_rad,turn_rate_radps,target_distance_m,heading_error_rad,obstacle_clearance_m,inside_target
0,0,0,0,-1,5,0,1.6,0
0.000999918620913862,0.00099991845428789,-4.99918582572036e-07,-0.000999918620913862,-1,4.99900008154574,0.000999918620913753,1.59900008154576,0
0.00199983724182772,0.00199983590882015,-1.99967383045097e-06,-0.00199983724182772,-1,4.99800016409158,0.00199983724182751,1.59800016409198,0
0.00299975586274159,0.00299975136384214,-4.49926424412576e-06,-0.00299975586274159,-1,4.99700024863818,0.0029997558627417,1.59700024864021,0
0.00399967448365545,0.00399966381960123,-7.99868732441303e-06,-0.00399967448365545,-1,4.9960003361868,0.00399967448365546,1.59600033619322,0
0.00499959310456931,0.00499957227634779,-1.24979395724595e-05,-0.00499959310456931,-1,4.99500042773929,0.00499959310456921,1.59500042775495,0
0.00599951172548317,0.00599947573433617,-1.79970164897456e-05,-0.00599951172548317,-1,4.99400052429809,0.00599951172548296,1.5940005243306,0
0.00699943034639704,0.00699937319382575,-2.44959125780898e-05,-0.00699943034639704,-1,4.99300062686626,0.00699943034639716,1.59300062692652,0
0.0079993489673109,0.00799926365508187,-3.19946213396543e-05,-0.0079993489673109,-1,4.99200073644745,0.00799934896731092,1.59200073655031,0
0.00899926758822476,0.0089991461183769,-4.04931352769514e-05,-0.00899926758822476,-1,4.99100085404589,0.00899926758822467,1.59100085421075,0
0.00999918620913862,0.00999901958399118,-4.99914458928509e-05,-0.00999918620913862,-1,4.99000098066642,0.00999918620913842,1.59000098091785,0
0.0109991048300525,0.0109988830522141,-6.04895436905889e-05,-0.0109991048300525,-1,4.98900111731449,0.0109991048300526,1.58900111768282,0
0.0119990234509663,0.0119987355233449,-7.19874181737772e-05,-0.0119990234509663,-1,4.98800126499612,0.0119990234509664,1.58800126551809,0
0.0129989420718802,0.012998575997694,-8.44850578464134e-05,-0.0129989420718802,-1,4.98700142471794,0.0129989420718801,1.58700142543731,0
0.0139988606927941,0.0139984034755838,-9.79824502128929e-05,-0.0139988606927941,-1,4.98600159748717,0.0139988606927939,1.58600159845534,0
0.0149987793137079,0.0149982169573495,-0.000112479581778021,-0.0149987793137079,-1,4.98500178431162,0.0149987793137081,1.58500178558825,0
0.0159986979346218,0.0159980154433405,-0.000127976438047028,-0.0159986979346218,-1,4.98400198619971,0.0159986979346218,1.58400198785335,0
0.0169986165555357,0.016997797933921,-0.000144473003525579,-0.0169986165555357,-1,4.98300220416044,0.0169986165555356,1.58300220626915,0
0.0179985351764495,0.0179975634294715,-0.000161969261719796,-0.0179985351764495,-1,4.98200243920341,0.0179985351764493,1.58200244185538,0
0.0189984537973634,0.0189973109303892,-0.00018046519513627,-0.0189984537973634,-1,4.9810026923388,0.0189984537973635,1.58100269563302,0
0.0199983724182772,0.0199970394370893,-0.000199960785282078,-0.0199983724182772,-1,4.9800029645774,0.0199983724182773,1.58000296862425,0
0.0209982910391911,0.0209967479500063,-0.000220456012664806,-0.0209982910391911,-1,4.97900325693057,0.020998291039191,1.57900326185249,0
0.021998209660105,0.0219964354695943,-0.000241950856792564,-0.021998209660105,-1,4.97800357041029,0.0219982096601048,1.57800357634238,0
0.0229981282810188,0.0229961009963286,-0.000264445296174006,-0.0229981282810188,-1,4.97700390602911,0.022998128281019,1.57700391311978,0
0.0239980469019327,0.0239957435307065,-0.000287939308318358,-0.0239980469019327,-1,4.97600426480018,0.0239980469019327,1.5760042732118,0
0.0249979655228466,0.0249953620732481,-0.000312432869735431,-0.0249979655228466,-1,4.97500464773722,0.0249979655228465,1.57500465764678,0
0.0259978841437604,0.0259949556244979,-0.000337925955935655,-0.0259978841437604,-1,4.97400505585458,0.0259978841437603,1.57400506745426,0
0.0269978027646743,0.0269945231850249,-0.000364418541430092,-0.0269978027646743,-1,4.97300549016715,0.0269978027646745,1.57300550366507,0
0.0279977213855881,0.0279940637554243,-0.000391910599730472,-0.0279977213855881,-1,4.97200595169045,0.0279977213855882,1.57200596731123,0
0.028997640006502,0.0289935763363185,-0.000420402103349213,-0.028997640006502,-1,4.97100644144056,0.028997640006502,1.57100645942602,0
0.0299975586274159,0.0299930599283574,-0.000449893023799451,-0.0299975586274159,-1,4.97000696043416,0.0299975586274157,1.57000698104394,0
0.0309974772483297,0.0309925135322203,-0.000480383331595067,-0.0309974772483297,-1,4.96900750968853,0.0309974772483299,1.56900753320076,0
0.0319973958692436,0.0319919361486164,-0.00051187299625072,-0.0319973958692436,-1,4.96800809022151,0.0319973958692437,1.56800811693346,0
0.0329973144901574,0.0329913267782857,-0.00054436198628187,-0.0329973144901574,-1,4.96700870305154,0.0329973144901574,1.56700873328027,0
0.0339972331110713,0.0339906844220004,-0.00057785026920482,-0.0339972331110713,-1,4.96600934919764,0.0339972331110712,1.56600938328069,0
0.0349971517319852,0.0349900080805655,-0.000612337811536738,-0.0349971517319852,-1,4.96501002967944,0.0349971517319854,1.56501006797543,0
0.035997070352899,0.0359892967548201,-0.000647824578795699,-0.035997070352899,-1,4.96401074551711,0.0359970703528991,1.56401078840647,0
0.0369969889738129,0.0369885494456383,-0.000684310535500714,-0.0369969889738129,-1,4.96301149773146,0.0369969889738129,1.56301154561703,0
0.0379969075947268,0.0379877651539301,-0.000721795645171767,-0.0379969075947268,-1,4.96201228734382,0.0379969075947266,1.56201234065158,0
0.0389968262156406,0.0389869428806424,-0.000760279870329852,-0.0389968262156406,-1,4.96101311537616,0.0389968262156408,1.56101317455585,0
0.0399967448365545,0.0399860816267603,-0.000799763172497011,-0.0399967448365545,-1,4.960013982851,0.0399967448365546,1.5600140483768,0
0.0409966634574684,0.0409851803933077,-0.000840245512196371,-0.0409966634574684,-1,4.95901489079145,0.0409966634574683,1.55901496316266,0
0.0419965820783822,0.0419842381813485,-0.000881726848952184,-0.0419965820783822,-1,4.95801584022121,0.0419965820783821,1.55801591996292,0
0.0429965006992961,0.0429832539919877,-0.000924207141289869,-0.0429965006992961,-1,4.95701683216455,0.0429965006992963,1.55701691982832,0
0.0439964193202099,0.043982226826372,-0.000967686346736049,-0.0439964193202099,-1,4.95601786764634,0.04399641932021,1.55601796381085,0
0.0449963379411238,0.0449811556856913,-0.0010121644218186,-0.0449963379411238,-1,4.955018947692,0.0449963379411238,1.55501905296378,0
0.0459962565620377,0.0459800395711795,-0.00105764132206669,-0.0459962565620377,-1,4.95402007332755,0.0459962565620375,1.55402018834162,0
0.0469961751829515,0.0469788774841152,-0.00110411700201082,-0.0469961751829515,-1,4.9530212455796,0.0469961751829517,1.55302137100015,0
0.0479960938038654,0.0479776684258232,-0.00115159141518288,-0.0479960938038654,-1,4.95202246547531,0.0479960938038655,1.55202260199641,0
0.0489960124247792,0.0489764113976753,-0.00120006451411619,-0.0489960124247792,-1,4.95102373404243,0.0489960124247792,1.55102388238872,0
0.0499959310456931,0.049975105401091,-0.00124953625034554,-0.0499959310456931,-1,4.95002505230931,0.049995931045693,1.55002521323664,0
0.050995849666607,0.050973749437539,-0.00130000657440726,-0.050995849666607,-1,4.94902642130484,0.0509958496666068,1.54902659560102,0
0.0519957682875208,0.0519723425085379,-0.00135147543583923,-0.0519957682875208,-1,4.94802784205852,0.0519957682875209,1.54802803054397,0
0.0529956869084347,0.0529708836156572,-0.00140394278318097,-0.0529956869084347,-1,4.9470293156004,0.0529956869084347,1.54702951912887,0
0.0539956055293486,0.0539693717605183,-0.00145740856397369,-0.0539956055293486,-1,4.94603084296113,0.0539956055293485,1.54603106242038,0
0.0549955241502624,0.0549678059447958,-0.00151187272476031,-0.0549955241502624,-1,4.94503242517191,0.0549955241502622,1.54503266148441,0
0.0559954427711763,0.0559661851702181,-0.00156733521108552,-0.0559954427711763,-1,4.94403406326453,0.0559954427711764,1.54403431738817,0
0.0569953613920901,0.0569645084385684,-0.00162379596749589,-0.0569953613920901,-1,4.94303575827136,0.0569953613920902,1.54303603120014,0
0.057995280013004,0.0579627747516861,-0.00168125493753985,-0.057995280013004,-1,4.94203751122533,0.0579952800130039,1.54203780399007,0
0.0589951986339179,0.0589609831114674,-0.00173971206376778,-0.0589951986339179,-1,4.94103932315994,0.0589951986339177,1.54103963682899,0
0.0599951172548317,0.0599591325198664,-0.00179916728773208,-0.0599951172548317,-1,4.94004119510929,0.0599951172548319,1.54004153078921,0
0.0609950358757456,0.0609572219788964,-0.0018596205499872,-0.0609950358757456,-1,4.93904312810801,0.0609950358757456,1.53904348694432,0
0.0619949544966595,0.0619552504906304,-0.00192107179008972,-0.0619949544966595,-1,4.93804512319135,0.0619949544966594,1.5380455063692,0
0.0629948731175733,0.0629532170572023,-0.00198352094659842,-0.0629948731175733,-1,4.93704718139509,0.0629948731175731,1.53704759014,0
0.0639947917384872,0.0639511206808082,-0.0020469679570743,-0.0639947917384872,-1,4.93604930375559,0.0639947917384873,1.53604973933418,0
0.064994710359401,0.0649489603637069,-0.00211141275808068,-0.064994710359401,-1,4.9350514913098,0.0649947103594011,1.53505195503045,0
0.0659946289803149,0.0659467351082212,-0.00217685528518326,-0.0659946289803149,-1,4.93405374509522,0.0659946289803148,1.53405423830885,0
0.0669945476012288,0.0669444439167387,-0.00224329547295017,-0.0669945476012288,-1,4.93305606614992,0.0669945476012286,1.53305659025067,0
0.0679944662221426,0.0679420857917133,-0.00231073325495204,-0.0679944662221426,-1,4.93205845551254,0.0679944662221428,1.53205901193851,0
0.0689943848430565,0.0689396597356654,-0.00237916856376206,-0.0689943848430565,-1,4.9310609142223,0.0689943848430565,1.53106150445627,0
0.0699943034639704,0.0699371647511835,-0.00244860133095608,-0.0699943034639704,-1,4.93006344331897,0.0699943034639703,1.53006406888913,0
0.0709942220848842,0.0709345998409251,-0.00251903148711262,-0.0709942220848842,-1,4.92906604384289,0.070994222084884,1.52906670632356,0
0.0719941407057981,0.0719319640076175,-0.00259045896181301,-0.0719941407057981,-1,4.92806871683497,0.0719941407057982,1.52806941784734,0
0.0729940593267119,0.0729292562540589,-0.0026628836836414,-0.0729940593267119,-1,4.92707146333668,0.072994059326712,1.52707220454954,0
0.0739939779476258,0.0739264755831195,-0.00273630558018486,-0.0739939779476258,-1,4.92607428439007,0.0739939779476257,1.52607506752054,0
0.0749938965685397,0.0749236209977423,-0.00281072457803345,-0.0749938965685397,-1,4.92507718103774,0.0749938965685395,1.52507800785199,0
0.0759938151894535,0.0759206915009443,-0.00288614060278029,-0.0759938151894535,-1,4.92408015432285,0.0759938151894537,1.52408102663687,0
0.0769937338103674,0.0769176860958173,-0.00296255357902163,-0.0769937338103674,-1,4.92308320528913,0.0769937338103674,1.52308412496945,0
0.0779936524312813,0.0779146037855291,-0.00303996343035695,-0.0779936524312813,-1,4.92208633498087,0.0779936524312812,1.52208730394531,0
0.0789935710521951,0.0789114435733244,-0.00311837007938899,-0.0789935710521951,-1,4.92108954444293,0.078993571052195,1.52109056466134,0
0.079993489673109,0.0799082044625256,-0.00319777344772388,-0.079993489673109,-1,4.92009283472072,0.0799934896731092,1.52009390821572,0
0.0809934082940228,0.0809048854565341,-0.00327817345597117,-0.0809934082940228,-1,4.91909620686022,0.0809934082940229,1.51909733570794,0
0.0819933269149367,0.0819014855588314,-0.00335957002374395,-0.0819933269149367,-1,4.91809966190796,0.0819933269149367,1.51810084823883,0
0.0829932455358506,0.0828980037729795,-0.00344196306965891,-0.0829932455358506,-1,4.91710320091103,0.0829932455358504,1.51710444691048,0
0.0839931641567644,0.0838944391026225,-0.00352535251133641,-0.0839931641567644,-1,4.9161068249171,0.0839931641567646,1.51610813282634,0
0.0849930827776783,0.0848907905514873,-0.0036097382654006,-0.0849930827776783,-1,4.91511053497436,0.0849930827776784,1.51511190709113,0
0.0859930013985921,0.0858870571233848,-0.00369512024747945,-0.0859930013985921,-1,4.91411433213159,0.0859930013985921,1.51411577081093,0
0.086992920019506,0.0868832378222106,-0.0037814983722049,-0.086992920019506,-1,4.91311821743812,0.0869929200195059,1.51311972509309,0
0.0879928386404199,0.0878793316519461,-0.00386887255321288,-0.0879928386404199,-1,4.91212219194382,0.0879928386404201,1.51212377104632,0
0.0889927572613337,0.0888753376166599,-0.00395724270314343,-0.0889927572613337,-1,4.91112625669914,0.0889927572613338,1.5111279097806,0
0.0899926758822476,0.089871254720508,-0.0040466087336408,-0.0899926758822476,-1,4.91013041275506,0.0899926758822476,1.51013214240729,0
0.0909925945031615,0.0908670819677355,-0.00413697055535352,-0.0909925945031615,-1,4.90913466116314,0.0909925945031613,1.50913647003901,0
0.0919925131240753,0.0918628183626775,-0.00422832807793446,-0.0919925131240753,-1,4.90813900297548,0.0919925131240755,1.50814089378975,0
0.0929924317449892,0.0928584629097595,-0.00432068121004099,-0.0929924317449892,-1,4.90714343924472,0.0929924317449893,1.50714541477479,0
0.093992350365903,0.0938540146134992,-0.00441402985933502,-0.093992350365903,-1,4.90614797102408,0.093992350365903,1.50615003411075,0
0.0949922689868169,0.094849472478507,-0.00450837393248308,-0.0949922689868169,-1,4.90515259936731,0.0949922689868168,1.50515475291559,0
0.0959921876077308,0.0958448355094872,-0.00460371333515648,-0.0959921876077308,-1,4.90415732532873,0.095992187607731,1.50415957230856,0
0.0969921062286446,0.0968401027112387,-0.00470004797203133,-0.0969921062286446,-1,4.90316214996319,0.0969921062286447,1.50316449341028,0
0.0979920248495585,0.0978352730886564,-0.00479737774678868,-0.0979920248495585,-1,4.90216707432611,0.0979920248495585,1.50216951734267,0
0.0989919434704724,0.098830345646732,-0.00489570256211461,-0.0989919434704724,-1,4.90117209947344,0.0989919434704722,1.50117464522899,0
0.0999918620913862,0.099825319390555,-0.00499502231970032,-0.0999918620913862,-1,4.9001772264617,0.099991862091386,1.50017987819385,0
0.1009917807123,0.100820193325314,-0.00509533692024221,-0.1009917807123,-1,4.89918245634793,0.1009917807123,1.49918521736316,0
0.101991699333214,0.101814966456296,-0.00519664626344202,-0.101991699333214,-1,4.89818779018975,0.101991699333214,1.4981906638642,0
0.102991617954128,0.102809637788891,-0.00529895024800691,-0.102991617954128,-1,4.8971932290453,0.102991617954128,1.49719621882556,0
0.103991536575042,0.103804206328589,-0.00540224877164956,-0.103991536575042,-1,4.89619877397328,0.103991536575041,1.49620188337718,0
0.104991455195956,0.104798671080984,-0.00550654173108824,-0.104991455195956,-1,4.89520442603292,0.104991455195956,1.49520765865034,0
0.105991373816869,0.105793031051773,-0.005611829022047,-0.105991373816869,-1,4.89421018628403,0.105991373816869,1.49421354577766,0
0.106991292437783,0.106787285246757,-0.00571811053925568,-0.106991292437783,-1,4.89321605578692,0.106991292437783,1.49321954589309,0
0.107991211058697,0.107781432671845,-0.00582538617645007,-0.107991211058697,-1,4.89222203560248,0.107991211058697,1.49222566013194,0
0.108991129679611,0.10877547233305,-0.00593365582637201,-0.108991129679611,-1,4.89122812679211,0.108991129679611,1.49123188963084,0
0.109991048300525,0.109769403236496,-0.00604291938076947,-0.109991048300525,-1,4.89023433041778,0.109991048300525,1.4902382355278,0
0.110990966921439,0.110763224388413,-0.00615317673039669,-0.110990966921439,-1,4.88924064754197,0.110990966921439,1.48924469896215,0
0.111990885542353,0.111756934795141,-0.00626442776501428,-0.111990885542353,-1,4.88824707922775,0.111990885542352,1.48825128107457,0
0.112990804163266,0.112750533463133,-0.00637667237338931,-0.112990804163266,-1,4.88725362653868,0.112990804163267,1.4872579830071,0
0.11399072278418,0.113744019398951,-0.00648991044329546,-0.11399072278418,-1,4.88626029053888,0.11399072278418,1.48626480590312,0
0.114990641405094,0.114737391609271,-0.0066041418615131,-0.114990641405094,-1,4.88526707229301,0.114990641405094,1.48527175090736,0
0.115990560026008,0.115730649100883,-0.0067193665138294,-0.115990560026008,-1,4.88427397286627,0.115990560026008,1.48427881916592,0
0.116990478646922,0.11672379088069,-0.00683558428503847,-0.116990478646922,-1,4.88328099332438,0.116990478646922,1.48328601182624,0
0.117990397267836,0.117716815955713,-0.00695279505894148,-0.117990397267836,-1,4.88228813473363,0.117990397267836,1.48229333003711,0
0.11899031588875,0.118709723333089,-0.00707099871834673,-0.11899031588875,-1,4.8812953981608,0.11899031588875,1.48130077494869,0
0.119990234509663,0.119702512020072,-0.00719019514506981,-0.119990234509663,-1,4.88030278467324,0.119990234509663,1.48030834771249,0
0.120990153130577,0.120695181024034,-0.00731038421993371,-0.120990153130577,-1,4.87931029533883,0.120990153130577,1.47931604948138,0
0.121990071751491,0.121687729352469,-0.00743156582276891,-0.121990071751491,-1,4.87831793122597,0.121990071751491,1.47832388140959,0
0.122989990372405,0.122680156012989,-0.00755373983241355,-0.122989990372405,-1,4.8773256934036,0.122989990372405,1.47733184465272,0
0.123989908993319,0.12367246001333,-0.00767690612671352,-0.123989908993319,-1,4.8763335829412,0.123989908993319,1.4763399403677,0
0.124989827614233,0.124664640361349,-0.00780106458252257,-0.124989827614233,-1,4.87534160090876,0.124989827614233,1.47534816971287,0
0.125989746235147,0.125656696065027,-0.00792621507570247,-0.125989746235147,-1,4.87434974837682,0.125989746235147,1.47435653384791,0
0.126989664856061,0.126648626132471,-0.0080523574811231,-0.126989664856061,-1,4.87335802641644,0.12698966485606,1.47336503393386,0
0.127989583476974,0.127640429571911,-0.0081794916726626,-0.127989583476974,-1,4.87236643609922,0.127989583476974,1.47237367113315,0
0.128989502097888,0.128632105391706,-0.00830761752320748,-0.128989502097888,-1,4.87137497849728,0.128989502097888,1.47138244660955,0
0.129989420718802,0.129623652600342,-0.00843673490465275,-0.129989420718802,-1,4.87038365468326,0.129989420718802,1.47039136152822,0
0.130989339339716,0.130615070206432,-0.00856684368790205,-0.130989339339716,-1,4.86939246573035,0.130989339339716,1.46940041705568,0
0.13198925796063,0.131606357218721,-0.00869794374286778,-0.13198925796063,-1,4.86840141271224,0.13198925796063,1.46840961435984,0
0.132989176581544,0.132597512646082,-0.00883003493847125,-0.132989176581544,-1,4.86741049670316,0.132989176581544,1.46741895460996,0
0.133989095202458,0.133588535497522,-0.00896311714264276,-0.133989095202458,-1,4.86641971877787,0.133989095202458,1.46642843897669,0
0.134989013823371,0.13457942478218,-0.00909719022232178,-0.134989013823371,-1,4.86542908001163,0.134989013823371,1.46543806863205,0
0.135988932444285,0.135570179509327,-0.00923225404345706,-0.135988932444285,-1,4.86443858148026,0.135988932444285,1.46444784474944,0
0.136988851065199,0.13656079868837,-0.00936830847100678,-0.136988851065199,-1,4.86344822426006,0.136988851065199,1.46345776850363,0
0.137988769686113,0.137551281328852,-0.00950535336893866,-0.137988769686113,-1,4.86245800942788,0.137988769686113,1.46246784107078,0
0.138988688307027,0.13854162644045,-0.00964338860023011,-0.138988688307027,-1,4.86146793806109,0.138988688307027,1.46147806362842,0
0.139988606927941,0.139531833032981,-0.00978241402686839,-0.139988606927941,-1,4.86047801123757,0.139988606927941,1.46048843735546,0
0.140988525548855,0.1405219001164,-0.0099224295098507,-0.140988525548855,-1,4.85948823003572,0.140988525548855,1.45949896343222,0
0.141988444169768,0.1415118267008,-0.0100634349091844,-0.141988444169768,-1,4.85849859553446,0.141988444169769,1.45850964304036,0
0.142988362790682,0.142501611796417,-0.0102054300838869,-0.142988362790682,-1,4.85750910881324,0.142988362790682,1.45752047736296,0
0.143988281411596,0.143491254413626,-0.0103484148919864,-0.143988281411596,-1,4.856519770952,0.143988281411596,1.45653146758448,0
0.14498820003251,0.144480753562947,-0.0104923891905211,-0.14498820003251,-1,4.85553058303123,0.14498820003251,1.45554261489074,0
0.145988118653424,0.14547010825504,-0.0106373528355404,-0.145988118653424,-1,4.8545415461319,0.145988118653424,1.45455392046899,0
0.146988037274338,0.146459317500712,-0.0107833056821041,-0.146988037274338,-1,4.85355266133552,0.146988037274338,1.45356538550784,0
0.147987955895252,0.147448380310916,-0.0109302475842831,-0.147987955895252,-1,4.8525639297241,0.147987955895251,1.45257701119729,0
0.148987874516165,0.148437295696749,-0.0110781783951596,-0.148987874516165,-1,4.85157535238018,0.148987874516165,1.45158879872876,0
0.149987793137079,0.149426062669457,-0.0112270979668267,-0.149987793137079,-1,4.85058693038678,0.149987793137079,1.45060074929503,0
0.150987711757993,0.150414680240435,-0.0113770061503891,-0.150987711757993,-1,4.84959866482748,0.150987711757993,1.4496128640903,0
0.151987630378907,0.151403147421225,-0.0115279027959631,-0.151987630378907,-1,4.84861055678631,0.151987630378907,1.44862514431014,0
0.152987548999821,0.152391463223521,-0.0116797877526766,-0.152987548999821,-1,4.84762260734787,0.152987548999821,1.44763759115153,0
0.153987467620735,0.153379626659168,-0.0118326608686694,-0.153987467620735,-1,4.84663481759722,0.153987467620735,1.44665020581285,0
0.154987386241649,0.154367636740165,-0.0119865219910932,-0.154987386241649,-1,4.84564718861996,0.154987386241649,1.44566298949388,0
0.155987304862563,0.155355492478661,-0.012141370966112,-0.155987304862563,-1,4.84465972150218,0.155987304862562,1.44467594339579,0
0.156987223483476,0.156343192886962,-0.012297207638902,-0.156987223483476,-1,4.84367241733049,0.156987223483476,1.44368906872115,0
0.15798714210439,0.157330736977528,-0.0124540318536519,-0.15798714210439,-1,4.84268527719199,0.15798714210439,1.44270236667394,0
0.158987060725304,0.158318123762976,-0.0126118434535631,-0.158987060725304,-1,4.84169830217429,0.158987060725304,1.44171583845954,0
0.159986979346218,0.15930535225608,-0.0127706422808496,-0.159986979346218,-1,4.84071149336551,0.159986979346218,1.44072948528473,0
0.160986897967132,0.160292421469772,-0.0129304281767385,-0.160986897967132,-1,4.83972485185426,0.160986897967132,1.4397433083577,0
0.161986816588046,0.161279330417144,-0.0130912009814698,-0.161986816588046,-1,4.83873837872968,0.161986816588046,1.43875730888804,0
0.16298673520896,0.162266078111448,-0.013252960534297,-0.16298673520896,-1,4.83775207508137,0.16298673520896,1.43777148808675,0
0.163986653829873,0.163252663566096,-0.0134157066734869,-0.163986653829873,-1,4.83676594199947,0.163986653829873,1.43678584716625,0
0.164986572450787,0.164239085794663,-0.0135794392363198,-0.164986572450787,-1,4.83577998057459,0.164986572450787,1.43580038734035,0
0.165986491071701,0.165225343810889,-0.0137441580590898,-0.165986491071701,-1,4.83479419189786,0.165986491071701,1.43481510982427,0
0.166986409692615,0.166211436628675,-0.013909862977105,-0.166986409692615,-1,4.83380857706089,0.166986409692615,1.43383001583467,0
0.167986328313529,0.16719736326209,-0.0140765538246873,-0.167986328313529,-1,4.83282313715581,0.167986328313529,1.43284510658957,0
0.168986246934443,0.168183122725367,-0.014244230435173,-0.168986246934443,-1,4.83183787327521,0.168986246934443,1.43186038330847,0
0.169986165555357,0.169168714032907,-0.014412892640913,-0.169986165555357,-1,4.83085278651221,0.169986165555357,1.43087584721222,0
0.17098608417627,0.17015413619928,-0.0145825402732724,-0.17098608417627,-1,4.8298678779604,0.17098608417627,1.42989149952313,0
0.171986002797184,0.171139388239224,-0.0147531731626311,-0.171986002797184,-1,4.82888314871389,0.171986002797184,1.42890734146491,0
0.172985921418098,0.172124469167647,-0.0149247911383842,-0.172985921418098,-1,4.82789859986727,0.172985921418098,1.42792337426268,0
0.173985840039012,0.173109377999628,-0.0150973940289416,-0.173985840039012,-1,4.82691423251559,0.173985840039012,1.42693959914299,0
0.174985758659926,0.17409411375042,-0.0152709816617285,-0.174985758659926,-1,4.82593004775445,0.174985758659926,1.42595601733381,0
0.17598567728084,0.175078675435447,-0.0154455538631855,-0.17598567728084,-1,4.82494604667989,0.17598567728084,1.42497263006452,0
0.176985595901754,0.176063062070307,-0.0156211104587689,-0.176985595901754,-1,4.82396223038847,0.176985595901753,1.42398943856593,0
0.177985514522667,0.177047272670774,-0.0157976512729506,-0.177985514522667,-1,4.82297859997721,0.177985514522668,1.42300644407028,0
0.178985433143581,0.178031306252798,-0.0159751761292185,-0.178985433143581,-1,4.82199515654365,0.178985433143581,1.4220236478112,0
0.179985351764495,0.179015161832506,-0.0161536848500769,-0.179985351764495,-1,4.8210119011858,0.179985351764495,1.42104105102379,0
0.180985270385409,0.179998838426201,-0.0163331772570459,-0.180985270385409,-1,4.82002883500214,0.180985270385409,1.42005865494454,0
0.181985189006323,0.180982335050368,-0.0165136531706623,-0.181985189006323,-1,4.81904595909166,0.181985189006323,1.41907646081139,0
0.182985107627237,0.181965650721671,-0.0166951124104798,-0.182985107627237,-1,4.81806327455382,0.182985107627237,1.41809446986369,0
0.183985026248151,0.182948784456953,-0.0168775547950686,-0.183985026248151,-1,4.81708078248856,0.183985026248151,1.41711268334222,0
0.184984944869064,0.183931735273241,-0.0170609801420159,-0.184984944869064,-1,4.81609848399632,0.184984944869064,1.4161311024892,0
0.185984863489978,0.184914502187744,-0.0172453882679264,-0.185984863489978,-1,4.81511638017799,0.185984863489979,1.41514972854827,0
0.186984782110892,0.185897084217856,-0.0174307789884219,-0.186984782110892,-1,4.81413447213497,0.186984782110892,1.41416856276451,0
0.187984700731806,0.186879480381154,-0.0176171521181419,-0.187984700731806,-1,4.81315276096913,0.187984700731806,1.41318760638443,0
0.18898461935272,0.187861689695402,-0.0178045074707436,-0.18898461935272,-1,4.8121712477828,0.18898461935272,1.41220686065596,0
0.189984537973634,0.18884371117855,-0.0179928448589021,-0.189984537973634,-1,4.81118993367881,0.189984537973634,1.41122632682848,0
0.190984456594548,0.189825543848738,-0.0181821640943109,-0.190984456594548,-1,4.81020881976045,0.190984456594548,1.41024600615279,0
0.191984375215462,0.190807186724293,-0.0183724649876813,-0.191984375215462,-1,4.8092279071315,0.191984375215462,1.40926589988115,0
0.192984293836375,0.19178863882373,-0.0185637473487436,-0.192984293836375,-1,4.8082471968962,0.192984293836375,1.40828600926723,0
0.193984212457289,0.192769899165759,-0.0187560109862465,-0.193984212457289,-1,4.80726669015927,0.193984212457289,1.40730633556615,0
0.194984131078203,0.193750966769278,-0.0189492557079577,-0.194984131078203,-1,4.80628638802591,0.194984131078203,1.40632688003447,0
0.195984049699117,0.19473184065338,-0.019143481320664,-0.195984049699117,-1,4.80530629160177,0.195984049699117,1.40534764393018,0
0.196983968320031,0.19571251983735,-0.0193386876301712,-0.196983968320031,-1,4.80432640199298,0.196983968320031,1.40436862851272,0
0.197983886940945,0.196693003340669,-0.0195348744413051,-0.197983886940945,-1,4.80334672030616,0.197983886940944,1.40338983504297,0
0.198983805561859,0.197673290183014,-0.0197320415579105,-0.198983805561859,-1,4.80236724764836,0.198983805561859,1.40241126478324,0
0.199983724182772,0.198653379384256,-0.0199301887828527,-0.199983724182772,-1,4.80138798512713,0.199983724182772,1.4014329189973,0
0.200983642803686,0.199633269964467,-0.0201293159180165,-0.200983642803686,-1,4.80040893385047,0.200983642803686,1.40045479895035,0
0.2019835614246,0.200612960943915,-0.0203294227643073,-0.2019835614246,-1,4.79943009492684,0.2019835614246,1.39947690590905,0
0.202983480045514,0.201592451343068,-0.0205305091216508,-0.202983480045514,-1,4.79845146946519,0.202983480045514,1.39849924114148,0
0.203983398666428,0.202571740182597,-0.0207325747889934,-0.203983398666428,-1,4.7974730585749,0.203983398666428,1.39752180591719,0
0.204983317287342,0.203550826483371,-0.0209356195643024,-0.204983317287342,-1,4.79649486336584,0.204983317287342,1.39654460150717,0
0.205983235908256,0.204529709266464,-0.021139643244566,-0.205983235908256,-1,4.79551688494833,0.205983235908255,1.39556762918386,0
0.206983154529169,0.205508387553153,-0.0213446456257937,-0.206983154529169,-1,4.79453912443314,0.20698315452917,1.39459089022114,0
0.207983073150083,0.206486860364917,-0.0215506265030166,-0.207983073150083,-1,4.79356158293151,0.207983073150083,1.39361438589434,0
0.208982991770997,0.207465126723445,-0.0217575856702874,-0.208982991770997,-1,4.79258426155515,0.208982991770997,1.39263811748024,0
0.209982910391911,0.208443185650628,-0.0219655229206805,-0.209982910391911,-1,4.79160716141621,0.209982910391911,1.39166208625709,0
0.210982829012825,0.209421036168567,-0.0221744380462927,-0.210982829012825,-1,4.79063028362729,0.210982829012825,1.39068629350458,0
0.211982747633739,0.210398677299572,-0.0223843308382426,-0.211982747633739,-1,4.78965362930147,0.211982747633739,1.38971074050384,0
0.212982666254653,0.211376108066159,-0.0225952010866719,-0.212982666254653,-1,4.78867719955227,0.212982666254653,1.38873542853746,0
0.213982584875566,0.212353327491058,-0.0228070485807444,-0.213982584875566,-1,4.78770099549365,0.213982584875566,1.3877603588895,0
0.21498250349648,0.213330334597207,-0.0230198731086474,-0.21498250349648,-1,4.78672501824005,0.214982503496481,1.38678553284545,0
0.215982422117394,0.21430712840776,-0.0232336744575907,-0.215982422117394,-1,4.78574926890634,0.215982422117394,1.38581095169228,0
0.216982340738308,0.215283707946081,-0.0234484524138081,-0.216982340738308,-1,4.78477374860785,0.216982340738308,1.38483661671841,0
0.217982259359222,0.21626007223575,-0.0236642067625564,-0.217982259359222,-1,4.78379845846035,0.217982259359222,1.38386252921369,0
0.218982177980136,0.217236220300561,-0.0238809372881164,-0.218982177980136,-1,4.78282339958007,0.218982177980136,1.38288869046947,0
0.21998209660105,0.218212151164525,-0.0240986437737929,-0.21998209660105,-1,4.78184857308367,0.21998209660105,1.38191510177854,0
0.220982015221964,0.219187863851871,-0.0243173260019149,-0.220982015221964,-1,4.78087398008828,0.220982015221963,1.38094176443514,0
0.221981933842877,0.220163357387045,-0.0245369837538358,-0.221981933842877,-1,4.77989962171145,0.221981933842877,1.37996867973498,0
0.222981852463791,0.221138630794711,-0.0247576168099335,-0.222981852463791,-1,4.77892549907118,0.222981852463791,1.37899584897523,0
0.223981771084705,0.222113683099756,-0.024979224949611,-0.223981771084705,-1,4.77795161328593,0.223981771084705,1.37802327345452,0
0.224981689705619,0.223088513327285,-0.0252018079512961,-0.224981689705619,-1,4.77697796547459,0.224981689705619,1.37705095447295,0
0.225981608326533,0.224063120502628,-0.0254253655924422,-0.225981608326533,-1,4.77600455675647,0.225981608326533,1.37607889333207,0
0.226981526947447,0.225037503651335,-0.0256498976495279,-0.226981526947447,-1,4.77503138825136,0.226981526947447,1.37510709133491,0
0.227981445568361,0.226011661799183,-0.0258754038980579,-0.227981445568361,-1,4.77405846107945,0.227981445568361,1.37413554978594,0
0.228981364189274,0.226985593972171,-0.0261018841125625,-0.228981364189274,-1,4.77308577636139,0.228981364189274,1.37316426999112,0
0.229981282810188,0.227959299196527,-0.0263293380665984,-0.229981282810188,-1,4.77211333521826,0.229981282810188,1.37219325325787,0
0.230981201431102,0.228932776498703,-0.0265577655327488,-0.230981201431102,-1,4.77114113877157,0.230981201431102,1.37122250089505,0
0.231981120052016,0.229906024905381,-0.0267871662826232,-0.231981120052016,-1,4.77016918814327,0.231981120052016,1.37025201421304,0
0.23298103867293,0.230879043443471,-0.0270175400868585,-0.23298103867293,-1,4.76919748445574,0.23298103867293,1.36928179452363,0
0.233980957293844,0.231851831140112,-0.0272488867151182,-0.233980957293844,-1,4.7682260288318,0.233980957293844,1.36831184314011,0
0.234980875914758,0.232824387022676,-0.0274812059360934,-0.234980875914758,-1,4.76725482239469,0.234980875914758,1.36734216137724,0
0.235980794535671,0.233796710118765,-0.0277144975175026,-0.235980794535671,-1,4.76628386626808,0.235980794535672,1.36637275055124,0
0.236980713156585,0.234768799456213,-0.0279487612260925,-0.236980713156585,-1,4.76531316157606,0.236980713156585,1.3654036119798,0
0.237980631777499,0.235740654063091,-0.0281839968276372,-0.237980631777499,-1,4.76434270944318,0.237980631777499,1.36443474698208,0
0.238980550398413,0.236712272967702,-0.0284202040869396,-0.238980550398413,-1,4.76337251099438,0.238980550398413,1.36346615687873,0
0.239980469019327,0.237683655198585,-0.0286573827678309,-0.239980469019327,-1,4.76240256735503,0.239980469019327,1.36249784299184,0
0.240980387640241,0.238654799784516,-0.028895532633171,-0.240980387640241,-1,4.76143287965095,0.240980387640241,1.361529806645,0
0.241980306261155,0.239625705754508,-0.0291346534448487,-0.241980306261155,-1,4.76046344900837,0.241980306261155,1.36056204916325,0
0.242980224882069,0.240596372137814,-0.0293747449637823,-0.242980224882069,-1,4.75949427655391,0.242980224882069,1.35959457187313,0
0.243980143502982,0.241566797963925,-0.0296158069499193,-0.243980143502982,-1,4.75852536341466,0.243980143502982,1.35862737610262,0
0.244980062123896,0.242536982262574,-0.0298578391622371,-0.244980062123896,-1,4.75755671071809,0.244980062123896,1.35766046318121,0
0.24597998074481,0.243506924063734,-0.0301008413587426,-0.24597998074481,-1,4.75658831959212,0.24597998074481,1.35669383443985,0
0.246979899365724,0.244476622397621,-0.0303448132964735,-0.246979899365724,-1,4.75562019116505,0.246979899365724,1.35572749121095,0
0.247979817986638,0.245446076294696,-0.0305897547314973,-0.247979817986638,-1,4.75465232656564,0.247979817986638,1.35476143482842,0
0.248979736607552,0.246415284785661,-0.0308356654189127,-0.248979736607552,-1,4.75368472692302,0.248979736607552,1.35379566662764,0
0.249979655228466,0.247384246901466,-0.0310825451128489,-0.249979655228466,-1,4.75271739336677,0.249979655228465,1.35283018794546,0
0.250979573849379,0.248352961673307,-0.0313303935664665,-0.250979573849379,-1,4.75175032702686,0.25097957384938,1.35186500012021,0
0.251979492470293,0.249321428132627,-0.0315792105319573,-0.251979492470293,-1,4.75078352903367,0.251979492470293,1.35090010449171,0
0.252979411091207,0.250289645311118,-0.0318289957605449,-0.252979411091207,-1,4.74981700051801,0.252979411091207,1.34993550240124,0
0.253979329712121,0.251257612240718,-0.0320797490024848,-0.253979329712121,-1,4.74885074261108,0.253979329712121,1.34897119519157,0
0.254979248333035,0.25222532795362,-0.0323314700070646,-0.254979248333035,-1,4.74788475644449,0.254979248333035,1.34800718420694,0
0.255979166953949,0.253192791482266,-0.0325841585226041,-0.255979166953949,-1,4.74691904315026,0.255979166953949,1.3470434707931,0
0.256979085574863,0.254160001859348,-0.0328378142964561,-0.256979085574863,-1,4.74595360386081,0.256979085574863,1.34608005629723,0
0.257979004195776,0.255126967155011,-0.0330924027967305,-0.25782143778567,-0.649823925019053,4.74498843043294,0.25782143778567,1.34511693252657,0
0.25897892281669,0.256093753317199,-0.0333476707537358,-0.258471208828612,-0.649823925019053,4.74402345530256,0.258471208828612,1.34415403015185,0
0.259978841437604,0.257060373409582,-0.0336035668464624,-0.259120979871554,-0.649823925019053,4.74305866516391,0.259120979871554,1.34319133562752,0
0.260978760058518,0.258026827024052,-0.0338600909668705,-0.259770750914496,-0.649823925019053,4.74209406053738,0.259770750914496,1.342228849628,0
0.261978678679432,0.258993113752569,-0.0341172430066548,-0.260420521957438,-0.649823925019053,4.74112964194357,0.260420521957438,1.34126657282858,0
0.262978597300346,0.259959233187163,-0.0343750228572452,-0.26107029300038,-0.649823925019053,4.74016540990334,0.26107029300038,1.34030450590536,0
0.26397851592126,0.260925184919939,-0.0346334304098065,-0.261720064043321,-0.649823925019053,4.73920136493777,0.261720064043321,1.3393426495353,0
0.264978434542173,0.261890968543068,-0.0348924655552382,-0.262369835086263,-0.649823925019053,4.73823750756822,0.262369835086263,1.33838100439617,0
0.265978353163087,0.262856583648793,-0.0351521281841753,-0.263019606129205,-0.649823925019053,4.73727383831624,0.263019606129205,1.33741957116662,0
0.266978271784001,0.263822029829431,-0.0354124181869874,-0.263669377172147,-0.649823925019053,4.73631035770365,0.263669377172147,1.33645835052612,0
0.267978190404915,0.264787306677368,-0.0356733354537795,-0.264319148215089,-0.649823925019053,4.7353470662525,0.264319148215089,1.33549734315499,0
0.268978109025829,0.265752413785061,-0.0359348798743918,-0.264968919258031,-0.649823925019053,4.73438396448509,0.264968919258031,1.33453654973439,0
0.269978027646743,0.266717350745039,-0.0361970513383995,-0.265618690300973,-0.649823925019053,4.73342105292395,0.265618690300973,1.33357597094633,0
0.270977946267657,0.267682117149905,-0.0364598497351133,-0.266268461343915,-0.649823925019053,4.73245833209184,0.266268461343915,1.33261560747367,0
0.271977864888571,0.268646712592331,-0.036723274953579,-0.266918232386857,-0.649823925019053,4.73149580251179,0.266918232386856,1.33165546000012,0
0.272977783509484,0.269611136665062,-0.0369873268825778,-0.267568003429798,-0.649823925019053,4.73053346470703,0.267568003429798,1.33069552921021,0
0.273977702130398,0.270575388960918,-0.0372520054106264,-0.26821777447274,-0.649823925019053,4.72957131920106,0.268217774472741,1.32973581578937,0
0.274977620751312,0.271539469072787,-0.037517310425977,-0.268867545515682,-0.649823925019053,4.72860936651761,0.268867545515682,1.32877632042383,0
0.275977539372226,0.272503376593634,-0.037783241816617,-0.269517316558624,-0.649823925019053,4.72764760718063,0.269517316558624,1.32781704380071,0
0.27697745799314,0.273467111116494,-0.0380497994702696,-0.270167087601566,-0.649823925019053,4.72668604171434,0.270167087601566,1.32685798660796,0
0.277977376614054,0.274430672234475,-0.0383169832743936,-0.270816858644508,-0.649823925019053,4.72572467064318,0.270816858644508,1.32589914953439,0
0.278977295234968,0.275394059540762,-0.0385847931161832,-0.27146662968745,-0.649823925019053,4.72476349449182,0.27146662968745,1.32494053326968,0
0.279977213855881,0.276357272628607,-0.0388532288825686,-0.272116400730392,-0.649823925019053,4.72380251378519,0.272116400730392,1.32398213850433,0
0.280977132476795,0.277320311091342,-0.0391222904602155,-0.272766171773334,-0.649823925019053,4.72284172904844,0.272766171773334,1.32302396592973,0
0.281977051097709,0.278283174522369,-0.0393919777355255,-0.273415942816275,-0.649823925019053,4.72188114080696,0.273415942816276,1.32206601623811,0
0.282976969718623,0.279245862515164,-0.0396622905946359,-0.274065713859217,-0.649823925019053,4.7209207495864,0.274065713859217,1.32110829012258,0
0.283976888339537,0.280208374663279,-0.03993322892342,-0.274715484902159,-0.649823925019053,4.71996055591261,0.274715484902159,1.32015078827707,0
0.284976806960451,0.281170710560337,-0.0402047926074871,-0.275365255945101,-0.649823925019053,4.71900056031171,0.275365255945101,1.31919351139641,0
0.285976725581365,0.282132869800041,-0.0404769815321822,-0.276015026988043,-0.649823925019053,4.71804076331004,0.276015026988043,1.31823646017627,0
0.286976644202278,0.283094851976161,-0.0407497955825866,-0.276664798030985,-0.649823925019053,4.71708116543417,0.276664798030985,1.3172796353132,0
0.287976562823192,0.284056656682549,-0.0410232346435175,-0.277314569073927,-0.649823925019053,4.71612176721094,0.277314569073927,1.31632303750458,0
0.288976481444106,0.285018283513128,-0.0412972985995283,-0.277964340116869,-0.649823925019053,4.71516256916738,0.277964340116869,1.3153666674487,0
0.28997640006502,0.285979732061895,-0.0415719873349085,-0.278614111159811,-0.649823925019053,4.71420357183079,0.27861411115981,1.31441052584468,0
0.290976318685934,0.286941001922927,-0.0418473007336839,-0.279263882202752,-0.649823925019053,4.71324477572871,0.279263882202752,1.31345461339251,0
0.291976237306848,0.287902092690371,-0.0421232386796166,-0.279913653245694,-0.649823925019053,4.71228618138889,0.279913653245695,1.31249893079307,0
0.292976155927762,0.288863003958454,-0.0423998010562047,-0.280563424288636,-0.649823925019053,4.71132778933932,0.280563424288636,1.3115434787481,0
0.293976074548675,0.289823735321476,-0.0426769877466831,-0.281213195331578,-0.649823925019053,4.71036960010826,0.281213195331578,1.31058825796018,0
0.294975993169589,0.290784286373814,-0.0429547986340229,-0.28186296637452,-0.649823925019053,4.70941161422417,0.28186296637452,1.30963326913281,0
0.295975911790503,0.291744656709921,-0.0432332336009317,-0.282512737417462,-0.649823925019053,4.70845383221575,0.282512737417462,1.30867851297032,0
0.296975830411417,0.292704845924327,-0.0435122925298534,-0.283162508460404,-0.649823925019053,4.70749625461195,0.283162508460403,1.30772399017793,0
0.297975749032331,0.293664853611638,-0.0437919753029689,-0.283812279503346,-0.649823925019053,4.70653888194194,0.283812279503346,1.30676970146173,0
0.298975667653245,0.294624679366535,-0.0440722818021953,-0.284462050546287,-0.649823925019053,4.70558171473514,0.284462050546288,1.30581564752869,0
0.299975586274159,0.295584322783778,-0.0443532119091866,-0.285111821589229,-0.649823925019053,4.7046247535212,0.285111821589229,1.30486182908665,0
0.300975504895073,0.296543783458204,-0.0446347655053334,-0.285761592632171,-0.649823925019053,4.70366799883,0.285761592632171,1.30390824684432,0
0.301975423515986,0.297503060984725,-0.0449169424717631,-0.286411363675113,-0.649823925019053,4.70271145119165,0.286411363675113,1.3029549015113,0
0.3029753421369,0.298462154958333,-0.04519974268934,-0.287061134718055,-0.649823925019053,4.7017551111365,0.287061134718055,1.30200179379806,0
0.303975260757814,0.299421064974095,-0.045483166038665,-0.287710905760997,-0.649823925019053,4.70079897919515,0.287710905760997,1.30104892441596,0
0.304975179378728,0.300379790627159,-0.0457672124000763,-0.288360676803939,-0.649823925019053,4.69984305589841,0.288360676803939,1.30009629407722,0
0.305975097999642,0.301338331512746,-0.0460518816536486,-0.289010447846881,-0.649823925019053,4.69888734177733,0.289010447846881,1.29914390349495,0
0.306975016620556,0.30229668722616,-0.046337173679194,-0.289660218889823,-0.649823925019053,4.69793183736321,0.289660218889823,1.29819175338315,0
0.30797493524147,0.30325485736278,-0.0466230883562616,-0.290309989932764,-0.649823925019053,4.69697654318756,0.290309989932764,1.2972398444567,0
0.308974853862383,0.304212841518064,-0.0469096255641373,-0.290959760975706,-0.649823925019053,4.69602145978214,0.290959760975706,1.29628817743136,0
0.309974772483297,0.305170639287549,-0.0471967851818447,-0.291609532018648,-0.649823925019053,4.69506658767894,0.291609532018648,1.29533675302377,0
0.310974691104211,0.30612825026685,-0.0474845670881441,-0.29225930306159,-0.649823925019053,4.69411192741018,0.29225930306159,1.29438557195146,0
0.311974609725125,0.307085674051663,-0.0477729711615334,-0.292909074104532,-0.649823925019053,4.6931574795083,0.292909074104532,1.29343463493286,0
0.312974528346039,0.30804291023776,-0.0480619972802476,-0.293558845147474,-0.649823925019053,4.69220324450601,0.293558845147474,1.29248394268727,0
0.313974446966953,0.308999958420994,-0.0483516453222593,-0.294208616190416,-0.649823925019053,4.69124922293621,0.294208616190416,1.29153349593488,0
0.314974365587867,0.309956818197297,-0.0486419151652783,-0.294858387233358,-0.649823925019053,4.69029541533206,0.294858387233358,1.29058329539679,0
0.31597428420878,0.31091348916268,-0.0489328066867522,-0.2955081582763,-0.649823925019053,4.68934182222695,0.2955081582763,1.28963334179496,0
0.316974202829694,0.311869970913235,-0.0492243197638656,-0.296157929319241,-0.649823925019053,4.68838844415448,0.296157929319242,1.28868363585226,0
0.317974121450608,0.312826263045132,-0.0495164542735411,-0.296807700362183,-0.649823925019053,4.68743528164851,0.296807700362183,1.28773417829245,0
0.318974040071522,0.313782365154624,-0.0498092100924389,-0.297457471405125,-0.649823925019053,4.68648233524312,0.297457471405125,1.28678496984019,0
0.319973958692436,0.31473827683804,-0.0501025870969567,-0.298107242448067,-0.649823925019053,4.68552960547262,0.298107242448067,1.28583601122101,0
0.32097387731335,0.315693997691794,-0.0503965851632301,-0.298757013491009,-0.649823925019053,4.68457709287154,0.298757013491009,1.28488730316137,0
0.321973795934264,0.316649527312377,-0.0506912041671323,-0.299406784533951,-0.649823925019053,4.68362479797467,0.299406784533951,1.2839388463886,0
0.322973714555177,0.317604865296363,-0.0509864439842746,-0.300056555576893,-0.649823925019053,4.68267272131701,0.300056555576893,1.28299064163094,0
0.323973633176091,0.318560011240406,-0.0512823044900059,-0.300706326619835,-0.649823925019053,4.68172086343379,0.300706326619835,1.28204268961752,0
0.324973551797005,0.31951496474124,-0.0515787855594132,-0.301356097662777,-0.649823925019053,4.68076922486048,0.301356097662777,1.28109499107838,0
0.325973470417919,0.320469725395682,-0.0518758870673216,-0.302005868705718,-0.649823925019053,4.67981780613278,0.302005868705718,1.28014754674444,0
0.326973389038833,0.321424292800631,-0.052173608888294,-0.30265563974866,-0.649823925019053,4.6788666077866,0.30265563974866,1.27920035734754,0
0.327973307659747,0.322378666553064,-0.0524719508966316,-0.303305410791602,-0.649823925019053,4.67791563035812,0.303305410791602,1.27825342362043,0
0.328973226280661,0.323332846250043,-0.0527709129663737,-0.303955181834544,-0.649823925019053,4.67696487438371,0.303955181834544,1.27730674629673,0
0.329973144901574,0.324286831488712,-0.0530704949712978,-0.304604952877486,-0.649823925019053,4.67601434039999,0.304604952877486,1.27636032611099,0
0.330973063522488,0.325240621866296,-0.0533706967849197,-0.305254723920428,-0.649823925019053,4.67506402894381,0.305254723920428,1.27541416379866,0
0.331972982143402,0.326194216980101,-0.0536715182804933,-0.30590449496337,-0.649823925019053,4.67411394055224,0.30590449496337,1.27446826009608,0
0.332972900764316,0.327147616427518,-0.0539729593310112,-0.306554266006312,-0.649823925019053,4.67316407576258,0.306554266006311,1.27352261574053,0
0.33397281938523,0.328100819806019,-0.0542750198092042,-0.307204037049253,-0.649823925019053,4.67221443511238,0.307204037049253,1.27257723147017,0
0.334972738006144,0.32905382671316,-0.0545776995875418,-0.307853808092195,-0.649823925019053,4.67126501913938,0.307853808092196,1.27163210802406,0
0.335972656627058,0.330006636746578,-0.0548809985382316,-0.308503579135137,-0.649823925019053,4.67031582838158,0.308503579135137,1.27068724614221,0
0.336972575247972,0.330959249503996,-0.0551849165332203,-0.309153350178079,-0.649823925019053,4.6693668633772,0.309153350178079,1.2697426465655,0
0.337972493868885,0.331911664583217,-0.0554894534441928,-0.309803121221021,-0.649823925019053,4.66841812466469,0.309803121221021,1.26879831003573,0
0.338972412489799,0.33286388158213,-0.0557946091425731,-0.310452892263963,-0.649823925019053,4.66746961278271,0.310452892263963,1.26785423729564,0
0.339972331110713,0.333815900098706,-0.0561003834995236,-0.311102663306905,-0.649823925019053,4.66652132827017,0.311102663306905,1.26691042908884,0
0.340972249731627,0.334767719731001,-0.0564067763859456,-0.311752434349847,-0.649823925019053,4.66557327166621,0.311752434349847,1.26596688615988,0
0.341972168352541,0.335719340077155,-0.0567137876724794,-0.312402205392789,-0.649823925019053,4.66462544351017,0.312402205392789,1.26502360925423,0
0.342972086973455,0.33667076073539,-0.057021417229504,-0.31305197643573,-0.649823925019053,4.66367784434164,0.31305197643573,1.26408059911826,0
0.343972005594369,0.337621981304016,-0.0573296649271375,-0.313701747478672,-0.649823925019053,4.66273047470044,0.313701747478672,1.26313785649926,0
0.344971924215282,0.338573001381424,-0.057638530635237,-0.314351518521614,-0.649823925019053,4.66178333512659,0.314351518521614,1.26219538214545,0
0.345971842836196,0.339523820566091,-0.0579480142233987,-0.315001289564556,-0.649823925019053,4.66083642616037,0.315001289564556,1.26125317680594,0
0.34697176145711,0.340474438456579,-0.0582581155609578,-0.315651060607498,-0.649823925019053,4.65988974834226,0.315651060607498,1.2603112412308,0
0.347971680078024,0.341424854651535,-0.0585688345169888,-0.31630083165044,-0.649823925019053,4.65894330221298,0.31630083165044,1.25936957617098,0
0.348971598698938,0.342375068749692,-0.0588801709603055,-0.316950602693382,-0.649823925019053,4.65799708831347,0.316950602693382,1.25842818237837,0
0.349971517319852,0.343325080349866,-0.0591921247594607,-0.317600373736324,-0.649823925019053,4.6570511071849,0.317600373736324,1.2574870606058,0
0.350971435940766,0.34427488905096,-0.059504695782747,-0.318250144779266,-0.649823925019053,4.65610535936867,0.318250144779265,1.25654621160699,0
0.351971354561679,0.345224494451963,-0.0598178838981961,-0.318899915822207,-0.649823925019053,4.65515984540639,0.318899915822207,1.2556056361366,0
0.352971273182593,0.346173896151949,-0.0601316889735791,-0.319549686865149,-0.649823925019053,4.65421456583991,0.31954968686515,1.25466533495021,0
0.353971191803507,0.347123093750078,-0.0604461108764069,-0.320199457908091,-0.649823925019053,4.65326952121129,0.320199457908091,1.25372530880433,0
0.354971110424421,0.348072086845598,-0.0607611494739297,-0.320849228951033,-0.649823925019053,4.65232471206283,0.320849228951033,1.2527855584564,0
0.355971029045335,0.34902087503784,-0.0610768046331375,-0.321498999993975,-0.649823925019053,4.65138013893704,0.321498999993975,1.25184608466479,0
0.356970947666249,0.349969457926224,-0.06139307622076,-0.322148771036917,-0.649823925019053,4.65043580237667,0.322148771036917,1.25090688818877,0
0.357970866287163,0.350917835110256,-0.0617099641032665,-0.322798542079859,-0.649823925019053,4.64949170292469,0.322798542079859,1.24996796978858,0
0.358970784908077,0.35186600618953,-0.0620274681468661,-0.323448313122801,-0.649823925019053,4.64854784112428,0.323448313122801,1.24902933022535,0
0.35997070352899,0.352813970763724,-0.062345588217508,-0.324098084165743,-0.649823925019053,4.64760421751885,0.324098084165743,1.24809097026118,0
0.360970622149904,0.353761728432606,-0.0626643241808811,-0.324747855208684,-0.649823925019053,4.64666083265205,0.324747855208685,1.24715289065908,0
0.361970540770818,0.354709278796031,-0.0629836759024143,-0.325397626251626,-0.649823925019053,4.64571768706772,0.325397626251626,1.24621509218299,0
0.362970459391732,0.35565662145394,-0.0633036432472765,-0.326047397294568,-0.649823925019053,4.64477478130996,0.326047397294568,1.24527757559779,0
0.363970378012646,0.356603756006363,-0.0636242260803768,-0.32669716833751,-0.649823925019053,4.64383211592307,0.32669716833751,1.24434034166929,0
0.36497029663356,0.357550682053418,-0.0639454242663642,-0.327346939380452,-0.649823925019053,4.64288969145157,0.327346939380452,1.24340339116424,0
0.365970215254474,0.35849739919531,-0.0642672376696282,-0.327996710423394,-0.649823925019053,4.64194750844022,0.327996710423394,1.24246672485034,0
0.366970133875387,0.359443907032333,-0.0645896661542985,-0.328646481466336,-0.649823925019053,4.64100556743399,0.328646481466336,1.24153034349619,0
0.367970052496301,0.360390205164869,-0.0649127095842447,-0.329296252509278,-0.649823925019053,4.64006386897806,0.329296252509278,1.24059424787137,0
0.368969971117215,0.361336293193388,-0.0652363678230775,-0.32994602355222,-0.649823925019053,4.63912241361786,0.329946023552219,1.23965843874637,0
0.369969889738129,0.362282170718451,-0.0655606407341473,-0.330595794595161,-0.649823925019053,4.63818120189902,0.330595794595161,1.23872291689262,0
0.370969808359043,0.363227837340705,-0.0658855281805454,-0.331245565638103,-0.649823925019053,4.6372402343674,0.331245565638103,1.23778768308252,0
0.371969726979957,0.364173292660888,-0.0662110300251035,-0.331895336681045,-0.649823925019053,4.63629951156907,0.331895336681045,1.23685273808937,0
0.372969645600871,0.365118536279826,-0.0665371461303941,-0.332545107723987,-0.649823925019053,4.63535903405033,0.332545107723987,1.23591808268744,0
0.373969564221784,0.366063567798434,-0.06686387635873,-0.333194878766929,-0.649823925019053,4.63441880235771,0.333194878766929,1.23498371765193,0
0.374969482842698,0.36700838681772,-0.0671912205721651,-0.333844649809871,-0.649823925019053,4.63347881703794,0.333844649809871,1.234049643759,0
0.375969401463612,0.367952992938776,-0.0675191786324937,-0.334494420852813,-0.649823925019053,4.63253907863798,0.334494420852813,1.23311586178574,0
0.376969320084526,0.36889738576279,-0.0678477504012513,-0.335144191895755,-0.649823925019053,4.63159958770501,0.335144191895755,1.23218237251019,0
0.37796923870544,0.369841564891035,-0.068176935739714,-0.335793962938697,-0.649823925019053,4.63066034478643,0.335793962938697,1.23124917671133,0
0.378969157326354,0.370785529924877,-0.068506734508899,-0.336443733981638,-0.649823925019053,4.62972135042985,0.336443733981638,1.2303162751691,0
0.379969075947268,0.371729280465772,-0.0688371465695645,-0.33709350502458,-0.649823925019053,4.62878260518311,0.33709350502458,1.22938366866438,0
0.380968994568182,0.372672816115266,-0.0691681717822096,-0.337743276067522,-0.649823925019053,4.62784410959426,0.337743276067522,1.228451357979,0
0.381968913189095,0.373616136474995,-0.0694998100070749,-0.338393047110464,-0.649823925019053,4.62690586421159,0.338393047110464,1.22751934389574,0
0.382968831810009,0.374559241146689,-0.0698320611041417,-0.339042818153406,-0.649823925019053,4.62596786958357,0.339042818153406,1.22658762719832,0
0.383968750430923,0.375502129732165,-0.0701649249331329,-0.339692589196348,-0.649823925019053,4.62503012625892,0.339692589196348,1.22565620867144,0
0.384968669051837,0.376444801833335,-0.0704984013535127,-0.34034236023929,-0.649823925019053,4.62409263478657,0.34034236023929,1.22472508910072,0
0.385968587672751,0.377387257052199,-0.0708324902244864,-0.340992131282232,-0.649823925019053,4.62315539571566,0.340992131282232,1.22379426927275,0
0.386968506293665,0.378329518796197,-0.0711671244121396,-0.341431228348697,-0.337688928732321,4.62221838476155,0.341431228348697,1.22286372393724,0
0.387968424914579,0.379271661974624,-0.071502092276709,-0.341768889796613,-0.337688928732321,4.62128152388823,0.341768889796612,1.22193337145722,0
0.388968343535492,0.380213691993609,-0.0718373782476065,-0.342106551244528,-0.337688928732321,4.62034480753946,0.342106551244528,1.22100320615619,0
0.389968262156406,0.381155608745748,-0.0721729822866042,-0.342444212692444,-0.337688928732321,4.61940823590999,0.342444212692445,1.22007322838664,0
0.39096818077732,0.382097412123646,-0.0725089043554382,-0.34278187414036,-0.337688928732321,4.61847180919468,0.342781874140361,1.21914343850155,0
0.391968099398234,0.383039102019924,-0.0728451444158084,-0.343119535588276,-0.337688928732321,4.61753552758849,0.343119535588276,1.21821383685443,0
0.392968018019148,0.383980678327216,-0.0731817024293781,-0.343457197036192,-0.337688928732321,4.61659939128651,0.343457197036192,1.21728442379927,0
0.393967936640062,0.384922140938166,-0.0735185783577746,-0.343794858484108,-0.337688928732321,4.61566340048389,0.343794858484108,1.21635519969058,0
0.394967855260976,0.385863489745435,-0.073855772162589,-0.344132519932024,-0.337688928732321,4.61472755537593,0.344132519932024,1.21542616488335,0
0.395967773881889,0.386804724641693,-0.0741932838053759,-0.34447018137994,-0.337688928732321,4.61379185615802,0.34447018137994,1.21449731973311,0
0.396967692502803,0.387745845519625,-0.074531113247654,-0.344807842827856,-0.337688928732321,4.61285630302564,0.344807842827856,1.21356866459586,0
0.397967611123717,0.38868685227193,-0.0748692604509055,-0.345145504275772,-0.337688928732321,4.61192089617442,0.345145504275771,1.21264019982814,0
0.398967529744631,0.389627744791319,-0.0752077253765765,-0.345483165723687,-0.337688928732321,4.61098563580004,0.345483165723687,1.21171192578697,0
0.399967448365545,0.390568522970514,-0.0755465079860767,-0.345820827171603,-0.337688928732321,4.61005052209833,0.345820827171603,1.21078384282988,0
0.400967366986459,0.391509186702254,-0.0758856082407799,-0.346158488619519,-0.337688928732321,4.60911555526522,0.346158488619519,1.20985595131494,0
0.401967285607373,0.392449735879288,-0.0762250261020235,-0.346496150067435,-0.337688928732321,4.60818073549672,0.346496150067435,1.20892825160069,0
0.402967204228286,0.393390170394379,-0.0765647615311085,-0.346833811515351,-0.337688928732321,4.60724606298898,0.346833811515351,1.2080007440462,0
0.4039671228492,0.394330490140304,-0.0769048144893,-0.347171472963267,-0.337688928732321,4.60631153793823,0.347171472963267,1.20707342901106,0
0.404967041470114,0.395270695009851,-0.0772451849378268,-0.347509134411183,-0.337688928732321,4.60537716054083,0.347509134411183,1.20614630685534,0
0.405966960091028,0.396210784895823,-0.0775858728378815,-0.347846795859099,-0.337688928732321,4.60444293099323,0.347846795859099,1.20521937793966,0
0.406966878711942,0.397150759691036,-0.0779268781506203,-0.348184457307015,-0.337688928732321,4.603508849492,0.348184457307015,1.20429264262514,0
0.407966797332856,0.398090619288317,-0.0782682008371636,-0.348522118754931,-0.337688928732321,4.60257491623379,0.34852211875493,1.2033661012734,0
0.40896671595377,0.399030363580508,-0.0786098408585953,-0.348859780202846,-0.337688928732321,4.60164113141539,0.348859780202846,1.20243975424659,0
0.409966634574684,0.399969992460465,-0.0789517981759633,-0.349197441650762,-0.337688928732321,4.60070749523368,0.349197441650762,1.20151360190738,0
0.410966553195597,0.400909505821055,-0.0792940727502792,-0.349535103098678,-0.337688928732321,4.59977400788565,0.349535103098678,1.20058764461894,0
0.411966471816511,0.40184890355516,-0.0796366645425185,-0.349872764546594,-0.337688928732321,4.5988406695684,0.349872764546594,1.19966188274497,0
0.412966390437425,0.402788185555673,-0.0799795735136204,-0.35021042599451,-0.337688928732321,4.59790748047913,0.35021042599451,1.19873631664968,0
0.413966309058339,0.403727351715503,-0.0803227996244882,-0.350548087442426,-0.337688928732321,4.59697444081514,0.350548087442426,1.19781094669782,0
0.414966227679253,0.40466640192757,-0.0806663428359889,-0.350885748890342,-0.337688928732321,4.59604155077387,0.350885748890342,1.19688577325464,0
0.415966146300167,0.405605336084807,-0.0810102031089531,-0.351223410338258,-0.337688928732321,4.59510881055282,0.351223410338258,1.1959607966859,0
0.416966064921081,0.406544154080163,-0.0813543804041758,-0.351561071786174,-0.337688928732321,4.59417622034964,0.351561071786174,1.19503601735791,0
0.417965983541994,0.407482855806597,-0.0816988746824153,-0.351898733234089,-0.337688928732321,4.59324378036206,0.35189873323409,1.19411143563748,0
0.418965902162908,0.408421441157084,-0.0820436859043942,-0.352236394682005,-0.337688928732321,4.59231149078792,0.352236394682005,1.19318705189197,0
0.419965820783822,0.40935991002461,-0.0823888140307985,-0.352574056129921,-0.337688928732321,4.59137935182519,0.352574056129921,1.19226286648923,0
0.420965739404736,0.410298262302175,-0.0827342590222785,-0.352911717577837,-0.337688928732321,4.59044736367191,0.352911717577837,1.19133887979765,0
0.42196565802565,0.411236497882793,-0.0830800208394483,-0.353249379025753,-0.337688928732321,4.58951552652626,0.353249379025753,1.19041509218615,0
0.422965576646564,0.412174616659491,-0.0834260994428856,-0.353587040473669,-0.337688928732321,4.58858384058652,0.353587040473669,1.18949150402417,0
0.423965495267478,0.413112618525309,-0.0837724947931321,-0.353924701921585,-0.337688928732321,4.58765230605106,0.353924701921585,1.18856811568169,0
0.424965413888391,0.414050503373301,-0.0841192068506937,-0.354262363369501,-0.337688928732321,4.58672092311837,0.354262363369501,1.18764492752919,0
0.425965332509305,0.414988271096532,-0.0844662355760398,-0.354600024817417,-0.337688928732321,4.58578969198706,0.354600024817417,1.18672193993771,0
0.426965251130219,0.415925921588085,-0.0848135809296038,-0.354937686265333,-0.337688928732321,4.58485861285582,0.354937686265333,1.1857991532788,0
0.427965169751133,0.416863454741051,-0.085161242871783,-0.355275347713248,-0.337688928732321,4.58392768592346,0.355275347713249,1.18487656792455,0
0.428965088372047,0.417800870448538,-0.0855092213629388,-0.355613009161164,-0.337688928732321,4.58299691138891,0.355613009161164,1.18395418424757,0
0.429965006992961,0.418738168603666,-0.0858575163633962,-0.35595067060908,-0.337688928732321,4.58206628945119,0.35595067060908,1.18303200262101,0
0.430964925613875,0.419675349099569,-0.0862061278334443,-0.356288332056996,-0.337688928732321,4.58113582030943,0.356288332056996,1.18211002341856,0
0.431964844234788,0.420612411829395,-0.0865550557333361,-0.356625993504912,-0.337688928732321,4.58020550416289,0.356625993504912,1.18118824701442,0
0.432964762855702,0.421549356686303,-0.0869043000232885,-0.356963654952828,-0.337688928732321,4.57927534121089,0.356963654952828,1.18026667378335,0
0.433964681476616,0.422486183563467,-0.0872538606634822,-0.357301316400744,-0.337688928732321,4.57834533165291,0.357301316400744,1.17934530410064,0
0.43496460009753,0.423422892354076,-0.0876037376140621,-0.35763897784866,-0.337688928732321,4.57741547568851,0.35763897784866,1.17842413834209,0
0.435964518718444,0.424359482951329,-0.0879539308351369,-0.357976639296576,-0.337688928732321,4.57648577351736,0.357976639296576,1.17750317688408,0
0.436964437339358,0.425295955248442,-0.0883044402867792,-0.358314300744492,-0.337688928732321,4.57555622533924,0.358314300744492,1.17658242010348,0
0.437964355960272,0.426232309138643,-0.0886552659290255,-0.358651962192407,-0.337688928732321,4.57462683135403,0.358651962192408,1.17566186837775,0
0.438964274581186,0.427168544515171,-0.0890064077218764,-0.358989623640323,-0.337688928732321,4.57369759176173,0.358989623640323,1.17474152208484,0
0.439964193202099,0.428104661271284,-0.0893578656252963,-0.359327285088239,-0.337688928732321,4.57276850676245,0.359327285088239,1.17382138160327,0
0.440964111823013,0.429040659300248,-0.0897096395992138,-0.359664946536155,-0.337688928732321,4.57183957655639,0.359664946536155,1.17290144731209,0
0.441964030443927,0.429976538495346,-0.0900617296035211,-0.360002607984071,-0.337688928732321,4.57091080134388,0.360002607984071,1.17198171959091,0
0.442963949064841,0.430912298749873,-0.0904141355980748,-0.360340269431987,-0.337688928732321,4.56998218132534,0.360340269431987,1.17106219881984,0
0.443963867685755,0.431847939957139,-0.090766857542695,-0.360677930879903,-0.337688928732321,4.5690537167013,0.360677930879903,1.17014288537958,0
0.444963786306669,0.432783462010466,-0.0911198953971661,-0.361015592327819,-0.337688928732321,4.56812540767242,0.361015592327819,1.16922377965135,0
0.445963704927583,0.43371886480319,-0.0914732491212366,-0.361353253775735,-0.337688928732321,4.56719725443943,0.361353253775734,1.16830488201692,0
0.446963623548496,0.434654148228661,-0.0918269186746185,-0.361690915223651,-0.337688928732321,4.5662692572032,0.36169091522365,1.16738619285859,0
0.44796354216941,0.435589312180243,-0.0921809040169882,-0.362028576671566,-0.337688928732321,4.56534141616469,0.362028576671567,1.16646771255924,0
0.448963460790324,0.436524356551312,-0.0925352051079859,-0.362366238119482,-0.337688928732321,4.56441373152498,0.362366238119482,1.16554944150227,0
0.449963379411238,0.43745928123526,-0.092889821907216,-0.362703899567398,-0.337688928732321,4.56348620348525,0.362703899567398,1.16463138007164,0
0.450963298032152,0.43839408612549,-0.0932447543742467,-0.363041561015314,-0.337688928732321,4.56255883224679,0.363041561015314,1.16371352865185,0
0.451963216653066,0.43932877111542,-0.0936000024686104,-0.36337922246323,-0.337688928732321,4.56163161801101,0.36337922246323,1.16279588762796,0
0.45296313527398,0.440263336098483,-0.0939555661498032,-0.363716883911146,-0.337688928732321,4.5607045609794,0.363716883911146,1.16187845738557,0
0.453963053894893,0.441197780968124,-0.0943114453772855,-0.364054545359062,-0.337688928732321,4.55977766135358,0.364054545359062,1.16096123831083,0
0.454962972515807,0.4421321056178,-0.0946676401104817,-0.364392206806978,-0.337688928732321,4.55885091933528,0.364392206806978,1.16004423079047,0
0.455962891136721,0.443066309940987,-0.0950241503087801,-0.364729868254894,-0.337688928732321,4.55792433512633,0.364729868254893,1.15912743521174,0
0.456962809757635,0.444000393831169,-0.0953809759315332,-0.365067529702809,-0.337688928732321,4.55699790892866,0.365067529702809,1.15821085196246,0
0.457962728378549,0.444934357181847,-0.0957381169380573,-0.365405191150725,-0.337688928732321,4.55607164094433,0.365405191150725,1.157294481431,0
0.458962646999463,0.445868199886534,-0.0960955732876329,-0.365742852598641,-0.337688928732321,4.5551455313755,0.365742852598641,1.15637832400628,0
0.459962565620377,0.44680192183876,-0.0964533449395046,-0.366080514046557,-0.337688928732321,4.55421958042443,0.366080514046557,1.15546238007778,0
0.46096248424129,0.447735522932064,-0.0968114318528809,-0.366418175494473,-0.337688928732321,4.55329378829348,0.366418175494473,1.15454665003556,0
0.461962402862204,0.448669003060003,-0.0971698339869345,-0.366755836942389,-0.337688928732321,4.55236815518515,0.366755836942389,1.1536311342702,0
0.462962321483118,0.449602362116145,-0.097528551300802,-0.367093498390305,-0.337688928732321,4.55144268130203,0.367093498390305,1.15271583317285,0
0.463962240104032,0.450535599994073,-0.0978875837535843,-0.367431159838221,-0.337688928732321,4.55051736684681,0.367431159838221,1.15180074713525,0
0.464962158724946,0.451468716587384,-0.0982469313043461,-0.367768821286137,-0.337688928732321,4.5495922120223,0.367768821286137,1.15088587654966,0
0.46596207734586,0.452401711789688,-0.0986065939121163,-0.368106482734053,-0.337688928732321,4.54866721703141,0.368106482734053,1.14997122180892,0
0.466961995966774,0.453334585494609,-0.0989665715358879,-0.368444144181968,-0.337688928732321,4.54774238207718,0.368444144181968,1.14905678330643,0
0.467961914587687,0.454267337595787,-0.0993268641346181,-0.368781805629884,-0.337688928732321,4.54681770736273,0.368781805629884,1.14814256143615,0
0.468961833208601,0.455199967986872,-0.0996874716672278,-0.3691194670778,-0.337688928732321,4.54589319309131,0.3691194670778,1.14722855659262,0
0.469961751829515,0.456132476561531,-0.100048394092602,-0.369457128525716,-0.337688928732321,4.54496883946627,0.369457128525716,1.14631476917091,0
0.470961670450429,0.457064863213443,-0.100409631369591,-0.369794789973632,-0.337688928732321,4.54404464669106,0.369794789973632,1.1454011995667,0
0.471961589071343,0.457997127836303,-0.100771183457008,-0.370132451421548,-0.337688928732321,4.54312061496925,0.370132451421548,1.14448784817619,0
0.472961507692257,0.458929270323817,-0.101133050313629,-0.370470112869464,-0.337688928732321,4.54219674450453,0.370470112869464,1.14357471539619,0
0.473961426313171,0.459861290569708,-0.101495231898198,-0.37080777431738,-0.337688928732321,4.54127303550067,0.37080777431738,1.14266180162404,0
0.474961344934084,0.46079318846771,-0.101857728169419,-0.371145435765296,-0.337688928732321,4.54034948816156,0.371145435765296,1.14174910725768,0
0.475961263554998,0.461724963911574,-0.102220539085962,-0.371483097213211,-0.337688928732321,4.53942610269122,0.371483097213211,1.1408366326956,0
0.476961182175912,0.462656616795062,-0.102583664606462,-0.371820758661127,-0.337688928732321,4.53850287929376,0.371820758661127,1.13992437833686,0
0.477961100796826,0.463588147011952,-0.102947104689517,-0.372158420109043,-0.337688928732321,4.53757981817339,0.372158420109043,1.13901234458111,0
0.47896101941774,0.464519554456036,-0.103310859293689,-0.372496081556959,-0.337688928732321,4.53665691953444,0.372496081556959,1.13810053182856,0
0.479960938038654,0.465450839021118,-0.103674928377504,-0.372833743004875,-0.337688928732321,4.53573418358135,0.372833743004875,1.13718894047998,0
0.480960856659568,0.466382000601019,-0.104039311899454,-0.373171404452791,-0.337688928732321,4.53481161051867,0.373171404452791,1.13627757093674,0
0.481960775280482,0.46731303908957,-0.104404009817991,-0.373509065900707,-0.337688928732321,4.53388920055106,0.373509065900707,1.13536642360076,0
0.482960693901395,0.468243954380621,-0.104769022091537,-0.373846727348623,-0.337688928732321,4.53296695388327,0.373846727348623,1.13445549887455,0
0.483960612522309,0.469174746368032,-0.105134348678473,-0.374184388796539,-0.337688928732321,4.5320448707202,0.374184388796539,1.1335447971612,0
0.484960531143223,0.470105414945678,-0.105499989537147,-0.374522050244455,-0.337688928732321,4.53112295126681,0.374522050244455,1.13263431886436,0
0.485960449764137,0.47103596000745,-0.10586594462587,-0.37485971169237,-0.337688928732321,4.5302011957282,0.374859711692371,1.13172406438828,0
0.486960368385051,0.471966381447251,-0.106232213902918,-0.375197373140286,-0.337688928732321,4.52927960430956,0.375197373140286,1.13081403413776,0
0.487960287005965,0.472896679158999,-0.10659879732653,-0.375535034588202,-0.337688928732321,4.52835817721623,0.375535034588202,1.1299042285182,0
0.488960205626879,0.473826853036626,-0.10696569485491,-0.375872696036118,-0.337688928732321,4.5274369146536,0.375872696036118,1.12899464793559,0
0.489960124247793,0.474756902974077,-0.107332906446227,-0.376210357484034,-0.337688928732321,4.52651581682722,0.376210357484034,1.12808529279647,0
0.490960042868706,0.475686828865313,-0.107700432058613,-0.37654801893195,-0.337688928732321,4.52559488394271,0.37654801893195,1.12717616350799,0
0.49195996148962,0.476616630604308,-0.108068271650164,-0.376885680379866,-0.337688928732321,4.52467411620583,0.376885680379866,1.12626726047788,0
0.492959880110534,0.477546308085051,-0.10843642517894,-0.377223341827782,-0.337688928732321,4.52375351382243,0.377223341827782,1.12535858411443,0
0.493959798731448,0.478475861201543,-0.108804892602967,-0.377561003275698,-0.337688928732321,4.52283307699847,0.377561003275698,1.12445013482654,0
0.494959717352362,0.479405289847803,-0.109173673880235,-0.377898664723614,-0.337688928732321,4.52191280594004,0.377898664723614,1.12354191302368,0
0.495959635973276,0.48033459391786,-0.109542768968695,-0.378236326171529,-0.337688928732321,4.52099270085332,0.37823632617153,1.12263391911593,0
0.49695955459419,0.481263773305761,-0.109912177826266,-0.378573987619445,-0.337688928732321,4.52007276194459,0.378573987619445,1.12172615351392,0
0.497959473215103,0.482192827905563,-0.110281900410829,-0.378911649067361,-0.337688928732321,4.51915298942027,0.378911649067361,1.12081861662891,0
0.498959391836017,0.483121757611342,-0.110651936680231,-0.379249310515277,-0.337688928732321,4.51823338348686,0.379249310515277,1.11991130887271,0
0.499959310456931,0.484050562317184,-0.111022286592281,-0.379586971963193,-0.337688928732321,4.51731394435099,0.379586971963193,1.11900423065774,0
0.500959229077845,0.484979241917192,-0.111392950104754,-0.379924633411109,-0.337688928732321,4.51639467221939,0.379924633411109,1.11809738239701,0
0.501959147698759,0.485907796305483,-0.11176392717539,-0.380262294859025,-0.337688928732321,4.5154755672989,0.380262294859025,1.11719076450412,0
0.502959066319673,0.486836225376186,-0.11213521776189,-0.380599956306941,-0.337688928732321,4.51455662979646,0.380599956306941,1.11628437739326,0
0.503958984940587,0.487764529023447,-0.112506821821921,-0.380937617754857,-0.337688928732321,4.51363785991914,0.380937617754856,1.11537822147921,0
0.5049589035615,0.488692707141426,-0.112878739313117,-0.381275279202773,-0.337688928732321,4.51271925787411,0.381275279202772,1.11447229717735,0
0.505958822182414,0.489620759624294,-0.113250970193071,-0.381612940650688,-0.337688928732321,4.51180082386865,0.381612940650689,1.11356660490366,0
0.506958740803328,0.490548686366242,-0.113623514419345,-0.381950602098604,-0.337688928732321,4.51088255811013,0.381950602098605,1.11266114507471,0
0.507958659424242,0.491476487261469,-0.113996371949462,-0.38228826354652,-0.337688928732321,4.50996446080607,0.38228826354652,1.11175591810765,0
0.508958578045156,0.492404162204194,-0.114369542740911,-0.382625924994436,-0.337688928732321,4.50904653216407,0.382625924994436,1.11085092442026,0
0.50995849666607,0.493331711088648,-0.114743026751144,-0.382963586442352,-0.337688928732321,4.50812877239184,0.382963586442352,1.10994616443089,0
0.510958415286984,0.494259133809074,-0.11511682393758,-0.383301247890268,-0.337688928732321,4.50721118169722,0.383301247890268,1.10904163855849,0
0.511958333907897,0.495186430259734,-0.115490934257599,-0.383638909338184,-0.337688928732321,4.50629376028813,0.383638909338184,1.10813734722265,0
0.512958252528811,0.4961136003349,-0.115865357668548,-0.3839765707861,-0.337688928732321,4.50537650837263,0.3839765707861,1.1072332908435,0
0.513958171149725,0.497040643928862,-0.116240094127735,-0.384314232234016,-0.337688928732321,4.50445942615886,0.384314232234015,1.10632946984181,0
0.514958089770639,0.497967560935923,-0.116615143592436,-0.384651893681932,-0.337688928732321,4.5035425138551,0.384651893681931,1.10542588463896,0
0.515958008391553,0.498894375923487,-0.11699044510399,-0.384843492211177,-0.175383587290386,4.5026257454222,0.384843492211178,1.10452250747062,0
0.516957927012467,0.49982112477582,-0.117365909896728,-0.385018861525912,-0.175383587290386,4.50170908276177,0.385018861525912,1.10361929759597,0
0.517957845633381,0.5007478077689,-0.117741537207002,-0.385194230840646,-0.175383587290386,4.50079252564259,0.385194230840646,1.10271625492098,0
0.518957764254294,0.501674424874227,-0.118117327023262,-0.38536960015538,-0.175383587290386,4.49987607415735,0.38536960015538,1.10181337969973,0
0.519957682875208,0.502600976063302,-0.118493279333949,-0.385544969470115,-0.175383587290386,4.49895972839879,0.385544969470115,1.10091067218669,0
0.520957601496122,0.503527461307631,-0.118869394127501,-0.385720338784849,-0.175383587290386,4.49804348845971,0.385720338784849,1.10000813263671,0
0.521957520117036,0.50445388057872,-0.11924567139235,-0.385895708099584,-0.175383587290386,4.497127354433,0.385895708099584,1.09910576130507,0
0.52295743873795,0.505380233848078,-0.119622111116926,-0.386071077414318,-0.175383587290386,4.49621132641156,0.386071077414318,1.09820355844744,0
0.523957357358864,0.506306521087214,-0.119998713289651,-0.386246446729052,-0.175383587290386,4.49529540448839,0.386246446729052,1.09730152431989,0
0.524957275979778,0.507232742267642,-0.120375477898941,-0.386421816043787,-0.175383587290386,4.49437958875653,0.386421816043787,1.09639965917888,0
0.525957194600691,0.508158897360877,-0.120752404933211,-0.386597185358521,-0.175383587290386,4.49346387930908,0.386597185358521,1.09549796328129,0
0.526957113221605,0.509084986338434,-0.121129494380869,-0.386772554673255,-0.175383587290386,4.4925482762392,0.386772554673255,1.09459643688441,0
0.527957031842519,0.510011009171833,-0.121506746230316,-0.38694792398799,-0.175383587290386,4.49163277964012,0.38694792398799,1.09369508024592,0
0.528956950463433,0.510936965832595,-0.121884160469951,-0.387123293302724,-0.175383587290386,4.49071738960511,0.387123293302724,1.0927938936239,0
0.529956869084347,0.511862856292241,-0.122261737088166,-0.387298662617458,-0.175383587290386,4.48980210622752,0.387298662617458,1.09189287727685,0
0.530956787705261,0.512788680522298,-0.122639476073351,-0.387474031932193,-0.175383587290386,4.48888692960074,0.387474031932193,1.09099203146368,0
0.531956706326175,0.513714438494291,-0.123017377413886,-0.387649401246927,-0.175383587290386,4.48797185981824,0.387649401246927,1.09009135644368,0
0.532956624947089,0.514640130179751,-0.123395441098151,-0.387824770561661,-0.175383587290386,4.48705689697353,0.387824770561661,1.08919085247658,0
0.533956543568002,0.515565755550206,-0.123773667114518,-0.388000139876396,-0.175383587290386,4.4861420411602,0.388000139876396,1.08829051982249,0
0.534956462188916,0.516491314577191,-0.124152055451355,-0.38817550919113,-0.175383587290386,4.48522729247187,0.38817550919113,1.08739035874196,0
0.53595638080983,0.517416807232241,-0.124530606097025,-0.388350878505864,-0.175383587290386,4.48431265100226,0.388350878505864,1.08649036949593,0
0.536956299430744,0.518342233486892,-0.124909319039886,-0.388526247820599,-0.175383587290386,4.48339811684511,0.388526247820599,1.08559055234576,0
0.537956218051658,0.519267593312683,-0.12528819426829,-0.388701617135333,-0.175383587290386,4.48248369009425,0.388701617135333,1.0846909075532,0
0.538956136672572,0.520192886681157,-0.125667231770586,-0.388876986450068,-0.175383587290386,4.48156937084354,0.388876986450068,1.08379143538044,0
0.539956055293486,0.521118113563855,-0.126046431535117,-0.389052355764802,-0.175383587290386,4.48065515918694,0.389052355764802,1.08289213609006,0
0.540955973914399,0.522043273932324,-0.12642579355022,-0.389227725079536,-0.175383587290386,4.47974105521843,0.389227725079536,1.08199300994508,0
0.541955892535313,0.522968367758109,-0.126805317804229,-0.389403094394271,-0.175383587290386,4.47882705903208,0.389403094394271,1.08109405720891,0
0.542955811156227,0.523893395012762,-0.127185004285471,-0.389578463709005,-0.175383587290386,4.47791317072199,0.389578463709005,1.08019527814539,0
0.543955729777141,0.524818355667832,-0.12756485298227,-0.389753833023739,-0.175383587290386,4.47699939038235,0.38975383302374,1.07929667301876,0
0.544955648398055,0.525743249694874,-0.127944863882943,-0.389929202338474,-0.175383587290386,4.4760857181074,0.389929202338474,1.07839824209368,0
0.545955567018969,0.526668077065443,-0.128325036975803,-0.390104571653208,-0.175383587290386,4.47517215399142,0.390104571653208,1.07749998563526,0
0.546955485639883,0.527592837751096,-0.128705372249159,-0.390279940967942,-0.175383587290386,4.47425869812878,0.390279940967942,1.07660190390897,0
0.547955404260796,0.528517531723392,-0.129085869691313,-0.390455310282677,-0.175383587290386,4.4733453506139,0.390455310282677,1.07570399718075,0
0.54895532288171,0.529442158953894,-0.129466529290564,-0.390630679597411,-0.175383587290386,4.47243211154125,0.390630679597411,1.07480626571693,0
0.549955241502624,0.530366719414166,-0.129847351035204,-0.390806048912145,-0.175383587290386,4.47151898100538,0.390806048912145,1.07390870978426,0
0.550955160123538,0.531291213075772,-0.130228334913522,-0.39098141822688,-0.175383587290386,4.47060595910086,0.39098141822688,1.07301132964994,0
0.551955078744452,0.532215639910281,-0.1306094809138,-0.391156787541614,-0.175383587290386,4.46969304592238,0.391156787541614,1.07211412558155,0
0.552954997365366,0.533139999889262,-0.130990789024317,-0.391332156856349,-0.175383587290386,4.46878024156464,0.391332156856349,1.07121709784712,0
0.55395491598628,0.534064292984287,-0.131372259233346,-0.391507526171083,-0.175383587290386,4.46786754612242,0.391507526171083,1.0703202467151,0
0.554954834607194,0.53498851916693,-0.131753891529155,-0.391682895485817,-0.175383587290386,4.46695495969057,0.391682895485817,1.06942357245435,0
0.555954753228107,0.535912678408768,-0.132135685900006,-0.391858264800552,-0.175383587290386,4.46604248236398,0.391858264800552,1.06852707533417,0
0.556954671849021,0.536836770681377,-0.132517642334159,-0.392033634115286,-0.175383587290386,4.46513011423762,0.392033634115286,1.06763075562427,0
0.557954590469935,0.537760795956339,-0.132899760819867,-0.39220900343002,-0.175383587290386,4.4642178554065,0.39220900343002,1.0667346135948,0
0.558954509090849,0.538684754205236,-0.133282041345377,-0.392384372744755,-0.175383587290386,4.4633057059657,0.392384372744755,1.06583864951632,0
0.559954427711763,0.539608645399651,-0.133664483898932,-0.392559742059489,-0.175383587290386,4.46239366601037,0.392559742059489,1.06494286365985,0
0.560954346332677,0.540532469511171,-0.134047088468772,-0.392735111374223,-0.175383587290386,4.46148173563572,0.392735111374223,1.06404725629679,0
0.561954264953591,0.541456226511384,-0.134429855043128,-0.392910480688958,-0.175383587290386,4.46056991493699,0.392910480688958,1.063151827699,0
0.562954183574504,0.542379916371881,-0.13481278361023,-0.393085850003692,-0.175383587290386,4.45965820400953,0.393085850003692,1.06225657813878,0
0.563954102195418,0.543303539064254,-0.135195874158301,-0.393261219318426,-0.175383587290386,4.45874660294871,0.393261219318426,1.06136150788882,0
0.564954020816332,0.544227094560098,-0.135579126675559,-0.393436588633161,-0.175383587290386,4.45783511184997,0.393436588633161,1.06046661722227,0
0.565953939437246,0.545150582831009,-0.135962541150216,-0.393611957947895,-0.175383587290386,4.45692373080883,0.393611957947895,1.05957190641272,0
0.56695385805816,0.546074003848587,-0.136346117570483,-0.393787327262629,-0.175383587290386,4.45601245992085,0.39378732726263,1.05867737573416,0
0.567953776679074,0.546997357584431,-0.136729855924561,-0.393962696577364,-0.175383587290386,4.45510129928167,0.393962696577364,1.05778302546103,0
0.568953695299988,0.547920644010144,-0.13711375620065,-0.394138065892098,-0.175383587290386,4.45419024898696,0.394138065892098,1.05688885586822,0
0.569953613920901,0.548843863097332,-0.137497818386942,-0.394313435206833,-0.175383587290386,4.45327930913248,0.394313435206833,1.05599486723102,0
0.570953532541815,0.549767014817602,-0.137882042471626,-0.394488804521567,-0.175383587290386,4.45236847981404,0.394488804521567,1.05510105982519,0
0.571953451162729,0.550690099142561,-0.138266428442886,-0.394664173836301,-0.175383587290386,4.45145776112751,0.394664173836301,1.05420743392691,0
0.572953369783643,0.551613116043823,-0.1386509762889,-0.394839543151036,-0.175383587290386,4.45054715316883,0.394839543151035,1.05331398981278,0
0.573953288404557,0.552536065492999,-0.139035685997841,-0.39501491246577,-0.175383587290386,4.449636656034,0.39501491246577,1.05242072775987,0
0.574953207025471,0.553458947461705,-0.139420557557878,-0.395190281780504,-0.175383587290386,4.44872626981905,0.395190281780504,1.05152764804566,0
0.575953125646385,0.554381761921558,-0.139805590957174,-0.395365651095239,-0.175383587290386,4.44781599462012,0.395365651095239,1.0506347509481,0
0.576953044267298,0.555304508844178,-0.140190786183888,-0.395541020409973,-0.175383587290386,4.44690583053338,0.395541020409973,1.04974203674554,0
0.577952962888212,0.556227188201186,-0.140576143226174,-0.395716389724707,-0.175383587290386,4.44599577765507,0.395716389724707,1.0488495057168,0
0.578952881509126,0.557149799964205,-0.140961662072179,-0.395891759039442,-0.175383587290386,4.44508583608149,0.395891759039442,1.04795715814113,0
0.57995280013004,0.558072344104863,-0.141347342710048,-0.396067128354176,-0.175383587290386,4.444176005909,0.396067128354176,1.04706499429823,0
0.580952718750954,0.558994820594785,-0.14173318512792,-0.39624249766891,-0.175383587290386,4.44326628723403,0.396242497668911,1.04617301446824,0
0.581952637371868,0.559917229405602,-0.142119189313927,-0.396417866983645,-0.175383587290386,4.44235668015306,0.396417866983645,1.04528121893172,0
0.582952555992782,0.560839570508945,-0.142505355256199,-0.396593236298379,-0.175383587290386,4.44144718476263,0.396593236298379,1.04438960796972,0
0.583952474613696,0.56176184387645,-0.142891682942859,-0.396768605613114,-0.175383587290386,4.44053780115936,0.396768605613114,1.04349818186369,0
0.584952393234609,0.56268404947975,-0.143278172362026,-0.396943974927848,-0.175383587290386,4.43962852943991,0.396943974927848,1.04260694089555,0
0.585952311855523,0.563606187290486,-0.143664823501814,-0.397119344242582,-0.175383587290386,4.43871936970103,0.397119344242582,1.04171588534767,0
0.586952230476437,0.564528257280297,-0.144051636350331,-0.397294713557317,-0.175383587290386,4.43781032203948,0.397294713557316,1.04082501550285,0
0.587952149097351,0.565450259420825,-0.144438610895682,-0.397470082872051,-0.175383587290386,4.43690138655214,0.397470082872051,1.03993433164435,0
0.588952067718265,0.566372193683715,-0.144825747125965,-0.397645452186785,-0.175383587290386,4.43599256333592,0.397645452186785,1.03904383405588,0
0.589951986339179,0.567294060040613,-0.145213045029274,-0.39782082150152,-0.175383587290386,4.43508385248779,0.39782082150152,1.03815352302158,0
0.590951904960093,0.568215858463168,-0.145600504593698,-0.397996190816254,-0.175383587290386,4.43417525410479,0.397996190816254,1.03726339882607,0
0.591951823581006,0.56913758892303,-0.14598812580732,-0.398171560130988,-0.175383587290386,4.43326676828403,0.398171560130988,1.0363734617544,0
0.59295174220192,0.570059251391852,-0.146375908658221,-0.398346929445723,-0.175383587290386,4.43235839512267,0.398346929445723,1.03548371209207,0
0.593951660822834,0.570980845841289,-0.146763853134473,-0.398522298760457,-0.175383587290386,4.43145013471794,0.398522298760457,1.03459415012505,0
0.594951579443748,0.571902372242998,-0.147151959224146,-0.398697668075191,-0.175383587290386,4.43054198716711,0.398697668075191,1.03370477613975,0
0.595951498064662,0.572823830568638,-0.147540226915303,-0.398873037389926,-0.175383587290386,4.42963395256754,0.398873037389926,1.03281559042304,0
0.596951416685576,0.57374522078987,-0.147928656196005,-0.39904840670466,-0.175383587290386,4.42872603101665,0.39904840670466,1.03192659326223,0
0.59795133530649,0.574666542878357,-0.148317247054304,-0.399223776019394,-0.175383587290386,4.42781822261189,0.399223776019395,1.03103778494512,0
0.598951253927403,0.575587796805764,-0.148705999478251,-0.399399145334129,-0.175383587290386,4.42691052745082,0.399399145334129,1.03014916575992,0
0.599951172548317,0.576508982543759,-0.149094913455888,-0.399574514648863,-0.175383587290386,4.42600294563102,0.399574514648863,1.02926073599534,0
0.600951091169231,0.577430100064012,-0.149483988975256,-0.399749883963598,-0.175383587290386,4.42509547725015,0.399749883963597,1.02837249594051,0
0.601951009790145,0.578351149338194,-0.149873226024389,-0.399925253278332,-0.175383587290386,4.42418812240594,0.399925253278332,1.02748444588505,0
0.602950928411059,0.579272130337978,-0.150262624591315,-0.400100622593066,-0.175383587290386,4.42328088119617,0.400100622593066,1.02659658611902,0
0.603950847031973,0.580193043035041,-0.15065218466406,-0.400275991907801,-0.175383587290386,4.42237375371869,0.4002759919078,1.02570891693296,0
0.604950765652887,0.58111388740106,-0.151041906230642,-0.400451361222535,-0.175383587290386,4.42146674007139,0.400451361222535,1.02482143861784,0
0.6059506842738,0.582034663407715,-0.151431789279075,-0.400626730537269,-0.175383587290386,4.42055984035227,0.400626730537269,1.02393415146512,0
0.606950602894714,0.582955371026688,-0.15182183379737,-0.400802099852004,-0.175383587290386,4.41965305465933,0.400802099852004,1.02304705576671,0
0.607950521515628,0.583876010229664,-0.152212039773531,-0.400977469166738,-0.175383587290386,4.41874638309069,0.400977469166738,1.02216015181499,0
0.608950440136542,0.584796580988329,-0.152602407195556,-0.401152838481472,-0.175383587290386,4.4178398257445,0.401152838481472,1.02127343990278,0
0.609950358757456,0.585717083274371,-0.152992936051441,-0.401328207796207,-0.175383587290386,4.41693338271898,0.401328207796207,1.02038692032341,0
0.61095027737837,0.586637517059481,-0.153383626329176,-0.401503577110941,-0.175383587290386,4.41602705411242,0.401503577110941,1.01950059337063,0
0.611950195999284,0.587557882315352,-0.153774478016743,-0.401678946425675,-0.175383587290386,4.41512084002315,0.401678946425676,1.01861445933868,0
0.612950114620197,0.588478179013677,-0.154165491102124,-0.40185431574041,-0.175383587290386,4.41421474054959,0.40185431574041,1.01772851852227,0
0.613950033241111,0.589398407126155,-0.154556665573293,-0.402029685055144,-0.175383587290386,4.4133087557902,0.402029685055144,1.01684277121657,0
0.614949951862025,0.590318566624483,-0.154948001418219,-0.402205054369879,-0.175383587290386,4.41240288584352,0.402205054369879,1.01595721771721,0
0.615949870482939,0.591238657480363,-0.155339498624868,-0.402380423684613,-0.175383587290386,4.41149713080815,0.402380423684613,1.01507185832031,0
0.616949789103853,0.592158679665498,-0.155731157181198,-0.402555792999347,-0.175383587290386,4.41059149078275,0.402555792999347,1.01418669332244,0
0.617949707724767,0.593078633151594,-0.156122977075165,-0.402731162314082,-0.175383587290386,4.40968596586603,0.402731162314081,1.01330172302065,0
0.618949626345681,0.593998517910357,-0.156514958294719,-0.402906531628816,-0.175383587290386,4.40878055615678,0.402906531628816,1.01241694771248,0
0.619949544966595,0.594918333913498,-0.156907100827804,-0.40308190094355,-0.175383587290386,4.40787526175386,0.40308190094355,1.0115323676959,0
0.620949463587508,0.595838081132727,-0.15729940466236,-0.403257270258285,-0.175383587290386,4.40697008275616,0.403257270258285,1.0106479832694,0
0.621949382208422,0.596757759539759,-0.157691869786323,-0.403432639573019,-0.175383587290386,4.40606501926266,0.403432639573019,1.00976379473191,0
0.622949300829336,0.59767736910631,-0.158084496187621,-0.403608008887753,-0.175383587290386,4.40516007137239,0.403608008887753,1.00887980238285,0
0.62394921945025,0.598596909804097,-0.158477283854181,-0.403783378202488,-0.175383587290386,4.40425523918447,0.403783378202488,1.00799600652211,0
0.624949138071164,0.59951638160484,-0.158870232773922,-0.403958747517222,-0.175383587290386,4.40335052279804,0.403958747517222,1.00711240745007,0
0.625949056692078,0.600435784480262,-0.15926334293476,-0.404134116831956,-0.175383587290386,4.40244592231234,0.404134116831957,1.00622900546757,0
0.626948975312992,0.601355118402087,-0.159656614324604,-0.404309486146691,-0.175383587290386,4.40154143782665,0.404309486146691,1.00534580087593,0
0.627948893933906,0.602274383342041,-0.160050046931359,-0.404484855461425,-0.175383587290386,4.40063706944033,0.404484855461425,1.00446279397697,0
0.628948812554819,0.603193579271854,-0.160443640742926,-0.404660224776159,-0.175383587290386,4.39973281725278,0.404660224776159,1.00357998507296,0
0.629948731175733,0.604112706163255,-0.160837395747201,-0.404835594090894,-0.175383587290386,4.39882868136349,0.404835594090894,1.00269737446667,0
0.630948649796647,0.605031763987977,-0.161231311932073,-0.405010963405628,-0.175383587290386,4.397924661872,0.405010963405628,1.00181496246135,0
0.631948568417561,0.605950752717756,-0.161625389285428,-0.405186332720363,-0.175383587290386,4.39702075887791,0.405186332720362,1.00093274936072,0
0.632948487038475,0.606869672324329,-0.162019627795145,-0.405361702035097,-0.175383587290386,4.3961169724809,0.405361702035097,1.000050735469,0
0.633948405659389,0.607788522779434,-0.162414027449102,-0.405537071349831,-0.175383587290386,4.39521330278069,0.405537071349831,0.999168921090874,0
0.634948324280302,0.608707304054813,-0.162808588235167,-0.405712440664566,-0.175383587290386,4.39430974987707,0.405712440664566,0.998287306531533,0
0.635948242901216,0.609626016122209,-0.163203310141207,-0.4058878099793,-0.175383587290386,4.39340631386991,0.4058878099793,0.997405892096637,0
0.63694816152213,0.610544658953369,-0.163598193155083,-0.406063179294034,-0.175383587290386,4.39250299485913,0.406063179294034,0.996524678092339,0
0.637948080143044,0.611463232520039,-0.163993237264649,-0.406238548608769,-0.175383587290386,4.39159979294471,0.406238548608769,0.995643664825275,0
0.638947998763958,0.612381736793969,-0.164388442457756,-0.406413917923503,-0.175383587290386,4.3906967082267,0.406413917923503,0.994762852602573,0
0.639947917384872,0.613300171746913,-0.164783808722251,-0.406589287238237,-0.175383587290386,4.38979374080522,0.406589287238238,0.993882241731846,0
0.640947836005786,0.614218537350622,-0.165179336045973,-0.406764656552972,-0.175383587290386,4.38889089078044,0.406764656552972,0.993001832521199,0
0.6419477546267,0.615136833576854,-0.165575024416759,-0.406940025867706,-0.175383587290386,4.3879881582526,0.406940025867706,0.992121625279225,0
0.642947673247613,0.616055060397368,-0.16597087382244,-0.40711539518244,-0.175383587290386,4.387085543322,0.407115395182441,0.991241620315012,0
0.643947591868527,0.616973218045175,-0.166366883645251,-0.407280211009905,-0.0909488156039753,4.38618304580499,0.407280211009905,0.990361817624599,0
0.644947510489441,0.617891326874068,-0.166763006638866,-0.407371152424178,-0.0909488156039753,4.3852806436383,0.407371152424178,0.989482193046309,0
0.645947429110355,0.618809399675179,-0.167159213124958,-0.40746209383845,-0.0909488156039753,4.38437832296748,0.40746209383845,0.988602731461282,0
0.646947347731269,0.619727436440915,-0.16755550310025,-0.407553035252723,-0.0909488156039753,4.38347608385031,0.407553035252723,0.987723433104604,0
0.647947266352183,0.620645437163685,-0.167951876561466,-0.407643976666995,-0.0909488156039753,4.38257392634463,0.407643976666995,0.986844298211751,0
0.648947184973097,0.621563401835895,-0.168348333505326,-0.407734918081267,-0.0909488156039753,4.38167185050831,0.407734918081267,0.985965327018595,0
0.64994710359401,0.622481330449954,-0.168744873928552,-0.40782585949554,-0.0909488156039753,4.38076985639926,0.40782585949554,0.985086519761397,0
0.650947022214924,0.623399222998271,-0.169141497827865,-0.407916800909812,-0.0909488156039753,4.37986794407544,0.407916800909812,0.984207876676814,0
0.651946940835838,0.624317079473254,-0.169538205199984,-0.408007742324085,-0.0909488156039753,4.37896611359484,0.408007742324085,0.983329398001894,0
0.652946859456752,0.625234899867311,-0.169934996041628,-0.408098683738357,-0.0909488156039753,4.37806436501551,0.408098683738357,0.982451083974083,0
0.653946778077666,0.626152684172853,-0.170331870349517,-0.40818962515263,-0.0909488156039753,4.37716269839551,0.40818962515263,0.981572934831219,0
0.65494669669858,0.62707043238229,-0.170728828120366,-0.408280566566902,-0.0909488156039753,4.37626111379298,0.408280566566902,0.980694950811539,0
0.655946615319494,0.62798814448803,-0.171125869350894,-0.408371507981175,-0.0909488156039753,4.37535961126606,0.408371507981175,0.979817132153675,0
0.656946533940407,0.628905820482484,-0.171522994037817,-0.408462449395447,-0.0909488156039753,4.37445819087297,0.408462449395447,0.978939479096659,0
0.657946452561321,0.629823460358063,-0.171920202177851,-0.40855339080972,-0.0909488156039753,4.37355685267194,0.40855339080972,0.978061991879917,0
0.658946371182235,0.630741064107177,-0.17231749376771,-0.408644332223992,-0.0909488156039753,4.37265559672125,0.408644332223992,0.977184670743279,0
0.659946289803149,0.631658631722238,-0.172714868804108,-0.408735273638265,-0.0909488156039753,4.37175442307923,0.408735273638265,0.976307515926971,0
0.660946208424063,0.632576163195656,-0.17311232728376,-0.408826215052537,-0.0909488156039753,4.37085333180426,0.408826215052537,0.975430527671621,0
0.661946127044977,0.633493658519845,-0.173509869203378,-0.408917156466809,-0.0909488156039753,4.36995232295472,0.408917156466809,0.974553706218258,0
0.662946045665891,0.634411117687215,-0.173907494559675,-0.409008097881082,-0.0909488156039753,4.36905139658908,0.409008097881082,0.973677051808313,0
0.663945964286804,0.635328540690179,-0.174305203349361,-0.409099039295354,-0.0909488156039753,4.36815055276583,0.409099039295354,0.972800564683619,0
0.664945882907718,0.63624592752115,-0.174702995569148,-0.409189980709627,-0.0909488156039753,4.36724979154348,0.409189980709627,0.971924245086412,0
0.665945801528632,0.637163278172539,-0.175100871215746,-0.409280922123899,-0.0909488156039753,4.36634911298063,0.409280922123899,0.971048093259335,0
0.666945720149546,0.638080592636762,-0.175498830285864,-0.409371863538172,-0.0909488156039753,4.36544851713587,0.409371863538172,0.970172109445432,0
0.66794563877046,0.638997870906231,-0.175896872776211,-0.409462804952444,-0.0909488156039753,4.36454800406787,0.409462804952444,0.969296293888155,0
0.668945557391374,0.63991511297336,-0.176294998683495,-0.409553746366717,-0.0909488156039753,4.36364757383533,0.409553746366717,0.968420646831362,0
0.669945476012288,0.640832318830562,-0.176693208004423,-0.409644687780989,-0.0909488156039753,4.36274722649697,0.409644687780989,0.967545168519315,0
0.670945394633202,0.641749488470254,-0.177091500735702,-0.409735629195261,-0.0909488156039753,4.36184696211159,0.409735629195262,0.966669859196689,0
0.671945313254115,0.642666621884848,-0.177489876874039,-0.409826570609534,-0.0909488156039753,4.360946780738,0.409826570609534,0.965794719108564,0
0.672945231875029,0.64358371906676,-0.177888336416137,-0.409917512023806,-0.0909488156039753,4.36004668243507,0.409917512023807,0.964919748500429,0
0.673945150495943,0.644500780008406,-0.178286879358703,-0.410008453438079,-0.0909488156039753,4.35914666726171,0.410008453438079,0.964044947618184,0
0.674945069116857,0.645417804702201,-0.17868550569844,-0.410099394852351,-0.0909488156039753,4.35824673527685,0.410099394852351,0.96317031670814,0
0.675944987737771,0.64633479314056,-0.17908421543205,-0.410190336266624,-0.0909488156039753,4.35734688653949,0.410190336266624,0.962295856017019,0
0.676944906358685,0.647251745315901,-0.179483008556237,-0.410281277680896,-0.0909488156039753,4.35644712110865,0.410281277680896,0.961421565791955,0
0.677944824979599,0.64816866122064,-0.179881885067703,-0.410372219095169,-0.0909488156039753,4.35554743904342,0.410372219095169,0.960547446280494,0
0.678944743600512,0.649085540847192,-0.180280844963149,-0.410463160509441,-0.0909488156039753,4.35464784040289,0.410463160509441,0.959673497730598,0
0.679944662221426,0.650002384187976,-0.180679888239274,-0.410554101923714,-0.0909488156039753,4.35374832524624,0.410554101923713,0.958799720390642,0
0.68094458084234,0.650919191235409,-0.181079014892779,-0.410645043337986,-0.0909488156039753,4.35284889363265,0.410645043337986,0.957926114509415,0
0.681944499463254,0.651835961981909,-0.181478224920363,-0.410735984752258,-0.0909488156039753,4.35194954562137,0.410735984752258,0.957052680336124,0
0.682944418084168,0.652752696419893,-0.181877518318725,-0.410826926166531,-0.0909488156039753,4.35105028127167,0.410826926166531,0.956179418120391,0
0.683944336705082,0.65366939454178,-0.182276895084561,-0.410917867580803,-0.0909488156039753,4.35015110064288,0.410917867580803,0.955306328112257,0
0.684944255325996,0.654586056339989,-0.18267635521457,-0.411008808995076,-0.0909488156039753,4.34925200379437,0.411008808995076,0.954433410562179,0
0.685944173946909,0.655502681806937,-0.183075898705447,-0.411099750409348,-0.0909488156039753,4.34835299078554,0.411099750409348,0.953560665721035,0
0.686944092567823,0.656419270935046,-0.183475525553888,-0.411190691823621,-0.0909488156039753,4.34745406167584,0.411190691823621,0.952688093840121,0
0.687944011188737,0.657335823716733,-0.183875235756588,-0.411281633237893,-0.0909488156039753,4.34655521652476,0.411281633237893,0.951815695171156,0
0.688943929809651,0.658252340144419,-0.184275029310241,-0.411372574652166,-0.0909488156039753,4.34565645539183,0.411372574652165,0.950943469966276,0
0.689943848430565,0.659168820210524,-0.184674906211541,-0.411463516066438,-0.0909488156039753,4.34475777833664,0.411463516066438,0.950071418478042,0
0.690943767051479,0.660085263907469,-0.185074866457181,-0.411554457480711,-0.0909488156039753,4.3438591854188,0.41155445748071,0.949199540959437,0
0.691943685672393,0.661001671227673,-0.185474910043852,-0.411645398894983,-0.0909488156039753,4.34296067669796,0.411645398894983,0.948327837663867,0
0.692943604293306,0.661918042163558,-0.185875036968247,-0.411736340309255,-0.0909488156039753,4.34206225223384,0.411736340309255,0.947456308845163,0
0.69394352291422,0.662834376707546,-0.186275247227056,-0.411827281723528,-0.0909488156039753,4.34116391208617,0.411827281723528,0.946584954757579,0
0.694943441535134,0.663750674852058,-0.18667554081697,-0.4119182231378,-0.0909488156039753,4.34026565631475,0.4119182231378,0.945713775655798,0
0.695943360156048,0.664666936589515,-0.187075917734677,-0.412009164552073,-0.0909488156039753,4.3393674849794,0.412009164552073,0.944842771794926,0
0.696943278776962,0.665583161912341,-0.187476377976867,-0.412100105966345,-0.0909488156039753,4.33846939813999,0.412100105966345,0.943971943430499,0
0.697943197397876,0.666499350812957,-0.187876921540227,-0.412191047380618,-0.0909488156039753,4.33757139585644,0.412191047380618,0.943101290818479,0
0.69894311601879,0.667415503283786,-0.188277548421445,-0.41228198879489,-0.0909488156039753,4.3366734781887,0.41228198879489,0.942230814215257,0
0.699943034639704,0.668331619317251,-0.188678258617208,-0.412372930209163,-0.0909488156039753,4.33577564519678,0.412372930209163,0.941360513877656,0
0.700942953260617,0.669247698905777,-0.189079052124202,-0.412463871623435,-0.0909488156039753,4.33487789694071,0.412463871623435,0.940490390062925,0
0.701942871881531,0.670163742041786,-0.189479928939111,-0.412554813037708,-0.0909488156039753,4.33398023348058,0.412554813037707,0.939620443028749,0
0.702942790502445,0.671079748717703,-0.189880889058621,-0.41264575445198,-0.0909488156039753,4.33308265487651,0.41264575445198,0.93875067303324,0
0.703942709123359,0.671995718925951,-0.190281932479415,-0.412736695866252,-0.0909488156039753,4.33218516118868,0.412736695866252,0.937881080334947,0
0.704942627744273,0.672911652658956,-0.190683059198177,-0.412827637280525,-0.0909488156039753,4.3312877524773,0.412827637280525,0.937011665192849,0
0.705942546365187,0.673827549909143,-0.191084269211589,-0.412918578694797,-0.0909488156039753,4.33039042880261,0.412918578694797,0.93614242786636,0
0.7069424649861,0.674743410668935,-0.191485562516334,-0.41300952010907,-0.0909488156039753,4.32949319022492,0.41300952010907,0.935273368615332,0
0.707942383607014,0.675659234930761,-0.191886939109091,-0.413100461523342,-0.0909488156039753,4.32859603680457,0.413100461523342,0.934404487700048,0
0.708942302227928,0.676575022687044,-0.192288398986542,-0.413191402937615,-0.0909488156039753,4.32769896860195,0.413191402937615,0.93353578538123,0
0.709942220848842,0.677490773930211,-0.192689942145367,-0.413282344351887,-0.0909488156039753,4.32680198567746,0.413282344351887,0.932667261920037,0
0.710942139469756,0.678406488652688,-0.193091568582245,-0.41337328576616,-0.0909488156039753,4.32590508809159,0.41337328576616,0.931798917578068,0
0.71194205809067,0.679322166846903,-0.193493278293853,-0.413464227180432,-0.0909488156039753,4.32500827590485,0.413464227180432,0.930930752617356,0
0.712941976711584,0.680237808505283,-0.19389507127687,-0.413555168594705,-0.0909488156039753,4.32411154917779,0.413555168594705,0.930062767300378,0
0.713941895332498,0.681153413620254,-0.194296947527973,-0.413646110008977,-0.0909488156039753,4.323214907971,0.413646110008977,0.929194961890051,0
0.714941813953411,0.682068982184243,-0.194698907043838,-0.413737051423249,-0.0909488156039753,4.32231835234513,0.413737051423249,0.928327336649731,0
0.715941732574325,0.682984514189681,-0.195100949821141,-0.413827992837522,-0.0909488156039753,4.32142188236085,0.413827992837522,0.927459891843217,0
0.716941651195239,0.683900009628993,-0.195503075856557,-0.413918934251794,-0.0909488156039753,4.32052549807891,0.413918934251794,0.926592627734752,0
0.717941569816153,0.68481546849461,-0.195905285146759,-0.414009875666067,-0.0909488156039753,4.31962919956005,0.414009875666067,0.925725544589021,0
0.718941488437067,0.685730890778959,-0.196307577688422,-0.414100817080339,-0.0909488156039753,4.31873298686511,0.414100817080339,0.924858642671154,0
0.719941407057981,0.68664627647447,-0.196709953478219,-0.414191758494612,-0.0909488156039753,4.31783686005492,0.414191758494612,0.923991922246726,0
0.720941325678895,0.687561625573573,-0.197112412512822,-0.414282699908884,-0.0909488156039753,4.3169408191904,0.414282699908884,0.923125383581758,0
0.721941244299809,0.688476938068697,-0.197514954788902,-0.414373641323157,-0.0909488156039753,4.31604486433248,0.414373641323157,0.922259026942719,0
0.722941162920722,0.689392213952272,-0.197917580303129,-0.414464582737429,-0.0909488156039753,4.31514899554214,0.414464582737429,0.921392852596524,0
0.723941081541636,0.690307453216728,-0.198320289052176,-0.414555524151701,-0.0909488156039753,4.31425321288042,0.414555524151702,0.920526860810536,0
0.72494100016255,0.691222655854497,-0.19872308103271,-0.414646465565974,-0.0909488156039753,4.31335751640839,0.414646465565974,0.919661051852568,0
0.725940918783464,0.692137821858009,-0.1991259562414,-0.414737406980246,-0.0909488156039753,4.31246190618715,0.414737406980247,0.918795425990883,0
0.726940837404378,0.693052951219695,-0.199528914674915,-0.414828348394519,-0.0909488156039753,4.31156638227788,0.414828348394519,0.917929983494195,0
0.727940756025292,0.693968043931987,-0.199931956329922,-0.414919289808791,-0.0909488156039753,4.31067094474176,0.414919289808791,0.917064724631669,0
0.728940674646206,0.694883099987317,-0.200335081203088,-0.415010231223064,-0.0909488156039753,4.30977559364005,0.415010231223064,0.916199649672922,0
0.729940593267119,0.695798119378118,-0.200738289291078,-0.415101172637336,-0.0909488156039753,4.30888032903403,0.415101172637336,0.915334758888026,0
0.730940511888033,0.69671310209682,-0.201141580590558,-0.415192114051609,-0.0909488156039753,4.30798515098504,0.415192114051609,0.914470052547504,0
0.731940430508947,0.697628048135858,-0.201544955098193,-0.415283055465881,-0.0909488156039753,4.30709005955446,0.415283055465881,0.913605530922336,0
0.732940349129861,0.698542957487665,-0.201948412810647,-0.415373996880154,-0.0909488156039753,4.30619505480368,0.415373996880154,0.912741194283958,0
0.733940267750775,0.699457830144673,-0.202351953724583,-0.415464938294426,-0.0909488156039753,4.3053001367942,0.415464938294426,0.91187704290426,0
0.734940186371689,0.700372666099316,-0.202755577836663,-0.415555879708699,-0.0909488156039753,4.30440530558749,0.415555879708699,0.911013077055591,0
0.735940104992603,0.70128746534403,-0.203159285143549,-0.415646821122971,-0.0909488156039753,4.30351056124513,0.415646821122971,0.910149297010759,0
0.736940023613516,0.702202227871246,-0.203563075641903,-0.415737762537243,-0.0909488156039753,4.3026159038287,0.415737762537244,0.909285703043027,0
0.73793994223443,0.703116953673402,-0.203966949328385,-0.415828703951516,-0.0909488156039753,4.30172133339984,0.415828703951516,0.908422295426122,0
0.738939860855344,0.70403164274293,-0.204370906199655,-0.415919645365788,-0.0909488156039753,4.30082685002022,0.415919645365789,0.907559074434229,0
0.739939779476258,0.704946295072267,-0.204774946252373,-0.416010586780061,-0.0909488156039753,4.29993245375158,0.416010586780061,0.906696040341994,0
0.740939698097172,0.705860910653848,-0.205179069483195,-0.416101528194333,-0.0909488156039753,4.29903814465569,0.416101528194333,0.905833193424528,0
0.741939616718086,0.706775489480109,-0.205583275888781,-0.416192469608606,-0.0909488156039753,4.29814392279434,0.416192469608606,0.904970533957401,0
0.742939535339,0.707690031543486,-0.205987565465787,-0.416283411022878,-0.0909488156039753,4.29724978822941,0.416283411022878,0.904108062216649,0
0.743939453959913,0.708604536836415,-0.20639193821087,-0.416374352437151,-0.0909488156039753,4.29635574102279,0.416374352437151,0.903245778478773,0
0.744939372580827,0.709519005351333,-0.206796394120686,-0.416465293851423,-0.0909488156039753,4.29546178123642,0.416465293851423,0.902383683020737,0
0.745939291201741,0.710433437080677,-0.207200933191889,-0.416556235265696,-0.0909488156039753,4.29456790893229,0.416556235265696,0.901521776119975,0
0.746939209822655,0.711347832016885,-0.207605555421133,-0.416647176679968,-0.0909488156039753,4.29367412417244,0.416647176679968,0.900660058054383,0
0.747939128443569,0.712262190152394,-0.208010260805073,-0.41673811809424,-0.0909488156039753,4.29278042701894,0.416738118094241,0.89979852910233,0
0.748939047064483,0.713176511479642,-0.208415049340362,-0.416829059508513,-0.0909488156039753,4.29188681753392,0.416829059508513,0.89893718954265,0
0.749938965685397,0.714090795991067,-0.208819921023651,-0.416920000922785,-0.0909488156039753,4.29099329577952,0.416920000922785,0.898076039654648,0
0.750938884306311,0.715005043679108,-0.209224875851592,-0.417010942337058,-0.0909488156039753,4.29009986181797,0.417010942337058,0.8972150797181,0
0.751938802927224,0.715919254536203,-0.209629913820836,-0.41710188375133,-0.0909488156039753,4.28920651571152,0.41710188375133,0.896354310013252,0
0.752938721548138,0.716833428554793,-0.210035034928034,-0.417192825165603,-0.0909488156039753,4.28831325752246,0.417192825165603,0.895493730820822,0
0.753938640169052,0.717747565727316,-0.210440239169834,-0.417283766579875,-0.0909488156039753,4.28742008731314,0.417283766579875,0.894633342422002,0
0.754938558789966,0.718661666046212,-0.210845526542886,-0.417374707994148,-0.0909488156039753,4.28652700514593,0.417374707994147,0.893773145098455,0
0.75593847741088,0.719575729503921,-0.211250897043837,-0.41746564940842,-0.0909488156039753,4.28563401108327,0.41746564940842,0.892913139132323,0
0.756938396031794,0.720489756092884,-0.211656350669336,-0.417556590822692,-0.0909488156039753,4.28474110518764,0.417556590822692,0.892053324806219,0
0.757938314652708,0.721403745805541,-0.212061887416029,-0.417647532236965,-0.0909488156039753,4.28384828752155,0.417647532236965,0.891193702403235,0
0.758938233273621,0.722317698634334,-0.212467507280562,-0.417738473651237,-0.0909488156039753,4.28295555814756,0.417738473651237,0.890334272206938,0
0.759938151894535,0.723231614571703,-0.21287321025958,-0.41782941506551,-0.0909488156039753,4.28206291712828,0.41782941506551,0.889475034501375,0
0.760938070515449,0.72414549361009,-0.213278996349728,-0.417920356479782,-0.0909488156039753,4.28117036452637,0.417920356479782,0.88861598957107,0
0.761937989136363,0.725059335741937,-0.213684865547651,-0.418011297894055,-0.0909488156039753,4.28027790040452,0.418011297894055,0.887757137701028,0
0.762937907757277,0.725973140959686,-0.214090817849991,-0.418102239308327,-0.0909488156039753,4.27938552482546,0.418102239308327,0.886898479176732,0
0.763937826378191,0.72688690925578,-0.214496853253391,-0.4181931807226,-0.0909488156039753,4.27849323785199,0.4181931807226,0.88604001428415,0
0.764937744999105,0.727800640622662,-0.214902971754493,-0.418284122136872,-0.0909488156039753,4.27760103954694,0.418284122136872,0.885181743309728,0
0.765937663620018,0.728714335052775,-0.215309173349938,-0.418375063551145,-0.0909488156039753,4.27670892997317,0.418375063551145,0.884323666540397,0
0.766937582240932,0.729627992538562,-0.215715458036367,-0.418466004965417,-0.0909488156039753,4.27581690919362,0.418466004965417,0.883465784263573,0
0.767937500861846,0.730541613072467,-0.21612182581042,-0.418556946379689,-0.0909488156039753,4.27492497727124,0.418556946379689,0.882608096767155,0
0.76893741948276,0.731455196646933,-0.216528276668736,-0.418647887793962,-0.0909488156039753,4.27403313426904,0.418647887793962,0.881750604339527,0
0.769937338103674,0.732368743254407,-0.216934810607953,-0.418738829208234,-0.0909488156039753,4.27314138025007,0.418738829208234,0.880893307269561,0
0.770937256724588,0.733282252887331,-0.21734142762471,-0.418829770622507,-0.0909488156039753,4.27224971527744,0.418829770622507,0.880036205846615,0
0.771937175345502,0.734195725538151,-0.217748127715643,-0.418920712036779,-0.0909488156039753,4.27135813941428,0.418920712036779,0.879179300360536,0
0.772937093966416,0.735109162293354,-0.218154908420902,-0.418996285917935,-0.0470380027102707,4.27046665150569,0.418996285917935,0.878322589714531,0
0.773937012587329,0.736022576141614,-0.218561740560824,-0.419043320092736,-0.0470380027102707,4.26957523714139,0.419043320092736,0.877466057712227,0
0.774936931208243,0.736935970853849,-0.218968615661964,-0.419090354267537,-0.0470380027102707,4.26868389216685,0.419090354267537,0.876609699825479,0
0.775936849829157,0.737849346428039,-0.21937553372342,-0.419137388442337,-0.0470380027102707,4.26779261662751,0.419137388442337,0.875753516308084,0
0.776936768450071,0.738762702862163,-0.219782494744292,-0.419184422617138,-0.0470380027102707,4.26690141056887,0.419184422617138,0.874897507414278,0
0.777936687070985,0.739676040154202,-0.22018949872368,-0.419231456791938,-0.0470380027102707,4.26601027403643,0.419231456791938,0.874041673398733,0
0.778936605691899,0.740589358302134,-0.220596545660684,-0.419278490966739,-0.0470380027102707,4.26511920707575,0.419278490966739,0.87318601451656,0
0.779936524312812,0.741502657303938,-0.221003635554402,-0.41932552514154,-0.0470380027102707,4.26422820973241,0.41932552514154,0.872330531023311,0
0.780936442933726,0.742415937157596,-0.221410768403936,-0.41937255931634,-0.0470380027102707,4.26333728205204,0.41937255931634,0.871475223174976,0
0.78193636155464,0.743329197861086,-0.221817944208383,-0.419419593491141,-0.0470380027102707,4.26244642408028,0.419419593491141,0.870620091227988,0
0.782936280175554,0.744242439412387,-0.222225162966844,-0.419466627665941,-0.0470380027102707,4.26155563586283,0.419466627665941,0.869765135439221,0
0.783936198796468,0.745155661809481,-0.222632424678417,-0.419513661840742,-0.0470380027102707,4.26066491744541,0.419513661840742,0.868910356065992,0
0.784936117417382,0.746068865050345,-0.223039729342201,-0.419560696015543,-0.0470380027102707,4.25977426887377,0.419560696015543,0.86805575336606,0
0.785936036038296,0.746982049132961,-0.223447076957296,-0.419607730190343,-0.0470380027102707,4.25888369019371,0.419607730190343,0.867201327597632,0
0.78693595465921,0.747895214055308,-0.2238544675228,-0.419654764365144,-0.0470380027102707,4.25799318145105,0.419654764365144,0.866347079019357,0
0.787935873280123,0.748808359815365,-0.224261901037811,-0.419701798539944,-0.0470380027102707,4.25710274269166,0.419701798539944,0.86549300789033,0
0.788935791901037,0.749721486411113,-0.22466937750143,-0.419748832714745,-0.0470380027102707,4.25621237396141,0.419748832714745,0.864639114470095,0
0.789935710521951,0.750634593840533,-0.225076896912753,-0.419795866889546,-0.0470380027102707,4.25532207530625,0.419795866889546,0.863785399018643,0
0.790935629142865,0.751547682101603,-0.225484459270881,-0.419842901064346,-0.0470380027102707,4.25443184677213,0.419842901064346,0.862931861796411,0
0.791935547763779,0.752460751192303,-0.22589206457491,-0.419889935239147,-0.0470380027102707,4.25354168840506,0.419889935239147,0.862078503064288,0
0.792935466384693,0.753373801110615,-0.226299712823939,-0.419936969413947,-0.0470380027102707,4.25265160025106,0.419936969413948,0.861225323083614,0
0.793935385005607,0.754286831854518,-0.226707404017068,-0.419984003588748,-0.0470380027102707,4.2517615823562,0.419984003588748,0.860372322116175,0
0.79493530362652,0.755199843421992,-0.227115138153392,-0.420031037763549,-0.0470380027102707,4.25087163476658,0.420031037763549,0.859519500424214,0
0.795935222247434,0.756112835811018,-0.227522915232012,-0.420078071938349,-0.0470380027102707,4.24998175752834,0.420078071938349,0.858666858270424,0
0.796935140868348,0.757025809019575,-0.227930735252024,-0.42012510611315,-0.0470380027102707,4.24909195068764,0.42012510611315,0.857814395917952,0
0.797935059489262,0.757938763045644,-0.228338598212526,-0.42017214028795,-0.0470380027102707,4.2482022142907,0.420172140287951,0.8569621136304,0
0.798934978110176,0.758851697887206,-0.228746504112617,-0.420219174462751,-0.0470380027102707,4.24731254838374,0.420219174462751,0.856110011671822,0
0.79993489673109,0.75976461354224,-0.229154452951393,-0.420266208637552,-0.0470380027102707,4.24642295301305,0.420266208637551,0.855258090306733,0
0.800934815352004,0.760677510008728,-0.229562444727952,-0.420313242812352,-0.0470380027102707,4.24553342822492,0.420313242812352,0.854406349800101,0
0.801934733972917,0.76159038728465,-0.229970479441392,-0.420360276987153,-0.0470380027102707,4.24464397406572,0.420360276987153,0.85355479041735,0
0.802934652593831,0.762503245367986,-0.230378557090811,-0.420407311161953,-0.0470380027102707,4.2437545905818,0.420407311161954,0.852703412424369,0
0.803934571214745,0.763416084256716,-0.230786677675304,-0.420454345336754,-0.0470380027102707,4.24286527781959,0.420454345336754,0.851852216087499,0
0.804934489835659,0.764328903948822,-0.23119484119397,-0.420501379511555,-0.0470380027102707,4.24197603582553,0.420501379511555,0.851001201673546,0
0.805934408456573,0.765241704442284,-0.231603047645905,-0.420548413686355,-0.0470380027102707,4.24108686464611,0.420548413686355,0.850150369449775,0
0.806934327077487,0.766154485735082,-0.232011297030207,-0.420595447861156,-0.0470380027102707,4.24019776432784,0.420595447861156,0.849299719683912,0
0.807934245698401,0.767067247825198,-0.232419589345972,-0.420642482035956,-0.0470380027102707,4.23930873491727,0.420642482035956,0.848449252644149,0
0.808934164319314,0.767979990710613,-0.232827924592297,-0.420689516210757,-0.0470380027102707,4.238419776461,0.420689516210757,0.847598968599136,0
0.809934082940228,0.768892714389306,-0.233236302768279,-0.420736550385558,-0.0470380027102707,4.23753088900564,0.420736550385558,0.846748867817993,0
0.810934001561142,0.76980541885926,-0.233644723873014,-0.420783584560358,-0.0470380027102707,4.23664207259785,0.420783584560358,0.845898950570301,0
0.811933920182056,0.770718104118454,-0.234053187905599,-0.420830618735159,-0.0470380027102707,4.23575332728432,0.420830618735159,0.84504921712611,0
0.81293383880297,0.77163077016487,-0.23446169486513,-0.420877652909959,-0.0470380027102707,4.23486465311178,0.420877652909959,0.844199667755934,0
0.813933757423884,0.772543416996489,-0.234870244750704,-0.42092468708476,-0.0470380027102707,4.23397605012699,0.42092468708476,0.843350302730757,0
0.814933676044798,0.773456044611291,-0.235278837561416,-0.420971721259561,-0.0470380027102707,4.23308751837676,0.420971721259561,0.842501122322031,0
0.815933594665711,0.774368653007259,-0.235687473296363,-0.421018755434361,-0.0470380027102707,4.2321990579079,0.421018755434361,0.841652126801678,0
0.816933513286625,0.775281242182372,-0.236096151954641,-0.421065789609162,-0.0470380027102707,4.23131066876729,0.421065789609162,0.840803316442088,0
0.817933431907539,0.776193812134612,-0.236504873535346,-0.421112823783962,-0.0470380027102707,4.23042235100184,0.421112823783962,0.839954691516124,0
0.818933350528453,0.777106362861961,-0.236913638037573,-0.421159857958763,-0.0470380027102707,4.22953410465847,0.421159857958763,0.839106252297121,0
0.819933269149367,0.7780188943624,-0.237322445460418,-0.421206892133564,-0.0470380027102707,4.22864592978417,0.421206892133564,0.838257999058887,0
0.820933187770281,0.778931406633909,-0.237731295802978,-0.421253926308364,-0.0470380027102707,4.22775782642594,0.421253926308364,0.837409932075703,0
0.821933106391195,0.779843899674471,-0.238140189064347,-0.421300960483165,-0.0470380027102707,4.22686979463082,0.421300960483165,0.836562051622324,0
0.822933025012109,0.780756373482066,-0.23854912524362,-0.421347994657966,-0.0470380027102707,4.2259818344459,0.421347994657966,0.835714357973983,0
0.823932943633022,0.781668828054675,-0.238958104339894,-0.421395028832766,-0.0470380027102707,4.22509394591828,0.421395028832766,0.834866851406386,0
0.824932862253936,0.782581263390282,-0.239367126352264,-0.421442063007567,-0.0470380027102707,4.22420612909513,0.421442063007567,0.834019532195719,0
0.82593278087485,0.783493679486866,-0.239776191279824,-0.421489097182367,-0.0470380027102707,4.22331838402362,0.421489097182367,0.833172400618645,0
0.826932699495764,0.78440607634241,-0.24018529912167,-0.421536131357168,-0.0470380027102707,4.22243071075097,0.421536131357168,0.832325456952304,0
0.827932618116678,0.785318453954895,-0.240594449876896,-0.421583165531969,-0.0470380027102707,4.22154310932445,0.421583165531969,0.83147870147432,0
0.828932536737592,0.786230812322303,-0.241003643544598,-0.421630199706769,-0.0470380027102707,4.22065557979133,0.421630199706769,0.830632134462794,0
0.829932455358506,0.787143151442615,-0.24141288012387,-0.42167723388157,-0.0470380027102707,4.21976812219896,0.42167723388157,0.82978575619631,0
0.83093237397942,0.788055471313813,-0.241822159613807,-0.42172426805637,-0.0470380027102707,4.21888073659469,0.42172426805637,0.828939566953934,0
0.831932292600333,0.788967771933878,-0.242231482013504,-0.421771302231171,-0.0470380027102707,4.21799342302593,0.421771302231171,0.828093567015217,0
0.832932211221247,0.789880053300794,-0.242640847322055,-0.421818336405971,-0.0470380027102707,4.2171061815401,0.421818336405972,0.82724775666019,0
0.833932129842161,0.790792315412541,-0.243050255538554,-0.421865370580772,-0.0470380027102707,4.21621901218467,0.421865370580772,0.826402136169375,0
0.834932048463075,0.791704558267101,-0.243459706662096,-0.421912404755573,-0.0470380027102707,4.21533191500715,0.421912404755573,0.825556705823774,0
0.835931967083989,0.792616781862456,-0.243869200691775,-0.421959438930373,-0.0470380027102707,4.21444489005509,0.421959438930373,0.82471146590488,0
0.836931885704903,0.793528986196589,-0.244278737626686,-0.422006473105174,-0.0470380027102707,4.21355793737606,0.422006473105174,0.823866416694672,0
0.837931804325817,0.794441171267481,-0.244688317465921,-0.422053507279975,-0.0470380027102707,4.21267105701767,0.422053507279974,0.823021558475618,0
0.83893172294673,0.795353337073114,-0.245097940208575,-0.422100541454775,-0.0470380027102707,4.21178424902756,0.422100541454775,0.822176891530674,0
0.839931641567644,0.79626548361147,-0.245507605853742,-0.422147575629576,-0.0470380027102707,4.21089751345344,0.422147575629576,0.821332416143289,0
0.840931560188558,0.797177610880532,-0.245917314400516,-0.422194609804376,-0.0470380027102707,4.21001085034301,0.422194609804377,0.820488132597401,0
0.841931478809472,0.798089718878282,-0.24632706584799,-0.422241643979177,-0.0470380027102707,4.20912425974402,0.422241643979177,0.819644041177442,0
0.842931397430386,0.799001807602702,-0.246736860195257,-0.422288678153978,-0.0470380027102707,4.20823774170429,0.422288678153977,0.818800142168335,0
0.8439313160513,0.799913877051773,-0.247146697441412,-0.422335712328778,-0.0470380027102707,4.20735129627162,0.422335712328778,0.817956435855499,0
0.844931234672214,0.80082592722348,-0.247556577585548,-0.422382746503579,-0.0470380027102707,4.20646492349389,0.422382746503579,0.817112922524846,0
0.845931153293128,0.801737958115803,-0.247966500626757,-0.422429780678379,-0.0470380027102707,4.20557862341899,0.422429780678379,0.816269602462784,0
0.846931071914041,0.802649969726725,-0.248376466564133,-0.42247681485318,-0.0470380027102707,4.20469239609486,0.42247681485318,0.815426475956219,0
0.847930990534955,0.803561962054229,-0.248786475396769,-0.422523849027981,-0.0470380027102707,4.20380624156948,0.42252384902798,0.814583543292552,0
0.848930909155869,0.804473935096297,-0.249196527123759,-0.422570883202781,-0.0470380027102707,4.20292015989085,0.422570883202781,0.813740804759686,0
0.849930827776783,0.805385888850912,-0.249606621744194,-0.422617917377582,-0.0470380027102707,4.20203415110701,0.422617917377582,0.81289826064602,0
0.850930746397697,0.806297823316056,-0.250016759257168,-0.422664951552382,-0.0470380027102707,4.20114821526605,0.422664951552382,0.812055911240455,0
0.851930665018611,0.807209738489712,-0.250426939661773,-0.422711985727183,-0.0470380027102707,4.20026235241608,0.422711985727183,0.811213756832392,0
0.852930583639524,0.808121634369863,-0.250837162957102,-0.422759019901984,-0.0470380027102707,4.19937656260526,0.422759019901984,0.810371797711735,0
0.853930502260438,0.80903351095449,-0.251247429142248,-0.422806054076784,-0.0470380027102707,4.19849084588177,0.422806054076784,0.80953003416889,0
0.854930420881352,0.809945368241578,-0.251657738216302,-0.422853088251585,-0.0470380027102707,4.19760520229385,0.422853088251585,0.808688466494768,0
0.855930339502266,0.810857206229108,-0.252068090178358,-0.422900122426385,-0.0470380027102707,4.19671963188974,0.422900122426385,0.807847094980783,0
0.85693025812318,0.811769024915063,-0.252478485027507,-0.422947156601186,-0.0470380027102707,4.19583413471776,0.422947156601186,0.807005919918857,0
0.857930176744094,0.812680824297427,-0.252888922762841,-0.422994190775987,-0.0470380027102707,4.19494871082623,0.422994190775987,0.806164941601415,0
0.858930095365008,0.813592604374183,-0.253299403383454,-0.423041224950787,-0.0470380027102707,4.19406336026352,0.423041224950787,0.805324160321393,0
0.859930013985922,0.814504365143312,-0.253709926888435,-0.423088259125588,-0.0470380027102707,4.19317808307805,0.423088259125588,0.804483576372235,0
0.860929932606835,0.815416106602799,-0.254120493276878,-0.423135293300388,-0.0470380027102707,4.19229287931826,0.423135293300388,0.803643190047891,0
0.861929851227749,0.816327828750626,-0.254531102547874,-0.423182327475189,-0.0470380027102707,4.19140774903262,0.423182327475189,0.802803001642826,0
0.862929769848663,0.817239531584776,-0.254941754700514,-0.42322936164999,-0.0470380027102707,4.19052269226966,0.42322936164999,0.801963011452012,0
0.863929688469577,0.818151215103233,-0.255352449733891,-0.42327639582479,-0.0470380027102707,4.18963770907792,0.42327639582479,0.801123219770934,0
0.864929607090491,0.819062879303979,-0.255763187647096,-0.423323429999591,-0.0470380027102707,4.188752799506,0.423323429999591,0.800283626895593,0
0.865929525711405,0.819974524184998,-0.256173968439219,-0.423370464174391,-0.0470380027102707,4.18786796360252,0.423370464174392,0.7994442331225,0
0.866929444332319,0.820886149744273,-0.256584792109353,-0.423417498349192,-0.0470380027102707,4.18698320141615,0.423417498349192,0.798605038748682,0
0.867929362953232,0.821797755979788,-0.256995658656588,-0.423464532523993,-0.0470380027102707,4.18609851299559,0.423464532523993,0.797766044071682,0
0.868929281574146,0.822709342889525,-0.257406568080016,-0.423511566698793,-0.0470380027102707,4.18521389838957,0.423511566698793,0.796927249389561,0
0.86992920019506,0.823620910471468,-0.257817520378728,-0.423558600873594,-0.0470380027102707,4.18432935764686,0.423558600873594,0.796088655000895,0
0.870929118815974,0.824532458723601,-0.258228515551813,-0.423605635048394,-0.0470380027102707,4.18344489081628,0.423605635048395,0.79525026120478,0
0.871929037436888,0.825443987643906,-0.258639553598364,-0.423652669223195,-0.0470380027102707,4.18256049794668,0.423652669223195,0.794412068300832,0
0.872928956057802,0.826355497230368,-0.259050634517471,-0.423699703397996,-0.0470380027102707,4.18167617908693,0.423699703397995,0.793574076589185,0
0.873928874678715,0.82726698748097,-0.259461758308225,-0.423746737572796,-0.0470380027102707,4.18079193428596,0.423746737572796,0.792736286370498,0
0.874928793299629,0.828178458393696,-0.259872924969715,-0.423793771747597,-0.0470380027102707,4.17990776359272,0.423793771747597,0.791898697945948,0
0.875928711920543,0.829089909966529,-0.260284134501033,-0.423840805922397,-0.0470380027102707,4.17902366705621,0.423840805922397,0.791061311617238,0
0.876928630541457,0.830001342197452,-0.260695386901269,-0.423887840097198,-0.0470380027102707,4.17813964472547,0.423887840097198,0.790224127686595,0
0.877928549162371,0.830912755084451,-0.261106682169512,-0.423934874271999,-0.0470380027102707,4.17725569664955,0.423934874271999,0.78938714645677,0
0.878928467783285,0.831824148625507,-0.261518020304854,-0.423981908446799,-0.0470380027102707,4.17637182287756,0.423981908446799,0.788550368231041,0
0.879928386404199,0.832735522818606,-0.261929401306384,-0.4240289426216,-0.0470380027102707,4.17548802345865,0.4240289426216,0.787713793313211,0
0.880928305025113,0.833646877661731,-0.262340825173191,-0.4240759767964,-0.0470380027102707,4.174604298442,0.4240759767964,0.786877422007613,0
0.881928223646026,0.834558213152865,-0.262752291904367,-0.424123010971201,-0.0470380027102707,4.17372064787681,0.424123010971201,0.786041254619108,0
0.88292814226694,0.835469529289994,-0.263163801499001,-0.424170045146002,-0.0470380027102707,4.17283707181235,0.424170045146002,0.785205291453086,0
0.883928060887854,0.8363808260711,-0.263575353956181,-0.424217079320802,-0.0470380027102707,4.17195357029791,0.424217079320802,0.78436953281547,0
0.884927979508768,0.837292103494168,-0.263986949274999,-0.424264113495603,-0.0470380027102707,4.17107014338281,0.424264113495603,0.783533979012711,0
0.885927898129682,0.838203361557182,-0.264398587454543,-0.424311147670403,-0.0470380027102707,4.17018679111642,0.424311147670403,0.782698630351796,0
0.886927816750596,0.839114600258125,-0.264810268493902,-0.424358181845204,-0.0470380027102707,4.16930351354815,0.424358181845204,0.781863487140243,0
0.88792773537151,0.840025819594983,-0.265221992392167,-0.424405216020005,-0.0470380027102707,4.16842031072742,0.424405216020005,0.781028549686107,0
0.888927653992423,0.84093701956574,-0.265633759148426,-0.424452250194805,-0.0470380027102707,4.16753718270372,0.424452250194805,0.780193818297977,0
0.889927572613337,0.841848200168378,-0.266045568761767,-0.424499284369606,-0.0470380027102707,4.16665412952656,0.424499284369606,0.779359293284977,0
0.890927491234251,0.842759361400884,-0.266457421231282,-0.424546318544406,-0.0470380027102707,4.16577115124549,0.424546318544406,0.778524974956772,0
0.891927409855165,0.843670503261241,-0.266869316556057,-0.424593352719207,-0.0470380027102707,4.16488824791011,0.424593352719207,0.777690863623561,0
0.892927328476079,0.844581625747433,-0.267281254735182,-0.424640386894008,-0.0470380027102707,4.16400541957004,0.424640386894008,0.776856959596085,0
0.893927247096993,0.845492728857445,-0.267693235767746,-0.424687421068808,-0.0470380027102707,4.16312266627494,0.424687421068808,0.776023263185625,0
0.894927165717907,0.846403812589261,-0.268105259652837,-0.424734455243609,-0.0470380027102707,4.16223998807452,0.424734455243609,0.775189774704002,0
0.895927084338821,0.847314876940866,-0.268517326389543,-0.424781489418409,-0.0470380027102707,4.1613573850185,0.424781489418409,0.774356494463581,0
0.896927002959734,0.848225921910245,-0.268929435976954,-0.42482852359321,-0.0470380027102707,4.16047485715668,0.42482852359321,0.773523422777268,0
0.897926921580648,0.849136947495381,-0.269341588414158,-0.424875557768011,-0.0470380027102707,4.15959240453887,0.424875557768011,0.772690559958514,0
0.898926840201562,0.85004795369426,-0.269753783700242,-0.424922591942811,-0.0470380027102707,4.1587100272149,0.424922591942811,0.771857906321316,0
0.899926758822476,0.850958940504866,-0.270166021834295,-0.424969626117612,-0.0470380027102707,4.15782772523469,0.424969626117612,0.771025462180215,0
0.90092667744339,0.851869907925185,-0.270578302815405,-0.425016660292412,-0.0470380027102707,4.15694549864815,0.425016660292412,0.7701932278503,0
0.901926596064304,0.852780857514235,-0.270990623193952,-0.425050526253222,-0.0241348969756591,4.15606334572266,0.425050526253222,0.769361201547042,0
0.902926514685217,0.853691796299704,-0.271402967440341,-0.425074659186122,-0.0241348969756591,4.15518125847812,0.425074659186122,0.76852937412151,0
0.903926433306131,0.854602725133832,-0.271815333670234,-0.425098792119022,-0.0241348969756591,4.15429923598266,0.425098792119022,0.767697744723327,0
0.904926351927045,0.855513644016088,-0.272227721883392,-0.425122925051922,-0.0241348969756591,4.15341727827805,0.425122925051922,0.766866313649378,0
0.905926270547959,0.856424552945941,-0.272640132079573,-0.425147057984821,-0.0241348969756591,4.15253538540608,0.425147057984821,0.766035081197067,0
0.906926189168873,0.857335451922862,-0.273052564258539,-0.425171190917721,-0.0241348969756591,4.15165355740858,0.425171190917721,0.765204047664319,0
0.907926107789787,0.85824634094632,-0.273465018420049,-0.425195323850621,-0.0241348969756591,4.15077179432742,0.425195323850621,0.764373213349586,0
0.908926026410701,0.859157220015783,-0.273877494563862,-0.425219456783521,-0.0241348969756591,4.14989009620448,0.425219456783521,0.763542578551842,0
0.909925945031615,0.860068089130722,-0.274289992689738,-0.425243589716421,-0.0241348969756591,4.14900846308169,0.425243589716421,0.762712143570587,0
0.910925863652528,0.860978948290607,-0.274702512797438,-0.425267722649321,-0.0241348969756591,4.14812689500102,0.425267722649321,0.761881908705848,0
0.911925782273442,0.861889797494906,-0.27511505488672,-0.42529185558222,-0.0241348969756591,4.14724539200444,0.42529185558222,0.761051874258177,0
0.912925700894356,0.862800636743089,-0.275527618957345,-0.42531598851512,-0.0241348969756591,4.14636395413399,0.42531598851512,0.760222040528657,0
0.91392561951527,0.863711466034626,-0.275940205009073,-0.42534012144802,-0.0241348969756591,4.14548258143173,0.42534012144802,0.759392407818898,0
0.914925538136184,0.864622285368986,-0.276352813041662,-0.42536425438092,-0.0241348969756591,4.14460127393973,0.42536425438092,0.758562976431042,0
0.915925456757098,0.86553309474564,-0.276765443054873,-0.42538838731382,-0.0241348969756591,4.14372003170013,0.42538838731382,0.757733746667759,0
0.916925375378012,0.866443894164055,-0.277178095048466,-0.425412520246719,-0.0241348969756591,4.14283885475507,0.425412520246719,0.756904718832255,0
0.917925293998925,0.867354683623702,-0.277590769022199,-0.425436653179619,-0.0241348969756591,4.14195774314675,0.425436653179619,0.756075893228266,0
0.918925212619839,0.868265463124051,-0.278003464975834,-0.425460786112519,-0.0241348969756591,4.14107669691737,0.425460786112519,0.755247270160062,0
0.919925131240753,0.869176232664571,-0.278416182909129,-0.425484919045419,-0.0241348969756591,4.1401957161092,0.425484919045419,0.75441884993245,0
0.920925049861667,0.870086992244731,-0.278828922821843,-0.425509051978319,-0.0241348969756591,4.13931480076451,0.425509051978318,0.753590632850772,0
0.921924968482581,0.870997741864002,-0.279241684713738,-0.425533184911218,-0.0241348969756591,4.13843395092563,0.425533184911218,0.752762619220905,0
0.922924887103495,0.871908481521852,-0.279654468584571,-0.425557317844118,-0.0241348969756591,4.13755316663491,0.425557317844118,0.751934809349267,0
0.923924805724409,0.872819211217752,-0.280067274434104,-0.425581450777018,-0.0241348969756591,4.13667244793472,0.425581450777018,0.751107203542812,0
0.924924724345323,0.873729930951171,-0.280480102262095,-0.425605583709918,-0.0241348969756591,4.13579179486748,0.425605583709918,0.750279802109036,0
0.925924642966236,0.874640640721578,-0.280892952068304,-0.425629716642818,-0.0241348969756591,4.13491120747565,0.425629716642818,0.749452605355974,0
0.92692456158715,0.875551340528443,-0.28130582385249,-0.425653849575718,-0.0241348969756591,4.1340306858017,0.425653849575717,0.748625613592203,0
0.927924480208064,0.876462030371236,-0.281718717614414,-0.425677982508617,-0.0241348969756591,4.13315022988814,0.425677982508617,0.747798827126843,0
0.928924398828978,0.877372710249426,-0.282131633353834,-0.425702115441517,-0.0241348969756591,4.13226983977754,0.425702115441517,0.746972246269558,0
0.929924317449892,0.878283380162484,-0.282544571070511,-0.425726248374417,-0.0241348969756591,4.13138951551245,0.425726248374417,0.746145871330557,0
0.930924236070806,0.879194040109878,-0.282957530764203,-0.425750381307317,-0.0241348969756591,4.13050925713551,0.425750381307317,0.745319702620593,0
0.93192415469172,0.880104690091078,-0.28337051243467,-0.425774514240217,-0.0241348969756591,4.12962906468935,0.425774514240217,0.744493740450966,0
0.932924073312633,0.881015330105554,-0.283783516081672,-0.425798647173116,-0.0241348969756591,4.12874893821665,0.425798647173116,0.743667985133526,0
0.933923991933547,0.881925960152775,-0.284196541704968,-0.425822780106016,-0.0241348969756591,4.12786887776013,0.425822780106016,0.742842436980668,0
0.934923910554461,0.882836580232212,-0.284609589304317,-0.425846913038916,-0.0241348969756591,4.12698888336254,0.425846913038916,0.742017096305339,0
0.935923829175375,0.883747190343334,-0.285022658879479,-0.425871045971816,-0.0241348969756591,4.12610895506664,0.425871045971816,0.741191963421036,0
0.936923747796289,0.88465779048561,-0.285435750430214,-0.425895178904716,-0.0241348969756591,4.12522909291526,0.425895178904716,0.740367038641807,0
0.937923666417203,0.88556838065851,-0.285848863956281,-0.425919311837615,-0.0241348969756591,4.12434929695123,0.425919311837615,0.739542322282253,0
0.938923585038117,0.886478960861504,-0.286261999457439,-0.425943444770515,-0.0241348969756591,4.12346956721744,0.425943444770515,0.738717814657528,0
0.939923503659031,0.887389531094062,-0.286675156933448,-0.425967577703415,-0.0241348969756591,4.12258990375681,0.425967577703415,0.73789351608334,0
0.940923422279944,0.888300091355652,-0.287088336384066,-0.425991710636315,-0.0241348969756591,4.12171030661226,0.425991710636315,0.737069426875955,0
0.941923340900858,0.889210641645746,-0.287501537809054,-0.426015843569215,-0.0241348969756591,4.12083077582678,0.426015843569215,0.736245547352194,0
0.942923259521772,0.890121181963812,-0.287914761208171,-0.426039976502114,-0.0241348969756591,4.11995131144339,0.426039976502115,0.735421877829434,0
0.943923178142686,0.891031712309321,-0.288328006581176,-0.426064109435014,-0.0241348969756591,4.11907191350512,0.426064109435014,0.734598418625612,0
0.9449230967636,0.891942232681741,-0.288741273927828,-0.426088242367914,-0.0241348969756591,4.11819258205506,0.426088242367914,0.733775170059225,0
0.945923015384514,0.892852743080544,-0.289154563247887,-0.426112375300814,-0.0241348969756591,4.11731331713632,0.426112375300814,0.732952132449329,0
0.946922934005427,0.893763243505197,-0.289567874541112,-0.426136508233714,-0.0241348969756591,4.11643411879204,0.426136508233714,0.732129306115542,0
0.947922852626341,0.894673733955172,-0.289981207807262,-0.426160641166614,-0.0241348969756591,4.1155549870654,0.426160641166613,0.731306691378046,0
0.948922771247255,0.895584214429938,-0.290394563046097,-0.426184774099513,-0.0241348969756591,4.11467592199962,0.426184774099513,0.730484288557585,0
0.949922689868169,0.896494684928964,-0.290807940257375,-0.426208907032413,-0.0241348969756591,4.11379692363794,0.426208907032413,0.729662097975467,0
0.950922608489083,0.897405145451721,-0.291221339440857,-0.426233039965313,-0.0241348969756591,4.11291799202364,0.426233039965313,0.728840119953566,0
0.951922527109997,0.898315595997678,-0.291634760596301,-0.426257172898213,-0.0241348969756591,4.11203912720002,0.426257172898213,0.728018354814323,0
0.952922445730911,0.899226036566305,-0.292048203723466,-0.426281305831113,-0.0241348969756591,4.11116032921045,0.426281305831113,0.727196802880747,0
0.953922364351825,0.900136467157071,-0.292461668822113,-0.426305438764012,-0.0241348969756591,4.1102815980983,0.426305438764012,0.726375464476415,0
0.954922282972738,0.901046887769447,-0.292875155891999,-0.426329571696912,-0.0241348969756591,4.10940293390698,0.426329571696912,0.725554339925471,0
0.955922201593652,0.901957298402902,-0.293288664932884,-0.426353704629812,-0.0241348969756591,4.10852433667994,0.426353704629812,0.724733429552635,0
0.956922120214566,0.902867699056906,-0.293702195944528,-0.426377837562712,-0.0241348969756591,4.10764580646067,0.426377837562712,0.723912733683193,0
0.95792203883548,0.903778089730928,-0.294115748926689,-0.426401970495612,-0.0241348969756591,4.10676734329267,0.426401970495612,0.723092252643007,0
0.958921957456394,0.904688470424439,-0.294529323879127,-0.426426103428511,-0.0241348969756591,4.1058889472195,0.426426103428511,0.722271986758512,0
0.959921876077308,0.905598841136909,-0.2949429208016,-0.426450236361411,-0.0241348969756591,4.10501061828473,0.426450236361411,0.721451936356717,0
0.960921794698222,0.906509201867806,-0.295356539693869,-0.426474369294311,-0.0241348969756591,4.104132356532,0.426474369294311,0.720632101765207,0
0.961921713319135,0.907419552616602,-0.295770180555691,-0.426498502227211,-0.0241348969756591,4.10325416200494,0.426498502227211,0.719812483312143,0
0.962921631940049,0.908329893382765,-0.296183843386827,-0.426522635160111,-0.0241348969756591,4.10237603474724,0.426522635160111,0.718993081326264,0
0.963921550560963,0.909240224165766,-0.296597528187034,-0.42654676809301,-0.0241348969756591,4.10149797480262,0.426546768093011,0.71817389613689,0
0.964921469181877,0.910150544965074,-0.297011234956073,-0.42657090102591,-0.0241348969756591,4.10061998221484,0.42657090102591,0.717354928073916,0
0.965921387802791,0.911060855780159,-0.297424963693702,-0.42659503395881,-0.0241348969756591,4.09974205702767,0.42659503395881,0.716536177467822,0
0.966921306423705,0.911971156610492,-0.297838714399681,-0.42661916689171,-0.0241348969756591,4.09886419928495,0.42661916689171,0.715717644649669,0
0.967921225044619,0.912881447455541,-0.298252487073768,-0.42664329982461,-0.0241348969756591,4.09798640903051,0.42664329982461,0.714899329951098,0
0.968921143665533,0.913791728314778,-0.298666281715722,-0.42666743275751,-0.0241348969756591,4.09710868630826,0.42666743275751,0.714081233704337,0
0.969921062286446,0.91470199918767,-0.299080098325303,-0.426691565690409,-0.0241348969756591,4.09623103116212,0.426691565690409,0.713263356242198,0
0.97092098090736,0.91561226007369,-0.299493936902269,-0.426715698623309,-0.0241348969756591,4.09535344363604,0.426715698623309,0.712445697898079,0
0.971920899528274,0.916522510972305,-0.299907797446379,-0.426739831556209,-0.0241348969756591,4.09447592377401,0.426739831556209,0.711628259005963,0
0.972920818149188,0.917432751882987,-0.300321679957393,-0.426763964489109,-0.0241348969756591,4.09359847162007,0.426763964489109,0.710811039900424,0
0.973920736770102,0.918342982805205,-0.300735584435069,-0.426788097422009,-0.0241348969756591,4.09272108721826,0.426788097422008,0.709994040916624,0
0.974920655391016,0.919253203738428,-0.301149510879166,-0.426812230354908,-0.0241348969756591,4.09184377061269,0.426812230354908,0.709177262390314,0
0.975920574011929,0.920163414682128,-0.301563459289444,-0.426836363287808,-0.0241348969756591,4.09096652184747,0.426836363287808,0.708360704657836,0
0.976920492632843,0.921073615635773,-0.30197742966566,-0.426860496220708,-0.0241348969756591,4.09008934096678,0.426860496220708,0.707544368056126,0
0.977920411253757,0.921983806598834,-0.302391422007575,-0.426884629153608,-0.0241348969756591,4.08921222801482,0.426884629153608,0.706728252922712,0
0.978920329874671,0.922893987570781,-0.302805436314946,-0.426908762086508,-0.0241348969756591,4.0883351830358,0.426908762086508,0.705912359595715,0
0.979920248495585,0.923804158551083,-0.303219472587534,-0.426932895019407,-0.0241348969756591,4.087458206074,0.426932895019407,0.705096688413855,0
0.980920167116499,0.92471431953921,-0.303633530825095,-0.426957027952307,-0.0241348969756591,4.08658129717372,0.426957027952307,0.704281239716443,0
0.981920085737413,0.925624470534632,-0.304047611027391,-0.426981160885207,-0.0241348969756591,4.0857044563793,0.426981160885207,0.703466013843393,0
0.982920004358326,0.92653461153682,-0.304461713194178,-0.427005293818107,-0.0241348969756591,4.08482768373509,0.427005293818107,0.702651011135212,0
0.98391992297924,0.927444742545243,-0.304875837325217,-0.427029426751007,-0.0241348969756591,4.08395097928552,0.427029426751007,0.701836231933011,0
0.984919841600154,0.928354863559372,-0.305289983420266,-0.427053559683906,-0.0241348969756591,4.083074343075,0.427053559683906,0.701021676578499,0
0.985919760221068,0.929264974578675,-0.305704151479083,-0.427077692616806,-0.0241348969756591,4.08219777514803,0.427077692616806,0.700207345413986,0
0.986919678841982,0.930175075602623,-0.306118341501428,-0.427101825549706,-0.0241348969756591,4.0813212755491,0.427101825549706,0.699393238782387,0
0.987919597462896,0.931085166630686,-0.30653255348706,-0.427125958482606,-0.0241348969756591,4.08044484432275,0.427125958482606,0.69857935702722,0
0.98891951608381,0.931995247662334,-0.306946787435736,-0.427150091415506,-0.0241348969756591,4.07956848151357,0.427150091415506,0.697765700492604,0
0.989919434704724,0.932905318697037,-0.307361043347216,-0.427174224348406,-0.0241348969756591,4.07869218716617,0.427174224348406,0.69695226952327,0
0.990919353325637,0.933815379734265,-0.307775321221259,-0.427198357281305,-0.0241348969756591,4.07781596132518,0.427198357281305,0.696139064464552,0
0.991919271946551,0.934725430773488,-0.308189621057623,-0.427222490214205,-0.0241348969756591,4.07693980403531,0.427222490214205,0.695326085662391,0
0.992919190567465,0.935635471814175,-0.308603942856068,-0.427246623147105,-0.0241348969756591,4.07606371534125,0.427246623147105,0.694513333463339,0
0.993919109188379,0.936545502855798,-0.309018286616351,-0.427270756080005,-0.0241348969756591,4.07518769528776,0.427270756080005,0.693700808214558,0
0.994919027809293,0.937455523897825,-0.309432652338231,-0.427294889012905,-0.0241348969756591,4.07431174391962,0.427294889012904,0.69288851026382,0
0.995918946430207,0.938365534939727,-0.309847040021468,-0.427319021945804,-0.0241348969756591,4.07343586128167,0.427319021945805,0.69207643995951,0
0.99691886505112,0.939275535980974,-0.310261449665819,-0.427343154878704,-0.0241348969756591,4.07256004741874,0.427343154878704,0.691264597650627,0
0.997918783672034,0.940185527021036,-0.310675881271043,-0.427367287811604,-0.0241348969756591,4.07168430237574,0.427367287811604,0.690452983686781,0
0.998918702292948,0.941095508059382,-0.3110903348369,-0.427391420744504,-0.0241348969756591,4.07080862619758,0.427391420744504,0.6896415984182,0
0.999918620913862,0.942005479095484,-0.311504810363147,-0.427415553677404,-0.0241348969756591,4.06993301892924,0.427415553677403,0.688830442195728,0
1.00091853953478,0.942915440128811,-0.311919307849544,-0.427439686610303,-0.0241348969756591,4.06905748061569,0.427439686610303,0.688019515370826,0
1.00191845815569,0.943825391158833,-0.312333827295848,-0.427463819543203,-0.0241348969756591,4.06818201130199,0.427463819543203,0.687208818295574,0
1.0029183767766,0.944735332185019,-0.312748368701819,-0.427487952476103,-0.0241348969756591,4.06730661103318,0.427487952476103,0.686398351322672,0
1.00391829539752,0.945645263206841,-0.313162932067215,-0.427512085409003,-0.0241348969756591,4.06643127985437,0.427512085409003,0.685588114805439,0
1.00491821401843,0.946555184223768,-0.313577517391794,-0.427536218341903,-0.0241348969756591,4.0655560178107,0.427536218341903,0.684778109097817,0
1.00591813263935,0.94746509523527,-0.313992124675315,-0.427560351274802,-0.0241348969756591,4.06468082494734,0.427560351274802,0.683968334554371,0
1.00691805126026,0.948374996240817,-0.314406753917537,-0.427584484207702,-0.0241348969756591,4.0638057013095,0.427584484207702,0.683158791530289,0
1.00791796988117,0.94928488723988,-0.314821405118219,-0.427608617140602,-0.0241348969756591,4.06293064694241,0.427608617140602,0.682349480381385,0
1.00891788850209,0.950194768231928,-0.315236078277118,-0.427632750073502,-0.0241348969756591,4.06205566189135,0.427632750073502,0.681540401464099,0
1.009917807123,0.951104639216432,-0.315650773393993,-0.427656883006402,-0.0241348969756591,4.06118074620164,0.427656883006402,0.680731555135496,0
1.01091772574391,0.952014500192862,-0.316065490468603,-0.427681015939302,-0.0241348969756591,4.06030589991863,0.427681015939302,0.679922941753272,0
1.01191764436483,0.952924351160687,-0.316480229500706,-0.427705148872201,-0.0241348969756591,4.05943112308769,0.427705148872201,0.679114561675752,0
1.01291756298574,0.953834192119378,-0.31689499049006,-0.427729281805101,-0.0241348969756591,4.05855641575424,0.427729281805101,0.678306415261889,0
1.01391748160666,0.954744023068405,-0.317309773436425,-0.427753414738001,-0.0241348969756591,4.05768177796375,0.427753414738001,0.677498502871269,0
1.01491740022757,0.955653844007237,-0.317724578339558,-0.427777547670901,-0.0241348969756591,4.0568072097617,0.427777547670901,0.676690824864112,0
1.01591731884848,0.956563654935347,-0.318139405199218,-0.427801680603801,-0.0241348969756591,4.05593271119361,0.427801680603801,0.675883381601268,0
1.0169172374694,0.957473455852202,-0.318554254015163,-0.4278258135367,-0.0241348969756591,4.05505828230504,0.427825813536701,0.675076173444226,0
1.01791715609031,0.958383246757274,-0.318969124787152,-0.4278499464696,-0.0241348969756591,4.05418392314159,0.4278499464696,0.674269200755108,0
1.01891707471123,0.959293027650032,-0.319384017514943,-0.4278740794025,-0.0241348969756591,4.0533096337489,0.4278740794025,0.673462463896673,0
1.01991699333214,0.960202798529947,-0.319798932198294,-0.4278982123354,-0.0241348969756591,4.05243541417262,0.4278982123354,0.67265596323232,0
1.02091691195305,0.961112559396489,-0.320213868836964,-0.4279223452683,-0.0241348969756591,4.05156126445847,0.4279223452683,0.671849699126084,0
1.02191683057397,0.962022310249128,-0.320628827430712,-0.427946478201199,-0.0241348969756591,4.05068718465218,0.427946478201199,0.671043671942643,0
1.02291674919488,0.962932051087334,-0.321043807979294,-0.427970611134099,-0.0241348969756591,4.04981317479952,0.427970611134099,0.670237882047314,0
1.02391666781579,0.963841781910578,-0.321458810482471,-0.427994744066999,-0.0241348969756591,4.04893923494631,0.427994744066999,0.669432329806059,0
1.02491658643671,0.964751502718329,-0.321873834939999,-0.428018876999899,-0.0241348969756591,4.04806536513838,0.428018876999899,0.668627015585481,0
1.02591650505762,0.965661213510057,-0.322288881351638,-0.428043009932799,-0.0241348969756591,4.04719156542164,0.428043009932799,0.667821939752828,0
1.02691642367854,0.966570914285234,-0.322703949717145,-0.428067142865699,-0.0241348969756591,4.04631783584198,0.428067142865698,0.667017102675994,0
1.02791634229945,0.967480605043328,-0.32311904003628,-0.428091275798598,-0.0241348969756591,4.04544417644536,0.428091275798598,0.666212504723522,0
1.02891626092036,0.968390285783811,-0.323534152308799,-0.428115408731498,-0.0241348969756591,4.04457058727778,0.428115408731498,0.665408146264599,0
1.02991617954128,0.969299956506153,-0.323949286534462,-0.428139541664398,-0.0241348969756591,4.04369706838525,0.428139541664398,0.664604027669062,0
1.03091609816219,0.9702096188486,-0.324364439122277,-0.428153806209735,-0.0117984086795505,4.04282361789226,0.428153806209735,0.663800146959468,0
1.03191601678311,0.97111927619082,-0.324779602666179,-0.428165603658271,-0.0117984086795505,4.04195023187931,0.428165603658271,0.66299649965804,0
1.03291593540402,0.972028928635105,-0.325194776941688,-0.428177401106807,-0.0117984086795505,4.04107691026818,0.428177401106807,0.662193085978215,0
1.03391585402493,0.97293857618133,-0.325609961948746,-0.428189198555342,-0.0117984086795505,4.04020365310076,0.428189198555343,0.661389906280737,0
1.03491577264585,0.973848218829368,-0.326025157687295,-0.428200996003878,-0.0117984086795505,4.03933046041896,0.428200996003878,0.660586960926984,0
1.03591569126676,0.974757856579092,-0.326440364157278,-0.428212793452414,-0.0117984086795505,4.03845733226474,0.428212793452414,0.659784250278974,0
1.03691560988768,0.975667489430376,-0.326855581358636,-0.42822459090095,-0.0117984086795505,4.03758426868009,0.42822459090095,0.658981774699366,0
1.03791552850859,0.976577117383093,-0.327270809291312,-0.428236388349486,-0.0117984086795505,4.036711269707,0.428236388349486,0.658179534551457,0
1.0389154471295,0.977486740437117,-0.327686047955249,-0.428248185798022,-0.0117984086795505,4.03583833538755,0.428248185798021,0.657377530199189,0
1.03991536575042,0.978396358592321,-0.328101297350387,-0.428259983246557,-0.0117984086795505,4.0349654657638,0.428259983246557,0.656575762007143,0
1.04091528437133,0.979305971848577,-0.32851655747667,-0.428271780695093,-0.0117984086795505,4.03409266087789,0.428271780695093,0.655774230340547,0
1.04191520299224,0.980215580205761,-0.32893182833404,-0.428283578143629,-0.0117984086795505,4.03321992077195,0.428283578143629,0.654972935565274,0
1.04291512161316,0.981125183663745,-0.329347109922438,-0.428295375592165,-0.0117984086795505,4.03234724548817,0.428295375592165,0.654171878047841,0
1.04391504023407,0.982034782222402,-0.329762402241808,-0.428307173040701,-0.0117984086795505,4.03147463506877,0.428307173040701,0.653371058155416,0
1.04491495885499,0.982944375881607,-0.330177705292091,-0.428318970489237,-0.0117984086795505,4.030602089556,0.428318970489237,0.652570476255812,0
1.0459148774759,0.983853964641231,-0.330593019073229,-0.428330767937772,-0.0117984086795505,4.02972960899214,0.428330767937772,0.651770132717493,0
1.04691479609681,0.98476354850115,-0.331008343585166,-0.428342565386308,-0.0117984086795505,4.0288571934195,0.428342565386308,0.650970027909574,0
1.04791471471773,0.985673127461235,-0.331423678827842,-0.428354362834844,-0.0117984086795505,4.02798484288045,0.428354362834844,0.65017016220182,0
1.04891463333864,0.986582701521361,-0.3318390248012,-0.42836616028338,-0.0117984086795505,4.02711255741736,0.42836616028338,0.649370535964652,0
1.04991455195956,0.987492270681401,-0.332254381505182,-0.428377957731916,-0.0117984086795505,4.02624033707265,0.428377957731916,0.648571149569142,0
1.05091447058047,0.988401834941228,-0.332669748939731,-0.428389755180452,-0.0117984086795505,4.02536818188877,0.428389755180452,0.647772003387019,0
1.05191438920138,0.989311394300717,-0.333085127104788,-0.428401552628987,-0.0117984086795505,4.02449609190821,0.428401552628987,0.646973097790669,0
1.0529143078223,0.990220948759739,-0.333500516000296,-0.428413350077523,-0.0117984086795505,4.02362406717349,0.428413350077523,0.646174433153131,0
1.05391422644321,0.991130498318169,-0.333915915626197,-0.428425147526059,-0.0117984086795505,4.02275210772715,0.428425147526059,0.645376009848108,0
1.05491414506412,0.99204004297588,-0.334331325982434,-0.428436944974595,-0.0117984086795505,4.02188021361178,0.428436944974595,0.644577828249959,0
1.05591406368504,0.992949582732745,-0.334746747068948,-0.428448742423131,-0.0117984086795505,4.02100838487001,0.42844874242313,0.643779888733705,0
1.05691398230595,0.993859117588638,-0.335162178885681,-0.428460539871666,-0.0117984086795505,4.02013662154448,0.428460539871666,0.642982191675028,0
1.05791390092687,0.994768647543433,-0.335577621432576,-0.428472337320202,-0.0117984086795505,4.01926492367789,0.428472337320202,0.642184737450274,0
1.05891381954778,0.995678172597002,-0.335993074709575,-0.428484134768738,-0.0117984086795505,4.01839329131294,0.428484134768738,0.641387526436454,0
1.05991373816869,0.996587692749218,-0.33640853871662,-0.428495932217274,-0.0117984086795505,4.01752172449241,0.428495932217274,0.640590559011242,0
1.06091365678961,0.997497207999957,-0.336824013453654,-0.42850772966581,-0.0117984086795505,4.01665022325907,0.42850772966581,0.639793835552978,0
1.06191357541052,0.99840671834909,-0.337239498920617,-0.428519527114346,-0.0117984086795505,4.01577878765575,0.428519527114346,0.638997356440672,0
1.06291349403144,0.999316223796492,-0.337654995117454,-0.428531324562881,-0.0117984086795505,4.01490741772531,0.428531324562881,0.638201122054001,0
1.06391341265235,1.00022572434204,-0.338070502044105,-0.428543122011417,-0.0117984086795505,4.01403611351063,0.428543122011417,0.637405132773312,0
1.06491333127326,1.00113521998559,-0.338486019700513,-0.428554919459953,-0.0117984086795505,4.01316487505464,0.428554919459953,0.636609388979623,0
1.06591324989418,1.00204471072704,-0.338901548086621,-0.428566716908489,-0.0117984086795505,4.0122937024003,0.428566716908489,0.635813891054623,0
1.06691316851509,1.00295419656625,-0.339317087202369,-0.428578514357025,-0.0117984086795505,4.0114225955906,0.428578514357025,0.635018639380676,0
1.067913087136,1.00386367750309,-0.339732637047702,-0.428590311805561,-0.0117984086795505,4.01055155466857,0.428590311805561,0.634223634340819,0
1.06891300575692,1.00477315353745,-0.340148197622559,-0.428602109254096,-0.0117984086795505,4.00968057967726,0.428602109254097,0.633428876318763,0
1.06991292437783,1.00568262466918,-0.340563768926885,-0.428613906702632,-0.0117984086795505,4.00880967065978,0.428613906702632,0.632634365698899,0
1.07091284299875,1.00659209089817,-0.34097935096062,-0.428625704151168,-0.0117984086795505,4.00793882765924,0.428625704151168,0.631840102866292,0
1.07191276161966,1.00750155222429,-0.341394943723708,-0.428637501599704,-0.0117984086795505,4.00706805071882,0.428637501599704,0.631046088206689,0
1.07291268024057,1.00841100864742,-0.34181054721609,-0.42864929904824,-0.0117984086795505,4.00619733988171,0.42864929904824,0.630252322106514,0
1.07391259886149,1.00932046016742,-0.342226161437708,-0.428661096496776,-0.0117984086795505,4.00532669519114,0.428661096496775,0.629458804952875,0
1.0749125174824,1.01022990678416,-0.342641786388505,-0.428672893945311,-0.0117984086795505,4.00445611669038,0.428672893945311,0.628665537133558,0
1.07591243610332,1.01113934849753,-0.343057422068423,-0.428684691393847,-0.0117984086795505,4.00358560442273,0.428684691393847,0.627872519037037,0
1.07691235472423,1.0120487853074,-0.343473068477403,-0.428696488842383,-0.0117984086795505,4.00271515843152,0.428696488842383,0.627079751052468,0
1.07791227334514,1.01295821721364,-0.343888725615389,-0.428708286290919,-0.0117984086795505,4.00184477876012,0.428708286290919,0.626287233569692,0
1.07891219196606,1.01386764421612,-0.344304393482321,-0.428720083739455,-0.0117984086795505,4.00097446545194,0.428720083739455,0.625494966979238,0
1.07991211058697,1.01477706631471,-0.344720072078143,-0.42873188118799,-0.0117984086795505,4.0001042185504,0.428731881187991,0.624702951672324,0
1.08091202920789,1.0156864835093,-0.345135761402797,-0.428743678636526,-0.0117984086795505,3.999234038099,0.428743678636526,0.623911188040853,0
1.0819119478288,1.01659589579975,-0.345551461456224,-0.428755476085062,-0.0117984086795505,3.99836392414122,0.428755476085062,0.623119676477423,0
1.08291186644971,1.01750530318593,-0.345967172238367,-0.428767273533598,-0.0117984086795505,3.99749387672061,0.428767273533598,0.62232841737532,0
1.08391178507063,1.01841470566773,-0.346382893749168,-0.428779070982134,-0.0117984086795505,3.99662389588075,0.428779070982134,0.621537411128525,0
1.08491170369154,1.01932410324501,-0.346798625988569,-0.42879086843067,-0.0117984086795505,3.99575398166525,0.42879086843067,0.620746658131709,0
1.08591162231245,1.02023349591764,-0.347214368956512,-0.428802665879205,-0.0117984086795505,3.99488413411776,0.428802665879205,0.619956158780242,0
1.08691154093337,1.02114288368551,-0.347630122652939,-0.428814463327741,-0.0117984086795505,3.99401435328194,0.428814463327742,0.619165913470186,0
1.08791145955428,1.02205226654848,-0.348045887077793,-0.428826260776277,-0.0117984086795505,3.99314463920152,0.428826260776277,0.618375922598304,0
1.0889113781752,1.02296164450643,-0.348461662231015,-0.428838058224813,-0.0117984086795505,3.99227499192025,0.428838058224813,0.617586186562053,0
1.08991129679611,1.02387101755923,-0.348877448112549,-0.428849855673349,-0.0117984086795505,3.9914054114819,0.428849855673349,0.616796705759593,0
1.09091121541702,1.02478038570675,-0.349293244722335,-0.428861653121885,-0.0117984086795505,3.99053589793031,0.428861653121885,0.616007480589783,0
1.09191113403794,1.02568974894887,-0.349709052060316,-0.42887345057042,-0.0117984086795505,3.98966645130931,0.42887345057042,0.615218511452183,0
1.09291105265885,1.02659910728546,-0.350124870126434,-0.428885248018956,-0.0117984086795505,3.9887970716628,0.428885248018956,0.614429798747056,0
1.09391097127977,1.0275084607164,-0.350540698920631,-0.428897045467492,-0.0117984086795505,3.9879277590347,0.428897045467492,0.61364134287537,0
1.09491088990068,1.02841780924155,-0.35095653844285,-0.428908842916028,-0.0117984086795505,3.98705851346898,0.428908842916028,0.612853144238798,0
1.09591080852159,1.0293271528608,-0.351372388693032,-0.428920640364564,-0.0117984086795505,3.98618933500961,0.428920640364564,0.612065203239719,0
1.09691072714251,1.03023649157401,-0.35178824967112,-0.4289324378131,-0.0117984086795505,3.98532022370064,0.4289324378131,0.611277520281219,0
1.09791064576342,1.03114582538106,-0.352204121377055,-0.428944235261635,-0.0117984086795505,3.98445117958612,0.428944235261635,0.610490095767093,0
1.09891056438433,1.03205515428182,-0.352620003810781,-0.428956032710171,-0.0117984086795505,3.98358220271015,0.428956032710171,0.609702930101845,0
1.09991048300525,1.03296447827616,-0.353035896972238,-0.428967830158707,-0.0117984086795505,3.98271329311686,0.428967830158707,0.608916023690691,0
1.10091040162616,1.03387379736397,-0.35345180086137,-0.428979627607243,-0.0117984086795505,3.98184445085042,0.428979627607243,0.608129376939559,0
1.10191032024708,1.0347831115451,-0.353867715478117,-0.428991425055779,-0.0117984086795505,3.98097567595503,0.428991425055779,0.60734299025509,0
1.10291023886799,1.03569242081944,-0.354283640822423,-0.429003222504314,-0.0117984086795505,3.98010696847494,0.429003222504314,0.606556864044639,0
1.1039101574889,1.03660172518686,-0.35469957689423,-0.42901501995285,-0.0117984086795505,3.97923832845442,0.42901501995285,0.605770998716276,0
1.10491007610982,1.03751102464724,-0.355115523693479,-0.429026817401386,-0.0117984086795505,3.97836975593776,0.429026817401386,0.60498539467879,0
1.10590999473073,1.03842031920043,-0.355531481220112,-0.429038614849922,-0.0117984086795505,3.97750125096933,0.429038614849922,0.604200052341686,0
1.10690991335165,1.03932960884633,-0.355947449474072,-0.429050412298458,-0.0117984086795505,3.97663281359349,0.429050412298458,0.603414972115188,0
1.10790983197256,1.0402388935848,-0.356363428455302,-0.429062209746994,-0.0117984086795505,3.97576444385466,0.429062209746994,0.602630154410241,0
1.10890975059347,1.04114817341572,-0.356779418163742,-0.429074007195529,-0.0117984086795505,3.97489614179729,0.429074007195529,0.601845599638511,0
1.10990966921439,1.04205744833895,-0.357195418599335,-0.429085804644065,-0.0117984086795505,3.97402790746586,0.429085804644065,0.601061308212386,0
1.1109095878353,1.04296671835438,-0.357611429762023,-0.429097602092601,-0.0117984086795505,3.97315974090491,0.429097602092601,0.60027728054498,0
1.11190950645621,1.04387598346188,-0.358027451651749,-0.429109399541137,-0.0117984086795505,3.97229164215897,0.429109399541137,0.599493517050128,0
1.11290942507713,1.04478524366131,-0.358443484268454,-0.429121196989673,-0.0117984086795505,3.97142361127264,0.429121196989673,0.598710018142395,0
1.11390934369804,1.04569449895256,-0.35885952761208,-0.429132994438209,-0.0117984086795505,3.97055564829055,0.429132994438209,0.597926784237071,0
1.11490926231896,1.04660374933549,-0.35927558168257,-0.429144791886744,-0.0117984086795505,3.96968775325737,0.429144791886745,0.597143815750174,0
1.11590918093987,1.04751299480999,-0.359691646479866,-0.42915658933528,-0.0117984086795505,3.96881992621778,0.42915658933528,0.596361113098453,0
1.11690909956078,1.04842223537592,-0.360107722003909,-0.429168386783816,-0.0117984086795505,3.96795216721652,0.429168386783816,0.595578676699387,0
1.1179090181817,1.04933147103316,-0.360523808254642,-0.429180184232352,-0.0117984086795505,3.96708447629837,0.429180184232352,0.594796506971186,0
1.11890893680261,1.05024070178157,-0.360939905232007,-0.429191981680888,-0.0117984086795505,3.96621685350812,0.429191981680888,0.594014604332796,0
1.11990885542353,1.05114992762104,-0.361356012935947,-0.429203779129424,-0.0117984086795505,3.96534929889061,0.429203779129423,0.593232969203893,0
1.12090877404444,1.05205914855144,-0.361772131366402,-0.429215576577959,-0.0117984086795505,3.96448181249073,0.429215576577959,0.592451602004891,0
1.12190869266535,1.05296836457264,-0.362188260523315,-0.429227374026495,-0.0117984086795505,3.96361439435338,0.429227374026495,0.591670503156942,0
1.12290861128627,1.05387757568451,-0.362604400406629,-0.429239171475031,-0.0117984086795505,3.96274704452351,0.429239171475031,0.590889673081932,0
1.12390852990718,1.05478678188694,-0.363020551016285,-0.429250968923567,-0.0117984086795505,3.9618797630461,0.429250968923567,0.590109112202488,0
1.12490844852809,1.05569598317978,-0.363436712352225,-0.429262766372103,-0.0117984086795505,3.96101254996617,0.429262766372103,0.589328820941977,0
1.12590836714901,1.05660517956292,-0.363852884414392,-0.429274563820639,-0.0117984086795505,3.96014540532879,0.429274563820639,0.588548799724508,0
1.12690828576992,1.05751437103622,-0.364269067202727,-0.429286361269174,-0.0117984086795505,3.95927832917903,0.429286361269174,0.587769048974931,0
1.12790820439084,1.05842355759957,-0.364685260717174,-0.42929815871771,-0.0117984086795505,3.95841132156202,0.42929815871771,0.58698956911884,0
1.12890812301175,1.05933273925283,-0.365101464957672,-0.429309956166246,-0.0117984086795505,3.95754438252293,0.429309956166246,0.586210360582574,0
1.12990804163266,1.06024191599588,-0.365517679924166,-0.429321753614782,-0.0117984086795505,3.95667751210696,0.429321753614782,0.585431423793219,0
1.13090796025358,1.0611510878286,-0.365933905616597,-0.429333551063318,-0.0117984086795505,3.95581071035934,0.429333551063318,0.584652759178605,0
1.13190787887449,1.06206025475085,-0.366350142034906,-0.429345348511854,-0.0117984086795505,3.95494397732534,0.429345348511854,0.583874367167314,0
1.13290779749541,1.0629694167625,-0.366766389179037,-0.429357145960389,-0.0117984086795505,3.95407731305027,0.429357145960389,0.583096248188675,0
1.13390771611632,1.06387857386344,-0.36718264704893,-0.429368943408925,-0.0117984086795505,3.95321071757946,0.429368943408925,0.58231840267277,0
1.13490763473723,1.06478772605354,-0.367598915644529,-0.429380740857461,-0.0117984086795505,3.95234419095831,0.429380740857461,0.58154083105043,0
1.13590755335815,1.06569687333267,-0.368015194965775,-0.429392538305997,-0.0117984086795505,3.95147773323222,0.429392538305997,0.58076353375324,0
1.13690747197906,1.0666060157007,-0.36843148501261,-0.429404335754533,-0.0117984086795505,3.95061134444665,0.429404335754533,0.579986511213542,0
1.13790739059998,1.0675151531575,-0.368847785784976,-0.429416133203068,-0.0117984086795505,3.94974502464708,0.429416133203068,0.579209763864428,0
1.13890730922089,1.06842428570296,-0.369264097282816,-0.429427930651604,-0.0117984086795505,3.94887877387904,0.429427930651604,0.578433292139752,0
1.1399072278418,1.06933341333693,-0.369680419506072,-0.42943972810014,-0.0117984086795505,3.94801259218808,0.42943972810014,0.577657096474122,0
1.14090714646272,1.07024253605931,-0.370096752454684,-0.429451525548676,-0.0117984086795505,3.94714647961981,0.429451525548676,0.576881177302907,0
1.14190706508363,1.07115165386995,-0.370513096128597,-0.429463322997212,-0.0117984086795505,3.94628043621986,0.429463322997212,0.576105535062235,0
1.14290698370454,1.07206076676874,-0.370929450527751,-0.429475120445748,-0.0117984086795505,3.94541446203389,0.429475120445748,0.575330170188995,0
1.14390690232546,1.07296987475555,-0.371345815652088,-0.429486917894283,-0.0117984086795505,3.94454855710761,0.429486917894284,0.574555083120841,0
1.14490682094637,1.07387897783024,-0.371762191501552,-0.429498715342819,-0.0117984086795505,3.94368272148677,0.429498715342819,0.573780274296187,0
1.14590673956729,1.07478807599271,-0.372178578076083,-0.429510512791355,-0.0117984086795505,3.94281695521714,0.429510512791355,0.573005744154214,0
1.1469066581882,1.0756971692428,-0.372594975375624,-0.429522310239891,-0.0117984086795505,3.94195125834454,0.429522310239891,0.572231493134869,0
1.14790657680911,1.07660625758041,-0.373011383400117,-0.429534107688427,-0.0117984086795505,3.94108563091482,0.429534107688427,0.571457521678865,0
1.14890649543003,1.07751534100541,-0.373427802149503,-0.429545905136963,-0.0117984086795505,3.94022007297386,0.429545905136963,0.570683830227685,0
1.14990641405094,1.07842441951766,-0.373844231623726,-0.429557702585498,-0.0117984086795505,3.9393545845676,0.429557702585498,0.569910419223581,0
1.15090633267186,1.07933349311704,-0.374260671822727,-0.429569500034034,-0.0117984086795505,3.93848916574199,0.429569500034034,0.569137289109574,0
1.15190625129277,1.08024256180343,-0.374677122746447,-0.42958129748257,-0.0117984086795505,3.93762381654303,0.42958129748257,0.56836444032946,0
1.15290616991368,1.0811516255767,-0.37509358439483,-0.429593094931106,-0.0117984086795505,3.93675853701676,0.429593094931106,0.567591873327805,0
1.1539060885346,1.08206068443671,-0.375510056767817,-0.429604892379642,-0.0117984086795505,3.93589332720925,0.429604892379642,0.566819588549952,0
1.15490600715551,1.08296973838336,-0.37592653986535,-0.429616689828178,-0.0117984086795505,3.9350281871666,0.429616689828177,0.566047586442018,0
1.15590592577642,1.0838787874165,-0.376343033687371,-0.429628487276713,-0.0117984086795505,3.93416311693497,0.429628487276713,0.565275867450897,0
1.15690584439734,1.08478783153601,-0.376759538233822,-0.429640284725249,-0.0117984086795505,3.93329811656053,0.429640284725249,0.56450443202426,0
1.15790576301825,1.08569687074177,-0.377176053504646,-0.429652082173785,-0.0117984086795505,3.93243318608951,0.429652082173785,0.563733280610558,0
1.15890568163917,1.08660590503457,-0.377592579497775,-0.429663702849813,-0.00472692502265915,3.93156832556704,0.429663702849814,0.562962413657616,0
1.15990560026008,1.08751493595872,-0.378009112842645,-0.429668429390163,-0.00472692502265915,3.93070353317802,0.429668429390163,0.562191829252158,0
1.16090551888099,1.0884239649141,-0.378425650484082,-0.429673155930513,-0.00472692502265915,3.92983880727984,0.429673155930513,0.561421525697882,0
1.16190543750191,1.08933299190069,-0.378842192422076,-0.429677882470863,-0.00472692502265915,3.92897414791643,0.429677882470863,0.560651503439144,0
1.16290535612282,1.09024201691846,-0.379258738656619,-0.429682609011213,-0.00472692502265915,3.92810955513174,0.429682609011213,0.559881762921073,0
1.16390527474374,1.0911510399674,-0.3796752891877,-0.429687335551563,-0.00472692502265915,3.92724502896976,0.429687335551562,0.559112304589575,0
1.16490519336465,1.09206006104749,-0.38009184401531,-0.429692062091912,-0.00472692502265915,3.92638056947453,0.429692062091912,0.558343128891333,0
1.16590511198556,1.0929690801587,-0.380508403139441,-0.429696788632262,-0.00472692502265915,3.9255161766901,0.429696788632262,0.557574236273809,0
1.16690503060648,1.09387809730102,-0.380924966560083,-0.429701515172612,-0.00472692502265915,3.92465185066058,0.429701515172612,0.556805627185245,0
1.16790494922739,1.09478711247443,-0.381341534277226,-0.429706241712962,-0.00472692502265915,3.92378759143009,0.429706241712962,0.556037302074664,0
1.1689048678483,1.0956961256789,-0.381758106290861,-0.429710968253312,-0.00472692502265915,3.9229233990428,0.429710968253312,0.55526926139187,0
1.16990478646922,1.09660513691442,-0.38217468260098,-0.429715694793662,-0.00472692502265915,3.92205927354293,0.429715694793662,0.554501505587451,0
1.17090470509013,1.09751414618096,-0.382591263207572,-0.429720421334011,-0.00472692502265915,3.9211952149747,0.429720421334011,0.553734035112781,0
1.17190462371105,1.09842315347851,-0.383007848110628,-0.429725147874361,-0.00472692502265915,3.9203312233824,0.429725147874361,0.552966850420018,0
1.17290454233196,1.09933215880704,-0.383424437310139,-0.429729874414711,-0.00472692502265915,3.91946729881033,0.429729874414711,0.552199951962108,0
1.17390446095287,1.10024116216653,-0.383841030806096,-0.429734600955061,-0.00472692502265915,3.91860344130285,0.429734600955061,0.551433340192784,0
1.17490437957379,1.10115016355697,-0.38425762859849,-0.429739327495411,-0.00472692502265915,3.91773965090433,0.429739327495411,0.550667015566568,0
1.1759042981947,1.10205916297834,-0.38467423068731,-0.429744054035761,-0.00472692502265915,3.91687592765919,0.429744054035761,0.549900978538776,0
1.17690421681562,1.1029681604306,-0.385090837072549,-0.42974878057611,-0.00472692502265915,3.91601227161188,0.42974878057611,0.549135229565511,0
1.17790413543653,1.10387715591375,-0.385507447754195,-0.42975350711646,-0.00472692502265915,3.91514868280691,0.42975350711646,0.548369769103671,0
1.17890405405744,1.10478614942777,-0.385924062732241,-0.42975823365681,-0.00472692502265915,3.91428516128878,0.42975823365681,0.547604597610949,0
1.17990397267836,1.10569514097262,-0.386340682006677,-0.42976296019716,-0.00472692502265915,3.91342170710206,0.42976296019716,0.546839715545832,0
1.18090389129927,1.1066041305483,-0.386757305577494,-0.42976768673751,-0.00472692502265915,3.91255832029136,0.42976768673751,0.546075123367603,0
1.18190380992019,1.10751311815478,-0.387173933444681,-0.42977241327786,-0.00472692502265915,3.91169500090129,0.42977241327786,0.545310821536344,0
1.1829037285411,1.10842210379204,-0.387590565608231,-0.42977713981821,-0.00472692502265915,3.91083174897654,0.42977713981821,0.544546810512935,0
1.18390364716201,1.10933108746006,-0.388007202068133,-0.429781866358559,-0.00472692502265915,3.9099685645618,0.429781866358559,0.543783090759055,0
1.18490356578293,1.11024006915882,-0.388423842824379,-0.429786592898909,-0.00472692502265915,3.90910544770182,0.429786592898909,0.543019662737187,0
1.18590348440384,1.1111490488883,-0.388840487876958,-0.429791319439259,-0.00472692502265915,3.90824239844137,0.429791319439259,0.542256526910613,0
1.18690340302475,1.11205802664848,-0.389257137225863,-0.429796045979609,-0.00472692502265915,3.90737941682527,0.429796045979609,0.541493683743421,0
1.18790332164567,1.11296700243934,-0.389673790871082,-0.429800772519959,-0.00472692502265915,3.90651650289836,0.429800772519959,0.540731133700503,0
1.18890324026658,1.11387597626087,-0.390090448812608,-0.429805499060309,-0.00472692502265915,3.90565365670553,0.429805499060309,0.539968877247556,0
1.1899031588875,1.11478494811303,-0.390507111050431,-0.429810225600658,-0.00472692502265915,3.9047908782917,0.429810225600658,0.539206914851086,0
1.19090307750841,1.11569391799581,-0.390923777584541,-0.429814952141008,-0.00472692502265915,3.90392816770182,0.429814952141008,0.538445246978405,0
1.19190299612932,1.11660288590919,-0.391340448414929,-0.429819678681358,-0.00472692502265915,3.9030655249809,0.429819678681358,0.537683874097636,0
1.19290291475024,1.11751185185314,-0.391757123541586,-0.429824405221708,-0.00472692502265915,3.90220295017396,0.429824405221708,0.536922796677713,0
1.19390283337115,1.11842081582766,-0.392173802964503,-0.429829131762058,-0.00472692502265915,3.90134044332607,0.429829131762058,0.536162015188381,0
1.19490275199207,1.11932977783271,-0.39259048668367,-0.429833858302408,-0.00472692502265915,3.90047800448233,0.429833858302408,0.535401530100198,0
1.19590267061298,1.12023873786828,-0.393007174699078,-0.429838584842757,-0.00472692502265915,3.89961563368787,0.429838584842757,0.534641341884536,0
1.19690258923389,1.12114769593435,-0.393423867010717,-0.429843311383107,-0.00472692502265915,3.89875333098788,0.429843311383107,0.533881451013583,0
1.19790250785481,1.12205665203089,-0.393840563618579,-0.429848037923457,-0.00472692502265915,3.89789109642756,0.429848037923457,0.533121857960344,0
1.19890242647572,1.1229656061579,-0.394257264522654,-0.429852764463807,-0.00472692502265915,3.89702893005216,0.429852764463807,0.53236256319864,0
1.19990234509663,1.12387455831533,-0.394673969722932,-0.429857491004157,-0.00472692502265915,3.89616683190697,0.429857491004157,0.531603567203114,0
1.20090226371755,1.12478350850319,-0.395090679219405,-0.429862217544507,-0.00472692502265915,3.89530480203731,0.429862217544507,0.530844870449225,0
1.20190218233846,1.12569245672143,-0.395507393012063,-0.429866944084857,-0.00472692502265915,3.89444284048853,0.429866944084857,0.530086473413257,0
1.20290210095938,1.12660140297006,-0.395924111100897,-0.429871670625206,-0.00472692502265915,3.89358094730604,0.429871670625206,0.529328376572315,0
1.20390201958029,1.12751034724904,-0.396340833485897,-0.429876397165556,-0.00472692502265915,3.89271912253525,0.429876397165556,0.528570580404328,0
1.2049019382012,1.12841928955835,-0.396757560167055,-0.429881123705906,-0.00472692502265915,3.89185736622163,0.429881123705906,0.527813085388047,0
1.20590185682212,1.12932822989798,-0.39717429114436,-0.429885850246256,-0.00472692502265915,3.8909956784107,0.429885850246256,0.527055892003055,0
1.20690177544303,1.1302371682679,-0.397591026417804,-0.429890576786606,-0.00472692502265915,3.89013405914799,0.429890576786606,0.526299000729758,0
1.20790169406395,1.1311461046681,-0.398007765987377,-0.429895303326956,-0.00472692502265915,3.88927250847907,0.429895303326956,0.52554241204939,0
1.20890161268486,1.13205503909854,-0.39842450985307,-0.429900029867305,-0.00472692502265915,3.88841102644957,0.429900029867305,0.524786126444016,0
1.20990153130577,1.13296397155923,-0.398841258014873,-0.429904756407655,-0.00472692502265915,3.88754961310513,0.429904756407655,0.524030144396533,0
1.21090144992669,1.13387290205012,-0.399258010472778,-0.429909482948005,-0.00472692502265915,3.88668826849144,0.429909482948005,0.523274466390666,0
1.2119013685476,1.13478183057121,-0.399674767226775,-0.429914209488355,-0.00472692502265915,3.88582699265423,0.429914209488355,0.522519092910979,0
1.21290128716851,1.13569075712247,-0.400091528276855,-0.429918936028705,-0.00472692502265915,3.88496578563925,0.429918936028705,0.521764024442864,0
1.21390120578943,1.13659968170388,-0.400508293623007,-0.429923662569055,-0.00472692502265915,3.88410464749231,0.429923662569055,0.521009261472553,0
1.21490112441034,1.13750860431543,-0.400925063265224,-0.429928389109405,-0.00472692502265915,3.88324357825924,0.429928389109405,0.520254804487112,0
1.21590104303126,1.13841752495708,-0.401341837203496,-0.429933115649754,-0.00472692502265915,3.8823825779859,0.429933115649754,0.519500653974447,0
1.21690096165217,1.13932644362883,-0.401758615437813,-0.429937842190104,-0.00472692502265915,3.88152164671822,0.429937842190104,0.518746810423301,0
1.21790088027308,1.14023536033064,-0.402175397968166,-0.429942568730454,-0.00472692502265915,3.88066078450214,0.429942568730454,0.517993274323257,0
1.218900798894,1.14114427506251,-0.402592184794546,-0.429947295270804,-0.00472692502265915,3.87979999138364,0.429947295270804,0.517240046164742,0
1.21990071751491,1.14205318782441,-0.403008975916944,-0.429952021811154,-0.00472692502265915,3.87893926740874,0.429952021811154,0.516487126439023,0
1.22090063613583,1.14296209861631,-0.40342577133535,-0.429956748351504,-0.00472692502265915,3.8780786126235,0.429956748351504,0.515734515638212,0
1.22190055475674,1.14387100743821,-0.403842571049754,-0.429961474891853,-0.00472692502265915,3.87721802707401,0.429961474891853,0.514982214255265,0
1.22290047337765,1.14477991429007,-0.404259375060148,-0.429966201432203,-0.00472692502265915,3.87635751080641,0.429966201432203,0.514230222783985,0
1.22390039199857,1.14568881917189,-0.404676183366523,-0.429970927972553,-0.00472692502265915,3.87549706386686,0.429970927972553,0.51347854171902,0
1.22490031061948,1.14659772208363,-0.405092995968868,-0.429975654512903,-0.00472692502265915,3.87463668630158,0.429975654512903,0.51272717155587,0
1.22590022924039,1.14750662302528,-0.405509812867175,-0.429980381053253,-0.00472692502265915,3.8737763781568,0.429980381053253,0.51197611279088,0
1.22690014786131,1.14841552199682,-0.405926634061434,-0.429985107593603,-0.00472692502265915,3.87291613947881,0.429985107593603,0.511225365921251,0
1.22790006648222,1.14932441899823,-0.406343459551637,-0.429989834133952,-0.00472692502265915,3.87205597031393,0.429989834133953,0.510474931445031,0
1.22889998510314,1.15023331402948,-0.406760289337773,-0.429994560674302,-0.00472692502265915,3.8711958707085,0.429994560674302,0.509724809861123,0
1.22989990372405,1.15114220709056,-0.407177123419833,-0.429999287214652,-0.00472692502265915,3.87033584070894,0.429999287214652,0.508975001669286,0
1.23089982234496,1.15205109818145,-0.407593961797808,-0.430004013755002,-0.00472692502265915,3.86947588036165,0.430004013755002,0.508225507370131,0
1.23189974096588,1.15295998730213,-0.40801080447169,-0.430008740295352,-0.00472692502265915,3.86861598971313,0.430008740295352,0.507476327465127,0
1.23289965958679,1.15386887445257,-0.408427651441467,-0.430013466835702,-0.00472692502265915,3.86775616880986,0.430013466835702,0.506727462456602,0
1.23389957820771,1.15477775963275,-0.408844502707132,-0.430018193376052,-0.00472692502265915,3.8668964176984,0.430018193376052,0.505978912847741,0
1.23489949682862,1.15568664284267,-0.409261358268675,-0.430022919916401,-0.00472692502265915,3.86603673642533,0.430022919916401,0.50523067914259,0
1.23589941544953,1.15659552408228,-0.409678218126086,-0.430027646456751,-0.00472692502265915,3.86517712503726,0.430027646456751,0.504482761846055,0
1.23689933407045,1.15750440335158,-0.410095082279356,-0.430032372997101,-0.00472692502265915,3.86431758358085,0.430032372997101,0.503735161463906,0
1.23789925269136,1.15841328065055,-0.410511950728476,-0.430037099537451,-0.00472692502265915,3.8634581121028,0.430037099537451,0.502987878502775,0
1.23889917131228,1.15932215597916,-0.410928823473437,-0.430041826077801,-0.00472692502265915,3.86259871064984,0.430041826077801,0.502240913470159,0
1.23989908993319,1.1602310293374,-0.411345700514229,-0.430046552618151,-0.00472692502265915,3.86173937926874,0.430046552618151,0.501494266874422,0
1.2408990085541,1.16113990072523,-0.411762581850843,-0.4300512791585,-0.00472692502265915,3.8608801180063,0.4300512791585,0.500747939224794,0
1.24189892717502,1.16204877014266,-0.41217946748327,-0.43005600569885,-0.00472692502265915,3.86002092690937,0.43005600569885,0.500001931031371,0
1.24289884579593,1.16295763758964,-0.4125963574115,-0.4300607322392,-0.00472692502265915,3.85916180602484,0.4300607322392,0.499256242805123,0
1.24389876441684,1.16386650306617,-0.413013251635524,-0.43006545877955,-0.00472692502265915,3.85830275539962,0.43006545877955,0.498510875057886,0
1.24489868303776,1.16477536657222,-0.413430150155332,-0.4300701853199,-0.00472692502265915,3.85744377508068,0.4300701853199,0.49776582830237,0
1.24589860165867,1.16568422810777,-0.413847052970916,-0.43007491186025,-0.00472692502265915,3.85658486511502,0.43007491186025,0.497021103052156,0
1.24689852027959,1.16659308767281,-0.414263960082266,-0.430079638400599,-0.00472692502265915,3.85572602554966,0.4300796384006,0.496276699821701,0
1.2478984389005,1.1675019452673,-0.414680871489373,-0.430084364940949,-0.00472692502265915,3.85486725643168,0.430084364940949,0.495532619126335,0
1.24889835752141,1.16841080089124,-0.415097787192227,-0.430089091481299,-0.00472692502265915,3.85400855780819,0.430089091481299,0.494788861482265,0
1.24989827614233,1.1693196545446,-0.41551470719082,-0.430093818021649,-0.00472692502265915,3.85314992972635,0.430093818021649,0.494045427406575,0
1.25089819476324,1.17022850622736,-0.415931631485141,-0.430098544561999,-0.00472692502265915,3.85229137223334,0.430098544561999,0.493302317417228,0
1.25189811338416,1.1711373559395,-0.416348560075182,-0.430103271102349,-0.00472692502265915,3.85143288537639,0.430103271102348,0.492559532033066,0
1.25289803200507,1.172046203681,-0.416765492960932,-0.430107997642699,-0.00472692502265915,3.85057446920275,0.430107997642699,0.491817071773811,0
1.25389795062598,1.17295504945183,-0.417182430142384,-0.430112724183048,-0.00472692502265915,3.84971612375974,0.430112724183048,0.491074937160069,0
1.2548978692469,1.17386389325199,-0.417599371619527,-0.430117450723398,-0.00472692502265915,3.84885784909469,0.430117450723398,0.490333128713326,0
1.25589778786781,1.17477273508145,-0.418016317392353,-0.430122177263748,-0.00472692502265915,3.84799964525499,0.430122177263748,0.489591646955955,0
1.25689770648872,1.17568157494019,-0.418433267460851,-0.430126903804098,-0.00472692502265915,3.84714151228804,0.430126903804098,0.488850492411213,0
1.25789762510964,1.17659041282818,-0.418850221825013,-0.430131630344448,-0.00472692502265915,3.84628345024132,0.430131630344448,0.488109665603243,0
1.25889754373055,1.17749924874541,-0.41926718048483,-0.430136356884798,-0.00472692502265915,3.8454254591623,0.430136356884797,0.487369167057076,0
1.25989746235147,1.17840808269186,-0.419684143440291,-0.430141083425147,-0.00472692502265915,3.84456753909852,0.430141083425148,0.48662899729863,0
1.26089738097238,1.17931691466751,-0.420101110691388,-0.430145809965497,-0.00472692502265915,3.84370969009756,0.430145809965497,0.485889156854715,0
1.26189729959329,1.18022574467234,-0.420518082238111,-0.430150536505847,-0.00472692502265915,3.84285191220703,0.430150536505847,0.485149646253032,0
1.26289721821421,1.18113457270632,-0.420935058080452,-0.430155263046197,-0.00472692502265915,3.84199420547456,0.430155263046197,0.484410466022172,0
1.26389713683512,1.18204339876944,-0.4213520382184,-0.430159989586547,-0.00472692502265915,3.84113656994786,0.430159989586547,0.483671616691621,0
1.26489705545604,1.18295222286168,-0.421769022651946,-0.430164716126897,-0.00472692502265915,3.84027900567464,0.430164716126896,0.482933098791758,0
1.26589697407695,1.18386104498301,-0.422186011381081,-0.430169442667246,-0.00472692502265915,3.83942151270267,0.430169442667246,0.482194912853857,0
1.26689689269786,1.18476986513342,-0.422603004405797,-0.430174169207596,-0.00472692502265915,3.83856409107975,0.430174169207596,0.48145705941009,0
1.26789681131878,1.18567868331288,-0.423020001726083,-0.430178895747946,-0.00472692502265915,3.83770674085372,0.430178895747946,0.480719538993527,0
1.26889672993969,1.18658749952138,-0.423437003341929,-0.430183622288296,-0.00472692502265915,3.83684946207247,0.430183622288296,0.479982352138133,0
1.2698966485606,1.18749631375889,-0.423854009253328,-0.430188348828646,-0.00472692502265915,3.83599225478391,0.430188348828646,0.479245499378778,0
1.27089656718152,1.1884051260254,-0.424271019460269,-0.430193075368996,-0.00472692502265915,3.835135119036,0.430193075368996,0.478508981251228,0
1.27189648580243,1.18931393632088,-0.424688033962744,-0.430197801909345,-0.00472692502265915,3.83427805487674,0.430197801909345,0.477772798292156,0
1.27289640442335,1.19022274464532,-0.425105052760742,-0.430202528449695,-0.00472692502265915,3.83342106235417,0.430202528449696,0.477036951039133,0
1.27389632304426,1.19113155099869,-0.425522075854255,-0.430207254990045,-0.00472692502265915,3.83256414151635,0.430207254990045,0.476301440030639,0
1.27489624166517,1.19204035538097,-0.425939103243273,-0.430211981530395,-0.00472692502265915,3.83170729241141,0.430211981530395,0.475566265806055,0
1.27589616028609,1.19294915779215,-0.426356134927787,-0.430216708070745,-0.00472692502265915,3.83085051508749,0.430216708070745,0.474831428905672,0
1.276896078907,1.1938579582322,-0.426773170907788,-0.430221434611095,-0.00472692502265915,3.82999380959279,0.430221434611095,0.474096929870687,0
1.27789599752792,1.1947667567011,-0.427190211183266,-0.430226161151445,-0.00472692502265915,3.82913717597553,0.430226161151444,0.473362769243206,0
1.27889591614883,1.19567555319883,-0.427607255754211,-0.430230887691794,-0.00472692502265915,3.828280614284,0.430230887691795,0.472628947566244,0
1.27989583476974,1.19658434772538,-0.428024304620616,-0.430235614232144,-0.00472692502265915,3.82742412456649,0.430235614232144,0.471895465383728,0
1.28089575339066,1.19749314028072,-0.42844135778247,-0.430240340772494,-0.00472692502265915,3.82656770687135,0.430240340772494,0.471162323240496,0
1.28189567201157,1.19840193086483,-0.428858415239764,-0.430245067312844,-0.00472692502265915,3.82571136124698,0.430245067312844,0.4704295216823,0
1.28289559063249,1.19931071947768,-0.429275476992488,-0.430249793853194,-0.00472692502265915,3.8248550877418,0.430249793853194,0.469697061255804,0
1.2838955092534,1.20021950611927,-0.429692543040634,-0.430254520393544,-0.00472692502265915,3.82399888640428,0.430254520393544,0.468964942508591,0
1.28489542787431,1.20112829078958,-0.430109613384192,-0.430259246933893,-0.00472692502265915,3.82314275728292,0.430259246933893,0.468233165989156,0
1.28589534649523,1.20203707348857,-0.430526688023153,-0.430263973474243,-0.00472692502265915,3.82228670042626,0.430263973474243,0.467501732246915,0
1.28689526511614,1.20294585421623,-0.430943766957507,-0.430268700014593,-0.00472692502265915,3.8214307158829,0.430268700014593,0.466770641832199,0
1.28789518373705,1.20385463304531,-0.431360850028669,-0.430272030598231,0.000857356089863493,3.82057480361123,0.430272030598231,0.466039895177133,0
1.28889510235797,1.20476341157695,-0.43177793374794,-0.430271173311912,0.000857356089863493,3.81971896167462,0.430271173311912,0.465309490211436,0
1.28989502097888,1.20567219046615,-0.432195016688127,-0.430270316025593,0.000857356089863493,3.81886318930804,0.430270316025593,0.464579426410472,0
1.2908949395998,1.20658096971291,-0.432612098849231,-0.430269458739274,0.000857356089863493,3.81800748655826,0.430269458739274,0.463849704322116,0
1.29189485822071,1.20748974931723,-0.43302918023125,-0.430268601452955,0.000857356089863493,3.81715185347212,0.430268601452955,0.463120324495157,0
1.29289477684162,1.20839852927911,-0.433446260834185,-0.430267744166636,0.000857356089863493,3.81629629009646,0.430267744166636,0.462391287479303,0
1.29389469546254,1.20930730959854,-0.433863340658035,-0.430266886880317,0.000857356089863493,3.81544079647818,0.430266886880317,0.461662593825178,0
1.29489461408345,1.21021609027553,-0.4342804197028,-0.430266029593998,0.000857356089863493,3.81458537266421,0.430266029593998,0.46093424408433,0
1.29589453270437,1.21112487131007,-0.434697497968479,-0.430265172307679,0.000857356089863493,3.81373001870153,0.43026517230768,0.460206238809224,0
1.29689445132528,1.21203365270217,-0.435114575455073,-0.43026431502136,0.000857356089863493,3.81287473463715,0.43026431502136,0.459478578553247,0
1.29789436994619,1.21294243445183,-0.435531652162581,-0.430263457735041,0.000857356089863493,3.81201952051811,0.430263457735041,0.458751263870712,0
1.29889428856711,1.21385121655903,-0.435948728091002,-0.430262600448722,0.000857356089863493,3.81116437639151,0.430262600448722,0.458024295316854,0
1.29989420718802,1.2147599990238,-0.436365803240337,-0.430261743162403,0.000857356089863493,3.81030930230446,0.430261743162403,0.457297673447832,0
1.30089412580893,1.21566878184611,-0.436782877610585,-0.430260885876084,0.000857356089863493,3.80945429830414,0.430260885876085,0.456571398820732,0
1.30189404442985,1.21657756502598,-0.437199951201746,-0.430260028589765,0.000857356089863493,3.80859936443774,0.430260028589765,0.455845471993569,0
1.30289396305076,1.21748634856339,-0.437617024013819,-0.430259171303446,0.000857356089863493,3.80774450075251,0.430259171303446,0.455119893525282,0
1.30389388167168,1.21839513245836,-0.438034096046804,-0.430258314017127,0.000857356089863493,3.80688970729573,0.430258314017127,0.454394663975743,0
1.30489380029259,1.21930391671088,-0.438451167300701,-0.430257456730808,0.000857356089863493,3.80603498411471,0.430257456730808,0.453669783905753,0
1.3058937189135,1.22021270132094,-0.43886823777551,-0.430256599444489,0.000857356089863493,3.80518033125681,0.43025659944449,0.452945253877044,0
1.30689363753442,1.22112148628856,-0.43928530747123,-0.43025574215817,0.000857356089863493,3.80432574876943,0.43025574215817,0.452221074452281,0
1.30789355615533,1.22203027161372,-0.439702376387861,-0.430254884871851,0.000857356089863493,3.8034712367,0.430254884871851,0.451497246195061,0
1.30889347477625,1.22293905729643,-0.440119444525402,-0.430254027585532,0.000857356089863493,3.80261679509599,0.430254027585533,0.450773769669918,0
1.30989339339716,1.22384784333669,-0.440536511883854,-0.430253170299214,0.000857356089863493,3.80176242400492,0.430253170299213,0.450050645442318,0
1.31089331201807,1.22475662973449,-0.440953578463216,-0.430252313012895,0.000857356089863493,3.80090812347434,0.430252313012895,0.449327874078668,0
1.31189323063899,1.22566541648984,-0.441370644263487,-0.430251455726576,0.000857356089863493,3.80005389355183,0.430251455726576,0.448605456146308,0
1.3128931492599,1.22657420360273,-0.441787709284668,-0.430250598440257,0.000857356089863493,3.79919973428502,0.430250598440256,0.44788339221352,0
1.31389306788081,1.22748299107316,-0.442204773526758,-0.430249741153938,0.000857356089863493,3.79834564572159,0.430249741153938,0.447161682849523,0
1.31489298650173,1.22839177890114,-0.442621836989757,-0.430248883867619,0.000857356089863493,3.79749162790923,0.430248883867618,0.446440328624478,0
1.31589290512264,1.22930056708666,-0.443038899673664,-0.4302480265813,0.000857356089863493,3.79663768089569,0.4302480265813,0.445719330109489,0
1.31689282374356,1.23020935562972,-0.443455961578479,-0.430247169294981,0.000857356089863493,3.79578380472876,0.430247169294981,0.444998687876599,0
1.31789274236447,1.23111814453033,-0.443873022704203,-0.430246312008662,0.000857356089863493,3.79492999945626,0.430246312008661,0.444278402498799,0
1.31889266098538,1.23202693378847,-0.444290083050834,-0.430245454722343,0.000857356089863493,3.79407626512605,0.430245454722343,0.443558474550021,0
1.3198925796063,1.23293572340416,-0.444707142618372,-0.430244597436024,0.000857356089863493,3.79322260178603,0.430244597436023,0.442838904605145,0
1.32089249822721,1.23384451337738,-0.445124201406817,-0.430243740149705,0.000857356089863493,3.79236900948414,0.430243740149705,0.442119693239995,0
1.32189241684813,1.23475330370814,-0.445541259416168,-0.430242882863386,0.000857356089863493,3.79151548826837,0.430242882863386,0.441400841031348,0
1.32289233546904,1.23566209439644,-0.445958316646426,-0.430242025577067,0.000857356089863493,3.79066203818672,0.430242025577066,0.440682348556923,0
1.32389225408995,1.23657088544228,-0.44637537309759,-0.430241168290748,0.000857356089863493,3.78980865928726,0.430241168290748,0.439964216395394,0
1.32489217271087,1.23747967684565,-0.44679242876966,-0.430240311004429,0.000857356089863493,3.78895535161809,0.430240311004429,0.439246445126383,0
1.32589209133178,1.23838846860656,-0.447209483662635,-0.43023945371811,0.000857356089863493,3.78810211522735,0.43023945371811,0.438529035330464,0
1.3268920099527,1.239297260725,-0.447626537776516,-0.430238596431791,0.000857356089863493,3.7872489501632,0.430238596431791,0.437811987589163,0
1.32789192857361,1.24020605320098,-0.4480435911113,-0.430237739145472,0.000857356089863493,3.78639585647386,0.430237739145472,0.437095302484963,0
1.32889184719452,1.2411148460345,-0.44846064366699,-0.430236881859153,0.000857356089863493,3.7855428342076,0.430236881859153,0.436378980601298,0
1.32989176581544,1.24202363922554,-0.448877695443584,-0.430236024572834,0.000857356089863493,3.78468988341269,0.430236024572834,0.435663022522558,0
1.33089168443635,1.24293243277412,-0.449294746441081,-0.430235167286515,0.000857356089863493,3.78383700413749,0.430235167286515,0.434947428834091,0
1.33189160305726,1.24384122668023,-0.449711796659482,-0.430234310000196,0.000857356089863493,3.78298419643035,0.430234310000196,0.434232200122203,0
1.33289152167818,1.24475002094387,-0.450128846098787,-0.430233452713877,0.000857356089863493,3.7821314603397,0.430233452713877,0.433517336974156,0
1.33389144029909,1.24565881556504,-0.450545894758994,-0.430232595427558,0.000857356089863493,3.78127879591398,0.430232595427558,0.432802839978172,0
1.33489135892001,1.24656761054374,-0.450962942640104,-0.430231738141239,0.000857356089863493,3.78042620320169,0.430231738141239,0.432088709723436,0
1.33589127754092,1.24747640587997,-0.451379989742117,-0.43023088085492,0.000857356089863493,3.77957368225136,0.43023088085492,0.431374946800092,0
1.33689119616183,1.24838520157373,-0.451797036065031,-0.430230023568601,0.000857356089863493,3.77872123311156,0.430230023568601,0.430661551799247,0
1.33789111478275,1.24929399762502,-0.452214081608847,-0.430229166282282,0.000857356089863493,3.7778688558309,0.430229166282282,0.429948525312971,0
1.33889103340366,1.25020279403383,-0.452631126373565,-0.430228308995963,0.000857356089863493,3.77701655045803,0.430228308995963,0.429235867934299,0
1.33989095202458,1.25111159080017,-0.453048170359183,-0.430227451709644,0.000857356089863493,3.77616431704165,0.430227451709644,0.42852358025723,0
1.34089087064549,1.25202038792403,-0.453465213565703,-0.430226594423325,0.000857356089863493,3.77531215563048,0.430226594423325,0.42781166287673,0
1.3418907892664,1.25292918540543,-0.453882255993123,-0.430225737137006,0.000857356089863493,3.7744600662733,0.430225737137006,0.427100116388731,0
1.34289070788732,1.25383798324434,-0.454299297641443,-0.430224879850687,0.000857356089863493,3.77360804901891,0.430224879850687,0.426388941390134,0
1.34389062650823,1.25474678144078,-0.454716338510663,-0.430224022564368,0.000857356089863493,3.77275610391617,0.430224022564368,0.42567813847881,0
1.34489054512914,1.25565557999474,-0.455133378600783,-0.430223165278049,0.000857356089863493,3.77190423101397,0.430223165278049,0.424967708253596,0
1.34589046375006,1.25656437890623,-0.455550417911802,-0.43022230799173,0.000857356089863493,3.77105243036123,0.43022230799173,0.424257651314304,0
1.34689038237097,1.25747317817523,-0.45596745644372,-0.430221450705411,0.000857356089863493,3.77020070200693,0.430221450705411,0.423547968261715,0
1.34789030099189,1.25838197780176,-0.456384494196536,-0.430220593419092,0.000857356089863493,3.76934904600008,0.430220593419092,0.422838659697584,0
1.3488902196128,1.25929077778581,-0.456801531170251,-0.430219736132773,0.000857356089863493,3.76849746238973,0.430219736132773,0.422129726224637,0
1.34989013823371,1.26019957812737,-0.457218567364864,-0.430218878846454,0.000857356089863493,3.76764595122496,0.430218878846454,0.421421168446578,0
1.35089005685463,1.26110837882646,-0.457635602780375,-0.430218021560135,0.000857356089863493,3.76679451255492,0.430218021560135,0.420712986968083,0
1.35188997547554,1.26201717988307,-0.458052637416783,-0.430217164273816,0.000857356089863493,3.76594314642877,0.430217164273816,0.420005182394807,0
1.35288989409646,1.26292598129719,-0.458469671274089,-0.430216306987497,0.000857356089863493,3.76509185289572,0.430216306987497,0.41929775533338,0
1.35388981271737,1.26383478306883,-0.458886704352291,-0.430215449701178,0.000857356089863493,3.76424063200503,0.430215449701178,0.41859070639141,0
1.35488973133828,1.26474358519798,-0.45930373665139,-0.430214592414859,0.000857356089863493,3.76338948380599,0.430214592414859,0.417884036177484,0
1.3558896499592,1.26565238768466,-0.459720768171385,-0.43021373512854,0.000857356089863493,3.76253840834793,0.43021373512854,0.417177745301171,0
1.35688956858011,1.26656119052884,-0.460137798912275,-0.430212877842221,0.000857356089863493,3.76168740568023,0.430212877842221,0.416471834373017,0
1.35788948720102,1.26746999373055,-0.460554828874062,-0.430212020555902,0.000857356089863493,3.76083647585229,0.430212020555902,0.415766304004551,0
1.35888940582194,1.26837879728976,-0.460971858056743,-0.430211163269583,0.000857356089863493,3.75998561891357,0.430211163269583,0.415061154808286,0
1.35988932444285,1.26928760120649,-0.46138888646032,-0.430210305983264,0.000857356089863493,3.75913483491358,0.430210305983264,0.414356387397715,0
1.36088924306377,1.27019640548073,-0.461805914084791,-0.430209448696945,0.000857356089863493,3.75828412390183,0.430209448696945,0.413652002387317,0
1.36188916168468,1.27110521011248,-0.462222940930157,-0.430208591410626,0.000857356089863493,3.75743348592791,0.430208591410626,0.412948000392556,0
1.36288908030559,1.27201401510175,-0.462639966996417,-0.430207734124307,0.000857356089863493,3.75658292104144,0.430207734124307,0.41224438202988,0
1.36388899892651,1.27292282044852,-0.463056992283571,-0.430206876837988,0.000857356089863493,3.75573242929207,0.430206876837988,0.411541147916726,0
1.36488891754742,1.2738316261528,-0.463474016791618,-0.430206019551669,0.000857356089863493,3.7548820107295,0.430206019551669,0.410838298671516,0
1.36588883616834,1.2747404322146,-0.463891040520558,-0.43020516226535,0.000857356089863493,3.75403166540347,0.43020516226535,0.410135834913663,0
1.36688875478925,1.2756492386339,-0.464308063470391,-0.430204304979031,0.000857356089863493,3.75318139336375,0.430204304979031,0.409433757263566,0
1.36788867341016,1.27655804541071,-0.464725085641116,-0.430203447692712,0.000857356089863493,3.75233119466018,0.430203447692712,0.408732066342616,0
1.36888859203108,1.27746685254502,-0.465142107032734,-0.430202590406393,0.000857356089863493,3.7514810693426,0.430202590406393,0.408030762773195,0
1.36988851065199,1.27837566003684,-0.465559127645244,-0.430201733120074,0.000857356089863493,3.75063101746093,0.430201733120074,0.407329847178674,0
1.37088842927291,1.27928446788617,-0.465976147478645,-0.430200875833755,0.000857356089863493,3.7497810390651,0.430200875833755,0.40662932018342,0
1.37188834789382,1.28019327609301,-0.466393166532938,-0.430200018547436,0.000857356089863493,3.7489311342051,0.430200018547436,0.405929182412789,0
1.37288826651473,1.28110208465734,-0.466810184808122,-0.430199161261117,0.000857356089863493,3.74808130293095,0.430199161261117,0.405229434493134,0
1.37388818513565,1.28201089357918,-0.467227202304196,-0.430198303974798,0.000857356089863493,3.74723154529272,0.430198303974798,0.404530077051803,0
1.37488810375656,1.28291970285853,-0.467644219021161,-0.430197446688479,0.000857356089863493,3.74638186134052,0.430197446688479,0.403831110717137,0
1.37588802237747,1.28382851249538,-0.468061234959016,-0.43019658940216,0.000857356089863493,3.74553225112449,0.43019658940216,0.403132536118476,0
1.37688794099839,1.28473732248972,-0.46847825011776,-0.430195732115841,0.000857356089863493,3.74468271469483,0.430195732115841,0.402434353886154,0
1.3778878596193,1.28564613284157,-0.468895264497394,-0.430194874829522,0.000857356089863493,3.74383325210176,0.430194874829522,0.401736564651507,0
1.37888777824022,1.28655494355092,-0.469312278097918,-0.430194017543203,0.000857356089863493,3.74298386339556,0.430194017543203,0.401039169046866,0
1.37988769686113,1.28746375461777,-0.46972929091933,-0.430193160256884,0.000857356089863493,3.74213454862654,0.430193160256884,0.400342167705564,0
1.38088761548204,1.28837256604212,-0.47014630296163,-0.430192302970565,0.000857356089863493,3.74128530784505,0.430192302970565,0.399645561261932,0
1.38188753410296,1.28928137782397,-0.470563314224819,-0.430191445684246,0.000857356089863493,3.74043614110149,0.430191445684246,0.398949350351303,0
1.38288745272387,1.29019018996331,-0.470980324708896,-0.430190588397927,0.000857356089863493,3.7395870484463,0.430190588397927,0.398253535610014,0
1.38388737134479,1.29109900246016,-0.471397334413861,-0.430189731111608,0.000857356089863493,3.73873802992996,0.430189731111608,0.397558117675399,0
1.3848872899657,1.29200781531449,-0.471814343339712,-0.430188873825289,0.000857356089863493,3.73788908560298,0.430188873825289,0.3968630971858,0
1.38588720858661,1.29291662852633,-0.472231351486451,-0.43018801653897,0.000857356089863493,3.73704021551593,0.43018801653897,0.396168474780562,0
1.38688712720753,1.29382544209566,-0.472648358854077,-0.430187159252651,0.000857356089863493,3.73619141971941,0.430187159252651,0.395474251100033,0
1.38788704582844,1.29473425602248,-0.473065365442589,-0.430186301966332,0.000857356089863493,3.73534269826406,0.430186301966332,0.394780426785567,0
1.38888696444935,1.2956430703068,-0.473482371251987,-0.430185444680013,0.000857356089863493,3.73449405120057,0.430185444680014,0.394087002479525,0
1.38988688307027,1.29655188494861,-0.47389937628227,-0.430184587393694,0.000857356089863493,3.73364547857967,0.430184587393694,0.393393978825275,0
1.39088680169118,1.29746069994791,-0.47431638053344,-0.430183730107375,0.000857356089863493,3.73279698045213,0.430183730107375,0.392701356467191,0
1.3918867203121,1.2983695153047,-0.474733384005494,-0.430182872821056,0.000857356089863493,3.73194855686876,0.430182872821056,0.392009136050655,0
1.39288663893301,1.29927833101899,-0.475150386698434,-0.430182015534737,0.000857356089863493,3.73110020788041,0.430182015534737,0.391317318222061,0
1.39388655755392,1.30018714709076,-0.475567388612258,-0.430181158248418,0.000857356089863493,3.73025193353798,0.430181158248419,0.39062590362881,0
1.39488647617484,1.30109596352003,-0.475984389746966,-0.430180300962099,0.000857356089863493,3.7294037338924,0.430180300962099,0.389934892919312,0
1.39588639479575,1.30200478030678,-0.476401390102558,-0.43017944367578,0.000857356089863493,3.72855560899466,0.43017944367578,0.389244286742992,0
1.39688631341667,1.30291359745103,-0.476818389679034,-0.430178586389461,0.000857356089863493,3.72770755889576,0.430178586389461,0.388554085750283,0
1.39788623203758,1.30382241495276,-0.477235388476393,-0.430177729103142,0.000857356089863493,3.72685958364678,0.430177729103142,0.387864290592634,0
1.39888615065849,1.30473123281197,-0.477652386494635,-0.430176871816823,0.000857356089863493,3.72601168329882,0.430176871816824,0.387174901922502,0
1.39988606927941,1.30564005102868,-0.47806938373376,-0.430176014530504,0.000857356089863493,3.72516385790303,0.430176014530504,0.386485920393362,0
1.40088598790032,1.30654886960287,-0.478486380193767,-0.430175157244185,0.000857356089863493,3.72431610751058,0.430175157244185,0.385797346659701,0
1.40188590652123,1.30745768853454,-0.478903375874657,-0.430174299957866,0.000857356089863493,3.72346843217272,0.430174299957867,0.385109181377022,0
1.40288582514215,1.3083665078237,-0.479320370776428,-0.430173442671547,0.000857356089863493,3.72262083194072,0.430173442671547,0.384421425201843,0
1.40388574376306,1.30927532747034,-0.479737364899081,-0.430172585385228,0.000857356089863493,3.72177330686589,0.430172585385229,0.383734078791699,0
1.40488566238398,1.31018414747447,-0.480154358242615,-0.430171728098909,0.000857356089863493,3.72092585699958,0.43017172809891,0.38304714280514,0
1.40588558100489,1.31109296783608,-0.48057135080703,-0.43017087081259,0.000857356089863493,3.72007848239321,0.43017087081259,0.382360617901735,0
1.4068854996258,1.31200178855517,-0.480988342592325,-0.430170013526271,0.000857356089863493,3.7192311830982,0.430170013526272,0.381674504742072,0
1.40788541824672,1.31291060963174,-0.481405333598501,-0.430169156239952,0.000857356089863493,3.71838395916604,0.430169156239952,0.380988803987754,0
1.40888533686763,1.31381943106579,-0.481822323825557,-0.430168298953634,0.000857356089863493,3.71753681064826,0.430168298953634,0.380303516301408,0
1.40988525548855,1.31472825285732,-0.482239313273492,-0.430167441667315,0.000857356089863493,3.71668973759642,0.430167441667315,0.379618642346677,0
1.41088517410946,1.31563707500633,-0.482656301942307,-0.430166584380996,0.000857356089863493,3.71584274006214,0.430166584380995,0.378934182788226,0
1.41188509273037,1.31654589751282,-0.483073289832001,-0.430165727094677,0.000857356089863493,3.71499581809708,0.430165727094677,0.378250138291741,0
1.41288501135129,1.31745472037678,-0.483490276942573,-0.430164869808358,0.000857356089863493,3.71414897175292,0.430164869808357,0.37756650952393,0
1.4138849299722,1.31836354359823,-0.483907263274024,-0.430164012522039,0.000857356089863493,3.7133022010814,0.430164012522039,0.376883297152523,0
1.41488484859311,1.31927236717714,-0.484324248826353,-0.43016315523572,0.000857356089863493,3.71245550613431,0.43016315523572,0.376200501846271,0
1.41588476721403,1.32018119111354,-0.48474123359956,-0.430162297949401,0.000857356089863493,3.71160888696347,0.4301622979494,0.375518124274951,0
1.41688468583494,1.3210900156465,-0.485158217072549,-0.430159026462414,0.00594029721504753,3.71076234331558,0.430159026462414,0.374836164689956,0
1.41788460445586,1.32199884236417,-0.485575195783857,-0.430153086648615,0.00594029721504753,3.70991587321478,0.430153086648614,0.374154620974974,0
1.41888452307677,1.32290767155861,-0.485992169096896,-0.430147146834815,0.00594029721504753,3.70906947633851,0.430147146834815,0.373473493284835,0
1.41988444169768,1.32381650322977,-0.486409137011651,-0.430141207021016,0.00594029721504753,3.70822315273693,0.430141207021016,0.372792782287461,0
1.4208843603186,1.32472533737763,-0.486826099528108,-0.430135267207217,0.00594029721504753,3.70737690246024,0.430135267207217,0.372112488651796,0
1.42188427893951,1.32563417400216,-0.487243056646252,-0.430129327393418,0.00594029721504753,3.70653072555871,0.430129327393418,0.371432613047807,0
1.42288419756043,1.32654301310331,-0.487660008366069,-0.430123387579619,0.00594029721504753,3.70568462208263,0.430123387579619,0.370753156146481,0
1.42388411618134,1.32745185468107,-0.488076954687543,-0.43011744776582,0.00594029721504753,3.70483859208233,0.43011744776582,0.370074118619826,0
1.42488403480225,1.32836069873539,-0.488493895610659,-0.430111507952021,0.00594029721504753,3.70399263560819,0.430111507952021,0.369395501140876,0
1.42588395342317,1.32926954526625,-0.488910831135405,-0.430105568138222,0.00594029721504753,3.70314675271064,0.430105568138222,0.368717304383685,0
1.42688387204408,1.33017839427361,-0.489327761261763,-0.430099628324423,0.00594029721504753,3.70230094344013,0.430099628324423,0.368039529023332,0
1.427883790665,1.33108724575745,-0.489744685989721,-0.430093688510623,0.00594029721504753,3.70145520784716,0.430093688510623,0.36736217573592,0
1.42888370928591,1.33199609971772,-0.490161605319262,-0.430087748696824,0.00594029721504753,3.70060954598228,0.430087748696824,0.366685245198577,0
1.42988362790682,1.3329049561544,-0.490578519250373,-0.430081808883025,0.00594029721504753,3.69976395789608,0.430081808883025,0.366008738089457,0
1.43088354652774,1.33381381506745,-0.490995427783038,-0.430075869069226,0.00594029721504753,3.69891844363918,0.430075869069226,0.365332655087737,0
1.43188346514865,1.33472267645685,-0.491412330917244,-0.430069929255427,0.00594029721504753,3.69807300326226,0.430069929255427,0.364656996873622,0
1.43288338376956,1.33563154032256,-0.491829228652974,-0.430063989441628,0.00594029721504753,3.69722763681603,0.430063989441628,0.363981764128344,0
1.43388330239048,1.33654040666454,-0.492246120990215,-0.430058049627829,0.00594029721504753,3.69638234435123,0.430058049627829,0.363306957534161,0
1.43488322101139,1.33744927548278,-0.492663007928952,-0.43005210981403,0.00594029721504753,3.69553712591867,0.43005210981403,0.362632577774358,0
1.43588313963231,1.33835814677723,-0.49307988946917,-0.430046170000231,0.00594029721504753,3.69469198156918,0.430046170000231,0.361958625533249,0
1.43688305825322,1.33926702054786,-0.493496765610855,-0.430040230186431,0.00594029721504753,3.69384691135365,0.430040230186432,0.361285101496177,0
1.43788297687413,1.34017589679464,-0.493913636353991,-0.430034290372632,0.00594029721504753,3.693001915323,0.430034290372632,0.360612006349511,0
1.43888289549505,1.34108477551754,-0.494330501698564,-0.430028350558833,0.00594029721504753,3.69215699352818,0.430028350558833,0.359939340780651,0
1.43988281411596,1.34199365671653,-0.494747361644559,-0.430022410745034,0.00594029721504753,3.69131214602022,0.430022410745034,0.359267105478028,0
1.44088273273688,1.34290254039157,-0.495164216191962,-0.430016470931235,0.00594029721504753,3.69046737285014,0.430016470931235,0.358595301131099,0
1.44188265135779,1.34381142654263,-0.495581065340758,-0.430010531117436,0.00594029721504753,3.68962267406906,0.430010531117436,0.357923928430356,0
1.4428825699787,1.34472031516969,-0.495997909090932,-0.430004591303637,0.00594029721504753,3.68877804972809,0.430004591303637,0.357252988067318,0
1.44388248859962,1.3456292062727,-0.496414747442469,-0.429998651489838,0.00594029721504753,3.68793349987842,0.429998651489838,0.356582480734538,0
1.44488240722053,1.34653809985164,-0.496831580395355,-0.429992711676039,0.00594029721504753,3.68708902457126,0.429992711676038,0.355912407125598,0
1.44588232584144,1.34744699590647,-0.497248407949575,-0.429986771862239,0.00594029721504753,3.68624462385787,0.429986771862239,0.355242767935113,0
1.44688224446236,1.34835589443717,-0.497665230105115,-0.42998083204844,0.00594029721504753,3.68540029778956,0.42998083204844,0.35457356385873,0
1.44788216308327,1.34926479544369,-0.498082046861959,-0.429974892234641,0.00594029721504753,3.68455604641767,0.429974892234641,0.353904795593129,0
1.44888208170419,1.35017369892601,-0.498498858220093,-0.429968952420842,0.00594029721504753,3.68371186979359,0.429968952420842,0.353236463836023,0
1.4498820003251,1.3510826048841,-0.498915664179502,-0.429963012607043,0.00594029721504753,3.68286776796874,0.429963012607043,0.352568569286158,0
1.45088191894601,1.35199151331792,-0.499332464740171,-0.429957072793244,0.00594029721504753,3.68202374099461,0.429957072793244,0.351901112643312,0
1.45188183756693,1.35290042422745,-0.499749259902087,-0.429951132979445,0.00594029721504753,3.6811797889227,0.429951132979445,0.351234094608299,0
1.45288175618784,1.35380933761264,-0.500166049665233,-0.429945193165646,0.00594029721504753,3.68033591180459,0.429945193165646,0.350567515882967,0
1.45388167480876,1.35471825347347,-0.500582834029596,-0.429939253351847,0.00594029721504753,3.67949210969185,0.429939253351847,0.349901377170197,0
1.45488159342967,1.35562717180991,-0.50099961299516,-0.429933313538047,0.00594029721504753,3.67864838263615,0.429933313538047,0.349235679173905,0
1.45588151205058,1.35653609262192,-0.501416386561912,-0.429927373724248,0.00594029721504753,3.67780473068916,0.429927373724248,0.348570422599043,0
1.4568814306715,1.35744501590947,-0.501833154729836,-0.429921433910449,0.00594029721504753,3.67696115390262,0.429921433910449,0.347905608151597,0
1.45788134929241,1.35835394167253,-0.502249917498917,-0.42991549409665,0.00594029721504753,3.67611765232829,0.42991549409665,0.347241236538591,0
1.45888126791332,1.35926286991107,-0.502666674869142,-0.429909554282851,0.00594029721504753,3.675274226018,0.429909554282851,0.346577308468083,0
1.45988118653424,1.36017180062505,-0.503083426840494,-0.429903614469052,0.00594029721504753,3.67443087502359,0.429903614469052,0.345913824649165,0
1.46088110515515,1.36108073381445,-0.50350017341296,-0.429897674655253,0.00594029721504753,3.67358759939698,0.429897674655253,0.345250785791969,0
1.46188102377607,1.36198966947923,-0.503916914586524,-0.429891734841454,0.00594029721504753,3.6727443991901,0.429891734841453,0.344588192607662,0
1.46288094239698,1.36289860761935,-0.504333650361173,-0.429885795027655,0.00594029721504753,3.67190127445495,0.429885795027654,0.343926045808446,0
1.46388086101789,1.36380754823479,-0.504750380736891,-0.429879855213855,0.00594029721504753,3.67105822524355,0.429879855213855,0.343264346107563,0
1.46488077963881,1.36471649132552,-0.505167105713663,-0.429873915400056,0.00594029721504753,3.67021525160797,0.429873915400056,0.34260309421929,0
1.46588069825972,1.3656254368915,-0.505583825291476,-0.429867975586257,0.00594029721504753,3.66937235360033,0.429867975586257,0.341942290858942,0
1.46688061688064,1.3665343849327,-0.506000539470314,-0.429862035772458,0.00594029721504753,3.6685295312728,0.429862035772458,0.341281936742872,0
1.46788053550155,1.36744333544909,-0.506417248250162,-0.429856095958659,0.00594029721504753,3.66768678467757,0.429856095958659,0.340622032588468,0
1.46888045412246,1.36835228844064,-0.506833951631006,-0.42985015614486,0.00594029721504753,3.66684411386689,0.42985015614486,0.33996257911416,0
1.46988037274338,1.36926124390731,-0.507250649612831,-0.429844216331061,0.00594029721504753,3.66600151889305,0.429844216331061,0.339303577039413,0
1.47088029136429,1.37017020184907,-0.507667342195623,-0.429838276517262,0.00594029721504753,3.66515899980838,0.429838276517262,0.338645027084731,0
1.47188020998521,1.3710791622659,-0.508084029379366,-0.429832336703463,0.00594029721504753,3.66431655666526,0.429832336703463,0.337986929971656,0
1.47288012860612,1.37198812515775,-0.508500711164047,-0.429826396889663,0.00594029721504753,3.66347418951611,0.429826396889664,0.337329286422768,0
1.47388004722703,1.37289709052459,-0.508917387549649,-0.429820457075864,0.00594029721504753,3.66263189841339,0.429820457075865,0.336672097161687,0
1.47487996584795,1.37380605836641,-0.50933405853616,-0.429814517262065,0.00594029721504753,3.66178968340962,0.429814517262065,0.336015362913069,0
1.47587988446886,1.37471502868315,-0.509750724123563,-0.429808577448266,0.00594029721504753,3.66094754455733,0.429808577448266,0.335359084402612,0
1.47687980308977,1.37562400147479,-0.510167384311844,-0.429802637634467,0.00594029721504753,3.66010548190912,0.429802637634467,0.33470326235705,0
1.47787972171069,1.37653297674131,-0.51058403910099,-0.429796697820668,0.00594029721504753,3.65926349551763,0.429796697820668,0.334047897504158,0
1.4788796403316,1.37744195448265,-0.511000688490984,-0.429790758006869,0.00594029721504753,3.65842158543554,0.429790758006869,0.333392990572747,0
1.47987955895252,1.3783509346988,-0.511417332481811,-0.42978481819307,0.00594029721504753,3.65757975171558,0.429784818193069,0.33273854229267,0
1.48087947757343,1.37925991738973,-0.511833971073459,-0.429778878379271,0.00594029721504753,3.65673799441052,0.42977887837927,0.332084553394817,0
1.48187939619434,1.38016890255539,-0.512250604265911,-0.429772938565471,0.00594029721504753,3.65589631357316,0.429772938565471,0.331431024611118,0
1.48287931481526,1.38107789019576,-0.512667232059153,-0.429766998751672,0.00594029721504753,3.65505470925637,0.429766998751672,0.330777956674543,0
1.48387923343617,1.38198688031081,-0.51308385445317,-0.429761058937873,0.00594029721504753,3.65421318151304,0.429761058937873,0.330125350319099,0
1.48487915205709,1.3828958729005,-0.513500471447948,-0.429755119124074,0.00594029721504753,3.65337173039612,0.429755119124074,0.329473206279832,0
1.485879070678,1.3838048679648,-0.513917083043472,-0.429749179310275,0.00594029721504753,3.6525303559586,0.429749179310275,0.32882152529283,0
1.48687898929891,1.38471386550368,-0.514333689239728,-0.429743239496476,0.00594029721504753,3.6516890582535,0.429743239496476,0.328170308095218,0
1.48787890791983,1.3856228655171,-0.514750290036699,-0.429737299682677,0.00594029721504753,3.65084783733391,0.429737299682677,0.327519555425159,0
1.48887882654074,1.38653186800504,-0.515166885434373,-0.429731359868878,0.00594029721504753,3.65000669325294,0.429731359868878,0.326869268021857,0
1.48987874516165,1.38744087296747,-0.515583475432734,-0.429725420055079,0.00594029721504753,3.64916562606376,0.429725420055079,0.326219446625555,0
1.49087866378257,1.38834988040435,-0.516000060031767,-0.429719480241279,0.00594029721504753,3.64832463581958,0.42971948024128,0.325570091977533,0
1.49187858240348,1.38925889031564,-0.516416639231458,-0.42971354042748,0.00594029721504753,3.64748372257365,0.429713540427481,0.324921204820112,0
1.4928785010244,1.39016790270132,-0.516833213031791,-0.429707600613681,0.00594029721504753,3.64664288637927,0.429707600613681,0.324272785896651,0
1.49387841964531,1.39107691756136,-0.517249781432754,-0.429701660799882,0.00594029721504753,3.64580212728978,0.429701660799882,0.323624835951546,0
1.49487833826622,1.39198593489572,-0.517666344434329,-0.429695720986083,0.00594029721504753,3.64496144535856,0.429695720986083,0.322977355730235,0
1.49587825688714,1.39289495470437,-0.518082902036504,-0.429689781172284,0.00594029721504753,3.64412084063904,0.429689781172284,0.322330345979191,0
1.49687817550805,1.39380397698728,-0.518499454239263,-0.429683841358485,0.00594029721504753,3.6432803131847,0.429683841358485,0.321683807445928,0
1.49787809412897,1.39471300174441,-0.518916001042592,-0.429677901544686,0.00594029721504753,3.64243986304906,0.429677901544686,0.321037740878997,0
1.49887801274988,1.39562202897574,-0.519332542446475,-0.429671961730887,0.00594029721504753,3.64159949028567,0.429671961730887,0.320392147027987,0
1.49987793137079,1.39653105868123,-0.519749078450899,-0.429666021917088,0.00594029721504753,3.64075919494816,0.429666021917087,0.319747026643525,0
1.50087784999171,1.39744009086085,-0.520165609055848,-0.429660082103288,0.00594029721504753,3.63991897709016,0.429660082103288,0.319102380477276,0
1.50187776861262,1.39834912551458,-0.520582134261308,-0.429654142289489,0.00594029721504753,3.63907883676538,0.429654142289489,0.318458209281943,0
1.50287768723353,1.39925816264236,-0.520998654067264,-0.42964820247569,0.00594029721504753,3.63823877402756,0.42964820247569,0.317814513811266,0
1.50387760585445,1.40016720224418,-0.521415168473701,-0.429642262661891,0.00594029721504753,3.63739878893048,0.429642262661891,0.317171294820022,0
1.50487752447536,1.40107624432,-0.521831677480605,-0.429636322848092,0.00594029721504753,3.63655888152798,0.429636322848092,0.316528553064025,0
1.50587744309628,1.4019852888698,-0.522248181087961,-0.429630383034293,0.00594029721504753,3.63571905187393,0.429630383034293,0.315886289300126,0
1.50687736171719,1.40289433589353,-0.522664679295754,-0.429624443220494,0.00594029721504753,3.63487930002225,0.429624443220494,0.315244504286211,0
1.5078772803381,1.40380338539116,-0.52308117210397,-0.429618503406695,0.00594029721504753,3.6340396260269,0.429618503406695,0.314603198781207,0
1.50887719895902,1.40471243736267,-0.523497659512594,-0.429612563592896,0.00594029721504753,3.6332000299419,0.429612563592896,0.313962373545071,0
1.50987711757993,1.40562149180802,-0.523914141521611,-0.429606623779096,0.00594029721504753,3.6323605118213,0.429606623779097,0.3133220293388,0
1.51087703620085,1.40653054872718,-0.524330618131006,-0.429600683965297,0.00594029721504753,3.6315210717192,0.429600683965297,0.312682166924424,0
1.51187695482176,1.40743960812012,-0.524747089340766,-0.429594744151498,0.00594029721504753,3.63068170968975,0.429594744151498,0.31204278706501,0
1.51287687344267,1.40834866998681,-0.525163555150874,-0.429588804337699,0.00594029721504753,3.62984242578714,0.429588804337699,0.31140389052466,0
1.51387679206359,1.4092577343272,-0.525580015561317,-0.4295828645239,0.00594029721504753,3.62900322006559,0.4295828645239,0.310765478068508,0
1.5148767106845,1.41016680114128,-0.52599647057208,-0.429576924710101,0.00594029721504753,3.6281640925794,0.429576924710101,0.310127550462724,0
1.51587662930542,1.41107587042901,-0.526412920183147,-0.429570984896302,0.00594029721504753,3.62732504338289,0.429570984896302,0.309490108474514,0
1.51687654792633,1.41198494219035,-0.526829364394505,-0.429565045082503,0.00594029721504753,3.62648607253042,0.429565045082503,0.308853152872113,0
1.51787646654724,1.41289401642528,-0.527245803206139,-0.429559105268704,0.00594029721504753,3.62564718007641,0.429559105268703,0.308216684424794,0
1.51887638516816,1.41380309313376,-0.527662236618033,-0.429553165454904,0.00594029721504753,3.62480836607533,0.429553165454904,0.307580703902859,0
1.51987630378907,1.41471217231577,-0.528078664630174,-0.429547225641105,0.00594029721504753,3.62396963058168,0.429547225641105,0.306945212077644,0
1.52087622240998,1.41562125397126,-0.528495087242547,-0.429541285827306,0.00594029721504753,3.62313097365001,0.429541285827306,0.306310209721517,0
1.5218761410309,1.41653033810021,-0.528911504455136,-0.429535346013507,0.00594029721504753,3.62229239533492,0.429535346013507,0.305675697607878,0
1.52287605965181,1.41743942470258,-0.529327916267928,-0.429529406199708,0.00594029721504753,3.62145389569105,0.429529406199708,0.305041676511158,0
1.52387597827273,1.41834851377835,-0.529744322680907,-0.429523466385909,0.00594029721504753,3.6206154747731,0.429523466385909,0.304408147206818,0
1.52487589689364,1.41925760532748,-0.530160723694059,-0.42951752657211,0.00594029721504753,3.61977713263578,0.42951752657211,0.30377511047135,0
1.52587581551455,1.42016669934993,-0.530577119307369,-0.429511586758311,0.00594029721504753,3.61893886933389,0.429511586758311,0.303142567082276,0
1.52687573413547,1.42107579584568,-0.530993509520822,-0.429505646944512,0.00594029721504753,3.61810068492225,0.429505646944512,0.302510517818147,0
1.52787565275638,1.4219848948147,-0.531409894334405,-0.429499707130712,0.00594029721504753,3.61726257945573,0.429499707130713,0.301878963458543,0
1.5288755713773,1.42289399625695,-0.531826273748101,-0.429493767316913,0.00594029721504753,3.61642455298924,0.429493767316913,0.301247904784072,0
1.52987548999821,1.42380310017239,-0.532242647761896,-0.429487827503114,0.00594029721504753,3.61558660557774,0.429487827503114,0.30061734257637,0
1.53087540861912,1.42471220656101,-0.532659016375777,-0.429481887689315,0.00594029721504753,3.61474873727625,0.429481887689315,0.299987277618101,0
1.53187532724004,1.42562131542276,-0.533075379589727,-0.429475947875516,0.00594029721504753,3.61391094813982,0.429475947875516,0.299357710692955,0
1.53287524586095,1.42653042675762,-0.533491737403732,-0.429470008061717,0.00594029721504753,3.61307323822354,0.429470008061717,0.298728642585649,0
1.53387516448186,1.42743954056555,-0.533908089817778,-0.429464068247918,0.00594029721504753,3.61223560758256,0.429464068247918,0.298100074081925,0
1.53487508310278,1.42834865684651,-0.534324436831851,-0.429458128434119,0.00594029721504753,3.61139805627208,0.429458128434119,0.29747200596855,0
1.53587500172369,1.42925777560049,-0.534740778445934,-0.42945218862032,0.00594029721504753,3.61056058434733,0.42945218862032,0.296844439033316,0
1.53687492034461,1.43016689682744,-0.535157114660014,-0.42944624880652,0.00594029721504753,3.60972319186359,0.42944624880652,0.296217374065039,0
1.53787483896552,1.43107602052734,-0.535573445474076,-0.429440308992721,0.00594029721504753,3.60888587887619,0.429440308992721,0.295590811853557,0
1.53887475758643,1.43198514670014,-0.535989770888105,-0.429434369178922,0.00594029721504753,3.60804864544051,0.429434369178922,0.294964753189733,0
1.53987467620735,1.43289427534583,-0.536406090902086,-0.429428429365123,0.00594029721504753,3.60721149161197,0.429428429365123,0.294339198865449,0
1.54087459482826,1.43380340646436,-0.536822405516005,-0.429422489551324,0.00594029721504753,3.60637441744603,0.429422489551324,0.29371414967361,0
1.54187451344918,1.43471254005571,-0.537238714729847,-0.429416549737525,0.00594029721504753,3.60553742299821,0.429416549737525,0.293089606408143,0
1.54287443207009,1.43562167611984,-0.537655018543598,-0.429410609923726,0.00594029721504753,3.60470050832408,0.429410609923726,0.292465569863992,0
1.543874350691,1.43653081465672,-0.538071316957242,-0.429404670109927,0.00594029721504753,3.60386367347923,0.429404670109927,0.291842040837121,0
1.54487426931192,1.43743995566632,-0.538487609970766,-0.429398730296128,0.00594029721504753,3.60302691851932,0.429398730296128,0.291219020124515,0
1.54587418793283,1.43834909993865,-0.53890389585875,-0.429387368109087,0.0136871751793437,3.60219024246077,0.429387368109087,0.290596507038725,0
1.54687410655374,1.4392582497631,-0.539320169621003,-0.429373682047757,0.0136871751793437,3.60135364234619,0.429373682047757,0.289974498069464,0
1.54787402517466,1.44016740528461,-0.539736430940537,-0.429359995986428,0.0136871751793437,3.6005171180377,0.429359995986427,0.289352993734655,0
1.54887394379557,1.44107656650301,-0.540152679817274,-0.429346309925098,0.0136871751793437,3.59968066958831,0.429346309925098,0.288731994825927,0
1.54987386241649,1.44198573341814,-0.540568916251136,-0.429332623863768,0.0136871751793437,3.59884429705106,0.429332623863768,0.288111502135922,0
1.5508737810374,1.44289490602982,-0.540985140242044,-0.429318937802439,0.0136871751793437,3.59800800047906,0.429318937802439,0.28749151645829,0
1.55187369965831,1.44380408433788,-0.541401351789922,-0.429305251741109,0.0136871751793437,3.59717177992543,0.429305251741109,0.286872038587689,0
1.55287361827923,1.44471326834215,-0.54181755089469,-0.42929156567978,0.0136871751793437,3.59633563544337,0.42929156567978,0.286253069319789,0
1.55387353690014,1.44562245804247,-0.542233737556271,-0.42927787961845,0.0136871751793437,3.5954995670861,0.42927787961845,0.285634609451264,0
1.55487345552106,1.44653165343865,-0.542649911774587,-0.429264193557121,0.0136871751793437,3.59466357490689,0.429264193557121,0.285016659779797,0
1.55587337414197,1.44744085453054,-0.543066073549561,-0.429250507495791,0.0136871751793437,3.59382765895907,0.429250507495791,0.284399221104076,0
1.55687329276288,1.44835006131795,-0.543482222881113,-0.429236821434462,0.0136871751793437,3.592991819296,0.429236821434462,0.283782294223793,0
1.5578732113838,1.44925927380073,-0.543898359769167,-0.429223135373132,0.0136871751793437,3.59215605597108,0.429223135373132,0.283165879939647,0
1.55887313000471,1.4501684919787,-0.544314484213644,-0.429209449311803,0.0136871751793437,3.59132036903777,0.429209449311803,0.282549979053338,0
1.55987304862562,1.45107771585168,-0.544730596214466,-0.429195763250473,0.0136871751793437,3.59048475854956,0.429195763250473,0.28193459236757,0
1.56087296724654,1.45198694541952,-0.545146695771556,-0.429182077189143,0.0136871751793437,3.58964922456,0.429182077189143,0.281319720686048,0
1.56187288586745,1.45289618068203,-0.545562782884835,-0.429168391127814,0.0136871751793437,3.58881376712267,0.429168391127814,0.280705364813477,0
1.56287280448837,1.45380542163905,-0.545978857554225,-0.429154705066484,0.0136871751793437,3.5879783862912,0.429154705066484,0.280091525555564,0
1.56387272310928,1.45471466829041,-0.546394919779649,-0.429141019005155,0.0136871751793437,3.58714308211928,0.429141019005155,0.279478203719014,0
1.56487264173019,1.45562392063594,-0.546810969561028,-0.429127332943825,0.0136871751793437,3.58630785466061,0.429127332943825,0.278865400111529,0
1.56587256035111,1.45653317867547,-0.547227006898285,-0.429113646882496,0.0136871751793437,3.58547270396898,0.429113646882496,0.27825311554181,0
1.56687247897202,1.45744244240882,-0.547643031791342,-0.429099960821166,0.0136871751793437,3.58463763009819,0.429099960821166,0.277641350819552,0
1.56787239759294,1.45835171183583,-0.548059044240121,-0.429086274759837,0.0136871751793437,3.58380263310211,0.429086274759837,0.277030106755447,0
1.56887231621385,1.45926098695633,-0.548475044244544,-0.429072588698507,0.0136871751793437,3.58296771303462,0.429072588698507,0.276419384161181,0
1.56987223483476,1.46017026777014,-0.548891031804532,-0.429058902637177,0.0136871751793437,3.58213286994968,0.429058902637177,0.27580918384943,0
1.57087215345568,1.4610795542771,-0.549307006920009,-0.429045216575848,0.0136871751793437,3.58129810390129,0.429045216575848,0.275199506633868,0
1.57187207207659,1.46198884647704,-0.549722969590896,-0.429031530514518,0.0136871751793437,3.58046341494348,0.429031530514518,0.274590353329154,0
1.57287199069751,1.46289814436978,-0.550138919817115,-0.429017844453189,0.0136871751793437,3.57962880313033,0.429017844453189,0.27398172475094,0
1.57387190931842,1.46380744795515,-0.550554857598588,-0.429004158391859,0.0136871751793437,3.57879426851598,0.429004158391859,0.273373621715868,0
1.57487182793933,1.46471675723299,-0.550970782935238,-0.42899047233053,0.0136871751793437,3.5779598111546,0.42899047233053,0.272766045041566,0
1.57587174656025,1.46562607220313,-0.551386695826986,-0.4289767862692,0.0136871751793437,3.57712543110041,0.4289767862692,0.272158995546648,0
1.57687166518116,1.46653539286539,-0.551802596273755,-0.428963100207871,0.0136871751793437,3.57629112840767,0.428963100207871,0.271552474050715,0
1.57787158380207,1.4674447192196,-0.552218484275467,-0.428949414146541,0.0136871751793437,3.5754569031307,0.428949414146541,0.270946481374353,0
1.57887150242299,1.4683540512656,-0.552634359832043,-0.428935728085212,0.0136871751793437,3.57462275532385,0.428935728085212,0.27034101833913,0
1.5798714210439,1.46926338900321,-0.553050222943407,-0.428922042023882,0.0136871751793437,3.57378868504153,0.428922042023882,0.269736085767597,0
1.58087133966482,1.47017273243226,-0.553466073609479,-0.428908355962552,0.0136871751793437,3.57295469233818,0.428908355962553,0.269131684483285,0
1.58187125828573,1.47108208155259,-0.553881911830182,-0.428894669901223,0.0136871751793437,3.5721207772683,0.428894669901223,0.268527815310705,0
1.58287117690664,1.47199143636402,-0.554297737605439,-0.428880983839893,0.0136871751793437,3.57128693988642,0.428880983839893,0.267924479075348,0
1.58387109552756,1.47290079686638,-0.554713550935171,-0.428867297778564,0.0136871751793437,3.57045318024714,0.428867297778564,0.267321676603681,0
1.58487101414847,1.4738101630595,-0.5551293518193,-0.428853611717234,0.0136871751793437,3.56961949840509,0.428853611717234,0.266719408723147,0
1.58587093276939,1.47471953494321,-0.555545140257749,-0.428839925655905,0.0136871751793437,3.56878589441494,0.428839925655905,0.266117676262163,0
1.5868708513903,1.47562891251734,-0.55596091625044,-0.428826239594575,0.0136871751793437,3.56795236833141,0.428826239594575,0.265516480050122,0
1.58787077001121,1.47653829578173,-0.556376679797294,-0.428812553533246,0.0136871751793437,3.56711892020928,0.428812553533246,0.264915820917387,0
1.58887068863213,1.47744768473619,-0.556792430898235,-0.428798867471916,0.0136871751793437,3.56628555010335,0.428798867471916,0.264315699695292,0
1.58987060725304,1.47835707938057,-0.557208169553183,-0.428785181410587,0.0136871751793437,3.5654522580685,0.428785181410587,0.263716117216142,0
1.59087052587395,1.47926647971468,-0.557623895762062,-0.428771495349257,0.0136871751793437,3.56461904415963,0.428771495349257,0.263117074313209,0
1.59187044449487,1.48017588573836,-0.558039609524793,-0.428757809287927,0.0136871751793437,3.56378590843169,0.428757809287927,0.262518571820732,0
1.59287036311578,1.48108529745145,-0.558455310841298,-0.428744123226598,0.0136871751793437,3.56295285093969,0.428744123226598,0.261920610573915,0
1.5938702817367,1.48199471485376,-0.5588709997115,-0.428730437165268,0.0136871751793437,3.56211987173866,0.428730437165268,0.261323191408928,0
1.59487020035761,1.48290413794513,-0.559286676135321,-0.428716751103939,0.0136871751793437,3.5612869708837,0.428716751103939,0.2607263151629,0
1.59587011897852,1.48381356672538,-0.559702340112683,-0.428703065042609,0.0136871751793437,3.56045414842996,0.428703065042609,0.260129982673926,0
1.59687003759944,1.48472300119436,-0.560117991643508,-0.42868937898128,0.0136871751793437,3.55962140443261,0.42868937898128,0.259534194781056,0
1.59786995622035,1.48563244135188,-0.560533630727717,-0.42867569291995,0.0136871751793437,3.55878873894689,0.42867569291995,0.258938952324302,0
1.59886987484127,1.48654188719777,-0.560949257365234,-0.428662006858621,0.0136871751793437,3.55795615202807,0.42866200685862,0.25834425614463,0
1.59986979346218,1.48745133873188,-0.561364871555981,-0.428648320797291,0.0136871751793437,3.55712364373148,0.428648320797291,0.257750107083963,0
1.60086971208309,1.48836079595402,-0.561780473299879,-0.428634634735961,0.0136871751793437,3.55629121411249,0.428634634735961,0.257156505985176,0
1.60186963070401,1.48927025886403,-0.562196062596851,-0.428620948674632,0.0136871751793437,3.55545886322653,0.428620948674632,0.256563453692099,0
1.60286954932492,1.49017972746173,-0.562611639446819,-0.428607262613302,0.0136871751793437,3.55462659112904,0.428607262613302,0.255970951049509,0
1.60386946794583,1.49108920174696,-0.563027203849705,-0.428593576551973,0.0136871751793437,3.55379439787555,0.428593576551973,0.255378998903136,0
1.60486938656675,1.49199868171954,-0.563442755805431,-0.428579890490643,0.0136871751793437,3.55296228352161,0.428579890490643,0.254787598099655,0
1.60586930518766,1.4929081673793,-0.563858295313919,-0.428566204429314,0.0136871751793437,3.55213024812282,0.428566204429313,0.254196749486687,0
1.60686922380858,1.49381765872608,-0.564273822375092,-0.428552518367984,0.0136871751793437,3.55129829173485,0.428552518367984,0.253606453912797,0
1.60786914242949,1.49472715575971,-0.564689336988872,-0.428538832306655,0.0136871751793437,3.55046641441338,0.428538832306655,0.253016712227495,0
1.6088690610504,1.49563665848,-0.565104839155181,-0.428525146245325,0.0136871751793437,3.54963461621415,0.428525146245325,0.252427525281228,0
1.60986897967132,1.4965461668868,-0.565520328873941,-0.428511460183995,0.0136871751793437,3.54880289719297,0.428511460183996,0.251838893925386,0
1.61086889829223,1.49745568097994,-0.565935806145074,-0.428497774122666,0.0136871751793437,3.54797125740567,0.428497774122666,0.251250819012294,0
1.61186881691315,1.49836520075923,-0.566351270968502,-0.428484088061336,0.0136871751793437,3.54713969690814,0.428484088061337,0.250663301395214,0
1.61286873553406,1.49927472622452,-0.566766723344149,-0.428470402000007,0.0136871751793437,3.54630821575631,0.428470402000007,0.250076341928342,0
1.61386865415497,1.50018425737563,-0.567182163271934,-0.428456715938677,0.0136871751793437,3.54547681400615,0.428456715938677,0.249489941466806,0
1.61486857277589,1.50109379421238,-0.567597590751782,-0.428443029877348,0.0136871751793437,3.54464549171371,0.428443029877348,0.248904100866664,0
1.6158684913968,1.50200333673462,-0.568013005783614,-0.428429343816018,0.0136871751793437,3.54381424893504,0.428429343816018,0.248318820984904,0
1.61686841001772,1.50291288494218,-0.568428408367353,-0.428415657754689,0.0136871751793437,3.54298308572628,0.428415657754689,0.247734102679439,0
1.61786832863863,1.50382243883487,-0.56884379850292,-0.428401971693359,0.0136871751793437,3.54215200214359,0.428401971693359,0.24714994680911,0
1.61886824725954,1.50473199841253,-0.569259176190237,-0.42838828563203,0.0136871751793437,3.54132099824318,0.42838828563203,0.246566354233679,0
1.61986816588046,1.50564156367499,-0.569674541429228,-0.4283745995707,0.0136871751793437,3.54049007408133,0.4283745995707,0.245983325813831,0
1.62086808450137,1.50655113462207,-0.570089894219814,-0.428360913509371,0.0136871751793437,3.53965922971433,0.42836091350937,0.245400862411168,0
1.62186800312228,1.50746071125362,-0.570505234561917,-0.428347227448041,0.0136871751793437,3.53882846519856,0.428347227448041,0.244818964888211,0
1.6228679217432,1.50837029356946,-0.570920562455459,-0.428333541386711,0.0136871751793437,3.53799778059041,0.428333541386711,0.244237634108398,0
1.62386784036411,1.50927988156941,-0.571335877900364,-0.428319855325382,0.0136871751793437,3.53716717594635,0.428319855325382,0.243656870936078,0
1.62486775898503,1.51018947525331,-0.571751180896552,-0.428306169264052,0.0136871751793437,3.53633665132286,0.428306169264052,0.243076676236515,0
1.62586767760594,1.51109907462099,-0.572166471443947,-0.428292483202723,0.0136871751793437,3.5355062067765,0.428292483202723,0.24249705087588,0
1.62686759622685,1.51200867967227,-0.572581749542469,-0.428278797141393,0.0136871751793437,3.53467584236386,0.428278797141393,0.241917995721252,0
1.62786751484777,1.51291829040699,-0.572997015192043,-0.428265111080064,0.0136871751793437,3.53384555814159,0.428265111080063,0.241339511640617,0
1.62886743346868,1.51382790682498,-0.573412268392589,-0.428251425018734,0.0136871751793437,3.53301535416639,0.428251425018734,0.240761599502865,0
1.6298673520896,1.51473752892606,-0.57382750914403,-0.428237738957405,0.0136871751793437,3.53218523049498,0.428237738957404,0.240184260177786,0
1.63086727071051,1.51564715671007,-0.574242737446289,-0.428224052896075,0.0136871751793437,3.53135518718415,0.428224052896075,0.239607494536069,0
1.63186718933142,1.51655679017683,-0.574657953299287,-0.428210366834745,0.0136871751793437,3.53052522429075,0.428210366834746,0.239031303449304,0
1.63286710795234,1.51746642932618,-0.575073156702947,-0.428196680773416,0.0136871751793437,3.52969534187165,0.428196680773416,0.238455687789973,0
1.63386702657325,1.51837607415794,-0.57548834765719,-0.428182994712086,0.0136871751793437,3.52886553998379,0.428182994712087,0.237880648431452,0
1.63486694519416,1.51928572467194,-0.57590352616194,-0.428169308650757,0.0136871751793437,3.52803581868414,0.428169308650757,0.237306186248009,0
1.63586686381508,1.52019538086802,-0.576318692217118,-0.428155622589427,0.0136871751793437,3.52720617802973,0.428155622589427,0.236732302114799,0
1.63686678243599,1.521105042746,-0.576733845822647,-0.428141936528098,0.0136871751793437,3.52637661807764,0.428141936528098,0.236158996907865,0
1.63786670105691,1.52201471030572,-0.577148986978449,-0.428128250466768,0.0136871751793437,3.52554713888498,0.428128250466768,0.235586271504135,0
1.63886661967782,1.52292438354699,-0.577564115684446,-0.428114564405439,0.0136871751793437,3.52471774050894,0.428114564405439,0.235014126781417,0
1.63986653829873,1.52383406246966,-0.57797923194056,-0.428100878344109,0.0136871751793437,3.52388842300672,0.428100878344109,0.234442563618401,0
1.64086645691965,1.52474374707355,-0.578394335746714,-0.42808719228278,0.0136871751793437,3.5230591864356,0.42808719228278,0.233871582894654,0
1.64186637554056,1.52565343735849,-0.578809427102829,-0.42807350622145,0.0136871751793437,3.5222300308529,0.42807350622145,0.233301185490617,0
1.64286629416148,1.52656313332431,-0.579224506008829,-0.42805982016012,0.0136871751793437,3.52140095631597,0.42805982016012,0.232731372287607,0
1.64386621278239,1.52747283497084,-0.579639572464635,-0.428046134098791,0.0136871751793437,3.52057196288223,0.428046134098791,0.232162144167808,0
1.6448661314033,1.52838254229791,-0.580054626470169,-0.428032448037461,0.0136871751793437,3.51974305060915,0.428032448037461,0.231593502014274,0
1.64586605002422,1.52929225530534,-0.580469668025355,-0.428018761976132,0.0136871751793437,3.51891421955423,0.428018761976132,0.231025446710926,0
1.64686596864513,1.53020197399298,-0.580884697130113,-0.428005075914802,0.0136871751793437,3.51808546977502,0.428005075914802,0.230457979142547,0
1.64786588726604,1.53111169836065,-0.581299713784368,-0.427991389853473,0.0136871751793437,3.51725680132914,0.427991389853473,0.229891100194781,0
1.64886580588696,1.53202142840817,-0.581714717988039,-0.427977703792143,0.0136871751793437,3.51642821427425,0.427977703792143,0.229324810754131,0
1.64986572450787,1.53293116413539,-0.582129709741051,-0.427964017730814,0.0136871751793437,3.51559970866804,0.427964017730813,0.228759111707957,0
1.65086564312879,1.53384090554212,-0.582544689043324,-0.427950331669484,0.0136871751793437,3.51477128456827,0.427950331669484,0.228194003944472,0
1.6518655617497,1.53475065262819,-0.582959655894783,-0.427936645608154,0.0136871751793437,3.51394294203274,0.427936645608154,0.227629488352739,0
1.65286548037061,1.53566040539345,-0.583374610295348,-0.427922959546825,0.0136871751793437,3.5131146811193,0.427922959546825,0.227065565822671,0
1.65386539899153,1.53657016383771,-0.583789552244941,-0.427909273485495,0.0136871751793437,3.51228650188585,0.427909273485495,0.226502237245026,0
1.65486531761244,1.5374799279608,-0.584204481743487,-0.427895587424166,0.0136871751793437,3.51145840439033,0.427895587424166,0.225939503511407,0
1.65586523623336,1.53838969776257,-0.584619398790905,-0.427881901362836,0.0136871751793437,3.51063038869075,0.427881901362836,0.225377365514257,0
1.65686515485427,1.53929947324282,-0.58503430338712,-0.427868215301507,0.0136871751793437,3.50980245484515,0.427868215301507,0.224815824146857,0
1.65786507347518,1.5402092544014,-0.585449195532053,-0.427854529240177,0.0136871751793437,3.50897460291163,0.427854529240177,0.224254880303324,0
1.6588649920961,1.54111904123814,-0.585864075225626,-0.427840843178848,0.0136871751793437,3.50814683294833,0.427840843178847,0.223694534878607,0
1.65986491071701,1.54202883375285,-0.586278942467762,-0.427827157117518,0.0136871751793437,3.50731914501343,0.427827157117518,0.223134788768486,0
1.66086482933793,1.54293863194539,-0.586693797258382,-0.427813471056188,0.0136871751793437,3.5064915391652,0.427813471056188,0.22257564286957,0
1.66186474795884,1.54384843581556,-0.587108639597411,-0.427799784994859,0.0136871751793437,3.5056640154619,0.427799784994859,0.22201709807929,0
1.66286466657975,1.54475824536321,-0.587523469484768,-0.427786098933529,0.0136871751793437,3.5048365739619,0.42778609893353,0.221459155295902,0
1.66386458520067,1.54566806058816,-0.587938286920378,-0.4277724128722,0.0136871751793437,3.50400921472357,0.4277724128722,0.220901815418477,0
1.66486450382158,1.54657788149024,-0.588353091904161,-0.42775872681087,0.0136871751793437,3.50318193780535,0.42775872681087,0.220345079346908,0
1.66586442244249,1.54748770806928,-0.588767884436042,-0.427745040749541,0.0136871751793437,3.50235474326574,0.427745040749541,0.219788947981898,0
1.66686434106341,1.54839754032511,-0.589182664515941,-0.427731354688211,0.0136871751793437,3.50152763116327,0.427731354688211,0.219233422224961,0
1.66786425968432,1.54930737825757,-0.589597432143781,-0.427717668626882,0.0136871751793437,3.50070060155652,0.427717668626882,0.218678502978422,0
1.66886417830524,1.55021722186647,-0.590012187319484,-0.427703982565552,0.0136871751793437,3.49987365450415,0.427703982565552,0.218124191145406,0
1.66986409692615,1.55112707115165,-0.590426930042974,-0.427690296504223,0.0136871751793437,3.49904679006482,0.427690296504223,0.217570487629846,0
1.67086401554706,1.55203692611294,-0.590841660314171,-0.427676610442893,0.0136871751793437,3.49822000829729,0.427676610442893,0.21701739333647,0
1.67186393416798,1.55294678675017,-0.591256378132999,-0.427662924381564,0.0136871751793437,3.49739330926033,0.427662924381564,0.216464909170803,0
1.67286385278889,1.55385665306317,-0.591671083499379,-0.427649238320234,0.0136871751793437,3.49656669301277,0.427649238320234,0.215913036039166,0
1.67386377140981,1.55476652505177,-0.592085776413234,-0.427635552258904,0.0136871751793437,3.49574015961351,0.427635552258904,0.215361774848667,0
1.67486369003072,1.55567640521771,-0.592500451384772,-0.427608820910284,0.0277913364454718,3.4949137057251,0.427608820910284,0.214811121470229,0
1.67586360865163,1.55658629689028,-0.592915101107513,-0.427581031835472,0.0277913364454718,3.4940873268831,0.427581031835472,0.214261070098262,0
1.67686352727255,1.55749620008523,-0.593329725545045,-0.42755324276066,0.0277913364454718,3.49326102311908,0.42755324276066,0.213711621592022,0
1.67786344589346,1.55840611480187,-0.59374432469705,-0.427525453685848,0.0277913364454718,3.49243479448696,0.427525453685848,0.213162776844641,0
1.67886336451437,1.55931604103947,-0.594158898563206,-0.427497664611036,0.0277913364454718,3.49160864104071,0.427497664611036,0.212614536750034,0
1.67986328313529,1.56022597879735,-0.594573447143194,-0.427469875536225,0.0277913364454718,3.49078256283435,0.427469875536224,0.21206690220289,0
1.6808632017562,1.5611359280748,-0.594987970436693,-0.427442086461413,0.0277913364454718,3.48995655992196,0.427442086461412,0.211519874098675,0
1.68186312037712,1.56204588887112,-0.595402468443384,-0.427414297386601,0.0277913364454718,3.48913063235764,0.427414297386601,0.210973453333624,0
1.68286303899803,1.5629558611856,-0.595816941162946,-0.427386508311789,0.0277913364454718,3.48830478019555,0.427386508311789,0.21042764080474,0
1.68386295761894,1.56386584501755,-0.59623138859506,-0.427358719236977,0.0277913364454718,3.48747900348991,0.427358719236977,0.209882437409791,0
1.68486287623986,1.56477584036625,-0.596645810739404,-0.427330930162165,0.0277913364454718,3.48665330229495,0.427330930162165,0.209337844047307,0
1.68586279486077,1.56568584723101,-0.59706020759566,-0.427303141087353,0.0277913364454718,3.48582767666497,0.427303141087353,0.208793861616577,0
1.68686271348169,1.56659586561113,-0.597474579163507,-0.427275352012541,0.0277913364454718,3.48500212665433,0.427275352012541,0.208250491017644,0
1.6878626321026,1.56750589550589,-0.597888925442625,-0.427247562937729,0.0277913364454718,3.48417665231741,0.427247562937729,0.207707733151304,0
1.68886255072351,1.56841593691461,-0.598303246432694,-0.427219773862917,0.0277913364454718,3.48335125370864,0.427219773862917,0.207165588919105,0
1.68986246934443,1.56932598983657,-0.598717542133395,-0.427191984788105,0.0277913364454718,3.48252593088251,0.427191984788105,0.206624059223338,0
1.69086238796534,1.57023605427107,-0.599131812544407,-0.427164195713293,0.0277913364454718,3.48170068389355,0.427164195713293,0.206083144967038,0
1.69186230658626,1.57114613021741,-0.59954605766541,-0.427136406638481,0.0277913364454718,3.48087551279634,0.427136406638482,0.205542847053981,0
1.69286222520717,1.57205621767489,-0.599960277496084,-0.42710861756367,0.0277913364454718,3.48005041764549,0.42710861756367,0.205003166388678,0
1.69386214382808,1.57296631664281,-0.600374472036111,-0.427080828488858,0.0277913364454718,3.47922539849568,0.427080828488858,0.204464103876375,0
1.694862062449,1.57387642712045,-0.600788641285169,-0.427053039414046,0.0277913364454718,3.47840045540162,0.427053039414046,0.203925660423045,0
1.69586198106991,1.57478654910713,-0.601202785242939,-0.427025250339234,0.0277913364454718,3.47757558841808,0.427025250339234,0.203387836935393,0
1.69686189969082,1.57569668260213,-0.601616903909101,-0.426997461264422,0.0277913364454718,3.47675079759986,0.426997461264422,0.202850634320842,0
1.69786181831174,1.57660682760475,-0.602030997283336,-0.42696967218961,0.0277913364454718,3.47592608300182,0.42696967218961,0.202314053487538,0
1.69886173693265,1.5775169841143,-0.602445065365322,-0.426941883114798,0.0277913364454718,3.47510144467886,0.426941883114798,0.201778095344344,0
1.69986165555357,1.57842715213006,-0.602859108154742,-0.426914094039986,0.0277913364454718,3.47427688268594,0.426914094039986,0.201242760800835,0
1.70086157417448,1.57933733165133,-0.603273125651275,-0.426886304965174,0.0277913364454718,3.47345239707805,0.426886304965174,0.200708050767298,0
1.70186149279539,1.58024752267742,-0.603687117854601,-0.426858515890362,0.0277913364454718,3.47262798791024,0.426858515890362,0.200173966154723,0
1.70286141141631,1.58115772520762,-0.604101084764401,-0.42683072681555,0.0277913364454718,3.47180365523759,0.42683072681555,0.199640507874807,0
1.70386133003722,1.58206793924122,-0.604515026380355,-0.426802937740738,0.0277913364454718,3.47097939911524,0.426802937740738,0.199107676839943,0
1.70486124865814,1.58297816477753,-0.604928942702143,-0.426775148665926,0.0277913364454718,3.47015521959838,0.426775148665926,0.198575473963224,0
1.70586116727905,1.58388840181584,-0.605342833729446,-0.426747359591115,0.0277913364454718,3.46933111674224,0.426747359591114,0.198043900158432,0
1.70686108589996,1.58479865035544,-0.605756699461944,-0.426719570516303,0.0277913364454718,3.4685070906021,0.426719570516302,0.19751295634004,0
1.70786100452088,1.58570891039564,-0.606170539899317,-0.426691781441491,0.0277913364454718,3.46768314123329,0.426691781441491,0.196982643423205,0
1.70886092314179,1.58661918193573,-0.606584355041246,-0.426663992366679,0.0277913364454718,3.46685926869118,0.426663992366679,0.196452962323769,0
1.7098608417627,1.587529464975,-0.606998144887411,-0.426636203291867,0.0277913364454718,3.46603547303119,0.426636203291867,0.195923913958247,0
1.71086076038362,1.58843975951277,-0.607411909437494,-0.426608414217055,0.0277913364454718,3.46521175430879,0.426608414217055,0.195395499243833,0
1.71186067900453,1.58935006554831,-0.607825648691173,-0.426580625142243,0.0277913364454718,3.4643881125795,0.426580625142243,0.194867719098389,0
1.71286059762545,1.59026038308094,-0.60823936264813,-0.426552836067431,0.0277913364454718,3.46356454789888,0.426552836067431,0.194340574440446,0
1.71386051624636,1.59117071210994,-0.608653051308045,-0.426525046992619,0.0277913364454718,3.46274106032254,0.426525046992619,0.193814066189199,0
1.71486043486727,1.59208105263461,-0.609066714670599,-0.426497257917807,0.0277913364454718,3.46191764990614,0.426497257917807,0.193288195264499,0
1.71586035348819,1.59299140465426,-0.609480352735473,-0.426469468842995,0.0277913364454718,3.46109431670538,0.426469468842996,0.192762962586858,0
1.7168602721091,1.59390176816818,-0.609893965502346,-0.426441679768183,0.0277913364454718,3.46027106077603,0.426441679768184,0.192238369077436,0
1.71786019073002,1.59481214317565,-0.6103075529709,-0.426413890693371,0.0277913364454718,3.45944788217388,0.426413890693372,0.191714415658043,0
1.71886010935093,1.59572252967599,-0.610721115140815,-0.42638610161856,0.0277913364454718,3.45862478095477,0.42638610161856,0.191191103251133,0
1.71986002797184,1.59663292766849,-0.611134652011772,-0.426358312543748,0.0277913364454718,3.45780175717462,0.426358312543748,0.190668432779802,0
1.72085994659276,1.59754333715245,-0.611548163583451,-0.426330523468936,0.0277913364454718,3.45697881088936,0.426330523468936,0.19014640516778,0
1.72185986521367,1.59845375812715,-0.611961649855533,-0.426302734394124,0.0277913364454718,3.45615594215498,0.426302734394124,0.189625021339433,0
1.72285978383458,1.59936419059191,-0.612375110827699,-0.426274945319312,0.0277913364454718,3.45533315102753,0.426274945319312,0.189104282219753,0
1.7238597024555,1.60027463454601,-0.61278854649963,-0.4262471562445,0.0277913364454718,3.4545104375631,0.4262471562445,0.188584188734359,0
1.72485962107641,1.60118508998876,-0.613201956871006,-0.426219367169688,0.0277913364454718,3.45368780181781,0.426219367169688,0.188064741809489,0
1.72585953969733,1.60209555691944,-0.613615341941507,-0.426191578094876,0.0277913364454718,3.45286524384787,0.426191578094876,0.187545942371999,0
1.72685945831824,1.60300603533737,-0.614028701710815,-0.426163789020064,0.0277913364454718,3.45204276370949,0.426163789020064,0.187027791349357,0
1.72785937693915,1.60391652524182,-0.614442036178611,-0.426135999945252,0.0277913364454718,3.45122036145896,0.426135999945252,0.186510289669641,0
1.72885929556007,1.60482702663211,-0.614855345344576,-0.42610821087044,0.0277913364454718,3.45039803715261,0.42610821087044,0.185993438261533,0
1.72985921418098,1.60573753950753,-0.615268629208389,-0.426080421795628,0.0277913364454718,3.44957579084681,0.426080421795628,0.185477238054315,0
1.7308591328019,1.60664806386737,-0.615681887769733,-0.426052632720816,0.0277913364454718,3.448753622598,0.426052632720817,0.184961689977866,0
1.73185905142281,1.60755859971093,-0.616095121028287,-0.426024843646005,0.0277913364454718,3.44793153246264,0.426024843646005,0.184446794962657,0
1.73285897004372,1.60846914703751,-0.616508328983733,-0.425997054571193,0.0277913364454718,3.44710952049725,0.425997054571193,0.183932553939747,0
1.73385888866464,1.6093797058464,-0.616921511635752,-0.425969265496381,0.0277913364454718,3.44628758675842,0.425969265496381,0.183418967840779,0
1.73485880728555,1.61029027613691,-0.617334668984024,-0.425941476421569,0.0277913364454718,3.44546573130275,0.425941476421569,0.182906037597976,0
1.73585872590646,1.61120085790833,-0.617747801028231,-0.425913687346757,0.0277913364454718,3.44464395418692,0.425913687346757,0.182393764144135,0
1.73685864452738,1.61211145115995,-0.618160907768054,-0.425885898271945,0.0277913364454718,3.44382225546763,0.425885898271945,0.181882148412624,0
1.73785856314829,1.61302205589107,-0.618573989203173,-0.425858109197133,0.0277913364454718,3.44300063520166,0.425858109197133,0.18137119133738,0
1.73885848176921,1.613932672101,-0.61898704533327,-0.425830320122321,0.0277913364454718,3.44217909344582,0.425830320122321,0.1808608938529,0
1.73985840039012,1.61484329978902,-0.619400076158025,-0.425802531047509,0.0277913364454718,3.44135763025697,0.425802531047509,0.180351256894239,0
1.74085831901103,1.61575393895443,-0.619813081677119,-0.425774741972697,0.0277913364454718,3.44053624569202,0.425774741972697,0.179842281397007,0
1.74185823763195,1.61666458959653,-0.620226061890234,-0.425746952897885,0.0277913364454718,3.43971493980793,0.425746952897885,0.179333968297363,0
1.74285815625286,1.61757525171462,-0.620639016797051,-0.425719163823073,0.0277913364454718,3.43889371266171,0.425719163823073,0.178826318532008,0
1.74385807487378,1.61848592530799,-0.621051946397251,-0.425691374748261,0.0277913364454718,3.43807256431041,0.425691374748261,0.178319333038187,0
1.74485799349469,1.61939661037594,-0.621464850690515,-0.42566358567345,0.0277913364454718,3.43725149481114,0.425663585673449,0.177813012753678,0
1.7458579121156,1.62030730691777,-0.621877729676524,-0.425635796598638,0.0277913364454718,3.43643050422106,0.425635796598637,0.177307358616792,0
1.74685783073652,1.62121801493277,-0.622290583354959,-0.425608007523826,0.0277913364454718,3.43560959259737,0.425608007523826,0.176802371566365,0
1.74785774935743,1.62212873442025,-0.622703411725501,-0.425580218449014,0.0277913364454718,3.43478875999732,0.425580218449014,0.176298052541756,0
1.74885766797834,1.62303946537949,-0.623116214787832,-0.425552429374202,0.0277913364454718,3.43396800647822,0.425552429374202,0.175794402482841,0
1.74985758659926,1.62395020780979,-0.623528992541633,-0.42552464029939,0.0277913364454718,3.43314733209741,0.42552464029939,0.17529142233001,0
1.75085750522017,1.62486096171045,-0.623941744986586,-0.425496851224578,0.0277913364454718,3.4323267369123,0.425496851224578,0.174789113024161,0
1.75185742384109,1.62577172708077,-0.62435447212237,-0.425469062149766,0.0277913364454718,3.43150622098033,0.425469062149766,0.174287475506692,0
1.752857342462,1.62668250392004,-0.624767173948668,-0.425441273074954,0.0277913364454718,3.430685784359,0.425441273074954,0.173786510719505,0
1.75385726108291,1.62759329222757,-0.625179850465161,-0.425413484000142,0.0277913364454718,3.42986542710587,0.425413484000142,0.173286219604993,0
1.75485717970383,1.62850409200264,-0.62559250167153,-0.42538569492533,0.0277913364454718,3.42904514927853,0.425385694925331,0.172786603106038,0
1.75585709832474,1.62941490324455,-0.626005127567457,-0.425357905850518,0.0277913364454718,3.42822495093462,0.425357905850519,0.172287662166008,0
1.75685701694566,1.63032572595261,-0.626417728152623,-0.425330116775706,0.0277913364454718,3.42740483213185,0.425330116775707,0.17178939772875,0
1.75785693556657,1.6312365601261,-0.626830303426709,-0.425302327700895,0.0277913364454718,3.42658479292795,0.425302327700895,0.171291810738586,0
1.75885685418748,1.63214740576432,-0.627242853389397,-0.425274538626083,0.0277913364454718,3.42576483338073,0.425274538626083,0.170794902140308,0
1.7598567728084,1.63305826286658,-0.627655378040368,-0.425246749551271,0.0277913364454718,3.42494495354802,0.425246749551271,0.170298672879172,0
1.76085669142931,1.63396913143216,-0.628067877379303,-0.425218960476459,0.0277913364454718,3.42412515348772,0.425218960476459,0.169803123900896,0
1.76185661005023,1.63488001146036,-0.628480351405885,-0.425191171401647,0.0277913364454718,3.42330543325779,0.425191171401647,0.169308256151653,0
1.76285652867114,1.63579090295049,-0.628892800119794,-0.425163382326835,0.0277913364454718,3.4224857929162,0.425163382326835,0.168814070578065,0
1.76385644729205,1.63670180590183,-0.629305223520712,-0.425135593252023,0.0277913364454718,3.42166623252101,0.425135593252023,0.168320568127199,0
1.76485636591297,1.63761272031368,-0.62971762160832,-0.425107804177211,0.0277913364454718,3.4208467521303,0.425107804177211,0.167827749746564,0
1.76585628453388,1.63852364618534,-0.630129994382301,-0.425080015102399,0.0277913364454718,3.42002735180222,0.425080015102399,0.167335616384103,0
1.76685620315479,1.63943458351611,-0.630542341842335,-0.425052226027587,0.0277913364454718,3.41920803159497,0.425052226027587,0.16684416898819,0
1.76785612177571,1.64034553230529,-0.630954663988104,-0.425024436952775,0.0277913364454718,3.41838879156678,0.425024436952775,0.166353408507622,0
1.76885604039662,1.64125649255216,-0.63136696081929,-0.424996647877963,0.0277913364454718,3.41756963177595,0.424996647877963,0.165863335891619,0
1.76985595901754,1.64216746425602,-0.631779232335575,-0.424968858803151,0.0277913364454718,3.41675055228083,0.424968858803151,0.165373952089813,0
1.77085587763845,1.64307844741618,-0.632191478536639,-0.42494106972834,0.0277913364454718,3.4159315531398,0.42494106972834,0.164885258052247,0
1.77185579625936,1.64398944203193,-0.632603699422165,-0.424913280653528,0.0277913364454718,3.41511263441131,0.424913280653528,0.164397254729367,0
1.77285571488028,1.64490044810257,-0.633015894991834,-0.424885491578716,0.0277913364454718,3.41429379615385,0.424885491578716,0.163909943072019,0
1.77385563350119,1.64581146562738,-0.633428065245328,-0.424857702503904,0.0277913364454718,3.41347503842597,0.424857702503904,0.163423324031443,0
1.77485555212211,1.64672249460567,-0.633840210182329,-0.424829913429092,0.0277913364454718,3.41265636128626,0.424829913429092,0.162937398559268,0
1.77585547074302,1.64763353503674,-0.634252329802519,-0.42480212435428,0.0277913364454718,3.41183776479336,0.42480212435428,0.162452167607504,0
1.77685538936393,1.64854458691988,-0.634664424105578,-0.424774335279468,0.0277913364454718,3.41101924900598,0.424774335279468,0.161967632128541,0
1.77785530798485,1.64945565025439,-0.63507649309119,-0.424746546204656,0.0277913364454718,3.41020081398284,0.424746546204656,0.161483793075141,0
1.77885522660576,1.65036672503956,-0.635488536759035,-0.424718757129844,0.0277913364454718,3.40938245978276,0.424718757129844,0.161000651400432,0
1.77985514522667,1.65127781127469,-0.635900555108796,-0.424690968055032,0.0277913364454718,3.40856418646457,0.424690968055032,0.160518208057906,0
1.78085506384759,1.65218890895908,-0.636312548140154,-0.42466317898022,0.0277913364454718,3.40774599408718,0.42466317898022,0.160036464001409,0
1.7818549824685,1.65310001809202,-0.636724515852792,-0.424635389905408,0.0277913364454718,3.40692788270952,0.424635389905408,0.159555420185138,0
1.78285490108942,1.65401113867281,-0.63713645824639,-0.424607600830597,0.0277913364454718,3.40610985239061,0.424607600830596,0.159075077563636,0
1.78385481971033,1.65492227070075,-0.637548375320632,-0.424579811755785,0.0277913364454718,3.40529190318947,0.424579811755784,0.158595437091786,0
1.78485473833124,1.65583341417513,-0.637960267075198,-0.424552022680973,0.0277913364454718,3.40447403516523,0.424552022680972,0.158116499724804,0
1.78585465695216,1.65674456909525,-0.638372133509771,-0.424524233606161,0.0277913364454718,3.40365624837702,0.424524233606161,0.157638266418234,0
1.78685457557307,1.65765573546041,-0.638783974624033,-0.424496444531349,0.0277913364454718,3.40283854288404,0.424496444531349,0.157160738127946,0
1.78785449419399,1.65856691326989,-0.639195790417665,-0.424468655456537,0.0277913364454718,3.40202091874555,0.424468655456537,0.156683915810124,0
1.7888544128149,1.65947810252301,-0.639607580890351,-0.424440866381725,0.0277913364454718,3.40120337602086,0.424440866381725,0.156207800421265,0
1.78985433143581,1.66038930321905,-0.64001934604177,-0.424413077306913,0.0277913364454718,3.40038591476931,0.424413077306913,0.155732392918173,0
1.79085425005673,1.66130051535731,-0.640431085871607,-0.424385288232101,0.0277913364454718,3.3995685350503,0.424385288232101,0.155257694257949,0
1.79185416867764,1.66221173893709,-0.640842800379542,-0.424357499157289,0.0277913364454718,3.3987512369233,0.424357499157289,0.154783705397991,0
1.79285408729855,1.66312297395768,-0.641254489565259,-0.424329710082477,0.0277913364454718,3.39793402044782,0.424329710082477,0.154310427295986,0
1.79385400591947,1.66403422041838,-0.641666153428438,-0.424301921007665,0.0277913364454718,3.3971168856834,0.424301921007666,0.153837860909903,0
1.79485392454038,1.66494547831848,-0.642077791968762,-0.424274131932853,0.0277913364454718,3.39629983268966,0.424274131932854,0.153366007197987,0
1.7958538431613,1.66585674765729,-0.642489405185913,-0.424246342858042,0.0277913364454718,3.39548286152626,0.424246342858042,0.152894867118755,0
1.79685376178221,1.6667680284341,-0.642900993079573,-0.42421855378323,0.0277913364454718,3.39466597225291,0.42421855378323,0.15242444163099,0
1.79785368040312,1.6676793206482,-0.643312555649425,-0.424190764708418,0.0277913364454718,3.39384916492938,0.424190764708418,0.151954731693734,0
1.79885359902404,1.66859062429889,-0.64372409289515,-0.424162975633606,0.0277913364454718,3.39303243961547,0.424162975633606,0.151485738266282,0
1.79985351764495,1.66950193938547,-0.644135604816432,-0.424135186558794,0.0277913364454718,3.39221579637106,0.424135186558794,0.151017462308176,0
1.80085343626587,1.67041326590724,-0.644547091412951,-0.424107397483982,0.0277913364454718,3.39139923525606,0.424107397483982,0.150549904779201,0
1.80185335488678,1.67132460386348,-0.64495855268439,-0.42407960840917,0.0277913364454718,3.39058275633044,0.42407960840917,0.150083066639376,0
1.80285327350769,1.67223595337524,-0.645369988360766,-0.424047874056956,0.0540953268169102,3.38976635948337,0.424047874056956,0.149616948587135,0
1.80385319212861,1.67314732123168,-0.645781383400187,-0.423993783132368,0.0540953268169102,3.3889500352431,0.423993783132368,0.149151536972904,0
1.80485311074952,1.67405871133952,-0.646192729142275,-0.423939692207779,0.0540953268169102,3.38813377817536,0.423939692207779,0.148686824323865,0
1.80585302937043,1.6749701236961,-0.646604025585829,-0.42388560128319,0.0540953268169102,3.38731758833111,0.42388560128319,0.148222811571006,0
1.80685294799135,1.67588155829875,-0.647015272729644,-0.423831510358602,0.0540953268169102,3.38650146576135,0.423831510358601,0.147759499645556,0
1.80785286661226,1.67679301514481,-0.647426470572516,-0.423777419434013,0.0540953268169102,3.38568541051709,0.423777419434013,0.147296889478985,0
1.80885278523318,1.6777044942316,-0.647837619113244,-0.423723328509424,0.0540953268169102,3.38486942264945,0.423723328509424,0.146834982002998,0
1.80985270385409,1.67861599555647,-0.648248718350624,-0.423669237584836,0.0540953268169102,3.38405350220953,0.423669237584836,0.146373778149526,0
1.810852622475,1.67952751911674,-0.648659768283453,-0.423615146660247,0.0540953268169102,3.38323764924851,0.423615146660247,0.145913278850724,0
1.81185254109592,1.68043906490975,-0.649070768910528,-0.423561055735659,0.0540953268169102,3.38242186381761,0.423561055735659,0.145453485038961,0
1.81285245971683,1.68135063293283,-0.649481720230648,-0.42350696481107,0.0540953268169102,3.38160614596808,0.42350696481107,0.144994397646821,0
1.81385237833775,1.68226222318331,-0.649892622242609,-0.423452873886481,0.0540953268169102,3.38079049575124,0.423452873886481,0.14453601760709,0
1.81485229695866,1.68317383565853,-0.650303474945209,-0.423398782961893,0.0540953268169102,3.37997491321844,0.423398782961893,0.144078345852751,0
1.81585221557957,1.68408547035581,-0.650714278337247,-0.423344692037304,0.0540953268169102,3.37915939842106,0.423344692037304,0.143621383316986,0
1.81685213420049,1.6849971272725,-0.65112503241752,-0.423290601112715,0.0540953268169102,3.37834395141055,0.423290601112715,0.143165130933158,0
1.8178520528214,1.68590880640592,-0.651535737184827,-0.423236510188127,0.0540953268169102,3.3775285722384,0.423236510188127,0.142709589634815,0
1.81885197144232,1.68682050775341,-0.651946392637966,-0.423182419263538,0.0540953268169102,3.37671326095613,0.423182419263538,0.142254760355678,0
1.81985189006323,1.6877322313123,-0.652356998775735,-0.42312832833895,0.0540953268169102,3.37589801761532,0.42312832833895,0.141800644029641,0
1.82085180868414,1.68864397707992,-0.652767555596933,-0.423074237414361,0.0540953268169102,3.37508284226759,0.423074237414361,0.141347241590758,0
1.82185172730506,1.68955574505361,-0.65317806310036,-0.423020146489772,0.0540953268169102,3.3742677349646,0.423020146489772,0.140894553973239,0
1.82285164592597,1.69046753523069,-0.653588521284813,-0.422966055565184,0.0540953268169102,3.37345269575806,0.422966055565184,0.14044258211145,0
1.82385156454688,1.6913793476085,-0.653998930149091,-0.422911964640595,0.0540953268169102,3.37263772469972,0.422911964640595,0.139991326939898,0
1.8248514831678,1.69229118218437,-0.654409289691995,-0.422857873716006,0.0540953268169102,3.37182282184139,0.422857873716006,0.139540789393231,0
1.82585140178871,1.69320303895564,-0.654819599912324,-0.422803782791418,0.0540953268169102,3.37100798723491,0.422803782791418,0.139090970406228,0
1.82685132040963,1.69411491791963,-0.655229860808876,-0.422749691866829,0.0540953268169102,3.37019322093217,0.422749691866829,0.138641870913796,0
1.82785123903054,1.69502681907367,-0.655640072380452,-0.422695600942241,0.0540953268169102,3.36937852298511,0.42269560094224,0.138193491850962,0
1.82885115765145,1.69593874241511,-0.656050234625851,-0.422641510017652,0.0540953268169102,3.3685638934457,0.422641510017652,0.137745834152867,0
1.82985107627237,1.69685068794127,-0.656460347543873,-0.422587419093063,0.0540953268169102,3.36774933236598,0.422587419093063,0.137298898754761,0
1.83085099489328,1.69776265564948,-0.656870411133319,-0.422533328168475,0.0540953268169102,3.36693483979801,0.422533328168475,0.136852686591994,0
1.8318509135142,1.69867464553707,-0.657280425392988,-0.422479237243886,0.0540953268169102,3.36612041579391,0.422479237243886,0.136407198600013,0
1.83285083213511,1.69958665760138,-0.657690390321682,-0.422425146319297,0.0540953268169102,3.36530606040584,0.422425146319297,0.135962435714353,0
1.83385075075602,1.70049869183974,-0.6581003059182,-0.422371055394709,0.0540953268169102,3.36449177368602,0.422371055394709,0.135518398870631,0
1.83485066937694,1.70141074824948,-0.658510172181343,-0.42231696447012,0.0540953268169102,3.36367755568669,0.42231696447012,0.135075089004542,0
1.83585058799785,1.70232282682793,-0.658919989109912,-0.422262873545531,0.0540953268169102,3.36286340646015,0.422262873545531,0.13463250705185,0
1.83685050661876,1.70323492757242,-0.659329756702707,-0.422208782620943,0.0540953268169102,3.36204932605875,0.422208782620943,0.134190653948383,0
1.83785042523968,1.70414705048028,-0.659739474958531,-0.422154691696354,0.0540953268169102,3.36123531453488,0.422154691696354,0.133749530630024,0
1.83885034386059,1.70505919554885,-0.660149143876184,-0.422100600771766,0.0540953268169102,3.36042137194097,0.422100600771766,0.133309138032709,0
1.83985026248151,1.70597136277546,-0.660558763454468,-0.422046509847177,0.0540953268169102,3.35960749832951,0.422046509847177,0.132869477092416,0
1.84085018110242,1.70688355215743,-0.660968333692184,-0.421992418922588,0.0540953268169102,3.35879369375303,0.421992418922589,0.132430548745163,0
1.84185009972333,1.7077957636921,-0.661377854588133,-0.421938327998,0.0540953268169102,3.35797995826409,0.421938327998,0.131992353926997,0
1.84285001834425,1.7087079973768,-0.661787326141118,-0.421884237073411,0.0540953268169102,3.35716629191532,0.421884237073411,0.131554893573989,0
1.84384993696516,1.70962025320886,-0.662196748349941,-0.421830146148822,0.0540953268169102,3.35635269475938,0.421830146148822,0.131118168622228,0
1.84484985558608,1.71053253118561,-0.662606121213404,-0.421776055224234,0.0540953268169102,3.35553916684899,0.421776055224234,0.130682180007816,0
1.84584977420699,1.71144483130439,-0.663015444730308,-0.421721964299645,0.0540953268169102,3.3547257082369,0.421721964299645,0.130246928666856,0
1.8468496928279,1.71235715356252,-0.663424718899456,-0.421667873375057,0.0540953268169102,3.35391231897591,0.421667873375057,0.129812415535453,0
1.84784961144882,1.71326949795733,-0.663833943719652,-0.421613782450468,0.0540953268169102,3.35309899911888,0.421613782450468,0.129378641549698,0
1.84884953006973,1.71418186448615,-0.664243119189697,-0.421559691525879,0.0540953268169102,3.35228574871871,0.421559691525879,0.12894560764567,0
1.84984944869065,1.71509425314632,-0.664652245308394,-0.421505600601291,0.0540953268169102,3.35147256782833,0.421505600601291,0.128513314759425,0
1.85084936731156,1.71600666393517,-0.665061322074546,-0.421451509676702,0.0540953268169102,3.35065945650073,0.421451509676702,0.128081763826987,0
1.85184928593247,1.71691909685002,-0.665470349486957,-0.421397418752113,0.0540953268169102,3.34984641478895,0.421397418752113,0.127650955784348,0
1.85284920455339,1.7178315518882,-0.66587932754443,-0.421343327827525,0.0540953268169102,3.34903344274607,0.421343327827525,0.127220891567455,0
1.8538491231743,1.71874402904706,-0.666288256245768,-0.421289236902936,0.0540953268169102,3.34822054042522,0.421289236902936,0.126791572112203,0
1.85484904179521,1.71965652832391,-0.666697135589774,-0.421235145978348,0.0540953268169102,3.34740770787957,0.421235145978347,0.126362998354435,0
1.85584896041613,1.72056904971608,-0.667105965575253,-0.421181055053759,0.0540953268169102,3.34659494516234,0.421181055053759,0.125935171229926,0
1.85684887903704,1.72148159322092,-0.667514746201007,-0.42112696412917,0.0540953268169102,3.34578225232681,0.42112696412917,0.125508091674383,0
1.85784879765796,1.72239415883574,-0.667923477465842,-0.421072873204582,0.0540953268169102,3.34496962942627,0.421072873204582,0.125081760623435,0
1.85884871627887,1.72330674655788,-0.668332159368561,-0.421018782279993,0.0540953268169102,3.3441570765141,0.421018782279993,0.124656179012625,0
1.85984863489978,1.72421935638466,-0.668740791907969,-0.420964691355404,0.0540953268169102,3.34334459364371,0.420964691355405,0.124231347777407,0
1.8608485535207,1.72513198831342,-0.669149375082869,-0.420910600430816,0.0540953268169102,3.34253218086854,0.420910600430816,0.123807267853136,0
1.86184847214161,1.72604464234149,-0.669557908892067,-0.420856509506227,0.0540953268169102,3.34171983824209,0.420856509506227,0.123383940175058,0
1.86284839076253,1.7269573184662,-0.669966393334367,-0.420802418581639,0.0540953268169102,3.34090756581793,0.420802418581638,0.12296136567831,0
1.86384830938344,1.72787001668487,-0.670374828408574,-0.42074832765705,0.0540953268169102,3.34009536364962,0.42074832765705,0.122539545297908,0
1.86484822800435,1.72878273699483,-0.670783214113493,-0.420694236732461,0.0540953268169102,3.33928323179084,0.420694236732461,0.122118479968741,0
1.86584814662527,1.72969547939342,-0.671191550447929,-0.420640145807873,0.0540953268169102,3.33847117029524,0.420640145807873,0.121698170625563,0
1.86684806524618,1.73060824387797,-0.671599837410688,-0.420586054883284,0.0540953268169102,3.33765917921659,0.420586054883284,0.121278618202988,0
1.86784798386709,1.7315210304458,-0.672008075000574,-0.420531963958695,0.0540953268169102,3.33684725860865,0.420531963958696,0.12085982363548,0
1.86884790248801,1.73243383909424,-0.672416263216394,-0.420477873034107,0.0540953268169102,3.33603540852526,0.420477873034107,0.120441787857349,0
1.86984782110892,1.73334666982063,-0.672824402056953,-0.420423782109518,0.0540953268169102,3.33522362902029,0.420423782109518,0.12002451180274,0
1.87084773972984,1.73425952262229,-0.673232491521057,-0.42036969118493,0.0540953268169102,3.33441192014767,0.42036969118493,0.119607996405629,0
1.87184765835075,1.73517239749654,-0.673640531607512,-0.420315600260341,0.0540953268169102,3.33360028196137,0.420315600260341,0.119192242599813,0
1.87284757697166,1.73608529444073,-0.674048522315124,-0.420261509335752,0.0540953268169102,3.3327887145154,0.420261509335752,0.118777251318905,0
1.87384749559258,1.73699821345218,-0.6744564636427,-0.420207418411164,0.0540953268169102,3.33197721786384,0.420207418411163,0.118363023496327,0
1.87484741421349,1.73791115452822,-0.674864355589045,-0.420153327486575,0.0540953268169102,3.3311657920608,0.420153327486575,0.117949560065297,0
1.87584733283441,1.73882411766617,-0.675272198152967,-0.420099236561986,0.0540953268169102,3.33035443716043,0.420099236561986,0.117536861958831,0
1.87684725145532,1.73973710286337,-0.675679991333271,-0.420045145637398,0.0540953268169102,3.32954315321695,0.420045145637398,0.117124930109726,0
1.87784717007623,1.74065011011714,-0.676087735128766,-0.419991054712809,0.0540953268169102,3.32873194028461,0.419991054712809,0.116713765450559,0
1.87884708869715,1.74156313942482,-0.676495429538258,-0.41993696378822,0.0540953268169102,3.32792079841772,0.419936963788221,0.116303368913678,0
1.87984700731806,1.74247619078373,-0.676903074560554,-0.419882872863632,0.0540953268169102,3.32710972767062,0.419882872863632,0.115893741431192,0
1.88084692593897,1.74338926419119,-0.677310670194462,-0.419828781939043,0.0540953268169102,3.32629872809771,0.419828781939043,0.115484883934967,0
1.88184684455989,1.74430235964455,-0.677718216438788,-0.419774691014455,0.0540953268169102,3.32548779975345,0.419774691014454,0.115076797356616,0
1.8828467631808,1.74521547714113,-0.678125713292341,-0.419720600089866,0.0540953268169102,3.32467694269231,0.419720600089866,0.114669482627493,0
1.88384668180172,1.74612861667825,-0.678533160753928,-0.419666509165277,0.0540953268169102,3.32386615696886,0.419666509165277,0.114262940678683,0
1.88484660042263,1.74704177825324,-0.678940558822358,-0.419612418240689,0.0540953268169102,3.32305544263767,0.419612418240689,0.113857172440998,0
1.88584651904354,1.74795496186344,-0.679347907496437,-0.4195583273161,0.0540953268169102,3.32224479975339,0.4195583273161,0.113452178844966,0
1.88684643766446,1.74886816750617,-0.679755206774975,-0.419504236391511,0.0540953268169102,3.32143422837069,0.419504236391512,0.113047960820826,0
1.88784635628537,1.74978139517875,-0.680162456656779,-0.419450145466923,0.0540953268169102,3.32062372854432,0.419450145466923,0.112644519298517,0
1.88884627490629,1.75069464487852,-0.680569657140659,-0.419396054542334,0.0540953268169102,3.31981330032905,0.419396054542334,0.112241855207674,0
1.8898461935272,1.75160791660281,-0.680976808225422,-0.419341963617746,0.0540953268169102,3.31900294377971,0.419341963617746,0.111839969477617,0
1.89084611214811,1.75252121034894,-0.681383909909877,-0.419287872693157,0.0540953268169102,3.31819265895119,0.419287872693157,0.111438863037347,0
1.89184603076903,1.75343452611424,-0.681790962192834,-0.419233781768568,0.0540953268169102,3.3173824458984,0.419233781768568,0.111038536815534,0
1.89284594938994,1.75434786389604,-0.682197965073101,-0.41917969084398,0.0540953268169102,3.31657230467633,0.41917969084398,0.110638991740511,0
1.89384586801085,1.75526122369167,-0.682604918549488,-0.419125599919391,0.0540953268169102,3.31576223533999,0.419125599919391,0.110240228740268,0
1.89484578663177,1.75617460549844,-0.683011822620804,-0.419071508994802,0.0540953268169102,3.31495223794446,0.419071508994802,0.10984224874244,0
1.89584570525268,1.7570880093137,-0.683418677285858,-0.419017418070214,0.0540953268169102,3.31414231254485,0.419017418070214,0.109445052674303,0
1.8968456238736,1.75800143513477,-0.68382548254346,-0.418963327145625,0.0540953268169102,3.31333245919633,0.418963327145625,0.109048641462766,0
1.89784554249451,1.75891488295898,-0.684232238392419,-0.418909236221036,0.0540953268169102,3.31252267795412,0.418909236221037,0.108653016034359,0
1.89884546111542,1.75982835278364,-0.684638944831546,-0.418855145296448,0.0540953268169102,3.31171296887348,0.418855145296448,0.108258177315228,0
1.89984537973634,1.7607418446061,-0.685045601859651,-0.418801054371859,0.0540953268169102,3.31090333200973,0.418801054371859,0.10786412623113,0
1.90084529835725,1.76165535842368,-0.685452209475544,-0.418746963447271,0.0540953268169102,3.31009376741822,0.41874696344727,0.107470863707417,0
1.90184521697817,1.7625688942337,-0.685858767678035,-0.418692872522682,0.0540953268169102,3.30928427515437,0.418692872522682,0.107078390669036,0
1.90284513559908,1.7634824520335,-0.686265276465934,-0.418638781598093,0.0540953268169102,3.30847485527364,0.418638781598093,0.106686708040516,0
1.90384505421999,1.76439603182039,-0.686671735838053,-0.418584690673505,0.0540953268169102,3.30766550783154,0.418584690673505,0.106295816745964,0
1.90484497284091,1.76530963359172,-0.687078145793202,-0.418530599748916,0.0540953268169102,3.30685623288361,0.418530599748916,0.105905717709052,0
1.90584489146182,1.76622325734479,-0.687484506330192,-0.418476508824327,0.0540953268169102,3.30604703048547,0.418476508824328,0.105516411853011,0
1.90684481008274,1.76713690307695,-0.687890817447834,-0.418422417899739,0.0540953268169102,3.30523790069277,0.418422417899739,0.105127900100626,0
1.90784472870365,1.76805057078551,-0.688297079144939,-0.41836832697515,0.0540953268169102,3.30442884356122,0.41836832697515,0.104740183374224,0
1.90884464732456,1.76896426046781,-0.688703291420318,-0.418314236050562,0.0540953268169102,3.30361985914656,0.418314236050561,0.104353262595665,0
1.90984456594548,1.76987797212117,-0.689109454272784,-0.418260145125973,0.0540953268169102,3.30281094750459,0.418260145125973,0.103967138686337,0
1.91084448456639,1.77079170574292,-0.689515567701148,-0.418206054201384,0.0540953268169102,3.30200210869118,0.418206054201384,0.103581812567148,0
1.9118444031873,1.77170546133038,-0.689921631704221,-0.418151963276796,0.0540953268169102,3.30119334276221,0.418151963276796,0.103197285158515,0
1.91284432180822,1.77261923888088,-0.690327646280815,-0.418097872352207,0.0540953268169102,3.30038464977364,0.418097872352207,0.102813557380356,0
1.91384424042913,1.77353303839174,-0.690733611429743,-0.418043781427618,0.0540953268169102,3.29957602978146,0.418043781427619,0.102430630152084,0
1.91484415905005,1.77444685986031,-0.691139527149816,-0.41798969050303,0.0540953268169102,3.29876748284172,0.41798969050303,0.102048504392598,0
1.91584407767096,1.77536070328389,-0.691545393439848,-0.417935599578441,0.0540953268169102,3.29795900901052,0.417935599578441,0.101667181020271,0
1.91684399629187,1.77627456865981,-0.69195121029865,-0.417881508653853,0.0540953268169102,3.297150608344,0.417881508653853,0.101286660952948,0
1.91784391491279,1.77718845598541,-0.692356977725035,-0.417827417729264,0.0540953268169102,3.29634228089836,0.417827417729264,0.100906945107933,0
1.9188438335337,1.77810236525801,-0.692762695717817,-0.417773326804675,0.0540953268169102,3.29553402672985,0.417773326804675,0.100528034401982,0
1.91984375215462,1.77901629647493,-0.693168364275807,-0.417719235880087,0.0540953268169102,3.29472584589475,0.417719235880087,0.100149929751294,0
1.92084367077553,1.77993024963351,-0.693573983397819,-0.417665144955498,0.0540953268169102,3.29391773844941,0.417665144955498,0.0997726320715041,0
1.92184358939644,1.78084422473106,-0.693979553082667,-0.417611054030909,0.0540953268169102,3.29310970445022,0.417611054030909,0.0993961422776732,0
1.92284350801736,1.78175822176491,-0.694385073329163,-0.417556963106321,0.0540953268169102,3.29230174395363,0.417556963106321,0.0990204612842809,0
1.92384342663827,1.78267224073238,-0.694790544136122,-0.417502872181732,0.0540953268169102,3.29149385701613,0.417502872181732,0.0986455900052158,0
1.92484334525918,1.78358628163082,-0.695195965502356,-0.417448781257144,0.0540953268169102,3.29068604369427,0.417448781257144,0.0982715293537677,0
1.9258432638801,1.78450034445753,-0.69560133742668,-0.417394690332555,0.0540953268169102,3.28987830404462,0.417394690332555,0.0978982802426204,0
1.92684318250101,1.78541442920985,-0.696006659907907,-0.417340599407966,0.0540953268169102,3.28907063812385,0.417340599407966,0.0975258435838391,0
1.92784310112193,1.78632853588509,-0.696411932944852,-0.417286508483378,0.0540953268169102,3.28826304598863,0.417286508483378,0.0971542202888672,0
1.92884301974284,1.7872426644806,-0.696817156536329,-0.417232417558789,0.0540953268169102,3.28745552769571,0.417232417558789,0.0967834112685125,0
1.92984293836375,1.78815681499368,-0.697222330681152,-0.4171783266342,0.0540953268169102,3.28664808330189,0.4171783266342,0.0964134174329431,0
1.93084285698467,1.78907098742167,-0.697627455378136,-0.417124235709612,0.0540953268169102,3.285840712864,0.417124235709612,0.0960442396916747,0
1.93184277560558,1.78998518319855,-0.69803252738355,-0.417051228267391,0.104543478666561,3.28503341434609,0.417051228267391,0.0956758756558589,0
1.9328426942265,1.79089941732438,-0.698437512828599,-0.416946693296378,0.104543478666561,3.28422616594156,0.416946693296377,0.0953082917755166,0
1.93384261284741,1.79181369378036,-0.698842402701998,-0.416842158325364,0.104543478666561,3.28341896187944,0.416842158325364,0.0949414797521071,0
1.93484253146832,1.7927280125565,-0.699247196999322,-0.41673762335435,0.104543478666561,3.28261180220129,0.41673762335435,0.0945754404436528,0
1.93584245008924,1.7936423736428,-0.699651895716147,-0.416633088383336,0.104543478666561,3.28180468694866,0.416633088383336,0.0942101747076298,0
1.93684236871015,1.79455677702927,-0.700056498848052,-0.416528553412322,0.104543478666561,3.28099761616316,0.416528553412322,0.093845683400959,0
1.93784228733107,1.79547122270593,-0.700461006390615,-0.416424018441308,0.104543478666561,3.28019058988645,0.416424018441308,0.09348196738,0
1.93884220595198,1.79638571066277,-0.700865418339415,-0.416319483470295,0.104543478666561,3.2793836081602,0.416319483470295,0.0931190275005421,0
1.93984212457289,1.7973002408898,-0.701269734690035,-0.416214948499281,0.104543478666561,3.27857667102612,0.416214948499281,0.0927568646177974,0
1.94084204319381,1.79821481337704,-0.701673955438054,-0.416110413528267,0.104543478666561,3.27776977852599,0.416110413528267,0.0923954795863927,0
1.94184196181472,1.79912942811448,-0.702078080579056,-0.416005878557253,0.104543478666561,3.27696293070158,0.416005878557253,0.0920348732603617,0
1.94284188043563,1.80004408509214,-0.702482110108626,-0.415901343586239,0.104543478666561,3.27615612759472,0.415901343586239,0.0916750464931372,0
1.94384179905655,1.80095878430001,-0.702886044022347,-0.415796808615225,0.104543478666561,3.27534936924729,0.415796808615226,0.0913160001375436,0
1.94484171767746,1.80187352572811,-0.703289882315807,-0.415692273644212,0.104543478666561,3.27454265570118,0.415692273644212,0.0909577350457889,0
1.94584163629838,1.80278830936643,-0.703693624984592,-0.415587738673198,0.104543478666561,3.27373598699833,0.415587738673198,0.0906002520694565,0
1.94684155491929,1.80370313520499,-0.704097272024289,-0.415483203702184,0.104543478666561,3.27292936318071,0.415483203702184,0.090243552059498,0
1.9478414735402,1.80461800323377,-0.704500823430489,-0.41537866873117,0.104543478666561,3.27212278429034,0.41537866873117,0.0898876358662248,0
1.94884139216112,1.80553291344279,-0.704904279198781,-0.415274133760156,0.104543478666561,3.27131625036927,0.415274133760156,0.0895325043393007,0
1.94984131078203,1.80644786582205,-0.705307639324757,-0.415169598789143,0.104543478666561,3.27050976145958,0.415169598789142,0.0891781583277338,0
1.95084122940295,1.80736286036155,-0.705710903804009,-0.415065063818129,0.104543478666561,3.26970331760339,0.415065063818129,0.0888245986798679,0
1.95184114802386,1.80827789705129,-0.70611407263213,-0.414960528847115,0.104543478666561,3.26889691884288,0.414960528847115,0.0884718262433758,0
1.95284106664477,1.80919297588128,-0.706517145804714,-0.414855993876101,0.104543478666561,3.26809056522022,0.414855993876101,0.0881198418652506,0
1.95384098526569,1.8101080968415,-0.706920123317358,-0.414751458905087,0.104543478666561,3.26728425677766,0.414751458905087,0.0877686463917975,0
1.9548409038866,1.81102325992197,-0.707323005165656,-0.414646923934073,0.104543478666561,3.26647799355748,0.414646923934074,0.0874182406686264,0
1.95584082250751,1.81193846511268,-0.707725791345208,-0.41454238896306,0.104543478666561,3.26567177560197,0.41454238896306,0.0870686255406442,0
1.95684074112843,1.81285371240363,-0.708128481851611,-0.414437853992046,0.104543478666561,3.26486560295348,0.414437853992046,0.0867198018520458,0
1.95784065974934,1.81376900178482,-0.708531076680464,-0.414333319021032,0.104543478666561,3.2640594756544,0.414333319021032,0.0863717704463056,0
1.95884057837026,1.81468433324625,-0.70893357582737,-0.414228784050018,0.104543478666561,3.26325339374715,0.414228784050018,0.0860245321661726,0
1.95984049699117,1.81559970677791,-0.709335979287928,-0.414124249079004,0.104543478666561,3.26244735727418,0.414124249079004,0.0856780878536579,0
1.96084041561208,1.81651512236981,-0.709738287057743,-0.414019714107991,0.104543478666561,3.26164136627799,0.414019714107991,0.0853324383500302,0
1.961840334233,1.81743058001193,-0.710140499132417,-0.413915179136977,0.104543478666561,3.26083542080112,0.413915179136977,0.0849875844958058,0
1.96284025285391,1.81834607969429,-0.710542615507555,-0.413810644165963,0.104543478666561,3.26002952088613,0.413810644165963,0.0846435271307412,0
1.96384017147483,1.81926162140686,-0.710944636178764,-0.413706109194949,0.104543478666561,3.25922366657563,0.413706109194949,0.0843002670938248,0
1.96484009009574,1.82017720513965,-0.711346561141651,-0.413601574223935,0.104543478666561,3.25841785791226,0.413601574223935,0.0839578052232688,0
1.96584000871665,1.82109283088265,-0.711748390391822,-0.413497039252921,0.104543478666561,3.25761209493872,0.413497039252921,0.0836161423565009,0
1.96683992733757,1.82200849862586,-0.712150123924888,-0.413392504281908,0.104543478666561,3.25680637769772,0.413392504281908,0.0832752793301565,0
1.96783984595848,1.82292420835926,-0.712551761736457,-0.413287969310894,0.104543478666561,3.25600070623201,0.413287969310894,0.0829352169800703,0
1.96883976457939,1.82383996007287,-0.712953303822142,-0.41318343433988,0.104543478666561,3.25519508058439,0.41318343433988,0.0825959561412677,0
1.96983968320031,1.82475575375665,-0.713354750177555,-0.413078899368866,0.104543478666561,3.25438950079771,0.413078899368866,0.082257497647957,0
1.97083960182122,1.82567158940062,-0.713756100798308,-0.412974364397852,0.104543478666561,3.25358396691482,0.412974364397853,0.0819198423335218,0
1.97183952044214,1.82658746699476,-0.714157355680016,-0.412869829426839,0.104543478666561,3.25277847897864,0.412869829426838,0.0815829910305117,0
1.97283943906305,1.82750338652906,-0.714558514818293,-0.412765294455825,0.104543478666561,3.25197303703212,0.412765294455825,0.0812469445706341,0
1.97383935768396,1.82841934799352,-0.714959578208758,-0.412660759484811,0.104543478666561,3.25116764111823,0.412660759484811,0.0809117037847468,0
1.97483927630488,1.82933535137812,-0.715360545847025,-0.412556224513797,0.104543478666561,3.25036229128001,0.412556224513797,0.080577269502849,0
1.97583919492579,1.83025139667286,-0.715761417728715,-0.412451689542783,0.104543478666561,3.24955698756052,0.412451689542783,0.0802436425540735,0
1.97683911354671,1.83116748386772,-0.716162193849447,-0.412347154571769,0.104543478666561,3.24875173000285,0.41234715457177,0.0799108237666775,0
1.97783903216762,1.8320836129527,-0.716562874204841,-0.412242619600756,0.104543478666561,3.24794651865014,0.412242619600756,0.0795788139680358,0
1.97883895078853,1.83299978391778,-0.716963458790518,-0.412138084629742,0.104543478666561,3.24714135354556,0.412138084629742,0.0792476139846306,0
1.97983886940945,1.83391599675295,-0.717363947602101,-0.412033549658728,0.104543478666561,3.24633623473234,0.412033549658728,0.0789172246420446,0
1.98083878803036,1.83483225144821,-0.717764340635214,-0.411929014687714,0.104543478666561,3.24553116225371,0.411929014687714,0.0785876467649521,0
1.98183870665127,1.83574854799353,-0.718164637885482,-0.4118244797167,0.104543478666561,3.24472613615298,0.4118244797167,0.0782588811771108,0
1.98283862527219,1.8366648863789,-0.71856483934853,-0.411719944745687,0.104543478666561,3.24392115647347,0.411719944745687,0.0779309287013534,0
1.9838385438931,1.83758126659432,-0.718964945019985,-0.411615409774673,0.104543478666561,3.24311622325854,0.411615409774673,0.0776037901595785,0
1.98483846251402,1.83849768862977,-0.719364954895475,-0.411510874803659,0.104543478666561,3.24231133655161,0.411510874803659,0.0772774663727434,0
1.98583838113493,1.83941415247523,-0.719764868970629,-0.411406339832645,0.104543478666561,3.24150649639611,0.411406339832645,0.076951958160855,0
1.98683829975584,1.84033065812069,-0.720164687241076,-0.411301804861631,0.104543478666561,3.24070170283553,0.411301804861631,0.0766272663429609,0
1.98783821837676,1.84124720555613,-0.720564409702448,-0.411197269890617,0.104543478666561,3.23989695591338,0.411197269890617,0.0763033917371425,0
1.98883813699767,1.84216379477154,-0.720964036350376,-0.411092734919604,0.104543478666561,3.23909225567323,0.411092734919603,0.0759803351605044,0
1.98983805561859,1.8430804257569,-0.721363567180494,-0.41098819994859,0.104543478666561,3.23828760215868,0.41098819994859,0.0756580974291681,0
1.9908379742395,1.8439970985022,-0.721763002188436,-0.410883664977576,0.104543478666561,3.23748299541335,0.410883664977576,0.0753366793582622,0
1.99183789286041,1.84491381299741,-0.722162341369836,-0.410779130006562,0.104543478666561,3.23667843548093,0.410779130006562,0.0750160817619133,0
1.99283781148133,1.84583056923253,-0.722561584720332,-0.410674595035548,0.104543478666561,3.23587392240513,0.410674595035548,0.07469630545324,0
1.99383773010224,1.84674736719753,-0.72296073223556,-0.410570060064535,0.104543478666561,3.2350694562297,0.410570060064535,0.0743773512443414,0
1.99483764872315,1.84766420688239,-0.723359783911159,-0.410465525093521,0.104543478666561,3.23426503699842,0.410465525093521,0.0740592199462909,0
1.99583756734407,1.8485810882771,-0.723758739742767,-0.410360990122507,0.104543478666561,3.23346066475514,0.410360990122507,0.0737419123691263,0
1.99683748596498,1.84949801137164,-0.724157599726026,-0.410256455151493,0.104543478666561,3.23265633954372,0.410256455151493,0.0734254293218417,0
1.9978374045859,1.85041497615598,-0.724556363856577,-0.410151920180479,0.104543478666561,3.23185206140807,0.410151920180479,0.0731097716123793,0
1.99883732320681,1.85133198262011,-0.724955032130062,-0.410047385209465,0.104543478666561,3.23104783039213,0.410047385209465,0.0727949400476202,0
1.99983724182772,1.85224903075401,-0.725353604542124,-0.409942850238452,0.104543478666561,3.23024364653989,0.409942850238452,0.072480935433376,0
2.00083716044864,1.85316612054765,-0.725752081088409,-0.409838315267438,0.104543478666561,3.22943950989538,0.409838315267438,0.0721677585743806,0
2.00183707906955,1.85408325199101,-0.726150461764563,-0.409733780296424,0.104543478666561,3.22863542050265,0.409733780296424,0.071855410274281,0
2.00283699769047,1.85500042507408,-0.726548746566231,-0.40962924532541,0.104543478666561,3.22783137840581,0.40962924532541,0.07154389133563,0
2.00383691631138,1.85591763978682,-0.726946935489061,-0.409524710354396,0.104543478666561,3.22702738364901,0.409524710354396,0.0712332025598749,0
2.00483683493229,1.85683489611923,-0.727345028528702,-0.409420175383383,0.104543478666561,3.22622343627642,0.409420175383382,0.0709233447473524,0
2.00583675355321,1.85775219406126,-0.727743025680804,-0.409315640412369,0.104543478666561,3.22541953633227,0.409315640412369,0.0706143186972769,0
2.00683667217412,1.8586695336029,-0.728140926941018,-0.409211105441355,0.104543478666561,3.22461568386081,0.409211105441355,0.0703061252077337,0
2.00783659079504,1.85958691473413,-0.728538732304996,-0.409106570470341,0.104543478666561,3.22381187890635,0.409106570470341,0.0699987650756703,0
2.00883650941595,1.86050433744491,-0.728936441768391,-0.409002035499327,0.104543478666561,3.22300812151322,0.409002035499327,0.0696922390968858,0
2.00983642803686,1.86142180172523,-0.729334055326856,-0.408897500528313,0.104543478666561,3.2222044117258,0.408897500528314,0.0693865480660251,0
2.01083634665778,1.86233930756506,-0.729731572976047,-0.4087929655573,0.104543478666561,3.2214007495885,0.408792965557299,0.0690816927765679,0
2.01183626527869,1.86325685495438,-0.73012899471162,-0.408688430586286,0.104543478666561,3.2205971351458,0.408688430586286,0.0687776740208214,0
2.0128361838996,1.86417444388314,-0.730526320529232,-0.408583895615272,0.104543478666561,3.21979356844217,0.408583895615272,0.068474492589911,0
2.01383610252052,1.86509207434134,-0.730923550424541,-0.408479360644258,0.104543478666561,3.21899004952216,0.408479360644258,0.0681721492737718,0
2.01483602114143,1.86600974631894,-0.731320684393206,-0.408374825673244,0.104543478666561,3.21818657843034,0.408374825673244,0.0678706448611396,0
2.01583593976235,1.86692745980592,-0.731717722430888,-0.408270290702231,0.104543478666561,3.21738315521134,0.408270290702231,0.0675699801395431,0
2.01683585838326,1.86784521479224,-0.732114664533249,-0.408165755731217,0.104543478666561,3.21657977990979,0.408165755731217,0.0672701558952937,0
2.01783577700417,1.86876301126787,-0.732511510695949,-0.408061220760203,0.104543478666561,3.21577645257041,0.408061220760203,0.0669711729134779,0
2.01883569562509,1.8696808492228,-0.732908260914654,-0.407956685789189,0.104543478666561,3.21497317323791,0.407956685789189,0.0666730319779482,0
2.019835614246,1.87059872864698,-0.733304915185027,-0.407852150818175,0.104543478666561,3.21416994195709,0.407852150818175,0.0663757338713149,0
2.02083553286692,1.87151664953038,-0.733701473502734,-0.407747615847161,0.104543478666561,3.21336675877275,0.407747615847161,0.0660792793749366,0
2.02183545148783,1.87243461186299,-0.734097935863442,-0.407643080876148,0.104543478666561,3.21256362372974,0.407643080876148,0.0657836692689113,0
2.02283537010874,1.87335261563476,-0.734494302262818,-0.407538545905134,0.104543478666561,3.21176053687297,0.407538545905134,0.065488904332069,0
2.02383528872966,1.87427066083567,-0.73489057269653,-0.40743401093412,0.104543478666561,3.21095749824736,0.40743401093412,0.0651949853419609,0
2.02483520735057,1.87518874745567,-0.735286747160249,-0.407329475963106,0.104543478666561,3.21015450789789,0.407329475963106,0.0649019130748526,0
2.02583512597148,1.87610687548475,-0.735682825649646,-0.407224940992092,0.104543478666561,3.20935156586958,0.407224940992092,0.0646096883057142,0
2.0268350445924,1.87702504491287,-0.736078808160392,-0.407120406021079,0.104543478666561,3.20854867220747,0.407120406021078,0.0643183118082121,0
2.02783496321331,1.87794325572998,-0.736474694688159,-0.407015871050065,0.104543478666561,3.20774582695667,0.407015871050065,0.0640277843546992,0
2.02883488183423,1.87886150792607,-0.736870485228623,-0.406911336079051,0.104543478666561,3.20694303016231,0.406911336079051,0.0637381067162082,0
2.02983480045514,1.87977980149109,-0.737266179777458,-0.406806801108037,0.104543478666561,3.20614028186956,0.406806801108037,0.06344927966244,0
2.03083471907605,1.88069813641502,-0.73766177833034,-0.406702266137023,0.104543478666561,3.20533758212364,0.406702266137023,0.0631613039617567,0
2.03183463769697,1.88161651268781,-0.738057280882945,-0.406597731166009,0.104543478666561,3.20453493096981,0.40659773116601,0.0628741803811735,0
2.03283455631788,1.88253493029943,-0.738452687430953,-0.406493196194996,0.104543478666561,3.20373232845336,0.406493196194996,0.0625879096863478,0
2.0338344749388,1.88345338923984,-0.738847997970042,-0.406388661223982,0.104543478666561,3.20292977461964,0.406388661223982,0.0623024926415716,0
2.03483439355971,1.88437188949901,-0.739243212495893,-0.406284126252968,0.104543478666561,3.20212726951401,0.406284126252968,0.0620179300097626,0
2.03583431218062,1.8852904310669,-0.739638331004187,-0.406179591281954,0.104543478666561,3.20132481318189,0.406179591281954,0.061734222552456,0
2.03683423080154,1.88620901393347,-0.740033353490606,-0.40607505631094,0.104543478666561,3.20052240566875,0.40607505631094,0.0614513710297937,0
2.03783414942245,1.88712763808869,-0.740428279950833,-0.405970521339927,0.104543478666561,3.19972004702009,0.405970521339927,0.061169376200518,0
2.03883406804337,1.88804630352252,-0.740823110380554,-0.405865986368913,0.104543478666561,3.19891773728143,0.405865986368913,0.060888238821961,0
2.03983398666428,1.88896501022491,-0.741217844775452,-0.405761451397899,0.104543478666561,3.19811547649838,0.405761451397899,0.0606079596500366,0
2.04083390528519,1.88988375818584,-0.741612483131216,-0.405656916426885,0.104543478666561,3.19731326471653,0.405656916426885,0.0603285394392309,0
2.04183382390611,1.89080254739525,-0.742007025443532,-0.405552381455871,0.104543478666561,3.19651110198157,0.405552381455871,0.0600499789425947,0
2.04283374252702,1.89172137784311,-0.742401471708089,-0.405447846484857,0.104543478666561,3.19570898833919,0.405447846484857,0.0597722789117331,0
2.04383366114793,1.89264024951938,-0.742795821920577,-0.405343311513844,0.104543478666561,3.19490692383513,0.405343311513843,0.0594954400967975,0
2.04483357976885,1.89355916241402,-0.743190076076687,-0.40523877654283,0.104543478666561,3.19410490851518,0.40523877654283,0.0592194632464775,0
2.04583349838976,1.89447811651698,-0.74358423417211,-0.405134241571816,0.104543478666561,3.19330294242517,0.405134241571816,0.0589443491079903,0
2.04683341701068,1.89539711181823,-0.743978296202539,-0.405029706600802,0.104543478666561,3.19250102561096,0.405029706600802,0.0586700984270729,0
2.04783333563159,1.89631614830772,-0.744372262163667,-0.404925171629788,0.104543478666561,3.19169915811846,0.404925171629788,0.0583967119479736,0
2.0488332542525,1.8972352259754,-0.744766132051191,-0.404820636658774,0.104543478666561,3.19089733999363,0.404820636658775,0.0581241904134424,0
2.04983317287342,1.89815434481125,-0.745159905860805,-0.404716101687761,0.104543478666561,3.19009557128244,0.404716101687761,0.0578525345647231,0
2.05083309149433,1.8990735048052,-0.745553583588208,-0.404611566716747,0.104543478666561,3.18929385203093,0.404611566716747,0.0575817451415425,0
2.05183301011525,1.89999270594722,-0.745947165229096,-0.404507031745733,0.104543478666561,3.18849218228518,0.404507031745733,0.0573118228821043,0
2.05283292873616,1.90091194822727,-0.746340650779169,-0.404402496774719,0.104543478666561,3.1876905620913,0.404402496774719,0.0570427685230782,0
2.05383284735707,1.90183123163529,-0.746734040234127,-0.404297961803705,0.104543478666561,3.18688899149545,0.404297961803705,0.0567745827995912,0
2.05483276597799,1.90275055616125,-0.747127333589672,-0.404193426832692,0.104543478666561,3.18608747054381,0.404193426832692,0.0565072664452207,0
2.0558326845989,1.90366992179509,-0.747520530841505,-0.404088891861678,0.104543478666561,3.18528599928263,0.404088891861678,0.056240820191983,0
2.05683260321981,1.90458932852678,-0.74791363198533,-0.403984356890664,0.104543478666561,3.1844845777582,0.403984356890664,0.0559752447703258,0
2.05783252184073,1.90550877634625,-0.748306637016852,-0.40387982191965,0.104543478666561,3.18368320601682,0.40387982191965,0.0557105409091198,0
2.05883244046164,1.90642826524347,-0.748699545931775,-0.403775286948636,0.104543478666561,3.18288188410487,0.403775286948636,0.0554467093356485,0
2.05983235908256,1.90734779520839,-0.749092358725807,-0.403670751977622,0.104543478666561,3.18208061206874,0.403670751977622,0.0551837507756011,0
2.06083227770347,1.90826737308121,-0.749485059352116,-0.403508066014853,0.201469685647526,3.18127937951797,0.403508066014854,0.0549216491169623,0
2.06183219632438,1.90918702700235,-0.74987758184879,-0.403306612724625,0.201469685647526,3.18047814358312,0.403306612724625,0.054660335837678,0
2.0628321149453,1.91010675997978,-0.750269919070191,-0.403105159434396,0.201469685647526,3.17967689965258,0.403105159434396,0.0543998041089185,0
2.06383203356621,1.91102657197617,-0.750662071000398,-0.402903706144167,0.201469685647526,3.17887564775282,0.402903706144167,0.0541400545814781,0
2.06483195218713,1.91194646295419,-0.751054037623496,-0.402702252853939,0.201469685647526,3.17807438791034,0.402702252853939,0.0538810879049014,0
2.06583187080804,1.91286643287652,-0.751445818923577,-0.40250079956371,0.201469685647526,3.17727312015166,0.40250079956371,0.0536229047274778,0
2.06683178942895,1.9137864817058,-0.751837414884742,-0.402299346273481,0.201469685647526,3.17647184450334,0.402299346273481,0.0533655056962332,0
2.06783170804987,1.91470660940471,-0.752228825491098,-0.402097892983253,0.201469685647526,3.17567056099191,0.402097892983253,0.0531088914569239,0
2.06883162667078,1.9156268159359,-0.75262005072676,-0.401896439693024,0.201469685647526,3.17486926964397,0.401896439693024,0.0528530626540283,0
2.06983154529169,1.91654710126203,-0.753011090575852,-0.401694986402795,0.201469685647526,3.17406797048611,0.401694986402795,0.0525980199307414,0
2.07083146391261,1.91746746534575,-0.753401945022503,-0.401493533112567,0.201469685647526,3.17326666354494,0.401493533112567,0.0523437639289666,0
2.07183138253352,1.91838790814971,-0.753792614050852,-0.401292079822338,0.201469685647526,3.1724653488471,0.401292079822338,0.0520902952893091,0
2.07283130115444,1.91930842963655,-0.754183097645043,-0.401090626532109,0.201469685647526,3.17166402641923,0.401090626532109,0.0518376146510692,0
2.07383121977535,1.92022902976892,-0.754573395789229,-0.400889173241881,0.201469685647526,3.17086269628803,0.400889173241881,0.0515857226522349,0
2.07483113839626,1.92114970850945,-0.754963508467572,-0.400687719951652,0.201469685647526,3.17006135848016,0.400687719951652,0.0513346199294745,0
2.07583105701718,1.92207046582078,-0.755353435664238,-0.400486266661423,0.201469685647526,3.16926001302236,0.400486266661424,0.0510843071181307,0
2.07683097563809,1.92299130166555,-0.755743177363403,-0.400284813371195,0.201469685647526,3.16845865994133,0.400284813371194,0.0508347848522123,0
2.07783089425901,1.92391221600637,-0.75613273354925,-0.400083360080966,0.201469685647526,3.16765729926384,0.400083360080966,0.0505860537643874,0
2.07883081287992,1.92483320880588,-0.756522104205969,-0.399881906790737,0.201469685647526,3.16685593101665,0.399881906790737,0.0503381144859779,0
2.07983073150083,1.92575428002671,-0.75691128931776,-0.399680453500509,0.201469685647526,3.16605455522655,0.399680453500509,0.0500909676469499,0
2.08083065012175,1.92667542963146,-0.757300288868826,-0.39947900021028,0.201469685647526,3.16525317192034,0.39947900021028,0.049844613875909,0
2.08183056874266,1.92759665758276,-0.757689102843381,-0.399277546920051,0.201469685647526,3.16445178112485,0.399277546920051,0.0495990538000922,0
2.08283048736358,1.92851796384323,-0.758077731225646,-0.399076093629823,0.201469685647526,3.16365038286692,0.399076093629823,0.0493542880453609,0
2.08383040598449,1.92943934837546,-0.758466173999849,-0.398874640339594,0.201469685647526,3.16284897717341,0.398874640339594,0.049110317236194,0
2.0848303246054,1.93036081114207,-0.758854431150225,-0.398673187049365,0.201469685647526,3.16204756407121,0.398673187049365,0.0488671419956805,0
2.08583024322632,1.93128235210566,-0.759242502661018,-0.398471733759137,0.201469685647526,3.16124614358723,0.398471733759137,0.0486247629455137,0
2.08683016184723,1.93220397122884,-0.759630388516479,-0.398270280468908,0.201469685647526,3.16044471574837,0.398270280468908,0.0483831807059827,0
2.08783008046814,1.93312566847419,-0.760018088700865,-0.398068827178679,0.201469685647526,3.15964328058159,0.398068827178679,0.0481423958959666,0
2.08882999908906,1.93404744380432,-0.760405603198442,-0.397867373888451,0.201469685647526,3.15884183811383,0.397867373888451,0.0479024091329264,0
2.08982991770997,1.93496929718182,-0.760792931993485,-0.397665920598222,0.201469685647526,3.15804038837209,0.397665920598222,0.0476632210328989,0
2.09082983633089,1.93589122856927,-0.761180075070273,-0.397464467307993,0.201469685647526,3.15723893138336,0.397464467307993,0.0474248322104895,0
2.0918297549518,1.93681323792926,-0.761567032413095,-0.397263014017765,0.201469685647526,3.15643746717465,0.397263014017765,0.0471872432788649,0
2.09282967357271,1.93773532522437,-0.761953804006248,-0.397061560727536,0.201469685647526,3.15563599577301,0.397061560727536,0.046950454849746,0
2.09382959219363,1.93865749041717,-0.762340389834033,-0.396860107437307,0.201469685647526,3.15483451720549,0.396860107437307,0.046714467533402,0
2.09482951081454,1.93957973347025,-0.762726789880764,-0.396658654147079,0.201469685647526,3.15403303149917,0.396658654147079,0.0464792819386418,0
2.09582942943546,1.94050205434618,-0.763113004130757,-0.39645720085685,0.201469685647526,3.15323153868114,0.39645720085685,0.0462448986728082,0
2.09682934805637,1.94142445300752,-0.76349903256834,-0.396255747566621,0.201469685647526,3.15243003877852,0.396255747566621,0.046011318341771,0
2.09782926667728,1.94234692941685,-0.763884875177845,-0.396054294276393,0.201469685647526,3.15162853181844,0.396054294276392,0.0457785415499188,0
2.0988291852982,1.94326948353671,-0.764270531943615,-0.395852840986164,0.201469685647526,3.15082701782806,0.395852840986164,0.0455465689001534,0
2.09982910391911,1.94419211532969,-0.764656002849997,-0.395651387695935,0.201469685647526,3.15002549683456,0.395651387695935,0.0453154009938819,0
2.10082902254002,1.94511482475832,-0.765041287881349,-0.395449934405707,0.201469685647526,3.14922396886512,0.395449934405707,0.0450850384310103,0
2.10182894116094,1.94603761178516,-0.765426387022033,-0.395248481115478,0.201469685647526,3.14842243394696,0.395248481115478,0.0448554818099371,0
2.10282885978185,1.94696047637277,-0.765811300256421,-0.395047027825249,0.201469685647526,3.14762089210731,0.395047027825249,0.0446267317275443,0
2.10382877840277,1.94788341848369,-0.766196027568892,-0.394845574535021,0.201469685647526,3.14681934337343,0.394845574535021,0.0443987887791931,0
2.10482869702368,1.94880643808046,-0.766580568943833,-0.394644121244792,0.201469685647526,3.14601778777258,0.394644121244792,0.0441716535587144,0
2.10582861564459,1.94972953512563,-0.766964924365638,-0.394442667954563,0.201469685647526,3.14521622533206,0.394442667954563,0.0439453266584043,0
2.10682853426551,1.95065270958173,-0.767349093818708,-0.394241214664335,0.201469685647526,3.14441465607919,0.394241214664335,0.0437198086690157,0
2.10782845288642,1.9515759614113,-0.767733077287451,-0.394039761374106,0.201469685647526,3.14361308004129,0.394039761374106,0.0434951001797511,0
2.10882837150734,1.95249929057687,-0.768116874756286,-0.393838308083877,0.201469685647526,3.14281149724572,0.393838308083877,0.0432712017782572,0
2.10982829012825,1.95342269704096,-0.768500486209636,-0.393636854793649,0.201469685647526,3.14200990771984,0.393636854793649,0.0430481140506165,0
2.11082820874916,1.9543461807661,-0.768883911631932,-0.39343540150342,0.201469685647526,3.14120831149105,0.39343540150342,0.0428258375813411,0
2.11182812737008,1.95526974171482,-0.769267151007614,-0.393233948213191,0.201469685647526,3.14040670858676,0.393233948213191,0.0426043729533662,0
2.11282804599099,1.95619337984963,-0.769650204321129,-0.393032494922963,0.201469685647526,3.13960509903439,0.393032494922962,0.042383720748042,0
2.1138279646119,1.95711709513305,-0.770033071556931,-0.392831041632734,0.201469685647526,3.13880348286141,0.392831041632734,0.0421638815451283,0
2.11482788323282,1.95804088752758,-0.770415752699483,-0.392629588342505,0.201469685647526,3.13800186009529,0.392629588342505,0.0419448559227863,0
2.11582780185373,1.95896475699575,-0.770798247733253,-0.392428135052277,0.201469685647526,3.1372002307635,0.392428135052277,0.0417266444575726,0
2.11682772047465,1.95988870350005,-0.771180556642719,-0.392226681762048,0.201469685647526,3.13639859489357,0.392226681762048,0.0415092477244323,0
2.11782763909556,1.96081272700299,-0.771562679412365,-0.392025228471819,0.201469685647526,3.13559695251302,0.392025228471819,0.0412926662966918,0
2.11882755771647,1.96173682746707,-0.771944616026683,-0.391823775181591,0.201469685647526,3.13479530364941,0.391823775181591,0.0410769007460516,0
2.11982747633739,1.96266100485479,-0.772326366470174,-0.391622321891362,0.201469685647526,3.13399364833031,0.391622321891362,0.0408619516425808,0
2.1208273949583,1.96358525912863,-0.772707930727344,-0.391420868601133,0.201469685647526,3.13319198658331,0.391420868601133,0.0406478195547093,0
2.12182731357922,1.9645095902511,-0.773089308782708,-0.391219415310905,0.201469685647526,3.13239031843602,0.391219415310905,0.0404345050492206,0
2.12282723220013,1.96543399818467,-0.773470500620789,-0.391017962020676,0.201469685647526,3.13158864391606,0.391017962020676,0.0402220086912463,0
2.12382715082104,1.96635848289183,-0.773851506226116,-0.390816508730447,0.201469685647526,3.13078696305111,0.390816508730447,0.0400103310442579,0
2.12482706944196,1.96728304433507,-0.774232325583227,-0.390615055440219,0.201469685647526,3.12998527586882,0.390615055440219,0.0397994726700612,0
2.12582698806287,1.96820768247686,-0.774612958676667,-0.39041360214999,0.201469685647526,3.12918358239688,0.39041360214999,0.0395894341287889,0
2.12682690668378,1.96913239727967,-0.774993405490989,-0.390212148859761,0.201469685647526,3.12838188266302,0.390212148859761,0.0393802159788936,0
2.1278268253047,1.97005718870598,-0.775373666010753,-0.390010695569533,0.201469685647526,3.12758017669496,0.390010695569533,0.0391718187771419,0
2.12882674392561,1.97098205671826,-0.775753740220526,-0.389809242279304,0.201469685647526,3.12677846452046,0.389809242279304,0.0389642430786068,0
2.12982666254653,1.97190700127897,-0.776133628104884,-0.389607788989075,0.201469685647526,3.12597674616728,0.389607788989075,0.0387574894366614,0
2.13082658116744,1.97283202235057,-0.776513329648409,-0.389406335698847,0.201469685647526,3.12517502166323,0.389406335698847,0.0385515584029721,0
2.13182649978835,1.97375711989553,-0.776892844835693,-0.389204882408618,0.201469685647526,3.12437329103612,0.389204882408618,0.0383464505274916,0
2.13282641840927,1.9746822938763,-0.777272173651333,-0.389003429118389,0.201469685647526,3.12357155431378,0.389003429118389,0.0381421663584531,0
2.13382633703018,1.97560754425534,-0.777651316079934,-0.388801975828161,0.201469685647526,3.12276981152407,0.38880197582816,0.0379387064423626,0
2.1348262556511,1.97653287099508,-0.77803027210611,-0.388600522537932,0.201469685647526,3.12196806269487,0.388600522537932,0.0377360713239924,0
2.13582617427201,1.97745827405799,-0.778409041714481,-0.388399069247703,0.201469685647526,3.12116630785406,0.388399069247703,0.0375342615463747,0
2.13682609289292,1.97838375340651,-0.778787624889676,-0.388197615957475,0.201469685647526,3.12036454702957,0.388197615957475,0.0373332776507953,0
2.13782601151384,1.97930930900307,-0.77916602161633,-0.387996162667246,0.201469685647526,3.11956278024933,0.387996162667246,0.0371331201767855,0
2.13882593013475,1.98023494081012,-0.779544231879087,-0.387794709377017,0.201469685647526,3.1187610075413,0.387794709377017,0.0369337896621179,0
2.13982584875566,1.98116064879008,-0.779922255662598,-0.387593256086789,0.201469685647526,3.11795922893346,0.387593256086789,0.0367352866427969,0
2.14082576737658,1.9820864329054,-0.78030009295152,-0.38739180279656,0.201469685647526,3.11715744445381,0.38739180279656,0.0365376116530547,0
2.14182568599749,1.98301229311849,-0.780677743730521,-0.387190349506331,0.201469685647526,3.11635565413037,0.387190349506331,0.0363407652253426,0
2.14282560461841,1.98393822939179,-0.781055207984274,-0.386988896216103,0.201469685647526,3.11555385799118,0.386988896216103,0.0361447478903258,0
2.14382552323932,1.98486424168771,-0.78143248569746,-0.386787442925874,0.201469685647526,3.11475205606429,0.386787442925874,0.0359495601768764,0
2.14482544186023,1.98579032996868,-0.781809576854768,-0.386585989635645,0.201469685647526,3.1139502483778,0.386585989635645,0.0357552026120666,0
2.14582536048115,1.98671649419711,-0.782186481440894,-0.386384536345417,0.201469685647526,3.1131484349598,0.386384536345417,0.0355616757211622,0
2.14682527910206,1.98764273433542,-0.782563199440542,-0.386183083055188,0.201469685647526,3.11234661583841,0.386183083055188,0.0353689800276165,0
2.14782519772298,1.98856905034601,-0.782939730838424,-0.385981629764959,0.201469685647526,3.11154479104179,0.385981629764959,0.0351771160530632,0
2.14882511634389,1.98949544219129,-0.783316075619258,-0.385780176474731,0.201469685647526,3.11074296059809,0.38578017647473,0.0349860843173105,0
2.1498250349648,1.99042190983367,-0.783692233767772,-0.385578723184502,0.201469685647526,3.1099411245355,0.385578723184502,0.0347958853383342,0
2.15082495358572,1.99134845323555,-0.784068205268699,-0.385377269894273,0.201469685647526,3.10913928288223,0.385377269894273,0.0346065196322707,0
2.15182487220663,1.99227507235932,-0.784443990106781,-0.385175816604045,0.201469685647526,3.1083374356665,0.385175816604045,0.0344179877134119,0
2.15282479082755,1.99320176716738,-0.784819588266768,-0.384974363313816,0.201469685647526,3.10753558291657,0.384974363313816,0.034230290094197,0
2.15382470944846,1.99412853762212,-0.785194999733417,-0.384772910023587,0.201469685647526,3.10673372466069,0.384772910023587,0.034043427285208,0
2.15482462806937,1.99505538368593,-0.785570224491492,-0.384571456733359,0.201469685647526,3.10593186092718,0.384571456733358,0.0338573997951616,0
2.15582454669029,1.99598230532119,-0.785945262525765,-0.38437000344313,0.201469685647526,3.10512999174432,0.38437000344313,0.0336722081309034,0
2.1568244653112,1.99690930249029,-0.786320113821016,-0.384168550152901,0.201469685647526,3.10432811714047,0.384168550152901,0.033487852797402,0
2.15782438393211,1.9978363751556,-0.786694778362032,-0.383967096862672,0.201469685647526,3.10352623714396,0.383967096862673,0.0333043342977419,0
2.15882430255303,1.99876352327951,-0.787069256133608,-0.383765643572444,0.201469685647526,3.10272435178318,0.383765643572444,0.0331216531331173,0
2.15982422117394,1.99969074682438,-0.787443547120546,-0.383564190282215,0.201469685647526,3.10192246108651,0.383564190282215,0.0329398098028258,0
2.16082413979486,2.00061804575259,-0.787817651307657,-0.383362736991986,0.201469685647526,3.10112056508239,0.383362736991987,0.0327588048042624,0
2.16182405841577,2.0015454200265,-0.788191568679758,-0.383161283701758,0.201469685647526,3.10031866379924,0.383161283701758,0.0325786386329122,0
2.16282397703668,2.00247286960848,-0.788565299221674,-0.382959830411529,0.201469685647526,3.09951675726553,0.382959830411529,0.0323993117823458,0
2.1638238956576,2.00340039446088,-0.788938842918237,-0.382758377121301,0.201469685647526,3.09871484550973,0.3827583771213,0.032220824744211,0
2.16482381427851,2.00432799454607,-0.789312199754289,-0.382556923831072,0.201469685647526,3.09791292856034,0.382556923831072,0.0320431780082275,0
2.16582373289943,2.0052556698264,-0.789685369714677,-0.382355470540843,0.201469685647526,3.0971110064459,0.382355470540843,0.0318663720621815,0
2.16682365152034,2.00618342026422,-0.790058352784256,-0.382154017250615,0.201469685647526,3.09630907919494,0.382154017250615,0.0316904073919178,0
2.16782357014125,2.00711124582188,-0.79043114894789,-0.381952563960386,0.201469685647526,3.09550714683603,0.381952563960386,0.0315152844813342,0
2.16882348876217,2.00803914646173,-0.790803758190449,-0.381751110670157,0.201469685647526,3.09470520939776,0.381751110670157,0.0313410038123765,0
2.16982340738308,2.0089671221461,-0.791176180496812,-0.381549657379929,0.201469685647526,3.09390326690873,0.381549657379928,0.0311675658650299,0
2.17082332600399,2.00989517283735,-0.791548415851864,-0.3813482040897,0.201469685647526,3.09310131939757,0.3813482040897,0.0309949711173149,0
2.17182324462491,2.0108232984978,-0.791920464240499,-0.381146750799471,0.201469685647526,3.09229936689294,0.381146750799471,0.03082322004528,0
2.17282316324582,2.01175149908978,-0.792292325647617,-0.380945297509243,0.201469685647526,3.09149740942351,0.380945297509243,0.0306523131229967,0
2.17382308186674,2.01267977457564,-0.792664000058128,-0.380743844219014,0.201469685647526,3.09069544701797,0.380743844219014,0.0304822508225518,0
2.17482300048765,2.01360812491769,-0.793035487456947,-0.380542390928785,0.201469685647526,3.08989347970504,0.380542390928785,0.0303130336140428,0
2.17582291910856,2.01453655007826,-0.793406787828999,-0.380340937638557,0.201469685647526,3.08909150751345,0.380340937638556,0.0301446619655703,0
2.17682283772948,2.01546505001968,-0.793777901159214,-0.380139484348328,0.201469685647526,3.08828953047197,0.380139484348328,0.0299771363432334,0
2.17782275635039,2.01639362470425,-0.794148827432531,-0.379938031058099,0.201469685647526,3.08748754860937,0.379938031058099,0.0298104572111232,0
2.17882267497131,2.0173222740943,-0.794519566633898,-0.379736577767871,0.201469685647526,3.08668556195446,0.37973657776787,0.0296446250313157,0
2.17982259359222,2.01825099815214,-0.794890118748268,-0.379535124477642,0.201469685647526,3.08588357053606,0.379535124477642,0.0294796402638673,0
2.18082251221313,2.01917979684007,-0.795260483760603,-0.379333671187413,0.201469685647526,3.08508157438301,0.379333671187413,0.0293155033668082,0
2.18182243083405,2.02010867012041,-0.795630661655872,-0.379132217897185,0.201469685647526,3.08427957352419,0.379132217897185,0.0291522147961363,0
2.18282234945496,2.02103761795545,-0.796000652419053,-0.378930764606956,0.201469685647526,3.08347756798847,0.378930764606956,0.0289897750058111,0
2.18382226807587,2.0219666403075,-0.796370456035129,-0.378729311316727,0.201469685647526,3.08267555780478,0.378729311316727,0.0288281844477479,0
2.18482218669679,2.02289573713885,-0.796740072489093,-0.378527858026499,0.201469685647526,3.08187354300204,0.378527858026498,0.0286674435718125,0
2.1858221053177,2.0238249084118,-0.797109501765944,-0.37832640473627,0.201469685647526,3.08107152360921,0.37832640473627,0.0285075528258146,0
2.18682202393862,2.02475415408864,-0.79747874385069,-0.378124951446041,0.201469685647526,3.08026949965527,0.378124951446041,0.0283485126555015,0
2.18782194255953,2.02568347413165,-0.797847798728346,-0.377923498155812,0.201469685647526,3.0794674711692,0.377923498155813,0.0281903235045537,0
2.18882186118044,2.02661286850313,-0.798216666383934,-0.377722044865584,0.201469685647526,3.07866543818004,0.377722044865584,0.0280329858145775,0
2.18982177980136,2.02754236055549,-0.798585287817689,-0.377366753179895,0.387955644285688,3.07786336282345,0.377366753179895,0.0278764373494654,0
2.19082169842227,2.02847199448311,-0.79895355130562,-0.376978829107085,0.387955644285688,3.07706117337876,0.376978829107085,0.0277205598296296,0
2.19182161704319,2.02940177119904,-0.799321454138471,-0.376590905034275,0.387955644285688,3.07625886817112,0.376590905034275,0.0275653507956414,0
2.1928215356641,2.03033169056338,-0.799688996260879,-0.376202980961465,0.387955644285688,3.07545644723071,0.376202980961465,0.0274108106064911,0
2.19382145428501,2.03126175243618,-0.800056177617534,-0.375815056888655,0.387955644285688,3.07465391058771,0.375815056888655,0.0272569396198572,0
2.19482137290593,2.03219195667748,-0.800422998153181,-0.375427132815845,0.387955644285688,3.07385125827233,0.375427132815845,0.0271037381921028,0
2.19582129152684,2.03312230314731,-0.800789457812618,-0.375039208743035,0.387955644285688,3.07304849031475,0.375039208743035,0.0269512066782712,0
2.19682121014776,2.03405279170565,-0.801155556540699,-0.374651284670225,0.387955644285688,3.07224560674518,0.374651284670225,0.0267993454320824,0
2.19782112876867,2.03498342221249,-0.801521294282332,-0.374263360597415,0.387955644285688,3.07144260759383,0.374263360597415,0.0266481548059302,0
2.19882104738958,2.03591419452777,-0.801886670982479,-0.373875436524606,0.387955644285688,3.0706394928909,0.373875436524606,0.0264976351508774,0
2.1998209660105,2.03684510851144,-0.802251686586155,-0.373487512451795,0.387955644285688,3.06983626266661,0.373487512451796,0.0263477868166533,0
2.20082088463141,2.0377761640234,-0.802616341038432,-0.373099588378986,0.387955644285688,3.06903291695118,0.373099588378985,0.0261986101516493,0
2.20182080325232,2.03870736092354,-0.802980634284434,-0.372711664306176,0.387955644285688,3.06822945577483,0.372711664306176,0.0260501055029156,0
2.20282072187324,2.03963869907173,-0.803344566269341,-0.372323740233366,0.387955644285688,3.06742587916778,0.372323740233365,0.0259022732161577,0
2.20382064049415,2.04057017832781,-0.803708136938386,-0.371935816160556,0.387955644285688,3.06662218716027,0.371935816160556,0.0257551136357324,0
2.20482055911507,2.04150179855163,-0.804071346236857,-0.371547892087746,0.387955644285688,3.06581837978254,0.371547892087746,0.0256086271046446,0
2.20582047773598,2.04243355960297,-0.804434194110097,-0.371159968014936,0.387955644285688,3.06501445706482,0.371159968014936,0.0254628139645442,0
2.20682039635689,2.04336546134162,-0.804796680503503,-0.370772043942126,0.387955644285688,3.06421041903736,0.370772043942126,0.0253176745557204,0
2.20782031497781,2.04429750362735,-0.805158805362525,-0.370384119869316,0.387955644285688,3.0634062657304,0.370384119869316,0.0251732092171014,0
2.20882023359872,2.0452296863199,-0.80552056863267,-0.369996195796506,0.387955644285688,3.06260199717421,0.369996195796506,0.0250294182862482,0
2.20982015221964,2.04616200927899,-0.805881970259497,-0.369608271723696,0.387955644285688,3.06179761339904,0.369608271723696,0.0248863020993523,0
2.21082007084055,2.04709447236431,-0.806243010188621,-0.369220347650886,0.387955644285688,3.06099311443515,0.369220347650886,0.0247438609912318,0
2.21181998946146,2.04802707543555,-0.80660368836571,-0.368832423578076,0.387955644285688,3.06018850031281,0.368832423578076,0.024602095295328,0
2.21281990808238,2.04895981835236,-0.806964004736489,-0.368444499505266,0.387955644285688,3.05938377106228,0.368444499505266,0.0244610053437019,0
2.21381982670329,2.04989270097438,-0.807323959246734,-0.368056575432457,0.387955644285688,3.05857892671385,0.368056575432457,0.024320591467031,0
2.2148197453242,2.05082572316122,-0.807683551842279,-0.367668651359647,0.387955644285688,3.05777396729779,0.367668651359647,0.0241808539946051,0
2.21581966394512,2.05175888477248,-0.808042782469009,-0.367280727286837,0.387955644285688,3.05696889284439,0.367280727286837,0.0240417932543232,0
2.21681958256603,2.05269218566774,-0.808401651072866,-0.366892803214027,0.387955644285688,3.05616370338393,0.366892803214027,0.0239034095726907,0
2.21781950118695,2.05362562570653,-0.808760157599845,-0.366504879141217,0.387955644285688,3.0553583989467,0.366504879141217,0.0237657032748146,0
2.21881941980786,2.0545592047484,-0.809118301995997,-0.366116955068407,0.387955644285688,3.05455297956301,0.366116955068407,0.0236286746844014,0
2.21981933842877,2.05549292265285,-0.809476084207426,-0.365729030995597,0.387955644285688,3.05374744526315,0.365729030995597,0.0234923241237528,0
2.22081925704969,2.05642677927938,-0.809833504180292,-0.365341106922787,0.387955644285688,3.05294179607743,0.365341106922787,0.0233566519137629,0
2.2218191756706,2.05736077448745,-0.810190561860807,-0.364953182849977,0.387955644285688,3.05213603203616,0.364953182849977,0.023221658373914,0
2.22281909429152,2.05829490813651,-0.810547257195241,-0.364565258777167,0.387955644285688,3.05133015316965,0.364565258777167,0.0230873438222743,0
2.22381901291243,2.05922918008599,-0.810903590129915,-0.364177334704357,0.387955644285688,3.05052415950822,0.364177334704357,0.0229537085754932,0
2.22481893153334,2.06016359019529,-0.811259560611207,-0.363789410631547,0.387955644285688,3.04971805108219,0.363789410631547,0.0228207529487992,0
2.22581885015426,2.06109813832379,-0.811615168585549,-0.363401486558737,0.387955644285688,3.04891182792189,0.363401486558737,0.022688477255996,0
2.22681876877517,2.06203282433087,-0.811970413999426,-0.363013562485927,0.387955644285688,3.04810549005766,0.363013562485928,0.0225568818094589,0
2.22781868739609,2.06296764807587,-0.812325296799381,-0.362625638413118,0.387955644285688,3.04729903751982,0.362625638413117,0.0224259669201315,0
2.228818606017,2.0639026094181,-0.812679816932008,-0.362237714340308,0.387955644285688,3.04649247033871,0.362237714340308,0.0222957328975236,0
2.22981852463791,2.06483770821688,-0.813033974343957,-0.361849790267498,0.387955644285688,3.04568578854469,0.361849790267498,0.0221661800497059,0
2.23081844325883,2.06577294433148,-0.813387768981933,-0.361461866194688,0.387955644285688,3.04487899216809,0.361461866194688,0.0220373086833081,0
2.23181836187974,2.06670831762116,-0.813741200792695,-0.361073942121878,0.387955644285688,3.04407208123927,0.361073942121878,0.0219091191035151,0
2.23281828050065,2.06764382794517,-0.814094269723057,-0.360686018049068,0.387955644285688,3.0432650557886,0.360686018049068,0.0217816116140643,0
2.23381819912157,2.06857947516272,-0.814446975719887,-0.360298093976258,0.387955644285688,3.04245791584642,0.360298093976258,0.0216547865172415,0
2.23481811774248,2.06951525913302,-0.814799318730109,-0.359910169903448,0.387955644285688,3.0416506614431,0.359910169903448,0.0215286441138778,0
2.2358180363634,2.07045117971523,-0.815151298700699,-0.359522245830638,0.387955644285688,3.04084329260903,0.359522245830638,0.0214031847033472,0
2.23681795498431,2.07138723676853,-0.815502915578691,-0.359134321757828,0.387955644285688,3.04003580937456,0.359134321757828,0.0212784085835629,0
2.23781787360522,2.07232343015204,-0.815854169311171,-0.358746397685018,0.387955644285688,3.03922821177008,0.358746397685018,0.0211543160509732,0
2.23881779222614,2.07325975972489,-0.81620505984528,-0.358358473612208,0.387955644285688,3.03842049982596,0.358358473612208,0.0210309074005598,0
2.23981771084705,2.07419622534616,-0.816555587128215,-0.357970549539398,0.387955644285688,3.03761267357261,0.357970549539398,0.0209081829258336,0
2.24081762946797,2.07513282687494,-0.816905751107227,-0.357582625466589,0.387955644285688,3.03680473304041,0.357582625466589,0.0207861429188321,0
2.24181754808888,2.07606956417029,-0.817255551729621,-0.357194701393779,0.387955644285688,3.03599667825975,0.357194701393778,0.0206647876701157,0
2.24281746670979,2.07700643709122,-0.817604988942757,-0.356806777320969,0.387955644285688,3.03518850926104,0.356806777320969,0.0205441174687653,0
2.24381738533071,2.07794344549677,-0.817954062694051,-0.356418853248159,0.387955644285688,3.03438022607467,0.356418853248159,0.0204241326023781,0
2.24481730395162,2.07888058924593,-0.818302772930972,-0.356030929175349,0.387955644285688,3.03357182873107,0.356030929175349,0.0203048333570656,0
2.24581722257253,2.07981786819766,-0.818651119601044,-0.355643005102539,0.387955644285688,3.03276331726063,0.355643005102539,0.02018622001745,0
2.24681714119345,2.08075528221092,-0.818999102651847,-0.355255081029729,0.387955644285688,3.03195469169378,0.355255081029729,0.0200682928666608,0
2.24781705981436,2.08169283114466,-0.819346722031013,-0.354867156956919,0.387955644285688,3.03114595206095,0.354867156956919,0.0199510521863322,0
2.24881697843528,2.08263051485777,-0.819693977686232,-0.354479232884109,0.387955644285688,3.03033709839254,0.354479232884109,0.0198344982566003,0
2.24981689705619,2.08356833320915,-0.820040869565247,-0.354091308811299,0.387955644285688,3.02952813071901,0.354091308811299,0.0197186313560989,0
2.2508168156771,2.08450628605767,-0.820387397615855,-0.353703384738489,0.387955644285688,3.02871904907077,0.353703384738489,0.0196034517619575,0
2.25181673429802,2.08544437326219,-0.82073356178591,-0.353315460665679,0.387955644285688,3.02790985347827,0.353315460665679,0.0194889597497985,0
2.25281665291893,2.08638259468153,-0.821079362023319,-0.352927536592869,0.387955644285688,3.02710054397196,0.352927536592869,0.0193751555937327,0
2.25381657153985,2.08732095017452,-0.821424798276044,-0.35253961252006,0.387955644285688,3.02629112058227,0.35253961252006,0.0192620395663579,0
2.25481649016076,2.08825943959994,-0.821769870492102,-0.35215168844725,0.387955644285688,3.02548158333966,0.35215168844725,0.0191496119387552,0
2.25581640878167,2.08919806281655,-0.822114578619564,-0.35176376437444,0.387955644285688,3.02467193227459,0.35176376437444,0.0190378729804856,0
2.25681632740259,2.09013681968312,-0.822458922606558,-0.35137584030163,0.387955644285688,3.02386216741752,0.35137584030163,0.0189268229595893,0
2.2578162460235,2.09107571005838,-0.822802902401265,-0.35098791622882,0.387955644285688,3.02305228879891,0.35098791622882,0.0188164621425785,0
2.25881616464441,2.09201473380103,-0.82314651795192,-0.35059999215601,0.387955644285688,3.02224229644922,0.35059999215601,0.0187067907944386,0
2.25981608326533,2.09295389076976,-0.823489769206816,-0.3502120680832,0.387955644285688,3.02143219039894,0.3502120680832,0.0185978091786241,0
2.26081600188624,2.09389318082326,-0.823832656114297,-0.34982414401039,0.387955644285688,3.02062197067854,0.34982414401039,0.0184895175570541,0
2.26181592050716,2.09483260382016,-0.824175178622765,-0.34943621993758,0.387955644285688,3.0198116373185,0.34943621993758,0.0183819161901109,0
2.26281583912807,2.0957721596191,-0.824517336680674,-0.34904829586477,0.387955644285688,3.01900119034931,0.34904829586477,0.0182750053366377,0
2.26381575774898,2.09671184807868,-0.824859130236536,-0.34866037179196,0.387955644285688,3.01819062980145,0.348660371791961,0.018168785253934,0
2.2648156763699,2.09765166905751,-0.825200559238915,-0.34827244771915,0.387955644285688,3.01737995570542,0.34827244771915,0.0180632561977538,0
2.26581559499081,2.09859162241415,-0.825541623636431,-0.34788452364634,0.387955644285688,3.01656916809173,0.347884523646341,0.0179584184223032,0
2.26681551361173,2.09953170800716,-0.825882323377759,-0.347496599573531,0.387955644285688,3.01575826699086,0.34749659957353,0.0178542721802367,0
2.26781543223264,2.10047192569505,-0.82622265841163,-0.347108675500721,0.387955644285688,3.01494725243334,0.347108675500721,0.0177508177226546,0
2.26881535085355,2.10141227533635,-0.826562628686827,-0.346720751427911,0.387955644285688,3.01413612444967,0.34672075142791,0.0176480552991007,0
2.26981526947447,2.10235275678955,-0.82690223415219,-0.346332827355101,0.387955644285688,3.01332488307036,0.346332827355101,0.0175459851575588,0
2.27081518809538,2.10329336991311,-0.827241474756615,-0.345944903282291,0.387955644285688,3.01251352832594,0.345944903282291,0.0174446075444509,0
2.2718151067163,2.1042341145655,-0.827580350449049,-0.345556979209481,0.387955644285688,3.01170206024693,0.345556979209481,0.0173439227046335,0
2.27281502533721,2.10517499060513,-0.827918861178497,-0.345169055136671,0.387955644285688,3.01089047886387,0.345169055136671,0.0172439308813959,0
2.27381494395812,2.10611599789043,-0.828257006894018,-0.344781131063861,0.387955644285688,3.01007878420727,0.344781131063861,0.017144632316456,0
2.27481486257904,2.10705713627979,-0.828594787544728,-0.344393206991051,0.387955644285688,3.00926697630768,0.344393206991051,0.017046027249959,0
2.27581478119995,2.10799840563157,-0.828932203079794,-0.344005282918241,0.387955644285688,3.00845505519565,0.344005282918241,0.0169481159204751,0
2.27681469982086,2.10893980580414,-0.82926925344844,-0.343617358845431,0.387955644285688,3.00764302090171,0.343617358845432,0.0168508985649943,0
2.27781461844178,2.10988133665582,-0.829605938599946,-0.343229434772621,0.387955644285688,3.00683087345641,0.343229434772621,0.016754375418927,0
2.27881453706269,2.11082299804493,-0.829942258483645,-0.342841510699812,0.387955644285688,3.00601861289032,0.342841510699811,0.016658546716099,0
2.27981445568361,2.11176478982976,-0.830278213048927,-0.342453586627002,0.387955644285688,3.00520623923398,0.342453586627002,0.0165634126887501,0
2.28081437430452,2.11270671186859,-0.830613802245235,-0.342065662554192,0.387955644285688,3.00439375251796,0.342065662554191,0.016468973567531,0
2.28181429292543,2.11364876401968,-0.830949026022068,-0.341677738481382,0.387955644285688,3.00358115277283,0.341677738481382,0.0163752295815008,0
2.28281421154635,2.11459094614124,-0.83128388432898,-0.341289814408572,0.387955644285688,3.00276844002916,0.341289814408572,0.0162821809581253,0
2.28381413016726,2.11553325809152,-0.83161837711558,-0.340901890335762,0.387955644285688,3.00195561431752,0.340901890335762,0.0161898279232722,0
2.28481404878818,2.11647569972869,-0.831952504331531,-0.340513966262952,0.387955644285688,3.0011426756685,0.340513966262952,0.0160981707012113,0
2.28581396740909,2.11741827091093,-0.832286265926552,-0.340126042190142,0.387955644285688,3.00032962411267,0.340126042190142,0.0160072095146102,0
2.28681388603,2.11836097149641,-0.832619661850417,-0.339738118117332,0.387955644285688,2.99951645968063,0.339738118117332,0.0159169445845323,0
2.28781380465092,2.11930380134326,-0.832952692052956,-0.339350194044522,0.387955644285688,2.99870318240296,0.339350194044522,0.0158273761304347,0
2.28881372327183,2.1202467603096,-0.833285356484051,-0.338962269971712,0.387955644285688,2.99788979231027,0.338962269971712,0.0157385043701654,0
2.28981364189274,2.12118984825352,-0.833617655093642,-0.338574345898902,0.387955644285688,2.99707628943315,0.338574345898902,0.0156503295199601,0
2.29081356051366,2.12213306503311,-0.833949587831724,-0.338186421826092,0.387955644285688,2.99626267380222,0.338186421826092,0.0155628517944414,0
2.29181347913457,2.12307641050643,-0.834281154648344,-0.337798497753282,0.387955644285688,2.99544894544807,0.337798497753282,0.0154760714066151,0
2.29281339775549,2.12401988453152,-0.834612355493607,-0.337410573680473,0.387955644285688,2.99463510440132,0.337410573680473,0.0153899885678684,0
2.2938133163764,2.12496348696639,-0.834943190317674,-0.337022649607663,0.387955644285688,2.99382115069259,0.337022649607662,0.015304603487967,0
2.29481323499731,2.12590721766905,-0.835273659070756,-0.336634725534853,0.387955644285688,2.99300708435251,0.336634725534853,0.0152199163750534,0
2.29581315361823,2.12685107649749,-0.835603761703125,-0.336246801462043,0.387955644285688,2.99219290541169,0.336246801462043,0.0151359274356441,0
2.29681307223914,2.12779506330966,-0.835933498165104,-0.335858877389233,0.387955644285688,2.99137861390077,0.335858877389233,0.0150526368746274,0
2.29781299086006,2.12873917796351,-0.836262868407073,-0.335470953316423,0.387955644285688,2.99056420985039,0.335470953316423,0.0149700448952609,0
2.29881290948097,2.12968342031697,-0.836591872379467,-0.335083029243613,0.387955644285688,2.98974969329118,0.335083029243613,0.0148881516991699,0
2.29981282810188,2.13062779022793,-0.836920510032776,-0.334695105170803,0.387955644285688,2.98893506425378,0.334695105170803,0.0148069574863436,0
2.3008127467228,2.1315722875543,-0.837248781317544,-0.334307181097993,0.387955644285688,2.98812032276885,0.334307181097993,0.0147264624551353,0
2.30181266534371,2.13251691215393,-0.837576686184372,-0.333919257025183,0.387955644285688,2.98730546886703,0.333919257025183,0.0146466668022572,0
2.30281258396462,2.13346166388467,-0.837904224583915,-0.333531332952373,0.387955644285688,2.98649050257898,0.333531332952373,0.0145675707227807,0
2.30381250258554,2.13440654260435,-0.838231396466883,-0.333143408879563,0.387955644285688,2.98567542393536,0.333143408879563,0.0144891744101331,0
2.30481242120645,2.13535154817078,-0.838558201784042,-0.332755484806753,0.387955644285688,2.98486023296683,0.332755484806754,0.0144114780560944,0
2.30581233982737,2.13629668044176,-0.838884640486212,-0.332367560733943,0.387955644285688,2.98404492970407,0.332367560733943,0.0143344818507978,0
2.30681225844828,2.13724193927504,-0.839210712524269,-0.331979636661133,0.387955644285688,2.98322951417775,0.331979636661133,0.0142581859827245,0
2.30781217706919,2.1381873245284,-0.839536417849144,-0.331591712588324,0.387955644285688,2.98241398641854,0.331591712588324,0.0141825906387038,0
2.30881209569011,2.13913283605955,-0.839861756411824,-0.331203788515514,0.387955644285688,2.98159834645712,0.331203788515514,0.0141076960039097,0
2.30981201431102,2.14007847372622,-0.84018672816335,-0.330815864442704,0.387955644285688,2.98078259432418,0.330815864442704,0.01403350226186,0
2.31081193293194,2.1410242373861,-0.840511333054818,-0.330427940369894,0.387955644285688,2.97996673005041,0.330427940369894,0.0139600095944126,0
2.31181185155285,2.14197012689686,-0.84083557103738,-0.330040016297084,0.387955644285688,2.9791507536665,0.330040016297084,0.013887218181765,0
2.31281177017376,2.14291614211617,-0.841159442062244,-0.329652092224274,0.387955644285688,2.97833466520315,0.329652092224274,0.0138151282024509,0
2.31381168879468,2.14386228290167,-0.841482946080671,-0.329264168151464,0.387955644285688,2.97751846469107,0.329264168151464,0.0137437398333395,0
2.31481160741559,2.14480854911096,-0.84180608304398,-0.328876244078654,0.387955644285688,2.97670215216096,0.328876244078654,0.0136730532496323,0
2.3158115260365,2.14575494060166,-0.842128852903541,-0.328488320005844,0.387955644285688,2.97588572764353,0.328488320005844,0.0136030686248622,0
2.31681144465742,2.14670145723135,-0.842451255610785,-0.328100395933034,0.387955644285688,2.97506919116949,0.328100395933034,0.01353378613089,0
2.31781136327833,2.14764809900167,-0.842773290693391,-0.3276945654291,0.7461134169488,2.9742525425113,0.3276945654291,0.0134652054913227,0
2.31881128189925,2.14859492880685,-0.843094772453526,-0.326948512730179,0.7461134169488,2.97343566861038,0.326948512730179,0.0133971312625887,0
2.31981120052016,2.14954199819084,-0.843415547739328,-0.326202460031258,0.7461134169488,2.97261847640196,0.326202460031258,0.0133294023519112,0
2.32081111914107,2.15048930662651,-0.843735616372254,-0.325456407332337,0.7461134169488,2.97180096607847,0.325456407332337,0.0132620188738195,0
2.32181103776199,2.15143685358659,-0.844054978174156,-0.324710354633416,0.7461134169488,2.97098313783253,0.324710354633416,0.0131949809422899,0
2.3228109563829,2.15238463854369,-0.844373632967279,-0.323964301934495,0.7461134169488,2.97016499185691,0.323964301934495,0.0131282886707456,0
2.32381087500382,2.15333266097026,-0.844691580574262,-0.323218249235575,0.7461134169488,2.96934652834453,0.323218249235575,0.0130619421720546,0
2.32481079362473,2.15428092033865,-0.845008820818136,-0.322472196536654,0.7461134169488,2.96852774748849,0.322472196536654,0.0129959415585298,0
2.32581071224564,2.15522941612106,-0.845325353522328,-0.321726143837733,0.7461134169488,2.96770864948205,0.321726143837733,0.0129302869419284,0
2.32681063086656,2.15617814778957,-0.845641178510657,-0.320980091138812,0.7461134169488,2.96688923451862,0.320980091138812,0.0128649784334515,0
2.32781054948747,2.15712711481611,-0.845956295607337,-0.320234038439891,0.7461134169488,2.96606950279178,0.320234038439891,0.0128000161437425,0
2.32881046810838,2.15807631667249,-0.846270704636975,-0.31948798574097,0.7461134169488,2.96524945449528,0.31948798574097,0.0127354001828873,0
2.3298103867293,2.15902575283039,-0.846584405424572,-0.318741933042049,0.7461134169488,2.96442908982303,0.318741933042049,0.0126711306604137,0
2.33081030535021,2.15997542276137,-0.846897397795525,-0.317995880343129,0.7461134169488,2.96360840896909,0.317995880343128,0.0126072076852904,0
2.33181022397113,2.16092532593683,-0.847209681575624,-0.317249827644208,0.7461134169488,2.9627874121277,0.317249827644208,0.0125436313659267,0
2.33281014259204,2.16187546182808,-0.847521256591053,-0.316503774945287,0.7461134169488,2.96196609949325,0.316503774945287,0.0124804018101706,0
2.33381006121295,2.16282582990627,-0.847832122668391,-0.315757722246366,0.7461134169488,2.9611444712603,0.315757722246366,0.0124175191253109,0
2.33480997983387,2.16377642964242,-0.848142279634612,-0.315011669547445,0.7461134169488,2.96032252762358,0.315011669547445,0.0123549834180734,0
2.33580989845478,2.16472726050745,-0.848451727317085,-0.314265616848524,0.7461134169488,2.95950026877798,0.314265616848524,0.0122927947946225,0
2.3368098170757,2.16567832197212,-0.848760465543571,-0.313519564149603,0.7461134169488,2.95867769491854,0.313519564149603,0.0122309533605601,0
2.33780973569661,2.16662961350708,-0.84906849414223,-0.312773511450682,0.7461134169488,2.9578548062405,0.312773511450683,0.0121694592209242,0
2.33880965431752,2.16758113458284,-0.849375812941614,-0.312027458751762,0.7461134169488,2.95703160293921,0.312027458751762,0.0121083124801892,0
2.33980957293844,2.1685328846698,-0.849682421770671,-0.311281406052841,0.7461134169488,2.95620808521024,0.311281406052841,0.0120475132422647,0
2.34080949155935,2.16948486323821,-0.849988320458745,-0.31053535335392,0.7461134169488,2.9553842532493,0.31053535335392,0.0119870616104953,0
2.34180941018027,2.1704370697582,-0.850293508835573,-0.309789300654999,0.7461134169488,2.95456010725226,0.309789300654999,0.0119269576876601,0
2.34280932880118,2.17138950369979,-0.85059798673129,-0.309043247956078,0.7461134169488,2.95373564741515,0.309043247956078,0.0118672015759709,0
2.34380924742209,2.17234216453286,-0.850901753976425,-0.308297195257157,0.7461134169488,2.95291087393421,0.308297195257158,0.0118077933770739,0
2.34480916604301,2.17329505172715,-0.851204810401903,-0.307551142558237,0.7461134169488,2.95208578700578,0.307551142558236,0.0117487331920465,0
2.34580908466392,2.17424816475231,-0.851507155839044,-0.306805089859316,0.7461134169488,2.95126038682641,0.306805089859316,0.0116900211213991,0
2.34680900328483,2.17520150307782,-0.851808790119563,-0.306059037160395,0.7461134169488,2.95043467359282,0.306059037160395,0.0116316572650723,0
2.34780892190575,2.17615506617307,-0.852109713075575,-0.305312984461474,0.7461134169488,2.94960864750186,0.305312984461474,0.0115736417224379,0
2.34880884052666,2.17710885350731,-0.852409924539585,-0.304566931762553,0.7461134169488,2.94878230875058,0.304566931762553,0.0115159745922984,0
2.34980875914758,2.17806286454966,-0.852709424344498,-0.303820879063632,0.7461134169488,2.94795565753618,0.303820879063632,0.0114586559728844,0
2.35080867776849,2.17901709876913,-0.853008212323615,-0.303074826364711,0.7461134169488,2.94712869405604,0.303074826364711,0.011401685961857,0
2.3518085963894,2.1799715556346,-0.853306288310631,-0.302328773665791,0.7461134169488,2.94630141850769,0.302328773665791,0.0113450646563042,0
2.35280851501032,2.18092623461482,-0.853603652139638,-0.301582720966869,0.7461134169488,2.94547383108883,0.30158272096687,0.0112887921527434,0
2.35380843363123,2.18188113517842,-0.853900303645127,-0.300836668267949,0.7461134169488,2.94464593199734,0.300836668267949,0.0112328685471185,0
2.35480835225215,2.18283625679391,-0.854196242661981,-0.300090615569028,0.7461134169488,2.94381772143127,0.300090615569028,0.0111772939347995,0
2.35580827087306,2.18379159892968,-0.854491469025484,-0.299344562870107,0.7461134169488,2.94298919958881,0.299344562870107,0.0111220684105834,0
2.35680818949397,2.18474716105398,-0.854785982571313,-0.298598510171186,0.7461134169488,2.94216036666835,0.298598510171186,0.0110671920686923,0
2.35780810811489,2.18570294263495,-0.855079783135544,-0.297852457472266,0.7461134169488,2.94133122286843,0.297852457472266,0.011012665002774,0
2.3588080267358,2.18665894314062,-0.855372870554649,-0.297106404773344,0.7461134169488,2.94050176838776,0.297106404773344,0.0109584873058998,0
2.35980794535671,2.18761516203888,-0.855665244665498,-0.296360352074424,0.7461134169488,2.93967200342523,0.296360352074424,0.0109046590705658,0
2.36080786397763,2.18857159879749,-0.855956905305356,-0.295614299375503,0.7461134169488,2.93884192817988,0.295614299375503,0.0108511803886912,0
2.36180778259854,2.18952825288412,-0.856247852311887,-0.294868246676582,0.7461134169488,2.93801154285093,0.294868246676582,0.0107980513516175,0
2.36280770121946,2.1904851237663,-0.856538085523151,-0.294122193977661,0.7461134169488,2.93718084763777,0.294122193977661,0.0107452720501093,0
2.36380761984037,2.19144221091143,-0.856827604777605,-0.29337614127874,0.7461134169488,2.93634984273996,0.29337614127874,0.0106928425743531,0
2.36480753846128,2.19239951378681,-0.857116409914107,-0.292630088579819,0.7461134169488,2.93551852835723,0.292630088579819,0.0106407630139557,0
2.3658074570822,2.1933570318596,-0.857404500771906,-0.291884035880898,0.7461134169488,2.93468690468947,0.291884035880898,0.0105890334579457,0
2.36680737570311,2.19431476459686,-0.857691877190655,-0.291137983181978,0.7461134169488,2.93385497193675,0.291137983181978,0.010537653994771,0
2.36780729432403,2.19527271146552,-0.8579785390104,-0.290391930483057,0.7461134169488,2.9330227302993,0.290391930483057,0.0104866247122993,0
2.36880721294494,2.19623087193239,-0.858264486071588,-0.289645877784136,0.7461134169488,2.93219017997754,0.289645877784136,0.0104359456978182,0
2.36980713156585,2.19718924546417,-0.858549718215061,-0.288899825085215,0.7461134169488,2.93135732117203,0.288899825085215,0.0103856170380335,0
2.37080705018677,2.19814783152742,-0.858834235282061,-0.288153772386294,0.7461134169488,2.93052415408354,0.288153772386294,0.0103356388190688,0
2.37180696880768,2.1991066295886,-0.859118037114228,-0.287407719687373,0.7461134169488,2.92969067891297,0.287407719687373,0.0102860111264661,0
2.37280688742859,2.20006563911406,-0.859401123553598,-0.286661666988453,0.7461134169488,2.92885689586141,0.286661666988453,0.0102367340451838,0
2.37380680604951,2.20102485957001,-0.859683494442608,-0.285915614289532,0.7461134169488,2.92802280513013,0.285915614289532,0.010187807659597,0
2.37480672467042,2.20198429042256,-0.859965149624091,-0.285169561590611,0.7461134169488,2.92718840692056,0.285169561590611,0.0101392320534978,0
2.37580664329134,2.20294393113769,-0.86024608894128,-0.28442350889169,0.7461134169488,2.9263537014343,0.28442350889169,0.0100910073100925,0
2.37680656191225,2.20390378118127,-0.860526312237805,-0.283677456192769,0.7461134169488,2.92551868887314,0.283677456192769,0.0100431335120037,0
2.37780648053316,2.20486384001905,-0.860805819357696,-0.282931403493848,0.7461134169488,2.92468336943901,0.282931403493848,0.00999561074126809,0
2.37880639915408,2.20582410711668,-0.86108461014538,-0.282185350794927,0.7461134169488,2.92384774333404,0.282185350794927,0.00994843907933673,0
2.37980631777499,2.20678458193966,-0.861362684445683,-0.281439298096007,0.7461134169488,2.92301181076052,0.281439298096006,0.0099016186070745,0
2.38080623639591,2.20774526395341,-0.861640042103832,-0.280693245397086,0.7461134169488,2.92217557192091,0.280693245397086,0.00985514940475907,0
2.38180615501682,2.20870615262321,-0.86191668296545,-0.279947192698165,0.7461134169488,2.92133902701786,0.279947192698164,0.00980903155208124,0
2.38280607363773,2.20966724741425,-0.862192606876561,-0.279201139999244,0.7461134169488,2.92050217625418,0.279201139999244,0.00976326512814385,0
2.38380599225865,2.21062854779157,-0.862467813683587,-0.278455087300323,0.7461134169488,2.91966501983284,0.278455087300323,0.00971785021146143,0
2.38480591087956,2.21159005322013,-0.862742303233349,-0.277709034601402,0.7461134169488,2.91882755795702,0.277709034601402,0.00967278687996009,0
2.38580582950048,2.21255176316475,-0.863016075373068,-0.276962981902481,0.7461134169488,2.91798979083003,0.276962981902481,0.00962807521097653,0
2.38680574812139,2.21351367709016,-0.863289129950364,-0.276216929203561,0.7461134169488,2.91715171865538,0.276216929203561,0.00958371528125856,0
2.3878056667423,2.21447579446095,-0.863561466813255,-0.27547087650464,0.7461134169488,2.91631334163676,0.27547087650464,0.00953970716696284,0
2.38880558536322,2.21543811474163,-0.863833085810162,-0.274724823805719,0.7461134169488,2.91547465997802,0.274724823805719,0.00949605094365635,0
2.38980550398413,2.21640063739656,-0.864103986789902,-0.273978771106798,0.7461134169488,2.91463567388319,0.273978771106798,0.00945274668631491,0
2.39080542260504,2.21736336189001,-0.864374169601692,-0.273232718407877,0.7461134169488,2.91379638355646,0.273232718407877,0.00940979446932244,0
2.39180534122596,2.21832628768613,-0.864643634095152,-0.272486665708956,0.7461134169488,2.91295678920222,0.272486665708956,0.00936719436647193,0
2.39280525984687,2.21928941424897,-0.864912380120298,-0.271740613010035,0.7461134169488,2.91211689102502,0.271740613010035,0.00932494645096327,0
2.39380517846779,2.22025274104245,-0.865180407527548,-0.270994560311114,0.7461134169488,2.91127668922958,0.270994560311114,0.00928305079540415,0
2.3948050970887,2.22121626753039,-0.865447716167719,-0.270248507612194,0.7461134169488,2.91043618402082,0.270248507612194,0.00924150747180885,0
2.39580501570961,2.2221799931765,-0.865714305892028,-0.269502454913273,0.7461134169488,2.9095953756038,0.269502454913273,0.00920031655159836,0
2.39680493433053,2.22314391744437,-0.865980176552093,-0.268756402214352,0.7461134169488,2.90875426418379,0.268756402214352,0.00915947810559925,0
2.39780485295144,2.22410803979749,-0.866245327999933,-0.268010349515431,0.7461134169488,2.90791284996622,0.268010349515431,0.00911899220404389,0
2.39880477157236,2.22507235969923,-0.866509760087965,-0.26726429681651,0.7461134169488,2.90707113315669,0.26726429681651,0.00907885891656979,0
2.39980469019327,2.22603687661286,-0.866773472669008,-0.266518244117589,0.7461134169488,2.90622911396098,0.266518244117589,0.00903907831221951,0
2.40080460881418,2.22700159000153,-0.86703646559628,-0.265772191418668,0.7461134169488,2.90538679258507,0.265772191418668,0.00899965045943907,0
2.4018045274351,2.22796649932829,-0.867298738723401,-0.265026138719748,0.7461134169488,2.90454416923508,0.265026138719747,0.00896057542607942,0
2.40280444605601,2.22893160405607,-0.867560291904392,-0.264280086020827,0.7461134169488,2.90370124411733,0.264280086020827,0.00892185327939465,0
2.40380436467692,2.2298969036477,-0.867821124993673,-0.263534033321906,0.7461134169488,2.90285801743831,0.263534033321906,0.00888348408604156,0
2.40480428329784,2.23086239756591,-0.868081237846066,-0.262787980622985,0.7461134169488,2.90201448940469,0.262787980622985,0.0088454679120803,0
2.40580420191875,2.2318280852733,-0.868340630316794,-0.262041927924064,0.7461134169488,2.90117066022332,0.262041927924064,0.00880780482297294,0
2.40680412053967,2.23279396623238,-0.86859930226148,-0.261295875225143,0.7461134169488,2.90032653010123,0.261295875225143,0.00877049488358372,0
2.40780403916058,2.23376003990554,-0.868857253536149,-0.260549822526222,0.7461134169488,2.89948209924562,0.260549822526222,0.00873353815817823,0
2.40880395778149,2.23472630575507,-0.869114483997227,-0.259803769827302,0.7461134169488,2.89863736786387,0.259803769827302,0.00869693471042299,0
2.40980387640241,2.23569276324315,-0.869370993501539,-0.259057717128381,0.7461134169488,2.89779233616354,0.259057717128381,0.00866068460338587,0
2.41080379502332,2.23665941183186,-0.869626781906316,-0.25831166442946,0.7461134169488,2.89694700435237,0.25831166442946,0.00862478789953514,0
2.41180371364424,2.23762625098317,-0.869881849069185,-0.257565611730539,0.7461134169488,2.89610137263828,0.257565611730539,0.0085892446607384,0
2.41280363226515,2.23859328015894,-0.870136194848179,-0.256819559031618,0.7461134169488,2.89525544122937,0.256819559031618,0.00855405494826345,0
2.41380355088606,2.23956049882092,-0.870389819101729,-0.256073506332697,0.7461134169488,2.89440921033391,0.256073506332697,0.0085192188227774,0
2.41480346950698,2.24052790643077,-0.87064272168867,-0.255327453633776,0.7461134169488,2.89356268016036,0.255327453633776,0.0084847363443461,0
2.41580338812789,2.24149550245003,-0.870894902468238,-0.254581400934856,0.7461134169488,2.89271585091737,0.254581400934855,0.00845060757243432,0
2.41680330674881,2.24246328634015,-0.87114636130007,-0.253835348235935,0.7461134169488,2.89186872281373,0.253835348235934,0.00841683256590409,0
2.41780322536972,2.24343125756245,-0.871397098044205,-0.253089295537014,0.7461134169488,2.89102129605847,0.253089295537014,0.00838341138301646,0
2.41880314399063,2.24439941557818,-0.871647112561085,-0.252343242838093,0.7461134169488,2.89017357086074,0.252343242838093,0.00835034408142932,0
2.41980306261155,2.24536775984847,-0.871896404711553,-0.251597190139172,0.7461134169488,2.88932554742992,0.251597190139172,0.00831763071819791,0
2.42080298123246,2.24633628983433,-0.872144974356855,-0.250851137440251,0.7461134169488,2.88847722597553,0.250851137440252,0.00828527134977419,0
2.42180289985337,2.24730500499669,-0.872392821358637,-0.250105084741331,0.7461134169488,2.88762860670731,0.250105084741331,0.00825326603200693,0
2.42280281847429,2.24827390479636,-0.87263994557895,-0.24935903204241,0.7461134169488,2.88677968983515,0.24935903204241,0.00822161482014061,0
2.4238027370952,2.24924298869407,-0.872886346880245,-0.248612979343489,0.7461134169488,2.88593047556913,0.248612979343489,0.00819031776881585,0
2.42480265571612,2.25021225615042,-0.873132025125377,-0.247866926644568,0.7461134169488,2.88508096411954,0.247866926644568,0.00815937493206864,0
2.42580257433703,2.25118170662593,-0.873376980177603,-0.247120873945647,0.7461134169488,2.8842311556968,0.247120873945647,0.00812878636332992,0
2.42680249295794,2.252151339581,-0.873621211900582,-0.246374821246726,0.7461134169488,2.88338105051155,0.246374821246726,0.00809855211542587,0
2.42780241157886,2.25312115447595,-0.873864720158376,-0.245628768547805,0.7461134169488,2.88253064877462,0.245628768547805,0.00806867224057684,0
2.42880233019977,2.25409115077098,-0.874107504815449,-0.244882715848885,0.7461134169488,2.88167995069698,0.244882715848885,0.00803914679039763,0
2.42980224882069,2.25506132792619,-0.87434956573667,-0.244136663149963,0.7461134169488,2.88082895648982,0.244136663149964,0.0080099758158968,0
2.4308021674416,2.25603168540159,-0.874590902787308,-0.243390610451043,0.7461134169488,2.87997766636451,0.243390610451043,0.0079811593674769,0
2.43180208606251,2.25700222265708,-0.874831515833036,-0.242644557752122,0.7461134169488,2.87912608053258,0.242644557752122,0.00795269749493299,0
2.43280200468343,2.25797293915247,-0.87507140473993,-0.241898505053201,0.7461134169488,2.87827419920578,0.241898505053201,0.00792459024745373,0
2.43380192330434,2.25894383434747,-0.875310569374469,-0.24115245235428,0.7461134169488,2.877422022596,0.24115245235428,0.00789683767362026,0
2.43480184192525,2.25991490770167,-0.875549009603537,-0.24040639965536,0.7461134169488,2.87656955091534,0.24040639965536,0.00786943982140631,0
2.43580176054617,2.26088615867458,-0.875786725294418,-0.239660346956438,0.7461134169488,2.8757167843761,0.239660346956438,0.00784239673817733,0
2.43680167916708,2.26185758672561,-0.8760237163148,-0.238914294257518,0.7461134169488,2.87486372319073,0.238914294257518,0.00781570847069113,0
2.437801597788,2.26282919131407,-0.876259982532776,-0.238168241558597,0.7461134169488,2.87401036757189,0.238168241558597,0.00778937506509658,0
2.43880151640891,2.26380097189917,-0.876495523816842,-0.237422188859676,0.7461134169488,2.87315671773241,0.237422188859676,0.00776339656693426,0
2.43980143502982,2.26477292794002,-0.876730340035897,-0.236676136160755,0.7461134169488,2.87230277388531,0.236676136160755,0.00773777302113543,0
2.44080135365074,2.26574505889564,-0.876964431059243,-0.235930083461834,0.7461134169488,2.8714485362438,0.235930083461834,0.00771250447202187,0
2.44180127227165,2.26671736422493,-0.877197796756585,-0.235184030762913,0.7461134169488,2.87059400502128,0.235184030762913,0.00768759096330629,0
2.44280119089257,2.26768984338673,-0.877430436998035,-0.234437978063992,0.7461134169488,2.86973918043131,0.234437978063992,0.00766303253809153,0
2.44380110951348,2.26866249583976,-0.877662351654106,-0.233691925365072,0.7461134169488,2.86888406268767,0.233691925365072,0.00763882923886994,0
2.44480102813439,2.26963532104263,-0.877893540595715,-0.232945872666151,0.7461134169488,2.86802865200431,0.232945872666151,0.00761498110752412,0
2.44580094675531,2.27060831845389,-0.878124003694184,-0.23219981996723,0.7461134169488,2.86717294859536,0.23219981996723,0.00759148818532562,0
2.44680086537622,2.27158148973422,-0.878353731478769,-0.231383954139975,1,2.86631694771594,0.231383954139975,0.00756834091693259,0
2.44780078399713,2.27255487495767,-0.878582550997002,-0.230384035519061,1,2.8654605579267,0.230384035519061,0.00754536185356747,0
2.44880070261805,2.27352848849536,-0.878810397094997,-0.229384116898147,1,2.86460374521306,0.229384116898147,0.00752248433053371,0
2.44980062123896,2.27450232937384,-0.879037269544943,-0.228384198277233,1,2.86374651005246,0.228384198277233,0.00749970837838543,0
2.45080053985988,2.27547639661943,-0.879263168120006,-0.22738427965632,1,2.86288885292292,0.22738427965632,0.00747703402754329,0
2.45180045848079,2.27645068925822,-0.879488092594323,-0.226384361035406,1,2.86203077430297,0.226384361035405,0.00745446130829486,0
2.4528003771017,2.27742520631607,-0.879712042743007,-0.225384442414491,1,2.86117227467172,0.225384442414491,0.00743199025079466,0
2.45380029572262,2.27839994681863,-0.879935018342144,-0.224384523793578,1,2.86031335450884,0.224384523793578,0.00740962088506336,0
2.45480021434353,2.27937490979132,-0.880157019168794,-0.223384605172664,1,2.85945401429453,0.223384605172664,0.0073873532409886,0
2.45580013296445,2.28035009425933,-0.880378045000994,-0.222384686551749,1,2.85859425450955,0.22238468655175,0.00736518734832381,0
2.45680005158536,2.28132549924763,-0.880598095617753,-0.221384767930836,1,2.85773407563523,0.221384767930835,0.00734312323668962,0
2.45779997020627,2.28230112378098,-0.880817170799056,-0.220384849309922,1,2.85687347815344,0.220384849309922,0.00732116093557256,0
2.45879988882719,2.28327696688392,-0.881035270325864,-0.219384930689007,1,2.85601246254662,0.219384930689007,0.00729930047432559,0
2.4597998074481,2.28425302758076,-0.881252393980113,-0.218385012068093,1,2.85515102929774,0.218385012068094,0.00727754188216778,0
2.46079972606901,2.28522930489559,-0.881468541544714,-0.21738509344718,1,2.85428917889036,0.217385093447179,0.00725588518818399,0
2.46179964468993,2.28620579785231,-0.881683712803556,-0.216385174826266,1,2.85342691180859,0.216385174826266,0.0072343304213256,0
2.46279956331084,2.28718250547457,-0.881897907541501,-0.215385256205351,1,2.85256422853708,0.215385256205352,0.00721287761041001,0
2.46379948193176,2.28815942678582,-0.882111125544391,-0.214385337584438,1,2.85170112956105,0.214385337584438,0.00719152678412027,0
2.46479940055267,2.28913656080932,-0.882323366599042,-0.213385418963524,1,2.8508376153663,0.213385418963524,0.00717027797100489,0
2.46579931917358,2.29011390656807,-0.882534630493247,-0.21238550034261,1,2.84997368643916,0.21238550034261,0.00714913119947891,0
2.4667992377945,2.29109146308489,-0.882744917015777,-0.211385581721696,1,2.84910934326655,0.211385581721696,0.00712808649782259,0
2.46779915641541,2.29206922938239,-0.882954225956379,-0.210385663100782,1,2.84824458633592,0.210385663100782,0.00710714389418199,0
2.46879907503633,2.29304720448296,-0.883162557105779,-0.209385744479868,1,2.84737941613532,0.209385744479868,0.00708630341656868,0
2.46979899365724,2.29402538740879,-0.88336991025568,-0.208385825858954,1,2.84651383315334,0.208385825858954,0.0070655650928596,0
2.47079891227815,2.29500377718184,-0.883576285198762,-0.20738590723804,1,2.84564783787913,0.20738590723804,0.00704492895079745,0
2.47179883089907,2.29598237282389,-0.883781681728683,-0.206385988617126,1,2.84478143080243,0.206385988617126,0.00702439501798979,0
2.47279874951998,2.2969611733565,-0.883986099640081,-0.205386069996212,1,2.84391461241352,0.205386069996212,0.00700396332191,0
2.47379866814089,2.29794017780104,-0.884189538728572,-0.204386151375298,1,2.84304738320327,0.204386151375298,0.00698363388989631,0
2.47479858676181,2.29891938517865,-0.884391998790748,-0.203386232754384,1,2.84217974366309,0.203386232754384,0.00696340674915219,0
2.47579850538272,2.29989879451029,-0.884593479624183,-0.20238631413347,1,2.84131169428499,0.20238631413347,0.00694328192674598,0
2.47679842400364,2.3008784048167,-0.88479398102743,-0.201386395512556,1,2.84044323556152,0.201386395512556,0.00692325944961181,0
2.47779834262455,2.30185821511845,-0.884993502800018,-0.200386476891642,1,2.83957436798582,0.200386476891642,0.00690333934454801,0
2.47879826124546,2.30283822443587,-0.88519204474246,-0.199386558270728,1,2.83870509205158,0.199386558270728,0.00688352163821793,0
2.47979817986638,2.30381843178912,-0.885389606656245,-0.198386639649814,1,2.83783540825309,0.198386639649814,0.00686380635715,0
2.48079809848729,2.30479883619815,-0.885586188343843,-0.1973867210289,1,2.83696531708518,0.1973867210289,0.00684419352773724,0
2.48179801710821,2.30577943668272,-0.885781789608705,-0.196386802407986,1,2.83609481904327,0.196386802407986,0.0068246831762373,0
2.48279793572912,2.30676023226238,-0.885976410255262,-0.195386883787072,1,2.83522391462336,0.195386883787072,0.00680527532877284,0
2.48379785435003,2.30774122195649,-0.886170050088925,-0.194386965166158,1,2.834352604322,0.194386965166158,0.00678597001133052,0
2.48479777297095,2.30872240478424,-0.886362708916084,-0.193387046545244,1,2.83348088863634,0.193387046545244,0.00676676724976188,0
2.48579769159186,2.30970377976459,-0.886554386544114,-0.19238712792433,1,2.83260876806409,0.19238712792433,0.0067476670697828,0
2.48679761021278,2.31068534591633,-0.886745082781366,-0.191387209303416,1,2.83173624310353,0.191387209303417,0.00672866949697382,0
2.48779752883369,2.31166710225805,-0.886934797437177,-0.190387290682502,1,2.83086331425354,0.190387290682502,0.00670977455677935,0
2.4887974474546,2.31264904780816,-0.887123530321863,-0.189387372061588,1,2.82998998201356,0.189387372061588,0.00669098227450815,0
2.48979736607552,2.31363118158488,-0.88731128124672,-0.188387453440674,1,2.8291162468836,0.188387453440674,0.00667229267533354,0
2.49079728469643,2.31461350260622,-0.88749805002403,-0.187387534819761,1,2.82824210936428,0.187387534819761,0.00665370578429259,0
2.49179720331734,2.31559600989002,-0.887683836467053,-0.186387616198846,1,2.82736756995677,0.186387616198846,0.0066352216262866,0
2.49279712193826,2.31657870245395,-0.887868640390033,-0.185387697577932,1,2.82649262916282,0.185387697577932,0.00661684022608089,0
2.49379704055917,2.31756157931546,-0.888052461608197,-0.184387778957019,1,2.8256172874848,0.184387778957019,0.00659856160830463,0
2.49479695918009,2.31854463949184,-0.888235299937753,-0.183387860336104,1,2.8247415454256,0.183387860336104,0.00658038579745124,0
2.495796877801,2.3195278820002,-0.888417155195893,-0.18238794171519,1,2.82386540348876,0.182387941715191,0.00656231281787722,0
2.49679679642191,2.32051130585744,-0.888598027200791,-0.181388023094277,1,2.82298886217834,0.181388023094277,0.00654434269380366,0
2.49779671504283,2.3214949100803,-0.888777915771604,-0.180388104473363,1,2.82211192199903,0.180388104473363,0.00652647544931484,0
2.49879663366374,2.32247869368534,-0.888956820728474,-0.179388185852449,1,2.82123458345608,0.179388185852449,0.00650871110835893,0
2.49979655228466,2.32346265568894,-0.889134741892524,-0.178388267231535,1,2.82035684705535,0.178388267231535,0.00649104969474767,0
2.50079647090557,2.3244467951073,-0.889311679085862,-0.177388348610621,1,2.81947871330325,0.17738834861062,0.00647349123215646,0
2.50179638952648,2.32543111095643,-0.88948763213158,-0.176388429989707,1,2.8186001827068,0.176388429989707,0.0064560357441239,0
2.5027963081474,2.32641560225217,-0.889662600853753,-0.175388511368793,1,2.81772125577362,0.175388511368793,0.00643868325405217,0
2.50379622676831,2.32740026801021,-0.889836585077442,-0.174388592747879,1,2.81684193301189,0.174388592747879,0.00642143378520665,0
2.50479614538922,2.32838510724603,-0.89000958462869,-0.173388674126965,1,2.8159622149304,0.173388674126965,0.0064042873607163,0
2.50579606401014,2.32937011897496,-0.890181599334525,-0.172388755506051,1,2.81508210203852,0.172388755506051,0.00638724400357316,0
2.50679598263105,2.33035530221214,-0.890352629022962,-0.171388836885137,1,2.81420159484621,0.171388836885137,0.00637030373663272,0
2.50779590125197,2.33134065597255,-0.890522673522999,-0.170388918264223,1,2.81332069386403,0.170388918264223,0.00635346658261315,0
2.50879581987288,2.33232617927099,-0.890691732664617,-0.169388999643309,1,2.81243939960313,0.169388999643309,0.00633673256409606,0
2.50979573849379,2.33331187112211,-0.890859806278787,-0.168389081022395,1,2.81155771257524,0.168389081022395,0.00632010170352604,0
2.51079565711471,2.33429773054037,-0.891026894197462,-0.167389162401481,1,2.81067563329271,0.167389162401481,0.00630357402321058,0
2.51179557573562,2.33528375654008,-0.89119299625358,-0.166389243780567,1,2.80979316226846,0.166389243780567,0.00628714954531984,0
2.51279549435654,2.33626994813537,-0.891358112281068,-0.165389325159653,1,2.80891030001601,0.165389325159653,0.00627082829188763,0
2.51379541297745,2.3372563043402,-0.891522242114835,-0.164389406538739,1,2.80802704704949,0.164389406538739,0.00625461028480978,0
2.51479533159836,2.33824282416838,-0.891685385590779,-0.163389487917825,1,2.80714340388361,0.163389487917825,0.0062384955458451,0
2.51579525021928,2.33922950663356,-0.891847542545783,-0.162389569296911,1,2.8062593710337,0.162389569296911,0.00622248409661541,0
2.51679516884019,2.34021635074921,-0.892008712817716,-0.161389650675997,1,2.80537494901565,0.161389650675997,0.00620657595860474,0
2.51779508746111,2.34120335552864,-0.892168896245434,-0.160389732055083,1,2.804490138346,0.160389732055083,0.00619077115315991,0
2.51879500608202,2.34219051998502,-0.892328092668781,-0.159389813434169,1,2.80360493954184,0.159389813434169,0.00617506970149073,0
2.51979492470293,2.34317784313134,-0.892486301928584,-0.158389894813255,1,2.80271935312089,0.158389894813255,0.00615947162466846,0
2.52079484332385,2.34416532398044,-0.892643523866662,-0.157389976192341,1,2.80183337960148,0.157389976192341,0.00614397694362778,0
2.52179476194476,2.34515296154499,-0.892799758325817,-0.156390057571427,1,2.80094701950251,0.156390057571427,0.00612858567916541,0
2.52279468056567,2.34614075483752,-0.892955005149841,-0.155390138950513,1,2.8000602733435,0.155390138950513,0.00611329785194015,0
2.52379459918659,2.34712870287041,-0.893109264183512,-0.154390220329599,1,2.79917314164459,0.154390220329599,0.00609811348247369,0
2.5247945178075,2.34811680465585,-0.893262535272595,-0.153390301708685,1,2.79828562492651,0.153390301708685,0.0060830325911494,0
2.52579443642842,2.34910505920591,-0.893414818263846,-0.152390383087771,1,2.79739772371058,0.152390383087771,0.00606805519821307,0
2.52679435504933,2.3500934655325,-0.893566113005006,-0.151390464466857,1,2.79650943851874,0.151390464466858,0.00605318132377297,0
2.52779427367024,2.35108202264737,-0.893716419344804,-0.150390545845943,1,2.79562076987356,0.150390545845943,0.00603841098779856,0
2.52879419229116,2.35207072956213,-0.893865737132959,-0.14939062722503,1,2.79473171829818,0.14939062722503,0.00602374421012219,0
2.52979411091207,2.35305958528822,-0.894014066220177,-0.148390708604115,1,2.79384228431637,0.148390708604115,0.0060091810104379,0
2.53079402953299,2.35404858883696,-0.894161406458154,-0.147390789983202,1,2.7929524684525,0.147390789983202,0.00599472140830171,0
2.5317939481539,2.3550377392195,-0.894307757699572,-0.146390871362288,1,2.79206227123156,0.146390871362287,0.00598036542313141,0
2.53279386677481,2.35602703544685,-0.894453119798106,-0.145390952741374,1,2.79117169317914,0.145390952741374,0.00596611307420691,0
2.53379378539573,2.35701647652988,-0.894597492608416,-0.14439103412046,1,2.79028073482146,0.14439103412046,0.00595196438066947,0
2.53479370401664,2.35800606147931,-0.894740875986153,-0.143391115499546,1,2.78938939668533,0.143391115499546,0.00593791936152288,0
2.53579362263755,2.35899578930571,-0.894883269787956,-0.142391196878632,1,2.78849767929818,0.142391196878632,0.00592397803563172,0
2.53679354125847,2.35998565901952,-0.895024673871457,-0.141391278257717,1,2.78760558318807,0.141391278257717,0.00591014042172289,0
2.53779345987938,2.36097566963102,-0.895165088095272,-0.140391359636804,1,2.78671310888366,0.140391359636804,0.00589640653838441,0
2.5387933785003,2.36196582015038,-0.895304512319011,-0.13939144101589,1,2.78582025691423,0.13939144101589,0.00588277640406665,0
2.53979329712121,2.36295610958759,-0.895442946403273,-0.138391522394976,1,2.78492702780966,0.138391522394976,0.00586925003708039,0
2.54079321574212,2.36394653695254,-0.895580390209646,-0.137391603774062,1,2.78403342210049,0.137391603774061,0.00585582745559887,0
2.54179313436304,2.36493710125495,-0.895716843600708,-0.136391685153148,1,2.78313944031784,0.136391685153148,0.00584250867765645,0
2.54279305298395,2.36592780150443,-0.895852306440028,-0.135391766532234,1,2.78224508299345,0.135391766532234,0.0058292937211486,0
2.54379297160487,2.36691863671042,-0.895986778592166,-0.13439184791132,1,2.78135035065971,0.13439184791132,0.00581618260383243,0
2.54479289022578,2.36790960588227,-0.896120259922671,-0.133391929290406,1,2.78045524384959,0.133391929290406,0.00580317534332642,0
2.54579280884669,2.36890070802916,-0.896252750298084,-0.132392010669492,1,2.77955976309673,0.132392010669492,0.00579027195711002,0
2.54679272746761,2.36989194216015,-0.896384249585935,-0.131392092048578,1,2.77866390893535,0.131392092048578,0.00577747246252414,0
2.54779264608852,2.37088330728417,-0.896514757654748,-0.130392173427664,1,2.77776768190031,0.130392173427664,0.00576477687677079,0
2.54879256470943,2.37187480241001,-0.896644274374034,-0.12939225480675,1,2.77687108252709,0.12939225480675,0.00575218521691312,0
2.54979248333035,2.37286642654634,-0.8967727996143,-0.128392336185836,1,2.77597411135181,0.128392336185836,0.00573969749987546,0
2.55079240195126,2.3738581787017,-0.896900333247039,-0.127392417564922,1,2.77507676891119,0.127392417564922,0.00572731374244262,0
2.55179232057218,2.3748500578845,-0.89702687514474,-0.126392498944008,1,2.77417905574261,0.126392498944008,0.00571503396126138,0
2.55279223919309,2.37584206310302,-0.897152425180881,-0.125392580323094,1,2.77328097238404,0.125392580323094,0.00570285817283889,0
2.553792157814,2.37683419336542,-0.897276983229932,-0.12439266170218,1,2.7723825193741,0.12439266170218,0.00569078639354337,0
2.55479207643492,2.37782644767972,-0.897400549167356,-0.123392743081266,1,2.77148369725204,0.123392743081266,0.00567881863960351,0
2.55579199505583,2.37881882505384,-0.897523122869607,-0.122392824460352,1,2.77058450655773,0.122392824460352,0.00566695492710956,0
2.55679191367675,2.37981132449555,-0.897644704214131,-0.121392905839438,1,2.76968494783169,0.121392905839438,0.0056551952720123,0
2.55779183229766,2.38080394501253,-0.897765293079366,-0.120392987218524,1,2.76878502161504,0.120392987218524,0.00564353969012299,0
2.55879175091857,2.38179668561231,-0.897884889344744,-0.11939306859761,1,2.76788472844956,0.11939306859761,0.00563198819711397,0
2.55979166953949,2.38278954530232,-0.898003492890687,-0.118393149976696,1,2.76698406887765,0.118393149976696,0.00562054080851793,0
2.5607915881604,2.38378252308985,-0.898121103598612,-0.117393231355783,1,2.76608304344236,0.117393231355782,0.00560919753972866,0
2.56179150678131,2.38477561798208,-0.898237721350927,-0.116393312734869,1,2.76518165268734,0.116393312734869,0.0055979584060003,0
2.56279142540223,2.3857688289861,-0.898353346031032,-0.115393394113954,1,2.76427989715692,0.115393394113954,0.00558682342244732,0
2.56379134402314,2.38676215510884,-0.898467977523323,-0.11439347549304,1,2.76337777739604,0.11439347549304,0.00557579260404539,0
2.56479126264406,2.38775559535714,-0.898581615713186,-0.113393556872127,1,2.76247529395027,0.113393556872126,0.00556486596563011,0
2.56579118126497,2.38874914873773,-0.898694260487002,-0.112393638251212,1,2.76157244736585,0.112393638251212,0.00555404352189759,0
2.56679109988588,2.38974281425721,-0.898805911732144,-0.111393719630298,1,2.76066923818963,0.111393719630299,0.00554332528740464,0
2.5677910185068,2.39073659092208,-0.898916569336979,-0.110393801009385,1,2.75976566696912,0.110393801009384,0.00553271127656829,0
2.56879093712771,2.39173047773872,-0.899026233190867,-0.109393882388471,1,2.75886173425245,0.109393882388471,0.005522201503666,0
2.56979085574863,2.39272447371341,-0.899134903184164,-0.108393963767556,1,2.75795744058842,0.108393963767556,0.00551179598283535,0
2.57079077436954,2.39371857785231,-0.899242579208215,-0.107394045146643,1,2.75705278652644,0.107394045146643,0.0055014947280746,0
2.57179069299045,2.39471278916149,-0.899349261155363,-0.106394126525729,1,2.75614777261659,0.106394126525728,0.00549129775324197,0
2.57279061161137,2.39570710664689,-0.899454948918944,-0.105394207904814,1,2.75524239940958,0.105394207904814,0.00548120507205563,0
2.57379053023228,2.39670152931436,-0.899559642393286,-0.1043942892839,1,2.75433666745678,0.1043942892839,0.00547121669809469,0
2.5747904488532,2.39769605616964,-0.899663341473713,-0.103394370662987,1,2.75343057731019,0.103394370662987,0.00546133264479776,0
2.57579036747411,2.39869068621835,-0.899766046056544,-0.102394452042073,1,2.75252412952246,0.102394452042073,0.00545155292546395,0
2.57679028609502,2.39968541846604,-0.899867756039089,-0.101394533421159,1,2.7516173246469,0.101394533421159,0.00544187755325209,0
2.57779020471594,2.40068025191814,-0.899968471319656,-0.100394614800245,1,2.75071016323745,0.100394614800245,0.00543230654118132,0
2.57879012333685,2.40167518557996,-0.900068191797546,-0.0993946961793307,1,2.74980264584872,0.0993946961793308,0.00542283990213077,0
2.57979004195776,2.40267021845675,-0.900166917373055,-0.0983947775584169,1,2.74889477303596,0.0983947775584166,0.0054134776488397,0
2.58078996057868,2.40366534955362,-0.900264647947473,-0.097394858937503,1,2.74798654535507,0.0973948589375029,0.00540421979390682,0
2.58178987919959,2.40466057787562,-0.900361383423085,-0.0963949403165887,1,2.74707796336261,0.0963949403165887,0.00539506634979126,0
2.58278979782051,2.40565590242767,-0.900457123703173,-0.0953950216956748,1,2.74616902761578,0.0953950216956749,0.00538601732881205,0
2.58378971644142,2.40665132221461,-0.90055186869201,-0.094395103074761,1,2.74525973867244,0.0943951030747607,0.00537707274314769,0
2.58478963506233,2.40764683624119,-0.900645618294867,-0.0933951844538471,1,2.74435009709113,0.093395184453847,0.00536823260483699,0
2.58578955368325,2.40864244351204,-0.900738372418011,-0.0923952658329328,1,2.743440103431,0.0923952658329328,0.00535949692577808,0
2.58678947230416,2.40963814303174,-0.900830130968702,-0.0913953472120189,1,2.74252975825189,0.091395347212019,0.00535086571772925,0
2.58778939092508,2.41063393380473,-0.900920893855197,-0.0903954285911051,1,2.74161906211428,0.0903954285911048,0.00534233899230829,0
2.58878930954599,2.4116298148354,-0.901010660986747,-0.0893955099701907,1,2.74070801557934,0.0893955099701906,0.00533391676099282,0
2.5897892281669,2.41262578512801,-0.901099432273599,-0.0883955913492769,1,2.73979661920885,0.0883955913492769,0.00532559903512031,0
2.59078914678782,2.41362184368677,-0.901187207626998,-0.087395672728363,1,2.73888487356529,0.0873956727283631,0.00531738582588737,0
2.59178906540873,2.41461798951578,-0.901273986959182,-0.0863957541074492,1,2.73797277921179,0.0863957541074489,0.00530927714435103,0
2.59278898402964,2.41561422161905,-0.901359770183386,-0.0853958354865353,1,2.73706033671213,0.0853958354865352,0.00530127300142713,0
2.59378890265056,2.41661053900052,-0.90144455721384,-0.0843959168656214,1,2.73614754663078,0.0843959168656214,0.0052933734078916,0
2.59478882127147,2.41760694066402,-0.901528347965772,-0.0833959982447071,1,2.73523440953285,0.0833959982447072,0.00528557837437971,0
2.59578873989239,2.41860342561333,-0.901611142355404,-0.0823960796237933,1,2.73432092598412,0.082396079623793,0.0052778879113865,0
2.5967886585133,2.41959999285211,-0.901692940299955,-0.0813961610028794,1,2.73340709655105,0.0813961610028793,0.00527030202926615,0
2.59778857713421,2.42059664138396,-0.90177374171764,-0.0803962423819655,1,2.73249292180074,0.0803962423819655,0.00526282073823225,0
2.59878849575513,2.4215933702124,-0.901853546527673,-0.0793963237610512,1,2.73157840230098,0.0793963237610513,0.00525544404835865,0
2.59978841437604,2.42259017834086,-0.90193235465026,-0.0783964051401373,1,2.73066353862023,0.0783964051401371,0.00524817196957772,0
2.60078833299696,2.42358706477269,-0.902010166006606,-0.0773964865192235,1,2.72974833132761,0.0773964865192234,0.00524100451168141,0
2.60178825161787,2.42458402851117,-0.902086980518913,-0.0763965678983092,1,2.72883278099291,0.0763965678983092,0.00523394168432145,0
2.60278817023878,2.42558106855949,-0.902162798110378,-0.0753966492773953,1,2.72791688818659,0.0753966492773954,0.00522698349700856,0
2.6037880888597,2.42657818392079,-0.902237618705197,-0.0743967306564814,1,2.7270006534798,0.0743967306564812,0.00522012995911303,0
2.60478800748061,2.42757537359811,-0.902311442228561,-0.0733968120355671,1,2.72608407744433,0.073396812035567,0.00521338107986413,0
2.60578792610153,2.42857263659441,-0.902384268606658,-0.0723968934146533,1,2.72516716065268,0.0723968934146533,0.0052067368683506,0
2.60678784472244,2.4295699719126,-0.902456097766674,-0.0713969747937394,1,2.72424990367801,0.0713969747937395,0.00520019733352073,0
2.60778776334335,2.43056737855551,-0.902526929636792,-0.0703970561728255,1,2.72333230709414,0.0703970561728253,0.00519376248418135,0
2.60878768196427,2.43156485552589,-0.902596764146191,-0.0693971375519117,1,2.7224143714756,0.0693971375519116,0.00518743232899921,0
2.60978760058518,2.43256240182643,-0.902665601225048,-0.0683972189309978,1,2.72149609739758,0.0683972189309978,0.00518120687650003,0
2.61078751920609,2.43356001645974,-0.902733440804537,-0.067397300310084,1,2.72057748543593,0.0673973003100841,0.00517508613506823,0
2.61178743782701,2.43455769842838,-0.90280028281683,-0.0663973816891696,1,2.71965853616722,0.0663973816891694,0.00516907011294798,0
2.61278735644792,2.43555544673481,-0.902866127195095,-0.0653974630682558,1,2.71873925016868,0.0653974630682557,0.00516315881824247,0
2.61378727506884,2.43655326038147,-0.902930973873499,-0.0643975444473419,1,2.71781962801821,0.0643975444473419,0.00515735225891389,0
2.61478719368975,2.43755113837068,-0.902994822787206,-0.0633976258264276,1,2.71689967029441,0.0633976258264277,0.00515165044278343,0
2.61578711231066,2.43854907970475,-0.903057673872377,-0.0623977072055137,1,2.71597937757656,0.0623977072055135,0.00514605337753149,0
2.61678703093158,2.43954708338588,-0.903119527066171,-0.0613977885845999,1,2.71505875044463,0.0613977885845998,0.00514056107069782,0
2.61778694955249,2.44054514841625,-0.903180382306746,-0.0603978699636856,1,2.71413778947926,0.0603978699636856,0.0051351735296804,0
2.61878686817341,2.44154327379794,-0.903240239533255,-0.0593979513427717,1,2.71321649526178,0.0593979513427718,0.00512989076173698,0
2.61978678679432,2.442541458533,-0.903299098685852,-0.0583980327218578,1,2.71229486837423,0.0583980327218576,0.00512471277398407,0
2.62078670541523,2.4435397016234,-0.903356959705686,-0.057398114100944,1,2.71137290939931,0.0573981141009439,0.00511963957339689,0
2.62178662403615,2.44453800207106,-0.903413822534907,-0.0563981954800297,1,2.71045061892042,0.0563981954800297,0.00511467116681019,0
2.62278654265706,2.44553635887784,-0.903469687116661,-0.0553982768591158,1,2.70952799752166,0.0553982768591159,0.00510980756091717,0
2.62378646127797,2.44653477104555,-0.903524553395092,-0.0543983582382019,1,2.70860504578781,0.0543983582382017,0.00510504876226991,0
2.62478637989889,2.44753323757594,-0.903578421315342,-0.0533984396172881,1,2.70768176430434,0.053398439617288,0.00510039477728008,0
2.6257862985198,2.44853175747071,-0.903631290823553,-0.0523985209963742,1,2.70675815365742,0.0523985209963742,0.00509584561221743,0
2.62678621714072,2.4495303297315,-0.903683161866864,-0.0513986023754603,1,2.70583421443392,0.0513986023754605,0.00509140127321117,0
2.62778613576163,2.45052895335989,-0.903734034393413,-0.050398683754546,1,2.70490994722139,0.0503986837545458,0.00508706176624918,0
2.62878605438254,2.45152762735743,-0.903783908352334,-0.0493987651336322,1,2.70398535260808,0.0493987651336321,0.005082827097178,0
2.62978597300346,2.45252635072561,-0.903832783693763,-0.0483988465127183,1,2.70306043118296,0.0483988465127183,0.00507869727170318,0
2.63078589162437,2.45352512246586,-0.903880660368831,-0.047398927891804,1,2.70213518353566,0.0473989278918041,0.00507467229538927,0
2.63178581024529,2.45452394157958,-0.90392753832967,-0.0463990092708901,1,2.70120961025654,0.0463990092708899,0.00507075217365927,0
2.6327857288662,2.45552280706811,-0.903973417529409,-0.0453990906499763,1,2.70028371193664,0.0453990906499762,0.00506693691179527,0
2.63378564748711,2.45652171793275,-0.904018297922177,-0.0443991720290624,1,2.69935748916772,0.0443991720290624,0.00506322651493796,0
2.63478556610803,2.45752067317475,-0.904062179463102,-0.0433992534081481,1,2.69843094254223,0.0433992534081482,0.0050596209880871,0
2.63578548472894,2.45851967179531,-0.904105062108307,-0.0423993347872342,1,2.69750407265333,0.042399334787234,0.0050561203361007,0
2.63678540334985,2.4595187127956,-0.904146945814918,-0.0413994161663204,1,2.69657688009487,0.0413994161663203,0.00505272456369588,0
2.63778532197077,2.46051779517674,-0.904187830541058,-0.0403994975454061,1,2.69564936546141,0.0403994975454061,0.00504943367544841,0
2.63878524059168,2.46151691793982,-0.904227716245848,-0.0393995789244926,1,2.69472152934824,0.0393995789244928,0.00504624767579287,0
2.6397851592126,2.46251608008587,-0.90426660288941,-0.0383996603035788,1,2.69379337235133,0.038399660303579,0.00504316656902248,0
2.64078507783351,2.46351528061589,-0.904304490432863,-0.0373997416826645,1,2.69286489506736,0.0373997416826644,0.00504019035928893,0
2.64178499645442,2.46451451853085,-0.904341378838326,-0.0363998230617506,1,2.69193609809372,0.0363998230617506,0.00503731905060301,0
2.64278491507534,2.46551379283166,-0.904377268068917,-0.0353999044408367,1,2.69100698202854,0.0353999044408368,0.00503455264683383,0
2.64378483369625,2.46651310251923,-0.904412158088751,-0.0343999858199224,1,2.69007754747061,0.0343999858199222,0.00503189115170954,0
2.64478475231717,2.46751244659439,-0.904446048862945,-0.0334000671990086,1,2.68914779501948,0.0334000671990085,0.00502933456881682,0
2.64578467093808,2.46851182405798,-0.904478940357614,-0.0324001485780947,1,2.68821772527537,0.0324001485780947,0.00502688290160069,0
2.64678458955899,2.46951123391077,-0.904510832539871,-0.0314002299571804,1,2.68728733883925,0.0314002299571805,0.00502453615336518,0
2.64778450817991,2.47051067515352,-0.904541725377829,-0.0304003113362665,1,2.6863566363128,0.0304003113362663,0.00502229432727275,0
2.64878442680082,2.47151014678695,-0.9045716188406,-0.0294003927153527,1,2.68542561829839,0.0294003927153526,0.00502015742634476,0
2.64978434542173,2.47250964781175,-0.904600512898297,-0.0284004740944388,1,2.68449428539913,0.0284004740944388,0.0050181254534607,0
2.65078426404265,2.47350917722858,-0.904628407522029,-0.0274005554735245,1,2.68356263821884,0.0274005554735246,0.00501619841135947,0
2.65178418266356,2.47450873403807,-0.904655302683907,-0.0264006368526106,1,2.68263067736207,0.0264006368526104,0.00501437630263768,0
2.65278410128448,2.47550831724084,-0.904681198357039,-0.0254007182316968,1,2.68169840343408,0.0254007182316967,0.00501265912975124,0
2.65378401990539,2.47650792583746,-0.904706094515534,-0.0244007996107825,1,2.68076581704085,0.0244007996107825,0.00501104689501397,0
2.6547839385263,2.47750755882849,-0.904729991134501,-0.023400880989869,1,2.67983291878909,0.0234008809898691,0.00500953960059891,0
2.65578385714722,2.47850721521445,-0.904752888190046,-0.0224009623689552,1,2.67889970928623,0.0224009623689554,0.00500813724853755,0
2.65678377576813,2.47950689399585,-0.904774785659276,-0.0214010437480409,1,2.67796618914041,0.0214010437480407,0.00500683984071959,0
2.65778369438905,2.48050659417318,-0.904795683520297,-0.020401125127127,1,2.67703235896053,0.020401125127127,0.00500564737889397,0
2.65878361300996,2.4815063147469,-0.904815581752215,-0.0194012065062131,1,2.67609821935619,0.0194012065062132,0.00500455986466752,0
2.65978353163087,2.48250605471744,-0.904834480335135,-0.0184012878852988,1,2.67516377093771,0.0184012878852986,0.00500357729950573,0
2.66078345025179,2.48350581308524,-0.904852379250161,-0.017401369264385,1,2.67422901431617,0.0174013692643848,0.00500269968473332,0
2.6617833688727,2.4845055888507,-0.904869278479397,-0.0164014506434711,1,2.67329395010335,0.0164014506434711,0.00500192702153257,0
2.66278328749361,2.4855053810142,-0.904885178005947,-0.0154015320225572,1,2.67235857891178,0.0154015320225573,0.00500125931094542,0
2.66378320611453,2.48650518857612,-0.904900077813913,-0.0144016134016429,1,2.67142290135471,0.0144016134016427,0.00500069655387125,0
2.66478312473544,2.48750501053681,-0.904913977888399,-0.0134016947807291,1,2.67048691804612,0.0134016947807289,0.0050002387510687,0
2.66578304335636,2.4885048458966,-0.904926878215507,-0.0124017761598152,1,2.66955062960074,0.0124017761598152,0.00499988590315481,0
2.66678296197727,2.48950469365584,-0.904938778782338,-0.0114018575389009,1,2.66861403663402,0.011401857538901,0.0049996380106051,0
2.66778288059818,2.49050455281483,-0.904949679576993,-0.010401938917987,1,2.66767713976215,0.0104019389179868,0.00499949507375363,0
2.6687827992191,2.49150442237388,-0.904959580588575,-0.00940202029707315,1,2.66673993960207,0.00940202029707304,0.00499945709279337,0
2.66978271784001,2.49250430133328,-0.904968481807183,-0.00840210167615885,1,2.66580243677143,0.00840210167615885,0.00499952406777493,0
2.67078263646093,2.49350418869332,-0.904976383223917,-0.00740218305524543,1,2.66486463188864,0.00740218305524554,0.00499969599860839,0
2.67178255508184,2.49450408345426,-0.904983284830878,-0.00640226443433156,1,2.66392652557285,0.00640226443433178,0.00499997288506215,0
2.67278247370275,2.49550398461639,-0.904989186621164,-0.00540234581341726,1,2.66298811844395,0.00540234581341714,0.00500035472676275,0
2.67378239232367,2.49650389117995,-0.904994088588876,-0.00440242719250339,1,2.66204941112255,0.00440242719250339,0.0050008415231958,0
2.67478231094458,2.49750380214521,-0.904997990729112,-0.00340250857158953,1,2.66111040423005,0.00340250857158964,0.00500143327370495,0
2.6757822295655,2.49850371651242,-0.90500089303797,-0.00240258995067522,1,2.66017109838854,0.00240258995067544,0.00500212997749283,0
2.67678214818641,2.49950363328182,-0.905002795512549,-0.00140267132976136,1,2.6592314942209,0.00140267132976124,0.00500293163362053,0
2.67778206680732,2.50050355145367,-0.905003698150946,-0.000402752708847494,1,2.65829159235074,0.000402752708847487,0.00500383824100747,0
2.67878198542824,2.5015034700282,-0.905003600952259,0.00059716591206637,1,2.6573513934024,0.000597165912066266,0.00500484979843174,0
2.67978190404915,2.50250338800567,-0.905002503916586,0.00159708453298068,1,2.656410898001,0.00159708453298046,0.00500596630453032,0
2.68078182267006,2.50350330438631,-0.905000407045022,0.00259700315389454,1,2.65547010677239,0.00259700315389466,0.00500718775779829,0
2.68178174129098,2.50450321817037,-0.904997310339665,0.0035969217748084,1,2.65452902034317,0.00359692177480841,0.00500851415658943,0
2.68278165991189,2.50550312835811,-0.904993213803611,0.00459684039572271,1,2.65358763934071,0.00459684039572261,0.00500994549911626,0
2.68378157853281,2.50650303394977,-0.904988117440955,0.00559675901663658,1,2.65264596439311,0.00559675901663637,0.00501148178344946,0
2.68478149715372,2.50750293394561,-0.904982021256793,0.00659667763755044,1,2.65170399612924,0.00659667763755056,0.00501312300751888,0
2.68578141577463,2.50850282734589,-0.90497492525722,0.0075965962584643,1,2.65076173517873,0.00759659625846432,0.00501486916911242,0
2.68678133439555,2.50950271315089,-0.904966829449332,0.00859651487937817,1,2.64981918217194,0.00859651487937807,0.00501672026587685,0
2.68778125301646,2.51050259036088,-0.904957733841222,0.00959643350029203,1,2.64887633774001,0.00959643350029182,0.00501867629531783,0
2.68878117163738,2.51150245797615,-0.904947638441986,0.0105963521212063,1,2.64793320251484,0.0105963521212065,0.0050207372547989,0
2.68978109025829,2.51250231499699,-0.904936543261715,0.0115962707421202,1,2.64698977712907,0.0115962707421202,0.00502290314154263,0
2.6907810088792,2.5135021604237,-0.904924448311505,0.0125961893630341,1,2.64604606221613,0.012596189363034,0.00502517395263025,0
2.69178092750012,2.51450199325661,-0.904911353603447,0.0135961079839479,1,2.64510205841018,0.0135961079839477,0.00502754968500152,0
2.69278084612103,2.51550181249605,-0.904897259150635,0.0145960266048622,1,2.64415776634617,0.0145960266048624,0.00503003033545479,0
2.69378076474194,2.51650161714235,-0.904882164967161,0.0155959452257761,1,2.64321318665979,0.0155959452257761,0.00503261590064707,0
2.69478068336286,2.51750140619588,-0.904866071068115,0.01659586384669,1,2.64226831998752,0.0165958638466899,0.00503530637709426,0
2.69578060198377,2.51850117865701,-0.904848977469591,0.0175957824676043,1,2.64132316696659,0.0175957824676041,0.00503810176117037,0
2.69678052060469,2.51950093352613,-0.904830884188678,0.0185957010885181,1,2.640377728235,0.0185957010885183,0.00504100204910873,0
2.6977804392256,2.52050066980365,-0.904811791243466,0.019595619709432,1,2.63943200443152,0.019595619709432,0.00504400723700094,0
2.69878035784651,2.52150038648999,-0.904791698653047,0.0205955383303463,1,2.63848599619568,0.0205955383303462,0.0050471173207971,0
2.69978027646743,2.52250008258561,-0.904770606437508,0.0215954569512602,1,2.63753970416781,0.02159545695126,0.00505033229630658,0
2.70078019508834,2.52349975709096,-0.904748514617939,0.022595375572174,1,2.63659312898898,0.0225953755721742,0.00505365215919706,0
2.70178011370926,2.52449940900654,-0.904725423216428,0.0235952941930879,1,2.63564627130105,0.0235952941930879,0.00505707690499502,0
2.70278003233017,2.52549903733285,-0.904701332256062,0.0245952128140018,1,2.63469913174664,0.0245952128140017,0.00506060652908547,0
2.70377995095108,2.52649864107044,-0.904676241760929,0.0255951314349156,1,2.63375171096917,0.0255951314349154,0.00506424102671255,0
2.704779869572,2.52749821921986,-0.904650151756115,0.0265950500558295,1,2.63280400961282,0.0265950500558296,0.00506798039297895,0
2.70577978819291,2.52849777078169,-0.904623062267706,0.0275949686767438,1,2.63185602832253,0.0275949686767438,0.00507182462284594,0
2.70677970681382,2.52949729475655,-0.904594973322787,0.0285948872976577,1,2.63090776774406,0.0285948872976576,0.00507577371113399,0
2.70777962543474,2.53049679014507,-0.904565884949441,0.0295948059185715,1,2.62995922852392,0.0295948059185713,0.00507982765252191,0
2.70877954405565,2.53149625594793,-0.904535797176754,0.0305947245394858,1,2.62901041130941,0.030594724539486,0.00508398644154773,0
2.70977946267657,2.53249569116582,-0.904504710034808,0.0315946431603997,1,2.62806131674861,0.0315946431603997,0.00508825007260805,0
2.71077938129748,2.53349509479946,-0.904472623554684,0.0325945617813136,1,2.62711194549038,0.0325945617813135,0.00509261853995802,0
2.71177929991839,2.53449446584962,-0.904439537768464,0.0335944804022279,1,2.62616229818437,0.0335944804022277,0.00509709183771201,0
2.71277921853931,2.53549380331708,-0.904405452709229,0.0345943990231418,1,2.62521237548102,0.0345943990231419,0.0051016699598434,0
2.71377913716022,2.53649310620268,-0.904370368411058,0.0355943176440556,1,2.62426217803154,0.0355943176440556,0.00510635290018413,0
2.71477905578114,2.53749237350727,-0.904334284909029,0.0365942362649695,1,2.62331170648796,0.0365942362649694,0.00511114065242502,0
2.71577897440205,2.53849160423175,-0.904297202239221,0.0375941548858838,1,2.62236096150306,0.0375941548858836,0.00511603321011622,0
2.71677889302296,2.53949079737705,-0.904259120438709,0.0385940735067977,1,2.62140994373043,0.0385940735067978,0.00512103056666591,0
2.71777881164388,2.54048995194414,-0.90422003954557,0.0395939921277115,1,2.62045865382446,0.0395939921277115,0.00512613271534201,0
2.71877873026479,2.54148906693403,-0.904179959598878,0.0405939107486254,1,2.61950709244032,0.0405939107486253,0.00513133964927126,0
2.7197786488857,2.54248814134776,-0.904138880638706,0.0415938293695392,1,2.61855526023397,0.041593829369539,0.00513665136143893,0
2.72077856750662,2.54348717418643,-0.904096802706126,0.0425937479904531,1,2.61760315786217,0.0425937479904532,0.00514206784468985,0
2.72177848612753,2.54448616445116,-0.904053725843211,0.0435936666113674,1,2.61665078598249,0.0435936666113674,0.00514758909172763,0
2.72277840474845,2.54548511114313,-0.904009650093029,0.0445935852322813,1,2.61569814525327,0.0445935852322812,0.00515321509511468,0
2.72377832336936,2.54648401326354,-0.903964575499649,0.0455935038531951,1,2.61474523633367,0.0455935038531949,0.00515894584727261,0
2.72477824199027,2.54748286981367,-0.903918502108138,0.0465934224741095,1,2.61379205988365,0.0465934224741096,0.00516478134048215,0
2.72577816061119,2.54848167979482,-0.903871429964563,0.0475933410950233,1,2.61283861656395,0.0475933410950233,0.00517072156688325,0
2.7267780792321,2.54948044220834,-0.903823359115988,0.0485932597159372,1,2.61188490703613,0.0485932597159371,0.00517676651847476,0
2.72777799785302,2.55047915605564,-0.903774289610475,0.049593178336851,1,2.61093093196255,0.0495931783368508,0.00518291618711431,0
2.72877791647393,2.55147782033815,-0.903724221497087,0.0505930969577654,1,2.60997669200637,0.0505930969577655,0.00518917056451929,0
2.72977783509484,2.55247643405738,-0.903673154825883,0.0515930155786792,1,2.60902218783157,0.0515930155786792,0.00519552964226588,0
2.73077775371576,2.55347499621488,-0.903621089647921,0.0525929341995931,1,2.60806742010292,0.052592934199593,0.00520199341178973,0
2.73177767233667,2.55447350581224,-0.903568026015259,0.0535928528205074,1,2.60711238948599,0.0535928528205072,0.00520856186438523,0
2.73277759095759,2.55547196185113,-0.903513963980951,0.0545927714414213,1,2.60615709664719,0.0545927714414214,0.00521523499120646,0
2.7337775095785,2.55647036333325,-0.903458903599051,0.0555926900623347,1,2.60520154225372,0.0555926900623347,0.00522201278326639,0
2.73477742819941,2.55746870926035,-0.90340284492461,0.056592608683249,1,2.60424572697359,0.0565926086832489,0.00522889523143755,0
2.73577734682033,2.55846699863426,-0.903345788013677,0.0575925273041629,1,2.60328965147562,0.0575925273041626,0.00523588232645134,0
2.73677726544124,2.55946523045685,-0.9032877329233,0.0585924459250767,1,2.60233331642946,0.0585924459250768,0.00524297405889917,0
2.73777718406215,2.56046340373004,-0.903228679711525,0.059592364545991,1,2.60137672250557,0.059592364545991,0.00525017041923082,0
2.73877710268307,2.56146151745584,-0.903168628437395,0.0605922831669049,1,2.60041987037522,0.0605922831669048,0.00525747139775645,0
2.73977702130398,2.56245957063628,-0.903107579160952,0.0615922017878188,1,2.59946276071049,0.0615922017878185,0.00526487698464484,0
2.7407769399249,2.56345756227348,-0.903045531943236,0.0625921204087331,1,2.59850539418431,0.0625921204087332,0.00527238716992473,0
2.74177685854581,2.5644554913696,-0.902982486846282,0.0635920390296469,1,2.59754777147039,0.0635920390296469,0.00528000194348366,0
2.74277677716672,2.56545335692689,-0.902918443933127,0.0645919576505608,1,2.59658989324328,0.0645919576505607,0.00528772129506916,0
2.74377669578764,2.56645115794763,-0.902853403267803,0.0655918762714747,1,2.59563176017837,0.0655918762714744,0.00529554521428799,0
2.74477661440855,2.5674488934342,-0.902787364915339,0.066591794892389,1,2.59467337295184,0.0665917948923891,0.00530347369060669,0
2.74577653302947,2.56844656238901,-0.902720328941763,0.0675917135133028,1,2.59371473224072,0.0675917135133028,0.0053115067133509,0
2.74677645165038,2.56944416381456,-0.902652295414101,0.0685916321342167,1,2.59275583872286,0.0685916321342166,0.00531964427170606,0
2.74777637027129,2.57044169671341,-0.902583264400375,0.069591550755131,1,2.59179669307692,0.0695915507551308,0.00532788635471737,0
2.74877628889221,2.57143916008819,-0.902513235969604,0.0705914693760449,1,2.59083729598242,0.070591469376045,0.00533623295128938,0
2.74977620751312,2.5724365529416,-0.902442210191805,0.0715913879969583,1,2.58987764811968,0.0715913879969583,0.00534468405018618,0
2.75077612613403,2.57343387427641,-0.902370187137994,0.0725913066178726,1,2.58891775016988,0.0725913066178725,0.00535323964003187,0
2.75177604475495,2.57443112309545,-0.90229716688018,0.0735912252387865,1,2.587957602815,0.0735912252387863,0.00536189970931,0
2.75277596337586,2.57542829840166,-0.902223149491374,0.0745911438597003,1,2.58699720673789,0.0745911438597004,0.00537066424636412,0
2.75377588199678,2.576425399198,-0.902148135045579,0.0755910624806146,1,2.58603656262219,0.0755910624806146,0.00537953323939722,0
2.75477580061769,2.57742242448754,-0.902072123617798,0.0765909811015285,1,2.58507567115242,0.0765909811015284,0.00538850667647228,0
2.7557757192386,2.57841937327343,-0.90199511528403,0.0775908997224424,1,2.58411453301391,0.0775908997224422,0.00539758454551176,0
2.75677563785952,2.57941624455886,-0.901917110121271,0.0785908183433562,1,2.58315314889285,0.0785908183433564,0.00540676683429853,0
2.75777555648043,2.58041303734714,-0.901838108207513,0.0795907369642705,1,2.58219151947624,0.0795907369642705,0.00541605353047481,0
2.75877547510135,2.58140975064164,-0.901758109621746,0.0805906555851844,1,2.58122964545194,0.0805906555851843,0.00542544462154282,0
2.75977539372226,2.58240638344579,-0.901677114443955,0.0815905742060983,1,2.58026752750866,0.0815905742060981,0.00543494009486511,0
2.76077531234317,2.58340293476314,-0.901595122755122,0.0825904928270126,1,2.57930516633593,0.0825904928270127,0.00544453993766381,0
2.76177523096409,2.58439940359729,-0.901512134637225,0.0835904114479264,1,2.57834256262416,0.0835904114479264,0.005454244137021,0
2.762775149585,2.58539578895193,-0.901428150173239,0.0845903300688403,1,2.57737971706456,0.0845903300688402,0.00546405267987904,0
2.76377506820592,2.58639208983085,-0.901343169447135,0.0855902486897546,1,2.57641663034923,0.0855902486897544,0.00547396555304025,0
2.76477498682683,2.58738830523791,-0.901257192543879,0.086590167310668,1,2.57545330317109,0.0865901673106682,0.00548398274316708,0
2.76577490544774,2.58838443417704,-0.901170219549435,0.0875900859315819,1,2.57448973622393,0.0875900859315819,0.00549410423678209,0
2.76677482406866,2.58938047565229,-0.901082250550761,0.0885900045524962,1,2.57352593020238,0.0885900045524961,0.00550433002026796,0
2.76777474268957,2.59037642866778,-0.900993285635812,0.0895899231734101,1,2.57256188580191,0.0895899231734099,0.00551466007986745,0
2.76877466131048,2.5913722922277,-0.900903324893539,0.0905898417943239,1,2.57159760371888,0.0905898417943241,0.00552509440168358,0
2.7697745799314,2.59236806533638,-0.900812368413887,0.0915897604152382,1,2.57063308465046,0.0915897604152383,0.00553563297168014,0
2.77077449855231,2.59336374699818,-0.900720416287798,0.0925896790361521,1,2.56966832929472,0.092589679036152,0.00554627577568045,0
2.77177441717323,2.59435933621759,-0.90062746860721,0.093589597657066,1,2.56870333835055,0.0935895976570658,0.00555702279936854,0
2.77277433579414,2.5953548319992,-0.900533525465054,0.0945895162779798,1,2.56773811251773,0.09458951627798,0.00556787402828884,0
2.77377425441505,2.59635023334765,-0.90043858695526,0.0955894348988941,1,2.56677265249688,0.0955894348988942,0.00557882944784627,0
2.77477417303597,2.59734553926771,-0.900342653172749,0.096589353519808,1,2.56580695898949,0.0965893535198079,0.00558988904330571,0
2.77577409165688,2.59834074876425,-0.90024572421344,0.0975892721407219,1,2.5648410326979,0.0975892721407217,0.00560105279979317,0
2.7767740102778,2.5993358608422,-0.900147800174246,0.0985891907616362,1,2.56387487432534,0.0985891907616363,0.00561232070229467,0
2.77777392889871,2.60033087450663,-0.900048881153075,0.09958910938255,1,2.56290848457588,0.0995891093825501,0.00562369273565699,0
2.77877384751962,2.60132578876268,-0.899948967248831,0.100589028003464,1,2.56194186415446,0.100589028003464,0.00563516888458759,0
2.77977376614054,2.60232060261559,-0.89984805856141,0.101588946624378,1,2.56097501376691,0.101588946624378,0.00564674913365415,0
2.78077368476145,2.60331531507072,-0.899746155191705,0.102588865245292,1,2.5600079341199,0.102588865245292,0.00565843346728534,0
2.78177360338236,2.60430992513351,-0.899643257241603,0.103588783866205,1,2.55904062592099,0.103588783866206,0.00567022186977073,0
2.78277352200328,2.60530443180952,-0.899539364813985,0.10458870248712,1,2.55807308987861,0.10458870248712,0.00568211432526011,0
2.78377344062419,2.6062988341044,-0.899434478012727,0.105588621108034,1,2.55710532670205,0.105588621108033,0.0056941108177645,0
2.78477335924511,2.60729313102391,-0.899328596942697,0.106588539728948,1,2.55613733710148,0.106588539728948,0.00570621133115534,0
2.78577327786602,2.60828732157392,-0.899221721709761,0.107588458349861,1,2.55516912178797,0.107588458349861,0.00571841584916544,0
2.78677319648693,2.6092814047604,-0.899113852420776,0.108588376970776,1,2.55420068147343,0.108588376970776,0.0057307243553878,0
2.78777311510785,2.61027537958943,-0.899004989183593,0.10958829559169,1,2.55323201687067,0.109588295591689,0.00574313683327721,0
2.78877303372876,2.61126924506719,-0.898895132107059,0.110588214212603,1,2.55226312869337,0.110588214212604,0.00575565326614857,0
2.78977295234968,2.61226300019997,-0.898784281301011,0.111588132833518,1,2.5512940176561,0.111588132833518,0.00576827363717836,0
2.79077287097059,2.6132566439942,-0.898672436876284,0.112588051454432,1,2.55032468447431,0.112588051454432,0.00578099792940412,0
2.7917727895915,2.61425017545638,-0.898559598944703,0.113587970075345,1,2.54935512986433,0.113587970075345,0.0057938261257241,0
2.79277270821242,2.61524359359314,-0.898445767619088,0.11458788869626,1,2.54838535454338,0.11458788869626,0.00580675820889831,0
2.79377262683333,2.61623689741124,-0.898330943013251,0.115587807317174,1,2.54741535922956,0.115587807317174,0.0058197941615471,0
2.79477254545424,2.61723008591752,-0.898215125241999,0.116587725938088,1,2.54644514464187,0.116587725938087,0.0058329339661527,0
2.79577246407516,2.61822315811896,-0.898098314421131,0.117587644559001,1,2.54547471150018,0.117587644559001,0.00584617760505879,0
2.79677238269607,2.61921611302264,-0.897980510667437,0.118587563179915,1,2.54450406052526,0.118587563179915,0.00585952506046972,0
2.79777230131699,2.62020894963579,-0.897861714098704,0.119587481800829,1,2.54353319243879,0.119587481800829,0.00587297631445138,0
2.7987722199379,2.62120166696572,-0.897741924833707,0.120587400421743,1,2.54256210796331,0.120587400421743,0.00588653134893125,0
2.79977213855881,2.62219426401987,-0.897621142992218,0.121587319042657,1,2.54159080782227,0.121587319042657,0.00590019014569843,0
2.80077205717973,2.62318673980581,-0.897499368694997,0.122587237663571,1,2.54061929274003,0.122587237663571,0.00591395268640305,0
2.80177197580064,2.62417909333123,-0.8973766020638,0.123587156284485,1,2.53964756344183,0.123587156284485,0.00592781895255701,0
2.80277189442156,2.62517132360393,-0.897252843221373,0.124587074905399,1,2.5386756206538,0.124587074905399,0.00594178892553388,0
2.80377181304247,2.62616342963185,-0.897128092291454,0.125586993526313,1,2.53770346510299,0.125586993526313,0.00595586258656866,0
2.80477173166338,2.62715541042303,-0.897002349398775,0.126586912147227,1,2.53673109751736,0.126586912147227,0.00597003991675815,0
2.8057716502843,2.62814726498567,-0.896875614669058,0.127586830768141,1,2.53575851862573,0.127586830768141,0.00598432089706091,0
2.80677156890521,2.62913899232807,-0.896747888229017,0.128586749389055,1,2.53478572915786,0.128586749389055,0.00599870550829706,0
2.80777148752613,2.63013059145866,-0.896619170206357,0.129586668009969,1,2.53381272984442,0.129586668009969,0.00601319373114884,0
2.80877140614704,2.631122061386,-0.896489460729776,0.130586586630883,1,2.53283952141695,0.130586586630883,0.00602778554616012,0
2.80977132476795,2.6321134011188,-0.896358759928961,0.131586505251797,1,2.53186610460794,0.131586505251797,0.00604248093373705,0
2.81077124338887,2.63310460966586,-0.896227067934594,0.132586423872711,1,2.53089248015076,0.132586423872711,0.00605727987414695,0
2.81177116200978,2.63409568603614,-0.896094384878343,0.133586342493625,1,2.5299186487797,0.133586342493625,0.00607218234751994,0
2.81277108063069,2.63508662923872,-0.895960710892871,0.134586261114539,1,2.52894461122997,0.134586261114539,0.00608718833384791,0
2.81377099925161,2.63607743828283,-0.895826046111829,0.135586179735453,1,2.52797036823769,0.135586179735453,0.00610229781298466,0
2.81477091787252,2.63706811217782,-0.895690390669861,0.136586098356367,1,2.52699592053988,0.136586098356366,0.00611751076464662,0
2.81577083649344,2.63805864993317,-0.8955537447026,0.137586016977281,1,2.5260212688745,0.137586016977281,0.0061328271684119,0
2.81677075511435,2.63904905055851,-0.895416108346669,0.138585935598195,1,2.52504641398042,0.138585935598195,0.00614824700372119,0
2.81777067373526,2.6400393130636,-0.895277481739683,0.139585854219109,1,2.52407135659741,0.139585854219109,0.00616377024987735,0
2.81877059235618,2.64102943645833,-0.895137865020246,0.140585772840023,1,2.52309609746619,0.140585772840023,0.00617939688604563,0
2.81977051097709,2.64201941975275,-0.894997258327951,0.141585691460937,1,2.52212063732838,0.141585691460937,0.00619512689125379,0
2.82077042959801,2.64300926195703,-0.894855661803382,0.142585610081851,1,2.52114497692654,0.142585610081851,0.00621096024439194,0
2.82177034821892,2.64399896208149,-0.894713075588114,0.143585528702765,1,2.52016911700414,0.143585528702765,0.00622689692421285,0
2.82277026683983,2.64498851913659,-0.894569499824708,0.144585447323679,1,2.51919305830559,0.144585447323679,0.00624293690933131,0
2.82377018546075,2.64597793213294,-0.894424934656718,0.145585365944593,1,2.51821680157622,0.145585365944592,0.00625908017822574,0
2.82477010408166,2.64696720008129,-0.894279380228684,0.146585284565507,1,2.51724034756228,0.146585284565507,0.00627532670923603,0
2.82577002270257,2.64795632199252,-0.894132836686138,0.147585203186421,1,2.51626369701097,0.147585203186421,0.00629167648056572,0
2.82676994132349,2.64894529687768,-0.893985304175599,0.148585121807335,1,2.51528685067042,0.148585121807335,0.00630812947028092,0
2.8277698599444,2.64993412374796,-0.893836782844576,0.149585040428248,1,2.51430980928966,0.149585040428248,0.00632468565631006,0
2.82876977856532,2.65092280161468,-0.893687272841566,0.150584959049162,1,2.51333257361871,0.150584959049163,0.0063413450164449,0
2.82976969718623,2.65191132948933,-0.893536774316054,0.151584877670076,1,2.51235514440847,0.151584877670076,0.00635810752834021,0
2.83076961580714,2.65289970638355,-0.893385287418515,0.15258479629099,1,2.51137752241082,0.15258479629099,0.00637497316951374,0
2.83176953442806,2.65388793130911,-0.89323281230041,0.153584714911904,1,2.51039970837856,0.153584714911904,0.00639194191734571,0
2.83276945304897,2.65487600327795,-0.893079349114191,0.154584633532818,1,2.50942170306543,0.154584633532818,0.00640901374908021,0
2.83376937166989,2.65586392309073,-0.892924909440357,0.155560200305704,0.974364388742682,2.50844350962238,0.155560200305703,0.00642620020622886,0
2.8347692902908,2.65685169196141,-0.892769507292771,0.156534485401563,0.974364388742682,2.50746513168496,0.156534485401563,0.00644351529642229,0
2.83576920891171,2.65783930895731,-0.892613142850606,0.157508770497422,0.974364388742682,2.50648656997304,0.157508770497422,0.00646095902788724,0
2.83676912753263,2.65882677314095,-0.892455816262286,0.158483055593282,0.974364388742682,2.50550782520071,0.158483055593281,0.00647853137663945,0
2.83776904615354,2.659814083575,-0.892297527677151,0.159457340689141,0.974364388742682,2.50452889808297,0.159457340689141,0.00649623231851959,0
2.83876896477445,2.66080123932226,-0.892138277245453,0.160431625785,0.974364388742682,2.50354978933568,0.160431625785,0.00651406182919279,0
2.83976888339537,2.66178823944572,-0.891978065118359,0.16140591088086,0.974364388742682,2.50257049967562,0.161405910880859,0.00653201988414942,0
2.84076880201628,2.66277508300846,-0.891816891447947,0.162380195976719,0.974364388742682,2.50159102982042,0.162380195976719,0.00655010645870457,0
2.8417687206372,2.66376176907375,-0.891654756387206,0.163354481072578,0.974364388742682,2.50061138048865,0.163354481072578,0.00656832152799813,0
2.84276863925811,2.664748296705,-0.891491660090042,0.164328766168437,0.974364388742682,2.49963155239974,0.164328766168437,0.00658666506699523,0
2.84376855787902,2.66573466496575,-0.891327602711271,0.165303051264296,0.974364388742682,2.49865154627402,0.165303051264296,0.00660513705048615,0
2.84476847649994,2.66672087291973,-0.891162584406619,0.166277336360156,0.974364388742682,2.49767136283274,0.166277336360156,0.00662373745308609,0
2.84576839512085,2.66770691963079,-0.89099660533273,0.167251621456015,0.974364388742682,2.49669100279801,0.167251621456015,0.00664246624923592,0
2.84676831374177,2.66869280416295,-0.890829665647154,0.168225906551874,0.974364388742682,2.49571046689287,0.168225906551874,0.00666132341320158,0
2.84776823236268,2.66967852558036,-0.890661765508356,0.169200191647734,0.974364388742682,2.49472975584126,0.169200191647734,0.00668030891907412,0
2.84876815098359,2.67066408294736,-0.890492905075713,0.170174476743593,0.974364388742682,2.49374887036799,0.170174476743593,0.00669942274077073,0
2.84976806960451,2.67164947532842,-0.890323084509512,0.171148761839452,0.974364388742682,2.49276781119882,0.171148761839452,0.00671866485203354,0
2.85076798822542,2.67263470178818,-0.890152303970952,0.172123046935311,0.974364388742682,2.49178657906037,0.172123046935311,0.00673803522643079,0
2.85176790684634,2.67361976139143,-0.889980563622142,0.173097332031171,0.974364388742682,2.4908051746802,0.173097332031171,0.00675753383735589,0
2.85276782546725,2.67460465320312,-0.889807863626106,0.17407161712703,0.974364388742682,2.48982359878676,0.17407161712703,0.00677716065802847,0
2.85376774408816,2.67558937628836,-0.889634204146774,0.175045902222889,0.974364388742682,2.48884185210941,0.175045902222889,0.00679691566149343,0
2.85476766270908,2.67657392971241,-0.88945958534899,0.176020187318749,0.974364388742682,2.48785993537844,0.176020187318749,0.00681679882062214,0
2.85576758132999,2.67755831254072,-0.889284007398507,0.176994472414608,0.974364388742682,2.48687784932502,0.176994472414608,0.00683681010811188,0
2.8567674999509,2.67854252383887,-0.88910747046199,0.177968757510467,0.974364388742682,2.48589559468127,0.177968757510467,0.00685694949648563,0
2.85776741857182,2.67952656267262,-0.888929974707013,0.178943042606327,0.974364388742682,2.48491317218018,0.178943042606327,0.00687721695809307,0
2.85876733719273,2.68051042810789,-0.88875152030206,0.179917327702186,0.974364388742682,2.4839305825557,0.179917327702186,0.00689761246510934,0
2.85976725581365,2.68149411921076,-0.888572107416527,0.180891612798045,0.974364388742682,2.48294782654267,0.180891612798045,0.00691813598953628,0
2.86076717443456,2.68247763504748,-0.888391736220716,0.181865897893904,0.974364388742682,2.48196490487686,0.181865897893904,0.0069387875032022,0
2.86176709305547,2.68346097468447,-0.888210406885843,0.182840182989763,0.974364388742682,2.48098181829496,0.182840182989763,0.00695956697776201,0
2.86276701167639,2.68444413718831,-0.888028119584031,0.183814468085622,0.974364388742682,2.47999856753458,0.183814468085623,0.00698047438469662,0
2.8637669302973,2.68542712162575,-0.887844874488312,0.184788753181482,0.974364388742682,2.47901515333425,0.184788753181482,0.00700150969531366,0
2.86476684891822,2.68640992706372,-0.887660671772629,0.185763038277341,0.974364388742682,2.47803157643343,0.185763038277341,0.00702267288074787,0
2.86576676753913,2.6873925525693,-0.887475511611833,0.1867373233732,0.974364388742682,2.47704783757251,0.1867373233732,0.00704396391196049,0
2.86676668616004,2.68837499720975,-0.887289394181684,0.18771160846906,0.974364388742682,2.4760639374928,0.187711608469059,0.00706538275973922,0
2.86776660478096,2.68935726005251,-0.887102319658849,0.188685893564919,0.974364388742682,2.47507987693653,0.188685893564919,0.00708692939469924,0
2.86876652340187,2.69033934016518,-0.886914288220906,0.189660178660778,0.974364388742682,2.47409565664689,0.189660178660778,0.00710860378728251,0
2.86976644202278,2.69132123661554,-0.88672530004634,0.190634463756637,0.974364388742682,2.47311127736797,0.190634463756637,0.00713040590775793,0
2.8707663606437,2.69230294847155,-0.886535355314546,0.191608748852497,0.974364388742682,2.47212673984482,0.191608748852497,0.00715233572622198,0
2.87176627926461,2.69328447480133,-0.886344454205824,0.192583033948356,0.974364388742682,2.4711420448234,0.192583033948356,0.00717439321259805,0
2.87276619788553,2.69426581467319,-0.886152596901383,0.193557319044215,0.974364388742682,2.47015719305063,0.193557319044215,0.00719657833663656,0
2.87376611650644,2.6952469671556,-0.885959783583341,0.194531604140075,0.974364388742682,2.46917218527435,0.194531604140074,0.00721889106791629,0
2.87476603512735,2.69622793131723,-0.885766014434722,0.195505889235934,0.974364388742682,2.46818702224334,0.195505889235934,0.0072413313758426,0
2.87576595374827,2.69720870622692,-0.885571289639458,0.196480174331793,0.974364388742682,2.46720170470734,0.196480174331793,0.00726389922964887,0
2.87676587236918,2.69818929095368,-0.885375609382387,0.197454459427652,0.974364388742682,2.46621623341701,0.197454459427652,0.0072865945983962,0
2.8777657909901,2.69916968456671,-0.885178973849256,0.198428744523512,0.974364388742682,2.46523060912396,0.198428744523512,0.00730941745097302,0
2.87876570961101,2.70014988613539,-0.884981383226718,0.199403029619371,0.974364388742682,2.46424483258075,0.199403029619371,0.00733236775609603,0
2.87976562823192,2.70112989472928,-0.884782837702331,0.20037731471523,0.974364388742682,2.46325890454089,0.20037731471523,0.0073554454823096,0
2.88076554685284,2.70210970941813,-0.88458333746456,0.20135159981109,0.974364388742682,2.46227282575883,0.20135159981109,0.00737865059798637,0
2.88176546547375,2.70308932927187,-0.884382882702779,0.202325884906949,0.974364388742682,2.46128659698996,0.202325884906949,0.00740198307132689,0
2.88276538409466,2.70406875336061,-0.884181473607265,0.203300170002808,0.974364388742682,2.46030021899064,0.203300170002808,0.00742544287035984,0
2.88376530271558,2.70504798075466,-0.883979110369201,0.204274455098667,0.974364388742682,2.45931369251818,0.204274455098667,0.00744902996294217,0
2.88476522133649,2.70602701052448,-0.883775793180677,0.205248740194527,0.974364388742682,2.45832701833083,0.205248740194527,0.00747274431675959,0
2.88576513995741,2.70700584174078,-0.883571522234689,0.206223025290386,0.974364388742682,2.45734019718782,0.206223025290386,0.00749658589932578,0
2.88676505857832,2.70798447347439,-0.883366297725136,0.207197310386245,0.974364388742682,2.4563532298493,0.207197310386245,0.00752055467798296,0
2.88776497719923,2.70896290479638,-0.883160119846825,0.208171595482105,0.974364388742682,2.45536611707641,0.208171595482105,0.00754465061990239,0
2.88876489582015,2.709941134778,-0.882952988795465,0.209145880577964,0.974364388742682,2.45437885963124,0.209145880577964,0.0075688736920837,0
2.88976481444106,2.71091916249066,-0.882744904767673,0.210120165673823,0.974364388742682,2.45339145827684,0.210120165673823,0.0075932238613553,0
2.89076473306198,2.711896987006,-0.882535867960967,0.211094450769682,0.974364388742682,2.45240391377722,0.211094450769682,0.0076177010943751,0
2.89176465168289,2.71287460739584,-0.882325878573773,0.212068735865541,0.974364388742682,2.45141622689737,0.212068735865541,0.00764230535762911,0
2.8927645703038,2.71385202273218,-0.882114936805418,0.2130430209614,0.974364388742682,2.45042839840322,0.2130430209614,0.00766703661743307,0
2.89376448892472,2.71482923208724,-0.881903042856135,0.21401730605726,0.974364388742682,2.44944042906168,0.21401730605726,0.0076918948399316,0
2.89476440754563,2.71580623453342,-0.881690196927061,0.214991591153119,0.974364388742682,2.44845231964065,0.214991591153119,0.00771687999109882,0
2.89576432616654,2.71678302914332,-0.881476399220236,0.215965876248978,0.974364388742682,2.44746407090896,0.215965876248978,0.00774199203673787,0
2.89676424478746,2.71775961498972,-0.881261649938603,0.216940161344838,0.974364388742682,2.44647568363644,0.216940161344838,0.00776723094248166,0
2.89776416340837,2.71873599114563,-0.881045949286009,0.217914446440697,0.974364388742682,2.44548715859388,0.217914446440697,0.00779259667379262,0
2.89876408202929,2.71971215668424,-0.880829297467204,0.218888731536556,0.974364388742682,2.44449849655307,0.218888731536556,0.00781808919596261,0
2.8997640006502,2.72068811067894,-0.88061169468784,0.219863016632416,0.974364388742682,2.44350969828673,0.219863016632416,0.00784370847411342,0
2.90076391927111,2.72166385220333,-0.880393141154473,0.220837301728275,0.974364388742682,2.4425207645686,0.220837301728275,0.00786945447319665,0
2.90176383789203,2.7226393803312,-0.88017363707456,0.221811586824134,0.974364388742682,2.44153169617339,0.221811586824134,0.00789532715799368,0
2.90276375651294,2.72361469413655,-0.879953182656463,0.222785871919993,0.974364388742682,2.44054249387678,0.222785871919993,0.0079213264931165,0
2.90376367513386,2.72458979269358,-0.879731778109443,0.223760157015853,0.974364388742682,2.43955315845543,0.223760157015853,0.00794745244300621,0
2.90476359375477,2.72556467507669,-0.879509423643664,0.224734442111712,0.974364388742682,2.438563690687,0.224734442111712,0.00797370497193517,0
2.90576351237568,2.7265393403605,-0.879286119470192,0.225708727207571,0.974364388742682,2.43757409135013,0.225708727207571,0.00800008404400521,0
2.9067634309966,2.72751378761983,-0.879061865800994,0.22668301230343,0.974364388742682,2.43658436122443,0.22668301230343,0.00802658962314928,0
2.90776334961751,2.7284880159297,-0.87883666284894,0.22765729739929,0.974364388742682,2.43559450109053,0.227657297399289,0.0080532216731305,0
2.90876326823842,2.72946202436534,-0.878610510827798,0.228631582495149,0.974364388742682,2.43460451173003,0.228631582495149,0.00807998015754241,0
2.90976318685934,2.73043581200219,-0.878383409952239,0.229605867591008,0.974364388742682,2.43361439392552,0.229605867591008,0.00810686503980962,0
2.91076310548025,2.7314093779159,-0.878155360437835,0.230580152686867,0.974364388742682,2.43262414846059,0.230580152686867,0.00813387628318762,0
2.91176302410117,2.73238272118233,-0.877926362501058,0.231554437782727,0.974364388742682,2.43163377611983,0.231554437782727,0.00816101385076273,0
2.91276294272208,2.73335584087756,-0.877696416359279,0.232528722878586,0.974364388742682,2.43064327768881,0.232528722878586,0.00818827770545183,0
2.91376286134299,2.73432873607787,-0.87746552223077,0.233503007974445,0.974364388742682,2.4296526539541,0.233503007974445,0.00821566781000349,0
2.91476277996391,2.73530140585975,-0.877233680334704,0.234477293070305,0.974364388742682,2.4286619057033,0.234477293070305,0.00824318412699721,0
2.91576269858482,2.73627384929992,-0.877000890891152,0.235451578166164,0.974364388742682,2.42767103372497,0.235451578166164,0.00827082661884393,0
2.91676261720574,2.73724606547531,-0.876767154121085,0.236425863262023,0.974364388742682,2.42668003880869,0.236425863262023,0.0082985952477862,0
2.91776253582665,2.73821805346305,-0.876532470246374,0.237400148357882,0.974364388742682,2.42568892174506,0.237400148357882,0.00832648997589747,0
2.91876245444756,2.7391898123405,-0.876296839489787,0.238374433453742,0.974364388742682,2.42469768332565,0.238374433453742,0.00835451076508364,0
2.91976237306848,2.74016134118525,-0.876060262074993,0.239348718549601,0.974364388742682,2.42370632434306,0.239348718549601,0.00838265757708156,0
2.92076229168939,2.74113263907508,-0.875822738226558,0.24032300364546,0.974364388742682,2.42271484559091,0.24032300364546,0.00841093037346075,0
2.92176221031031,2.742103705088,-0.875584268169948,0.24129728874132,0.974364388742682,2.42172324786381,0.24129728874132,0.00843932911562195,0
2.92276212893122,2.74307453830226,-0.875344852131526,0.242271573837179,0.974364388742682,2.42073153195738,0.242271573837179,0.00846785376479853,0
2.92376204755213,2.7440451377963,-0.875104490338552,0.243245858933038,0.974364388742682,2.41973969866827,0.243245858933038,0.00849650428205551,0
2.92476196617305,2.74501550264881,-0.874863183019187,0.244220144028897,0.974364388742682,2.41874774879413,0.244220144028897,0.00852528062829017,0
2.92576188479396,2.74598563193868,-0.874620930402486,0.245194429124757,0.974364388742682,2.41775568313363,0.245194429124757,0.0085541827642327,0
2.92676180341487,2.74695552474504,-0.874377732718403,0.246168714220616,0.974364388742682,2.41676350248647,0.246168714220616,0.00858321065044543,0
2.92776172203579,2.74792518014722,-0.87413359019779,0.247142999316475,0.974364388742682,2.41577120765337,0.247142999316475,0.00861236424732326,0
2.9287616406567,2.74889459722481,-0.873888503072393,0.248117284412335,0.974364388742682,2.41477879943604,0.248117284412335,0.00864164351509367,0
2.92976155927762,2.74986377505761,-0.873642471574858,0.249091569508194,0.974364388742682,2.41378627863724,0.249091569508194,0.00867104841381738,0
2.93076147789853,2.75083271272563,-0.873395495938725,0.250065854604053,0.974364388742682,2.41279364606076,0.250065854604053,0.00870057890338727,0
2.93176139651944,2.75180140930914,-0.873147576398431,0.251040139699912,0.974364388742682,2.4118009025114,0.251040139699912,0.00873023494352998,0
2.93276131514036,2.75276986388862,-0.872898713189308,0.252014424795772,0.974364388742682,2.410808048795,0.252014424795771,0.00876001649380487,0
2.93376123376127,2.75373807554477,-0.872648906547587,0.252988709891631,0.974364388742682,2.40981508571841,0.252988709891631,0.00878992351360453,0
2.93476115238219,2.75470604335855,-0.872398156710391,0.25396299498749,0.974364388742682,2.40882201408953,0.25396299498749,0.00881995596215557,0
2.9357610710031,2.75567376641112,-0.87214646391574,0.254937280083349,0.974364388742682,2.40782883471728,0.254937280083349,0.00885011379851686,0
2.93676098962401,2.7566412437839,-0.871893828402548,0.255911565179209,0.974364388742682,2.40683554841163,0.255911565179209,0.00888039698158172,0
2.93776090824493,2.75760847455852,-0.871640250410625,0.256885850275068,0.974364388742682,2.40584215598357,0.256885850275068,0.0089108054700765,0
2.93876082686584,2.75857545781686,-0.871385730180676,0.257860135370927,0.974364388742682,2.40484865824514,0.257860135370927,0.00894133922256246,0
2.93976074548675,2.75954219264102,-0.871130267954298,0.258834420466786,0.974364388742682,2.40385505600939,0.258834420466786,0.00897199819743388,0
2.94076066410767,2.76050867811336,-0.870873863973984,0.259808705562645,0.974364388742682,2.40286135009046,0.259808705562645,0.00900278235291874,0
2.94176058272858,2.76147491331645,-0.870616518483122,0.260782990658505,0.974364388742682,2.40186754130349,0.260782990658504,0.00903369164708001,0
2.9427605013495,2.76244089733312,-0.870358231725992,0.261757275754364,0.974364388742682,2.40087363046467,0.261757275754364,0.0090647260378145,0
2.94376041997041,2.76340662924641,-0.870099003947767,0.262731560850223,0.974364388742682,2.39987961839126,0.262731560850223,0.00909588548285323,0
2.94476033859132,2.76437210813963,-0.869838835394515,0.263705845946082,0.974364388742682,2.39888550590154,0.263705845946082,0.00912716993976204,0
2.94576025721224,2.76533733309632,-0.869577726313196,0.264680131041942,0.974364388742682,2.39789129381486,0.264680131041942,0.00915857936594122,0
2.94676017583315,2.76630230320025,-0.869315676951663,0.265654416137801,0.974364388742682,2.39689698295159,0.265654416137801,0.00919011371862555,0
2.94776009445407,2.76726701753545,-0.86905268755866,0.26662870123366,0.974364388742682,2.39590257413318,0.26662870123366,0.0092217729548848,0
2.94876001307498,2.76823147518617,-0.868788758383827,0.267602986329519,0.974364388742682,2.39490806818212,0.26760298632952,0.00925355703162367,0
2.94975993169589,2.76919567523692,-0.868523889677693,0.268577271425379,0.974364388742682,2.39391346592197,0.268577271425379,0.00928546590558199,0
2.95075985031681,2.77015961677246,-0.86825808169168,0.269551556521238,0.974364388742682,2.39291876817732,0.269551556521238,0.00931749953333472,0
2.95175976893772,2.77112329887777,-0.8679913346781,0.270525841617097,0.974364388742682,2.39192397577385,0.270525841617097,0.00934965787129172,0
2.95275968755864,2.77208672063811,-0.867723648890158,0.271500126712956,0.974364388742682,2.39092908953827,0.271500126712956,0.00938194087569888,0
2.95375960617955,2.77304988113896,-0.867455024581951,0.272474411808815,0.974364388742682,2.38993411029837,0.272474411808815,0.00941434850263734,0
2.95475952480046,2.77401277946607,-0.867185462008465,0.273448696904675,0.974364388742682,2.388939038883,0.273448696904675,0.00944688070802369,0
2.95575944342138,2.77497541470541,-0.866914961425577,0.274422982000534,0.974364388742682,2.38794387612207,0.274422982000534,0.00947953744761065,0
2.95675936204229,2.77593778594322,-0.866643523090055,0.275397267096393,0.974364388742682,2.38694862284656,0.275397267096393,0.00951231867698632,0
2.9577592806632,2.77689989226599,-0.866371147259556,0.276371552192253,0.974364388742682,2.38595327988852,0.276371552192253,0.00954522435157545,0
2.95875919928412,2.77786173276046,-0.866097834192629,0.277345837288112,0.974364388742682,2.38495784808107,0.277345837288112,0.00957825442663807,0
2.95975911790503,2.77882330651363,-0.86582358414871,0.278320122383971,0.974364388742682,2.38396232825839,0.278320122383971,0.00961140885727141,0
2.96075903652595,2.77978461261272,-0.865548397388126,0.27929440747983,0.974364388742682,2.38296672125575,0.27929440747983,0.00964468759840809,0
2.96175895514686,2.78074565212492,-0.865272281051825,0.280186869955476,0.506768507031366,2.38197102856417,0.280186869955476,0.00967809775968353,0
2.96275887376777,2.78170650759888,-0.864995524868129,0.280693597222149,0.506768507031366,2.380975278425,0.280693597222149,0.00971194037752965,0
2.96375879238869,2.78266722270959,-0.864718281828318,0.281200324488823,0.506768507031366,2.37997948566254,0.281200324488823,0.00974637439369286,0
2.9647587110096,2.78362779721035,-0.864440552003579,0.281707051755496,0.506768507031366,2.37898365047911,0.281707051755496,0.00978139973218051,0
2.96575862963052,2.78458823085451,-0.864162335465227,0.28221377902217,0.506768507031366,2.37798777307728,0.28221377902217,0.00981701631570697,0
2.96675854825143,2.78554852339547,-0.863883632284699,0.282720506288843,0.506768507031366,2.37699185365987,0.282720506288843,0.00985322406569433,0
2.96775846687234,2.78650867458664,-0.86360444253356,0.283227233555517,0.506768507031366,2.37599589242993,0.283227233555516,0.0098900229022717,0
2.96875838549326,2.7874686841815,-0.863324766283497,0.28373396082219,0.506768507031366,2.37499988959074,0.28373396082219,0.00992741274427755,0
2.96975830411417,2.78842855193352,-0.863044603606323,0.284240688088863,0.506768507031366,2.37400384534585,0.284240688088863,0.00996539350925962,0
2.97075822273508,2.78938827759625,-0.862763954573976,0.284747415355537,0.506768507031366,2.37300775989903,0.284747415355537,0.0100039651134765,0
2.971758141356,2.79034786092325,-0.862482819258521,0.28525414262221,0.506768507031366,2.37201163345431,0.28525414262221,0.0100431274718977,0
2.97275805997691,2.79130730166813,-0.862201197732143,0.285760869888884,0.506768507031366,2.37101546621595,0.285760869888883,0.0100828804982043,0
2.97375797859783,2.79226659958453,-0.861919090067157,0.286267597155557,0.506768507031366,2.37001925838847,0.286267597155557,0.0101232241047909,0
2.97475789721874,2.79322575442613,-0.861636496335998,0.286774324422231,0.506768507031366,2.36902301017662,0.286774324422231,0.0101641582027656,0
2.97575781583965,2.79418476594665,-0.861353416611231,0.287281051688904,0.506768507031366,2.3680267217854,0.287281051688904,0.0102056827019507,0
2.97675773446057,2.79514363389983,-0.861069850965541,0.287787778955577,0.506768507031366,2.36703039342005,0.287787778955577,0.0102477975108843,0
2.97775765308148,2.79610235803947,-0.860785799471741,0.288294506222251,0.506768507031366,2.36603402528607,0.288294506222251,0.0102905025368212,0
2.9787575717024,2.79706093811939,-0.860501262202768,0.288801233488924,0.506768507031366,2.3650376175892,0.288801233488924,0.0103337976857325,0
2.97975749032331,2.79801937389346,-0.860216239231682,0.289307960755598,0.506768507031366,2.36404117053542,0.289307960755598,0.0103776828623081,0
2.98075740894422,2.79897766511557,-0.859930730631669,0.289814688022271,0.506768507031366,2.36304468433097,0.289814688022271,0.0104221579699569,0
2.98175732756514,2.79993581153966,-0.859644736476042,0.290321415288945,0.506768507031366,2.36204815918233,0.290321415288945,0.0104672229108076,0
2.98275724618605,2.80089381291971,-0.859358256838234,0.290828142555618,0.506768507031366,2.36105159529623,0.290828142555618,0.01051287758571,0
2.98375716480696,2.80185166900973,-0.859071291791807,0.291334869822291,0.506768507031366,2.36005499287965,0.291334869822292,0.0105591218942359,0
2.98475708342788,2.80280937956376,-0.858783841410444,0.291841597088965,0.506768507031366,2.35905835213982,0.291841597088965,0.0106059557346799,0
2.98575700204879,2.8037669443359,-0.858495905767955,0.292348324355638,0.506768507031366,2.35806167328423,0.292348324355638,0.0106533790040603,0
2.98675692066971,2.80472436308027,-0.858207484938274,0.292855051622312,0.506768507031366,2.35706495652059,0.292855051622312,0.0107013915981206,0
2.98775683929062,2.80568163555102,-0.85791857899546,0.293361778888985,0.506768507031366,2.3560682020569,0.293361778888985,0.01074999341133,0
2.98875675791153,2.80663876150236,-0.857629188013696,0.293868506155658,0.506768507031366,2.35507141010138,0.293868506155659,0.0107991843368845,0
2.98975667653245,2.80759574068853,-0.857339312067289,0.294375233422332,0.506768507031366,2.35407458086253,0.294375233422332,0.0108489642667087,0
2.99075659515336,2.80855257286379,-0.857048951230672,0.294881960689005,0.506768507031366,2.35307771454908,0.294881960689005,0.0108993330914553,0
2.99175651377428,2.80950925778246,-0.856758105578401,0.295388687955679,0.506768507031366,2.35208081137002,0.295388687955679,0.0109502907005072,0
2.99275643239519,2.81046579519889,-0.856466775185157,0.295895415222352,0.506768507031366,2.3510838715346,0.295895415222352,0.0110018369819791,0
2.9937563510161,2.81142218486746,-0.856174960125747,0.296402142489026,0.506768507031366,2.35008689525231,0.296402142489026,0.0110539718227173,0
2.99475626963702,2.81237842654261,-0.855882660475099,0.296908869755699,0.506768507031366,2.34908988273291,0.296908869755699,0.0111066951083012,0
2.99575618825793,2.81333451997879,-0.85558987630827,0.297415597022372,0.506768507031366,2.34809283418641,0.297415597022372,0.0111600067230454,0
2.99675610687884,2.81429046493051,-0.855296607700436,0.297922324289046,0.506768507031366,2.34709574982308,0.297922324289046,0.0112139065499992,0
2.99775602549976,2.81524626115231,-0.855002854726903,0.298429051555719,0.506768507031366,2.34609862985343,0.298429051555719,0.0112683944709493,0
2.99875594412067,2.81620190839875,-0.854708617463098,0.298935778822393,0.506768507031366,2.34510147448824,0.298935778822393,0.0113234703664191,0
2.99975586274159,2.81715740642447,-0.854413895984572,0.299442506089066,0.506768507031366,2.34410428393855,0.299442506089066,0.011379134115672,0
3.0007557813625,2.81811275498411,-0.854118690367002,0.29994923335574,0.506768507031366,2.34310705841565,0.29994923335574,0.0114353855967112,0
3.00175569998341,2.81906795383237,-0.853823000686189,0.300455960622413,0.506768507031366,2.34210979813109,0.300455960622413,0.0114922246862809,0
3.00275561860433,2.82002300272398,-0.853526827018057,0.300962687889086,0.506768507031366,2.34111250329669,0.300962687889086,0.0115496512598677,0
3.00375553722524,2.82097790141371,-0.853230169438656,0.30146941515576,0.506768507031366,2.3401151741245,0.30146941515576,0.0116076651917023,0
3.00475545584616,2.82193264965636,-0.85293302802416,0.301976142422433,0.506768507031366,2.33911781082686,0.301976142422433,0.0116662663547601,0
3.00575537446707,2.82288724720679,-0.852635402850867,0.302482869689106,0.506768507031366,2.33812041361635,0.302482869689106,0.0117254546207622,0
3.00675529308798,2.82384169381987,-0.852337293995197,0.30298959695578,0.506768507031366,2.33712298270584,0.30298959695578,0.0117852298601777,0
3.0077552117089,2.82479598925054,-0.852038701533697,0.303496324222453,0.506768507031366,2.33612551830842,0.303496324222453,0.0118455919422237,0
3.00875513032981,2.82575013325375,-0.851739625543039,0.304003051489127,0.506768507031366,2.33512802063747,0.304003051489127,0.0119065407348673,0
3.00975504895073,2.82670412558451,-0.851440066100015,0.3045097787558,0.506768507031366,2.33413048990663,0.304509778755801,0.0119680761048269,0
3.01075496757164,2.82765796599786,-0.851140023281546,0.305016506022474,0.506768507031366,2.3331329263298,0.305016506022474,0.0120301979175725,0
3.01175488619255,2.82861165424888,-0.850839497164673,0.305523233289147,0.506768507031366,2.33213533012113,0.305523233289147,0.012092906037329,0
3.01275480481347,2.82956519009269,-0.850538487826563,0.306029960555821,0.506768507031366,2.33113770149506,0.30602996055582,0.0121562003270754,0
3.01375472343438,2.83051857328445,-0.850236995344507,0.306536687822494,0.506768507031366,2.33014004066627,0.306536687822494,0.0122200806485467,0
3.01475464205529,2.83147180357934,-0.849935019795921,0.307043415089167,0.506768507031366,2.32914234784972,0.307043415089168,0.0122845468622368,0
3.01575456067621,2.83242488073262,-0.849632561258344,0.307550142355841,0.506768507031366,2.32814462326063,0.307550142355841,0.0123495988273967,0
3.01675447929712,2.83337780449956,-0.849329619809437,0.308056869622514,0.506768507031366,2.32714686711449,0.308056869622514,0.0124152364020395,0
3.01775439791804,2.83433057463547,-0.849026195526989,0.308563596889188,0.506768507031366,2.32614907962705,0.308563596889188,0.0124814594429384,0
3.01875431653895,2.8352831908957,-0.848722288488911,0.309070324155861,0.506768507031366,2.32515126101434,0.309070324155861,0.0125482678056307,0
3.01975423515986,2.83623565303566,-0.848417898773237,0.309577051422535,0.506768507031366,2.32415341149263,0.309577051422535,0.0126156613444174,0
3.02075415378078,2.83718796081077,-0.848113026458126,0.310083778689208,0.506768507031366,2.32315553127849,0.310083778689208,0.0126836399123657,0
3.02175407240169,2.8381401139765,-0.847807671621861,0.310590505955881,0.506768507031366,2.32215762058875,0.310590505955881,0.0127522033613098,0
3.02275399102261,2.83909211228839,-0.84750183434285,0.311097233222555,0.506768507031366,2.3211596796405,0.311097233222555,0.0128213515418524,0
3.02375390964352,2.84004395550196,-0.847195514699621,0.311603960489228,0.506768507031366,2.3201617086511,0.311603960489228,0.0128910843033662,0
3.02475382826443,2.84099564337282,-0.846888712770831,0.312110687755902,0.506768507031366,2.31916370783819,0.312110687755902,0.0129614014939957,0
3.02575374688535,2.84194717565661,-0.846581428635257,0.312617415022575,0.506768507031366,2.31816567741967,0.312617415022575,0.0130323029606578,0
3.02675366550626,2.84289855210898,-0.846273662371801,0.313124142289249,0.506768507031366,2.31716761761373,0.313124142289249,0.0131037885490443,0
3.02775358412717,2.84384977248566,-0.84596541405949,0.313630869555922,0.506768507031366,2.31616952863882,0.313630869555922,0.0131758581036221,0
3.02875350274809,2.8448008365424,-0.845656683777473,0.314137596822595,0.506768507031366,2.31517141071365,0.314137596822595,0.0132485114676359,0
3.029753421369,2.84575174403499,-0.845347471605023,0.314644324089269,0.506768507031366,2.31417326405723,0.314644324089269,0.0133217484831093,0
3.03075333998992,2.84670249471927,-0.845037777621538,0.315151051355942,0.506768507031366,2.31317508888881,0.315151051355942,0.0133955689908459,0
3.03175325861083,2.8476530883511,-0.844727601906538,0.315657778622616,0.506768507031366,2.31217688542796,0.315657778622616,0.0134699728304311,0
3.03275317723174,2.8486035246864,-0.844416944539668,0.316164505889289,0.506768507031366,2.31117865389447,0.316164505889289,0.0135449598402334,0
3.03375309585266,2.84955380348113,-0.844105805600697,0.316671233155962,0.506768507031366,2.31018039450846,0.316671233155962,0.0136205298574069,0
3.03475301447357,2.85050392449128,-0.843794185169517,0.317177960422636,0.506768507031366,2.30918210749028,0.317177960422636,0.0136966827178913,0
3.03575293309449,2.85145388747289,-0.843482083326141,0.317684687689309,0.506768507031366,2.30818379306059,0.317684687689309,0.0137734182564146,0
3.0367528517154,2.85240369218202,-0.843169500150712,0.318191414955983,0.506768507031366,2.30718545144031,0.318191414955983,0.0138507363064945,0
3.03775277033631,2.8533533383748,-0.84285643572349,0.318698142222656,0.506768507031366,2.30618708285063,0.318698142222656,0.0139286367004392,0
3.03875268895723,2.85430282580739,-0.842542890124862,0.319204869489329,0.506768507031366,2.30518868751304,0.319204869489329,0.0140071192693499,0
3.03975260757814,2.85525215423598,-0.842228863435338,0.319711596756003,0.506768507031366,2.3041902656493,0.319711596756003,0.0140861838431222,0
3.04075252619905,2.8562013234168,-0.841914355735552,0.320218324022676,0.506768507031366,2.30319181748145,0.320218324022676,0.0141658302504477,0
3.04175244481997,2.85715033310615,-0.84159936710626,0.32072505128935,0.506768507031366,2.30219334323179,0.32072505128935,0.0142460583188149,0
3.04275236344088,2.85809918306033,-0.841283897628343,0.321231778556023,0.506768507031366,2.30119484312293,0.321231778556023,0.0143268678745119,0
3.0437522820618,2.85904787303572,-0.840967947382805,0.321738505822697,0.506768507031366,2.30019631737774,0.321738505822696,0.0144082587426274,0
3.04475220068271,2.85999640278871,-0.840651516450773,0.32224523308937,0.506768507031366,2.29919776621939,0.32224523308937,0.0144902307470524,0
3.04575211930362,2.86094477207575,-0.840334604913497,0.322751960356044,0.506768507031366,2.29819918987132,0.322751960356044,0.014572783710482,0
3.04675203792454,2.86189298065332,-0.840017212852353,0.323258687622717,0.506768507031366,2.29720058855725,0.323258687622717,0.0146559174544172,0
3.04775195654545,2.86284102827795,-0.839699340348838,0.32376541488939,0.506768507031366,2.29620196250119,0.32376541488939,0.0147396317991664,0
3.04875187516637,2.86378891470621,-0.839380987484572,0.324272142156064,0.506768507031366,2.29520331192743,0.324272142156064,0.0148239265638466,0
3.04975179378728,2.8647366396947,-0.839062154341299,0.324778869422737,0.506768507031366,2.29420463706056,0.324778869422737,0.0149088015663861,0
3.05075171240819,2.86568420300007,-0.838742841000889,0.32528559668941,0.506768507031366,2.29320593812542,0.32528559668941,0.0149942566235254,0
3.05175163102911,2.86663160437902,-0.83842304754533,0.325792323956084,0.506768507031366,2.29220721534717,0.325792323956084,0.0150802915508198,0
3.05275154965002,2.86757884358828,-0.838102774056738,0.326299051222757,0.506768507031366,2.29120846895124,0.326299051222757,0.0151669061626397,0
3.05375146827094,2.86852592038463,-0.837782020617349,0.326805778489431,0.506768507031366,2.29020969916335,0.326805778489431,0.0152541002721734,0
3.05475138689185,2.86947283452488,-0.837460787309526,0.327312505756104,0.506768507031366,2.28921090620951,0.327312505756104,0.0153418736914291,0
3.05575130551276,2.87041958576588,-0.83713907421575,0.327819233022778,0.506768507031366,2.28821209031601,0.327819233022778,0.0154302262312357,0
3.05675122413368,2.87136617386455,-0.83681688141863,0.328325960289451,0.506768507031366,2.28721325170943,0.328325960289451,0.0155191577012452,0
3.05775114275459,2.87231259857782,-0.836494209000896,0.328832687556124,0.506768507031366,2.28621439061666,0.328832687556124,0.0156086679099348,0
3.0587510613755,2.87325885966268,-0.836171057045401,0.329339414822798,0.506768507031366,2.28521550726484,0.329339414822798,0.015698756664607,0
3.05975097999642,2.87420495687615,-0.835847425635122,0.329846142089471,0.506768507031366,2.28421660188144,0.329846142089472,0.0157894237713939,0
3.06075089861733,2.8751508899753,-0.835523314853158,0.330352869356145,0.506768507031366,2.28321767469419,0.330352869356145,0.0158806690352572,0
3.06175081723825,2.87609665871725,-0.835198724782732,0.330859596622818,0.506768507031366,2.28221872593114,0.330859596622818,0.0159724922599902,0
3.06275073585916,2.87704226285913,-0.83487365550719,0.331366323889492,0.506768507031366,2.2812197558206,0.331366323889492,0.0160648932482206,0
3.06375065448007,2.87798770215816,-0.834548107110001,0.331873051156165,0.506768507031366,2.2802207645912,0.331873051156165,0.016157871801411,0
3.06475057310099,2.87893297637156,-0.834222079674756,0.332379778422839,0.506768507031366,2.27922175247186,0.332379778422839,0.0162514277198624,0
3.0657504917219,2.87987808525662,-0.833895573285171,0.332886505689512,0.506768507031366,2.27822271969176,0.332886505689512,0.0163455608027142,0
3.06675041034282,2.88082302857066,-0.833568588025084,0.333393232956185,0.506768507031366,2.27722366648043,0.333393232956185,0.0164402708479474,0
3.06775032896373,2.88176780607103,-0.833241123978455,0.333899960222859,0.506768507031366,2.27622459306765,0.333899960222859,0.0165355576523856,0
3.06875024758464,2.88271241751516,-0.832913181229367,0.334406687489532,0.506768507031366,2.27522549968352,0.334406687489532,0.016631421011698,0
3.06975016620556,2.88365686266049,-0.832584759862028,0.334913414756206,0.506768507031366,2.27422638655842,0.334913414756206,0.0167278607204001,0
3.07075008482647,2.88460114126451,-0.832255859960768,0.335420142022879,0.506768507031366,2.27322725392303,0.335420142022879,0.0168248765718562,0
3.07175000344738,2.88554525308475,-0.831926481610038,0.335926869289553,0.506768507031366,2.27222810200835,0.335926869289553,0.0169224683582815,0
3.0727499220683,2.8864891978788,-0.831596624894414,0.336433596556226,0.506768507031366,2.27122893104565,0.336433596556226,0.0170206358707433,0
3.07374984068921,2.88743297540428,-0.831266289898595,0.336940323822899,0.506768507031366,2.27022974126651,0.336940323822899,0.0171193788991638,0
3.07474975931013,2.88837658541885,-0.8309354767074,0.337447051089573,0.506768507031366,2.2692305329028,0.337447051089573,0.0172186972323208,0
3.07574967793104,2.88932002768021,-0.830604185405775,0.337953778356246,0.506768507031366,2.26823130618671,0.337953778356246,0.0173185906578518,0
3.07674959655195,2.89026330194612,-0.830272416078784,0.33846050562292,0.506768507031366,2.26723206135071,0.33846050562292,0.0174190589622533,0
3.07774951517287,2.89120640797436,-0.829940168811619,0.338967232889593,0.506768507031366,2.26623279862759,0.338967232889593,0.0175201019308849,0
3.07874943379378,2.89214934552279,-0.829607443689589,0.339473960156267,0.506768507031366,2.26523351825042,0.339473960156266,0.0176217193479702,0
3.0797493524147,2.89309211434927,-0.829274240798132,0.33998068742294,0.506768507031366,2.26423422045259,0.33998068742294,0.0177239109965989,0
3.08074927103561,2.89403471421172,-0.828940560222802,0.340487414689613,0.506768507031366,2.26323490546779,0.340487414689613,0.0178266766587288,0
3.08174918965652,2.89497714486812,-0.828606402049281,0.340994141956287,0.506768507031366,2.26223557353,0.340994141956287,0.0179300161151884,0
3.08274910827744,2.89591940607648,-0.828271766363372,0.34150086922296,0.506768507031366,2.26123622487352,0.34150086922296,0.0180339291456781,0
3.08374902689835,2.89686149759484,-0.827936653250999,0.342007596489633,0.506768507031366,2.26023685973295,0.342007596489633,0.018138415528773,0
3.08474894551926,2.89780341918131,-0.82760106279821,0.342514323756307,0.506768507031366,2.25923747834319,0.342514323756307,0.0182434750419236,0
3.08574886414018,2.89874517059402,-0.827264995091176,0.34302105102298,0.506768507031366,2.25823808093946,0.34302105102298,0.0183491074614593,0
3.08674878276109,2.89968675159116,-0.826928450216189,0.343527778289654,0.506768507031366,2.25723866775727,0.343527778289654,0.0184553125625898,0
3.08774870138201,2.90062816193096,-0.826591428259666,0.344034505556327,0.506768507031366,2.25623923903245,0.344034505556327,0.0185620901194072,0
3.08874862000292,2.90156940137169,-0.826253929308143,0.344541232823001,0.506768507031366,2.25523979500113,0.344541232823001,0.0186694399048883,0
3.08974853862383,2.90251046967166,-0.825915953448283,0.345047960089674,0.506768507031366,2.25424033589975,0.345047960089674,0.0187773616908958,0
3.09074845724475,2.9034513731911,-0.825577519111207,0.345457198719198,0.263027082668877,2.25324086254357,0.345457198719198,0.0188858746284006,0
3.09174837586566,2.90439217281338,-0.825238796048203,0.345720204396963,0.263027082668877,2.25224138046279,0.345720204396963,0.0189951577325166,0
3.09274829448658,2.90533288331703,-0.824899825561275,0.345983210074728,0.263027082668877,2.25124189102903,0.345983210074728,0.0191052543148243,0
3.09374821310749,2.90627350463698,-0.82456060767387,0.346246215752494,0.263027082668877,2.25024239430169,0.346246215752494,0.0192161640754137,0
3.0947481317284,2.90721403670817,-0.824221142409452,0.346509221430259,0.263027082668877,2.24924289034022,0.346509221430259,0.0193278867123028,0
3.09574805034932,2.90815447946555,-0.823881429791503,0.346772227108024,0.263027082668877,2.24824337920416,0.346772227108024,0.0194404219214435,0
3.09674796897023,2.90909483284404,-0.823541469843522,0.34703523278579,0.263027082668877,2.24724386095312,0.34703523278579,0.0195537693967247,0
3.09774788759115,2.91003509677863,-0.823201262589023,0.347298238463555,0.263027082668877,2.24624433564679,0.347298238463555,0.0196679288299761,0
3.09874780621206,2.91097527120425,-0.82286080805154,0.34756124414132,0.263027082668877,2.24524480334493,0.34756124414132,0.0197828999109727,0
3.09974772483297,2.91191535605588,-0.822520106254623,0.347824249819085,0.263027082668877,2.24424526410737,0.347824249819086,0.0198986823274381,0
3.10074764345389,2.91285535126849,-0.822179157221838,0.348087255496851,0.263027082668877,2.24324571799404,0.348087255496851,0.0200152757650494,0
3.1017475620748,2.91379525677706,-0.821837960976771,0.348350261174616,0.263027082668877,2.24224616506492,0.348350261174616,0.0201326799074404,0
3.10274748069571,2.91473507251657,-0.821496517543022,0.348613266852381,0.263027082668877,2.24124660538009,0.348613266852381,0.0202508944362065,0
3.10374739931663,2.91567479842202,-0.821154826944209,0.348876272530147,0.263027082668877,2.24024703899969,0.348876272530147,0.020369919030908,0
3.10474731793754,2.9166144344284,-0.820812889203968,0.349139278207912,0.263027082668877,2.23924746598393,0.349139278207912,0.0204897533690752,0
3.10574723655846,2.91755398047072,-0.820470704345952,0.349402283885677,0.263027082668877,2.23824788639313,0.349402283885677,0.0206103971262113,0
3.10674715517937,2.91849343648398,-0.820128272393829,0.349665289563443,0.263027082668877,2.23724830028765,0.349665289563442,0.0207318499757976,0
3.10774707380028,2.9194328024032,-0.819785593371287,0.349928295241208,0.263027082668877,2.23624870772795,0.349928295241208,0.0208541115892977,0
3.1087469924212,2.92037207816341,-0.81944266730203,0.350191300918973,0.263027082668877,2.23524910877456,0.350191300918973,0.0209771816361608,0
3.10974691104211,2.92131126369962,-0.819099494209778,0.350454306596739,0.263027082668877,2.23424950348809,0.350454306596739,0.0211010597838263,0
3.11074682966303,2.92225035894689,-0.81875607411827,0.350717312274504,0.263027082668877,2.23324989192922,0.350717312274504,0.0212257456977294,0
3.11174674828394,2.92318936384024,-0.81841240705126,0.350980317952269,0.263027082668877,2.23225027415873,0.350980317952269,0.0213512390413028,0
3.11274666690485,2.92412827831473,-0.81806849303252,0.351243323630035,0.263027082668877,2.23125065023746,0.351243323630035,0.0214775394759835,0
3.11374658552577,2.9250671023054,-0.81772433208584,0.3515063293078,0.263027082668877,2.23025102022632,0.3515063293078,0.0216046466612158,0
3.11474650414668,2.92600583574733,-0.817379924235026,0.351769334985565,0.263027082668877,2.22925138418632,0.351769334985565,0.0217325602544557,0
3.11574642276759,2.92694447857556,-0.817035269503901,0.35203234066333,0.263027082668877,2.22825174217853,0.35203234066333,0.0218612799111759,0
3.11674634138851,2.92788303072519,-0.816690367916306,0.352295346341096,0.263027082668877,2.22725209426412,0.352295346341096,0.0219908052848694,0
3.11774626000942,2.92882149213127,-0.816345219496099,0.352558352018861,0.263027082668877,2.22625244050432,0.352558352018861,0.0221211360270545,0
3.11874617863034,2.92975986272891,-0.815999824267154,0.352821357696626,0.263027082668877,2.22525278096046,0.352821357696627,0.022252271787279,0
3.11974609725125,2.93069814245319,-0.815654182253362,0.353084363374392,0.263027082668877,2.22425311569392,0.353084363374392,0.0223842122131243,0
3.12074601587216,2.9316363312392,-0.815308293478633,0.353347369052157,0.263027082668877,2.22325344476618,0.353347369052157,0.0225169569502109,0
3.12174593449308,2.93257442902206,-0.814962157966892,0.353610374729922,0.263027082668877,2.2222537682388,0.353610374729922,0.0226505056422021,0
3.12274585311399,2.93351243573686,-0.814615775742082,0.353873380407688,0.263027082668877,2.22125408617341,0.353873380407688,0.0227848579308081,0
3.12374577173491,2.93445035131874,-0.814269146828163,0.354136386085453,0.263027082668877,2.22025439863173,0.354136386085453,0.0229200134557914,0
3.12474569035582,2.9353881757028,-0.813922271249112,0.354399391763218,0.263027082668877,2.21925470567556,0.354399391763218,0.0230559718549717,0
3.12574560897673,2.93632590882418,-0.813575149028923,0.354662397440984,0.263027082668877,2.21825500736677,0.354662397440983,0.0231927327642287,0
3.12674552759765,2.93726355061802,-0.813227780191608,0.354925403118749,0.263027082668877,2.21725530376733,0.354925403118749,0.0233302958175088,0
3.12774544621856,2.93820110101945,-0.812880164761194,0.355188408796514,0.263027082668877,2.21625559493926,0.355188408796514,0.0234686606468277,0
3.12874536483947,2.93913855996363,-0.812532302761726,0.355451414474279,0.263027082668877,2.2152558809447,0.355451414474279,0.0236078268822769,0
3.12974528346039,2.9400759273857,-0.812184194217268,0.355714420152045,0.263027082668877,2.21425616184583,0.355714420152045,0.0237477941520275,0
3.1307452020813,2.94101320322083,-0.811835839151898,0.35597742582981,0.263027082668877,2.21325643770495,0.35597742582981,0.0238885620823343,0
3.13174512070222,2.94195038740418,-0.811487237589713,0.356240431507575,0.263027082668877,2.21225670858442,0.356240431507576,0.024030130297541,0
3.13274503932313,2.94288747987093,-0.811138389554826,0.356503437185341,0.263027082668877,2.21125697454668,0.356503437185341,0.0241724984200862,0
3.13374495794404,2.94382448055626,-0.810789295071368,0.356766442863106,0.263027082668877,2.21025723565427,0.356766442863106,0.0243156660705054,0
3.13474487656496,2.94476138939535,-0.810439954163486,0.357029448540871,0.263027082668877,2.20925749196979,0.357029448540871,0.0244596328674382,0
3.13574479518587,2.9456982063234,-0.810090366855345,0.357292454218637,0.263027082668877,2.20825774355593,0.357292454218637,0.0246043984276322,0
3.13674471380679,2.9466349312756,-0.809740533171126,0.357555459896402,0.263027082668877,2.20725799047547,0.357555459896402,0.0247499623659468,0
3.1377446324277,2.94757156418716,-0.809390453135029,0.357818465574167,0.263027082668877,2.20625823279127,0.357818465574167,0.0248963242953597,0
3.13874455104861,2.94850810499329,-0.809040126771269,0.358081471251933,0.263027082668877,2.20525847056628,0.358081471251932,0.0250434838269705,0
3.13974446966953,2.9494445536292,-0.808689554104078,0.358344476929698,0.263027082668877,2.2042587038635,0.358344476929698,0.0251914405700068,0
3.14074438829044,2.95038091003013,-0.808338735157707,0.358607482607463,0.263027082668877,2.20325893274606,0.358607482607463,0.025340194131827,0
3.14174430691136,2.95131717413129,-0.807987669956423,0.358870488285229,0.263027082668877,2.20225915727714,0.358870488285229,0.0254897441179266,0
3.14274422553227,2.95225334586794,-0.807636358524509,0.359133493962994,0.263027082668877,2.20125937752001,0.359133493962994,0.0256400901319445,0
3.14374414415318,2.95318942517531,-0.807284800886266,0.359396499640759,0.263027082668877,2.20025959353804,0.359396499640759,0.0257912317756642,0
3.1447440627741,2.95412541198864,-0.806932997066012,0.359659505318524,0.263027082668877,2.19925980539466,0.359659505318525,0.025943168649022,0
3.14574398139501,2.95506130624321,-0.806580947088082,0.35992251099629,0.263027082668877,2.19826001315341,0.35992251099629,0.0260959003501106,0
3.14674390001592,2.95599710787426,-0.806228650976829,0.360185516674055,0.263027082668877,2.1972602168779,0.360185516674055,0.026249426475184,0
3.14774381863684,2.95693281681707,-0.80587610875662,0.36044852235182,0.263027082668877,2.19626041663181,0.36044852235182,0.026403746618663,0
3.14874373725775,2.95786843300692,-0.805523320451843,0.360711528029586,0.263027082668877,2.19526061247893,0.360711528029586,0.0265588603731396,0
3.14974365587867,2.95880395637908,-0.805170286086899,0.360974533707351,0.263027082668877,2.19426080448313,0.360974533707351,0.026714767329383,0
3.15074357449958,2.95973938686884,-0.804817005686211,0.361237539385116,0.263027082668877,2.19326099270836,0.361237539385116,0.0268714670763432,0
3.15174349312049,2.9606747244115,-0.804463479274213,0.361500545062882,0.263027082668877,2.19226117721865,0.361500545062881,0.0270289592011571,0
3.15274341174141,2.96160996894235,-0.804109706875361,0.361763550740647,0.263027082668877,2.19126135807812,0.361763550740647,0.0271872432891538,0
3.15374333036232,2.96254512039672,-0.803755688514126,0.362026556418412,0.263027082668877,2.19026153535098,0.362026556418412,0.0273463189238575,0
3.15474324898324,2.9634801787099,-0.803401424214996,0.362289562096178,0.263027082668877,2.18926170910153,0.362289562096178,0.0275061856869965,0
3.15574316760415,2.96441514381722,-0.803046914002475,0.362552567773943,0.263027082668877,2.18826187939414,0.362552567773943,0.0276668431585041,0
3.15674308622506,2.965350015654,-0.802692157901087,0.362815573451708,0.263027082668877,2.18726204629328,0.362815573451708,0.0278282909165272,0
3.15774300484598,2.96628479415559,-0.80233715593537,0.363078579129474,0.263027082668877,2.1862622098635,0.363078579129473,0.0279905285374289,0
3.15874292346689,2.96721947925731,-0.801981908129881,0.363341584807239,0.263027082668877,2.18526237016944,0.363341584807239,0.0281535555957947,0
3.1597428420878,2.96815407089452,-0.801626414509193,0.363604590485004,0.263027082668877,2.18426252727583,0.363604590485004,0.0283173716644387,0
3.16074276070872,2.96908856900256,-0.801270675097896,0.363867596162769,0.263027082668877,2.18326268124747,0.363867596162769,0.0284819763144063,0
3.16174267932963,2.9700229735168,-0.800914689920596,0.364130601840535,0.263027082668877,2.18226283214928,0.364130601840535,0.0286473691149816,0
3.16274259795055,2.9709572843726,-0.800558459001919,0.3643936075183,0.263027082668877,2.18126298004623,0.3643936075183,0.0288135496336924,0
3.16374251657146,2.97189150150533,-0.800201982366506,0.364656613196065,0.263027082668877,2.1802631250034,0.364656613196066,0.0289805174363138,0
3.16474243519237,2.97282562485037,-0.799845260039014,0.364919618873831,0.263027082668877,2.17926326708596,0.364919618873831,0.029148272086875,0
3.16574235381329,2.97375965434311,-0.799488292044119,0.365182624551596,0.263027082668877,2.17826340635915,0.365182624551596,0.0293168131476641,0
3.1667422724342,2.97469358991894,-0.799131078406514,0.365445630229361,0.263027082668877,2.17726354288832,0.365445630229361,0.0294861401792339,0
3.16774219105512,2.97562743151325,-0.798773619150907,0.365708635907127,0.263027082668877,2.17626367673889,0.365708635907127,0.0296562527404054,0
3.16874210967603,2.97656117906146,-0.798415914302024,0.365971641584892,0.263027082668877,2.17526380797638,0.365971641584892,0.029827150388276,0
3.16974202829694,2.97749483249896,-0.798057963884609,0.366234647262657,0.263027082668877,2.1742639366664,0.366234647262657,0.0299988326782218,0
3.17074194691786,2.97842839176118,-0.797699767923421,0.366497652940423,0.263027082668877,2.17326406287464,0.366497652940422,0.030171299163905,0
3.17174186553877,2.97936185678354,-0.797341326443239,0.366760658618188,0.263027082668877,2.17226418666688,0.366760658618188,0.0303445493972787,0
3.17274178415968,2.98029522750147,-0.796982639468855,0.367023664295953,0.263027082668877,2.171264308109,0.367023664295953,0.0305185829285914,0
3.1737417027806,2.98122850385041,-0.796623707025082,0.367286669973719,0.263027082668877,2.17026442726697,0.367286669973719,0.0306933993063939,0
3.17474162140151,2.98216168576581,-0.796264529136747,0.367549675651484,0.263027082668877,2.16926454420683,0.367549675651484,0.0308689980775435,0
3.17574154002243,2.9830947731831,-0.795905105828695,0.367812681329249,0.263027082668877,2.16826465899472,0.367812681329249,0.0310453787872101,0
3.17674145864334,2.98402776603776,-0.795545437125788,0.368075687007014,0.263027082668877,2.16726477169689,0.368075687007015,0.0312225409788808,0
3.17774137726425,2.98496066426523,-0.795185523052906,0.36833869268478,0.263027082668877,2.16626488237965,0.36833869268478,0.0314004841943663,0
3.17874129588517,2.985893467801,-0.794825363634943,0.368601698362545,0.263027082668877,2.16526499110942,0.368601698362545,0.0315792079738054,0
3.17974121450608,2.98682617658054,-0.794464958896814,0.36886470404031,0.263027082668877,2.16426509795271,0.36886470404031,0.0317587118556713,0
3.180741133127,2.98775879053932,-0.794104308863448,0.369127709718076,0.263027082668877,2.16326520297611,0.369127709718076,0.0319389953767765,0
3.18174105174791,2.98869130961284,-0.793743413559792,0.369390715395841,0.263027082668877,2.16226530624631,0.369390715395841,0.0321200580722786,0
3.18274097036882,2.9896237337366,-0.79338227301081,0.369653721073606,0.263027082668877,2.16126540783009,0.369653721073606,0.0323018994756855,0
3.18374088898974,2.9905560628461,-0.793020887241482,0.369916726751372,0.263027082668877,2.16026550779432,0.369916726751371,0.0324845191188612,0
3.18474080761065,2.99148829687684,-0.792659256276807,0.370179732429137,0.263027082668877,2.15926560620596,0.370179732429137,0.0326679165320308,0
3.18574072623157,2.99242043576435,-0.792297380141798,0.370442738106902,0.263027082668877,2.15826570313207,0.370442738106902,0.0328520912437871,0
3.18674064485248,2.99335247944414,-0.791935258861489,0.370705743784668,0.263027082668877,2.1572657986398,0.370705743784668,0.0330370427810943,0
3.18774056347339,2.99428442785174,-0.791572892460927,0.370968749462433,0.263027082668877,2.15626589279639,0.370968749462433,0.0332227706692958,0
3.18874048209431,2.99521628092269,-0.791210280965178,0.371231755140198,0.263027082668877,2.15526598566916,0.371231755140198,0.0334092744321181,0
3.18974040071522,2.99614803859253,-0.790847424399324,0.371494760817964,0.263027082668877,2.15426607732555,0.371494760817964,0.0335965535916762,0
3.19074031933613,2.9970797007968,-0.790484322788466,0.371757766495729,0.263027082668877,2.15326616783308,0.371757766495729,0.0337846076684815,0
3.19174023795705,2.99801126747107,-0.790120976157719,0.372020772173494,0.263027082668877,2.15226625725936,0.372020772173494,0.0339734361814439,0
3.19274015657796,2.9989427385509,-0.789757384532218,0.372283777851259,0.263027082668877,2.15126634567209,0.372283777851259,0.0341630386478805,0
3.19374007519888,2.99987411397185,-0.789393547937111,0.372546783529025,0.263027082668877,2.15026643313907,0.372546783529025,0.0343534145835194,0
3.19473999381979,3.0008053936695,-0.789029466397568,0.37280978920679,0.263027082668877,2.14926651972821,0.37280978920679,0.0345445635025065,0
3.1957399124407,3.00173657757942,-0.788665139938771,0.373072794884555,0.263027082668877,2.14826660550748,0.373072794884556,0.0347364849174098,0
3.19673983106162,3.00266766563722,-0.788300568585922,0.373335800562321,0.263027082668877,2.14726669054497,0.373335800562321,0.0349291783392257,0
3.19773974968253,3.00359865777848,-0.787935752364239,0.373598806240086,0.263027082668877,2.14626677490886,0.373598806240086,0.0351226432773857,0
3.19873966830344,3.0045295539388,-0.787570691298958,0.373861811917851,0.263027082668877,2.14526685866743,0.373861811917851,0.0353168792397598,0
3.19973958692436,3.00546035405379,-0.78720538541533,0.374124817595616,0.263027082668877,2.14426694188903,0.374124817595616,0.0355118857326645,0
3.20073950554527,3.00639105805908,-0.786839834738624,0.374387823273382,0.263027082668877,2.14326702464213,0.374387823273382,0.0357076622608666,0
3.20173942416619,3.00732166589027,-0.786474039294126,0.374650828951147,0.263027082668877,2.14226710699529,0.374650828951147,0.03590420832759,0
3.2027393427871,3.00825217748299,-0.786107999107139,0.374913834628912,0.263027082668877,2.14126718901717,0.374913834628912,0.0361015234345216,0
3.20373926140801,3.00918259277289,-0.785741714202983,0.375176840306678,0.263027082668877,2.14026727077651,0.375176840306678,0.0362996070818158,0
3.20473918002893,3.0101129116956,-0.785375184606993,0.375439845984443,0.263027082668877,2.13926735234216,0.375439845984443,0.0364984587681018,0
3.20573909864984,3.01104313418677,-0.785008410344525,0.375702851662208,0.263027082668877,2.13826743378307,0.375702851662208,0.0366980779904871,0
3.20673901727076,3.01197326018205,-0.784641391440948,0.375965857339974,0.263027082668877,2.13726751516827,0.375965857339974,0.0368984642445657,0
3.20773893589167,3.01290328961711,-0.784274127921649,0.376228863017739,0.263027082668877,2.13626759656691,0.376228863017739,0.0370996170244228,0
3.20873885451258,3.01383322242762,-0.783906619812034,0.376491868695504,0.263027082668877,2.13526767804821,0.376491868695505,0.0373015358226396,0
3.2097387731335,3.01476305854924,-0.783538867137523,0.37675487437327,0.263027082668877,2.1342677596815,0.37675487437327,0.0375042201303007,0
3.21073869175441,3.01569279791767,-0.783170869923554,0.377017880051035,0.263027082668877,2.13326784153623,0.377017880051035,0.0377076694369991,0
3.21173861037533,3.01662244046858,-0.782802628195583,0.3772808857288,0.263027082668877,2.1322679236819,0.3772808857288,0.0379118832308419,0
3.21273852899624,3.01755198613768,-0.782434141979082,0.377543891406566,0.263027082668877,2.13126800618815,0.377543891406566,0.0381168609984558,0
3.21373844761715,3.01848143486066,-0.78206541129954,0.377806897084331,0.263027082668877,2.1302680891247,0.377806897084331,0.0383226022249936,0
3.21473836623807,3.01941078657323,-0.781696436182461,0.378069902762096,0.263027082668877,2.12926817256137,0.378069902762096,0.0385291063941404,0
3.21573828485898,3.02034004121111,-0.78132721665337,0.378332908439862,0.263027082668877,2.12826825656808,0.378332908439861,0.0387363729881172,0
3.21673820347989,3.02126919871002,-0.780957752737806,0.378595914117627,0.263027082668877,2.12726834121484,0.378595914117627,0.0389444014876891,0
3.21773812210081,3.02219825900569,-0.780588044461325,0.378858919795392,0.263027082668877,2.12626842657179,0.378858919795392,0.0391531913721707,0
3.21873804072172,3.02312722203386,-0.780218091849501,0.379121925473158,0.263027082668877,2.12526851270913,0.379121925473158,0.0393627421194302,0
3.21973795934264,3.02405609688204,-0.779847917887441,0.379305832602211,0.136459104955523,2.12426859961315,0.379305832602211,0.0395730773668542,0
3.22073787796355,3.02498491791742,-0.779477608920297,0.379442280602249,0.136459104955523,2.12326868701579,0.379442280602249,0.0397842874026262,0
3.22173779658446,3.02591368841623,-0.779107173220828,0.379578728602287,0.136459104955523,2.12226877490731,0.379578728602287,0.0399963803269193,0
3.22273771520538,3.02684240836118,-0.778736610795931,0.379715176602326,0.136459104955523,2.12126886330702,0.379715176602326,0.0402093555382979,0
3.22373763382629,3.02777107773499,-0.778365921652504,0.379851624602364,0.136459104955523,2.12026895223426,0.379851624602364,0.0404232124333708,0
3.22473755244721,3.02869969652035,-0.77799510579745,0.379988072602402,0.136459104955523,2.11926904170842,0.379988072602402,0.0406379504067974,0
3.22573747106812,3.0296282647,-0.777624163237672,0.380124520602441,0.136459104955523,2.1182691317489,0.380124520602441,0.040853568851296,0
3.22673738968903,3.03055678225663,-0.777253093980077,0.380260968602479,0.136459104955523,2.11726922237513,0.380260968602479,0.0410700671576514,0
3.22773730830995,3.03148524917295,-0.776881898031572,0.380397416602517,0.136459104955523,2.11626931360657,0.380397416602517,0.0412874447147237,0
3.22873722693086,3.03241366543169,-0.77651057539907,0.380533864602555,0.136459104955523,2.11526940546271,0.380533864602556,0.0415057009094548,0
3.22973714555177,3.03334203101556,-0.776139126089483,0.380670312602594,0.136459104955523,2.11426949796306,0.380670312602593,0.0417248351268782,0
3.23073706417269,3.03427034590726,-0.775767550109728,0.380806760602632,0.136459104955523,2.11326959112717,0.380806760602632,0.0419448467501253,0
3.2317369827936,3.03519861008953,-0.775395847466721,0.38094320860267,0.136459104955523,2.11226968497461,0.38094320860267,0.0421657351604341,0
3.23273690141452,3.03612682354508,-0.775024018167383,0.381079656602708,0.136459104955523,2.11126977952498,0.381079656602708,0.0423874997371572,0
3.23373682003543,3.03705498625662,-0.774652062218638,0.381216104602747,0.136459104955523,2.11026987479791,0.381216104602747,0.0426101398577687,0
3.23473673865634,3.03798309820687,-0.77427997962741,0.381352552602785,0.136459104955523,2.10926997081306,0.381352552602785,0.0428336548978746,0
3.23573665727726,3.03891115937856,-0.773907770400626,0.381489000602823,0.136459104955523,2.10827006759011,0.381489000602823,0.0430580442312186,0
3.23673657589817,3.0398391697544,-0.773535434545217,0.381625448602862,0.136459104955523,2.10727016514878,0.381625448602862,0.0432833072296903,0
3.23773649451909,3.04076712931713,-0.773162972068115,0.3817618966029,0.136459104955523,2.1062702635088,0.3817618966029,0.0435094432633347,0
3.23873641314,3.04169503804945,-0.772790382976254,0.381898344602938,0.136459104955523,2.10527036268996,0.381898344602938,0.0437364517003588,0
3.23973633176091,3.0426228959341,-0.772417667276571,0.382034792602976,0.136459104955523,2.10427046271205,0.382034792602977,0.04396433190714,0
3.24073625038183,3.04355070295381,-0.772044824976005,0.382171240603015,0.136459104955523,2.10327056359489,0.382171240603015,0.0441930832482342,0
3.24173616900274,3.04447845909128,-0.771671856081499,0.382307688603053,0.136459104955523,2.10227066535836,0.382307688603053,0.0444227050863849,0
3.24273608762365,3.04540616432927,-0.771298760599995,0.382444136603091,0.136459104955523,2.10127076802232,0.382444136603091,0.0446531967825293,0
3.24373600624457,3.04633381865048,-0.77092553853844,0.38258058460313,0.136459104955523,2.10027087160671,0.382580584603129,0.0448845576958078,0
3.24473592486548,3.04726142203766,-0.770552189903784,0.382717032603168,0.136459104955523,2.09927097613145,0.382717032603168,0.0451167871835709,0
3.2457358434864,3.04818897447352,-0.770178714702976,0.382853480603206,0.136459104955523,2.09827108161654,0.382853480603206,0.04534988460139,0
3.24673576210731,3.04911647594081,-0.76980511294297,0.382989928603244,0.136459104955523,2.09727118808197,0.382989928603244,0.045583849303061,0
3.24773568072822,3.05004392642225,-0.769431384630723,0.383126376603283,0.136459104955523,2.09627129554776,0.383126376603283,0.0458186806406173,0
3.24873559934914,3.05097132590058,-0.769057529773192,0.383262824603321,0.136459104955523,2.095271404034,0.383262824603321,0.0460543779643341,0
3.24973551797005,3.05189867435852,-0.768683548377337,0.383399272603359,0.136459104955523,2.09427151356076,0.383399272603359,0.0462909406227385,0
3.25073543659097,3.05282597177882,-0.768309440450121,0.383535720603398,0.136459104955523,2.09327162414816,0.383535720603398,0.0465283679626178,0
3.25173535521188,3.05375321814421,-0.76793520599851,0.383672168603436,0.136459104955523,2.09227173581636,0.383672168603436,0.0467666593290261,0
3.25273527383279,3.05468041343743,-0.767560845029472,0.383808616603474,0.136459104955523,2.09127184858553,0.383808616603474,0.0470058140652937,0
3.25373519245371,3.0556075576412,-0.767186357549974,0.383945064603512,0.136459104955523,2.09027196247589,0.383945064603513,0.0472458315130346,0
3.25473511107462,3.05653465073828,-0.766811743566992,0.384081512603551,0.136459104955523,2.08927207750767,0.384081512603551,0.0474867110121558,0
3.25573502969554,3.0574616927114,-0.766437003087498,0.384217960603589,0.136459104955523,2.08827219370114,0.384217960603589,0.0477284519008642,0
3.25673494831645,3.05838868354331,-0.766062136118469,0.384354408603627,0.136459104955523,2.08727231107661,0.384354408603627,0.0479710535156751,0
3.25773486693736,3.05931562321673,-0.765687142666886,0.384490856603665,0.136459104955523,2.08627242965439,0.384490856603665,0.0482145151914203,0
3.25873478555828,3.06024251171442,-0.765312022739729,0.384627304603704,0.136459104955523,2.08527254945486,0.384627304603704,0.0484588362612572,0
3.25973470417919,3.06116934901912,-0.764936776343983,0.384763752603742,0.136459104955523,2.08427267049839,0.384763752603742,0.0487040160566756,0
3.26073462280011,3.06209613511357,-0.764561403486634,0.38490020060378,0.136459104955523,2.0832727928054,0.38490020060378,0.0489500539075074,0
3.26173454142102,3.06302286998051,-0.76418590417467,0.385036648603819,0.136459104955523,2.08227291639636,0.385036648603819,0.0491969491419327,0
3.26273446004193,3.0639495536027,-0.763810278415084,0.385173096603857,0.136459104955523,2.08127304129172,0.385173096603857,0.0494447010864905,0
3.26373437866285,3.06487618596288,-0.763434526214867,0.385309544603895,0.136459104955523,2.08027316751202,0.385309544603895,0.0496933090660853,0
3.26473429728376,3.0658027670438,-0.763058647581017,0.385445992603933,0.136459104955523,2.07927329507778,0.385445992603934,0.0499427724039958,0
3.26573421590467,3.0667292968282,-0.76268264252053,0.385582440603972,0.136459104955523,2.07827342400957,0.385582440603972,0.0501930904218834,0
3.26673413452559,3.06765577529884,-0.762306511040408,0.38571888860401,0.136459104955523,2.07727355432801,0.38571888860401,0.0504442624397984,0
3.2677340531465,3.06858220243847,-0.761930253147654,0.385855336604048,0.136459104955523,2.07627368605371,0.385855336604048,0.0506962877761918,0
3.26873397176742,3.06950857822984,-0.761553868849272,0.385991784604087,0.136459104955523,2.07527381920735,0.385991784604086,0.0509491657479211,0
3.26973389038833,3.0704349026557,-0.76117735815227,0.386128232604125,0.136459104955523,2.07427395380962,0.386128232604125,0.0512028956702588,0
3.27073380900924,3.0713611756988,-0.760800721063658,0.386264680604163,0.136459104955523,2.07327408988124,0.386264680604163,0.0514574768569012,0
3.27173372763016,3.07228739734191,-0.760423957590449,0.386401128604201,0.136459104955523,2.07227422744297,0.386401128604201,0.0517129086199758,0
3.27273364625107,3.07321356756777,-0.760047067739657,0.38653757660424,0.136459104955523,2.0712743665156,0.38653757660424,0.051969190270051,0
3.27373356487198,3.07413968635914,-0.759670051518298,0.386674024604278,0.136459104955523,2.07027450711994,0.386674024604278,0.0522263211161424,0
3.2747334834929,3.07506575369878,-0.759292908933393,0.386810472604316,0.136459104955523,2.06927464927684,0.386810472604316,0.0524843004657231,0
3.27573340211381,3.07599176956945,-0.758915639991962,0.386946920604355,0.136459104955523,2.06827479300718,0.386946920604355,0.0527431276247304,0
3.27673332073473,3.0769177339539,-0.75853824470103,0.387083368604393,0.136459104955523,2.06727493833189,0.387083368604393,0.0530028018975748,0
3.27773323935564,3.07784364683491,-0.758160723067623,0.387219816604431,0.136459104955523,2.06627508527189,0.387219816604431,0.0532633225871477,0
3.27873315797655,3.07876950819522,-0.757783075098771,0.387356264604469,0.136459104955523,2.06527523384816,0.387356264604469,0.0535246889948305,0
3.27973307659747,3.07969531801761,-0.757405300801503,0.387492712604508,0.136459104955523,2.06427538408172,0.387492712604508,0.0537869004205023,0
3.28073299521838,3.08062107628482,-0.757027400182854,0.387629160604546,0.136459104955523,2.06327553599359,0.387629160604546,0.0540499561625477,0
3.2817329138393,3.08154678297964,-0.756649373249859,0.387765608604584,0.136459104955523,2.06227568960485,0.387765608604584,0.0543138555178662,0
3.28273283246021,3.08247243808482,-0.756271220009556,0.387902056604623,0.136459104955523,2.0612758449366,0.387902056604623,0.0545785977818803,0
3.28373275108112,3.08339804158313,-0.755892940468986,0.388038504604661,0.136459104955523,2.06027600200998,0.388038504604661,0.0548441822485422,0
3.28473266970204,3.08432359345734,-0.755514534635192,0.388174952604699,0.136459104955523,2.05927616084614,0.388174952604699,0.0551106082103433,0
3.28573258832295,3.08524909369022,-0.755136002515218,0.388311400604737,0.136459104955523,2.05827632146629,0.388311400604737,0.0553778749583238,0
3.28673250694387,3.08617454226452,-0.754757344116113,0.388447848604776,0.136459104955523,2.05727648389166,0.388447848604776,0.0556459817820777,0
3.28773242556478,3.08709993916303,-0.754378559444926,0.388584296604814,0.136459104955523,2.0562766481435,0.388584296604814,0.055914927969764,0
3.28873234418569,3.08802528436852,-0.75399964850871,0.388720744604852,0.136459104955523,2.05527681424312,0.388720744604852,0.0561847128081137,0
3.28973226280661,3.08895057786375,-0.753620611314519,0.38885719260489,0.136459104955523,2.05427698221183,0.38885719260489,0.0564553355824379,0
3.29073218142752,3.0898758196315,-0.753241447869409,0.388993640604929,0.136459104955523,2.05327715207101,0.388993640604929,0.0567267955766366,0
3.29173210004843,3.09080100965455,-0.752862158180441,0.389130088604967,0.136459104955523,2.05227732384203,0.389130088604967,0.0569990920732071,0
3.29273201866935,3.09172614791566,-0.752482742254676,0.389266536605005,0.136459104955523,2.05127749754633,0.389266536605005,0.0572722243532513,0
3.29373193729026,3.09265123439762,-0.752103200099178,0.389402984605044,0.136459104955523,2.05027767320535,0.389402984605043,0.0575461916964849,0
3.29473185591118,3.09357626908319,-0.751723531721013,0.389539432605082,0.136459104955523,2.0492778508406,0.389539432605082,0.057820993381245,0
3.29573177453209,3.09450125195517,-0.75134373712725,0.38967588060512,0.136459104955523,2.04827803047359,0.38967588060512,0.0580966286844995,0
3.296731693153,3.09542618299632,-0.750963816324959,0.389812328605158,0.136459104955523,2.04727821212587,0.389812328605158,0.0583730968818531,0
3.29773161177392,3.09635106218943,-0.750583769321216,0.389948776605197,0.136459104955523,2.04627839581904,0.389948776605197,0.0586503972475592,0
3.29873153039483,3.09727588951727,-0.750203596123094,0.390085224605235,0.136459104955523,2.04527858157472,0.390085224605235,0.0589285290545235,0
3.29973144901574,3.09820066496264,-0.749823296737672,0.390221672605273,0.136459104955523,2.04427876941456,0.390221672605273,0.0592074915743162,0
3.30073136763666,3.0991253885083,-0.749442871172031,0.390358120605311,0.136459104955523,2.04327895936025,0.390358120605311,0.0594872840771786,0
3.30173128625757,3.10005006013705,-0.749062319433254,0.39049456860535,0.136459104955523,2.0422791514335,0.39049456860535,0.0597679058320313,0
3.30273120487849,3.10097467983167,-0.748681641528425,0.390631016605388,0.136459104955523,2.04127934565608,0.390631016605388,0.0600493561064823,0
3.3037311234994,3.10189924757494,-0.748300837464631,0.390767464605426,0.136459104955523,2.04027954204978,0.390767464605426,0.0603316341668363,0
3.30473104212031,3.10282376334965,-0.747919907248964,0.390903912605465,0.136459104955523,2.0392797406364,0.390903912605465,0.0606147392781016,0
3.30573096074123,3.10374822713859,-0.747538850888515,0.391040360605503,0.136459104955523,2.03827994143782,0.391040360605503,0.0608986707039991,0
3.30673087936214,3.10467263892455,-0.747157668390378,0.391176808605541,0.136459104955523,2.03728014447591,0.391176808605541,0.0611834277069705,0
3.30773079798306,3.10559699869031,-0.746776359761651,0.391313256605579,0.136459104955523,2.0362803497726,0.39131325660558,0.0614690095481863,0
3.30873071660397,3.10652130641866,-0.746394925009432,0.391449704605618,0.136459104955523,2.03528055734985,0.391449704605618,0.0617554154875546,0
3.30973063522488,3.10744556209241,-0.746013364140824,0.391586152605656,0.136459104955523,2.03428076722965,0.391586152605656,0.0620426447837275,0
3.3107305538458,3.10836976569433,-0.74563167716293,0.391722600605694,0.136459104955523,2.03328097943401,0.391722600605694,0.0623306966941124,0
3.31173047246671,3.10929391720722,-0.745249864082856,0.391859048605733,0.136459104955523,2.03228119398501,0.391859048605733,0.0626195704748771,0
3.31273039108763,3.11021801661388,-0.744867924907711,0.391995496605771,0.136459104955523,2.03128141090472,0.391995496605771,0.0629092653809599,0
3.31373030970854,3.1111420638971,-0.744485859644607,0.392131944605809,0.136459104955523,2.03028163021529,0.392131944605809,0.063199780666077,0
3.31473022832945,3.11206605903968,-0.744103668300655,0.392268392605848,0.136459104955523,2.02928185193887,0.392268392605847,0.0634911155827321,0
3.31573014695037,3.11299000202441,-0.743721350882973,0.392404840605886,0.136459104955523,2.02828207609766,0.392404840605886,0.0637832693822213,0
3.31673006557128,3.1139138928341,-0.743338907398677,0.392541288605924,0.136459104955523,2.02728230271388,0.392541288605924,0.0640762413146453,0
3.31772998419219,3.11483773145153,-0.742956337854889,0.392677736605962,0.136459104955523,2.0262825318098,0.392677736605962,0.0643700306289153,0
3.31872990281311,3.11576151785952,-0.742573642258731,0.392814184606001,0.136459104955523,2.02528276340773,0.392814184606001,0.0646646365727607,0
3.31972982143402,3.11668525204086,-0.742190820617328,0.392950632606039,0.136459104955523,2.02428299753,0.392950632606039,0.064960058392739,0
3.32072974005494,3.11760893397835,-0.741807872937807,0.393087080606077,0.136459104955523,2.02328323419897,0.393087080606077,0.0652562953342429,0
3.32172965867585,3.1185325636548,-0.741424799227299,0.393223528606115,0.136459104955523,2.02228347343705,0.393223528606116,0.0655533466415088,0
3.32272957729676,3.11945614105301,-0.741041599492935,0.393359976606154,0.136459104955523,2.02128371526668,0.393359976606154,0.0658512115576243,0
3.32372949591768,3.12037966615578,-0.74065827374185,0.393496424606192,0.136459104955523,2.02028395971034,0.393496424606192,0.0661498893245371,0
3.32472941453859,3.12130313894593,-0.74027482198118,0.39363287260623,0.136459104955523,2.01928420679054,0.39363287260623,0.0664493791830635,0
3.32572933315951,3.12222655940625,-0.739891244218065,0.393769320606269,0.136459104955523,2.01828445652981,0.393769320606268,0.0667496803728951,0
3.32672925178042,3.12314992751956,-0.739507540459646,0.393905768606307,0.136459104955523,2.01728470895075,0.393905768606307,0.0670507921326079,0
3.32772917040133,3.12407324326866,-0.739123710713067,0.394042216606345,0.136459104955523,2.01628496407597,0.394042216606345,0.0673527136996708,0
3.32872908902225,3.12499650663637,-0.738739754985474,0.394178664606383,0.136459104955523,2.01528522192811,0.394178664606383,0.0676554443104523,0
3.32972900764316,3.12591971760549,-0.738355673284016,0.394315112606422,0.136459104955523,2.01428548252987,0.394315112606422,0.0679589832002302,0
3.33072892626407,3.12684287615883,-0.737971465615842,0.39445156060646,0.136459104955523,2.01328574590397,0.39445156060646,0.0682633296031989,0
3.33172884488499,3.12776598227922,-0.737587131988108,0.394588008606498,0.136459104955523,2.01228601207317,0.394588008606498,0.0685684827524766,0
3.3327287635059,3.12868903594945,-0.737202672407968,0.394724456606536,0.136459104955523,2.01128628106026,0.394724456606537,0.0688744418801153,0
3.33372868212682,3.12961203715236,-0.73681808688258,0.394860904606575,0.136459104955523,2.01028655288808,0.394860904606575,0.0691812062171082,0
3.33472860074773,3.13053498587074,-0.736433375419105,0.394997352606613,0.136459104955523,2.0092868275795,0.394997352606613,0.0694887749933962,0
3.33572851936864,3.13145788208743,-0.736048538024704,0.395133800606651,0.136459104955523,2.0082871051574,0.395133800606651,0.0697971474378783,0
3.33672843798956,3.13238072578523,-0.735663574706544,0.39527024860669,0.136459104955523,2.00728738564475,0.395270248606689,0.0701063227784176,0
3.33772835661047,3.13330351694696,-0.73527848547179,0.395406696606728,0.136459104955523,2.0062876690645,0.395406696606728,0.0704163002418514,0
3.33872827523139,3.13422625555545,-0.734893270327613,0.395543144606766,0.136459104955523,2.00528795543968,0.395543144606766,0.070727079053997,0
3.3397281938523,3.13514894159352,-0.734507929281185,0.395679592606804,0.136459104955523,2.00428824479333,0.395679592606804,0.0710386584396616,0
3.34072811247321,3.13607157504398,-0.734122462339679,0.395816040606843,0.136459104955523,2.00328853714854,0.395816040606843,0.0713510376226495,0
3.34172803109413,3.13699415588965,-0.733736869510274,0.395952488606881,0.136459104955523,2.00228883252843,0.395952488606881,0.0716642158257695,0
3.34272794971504,3.13791668411337,-0.733351150800147,0.396088936606919,0.136459104955523,2.00128913095615,0.396088936606919,0.0719781922708443,0
3.34372786833596,3.13883915969796,-0.73296530621648,0.396225384606958,0.136459104955523,2.00028943245492,0.396225384606958,0.0722929661787171,0
3.34472778695687,3.13976158262623,-0.732579335766456,0.396361832606996,0.136459104955523,1.99928973704796,0.396361832606996,0.0726085367692603,0
3.34572770557778,3.14068395288102,-0.732193239457262,0.396498280607034,0.136459104955523,1.99829004475853,0.396498280607034,0.0729249032613841,0
3.3467276241987,3.14160627044516,-0.731807017296087,0.396634728607072,0.136459104955523,1.99729035560995,0.396634728607073,0.0732420648730425,0
3.34772754281961,3.14252853530147,-0.731420669290119,0.396771176607111,0.136459104955523,1.99629066962557,0.396771176607111,0.0735600208212435,0
3.34872746144052,3.14345075662425,-0.731034217378761,0.396851666300484,0.0706204437126961,1.99529098631193,0.396851666300484,0.0738787928581767,0
3.34972738006144,3.14437295036931,-0.730647699662978,0.396922280997169,0.0706204437126961,1.99429130478572,0.396922280997169,0.0741984193122291,0
3.35072729868235,3.14529511681823,-0.730261116827726,0.396992895693855,0.0706204437126961,1.99329162503854,0.396992895693855,0.0745189000424437,0
3.35172721730327,3.14621725596643,-0.729874468874935,0.39706351039054,0.0706204437126961,1.99229194707806,0.39706351039054,0.0748402342046871,0
3.35272713592418,3.1471393678093,-0.729487755806531,0.397134125087226,0.0706204437126961,1.99129227091198,0.397134125087226,0.075162420953693,0
3.35372705454509,3.14806145234224,-0.729100977624443,0.397204739783911,0.0706204437126961,1.99029259654797,0.397204739783911,0.0754854594430692,0
3.35472697316601,3.14898350956067,-0.7287141343306,0.397275354480597,0.0706204437126961,1.98929292399374,0.397275354480597,0.0758093488253088,0
3.35572689178692,3.14990553945997,-0.728327225926931,0.397345969177282,0.0706204437126961,1.98829325325701,0.397345969177282,0.0761340882517969,0
3.35672681040784,3.15082754203555,-0.727940252415364,0.397416583873968,0.0706204437126961,1.98729358434551,0.397416583873968,0.0764596768728224,0
3.35772672902875,3.15174951728281,-0.727553213797831,0.397487198570653,0.0706204437126961,1.98629391726699,0.397487198570654,0.076786113837586,0
3.35872664764966,3.15267146519717,-0.72716611007626,0.397557813267339,0.0706204437126961,1.98529425202921,0.397557813267339,0.0771133982942089,0
3.35972656627058,3.15359338577401,-0.726778941252581,0.397628427964025,0.0706204437126961,1.98429458863993,0.397628427964024,0.0774415293897425,0
3.36072648489149,3.15451527900875,-0.726391707328727,0.39769904266071,0.0706204437126961,1.98329492710694,0.39769904266071,0.0777705062701777,0
3.3617264035124,3.15543714489678,-0.726004408306626,0.397769657357396,0.0706204437126961,1.98229526743803,0.397769657357395,0.078100328080455,0
3.36272632213332,3.15635898343351,-0.725617044188212,0.397840272054081,0.0706204437126961,1.98129560964102,0.397840272054081,0.0784309939644716,0
3.36372624075423,3.15728079461434,-0.725229614975414,0.397910886750767,0.0706204437126961,1.98029595372372,0.397910886750767,0.0787625030650918,0
3.36472615937515,3.15820257843468,-0.724842120670165,0.397981501447452,0.0706204437126961,1.97929629969398,0.397981501447452,0.0790948545241557,0
3.36572607799606,3.15912433488992,-0.724454561274398,0.398052116144138,0.0706204437126961,1.97829664755965,0.398052116144138,0.0794280474824893,0
3.36672599661697,3.16004606397548,-0.724066936790045,0.398122730840823,0.0706204437126961,1.97729699732859,0.398122730840823,0.0797620810799129,0
3.36772591523789,3.16096776568675,-0.723679247219038,0.398193345537509,0.0706204437126961,1.97629734900867,0.398193345537509,0.0800969544552489,0
3.3687258338588,3.16188944001915,-0.723291492563311,0.398263960234194,0.0706204437126961,1.97529770260778,0.398263960234194,0.0804326667463334,0
3.36972575247972,3.16281108696807,-0.722903672824798,0.39833457493088,0.0706204437126961,1.97429805813383,0.39833457493088,0.0807692170900235,0
3.37072567110063,3.16373270652892,-0.722515788005431,0.398405189627565,0.0706204437126961,1.97329841559474,0.398405189627566,0.081106604622207,0
3.37172558972154,3.1646542986971,-0.722127838107146,0.398475804324251,0.0706204437126961,1.97229877499843,0.398475804324251,0.0814448284778105,0
3.37272550834246,3.16557586346802,-0.721739823131877,0.398546419020937,0.0706204437126961,1.97129913635286,0.398546419020937,0.0817838877908106,0
3.37372542696337,3.16649740083709,-0.721351743081559,0.398617033717622,0.0706204437126961,1.97029949966597,0.398617033717622,0.0821237816942408,0
3.37472534558428,3.1674189107997,-0.720963597958126,0.398687648414308,0.0706204437126961,1.96929986494574,0.398687648414308,0.0824645093202003,0
3.3757252642052,3.16834039335126,-0.720575387763515,0.398758263110993,0.0706204437126961,1.96830023220015,0.398758263110993,0.0828060697998657,0
3.37672518282611,3.16926184848718,-0.720187112499661,0.398828877807679,0.0706204437126961,1.9673006014372,0.398828877807679,0.0831484622634967,0
3.37772510144703,3.17018327620286,-0.7197987721685,0.398899492504364,0.0706204437126961,1.96630097266491,0.398899492504364,0.0834916858404471,0
3.37872502006794,3.17110467649372,-0.719410366771968,0.39897010720105,0.0706204437126961,1.9653013458913,0.39897010720105,0.0838357396591732,0
3.37972493868885,3.17202604935514,-0.719021896312003,0.399040721897735,0.0706204437126961,1.9643017211244,0.399040721897735,0.084180622847243,0
3.38072485730977,3.17294739478254,-0.718633360790542,0.399111336594421,0.0706204437126961,1.96330209837228,0.399111336594421,0.0845263345313428,0
3.38172477593068,3.17386871277133,-0.718244760209521,0.399181951291106,0.0706204437126961,1.962302477643,0.399181951291106,0.0848728738372911,0
3.3827246945516,3.17479000331691,-0.717856094570879,0.399252565987792,0.0706204437126961,1.96130285894464,0.399252565987792,0.0852202398900421,0
3.38372461317251,3.17571126641469,-0.717467363876554,0.399323180684477,0.0706204437126961,1.9603032422853,0.399323180684477,0.0855684318136981,0
3.38472453179342,3.17663250206007,-0.717078568128483,0.399393795381163,0.0706204437126961,1.95930362767309,0.399393795381163,0.0859174487315163,0
3.38572445041434,3.17755371024846,-0.716689707328606,0.399464410077848,0.0706204437126961,1.95830401511612,0.399464410077849,0.0862672897659192,0
3.38672436903525,3.17847489097526,-0.716300781478862,0.399535024774534,0.0706204437126961,1.95730440462255,0.399535024774534,0.0866179540385023,0
3.38772428765616,3.17939604423589,-0.715911790581191,0.399605639471219,0.0706204437126961,1.95630479620051,0.399605639471219,0.0869694406700429,0
3.38872420627708,3.18031717002574,-0.715522734637531,0.399676254167905,0.0706204437126961,1.95530518985817,0.399676254167905,0.0873217487805104,0
3.38972412489799,3.18123826834023,-0.715133613649823,0.399746868864591,0.0706204437126961,1.95430558560372,0.39974686886459,0.0876748774890725,0
3.39072404351891,3.18215933917477,-0.714744427620007,0.399817483561276,0.0706204437126961,1.95330598344534,0.399817483561276,0.0880288259141069,0
3.39172396213982,3.18308038252475,-0.714355176550023,0.399888098257962,0.0706204437126961,1.95230638339125,0.399888098257962,0.0883835931732068,0
3.39272388076073,3.1840013983856,-0.713965860441814,0.399958712954647,0.0706204437126961,1.95130678544966,0.399958712954647,0.0887391783831925,0
3.39372379938165,3.1849223867527,-0.713576479297319,0.400029327651333,0.0706204437126961,1.95030718962882,0.400029327651333,0.0890955806601188,0
3.39472371800256,3.18584334762148,-0.713187033118481,0.400099942348018,0.0706204437126961,1.94930759593697,0.400099942348018,0.0894527991192832,0
3.39572363662348,3.18676428098734,-0.712797521907242,0.400170557044704,0.0706204437126961,1.94830800438238,0.400170557044704,0.0898108328752355,0
3.39672355524439,3.18768518684569,-0.712407945665544,0.400241171741389,0.0706204437126961,1.94730841497333,0.400241171741389,0.090169681041786,0
3.3977234738653,3.18860606519193,-0.712018304395329,0.400311786438075,0.0706204437126961,1.94630882771811,0.400311786438075,0.0905293427320147,0
3.39872339248622,3.18952691602148,-0.71162859809854,0.40038240113476,0.0706204437126961,1.94530924262503,0.400382401134761,0.0908898170582786,0
3.39972331110713,3.19044773932974,-0.711238826777121,0.400453015831446,0.0706204437126961,1.94430965970242,0.400453015831446,0.091251103132222,0
3.40072322972805,3.19136853511212,-0.710848990433016,0.400523630528131,0.0706204437126961,1.94331007895861,0.400523630528132,0.0916132000647828,0
3.40172314834896,3.19228930336403,-0.710459089068167,0.400594245224817,0.0706204437126961,1.94231050040195,0.400594245224817,0.0919761069662037,0
3.40272306696987,3.19321004408088,-0.71006912268452,0.400664859921503,0.0706204437126961,1.94131092404081,0.400664859921502,0.0923398229460398,0
3.40372298559079,3.19413075725807,-0.709679091284019,0.400735474618188,0.0706204437126961,1.94031134988357,0.400735474618188,0.0927043471131651,0
3.4047229042117,3.19505144289102,-0.709288994868608,0.400806089314874,0.0706204437126961,1.93931177793863,0.400806089314873,0.093069678575784,0
3.40572282283261,3.19597210097514,-0.708898833440234,0.400876704011559,0.0706204437126961,1.9383122082144,0.400876704011559,0.0934358164414387,0
3.40672274145353,3.19689273150582,-0.708508607000841,0.400947318708245,0.0706204437126961,1.9373126407193,0.400947318708245,0.093802759817016,0
3.40772266007444,3.19781333447849,-0.708118315552375,0.40101793340493,0.0706204437126961,1.93631307546178,0.40101793340493,0.0941705078087587,0
3.40872257869536,3.19873390988856,-0.707727959096782,0.401088548101616,0.0706204437126961,1.93531351245029,0.401088548101616,0.0945390595222719,0
3.40972249731627,3.19965445773142,-0.70733753763601,0.401159162798301,0.0706204437126961,1.93431395169329,0.401159162798301,0.0949084140625316,0
3.41072241593718,3.2005749780025,-0.706947051172004,0.401229777494987,0.0706204437126961,1.93331439319928,0.401229777494987,0.0952785705338942,0
3.4117223345581,3.2014954706972,-0.706556499706713,0.401300392191672,0.0706204437126961,1.93231483697676,0.401300392191672,0.0956495280401037,0
3.41272225317901,3.20241593581093,-0.706165883242082,0.401371006888358,0.0706204437126961,1.93131528303423,0.401371006888358,0.0960212856843016,0
3.41372217179993,3.2033363733391,-0.705775201780061,0.401441621585043,0.0706204437126961,1.93031573138023,0.401441621585044,0.0963938425690322,0
3.41472209042084,3.20425678327712,-0.705384455322597,0.401512236281729,0.0706204437126961,1.92931618202331,0.401512236281729,0.096767197796254,0
3.41572200904175,3.20517716562041,-0.704993643871638,0.401582850978415,0.0706204437126961,1.92831663497201,0.401582850978414,0.0971413504673475,0
3.41672192766267,3.20609752036437,-0.704602767429134,0.4016534656751,0.0706204437126961,1.92731709023493,0.4016534656751,0.0975162996831215,0
3.41772184628358,3.20701784750441,-0.704211825997034,0.401724080371786,0.0706204437126961,1.92631754782065,0.401724080371785,0.0978920445438235,0
3.41872176490449,3.20793814703595,-0.703820819577286,0.401794695068471,0.0706204437126961,1.92531800773778,0.401794695068471,0.098268584149147,0
3.41972168352541,3.2088584189544,-0.703429748171841,0.401865309765157,0.0706204437126961,1.92431846999493,0.401865309765157,0.0986459175982395,0
3.42072160214632,3.20977866325516,-0.703038611782649,0.401935924461842,0.0706204437126961,1.92331893460075,0.401935924461842,0.0990240439897113,0
3.42172152076724,3.21069887993365,-0.70264741041166,0.402006539158528,0.0706204437126961,1.92231940156388,0.402006539158528,0.0994029624216437,0
3.42272143938815,3.21161906898528,-0.702256144060825,0.402077153855213,0.0706204437126961,1.92131987089299,0.402077153855213,0.0997826719915959,0
3.42372135800906,3.21253923040546,-0.701864812732094,0.402147768551899,0.0706204437126961,1.92032034259676,0.402147768551899,0.100163171796615,0
3.42472127662998,3.2134593641896,-0.701473416427419,0.402218383248584,0.0706204437126961,1.9193208166839,0.402218383248584,0.100544460933242,0
3.42572119525089,3.21437947033312,-0.701081955148753,0.40228899794527,0.0706204437126961,1.91832129316312,0.40228899794527,0.100926538497522,0
3.42672111387181,3.21529954883143,-0.700690428898046,0.402359612641955,0.0706204437126961,1.91732177204314,0.402359612641956,0.101309403585012,0
3.42772103249272,3.21621959967993,-0.700298837677251,0.402430227338641,0.0706204437126961,1.9163222533327,0.402430227338641,0.101693055290786,0
3.42872095111363,3.21713962287405,-0.699907181488321,0.402500842035326,0.0706204437126961,1.91532273704058,0.402500842035327,0.102077492709448,0
3.42972086973455,3.21805961840918,-0.699515460333209,0.402571456732012,0.0706204437126961,1.91432322317555,0.402571456732012,0.102462714935135,0
3.43072078835546,3.21897958628076,-0.699123674213868,0.402642071428698,0.0706204437126961,1.91332371174639,0.402642071428697,0.102848721061529,0
3.43172070697638,3.21989952648418,-0.698731823132251,0.402712686125383,0.0706204437126961,1.91232420276191,0.402712686125383,0.103235510181863,0
3.43272062559729,3.22081943901486,-0.698339907090313,0.402783300822069,0.0706204437126961,1.91132469623094,0.402783300822068,0.103623081388927,0
3.4337205442182,3.22173932386822,-0.697947926090008,0.402853915518754,0.0706204437126961,1.91032519216232,0.402853915518754,0.104011433775081,0
3.43472046283912,3.22265918103966,-0.697555880133291,0.40292453021544,0.0706204437126961,1.9093256905649,0.40292453021544,0.104400566432259,0
3.43572038146003,3.2235790105246,-0.697163769222116,0.402995144912125,0.0706204437126961,1.90832619144756,0.402995144912125,0.104790478451977,0
3.43672030008094,3.22449881231846,-0.696771593358438,0.403065759608811,0.0706204437126961,1.90732669481917,0.403065759608811,0.105181168925343,0
3.43772021870186,3.22541858641665,-0.696379352544213,0.403136374305496,0.0706204437126961,1.90632720068864,0.403136374305496,0.105572636943062,0
3.43872013732277,3.22633833281457,-0.695987046781398,0.403206989002182,0.0706204437126961,1.9053277090649,0.403206989002182,0.105964881595448,0
3.43972005594369,3.22725805150765,-0.695594676071947,0.403277603698867,0.0706204437126961,1.90432821995687,0.403277603698867,0.106357901972427,0
3.4407199745646,3.2281777424913,-0.695202240417819,0.403348218395553,0.0706204437126961,1.9033287333735,0.403348218395553,0.106751697163547,0
3.44171989318551,3.22909740576093,-0.694809739820969,0.403418833092238,0.0706204437126961,1.90232924932377,0.403418833092239,0.107146266257986,0
3.44271981180643,3.23001704131196,-0.694417174283355,0.403489447788924,0.0706204437126961,1.90132976781666,0.403489447788924,0.107541608344561,0
3.44371973042734,3.2309366491398,-0.694024543806934,0.403560062485609,0.0706204437126961,1.90033028886116,0.403560062485609,0.107937722511732,0
3.44471964904826,3.23185622923986,-0.693631848393665,0.403630677182295,0.0706204437126961,1.8993308124663,0.403630677182295,0.108334607847612,0
3.44571956766917,3.23277578160756,-0.693239088045504,0.403701291878981,0.0706204437126961,1.8983313386411,0.40370129187898,0.108732263439975,0
3.44671948629008,3.23369530623832,-0.692846262764412,0.403771906575666,0.0706204437126961,1.89733186739462,0.403771906575666,0.109130688376264,0
3.447719404911,3.23461480312755,-0.692453372552346,0.403842521272352,0.0706204437126961,1.89633239873592,0.403842521272352,0.109529881743597,0
3.44871932353191,3.23553427227066,-0.692060417411265,0.403913135969037,0.0706204437126961,1.89533293267407,0.403913135969037,0.109929842628774,0
3.44971924215282,3.23645371366307,-0.69166739734313,0.403983750665723,0.0706204437126961,1.89433346921819,0.403983750665723,0.110330570118287,0
3.45071916077374,3.23737312730019,-0.6912743123499,0.404054365362408,0.0706204437126961,1.89333400837737,0.404054365362408,0.110732063298327,0
3.45171907939465,3.23829251317745,-0.690881162433535,0.404124980059094,0.0706204437126961,1.89233455016076,0.404124980059094,0.11113432125479,0
3.45271899801557,3.23921187129025,-0.690487947595995,0.404195594755779,0.0706204437126961,1.89133509457751,0.404195594755779,0.111537343073285,0
3.45371891663648,3.24013120163401,-0.690094667839241,0.404266209452465,0.0706204437126961,1.89033564163677,0.404266209452465,0.111941127839144,0
3.45471883525739,3.24105050420415,-0.689701323165234,0.40433682414915,0.0706204437126961,1.88933619134773,0.404336824149151,0.112345674637426,0
3.45571875387831,3.24196977899609,-0.689307913575936,0.404407438845836,0.0706204437126961,1.88833674371958,0.404407438845836,0.112750982552923,0
3.45671867249922,3.24288902600523,-0.688914439073309,0.404478053542521,0.0706204437126961,1.88733729876155,0.404478053542522,0.113157050670175,0
3.45771859112014,3.243808245227,-0.688520899659313,0.404548668239207,0.0706204437126961,1.88633785648286,0.404548668239207,0.11356387807347,0
3.45871850974105,3.24472743665681,-0.688127295335913,0.404619282935892,0.0706204437126961,1.88533841689276,0.404619282935892,0.113971463846855,0
3.45971842836196,3.24564660029007,-0.687733626105069,0.404689897632578,0.0706204437126961,1.88433898000052,0.404689897632578,0.114379807074141,0
3.46071834698288,3.24656573612222,-0.687339891968747,0.404760512329264,0.0706204437126961,1.88333954581542,0.404760512329263,0.114788906838912,0
3.46171826560379,3.24748484414865,-0.686946092928908,0.404831127025949,0.0706204437126961,1.88234011434676,0.404831127025949,0.115198762224533,0
3.4627181842247,3.24840392436479,-0.686552228987516,0.404901741722635,0.0706204437126961,1.88134068560385,0.404901741722635,0.115609372314154,0
3.46371810284562,3.24932297676606,-0.686158300146535,0.40497235641932,0.0706204437126961,1.88034125959604,0.40497235641932,0.116020736190722,0
3.46471802146653,3.25024200134788,-0.685764306407931,0.405042971116006,0.0706204437126961,1.87934183633267,0.405042971116006,0.116432852936984,0
3.46571794008745,3.25116099810565,-0.685370247773666,0.405113585812691,0.0706204437126961,1.8783424158231,0.405113585812691,0.116845721635494,0
3.46671785870836,3.2520799670348,-0.684976124245707,0.405184200509377,0.0706204437126961,1.87734299807673,0.405184200509377,0.117259341368627,0
3.46771777732927,3.25299890813074,-0.684581935826018,0.405254815206062,0.0706204437126961,1.87634358310296,0.405254815206062,0.117673711218577,0
3.46871769595019,3.2539178213889,-0.684187682516565,0.405325429902748,0.0706204437126961,1.87534417091121,0.405325429902748,0.118088830267369,0
3.4697176145711,3.25483670680469,-0.683793364319315,0.405396044599433,0.0706204437126961,1.87434476151092,0.405396044599433,0.118504697596865,0
3.47071753319202,3.25575556437353,-0.683398981236232,0.405466659296119,0.0706204437126961,1.87334535491153,0.405466659296119,0.118921312288774,0
3.47171745181293,3.25667439409084,-0.683004533269284,0.405537273992804,0.0706204437126961,1.87234595112253,0.405537273992804,0.119338673424654,0
3.47271737043384,3.25759319595203,-0.682610020420439,0.40560788868949,0.0706204437126961,1.8713465501534,0.40560788868949,0.119756780085921,0
3.47371728905476,3.25851196995253,-0.682215442691661,0.405678503386176,0.0706204437126961,1.87034715201366,0.405678503386175,0.120175631353859,0
3.47471720767567,3.25943071608775,-0.681820800084921,0.405749118082861,0.0706204437126961,1.86934775671282,0.405749118082861,0.120595226309623,0
3.47571712629659,3.26034943435311,-0.681426092602185,0.405819732779547,0.0706204437126961,1.86834836426043,0.405819732779547,0.121015564034247,0
3.4767170449175,3.26126812478223,-0.681031320334309,0.405887767293428,0.0362152050404919,1.8673489746629,0.405887767293428,0.121436643696389,0
3.47771696353841,3.26218679510452,-0.680636501277936,0.405923979551308,0.0362152050404919,1.86634958729091,0.405923979551308,0.121858482131246,0
3.47871688215933,3.26310545112893,-0.680241648954695,0.405960191809188,0.0362152050404919,1.86535020167009,0.405960191809188,0.122281091733231,0
3.47971680078024,3.26402409285423,-0.679846763365104,0.405996404067068,0.0362152050404919,1.86435081780457,0.405996404067068,0.122704471545784,0
3.48071671940115,3.26494272027924,-0.679451844509681,0.406032616324948,0.0362152050404919,1.86335143569849,0.406032616324949,0.123128620612194,0
3.48171663802207,3.26586133340274,-0.679056892388944,0.406068828582829,0.0362152050404919,1.86235205535598,0.406068828582828,0.123553537975591,0
3.48271655664298,3.26677993222353,-0.67866190700341,0.406105040840709,0.0362152050404919,1.86135267678121,0.406105040840709,0.123979222678968,0
3.4837164752639,3.2676985167404,-0.678266888353598,0.406141253098589,0.0362152050404919,1.86035329997833,0.406141253098589,0.124405673765177,0
3.48471639388481,3.26861708695216,-0.677871836440025,0.406177465356469,0.0362152050404919,1.85935392495151,0.406177465356469,0.124832890276943,0
3.48571631250572,3.26953564285759,-0.67747675126321,0.40621367761435,0.0362152050404919,1.85835455170494,0.40621367761435,0.12526087125687,0
3.48671623112664,3.27045418445549,-0.677081632823671,0.40624988987223,0.0362152050404919,1.85735518024278,0.40624988987223,0.125689615747447,0
3.48771614974755,3.27137271174466,-0.676686481121926,0.40628610213011,0.0362152050404919,1.85635581056924,0.40628610213011,0.126119122791056,0
3.48871606836846,3.27229122472389,-0.676291296158492,0.40632231438799,0.0362152050404919,1.85535644268852,0.40632231438799,0.126549391429981,0
3.48971598698938,3.27320972339198,-0.675896077933889,0.40635852664587,0.0362152050404919,1.85435707660483,0.40635852664587,0.126980420706413,0
3.49071590561029,3.27412820774773,-0.675500826448635,0.40639473890375,0.0362152050404919,1.85335771232238,0.40639473890375,0.127412209662458,0
3.49171582423121,3.27504667778992,-0.675105541703247,0.406430951161631,0.0362152050404919,1.85235834984542,0.406430951161631,0.127844757340146,0
3.49271574285212,3.27596513351736,-0.674710223698244,0.406467163419511,0.0362152050404919,1.85135898917816,0.406467163419511,0.128278062781436,0
3.49371566147303,3.27688357492883,-0.674314872434145,0.406503375677391,0.0362152050404919,1.85035963032485,0.406503375677391,0.128712125028222,0
3.49471558009395,3.27780200202315,-0.673919487911468,0.406539587935271,0.0362152050404919,1.84936027328975,0.406539587935272,0.129146943122346,0
3.49571549871486,3.27872041479909,-0.673524070130732,0.406575800193152,0.0362152050404919,1.84836091807712,0.406575800193151,0.129582516105598,0
3.49671541733578,3.27963881325546,-0.673128619092454,0.406612012451032,0.0362152050404919,1.84736156469122,0.406612012451032,0.130018843019729,0
3.49771533595669,3.28055719739106,-0.672733134797154,0.406648224708912,0.0362152050404919,1.84636221313633,0.406648224708912,0.130455922906452,0
3.4987152545776,3.28147556720467,-0.67233761724535,0.406684436966792,0.0362152050404919,1.84536286341675,0.406684436966792,0.130893754807457,0
3.49971517319852,3.2823939226951,-0.671942066437561,0.406720649224672,0.0362152050404919,1.84436351553676,0.406720649224672,0.131332337764411,0
3.50071509181943,3.28331226386114,-0.671546482374305,0.406756861482553,0.0362152050404919,1.84336416950067,0.406756861482553,0.131771670818967,0
3.50171501044035,3.28423059070158,-0.671150865056102,0.406793073740433,0.0362152050404919,1.84236482531278,0.406793073740433,0.132211753012774,0
3.50271492906126,3.28514890321523,-0.67075521448347,0.406829285998313,0.0362152050404919,1.84136548297743,0.406829285998313,0.13265258338748,0
3.50371484768217,3.28606720140087,-0.670359530656927,0.406865498256193,0.0362152050404919,1.84036614249894,0.406865498256193,0.133094160984742,0
3.50471476630309,3.2869854852573,-0.669963813576994,0.406901710514073,0.0362152050404919,1.83936680388165,0.406901710514073,0.13353648484623,0
3.505714684924,3.28790375478333,-0.669568063244188,0.406937922771954,0.0362152050404919,1.8383674671299,0.406937922771954,0.133979554013636,0
3.50671460354492,3.28882200997774,-0.669172279659028,0.406974135029834,0.0362152050404919,1.83736813224805,0.406974135029834,0.134423367528681,0
3.50771452216583,3.28974025083933,-0.668776462822034,0.407010347287714,0.0362152050404919,1.83636879924047,0.407010347287714,0.13486792443312,0
3.50871444078674,3.29065847736689,-0.668380612733725,0.407046559545594,0.0362152050404919,1.83536946811152,0.407046559545594,0.135313223768751,0
3.50971435940766,3.29157668955923,-0.66798472939462,0.407082771803474,0.0362152050404919,1.8343701388656,0.407082771803474,0.135759264577419,0
3.51071427802857,3.29249488741514,-0.667588812805237,0.407118984061355,0.0362152050404919,1.83337081150708,0.407118984061355,0.136206045901027,0
3.51171419664948,3.29341307093341,-0.667192862966097,0.407155196319235,0.0362152050404919,1.83237148604038,0.407155196319235,0.136653566781538,0
3.5127141152704,3.29433124011284,-0.666796879877718,0.407191408577115,0.0362152050404919,1.83137216246989,0.407191408577115,0.137101826260983,0
3.51371403389131,3.29524939495223,-0.666400863540619,0.407227620834995,0.0362152050404919,1.83037284080004,0.407227620834995,0.137550823381473,0
3.51471395251223,3.29616753545037,-0.66600481395532,0.407263833092875,0.0362152050404919,1.82937352103525,0.407263833092876,0.138000557185197,0
3.51571387113314,3.29708566160606,-0.66560873112234,0.407300045350756,0.0362152050404919,1.82837420317996,0.407300045350755,0.138451026714435,0
3.51671378975405,3.29800377341809,-0.665212615042199,0.407336257608636,0.0362152050404919,1.82737488723861,0.407336257608636,0.138902231011561,0
3.51771370837497,3.29892187088527,-0.664816465715416,0.407372469866516,0.0362152050404919,1.82637557321566,0.407372469866516,0.139354169119052,0
3.51871362699588,3.29983995400638,-0.664420283142511,0.407408682124396,0.0362152050404919,1.82537626111556,0.407408682124396,0.139806840079493,0
3.51971354561679,3.30075802278022,-0.664024067324002,0.407444894382276,0.0362152050404919,1.82437695094279,0.407444894382277,0.140260242935584,0
3.52071346423771,3.30167607720559,-0.66362781826041,0.407481106640157,0.0362152050404919,1.82337764270182,0.407481106640156,0.140714376730147,0
3.52171338285862,3.30259411728129,-0.663231535952255,0.407517318898037,0.0362152050404919,1.82237833639716,0.407517318898037,0.141169240506133,0
3.52271330147954,3.30351214300611,-0.662835220400055,0.407553531155917,0.0362152050404919,1.82137903203329,0.407553531155917,0.141624833306624,0
3.52371322010045,3.30443015437884,-0.662438871604331,0.407589743413797,0.0362152050404919,1.82037972961473,0.407589743413797,0.142081154174847,0
3.52471313872136,3.30534815139829,-0.662042489565602,0.407625955671677,0.0362152050404919,1.81938042914598,0.407625955671677,0.142538202154174,0
3.52571305734228,3.30626613406324,-0.661646074284388,0.407662167929558,0.0362152050404919,1.81838113063159,0.407662167929558,0.14299597628813,0
3.52671297596319,3.30718410237251,-0.661249625761209,0.407698380187438,0.0362152050404919,1.81738183407607,0.407698380187438,0.143454475620401,0
3.52771289458411,3.30810205632487,-0.660853143996585,0.407734592445318,0.0362152050404919,1.81638253948399,0.407734592445318,0.14391369919484,0
3.52871281320502,3.30901999591913,-0.660456628991035,0.407770804703198,0.0362152050404919,1.81538324685988,0.407770804703198,0.144373646055471,0
3.52971273182593,3.30993792115409,-0.660060080745081,0.407807016961078,0.0362152050404919,1.81438395620832,0.407807016961078,0.144834315246496,0
3.53071265044685,3.31085583202854,-0.659663499259241,0.407843229218959,0.0362152050404919,1.81338466753388,0.407843229218959,0.145295705812303,0
3.53171256906776,3.31177372854127,-0.659266884534035,0.407879441476839,0.0362152050404919,1.81238538084113,0.407879441476839,0.145757816797473,0
3.53271248768868,3.31269161069109,-0.658870236569985,0.407915653734719,0.0362152050404919,1.81138609613467,0.407915653734719,0.14622064724678,0
3.53371240630959,3.31360947847679,-0.658473555367609,0.407951865992599,0.0362152050404919,1.8103868134191,0.407951865992599,0.146684196205206,0
3.5347123249305,3.31452733189717,-0.658076840927429,0.40798807825048,0.0362152050404919,1.80938753269904,0.407988078250479,0.147148462717939,0
3.53571224355142,3.31544517095101,-0.657680093249964,0.40802429050836,0.0362152050404919,1.80838825397909,0.40802429050836,0.147613445830384,0
3.53671216217233,3.31636299563713,-0.657283312335735,0.40806050276624,0.0362152050404919,1.80738897726389,0.40806050276624,0.148079144588167,0
3.53771208079324,3.31728080595431,-0.656886498185261,0.40809671502412,0.0362152050404919,1.80638970255808,0.40809671502412,0.148545558037144,0
3.53871199941416,3.31819860190136,-0.656489650799064,0.408132927282,0.0362152050404919,1.8053904298663,0.408132927282,0.149012685223401,0
3.53971191803507,3.31911638347706,-0.656092770177664,0.408169139539881,0.0362152050404919,1.80439115919322,0.408169139539881,0.149480525193267,0
3.54071183665599,3.32003415068021,-0.65569585632158,0.408205351797761,0.0362152050404919,1.80339189054349,0.408205351797761,0.149949076993314,0
3.5417117552769,3.32095190350962,-0.655298909231335,0.408241564055641,0.0362152050404919,1.80239262392181,0.408241564055641,0.150418339670367,0
3.54271167389781,3.32186964196408,-0.654901928907447,0.408277776313521,0.0362152050404919,1.80139335933284,0.408277776313521,0.150888312271508,0
3.54371159251873,3.32278736604238,-0.654504915350438,0.408313988571401,0.0362152050404919,1.8003940967813,0.408313988571401,0.151358993844082,0
3.54471151113964,3.32370507574332,-0.654107868560829,0.408350200829282,0.0362152050404919,1.79939483627188,0.408350200829282,0.151830383435704,0
3.54571142976055,3.3246227710657,-0.653710788539139,0.408386413087162,0.0362152050404919,1.7983955778093,0.408386413087162,0.152302480094263,0
3.54671134838147,3.32554045200831,-0.653313675285891,0.408422625345042,0.0362152050404919,1.79739632139828,0.408422625345042,0.152775282867928,0
3.54771126700238,3.32645811856996,-0.652916528801603,0.408458837602922,0.0362152050404919,1.79639706704357,0.408458837602922,0.153248790805158,0
3.5487111856233,3.32737577074943,-0.652519349086798,0.408495049860802,0.0362152050404919,1.7953978147499,0.408495049860802,0.153723002954699,0
3.54971110424421,3.32829340854552,-0.652122136141996,0.408531262118683,0.0362152050404919,1.79439856452204,0.408531262118682,0.154197918365598,0
3.55071102286512,3.32921103195704,-0.651724889967718,0.408567474376563,0.0362152050404919,1.79339931636473,0.408567474376563,0.154673536087207,0
3.55171094148604,3.33012864098277,-0.651327610564484,0.408603686634443,0.0362152050404919,1.79240007028277,0.408603686634443,0.155149855169183,0
3.55271086010695,3.33104623562152,-0.650930297932817,0.408639898892323,0.0362152050404919,1.79140082628093,0.408639898892323,0.1556268746615,0
3.55371077872787,3.33196381587208,-0.650532952073236,0.408676111150203,0.0362152050404919,1.79040158436401,0.408676111150204,0.156104593614454,0
3.55471069734878,3.33288138173325,-0.650135572986263,0.408712323408084,0.0362152050404919,1.78940234453681,0.408712323408083,0.156583011078665,0
3.55571061596969,3.33379893320382,-0.64973816067242,0.408748535665964,0.0362152050404919,1.78840310680414,0.408748535665964,0.157062126105085,0
3.55671053459061,3.33471647028259,-0.649340715132226,0.408784747923844,0.0362152050404919,1.78740387117084,0.408784747923844,0.157541937745003,0
3.55771045321152,3.33563399296836,-0.648943236366203,0.408820960181724,0.0362152050404919,1.78640463764173,0.408820960181724,0.15802244505005,0
3.55871037183244,3.33655150125992,-0.648545724374873,0.408857172439604,0.0362152050404919,1.78540540622166,0.408857172439604,0.158503647072206,0
3.55971029045335,3.33746899515608,-0.648148179158757,0.408893384697485,0.0362152050404919,1.78440617691549,0.408893384697484,0.158985542863805,0
3.56071020907426,3.33838647465563,-0.647750600718376,0.408929596955365,0.0362152050404919,1.78340694972807,0.408929596955365,0.159468131477538,0
3.56171012769518,3.33930393975736,-0.647352989054251,0.408965809213245,0.0362152050404919,1.78240772466428,0.408965809213245,0.159951411966461,0
3.56271004631609,3.34022139046007,-0.646955344166905,0.409002021471125,0.0362152050404919,1.78140850172902,0.409002021471125,0.160435383383999,0
3.563709964937,3.34113882676256,-0.646557666056857,0.409038233729005,0.0362152050404919,1.78040928092716,0.409038233729005,0.160920044783955,0
3.56470988355792,3.34205624866363,-0.64615995472463,0.409074445986886,0.0362152050404919,1.77941006226363,0.409074445986886,0.161405395220507,0
3.56570980217883,3.34297365616207,-0.645762210170746,0.409110658244766,0.0362152050404919,1.77841084574333,0.409110658244766,0.161891433748222,0
3.56670972079975,3.34389104925668,-0.645364432395725,0.409146870502646,0.0362152050404919,1.77741163137119,0.409146870502646,0.162378159422058,0
3.56770963942066,3.34480842794626,-0.64496662140009,0.409183082760526,0.0362152050404919,1.77641241915214,0.409183082760526,0.162865571297368,0
3.56870955804157,3.3457257922296,-0.644568777184363,0.409219295018406,0.0362152050404919,1.77541320909114,0.409219295018406,0.163353668429905,0
3.56970947666249,3.34664314210551,-0.644170899749064,0.409255507276287,0.0362152050404919,1.77441400119314,0.409255507276287,0.163842449875829,0
3.5707093952834,3.34756047757277,-0.643772989094715,0.409291719534167,0.0362152050404919,1.77341479546311,0.409291719534167,0.164331914691712,0
3.57170931390432,3.34847779863019,-0.643375045221839,0.409327931792047,0.0362152050404919,1.77241559190603,0.409327931792047,0.164822061934544,0
3.57270923252523,3.34939510527656,-0.642977068130957,0.409364144049927,0.0362152050404919,1.77141639052688,0.409364144049927,0.165312890661732,0
3.57370915114614,3.35031239751068,-0.642579057822592,0.409400356307807,0.0362152050404919,1.77041719133066,0.409400356307807,0.165804399931116,0
3.57470906976706,3.35122967533134,-0.642181014297264,0.409436568565688,0.0362152050404919,1.76941799432238,0.409436568565688,0.166296588800962,0
3.57570898838797,3.35214693873735,-0.641782937555497,0.409472780823568,0.0362152050404919,1.76841879950707,0.409472780823568,0.166789456329976,0
3.57670890700888,3.3530641877275,-0.641384827597811,0.409508993081448,0.0362152050404919,1.76741960688976,0.409508993081448,0.167283001577304,0
3.5777088256298,3.35398142230059,-0.64098668442473,0.409545205339328,0.0362152050404919,1.76642041647547,0.409545205339328,0.167777223602541,0
3.57870874425071,3.35489864245542,-0.640588508036774,0.409581417597208,0.0362152050404919,1.76542122826928,0.409581417597209,0.168272121465732,0
3.57970866287163,3.35581584819077,-0.640190298434467,0.409617629855089,0.0362152050404919,1.76442204227623,0.409617629855089,0.168767694227378,0
3.58070858149254,3.35673303950546,-0.639792055618331,0.409653842112969,0.0362152050404919,1.76342285850141,0.409653842112969,0.169263940948443,0
3.58170850011345,3.35765021639828,-0.639393779588887,0.409690054370849,0.0362152050404919,1.7624236769499,0.409690054370849,0.169760860690355,0
3.58270841873437,3.35856737886801,-0.638995470346658,0.409726266628729,0.0362152050404919,1.76142449762678,0.409726266628729,0.170258452515016,0
3.58370833735528,3.35948452691347,-0.638597127892166,0.409762478886609,0.0362152050404919,1.76042532053718,0.40976247888661,0.170756715484802,0
3.5847082559762,3.36040166053345,-0.638198752225934,0.40979869114449,0.0362152050404919,1.7594261456862,0.40979869114449,0.171255648662569,0
3.58570817459711,3.36131877972675,-0.637800343348484,0.40983490340237,0.0362152050404919,1.75842697307897,0.40983490340237,0.17175525111166,0
3.58670809321802,3.36223588449216,-0.637401901260339,0.40987111566025,0.0362152050404919,1.75742780272064,0.40987111566025,0.172255521895908,0
3.58770801183894,3.36315297482848,-0.63700342596202,0.40990732791813,0.0362152050404919,1.75642863461634,0.40990732791813,0.172756460079639,0
3.58870793045985,3.3640700507345,-0.636604917454051,0.409943540176011,0.0362152050404919,1.75542946877124,0.409943540176011,0.173258064727681,0
3.58970784908077,3.36498711220904,-0.636206375736954,0.409979752433891,0.0362152050404919,1.75443030519052,0.409979752433891,0.173760334905365,0
3.59070776770168,3.36590415925088,-0.635807800811252,0.410015964691771,0.0362152050404919,1.75343114387934,0.410015964691771,0.174263269678531,0
3.59170768632259,3.36682119185881,-0.635409192677467,0.410052176949651,0.0362152050404919,1.75243198484292,0.410052176949651,0.17476686811353,0
3.59270760494351,3.36773821003165,-0.635010551336123,0.410088389207531,0.0362152050404919,1.75143282808645,0.410088389207531,0.175271129277235,0
3.59370752356442,3.36865521376818,-0.634611876787741,0.410124601465412,0.0362152050404919,1.75043367361514,0.410124601465411,0.175776052237038,0
3.59470744218533,3.36957220306721,-0.634213169032845,0.410160813723292,0.0362152050404919,1.74943452143423,0.410160813723292,0.17628163606086,0
3.59570736080625,3.37048917792752,-0.633814428071957,0.410197025981172,0.0362152050404919,1.74843537154895,0.410197025981172,0.176787879817152,0
3.59670727942716,3.37140613834793,-0.6334156539056,0.410233238239052,0.0362152050404919,1.74743622396454,0.410233238239052,0.177294782574903,0
3.59770719804808,3.37232308432722,-0.633016846534298,0.410269450496932,0.0362152050404919,1.74643707868629,0.410269450496932,0.177802343403641,0
3.59870711666899,3.37324001586419,-0.632618005958573,0.410305662754813,0.0362152050404919,1.74543793571944,0.410305662754813,0.178310561373436,0
3.5997070352899,3.37415693295765,-0.632219132178948,0.410341875012693,0.0362152050404919,1.74443879506929,0.410341875012693,0.178819435554914,0
3.60070695391082,3.37507383560638,-0.631820225195947,0.410378087270573,0.0362152050404919,1.74343965674113,0.410378087270573,0.179328965019247,0
3.60170687253173,3.37599072380919,-0.631421285010092,0.410414299528453,0.0362152050404919,1.74244052074026,0.410414299528453,0.17983914883817,0
3.60270679115265,3.37690759756487,-0.631022311621906,0.410450511786333,0.0362152050404919,1.74144138707201,0.410450511786333,0.180349986083978,0
3.60370670977356,3.37782445687223,-0.630623305031913,0.410486724044214,0.0362152050404919,1.7404422557417,0.410486724044214,0.180861475829533,0
3.60470662839447,3.37874130173005,-0.630224265240637,0.410522936302094,0.0362152050404919,1.73944312675467,0.410522936302094,0.181373617148267,0
3.60570654701539,3.3796581324663,-0.629825193004767,0.410553650107982,0.0178855392358861,1.73844400008344,0.410553650107982,0.181886409822022,0
3.6067064656363,3.3805749542733,-0.629426100255368,0.410571534191709,0.0178855392358861,1.73744487521463,0.410571534191709,0.182399864087255,0
3.60770638425721,3.38149176894275,-0.629026991109515,0.410589418275436,0.0178855392358861,1.73644575197279,0.410589418275435,0.182913982852799,0
3.60870630287813,3.38240857647436,-0.628627865567335,0.410607302359163,0.0178855392358861,1.73544663036103,0.410607302359163,0.183428765172515,0
3.60970622149904,3.38332537686782,-0.628228723628957,0.41062518644289,0.0178855392358861,1.7344475103825,0.41062518644289,0.183944210100842,0
3.61070614011996,3.38424217012284,-0.627829565294507,0.410643070526617,0.0178855392358861,1.73344839204034,0.410643070526617,0.184460316692799,0
3.61170605874087,3.38515895623914,-0.627430390564114,0.410660954610344,0.0178855392358861,1.73244927533769,0.410660954610344,0.184977084003992,0
3.61270597736178,3.38607573521642,-0.627031199437905,0.410678838694071,0.0178855392358861,1.73145016027772,0.410678838694071,0.185494511090619,0
3.6137058959827,3.38699250705439,-0.626631991916008,0.410696722777798,0.0178855392358861,1.7304510468636,0.410696722777798,0.186012597009468,0
3.61470581460361,3.38790927175274,-0.626232767998551,0.410714606861525,0.0178855392358861,1.72945193509849,0.410714606861525,0.186531340817933,0
3.61570573322453,3.3888260293112,-0.62583352768566,0.410732490945252,0.0178855392358861,1.72845282498557,0.410732490945252,0.187050741574005,0
3.61670565184544,3.38974277972946,-0.625434270977465,0.410750375028979,0.0178855392358861,1.72745371652803,0.410750375028979,0.187570798336286,0
3.61770557046635,3.39065952300724,-0.625034997874092,0.410768259112706,0.0178855392358861,1.72645460972907,0.410768259112706,0.188091510163989,0
3.61870548908727,3.39157625914423,-0.62463570837567,0.410786143196433,0.0178855392358861,1.72545550459188,0.410786143196433,0.188612876116943,0
3.61970540770818,3.39249298814016,-0.624236402482325,0.41080402728016,0.0178855392358861,1.72445640111968,0.41080402728016,0.189134895255598,0
3.62070532632909,3.39340970999471,-0.623837080194187,0.410821911363887,0.0178855392358861,1.72345729931568,0.410821911363887,0.189657566641027,0
3.62170524495001,3.39432642470761,-0.623437741511382,0.410839795447614,0.0178855392358861,1.72245819918309,0.410839795447614,0.190180889334933,0
3.62270516357092,3.39524313227855,-0.623038386434038,0.410857679531341,0.0178855392358861,1.72145910072516,0.410857679531341,0.19070486239965,0
3.62370508219184,3.39615983270725,-0.622639014962282,0.410875563615068,0.0178855392358861,1.72046000394512,0.410875563615068,0.19122948489815,0
3.62470500081275,3.3970765259934,-0.622239627096244,0.410893447698795,0.0178855392358861,1.71946090884621,0.410893447698796,0.191754755894046,0
3.62570491943366,3.39799321213673,-0.62184022283605,0.410911331782522,0.0178855392358861,1.71846181543169,0.410911331782522,0.192280674451594,0
3.62670483805458,3.39890989113693,-0.621440802181828,0.410929215866249,0.0178855392358861,1.71746272370482,0.41092921586625,0.192807239635698,0
3.62770475667549,3.39982656299371,-0.621041365133706,0.410947099949976,0.0178855392358861,1.71646363366885,0.410947099949976,0.19333445051192,0
3.62870467529641,3.40074322770677,-0.620641911691812,0.410964984033704,0.0178855392358861,1.71546454532707,0.410964984033703,0.193862306146474,0
3.62970459391732,3.40165988527584,-0.620242441856272,0.410982868117431,0.0178855392358861,1.71446545868276,0.410982868117431,0.194390805606235,0
3.63070451253823,3.4025765357006,-0.619842955627217,0.411000752201158,0.0178855392358861,1.71346637373921,0.411000752201158,0.194919947958743,0
3.63170443115915,3.40349317898077,-0.619443453004772,0.411018636284885,0.0178855392358861,1.71246729049971,0.411018636284885,0.195449732272208,0
3.63270434978006,3.40440981511606,-0.619043933989065,0.411036520368612,0.0178855392358861,1.71146820896756,0.411036520368611,0.19598015761551,0
3.63370426840098,3.40532644410617,-0.618644398580226,0.411054404452339,0.0178855392358861,1.71046912914609,0.411054404452339,0.196511223058206,0
3.63470418702189,3.4062430659508,-0.61824484677838,0.411072288536066,0.0178855392358861,1.7094700510386,0.411072288536066,0.197042927670533,0
3.6357041056428,3.40715968064967,-0.617845278583657,0.411090172619793,0.0178855392358861,1.70847097464843,0.411090172619793,0.19757527052341,0
3.63670402426372,3.40807628820249,-0.617445693996184,0.41110805670352,0.0178855392358861,1.70747189997891,0.41110805670352,0.198108250688447,0
3.63770394288463,3.40899288860895,-0.617046093016088,0.411125940787247,0.0178855392358861,1.70647282703338,0.411125940787247,0.198641867237941,0
3.63870386150554,3.40990948186877,-0.616646475643498,0.411143824870974,0.0178855392358861,1.70547375581519,0.411143824870974,0.199176119244886,0
3.63970378012646,3.41082606798166,-0.616246841878541,0.411161708954701,0.0178855392358861,1.7044746863277,0.411161708954701,0.199711005782974,0
3.64070369874737,3.41174264694731,-0.615847191721345,0.411179593038428,0.0178855392358861,1.70347561857427,0.411179593038428,0.2002465259266,0
3.64170361736829,3.41265921876544,-0.615447525172038,0.411197477122155,0.0178855392358861,1.70247655255828,0.411197477122155,0.200782678750864,0
3.6427035359892,3.41357578343575,-0.615047842230748,0.411215361205882,0.0178855392358861,1.70147748828311,0.411215361205882,0.201319463331575,0
3.64370345461011,3.41449234095795,-0.614648142897603,0.411233245289609,0.0178855392358861,1.70047842575213,0.411233245289609,0.201856878745253,0
3.64470337323103,3.41540889133176,-0.61424842717273,0.411251129373336,0.0178855392358861,1.69947936496876,0.411251129373336,0.20239492406914,0
3.64570329185194,3.41632543455686,-0.613848695056257,0.411269013457063,0.0178855392358861,1.69848030593639,0.411269013457063,0.202933598381193,0
3.64670321047286,3.41724197063297,-0.613448946548313,0.41128689754079,0.0178855392358861,1.69748124865844,0.41128689754079,0.203472900760094,0
3.64770312909377,3.41815849955981,-0.613049181649024,0.411304781624517,0.0178855392358861,1.69648219313832,0.411304781624517,0.204012830285252,0
3.64870304771468,3.41907502133706,-0.612649400358519,0.411322665708244,0.0178855392358861,1.69548313937947,0.411322665708244,0.204553386036808,0
3.6497029663356,3.41999153596445,-0.612249602676926,0.411340549791971,0.0178855392358861,1.69448408738531,0.411340549791971,0.205094567095634,0
3.65070288495651,3.42090804344168,-0.611849788604373,0.411358433875698,0.0178855392358861,1.69348503715929,0.411358433875698,0.205636372543341,0
3.65170280357742,3.42182454376845,-0.611449958140987,0.411376317959425,0.0178855392358861,1.69248598870486,0.411376317959425,0.20617880146228,0
3.65270272219834,3.42274103694447,-0.611050111286896,0.411394202043152,0.0178855392358861,1.69148694202548,0.411394202043152,0.206721852935547,0
3.65370264081925,3.42365752296946,-0.610650248042229,0.411412086126879,0.0178855392358861,1.69048789712462,0.411412086126879,0.207265526046986,0
3.65470255944017,3.4245740018431,-0.610250368407113,0.411429970210607,0.0178855392358861,1.68948885400575,0.411429970210607,0.207809819881188,0
3.65570247806108,3.42549047356513,-0.609850472381676,0.411447854294334,0.0178855392358861,1.68848981267236,0.411447854294333,0.208354733523502,0
3.65670239668199,3.42640693813523,-0.609450559966046,0.411465738378061,0.0178855392358861,1.68749077312793,0.411465738378061,0.208900266060032,0
3.65770231530291,3.42732339555311,-0.609050631160351,0.411483622461788,0.0178855392358861,1.68649173537596,0.411483622461787,0.209446416577643,0
3.65870223392382,3.42823984581849,-0.608650685964718,0.411501506545515,0.0178855392358861,1.68549269941997,0.411501506545515,0.209993184163965,0
3.65970215254474,3.42915628893107,-0.608250724379276,0.411519390629242,0.0178855392358861,1.68449366526346,0.411519390629242,0.210540567907393,0
3.66070207116565,3.43007272489056,-0.607850746404153,0.411537274712969,0.0178855392358861,1.68349463290996,0.411537274712969,0.211088566897092,0
3.66170198978656,3.43098915369666,-0.607450752039476,0.411555158796696,0.0178855392358861,1.68249560236301,0.411555158796696,0.211637180223001,0
3.66270190840748,3.43190557534908,-0.607050741285374,0.411573042880423,0.0178855392358861,1.68149657362613,0.411573042880423,0.212186406975836,0
3.66370182702839,3.43282198984753,-0.606650714141974,0.41159092696415,0.0178855392358861,1.68049754670289,0.41159092696415,0.212736246247092,0
3.6647017456493,3.43373839719171,-0.606250670609405,0.411608811047877,0.0178855392358861,1.67949852159683,0.411608811047877,0.213286697129045,0
3.66570166427022,3.43465479738134,-0.605850610687793,0.411626695131604,0.0178855392358861,1.67849949831152,0.411626695131604,0.213837758714759,0
3.66670158289113,3.43557119041611,-0.605450534377268,0.411644579215331,0.0178855392358861,1.67750047685054,0.411644579215331,0.214389430098085,0
3.66770150151205,3.43648757629574,-0.605050441677958,0.411662463299058,0.0178855392358861,1.67650145721746,0.411662463299058,0.214941710373666,0
3.66870142013296,3.43740395501993,-0.604650332589989,0.411680347382785,0.0178855392358861,1.67550243941588,0.411680347382785,0.21549459863694,0
3.66970133875387,3.43832032658839,-0.604250207113491,0.411698231466512,0.0178855392358861,1.67450342344938,0.411698231466512,0.216048093984141,0
3.67070125737479,3.43923669100082,-0.603850065248591,0.411716115550239,0.0178855392358861,1.67350440932159,0.411716115550239,0.216602195512306,0
3.6717011759957,3.44015304825694,-0.603449906995417,0.411733999633966,0.0178855392358861,1.6725053970361,0.411733999633966,0.217156902319273,0
3.67270109461662,3.44106939835645,-0.603049732354097,0.411751883717693,0.0178855392358861,1.67150638659656,0.411751883717693,0.217712213503689,0
3.67370101323753,3.44198574129905,-0.602649541324759,0.41176976780142,0.0178855392358861,1.67050737800657,0.41176976780142,0.218268128165007,0
3.67470093185844,3.44290207708446,-0.602249333907531,0.411787651885147,0.0178855392358861,1.6695083712698,0.411787651885147,0.218824645403495,0
3.67570085047936,3.44381840571238,-0.601849110102541,0.411805535968874,0.0178855392358861,1.66850936638989,0.411805535968874,0.219381764320234,0
3.67670076910027,3.44473472718252,-0.601448869909918,0.411823420052601,0.0178855392358861,1.66751036337048,0.411823420052601,0.219939484017123,0
3.67770068772119,3.44565104149458,-0.601048613329788,0.411841304136328,0.0178855392358861,1.66651136221526,0.411841304136328,0.220497803596883,0
3.6787006063421,3.44656734864827,-0.600648340362281,0.411859188220055,0.0178855392358861,1.66551236292789,0.411859188220055,0.221056722163056,0
3.67970052496301,3.4474836486433,-0.600248051007523,0.411877072303782,0.0178855392358861,1.66451336551205,0.411877072303783,0.221616238820011,0
3.68070044358393,3.44839994147937,-0.599847745265644,0.411894956387509,0.0178855392358861,1.66351436997144,0.411894956387509,0.222176352672947,0
3.68170036220484,3.4493162271562,-0.599447423136771,0.411912840471236,0.0178855392358861,1.66251537630976,0.411912840471237,0.222737062827891,0
3.68270028082575,3.45023250567349,-0.599047084621033,0.411930724554964,0.0178855392358861,1.66151638453072,0.411930724554963,0.223298368391708,0
3.68370019944667,3.45114877703094,-0.598646729718557,0.411948608638691,0.0178855392358861,1.66051739463803,0.41194860863869,0.223860268472097,0
3.68470011806758,3.45206504122826,-0.598246358429471,0.411966492722418,0.0178855392358861,1.65951840663542,0.411966492722418,0.224422762177598,0
3.6857000366885,3.45298129826517,-0.597845970753903,0.411984376806145,0.0178855392358861,1.65851942052663,0.411984376806145,0.224985848617592,0
3.68669995530941,3.45389754814136,-0.597445566691982,0.412002260889872,0.0178855392358861,1.6575204363154,0.412002260889872,0.225549526902305,0
3.68769987393032,3.45481379085655,-0.597045146243836,0.412020144973599,0.0178855392358861,1.65652145400548,0.412020144973599,0.22611379614281,0
3.68869979255124,3.45573002641043,-0.596644709409592,0.412038029057326,0.0178855392358861,1.65552247360064,0.412038029057326,0.22667865545103,0
3.68969971117215,3.45664625480273,-0.596244256189379,0.412055913141053,0.0178855392358861,1.65452349510464,0.412055913141053,0.22724410393974,0
3.69069962979307,3.45756247603313,-0.595843786583324,0.41207379722478,0.0178855392358861,1.65352451852127,0.41207379722478,0.227810140722568,0
3.69169954841398,3.45847869010136,-0.595443300591556,0.412091681308507,0.0178855392358861,1.65252554385431,0.412091681308507,0.228376764914003,0
3.69269946703489,3.45939489700712,-0.595042798214204,0.412109565392234,0.0178855392358861,1.65152657110756,0.412109565392234,0.22894397562939,0
3.69369938565581,3.46031109675011,-0.594642279451394,0.412127449475961,0.0178855392358861,1.65052760028483,0.412127449475961,0.229511771984939,0
3.69469930427672,3.46122728933005,-0.594241744303256,0.412145333559688,0.0178855392358861,1.64952863138993,0.412145333559688,0.230080153097723,0
3.69569922289763,3.46214347474664,-0.593841192769917,0.412163217643415,0.0178855392358861,1.64852966442668,0.412163217643415,0.230649118085681,0
3.69669914151855,3.46305965299958,-0.593440624851505,0.412181101727142,0.0178855392358861,1.64753069939893,0.412181101727142,0.231218666067622,0
3.69769906013946,3.46397582408858,-0.593040040548148,0.412198985810869,0.0178855392358861,1.64653173631051,0.412198985810869,0.231788796163229,0
3.69869897876038,3.46489198801336,-0.592639439859975,0.412216869894596,0.0178855392358861,1.64553277516527,0.412216869894596,0.232359507493055,0
3.69969889738129,3.46580814477361,-0.592238822787114,0.412234753978323,0.0178855392358861,1.64453381596708,0.412234753978323,0.232930799178533,0
3.7006988160022,3.46672429436905,-0.591838189329693,0.41225263806205,0.0178855392358861,1.64353485871981,0.41225263806205,0.233502670341971,0
3.70169873462312,3.46764043679937,-0.59143753948784,0.412270522145777,0.0178855392358861,1.64253590342733,0.412270522145777,0.234075120106562,0
3.70269865324403,3.4685565720643,-0.591036873261683,0.412288406229504,0.0178855392358861,1.64153695009354,0.412288406229504,0.234648147596378,0
3.70369857186495,3.46947270016353,-0.59063619065135,0.412306290313231,0.0178855392358861,1.64053799872233,0.412306290313231,0.23522175193638,0
3.70469849048586,3.47038882109677,-0.59023549165697,0.412324174396958,0.0178855392358861,1.6395390493176,0.412324174396958,0.235795932252415,0
3.70569840910677,3.47130493486374,-0.58983477627867,0.412342058480685,0.0178855392358861,1.63854010188328,0.412342058480685,0.236370687671217,0
3.70669832772769,3.47222104146412,-0.589434044516579,0.412359942564412,0.0178855392358861,1.63754115642329,0.412359942564413,0.236946017320418,0
3.7076982463486,3.47313714089765,-0.589033296370825,0.412377826648139,0.0178855392358861,1.63654221294157,0.412377826648139,0.237521920328538,0
3.70869816496951,3.47405323316401,-0.588632531841536,0.412395710731866,0.0178855392358861,1.63554327144206,0.412395710731866,0.238098395824998,0
3.70969808359043,3.47496931826292,-0.58823175092884,0.412413594815594,0.0178855392358861,1.63454433192871,0.412413594815594,0.238675442940115,0
3.71069800221134,3.47588539619408,-0.587830953632866,0.412431478899321,0.0178855392358861,1.63354539440549,0.41243147889932,0.239253060805105,0
3.71169792083226,3.4768014669572,-0.587430139953742,0.412449362983048,0.0178855392358861,1.63254645887638,0.412449362983048,0.23983124855209,0
3.71269783945317,3.477717530552,-0.587029309891595,0.412467247066775,0.0178855392358861,1.63154752534534,0.412467247066775,0.240410005314095,0
3.71369775807408,3.47863358697816,-0.586628463446555,0.412485131150502,0.0178855392358861,1.63054859381639,0.412485131150502,0.240989330225052,0
3.714697676695,3.47954963623541,-0.586227600618749,0.412503015234229,0.0178855392358861,1.62954966429351,0.412503015234229,0.241569222419799,0
3.71569759531591,3.48046567832345,-0.585826721408305,0.412520899317956,0.0178855392358861,1.62855073678072,0.412520899317956,0.242149681034088,0
3.71669751393683,3.48138171324199,-0.585425825815352,0.412538783401683,0.0178855392358861,1.62755181128204,0.412538783401683,0.242730705204582,0
3.71769743255774,3.48229774099072,-0.585024913840018,0.41255666748541,0.0178855392358861,1.62655288780149,0.41255666748541,0.243312294068859,0
3.71869735117865,3.48321376156937,-0.584623985482431,0.412574551569137,0.0178855392358861,1.62555396634314,0.412574551569137,0.243894446765414,0
3.71969726979957,3.48412977497764,-0.584223040742719,0.412592435652864,0.0178855392358861,1.62455504691101,0.412592435652864,0.24447716243366,0
3.72069718842048,3.48504578121523,-0.583822079621011,0.412610319736591,0.0178855392358861,1.62355612950917,0.412610319736591,0.245060440213929,0
3.7216971070414,3.48596178028185,-0.583421102117435,0.412628203820318,0.0178855392358861,1.62255721414169,0.412628203820318,0.245644279247476,0
3.72269702566231,3.48687777217721,-0.583020108232119,0.412646087904045,0.0178855392358861,1.62155830081265,0.412646087904045,0.246228678676483,0
3.72369694428322,3.48779375690101,-0.582619097965192,0.412663971987772,0.0178855392358861,1.62055938952614,0.412663971987772,0.246813637644052,0
3.72469686290414,3.48870973445297,-0.582218071316781,0.412681856071499,0.0178855392358861,1.61956048028626,0.412681856071499,0.247399155294218,0
3.72569678152505,3.48962570483278,-0.581817028287015,0.412699740155226,0.0178855392358861,1.61856157309711,0.412699740155226,0.247985230771943,0
3.72669670014596,3.49054166804016,-0.581415968876022,0.412717624238953,0.0178855392358861,1.61756266796283,0.412717624238953,0.248571863223122,0
3.72769661876688,3.49145762407482,-0.581014893083931,0.41273550832268,0.0178855392358861,1.61656376488752,0.41273550832268,0.24915905179458,0
3.72869653738779,3.49237357293646,-0.580613800910869,0.412753392406407,0.0178855392358861,1.61556486387534,0.412753392406407,0.249746795634079,0
3.72969645600871,3.49328951462478,-0.580212692356965,0.412771276490134,0.0178855392358861,1.61456596493044,0.412771276490134,0.250335093890318,0
3.73069637462962,3.4942054491395,-0.579811567422348,0.412789160573861,0.0178855392358861,1.61356706805696,0.412789160573861,0.250923945712935,0
3.73169629325053,3.49512137648032,-0.579410426107145,0.412807044657588,0.0178855392358861,1.61256817325909,0.412807044657588,0.251513350252504,0
3.73269621187145,3.49603729664695,-0.579009268411485,0.412824928741315,0.0178855392358861,1.611569280541,0.412824928741315,0.252103306660544,0
3.73369613049236,3.49695320963909,-0.578608094335497,0.412842812825042,0.0178855392358861,1.61057038990688,0.412842812825042,0.252693814089516,0
3.73469604911327,3.49786911601498,-0.578206905154386,0.412855393474726,0.00778293772273757,1.60957150129773,0.412855393474726,0.253284872815354,0
3.73569596773419,3.49878501881146,-0.577805707801653,0.41286317577908,0.00778293772273757,1.60857261437371,0.41286317577908,0.253876488091502,0
3.7366958863551,3.49970091848568,-0.577404503321097,0.412870958083435,0.00778293772273757,1.60757372908623,0.412870958083435,0.254468659980247,0
3.73769580497602,3.50061681503757,-0.577003291712744,0.412878740387789,0.00778293772273757,1.6065748454384,0.412878740387789,0.255061387625467,0
3.73869572359693,3.50153270846708,-0.576602072976618,0.412886522692143,0.00778293772273757,1.60557596343335,0.412886522692143,0.255654670171995,0
3.73969564221784,3.50244859877416,-0.576200847112742,0.412894304996498,0.00778293772273757,1.6045770830742,0.412894304996498,0.256248506765618,0
3.74069556083876,3.50336448595875,-0.575799614121141,0.412902087300852,0.00778293772273757,1.60357820436409,0.412902087300852,0.256842896553083,0
3.74169547945967,3.5042803700208,-0.575398374001839,0.412909869605206,0.00778293772273757,1.60257932730617,0.412909869605206,0.257437838682091,0
3.74269539808059,3.50519625096024,-0.574997126754861,0.412917651909561,0.00778293772273757,1.60158045190358,0.412917651909561,0.258033332301308,0
3.7436953167015,3.50611212877703,-0.574595872380231,0.412925434213915,0.00778293772273757,1.60058157815948,0.412925434213915,0.258629376560359,0
3.74469523532241,3.50702800347111,-0.574194610877974,0.41293321651827,0.00778293772273757,1.59958270607705,0.41293321651827,0.259225970609834,0
3.74569515394333,3.50794387504242,-0.573793342248112,0.412940998822624,0.00778293772273757,1.59858383565945,0.412940998822624,0.259823113601288,0
3.74669507256424,3.50885974349091,-0.573392066490672,0.412948781126978,0.00778293772273757,1.59758496690988,0.412948781126978,0.26042080468724,0
3.74769499118516,3.50977560881652,-0.572990783605676,0.412956563431333,0.00778293772273757,1.59658609983152,0.412956563431333,0.261019043021179,0
3.74869490980607,3.51069147101919,-0.572589493593151,0.412964345735687,0.00778293772273757,1.59558723442757,0.412964345735687,0.261617827757564,0
3.74969482842698,3.51160733009888,-0.572188196453118,0.412972128040042,0.00778293772273757,1.59458837070124,0.412972128040042,0.262217158051825,0
3.7506947470479,3.51252318605553,-0.571786892185604,0.412979910344396,0.00778293772273757,1.59358950865575,0.412979910344396,0.262817033060364,0
3.75169466566881,3.51343903888907,-0.571385580790633,0.41298769264875,0.00778293772273757,1.59259064829431,0.41298769264875,0.263417451940555,0
3.75269458428973,3.51435488859946,-0.570984262268227,0.412995474953105,0.00778293772273757,1.59159178962016,0.412995474953105,0.26401841385075,0
3.75369450291064,3.51527073518664,-0.570582936618413,0.413003257257459,0.00778293772273757,1.59059293263654,0.413003257257459,0.264619917950277,0
3.75469442153155,3.51618657865055,-0.570181603841214,0.413011039561814,0.00778293772273757,1.5895940773467,0.413011039561813,0.265221963399443,0
3.75569434015247,3.51710241899114,-0.569780263936655,0.413018821866168,0.00778293772273757,1.58859522375388,0.413018821866168,0.265824549359533,0
3.75669425877338,3.51801825620836,-0.56937891690476,0.413026604170522,0.00778293772273757,1.58759637186136,0.413026604170522,0.266427674992814,0
3.75769417739429,3.51893409030214,-0.568977562745553,0.413034386474877,0.00778293772273757,1.58659752167241,0.413034386474877,0.267031339462533,0
3.75869409601521,3.51984992127243,-0.568576201459058,0.413042168779231,0.00778293772273757,1.5855986731903,0.413042168779231,0.267635541932925,0
3.75969401463612,3.52076574911918,-0.5681748330453,0.413049951083585,0.00778293772273757,1.58459982641833,0.413049951083585,0.268240281569206,0
3.76069393325704,3.52168157384233,-0.567773457504303,0.41305773338794,0.00778293772273757,1.58360098135978,0.41305773338794,0.26884555753758,0
3.76169385187795,3.52259739544183,-0.567372074836092,0.413065515692294,0.00778293772273757,1.58260213801798,0.413065515692294,0.269451369005238,0
3.76269377049886,3.52351321391762,-0.56697068504069,0.413073297996649,0.00778293772273757,1.58160329639622,0.413073297996648,0.270057715140359,0
3.76369368911978,3.52442902926964,-0.566569288118123,0.413081080301003,0.00778293772273757,1.58060445649784,0.413081080301003,0.270664595112114,0
3.76469360774069,3.52534484149784,-0.566167884068414,0.413088862605357,0.00778293772273757,1.57960561832615,0.413088862605357,0.271272008090663,0
3.7656935263616,3.52626065060216,-0.565766472891587,0.413096644909712,0.00778293772273757,1.5786067818845,0.413096644909712,0.271879953247159,0
3.76669344498252,3.52717645658256,-0.565365054587668,0.413104427214066,0.00778293772273757,1.57760794717624,0.413104427214066,0.27248842975375,0
3.76769336360343,3.52809225943896,-0.564963629156679,0.41311220951842,0.00778293772273757,1.57660911420472,0.41311220951842,0.273097436783577,0
3.76869328222435,3.52900805917133,-0.564562196598647,0.413119991822775,0.00778293772273757,1.5756102829733,0.413119991822775,0.273706973510778,0
3.76969320084526,3.52992385577959,-0.564160756913594,0.413127774127129,0.00778293772273757,1.57461145348535,0.413127774127129,0.274317039110487,0
3.77069311946617,3.5308396492637,-0.563759310101545,0.413135556431484,0.00778293772273757,1.57361262574427,0.413135556431484,0.274927632758837,0
3.77169303808709,3.53175543962361,-0.563357856162525,0.413143338735838,0.00778293772273757,1.57261379975343,0.413143338735838,0.275538753632962,0
3.772692956708,3.53267122685924,-0.562956395096558,0.413151121040192,0.00778293772273757,1.57161497551623,0.413151121040193,0.276150400910993,0
3.77369287532892,3.53358701097056,-0.562554926903668,0.413158903344547,0.00778293772273757,1.57061615303608,0.413158903344547,0.276762573772064,0
3.77469279394983,3.53450279195751,-0.56215345158388,0.413166685648901,0.00778293772273757,1.56961733231639,0.413166685648901,0.277375271396314,0
3.77569271257074,3.53541856982002,-0.561751969137217,0.413174467953256,0.00778293772273757,1.56861851336059,0.413174467953255,0.277988492964881,0
3.77669263119166,3.53633434455804,-0.561350479563704,0.41318225025761,0.00778293772273757,1.56761969617211,0.41318225025761,0.278602237659911,0
3.77769254981257,3.53725011617153,-0.560948982863366,0.413190032561964,0.00778293772273757,1.56662088075439,0.413190032561964,0.279216504664556,0
3.77869246843349,3.53816588466041,-0.560547479036227,0.413197814866319,0.00778293772273757,1.56562206711088,0.413197814866319,0.279831293162972,0
3.7796923870544,3.53908165002465,-0.56014596808231,0.413205597170673,0.00778293772273757,1.56462325524504,0.413205597170673,0.280446602340324,0
3.78069230567531,3.53999741226417,-0.559744450001641,0.413213379475028,0.00778293772273757,1.56362444516033,0.413213379475028,0.281062431382786,0
3.78169222429623,3.54091317137894,-0.559342924794244,0.413221161779382,0.00778293772273757,1.56262563686023,0.413221161779382,0.281678779477542,0
3.78269214291714,3.54182892736888,-0.558941392460143,0.413228944083736,0.00778293772273757,1.56162683034824,0.413228944083736,0.282295645812786,0
3.78369206153805,3.54274468023395,-0.558539852999362,0.413236726388091,0.00778293772273757,1.56062802562783,0.413236726388091,0.282913029577723,0
3.78469198015897,3.54366042997409,-0.558138306411925,0.413244508692445,0.00778293772273757,1.55962922270251,0.413244508692445,0.283530929962571,0
3.78569189877988,3.54457617658924,-0.557736752697858,0.413252290996799,0.00778293772273757,1.5586304215758,0.413252290996799,0.284149346158561,0
3.7866918174008,3.54549192007935,-0.557335191857184,0.413260073301154,0.00778293772273757,1.55763162225121,0.413260073301154,0.284768277357937,0
3.78769173602171,3.54640766044437,-0.556933623889928,0.413267855605508,0.00778293772273757,1.55663282473228,0.413267855605508,0.285387722753961,0
3.78869165464262,3.54732339768423,-0.556532048796113,0.413275637909863,0.00778293772273757,1.55563402902253,0.413275637909863,0.286007681540909,0
3.78969157326354,3.54823913179889,-0.556130466575765,0.413283420214217,0.00778293772273757,1.55463523512553,0.413283420214217,0.286628152914073,0
3.79069149188445,3.54915486278828,-0.555728877228907,0.413291202518571,0.00778293772273757,1.55363644304483,0.413291202518571,0.287249136069763,0
3.79169141050537,3.55007059065236,-0.555327280755564,0.413298984822926,0.00778293772273757,1.55263765278399,0.413298984822926,0.28787063020531,0
3.79269132912628,3.55098631539106,-0.554925677155761,0.41330676712728,0.00778293772273757,1.55163886434658,0.41330676712728,0.288492634519059,0
3.79369124774719,3.55190203700433,-0.554524066429521,0.413314549431635,0.00778293772273757,1.5506400777362,0.413314549431635,0.28911514821038,0
3.79469116636811,3.55281775549212,-0.554122448576868,0.413322331735989,0.00778293772273757,1.54964129295644,0.413322331735989,0.28973817047966,0
3.79569108498902,3.55373347085437,-0.553720823597828,0.413330114040343,0.00778293772273757,1.54864251001088,0.413330114040343,0.29036170052831,0
3.79669100360993,3.55464918309102,-0.553319191492425,0.413337896344698,0.00778293772273757,1.54764372890316,0.413337896344698,0.29098573755876,0
3.79769092223085,3.55556489220202,-0.552917552260683,0.413345678649052,0.00778293772273757,1.54664494963689,0.413345678649052,0.291610280774468,0
3.79869084085176,3.55648059818731,-0.552515905902625,0.413353460953406,0.00778293772273757,1.5456461722157,0.413353460953406,0.292235329379911,0
3.79969075947268,3.55739630104685,-0.552114252418277,0.413361243257761,0.00778293772273757,1.54464739664323,0.413361243257761,0.292860882580592,0
3.80069067809359,3.55831200078056,-0.551712591807663,0.413369025562115,0.00778293772273757,1.54364862292313,0.413369025562115,0.293486939583039,0
3.8016905967145,3.55922769738841,-0.551310924070807,0.41337680786647,0.00778293772273757,1.54264985105905,0.41337680786647,0.294113499594805,0
3.80269051533542,3.56014339087032,-0.550909249207733,0.413384590170824,0.00778293772273757,1.54165108105467,0.413384590170824,0.294740561824469,0
3.80369043395633,3.56105908122625,-0.550507567218466,0.413392372475178,0.00778293772273757,1.54065231291367,0.413392372475178,0.29536812548164,0
3.80469035257725,3.56197476845614,-0.550105878103031,0.413400154779533,0.00778293772273757,1.53965354663972,0.413400154779533,0.29599618977695,0
3.80569027119816,3.56289045255994,-0.54970418186145,0.413407937083887,0.00778293772273757,1.53865478223653,0.413407937083887,0.296624753922063,0
3.80669018981907,3.56380613353759,-0.54930247849375,0.413415719388242,0.00778293772273757,1.5376560197078,0.413415719388242,0.297253817129669,0
3.80769010843999,3.56472181138903,-0.548900767999953,0.413423501692596,0.00778293772273757,1.53665725905725,0.413423501692596,0.297883378613489,0
3.8086900270609,3.56563748611421,-0.548499050380086,0.41343128399695,0.00778293772273757,1.5356585002886,0.413431283996951,0.298513437588274,0
3.80968994568181,3.56655315771307,-0.54809732563417,0.413439066301305,0.00778293772273757,1.53465974340559,0.413439066301305,0.299143993269802,0
3.81068986430273,3.56746882618556,-0.547695593762232,0.413446848605659,0.00778293772273757,1.53366098841196,0.413446848605659,0.299775044874889,0
3.81168978292364,3.56838449153162,-0.547293854764296,0.413454630910013,0.00778293772273757,1.53266223531146,0.413454630910013,0.300406591621376,0
3.81268970154456,3.56930015375121,-0.546892108640385,0.413462413214368,0.00778293772273757,1.53166348410787,0.413462413214368,0.301038632728139,0
3.81368962016547,3.57021581284425,-0.546490355390524,0.413470195518722,0.00778293772273757,1.53066473480495,0.413470195518722,0.301671167415086,0
3.81468953878638,3.5711314688107,-0.546088595014738,0.413477977823077,0.00778293772273757,1.52966598740648,0.413477977823077,0.302304194903158,0
3.8156894574073,3.5720471216505,-0.54568682751305,0.413485760127431,0.00778293772273757,1.52866724191627,0.413485760127431,0.30293771441433,0
3.81668937602821,3.57296277136359,-0.545285052885486,0.413493542431785,0.00778293772273757,1.52766849833811,0.413493542431786,0.30357172517161,0
3.81768929464913,3.57387841794993,-0.544883271132068,0.41350132473614,0.00778293772273757,1.52666975667581,0.41350132473614,0.304206226399041,0
3.81868921327004,3.57479406140944,-0.544481482252823,0.413509107040494,0.00778293772273757,1.52567101693321,0.413509107040494,0.304841217321702,0
3.81968913189095,3.57570970174209,-0.544079686247774,0.413516889344849,0.00778293772273757,1.52467227911413,0.413516889344848,0.305476697165706,0
3.82068905051187,3.57662533894782,-0.543677883116945,0.413524671649203,0.00778293772273757,1.52367354322241,0.413524671649203,0.306112665158201,0
3.82168896913278,3.57754097302655,-0.543276072860361,0.413532453953557,0.00778293772273757,1.52267480926192,0.413532453953557,0.306749120527374,0
3.8226888877537,3.57845660397826,-0.542874255478046,0.413540236257912,0.00778293772273757,1.5216760772365,0.413540236257912,0.307386062502444,0
3.82368880637461,3.57937223180287,-0.542472430970024,0.413548018562266,0.00778293772273757,1.52067734715005,0.413548018562266,0.308023490313672,0
3.82468872499552,3.58028785650033,-0.54207059933632,0.413555800866621,0.00778293772273757,1.51967861900642,0.413555800866621,0.308661403192353,0
3.82568864361644,3.58120347807058,-0.541668760576959,0.413563583170975,0.00778293772273757,1.51867989280954,0.413563583170975,0.30929980037082,0
3.82668856223735,3.58211909651358,-0.541266914691963,0.413571365475329,0.00778293772273757,1.51768116856329,0.413571365475329,0.309938681082445,0
3.82768848085826,3.58303471182926,-0.540865061681359,0.413579147779684,0.00778293772273757,1.51668244627158,0.413579147779684,0.310578044561638,0
3.82868839947918,3.58395032401758,-0.54046320154517,0.413586930084038,0.00778293772273757,1.51568372593836,0.413586930084038,0.311217890043845,0
3.82968831810009,3.58486593307846,-0.54006133428342,0.413594712388392,0.00778293772273757,1.51468500756754,0.413594712388393,0.311858216765557,0
3.83068823672101,3.58578153901187,-0.539659459896134,0.413602494692747,0.00778293772273757,1.51368629116307,0.413602494692747,0.312499023964297,0
3.83168815534192,3.58669714181774,-0.539257578383335,0.413610276997101,0.00778293772273757,1.51268757672892,0.413610276997101,0.313140310878632,0
3.83268807396283,3.58761274149602,-0.53885568974505,0.413618059301456,0.00778293772273757,1.51168886426904,0.413618059301456,0.313782076748169,0
3.83368799258375,3.58852833804665,-0.538453793981301,0.41362584160581,0.00778293772273757,1.5106901537874,0.41362584160581,0.314424320813552,0
3.83468791120466,3.58944393146958,-0.538051891092113,0.413633623910164,0.00778293772273757,1.50969144528801,0.413633623910164,0.315067042316466,0
3.83568782982557,3.59035952176475,-0.537649981077511,0.413641406214519,0.00778293772273757,1.50869273877485,0.413641406214519,0.31571024049964,0
3.83668774844649,3.5912751089321,-0.537248063937519,0.413649188518873,0.00778293772273757,1.50769403425194,0.413649188518873,0.316353914606839,0
3.8376876670674,3.59219069297159,-0.536846139672161,0.413656970823227,0.00778293772273757,1.50669533172328,0.413656970823228,0.316998063882871,0
3.83868758568832,3.59310627388315,-0.536444208281461,0.413664753127582,0.00778293772273757,1.50569663119291,0.413664753127582,0.317642687573585,0
3.83968750430923,3.59402185166673,-0.536042269765444,0.413672535431936,0.00778293772273757,1.50469793266487,0.413672535431936,0.318287784925873,0
3.84068742293014,3.59493742632228,-0.535640324124135,0.413680317736291,0.00778293772273757,1.50369923614321,0.413680317736291,0.318933355187664,0
3.84168734155106,3.59585299784973,-0.535238371357557,0.413688100040645,0.00778293772273757,1.50270054163199,0.413688100040645,0.319579397607934,0
3.84268726017197,3.59676856624904,-0.534836411465735,0.413695882344999,0.00778293772273757,1.50170184913528,0.413695882344999,0.320225911436696,0
3.84368717879289,3.59768413152014,-0.534434444448693,0.413703664649354,0.00778293772273757,1.50070315865717,0.413703664649354,0.320872895925009,0
3.8446870974138,3.59859969366299,-0.534032470306455,0.413711446953708,0.00778293772273757,1.49970447020174,0.413711446953708,0.321520350324971,0
3.84568701603471,3.59951525267753,-0.533630489039047,0.413719229258063,0.00778293772273757,1.4987057837731,0.413719229258063,0.322168273889723,0
3.84668693465563,3.6004308085637,-0.533228500646492,0.413727011562417,0.00778293772273757,1.49770709937537,0.413727011562417,0.32281666587345,0
3.84768685327654,3.60134636132144,-0.532826505128814,0.413734793866771,0.00778293772273757,1.49670841701267,0.413734793866771,0.323465525531376,0
3.84868677189746,3.60226191095071,-0.532424502486039,0.413742576171126,0.00778293772273757,1.49570973668913,0.413742576171126,0.324114852119771,0
3.84968669051837,3.60317745745144,-0.532022492718189,0.41375035847548,0.00778293772273757,1.49471105840892,0.41375035847548,0.324764644895945,0
3.85068660913928,3.60409300082358,-0.531620475825291,0.413758140779835,0.00778293772273757,1.49371238217618,0.413758140779835,0.325414903118253,0
3.8516865277602,3.60500854106707,-0.531218451807367,0.413765923084189,0.00778293772273757,1.49271370799509,0.413765923084189,0.326065626046091,0
3.85268644638111,3.60592407818186,-0.530816420664443,0.413773705388543,0.00778293772273757,1.49171503586982,0.413773705388543,0.326716812939897,0
3.85368636500203,3.6068396121679,-0.530414382396542,0.413781487692898,0.00778293772273757,1.49071636580457,0.413781487692898,0.327368463061153,0
3.85468628362294,3.60775514302513,-0.53001233700369,0.413789269997252,0.00778293772273757,1.48971769780355,0.413789269997252,0.328020575672383,0
3.85568620224385,3.60867067075348,-0.52961028448591,0.413797052301606,0.00778293772273757,1.48871903187096,0.413797052301606,0.328673150037156,0
3.85668612086477,3.60958619535292,-0.529208224843226,0.413804834605961,0.00778293772273757,1.48772036801103,0.413804834605961,0.329326185420081,0
3.85768603948568,3.61050171682338,-0.528806158075664,0.413812616910315,0.00778293772273757,1.48672170622801,0.413812616910315,0.32997968108681,0
3.85868595810659,3.6114172351648,-0.528404084183247,0.41382039921467,0.00778293772273757,1.48572304652614,0.41382039921467,0.33063363630404,0
3.85968587672751,3.61233275037713,-0.528002003166,0.413828181519024,0.00778293772273757,1.48472438890967,0.413828181519024,0.331288050339508,0
3.86068579534842,3.61324826246032,-0.527599915023948,0.413835963823378,0.00778293772273757,1.48372573338289,0.413835963823378,0.331942922461996,0
3.86168571396934,3.61416377141431,-0.527197819757113,0.413843746127733,0.00778293772273757,1.48272707995007,0.413843746127733,0.332598251941328,0
3.86268563259025,3.61507927723905,-0.526795717365522,0.413851528432087,0.00778293772273757,1.48172842861551,0.413851528432087,0.333254038048369,0
3.86368555121116,3.61599478068119,-0.526393609549294,0.413854358712065,0.00117970088023152,1.48072977928994,0.413854358712065,0.333910281455663,0
3.86468546983208,3.61691028356604,-0.525991500464235,0.413855538316942,0.00117970088023152,1.4797311317486,0.413855538316942,0.334566984855898,0
3.86568538845299,3.61782578597655,-0.525589390299243,0.413856717921819,0.00117970088023152,1.47873248598469,0.413856717921819,0.335224147670872,0
3.8666853070739,3.61874128791274,-0.525187279054322,0.413857897526697,0.00117970088023152,1.47773384200181,0.413857897526697,0.335881769167721,0
3.86768522569482,3.61965678937459,-0.52478516672947,0.413859077131574,0.00117970088023152,1.47673519980359,0.413859077131574,0.336539848614631,0
3.86868514431573,3.62057229036211,-0.524383053324688,0.413860256736451,0.00117970088023152,1.47573655939363,0.413860256736451,0.337198385280834,0
3.86968506293665,3.62148779087529,-0.523980938839977,0.413861436341328,0.00117970088023152,1.47473792077559,0.413861436341328,0.337857378436612,0
3.87068498155756,3.62240329091413,-0.523578823275337,0.413862615946206,0.00117970088023152,1.4737392839531,0.413862615946206,0.338516827353293,0
3.87168490017847,3.62331879047864,-0.52317670663077,0.413863795551083,0.00117970088023152,1.47274064892981,0.413863795551083,0.339176731303254,0
3.87268481879939,3.62423428956881,-0.522774588906275,0.41386497515596,0.00117970088023152,1.4717420157094,0.41386497515596,0.339837089559919,0
3.8736847374203,3.62514978818464,-0.522372470101853,0.413866154760837,0.00117970088023152,1.47074338429553,0.413866154760837,0.340497901397758,0
3.87468465604122,3.62606528632612,-0.521970350217505,0.413867334365714,0.00117970088023152,1.46974475469189,0.413867334365714,0.341159166092291,0
3.87568457466213,3.62698078399326,-0.52156822925323,0.413868513970592,0.00117970088023152,1.46874612690216,0.413868513970592,0.341820882920084,0
3.87668449328304,3.62789628118606,-0.521166107209031,0.413869693575469,0.00117970088023152,1.46774750093007,0.413869693575469,0.34248305115875,0
3.87768441190396,3.62881177790451,-0.520763984084907,0.413870873180346,0.00117970088023152,1.46674887677931,0.413870873180346,0.343145670086948,0
3.87868433052487,3.62972727414861,-0.520361859880859,0.413872052785223,0.00117970088023152,1.46575025445362,0.413872052785223,0.343808738984385,0
3.87968424914579,3.63064276991837,-0.519959734596887,0.413873232390101,0.00117970088023152,1.46475163395673,0.413873232390101,0.344472257131814,0
3.8806841677667,3.63155826521378,-0.519557608232993,0.413874411994978,0.00117970088023152,1.46375301529237,0.413874411994978,0.345136223811034,0
3.88168408638761,3.63247376003483,-0.519155480789176,0.413875591599855,0.00117970088023152,1.46275439846432,0.413875591599855,0.34580063830489,0
3.88268400500853,3.63338925438154,-0.518753352265436,0.413876771204732,0.00117970088023152,1.46175578347632,0.413876771204732,0.346465499897274,0
3.88368392362944,3.63430474825389,-0.518351222661776,0.41387795080961,0.00117970088023152,1.46075717033217,0.41387795080961,0.347130807873123,0
3.88468384225035,3.63522024165188,-0.517949091978195,0.413879130414487,0.00117970088023152,1.45975855903563,0.413879130414487,0.34779656151842,0
3.88568376087127,3.63613573457552,-0.517546960214694,0.413880310019364,0.00117970088023152,1.45875994959052,0.413880310019364,0.348462760120192,0
3.88668367949218,3.6370512270248,-0.517144827371273,0.413881489624241,0.00117970088023152,1.45776134200062,0.413881489624241,0.349129402966512,0
3.8876835981131,3.63796671899973,-0.516742693447933,0.413882669229118,0.00117970088023152,1.45676273626977,0.413882669229118,0.349796489346496,0
3.88868351673401,3.63888221050029,-0.516340558444675,0.413883848833996,0.00117970088023152,1.45576413240179,0.413883848833996,0.350464018550308,0
3.88968343535492,3.63979770152649,-0.515938422361498,0.413885028438873,0.00117970088023152,1.45476553040051,0.413885028438873,0.351131989869154,0
3.89068335397584,3.64071319207833,-0.515536285198404,0.41388620804375,0.00117970088023152,1.45376693026979,0.41388620804375,0.351800402595283,0
3.89168327259675,3.64162868215581,-0.515134146955394,0.413887387648627,0.00117970088023152,1.45276833201348,0.413887387648627,0.352469256021989,0
3.89268319121767,3.64254417175892,-0.514732007632467,0.413888567253505,0.00117970088023152,1.45176973563545,0.413888567253505,0.353138549443608,0
3.89368310983858,3.64345966088767,-0.514329867229624,0.413889746858382,0.00117970088023152,1.45077114113958,0.413889746858382,0.353808282155523,0
3.89468302845949,3.64437514954205,-0.513927725746866,0.413890926463259,0.00117970088023152,1.44977254852977,0.413890926463259,0.354478453454155,0
3.89568294708041,3.64529063772206,-0.513525583184194,0.413892106068136,0.00117970088023152,1.44877395780991,0.413892106068136,0.355149062636969,0
3.89668286570132,3.6462061254277,-0.513123439541607,0.413893285673013,0.00117970088023152,1.44777536898391,0.413893285673014,0.355820109002473,0
3.89768278432223,3.64712161265897,-0.512721294819107,0.413894465277891,0.00117970088023152,1.4467767820557,0.413894465277891,0.356491591850215,0
3.89868270294315,3.64803709941586,-0.512319149016695,0.413895644882768,0.00117970088023152,1.44577819702922,0.413895644882768,0.357163510480787,0
3.89968262156406,3.64895258569838,-0.511917002134369,0.413896824487645,0.00117970088023152,1.44477961390841,0.413896824487645,0.357835864195819,0
3.90068254018498,3.64986807150653,-0.511514854172132,0.413898004092522,0.00117970088023152,1.44378103269721,0.413898004092522,0.358508652297983,0
3.90168245880589,3.6507835568403,-0.511112705129984,0.4138991836974,0.00117970088023152,1.44278245339961,0.4138991836974,0.359181874090994,0
3.9026823774268,3.6516990416997,-0.510710555007925,0.413900363302277,0.00117970088023152,1.44178387601957,0.413900363302277,0.359855528879602,0
3.90368229604772,3.65261452608471,-0.510308403805956,0.413901542907154,0.00117970088023152,1.44078530056109,0.413901542907154,0.360529615969599,0
3.90468221466863,3.65353000999534,-0.509906251524077,0.413902722512031,0.00117970088023152,1.43978672702816,0.413902722512031,0.361204134667816,0
3.90568213328955,3.6544454934316,-0.509504098162289,0.413903902116908,0.00117970088023152,1.4387881554248,0.413903902116909,0.361879084282125,0
3.90668205191046,3.65536097639347,-0.509101943720593,0.413905081721786,0.00117970088023152,1.43778958575503,0.413905081721786,0.362554464121431,0
3.90768197053137,3.65627645888095,-0.508699788198989,0.413906261326663,0.00117970088023152,1.43679101802287,0.413906261326663,0.363230273495682,0
3.90868188915229,3.65719194089405,-0.508297631597478,0.41390744093154,0.00117970088023152,1.43579245223238,0.41390744093154,0.363906511715861,0
3.9096818077732,3.65810742243277,-0.50789547391606,0.413908620536417,0.00117970088023152,1.43479388838761,0.413908620536418,0.364583178093988,0
3.91068172639411,3.6590229034971,-0.507493315154735,0.413909800141295,0.00117970088023152,1.43379532649263,0.413909800141295,0.365260271943121,0
3.91168164501503,3.65993838408703,-0.507091155313505,0.413910979746172,0.00117970088023152,1.43279676655151,0.413910979746172,0.365937792577354,0
3.91268156363594,3.66085386420258,-0.50668899439237,0.413912159351049,0.00117970088023152,1.43179820856834,0.413912159351049,0.366615739311814,0
3.91368148225686,3.66176934384374,-0.506286832391331,0.413913338955926,0.00117970088023152,1.43079965254723,0.413913338955926,0.367294111462667,0
3.91468140087777,3.6626848230105,-0.505884669310387,0.413914518560804,0.00117970088023152,1.42980109849228,0.413914518560803,0.367972908347112,0
3.91568131949868,3.66360030170287,-0.50548250514954,0.413915698165681,0.00117970088023152,1.42880254640763,0.413915698165681,0.368652129283381,0
3.9166812381196,3.66451577992084,-0.50508033990879,0.413916877770558,0.00117970088023152,1.4278039962974,0.413916877770558,0.369331773590743,0
3.91768115674051,3.66543125766442,-0.504678173588138,0.413918057375435,0.00117970088023152,1.42680544816574,0.413918057375435,0.370011840589497,0
3.91868107536143,3.66634673493359,-0.504276006187584,0.413919236980312,0.00117970088023152,1.42580690201681,0.413919236980313,0.370692329600977,0
3.91968099398234,3.66726221172837,-0.503873837707129,0.41392041658519,0.00117970088023152,1.42480835785479,0.41392041658519,0.371373239947548,0
3.92068091260325,3.66817768804875,-0.503471668146774,0.413921596190067,0.00117970088023152,1.42380981568384,0.413921596190067,0.372054570952608,0
3.92168083122417,3.66909316389473,-0.503069497506518,0.413922775794944,0.00117970088023152,1.42281127550818,0.413922775794944,0.372736321940585,0
3.92268074984508,3.6700086392663,-0.502667325786363,0.413923955399821,0.00117970088023152,1.42181273733199,0.413923955399822,0.373418492236938,0
3.923680668466,3.67092411416347,-0.502265152986309,0.413925135004699,0.00117970088023152,1.4208142011595,0.413925135004698,0.374101081168159,0
3.92468058708691,3.67183958858623,-0.501862979106356,0.413926314609576,0.00117970088023152,1.41981566699494,0.413926314609576,0.374784088061764,0
3.92568050570782,3.67275506253459,-0.501460804146506,0.413927494214453,0.00117970088023152,1.41881713484255,0.413927494214453,0.375467512246304,0
3.92668042432874,3.67367053600854,-0.501058628106758,0.41392867381933,0.00117970088023152,1.41781860470658,0.41392867381933,0.376151353051354,0
3.92768034294965,3.67458600900808,-0.500656450987114,0.413929853424207,0.00117970088023152,1.41682007659129,0.413929853424207,0.37683560980752,0
3.92868026157056,3.67550148153321,-0.500254272787574,0.413931033029085,0.00117970088023152,1.41582155050096,0.413931033029085,0.377520281846433,0
3.92968018019148,3.67641695358392,-0.499852093508138,0.413932212633962,0.00117970088023152,1.41482302643989,0.413932212633962,0.378205368500754,0
3.93068009881239,3.67733242516023,-0.499449913148807,0.413933392238839,0.00117970088023152,1.41382450441237,0.413933392238839,0.378890869104167,0
3.93168001743331,3.67824789626212,-0.499047731709582,0.413934571843716,0.00117970088023152,1.41282598442271,0.413934571843716,0.379576782991384,0
3.93267993605422,3.67916336688959,-0.498645549190462,0.413935751448594,0.00117970088023152,1.41182746647524,0.413935751448594,0.38026310949814,0
3.93367985467513,3.68007883704264,-0.498243365591449,0.413936931053471,0.00117970088023152,1.41082895057431,0.413936931053471,0.380949847961197,0
3.93467977329605,3.68099430672128,-0.497841180912544,0.413938110658348,0.00117970088023152,1.40983043672424,0.413938110658348,0.381636997718338,0
3.93567969191696,3.6819097759255,-0.497438995153746,0.413939290263225,0.00117970088023152,1.40883192492942,0.413939290263225,0.382324558108372,0
3.93667961053788,3.68282524465529,-0.497036808315057,0.413940469868103,0.00117970088023152,1.40783341519421,0.413940469868102,0.383012528471128,0
3.93767952915879,3.68374071291067,-0.496634620396477,0.41394164947298,0.00117970088023152,1.40683490752301,0.41394164947298,0.38370090814746,0
3.9386794477797,3.68465618069162,-0.496232431398006,0.413942829077857,0.00117970088023152,1.4058364019202,0.413942829077857,0.38438969647924,0
3.93967936640062,3.68557164799815,-0.495830241319645,0.413944008682734,0.00117970088023152,1.4048378983902,0.413944008682734,0.385078892809363,0
3.94067928502153,3.68648711483025,-0.495428050161394,0.413945188287611,0.00117970088023152,1.40383939693744,0.413945188287611,0.385768496481745,0
3.94167920364244,3.68740258118792,-0.495025857923255,0.413946367892489,0.00117970088023152,1.40284089756636,0.413946367892489,0.386458506841317,0
3.94267912226336,3.68831804707116,-0.494623664605228,0.413947547497366,0.00117970088023152,1.4018424002814,0.413947547497366,0.387148923234034,0
3.94367904088427,3.68923351247998,-0.494221470207312,0.413948727102243,0.00117970088023152,1.40084390508702,0.413948727102243,0.387839745006865,0
3.94467895950519,3.69014897741436,-0.49381927472951,0.41394990670712,0.00117970088023152,1.3998454119877,0.41394990670712,0.3885309715078,0
3.9456788781261,3.69106444187431,-0.493417078171821,0.413951086311998,0.00117970088023152,1.39884692098793,0.413951086311998,0.389222602085842,0
3.94667879674701,3.69197990585983,-0.493014880534246,0.413952265916875,0.00117970088023152,1.39784843209221,0.413952265916875,0.389914636091013,0
3.94767871536793,3.69289536937091,-0.492612681816785,0.413953445521752,0.00117970088023152,1.39684994530505,0.413953445521752,0.390607072874349,0
3.94867863398884,3.69381083240756,-0.492210482019439,0.413954625126629,0.00117970088023152,1.39585146063098,0.413954625126629,0.391299911787901,0
3.94967855260976,3.69472629496977,-0.49180828114221,0.413955804731506,0.00117970088023152,1.39485297807454,0.413955804731506,0.391993152184735,0
3.95067847123067,3.69564175705754,-0.491406079185096,0.413956984336384,0.00117970088023152,1.39385449764027,0.413956984336384,0.392686793418928,0
3.95167838985158,3.69655721867087,-0.491003876148099,0.413958163941261,0.00117970088023152,1.39285601933275,0.413958163941261,0.39338083484557,0
3.9526783084725,3.69747267980976,-0.490601672031219,0.413959343546138,0.00117970088023152,1.39185754315655,0.413959343546138,0.394075275820766,0
3.95367822709341,3.6983881404742,-0.490199466834457,0.413960523151015,0.00117970088023152,1.39085906911627,0.413960523151015,0.394770115701628,0
3.95467814571432,3.69930360066421,-0.489797260557814,0.413961702755893,0.00117970088023152,1.38986059721651,0.413961702755893,0.395465353846281,0
3.95567806433524,3.70021906037976,-0.489395053201289,0.41396288236077,0.00117970088023152,1.38886212746189,0.41396288236077,0.396160989613858,0
3.95667798295615,3.70113451962087,-0.488992844764884,0.413964061965647,0.00117970088023152,1.38786365985703,0.413964061965647,0.396857022364502,0
3.95767790157707,3.70204997838754,-0.488590635248599,0.413965241570524,0.00117970088023152,1.38686519440659,0.413965241570524,0.397553451459364,0
3.95867782019798,3.70296543667975,-0.488188424652435,0.413966421175401,0.00117970088023152,1.38586673111522,0.413966421175401,0.398250276260603,0
3.95967773881889,3.70388089449752,-0.487786212976392,0.413967600780279,0.00117970088023152,1.38486826998759,0.413967600780279,0.398947496131382,0
3.96067765743981,3.70479635184083,-0.487384000220471,0.413968780385156,0.00117970088023152,1.38386981102838,0.413968780385156,0.399645110435874,0
3.96167757606072,3.70571180870969,-0.486981786384672,0.413969959990033,0.00117970088023152,1.38287135424231,0.413969959990033,0.400343118539254,0
3.96267749468164,3.70662726510409,-0.486579571468996,0.41397113959491,0.00117970088023152,1.38187289963407,0.41397113959491,0.401041519807703,0
3.96367741330255,3.70754272102404,-0.486177355473444,0.413972319199788,0.00117970088023152,1.38087444720839,0.413972319199788,0.401740313608403,0
3.96467733192346,3.70845817646954,-0.485775138398015,0.413973498804665,0.00117970088023152,1.37987599697002,0.413973498804665,0.402439499309542,0
3.96567725054438,3.70937363144057,-0.485372920242711,0.413974678409542,0.00117970088023152,1.3788775489237,0.413974678409542,0.403139076280309,0
3.96667716916529,3.71028908593715,-0.484970701007532,0.413975858014419,0.00117970088023152,1.3778791030742,0.413975858014419,0.403839043890893,0
3.96767708778621,3.71120453995927,-0.484568480692479,0.413977037619296,0.00117970088023152,1.37688065942631,0.413977037619297,0.404539401512486,0
3.96867700640712,3.71211999350692,-0.484166259297552,0.413978217224174,0.00117970088023152,1.37588221798481,0.413978217224174,0.405240148517276,0
3.96967692502803,3.71303544658011,-0.483764036822752,0.413979396829051,0.00117970088023152,1.37488377875452,0.413979396829051,0.405941284278454,0
3.97067684364895,3.71395089917884,-0.483361813268079,0.413980576433928,0.00117970088023152,1.37388534174025,0.413980576433928,0.406642808170205,0
3.97167676226986,3.7148663513031,-0.482959588633535,0.413981756038805,0.00117970088023152,1.37288690694685,0.413981756038805,0.407344719567714,0
3.97267668089077,3.7157818029529,-0.482557362919118,0.413982935643683,0.00117970088023152,1.37188847437916,0.413982935643682,0.408047017847161,0
3.97367659951169,3.71669725412822,-0.482155136124831,0.41398411524856,0.00117970088023152,1.37089004404204,0.41398411524856,0.408749702385722,0
3.9746765181326,3.71761270482908,-0.481752908250673,0.413985294853437,0.00117970088023152,1.36989161594039,0.413985294853437,0.409452772561567,0
3.97567643675352,3.71852815505547,-0.481350679296646,0.413986474458314,0.00117970088023152,1.36889319007908,0.413986474458314,0.410156227753861,0
3.97667635537443,3.71944360480738,-0.480948449262749,0.413987654063191,0.00117970088023152,1.36789476646303,0.413987654063192,0.410860067342763,0
3.97767627399534,3.72035905408483,-0.480546218148984,0.413988833668069,0.00117970088023152,1.36689634509716,0.413988833668069,0.41156429070942,0
3.97867619261626,3.72127450288779,-0.48014398595535,0.413990013272946,0.00117970088023152,1.3658979259864,0.413990013272946,0.412268897235974,0
3.97967611123717,3.72218995121629,-0.479741752681849,0.413991192877823,0.00117970088023152,1.3648995091357,0.413991192877823,0.412973886305558,0
3.98067602985809,3.7231053990703,-0.479339518328481,0.4139923724827,0.00117970088023152,1.36390109455004,0.413992372482701,0.413679257302292,0
3.981675948479,3.72402084644984,-0.478937282895246,0.413993552087578,0.00117970088023152,1.36290268223438,0.413993552087577,0.414385009611285,0
3.98267586709991,3.7249362933549,-0.478535046382145,0.413994731692455,0.00117970088023152,1.36190427219372,0.413994731692455,0.415091142618637,0
3.98367578572083,3.72585173978547,-0.478132808789179,0.413995911297332,0.00117970088023152,1.36090586443308,0.413995911297332,0.415797655711431,0
3.98467570434174,3.72676718574157,-0.477730570116348,0.413997090902209,0.00117970088023152,1.35990745895746,0.413997090902209,0.41650454827774,0
3.98567562296265,3.72768263122318,-0.477328330363654,0.413998270507087,0.00117970088023152,1.35890905577192,0.413998270507086,0.417211819706617,0
3.98667554158357,3.7285980762303,-0.476926089531095,0.413999450111964,0.00117970088023152,1.3579106548815,0.413999450111964,0.417919469388105,0
3.98767546020448,3.72951352076294,-0.476523847618673,0.414000629716841,0.00117970088023152,1.35691225629127,0.414000629716841,0.418627496713229,0
3.9886753788254,3.7304289648211,-0.476121604626389,0.414001809321718,0.00117970088023152,1.35591386000632,0.414001809321718,0.419335901073993,0
3.98967529744631,3.73134440840476,-0.475719360554243,0.414002988926595,0.00117970088023152,1.35491546603174,0.414002988926595,0.420044681863388,0
3.99067521606722,3.73225985151394,-0.475317115402235,0.414004168531473,0.00117970088023152,1.35391707437264,0.414004168531473,0.420753838475381,0
3.99167513468814,3.73317529414862,-0.474914869170366,0.41400534813635,0.00117970088023152,1.35291868503415,0.41400534813635,0.421463370304924,0
3.99267505330905,3.73409073753898,-0.47451262465829,0.414000254407569,-0.00525501115495114,1.35192029785217,0.414000254407569,0.42217327890092,0
3.99367497192997,3.73500618304215,-0.474110384954653,0.413994999824062,-0.00525501115495114,1.35092191264464,0.413994999824062,0.422883566030732,0
3.99467489055088,3.7359216306589,-0.473708150061307,0.413989745240555,-0.00525501115495114,1.34992352941585,0.413989745240555,0.42359423108635,0
3.99567480917179,3.73683708038922,-0.473305919978262,0.413984490657048,-0.00525501115495114,1.34892514817024,0.413984490657048,0.424305273459335,0
3.99667472779271,3.73775253223308,-0.472903694705529,0.413979236073541,-0.00525501115495114,1.34792676891222,0.413979236073541,0.425016692542228,0
3.99767464641362,3.73866798619045,-0.472501474243121,0.413973981490034,-0.00525501115495114,1.34692839164626,0.413973981490035,0.425728487728552,0
3.99867456503454,3.73958344226131,-0.472099258591047,0.413968726906527,-0.00525501115495114,1.3459300163768,0.413968726906528,0.426440658412815,0
3.99967448365545,3.74049890044564,-0.471697047749319,0.41396347232302,-0.00525501115495114,1.34493164310833,0.413963472323021,0.427153203990503,0
4.00067440227636,3.7414143607434,-0.471294841717948,0.413958217739514,-0.00525501115495114,1.34393327184533,0.413958217739514,0.42786612385808,0
4.00167432089728,3.74232982315457,-0.470892640496946,0.413952963156007,-0.00525501115495114,1.3429349025923,0.413952963156007,0.428579417412995,0
4.00267423951819,3.74324528767913,-0.470490444086322,0.4139477085725,-0.00525501115495114,1.34193653535376,0.4139477085725,0.429293084053667,0
4.0036741581391,3.74416075431705,-0.470088252486089,0.413942453988993,-0.00525501115495114,1.34093817013423,0.413942453988993,0.430007123179499,0
4.00467407676002,3.74507622306831,-0.469686065696257,0.413937199405486,-0.00525501115495114,1.33993980693825,0.413937199405486,0.430721534190864,0
4.00567399538093,3.74599169393288,-0.469283883716838,0.413931944821979,-0.00525501115495114,1.33894144577038,0.413931944821979,0.431436316489113,0
4.00667391400185,3.74690716691074,-0.468881706547843,0.413926690238472,-0.00525501115495114,1.33794308663518,0.413926690238472,0.432151469476571,0
4.00767383262276,3.74782264200186,-0.468479534189283,0.413921435654965,-0.00525501115495114,1.33694472953724,0.413921435654965,0.432866992556536,0
4.00867375124367,3.74873811920621,-0.468077366641168,0.413916181071458,-0.00525501115495114,1.33594637448115,0.413916181071458,0.433582885133278,0
4.00967366986459,3.74965359852378,-0.46767520390351,0.413910926487951,-0.00525501115495114,1.33494802147152,0.413910926487951,0.434299146612038,0
4.0106735884855,3.75056907995453,-0.46727304597632,0.413905671904444,-0.00525501115495114,1.33394967051297,0.413905671904444,0.435015776399027,0
4.01167350710642,3.75148456349843,-0.46687089285961,0.413900417320937,-0.00525501115495114,1.33295132161014,0.413900417320937,0.435732773901424,0
4.01267342572733,3.75240004915548,-0.466468744553389,0.41389516273743,-0.00525501115495114,1.33195297476768,0.41389516273743,0.436450138527381,0
4.01367334434824,3.75331553692563,-0.466066601057671,0.413889908153923,-0.00525501115495114,1.33095462999025,0.413889908153923,0.437167869686012,0
4.01467326296916,3.75423102680887,-0.465664462372464,0.413884653570416,-0.00525501115495114,1.32995628728253,0.413884653570416,0.4378859667874,0
4.01567318159007,3.75514651880516,-0.465262328497782,0.413879398986909,-0.00525501115495114,1.32895794664921,0.413879398986909,0.438604429242593,0
4.01667310021098,3.75606201291449,-0.464860199433634,0.413874144403402,-0.00525501115495114,1.327959608095,0.413874144403402,0.439323256463604,0
4.0176730188319,3.75697750913682,-0.464458075180031,0.413868889819896,-0.00525501115495114,1.32696127162462,0.413868889819895,0.440042447863408,0
4.01867293745281,3.75789300747214,-0.464055955736986,0.413863635236389,-0.00525501115495114,1.3259629372428,0.413863635236388,0.440762002855943,0
4.01967285607373,3.75880850792042,-0.463653841104509,0.413858380652882,-0.00525501115495114,1.3249646049543,0.413858380652881,0.44148192085611,0
4.02067277469464,3.75972401048163,-0.463251731282611,0.413853126069375,-0.00525501115495114,1.32396627476387,0.413853126069375,0.442202201279768,0
4.02167269331555,3.76063951515574,-0.462849626271303,0.413847871485868,-0.00525501115495114,1.32296794667629,0.413847871485868,0.442922843543736,0
4.02267261193647,3.76155502194274,-0.462447526070596,0.413842616902361,-0.00525501115495114,1.32196962069635,0.413842616902361,0.443643847065795,0
4.02367253055738,3.7624705308426,-0.462045430680501,0.413837362318854,-0.00525501115495114,1.32097129682887,0.413837362318854,0.444365211264677,0
4.0246724491783,3.76338604185528,-0.461643340101031,0.413832107735347,-0.00525501115495114,1.31997297507865,0.413832107735347,0.445086935560075,0
4.02567236779921,3.76430155498077,-0.461241254332194,0.41382685315184,-0.00525501115495114,1.31897465545054,0.41382685315184,0.445809019372636,0
4.02667228642012,3.76521707021904,-0.460839173374004,0.413821598568333,-0.00525501115495114,1.31797633794939,0.413821598568333,0.446531462123963,0
4.02767220504104,3.76613258757007,-0.46043709722647,0.413816343984826,-0.00525501115495114,1.31697802258005,0.413816343984826,0.447254263236611,0
4.02867212366195,3.76704810703383,-0.460035025889605,0.413811089401319,-0.00525501115495114,1.31597970934742,0.413811089401319,0.447977422134087,0
4.02967204228286,3.76796362861029,-0.459632959363418,0.413805834817812,-0.00525501115495114,1.31498139825638,0.413805834817812,0.448700938240851,0
4.03067196090378,3.76887915229943,-0.459230897647921,0.413800580234305,-0.00525501115495114,1.31398308931184,0.413800580234305,0.44942481098231,0
4.03167187952469,3.76979467810123,-0.458828840743126,0.413795325650798,-0.00525501115495114,1.31298478251872,0.413795325650798,0.450149039784825,0
4.03267179814561,3.77071020601565,-0.458426788649043,0.413790071067291,-0.00525501115495114,1.31198647788198,0.413790071067291,0.450873624075701,0
4.03367171676652,3.77162573604268,-0.458024741365684,0.413784816483785,-0.00525501115495114,1.31098817540655,0.413784816483784,0.451598563283194,0
4.03467163538743,3.77254126818229,-0.457622698893059,0.413779561900278,-0.00525501115495114,1.3099898750974,0.413779561900278,0.452323856836503,0
4.03567155400835,3.77345680243445,-0.457220661231179,0.413774307316771,-0.00525501115495114,1.30899157695953,0.413774307316771,0.453049504165773,0
4.03667147262926,3.77437233879914,-0.456818628380056,0.413769052733264,-0.00525501115495114,1.30799328099793,0.413769052733264,0.453775504702097,0
4.03767139125018,3.77528787727633,-0.456416600339701,0.413763798149757,-0.00525501115495114,1.30699498721762,0.413763798149757,0.454501857877504,0
4.03867130987109,3.77620341786599,-0.456014577110126,0.41375854356625,-0.00525501115495114,1.30599669562362,0.41375854356625,0.45522856312497,0
4.039671228492,3.77711896056811,-0.45561255869134,0.413753288982743,-0.00525501115495114,1.30499840622097,0.413753288982743,0.455955619878411,0
4.04067114711292,3.77803450538266,-0.455210545083355,0.413748034399236,-0.00525501115495114,1.30400011901475,0.413748034399236,0.456683027572684,0
4.04167106573383,3.77895005230961,-0.454808536286183,0.413742779815729,-0.00525501115495114,1.30300183401003,0.413742779815729,0.457410785643582,0
4.04267098435475,3.77986560134893,-0.454406532299833,0.413737525232222,-0.00525501115495114,1.30200355121189,0.413737525232222,0.458138893527838,0
4.04367090297566,3.78078115250061,-0.454004533124318,0.413732270648715,-0.00525501115495114,1.30100527062544,0.413732270648715,0.458867350663122,0
4.04467082159657,3.78169670576461,-0.453602538759649,0.413727016065208,-0.00525501115495114,1.30000699225582,0.413727016065208,0.459596156488037,0
4.04567074021749,3.78261226114091,-0.453200549205837,0.413721761481701,-0.00525501115495114,1.29900871610814,0.413721761481701,0.460325310442124,0
4.0466706588384,3.78352781862948,-0.452798564462892,0.413716506898194,-0.00525501115495114,1.29801044218758,0.413716506898195,0.461054811965856,0
4.04767057745931,3.78444337823031,-0.452396584530826,0.413711252314687,-0.00525501115495114,1.2970121704993,0.413711252314688,0.461784660500639,0
4.04867049608023,3.78535893994336,-0.45199460940965,0.41370599773118,-0.00525501115495114,1.29601390104848,0.413705997731181,0.46251485548881,0
4.04967041470114,3.78627450376861,-0.451592639099375,0.413700743147673,-0.00525501115495114,1.29501563384033,0.413700743147674,0.463245396373636,0
4.05067033332206,3.78719006970603,-0.451190673600012,0.413695488564167,-0.00525501115495114,1.29401736888007,0.413695488564167,0.463976282599314,0
4.05167025194297,3.7881056377556,-0.450788712911572,0.41369023398066,-0.00525501115495114,1.29301910617293,0.41369023398066,0.464707513610969,0
4.05267017056388,3.7890212079173,-0.450386757034067,0.413684979397153,-0.00525501115495114,1.29202084572415,0.413684979397153,0.465439088854654,0
4.0536700891848,3.78993678019109,-0.449984805967507,0.413679724813646,-0.00525501115495114,1.29102258753901,0.413679724813646,0.466171007777345,0
4.05467000780571,3.79085235457695,-0.449582859711904,0.413674470230139,-0.00525501115495114,1.29002433162279,0.413674470230139,0.466903269826947,0
4.05566992642663,3.79176793107487,-0.449180918267267,0.413669215646632,-0.00525501115495114,1.28902607798079,0.413669215646632,0.467635874452286,0
4.05666984504754,3.7926835096848,-0.44877898163361,0.413663961063125,-0.00525501115495114,1.28802782661832,0.413663961063125,0.468368821103113,0
4.05766976366845,3.79359909040674,-0.448377049810943,0.413658706479618,-0.00525501115495114,1.28702957754071,0.413658706479618,0.469102109230097,0
4.05866968228937,3.79451467324064,-0.447975122799277,0.413653451896111,-0.00525501115495114,1.28603133075332,0.413653451896111,0.469835738284831,0
4.05966960091028,3.79543025818649,-0.447573200598622,0.413648197312604,-0.00525501115495114,1.2850330862615,0.413648197312604,0.470569707719828,0
4.06066951953119,3.79634584524426,-0.447171283208991,0.413642942729097,-0.00525501115495114,1.28403484407064,0.413642942729097,0.471304016988515,0
4.06166943815211,3.79726143441393,-0.446769370630394,0.41363768814559,-0.00525501115495114,1.28303660418614,0.41363768814559,0.472038665545243,0
4.06266935677302,3.79817702569547,-0.446367462862842,0.413632433562083,-0.00525501115495114,1.28203836661342,0.413632433562083,0.47277365284527,0
4.06366927539394,3.79909261908885,-0.445965559906346,0.413627178978576,-0.00525501115495114,1.28104013135789,0.413627178978576,0.473508978344778,0
4.06466919401485,3.80000821459406,-0.445563661760919,0.413621924395069,-0.00525501115495114,1.28004189842502,0.413621924395069,0.474244641500859,0
4.06566911263576,3.80092381221105,-0.445161768426569,0.413616669811562,-0.00525501115495114,1.27904366782027,0.413616669811562,0.474980641771517,0
4.06666903125668,3.80183941193982,-0.44475987990331,0.413611415228055,-0.00525501115495114,1.27804543954913,0.413611415228055,0.47571697861567,0
4.06766894987759,3.80275501378033,-0.444357996191151,0.413606160644549,-0.00525501115495114,1.27704721361708,0.413606160644548,0.476453651493145,0
4.06866886849851,3.80367061773257,-0.443956117290104,0.413600906061042,-0.00525501115495114,1.27604899002965,0.413600906061041,0.47719065986468,0
4.06966878711942,3.80458622379649,-0.44355424320018,0.413595651477535,-0.00525501115495114,1.27505076879237,0.413595651477535,0.477928003191919,0
4.07066870574033,3.80550183197208,-0.44315237392139,0.413590396894028,-0.00525501115495114,1.2740525499108,0.413590396894028,0.478665680937415,0
4.07166862436125,3.80641744225932,-0.442750509453745,0.413585142310521,-0.00525501115495114,1.2730543333905,0.413585142310521,0.479403692564627,0
4.07266854298216,3.80733305465817,-0.442348649797256,0.413579887727014,-0.00525501115495114,1.27205611923707,0.413579887727014,0.480142037537919,0
4.07366846160307,3.80824866916862,-0.441946794951935,0.413574633143507,-0.00525501115495114,1.27105790745609,0.413574633143507,0.48088071532256,0
4.07466838022399,3.80916428579063,-0.441544944917793,0.41356937856,-0.00525501115495114,1.2700596980532,0.41356937856,0.481619725384719,0
4.0756682988449,3.81007990452419,-0.441143099694839,0.413564123976493,-0.00525501115495114,1.26906149103404,0.413564123976493,0.48235906719147,0
4.07666821746582,3.81099552536926,-0.440741259283087,0.413558869392986,-0.00525501115495114,1.26806328640426,0.413558869392986,0.483098740210784,0
4.07766813608673,3.81191114832582,-0.440339423682546,0.413553614809479,-0.00525501115495114,1.26706508416953,0.413553614809479,0.483838743911533,0
4.07866805470764,3.81282677339385,-0.439937592893228,0.413548360225972,-0.00525501115495114,1.26606688433556,0.413548360225972,0.484579077763489,0
4.07966797332856,3.81374240057332,-0.439535766915144,0.413543105642465,-0.00525501115495114,1.26506868690804,0.413543105642465,0.485319741237319,0
4.08066789194947,3.8146580298642,-0.439133945748305,0.413537851058958,-0.00525501115495114,1.26407049189271,0.413537851058958,0.486060733804586,0
4.08166781057039,3.81557366126648,-0.438732129392722,0.413532596475451,-0.00525501115495114,1.26307229929532,0.413532596475451,0.486802054937749,0
4.0826677291913,3.81648929478012,-0.438330317848407,0.413527341891944,-0.00525501115495114,1.26207410912162,0.413527341891944,0.487543704110161,0
4.08366764781221,3.8174049304051,-0.43792851111537,0.413522087308437,-0.00525501115495114,1.26107592137741,0.413522087308437,0.488285680796065,0
4.08466756643313,3.8183205681414,-0.437526709193622,0.413516832724931,-0.00525501115495114,1.26007773606848,0.41351683272493,0.489027984470598,0
4.08566748505404,3.81923620798898,-0.437124912083174,0.413511578141424,-0.00525501115495114,1.25907955320066,0.413511578141423,0.489770614609787,0
4.08666740367495,3.82015184994783,-0.436723119784038,0.413506323557917,-0.00525501115495114,1.25808137277977,0.413506323557917,0.490513570690546,0
4.08766732229587,3.82106749401791,-0.436321332296225,0.41350106897441,-0.00525501115495114,1.25708319481169,0.41350106897441,0.491256852190681,0
4.08866724091678,3.82198314019921,-0.435919549619746,0.413495814390903,-0.00525501115495114,1.25608501930227,0.413495814390903,0.492000458588881,0
4.0896671595377,3.8228987884917,-0.435517771754611,0.413490559807396,-0.00525501115495114,1.25508684625742,0.413490559807396,0.492744389364722,0
4.09066707815861,3.82381443889535,-0.435115998700833,0.413485305223889,-0.00525501115495114,1.25408867568306,0.413485305223889,0.493488643998664,0
4.09166699677952,3.82473009141014,-0.434714230458421,0.413480050640382,-0.00525501115495114,1.2530905075851,0.413480050640382,0.494233221972052,0
4.09266691540044,3.82564574603604,-0.434312467027388,0.413474796056875,-0.00525501115495114,1.2520923419695,0.413474796056875,0.494978122767113,0
4.09366683402135,3.82656140277302,-0.433910708407744,0.413469541473368,-0.00525501115495114,1.25109417884223,0.413469541473368,0.495723345866954,0
4.09466675264227,3.82747706162107,-0.4335089545995,0.413464286889861,-0.00525501115495114,1.25009601820928,0.413464286889861,0.496468890755561,0
4.09566667126318,3.82839272258016,-0.433107205602667,0.413459032306354,-0.00525501115495114,1.24909786007666,0.413459032306354,0.497214756917802,0
4.09666658988409,3.82930838565025,-0.432705461417257,0.413453777722847,-0.00525501115495114,1.24809970445039,0.413453777722847,0.49796094383942,0
4.09766650850501,3.83022405083133,-0.432303722043281,0.41344852313934,-0.00525501115495114,1.24710155133651,0.413448523139341,0.498707451007035,0
4.09866642712592,3.83113971812338,-0.43190198748075,0.413443268555833,-0.00525501115495114,1.2461034007411,0.413443268555834,0.499454277908142,0
4.09966634574683,3.83205538752635,-0.431500257729674,0.413438013972326,-0.00525501115495114,1.24510525267023,0.413438013972327,0.500201424031112,0
4.10066626436775,3.83297105904024,-0.431098532790065,0.41343275938882,-0.00525501115495114,1.24410710713001,0.41343275938882,0.500948888865187,0
4.10166618298866,3.83388673266501,-0.430696812661934,0.413427504805313,-0.00525501115495114,1.24310896412657,0.413427504805313,0.501696671900482,0
4.10266610160958,3.83480240840064,-0.430295097345292,0.413422250221806,-0.00525501115495114,1.24211082366604,0.413422250221806,0.50244477262798,0
4.10366602023049,3.83571808624711,-0.429893386840151,0.413416995638299,-0.00525501115495114,1.2411126857546,0.413416995638299,0.503193190539537,0
4.1046659388514,3.83663376620438,-0.42949168114652,0.413411741054792,-0.00525501115495114,1.24011455039842,0.413411741054792,0.503941925127876,0
4.10566585747232,3.83754944827244,-0.429089980264412,0.413406486471285,-0.00525501115495114,1.2391164176037,0.413406486471285,0.504690975886587,0
4.10666577609323,3.83846513245125,-0.428688284193838,0.413401231887778,-0.00525501115495114,1.23811828737667,0.413401231887778,0.505440342310125,0
4.10766569471415,3.8393808187408,-0.428286592934808,0.413395977304271,-0.00525501115495114,1.23712015972357,0.413395977304271,0.506190023893812,0
4.10866561333506,3.84029650714105,-0.427884906487333,0.413390722720764,-0.00525501115495114,1.23612203465067,0.413390722720764,0.506940020133831,0
4.10966553195597,3.84121219765199,-0.427483224851425,0.413385468137257,-0.00525501115495114,1.23512391216424,0.413385468137257,0.50769033052723,0
4.11066545057689,3.84212789027359,-0.427081548027096,0.41338021355375,-0.00525501115495114,1.23412579227059,0.41338021355375,0.508440954571917,0
4.1116653691978,3.84304358500581,-0.426679876014355,0.413374958970243,-0.00525501115495114,1.23312767497604,0.413374958970243,0.509191891766659,0
4.11266528781871,3.84395928184865,-0.426278208813214,0.413369704386736,-0.00525501115495114,1.23212956028694,0.413369704386736,0.509943141611084,0
4.11366520643963,3.84487498080206,-0.425876546423684,0.413364449803229,-0.00525501115495114,1.23113144820965,0.413364449803229,0.510694703605678,0
4.11466512506054,3.84579068186603,-0.425474888845776,0.413359195219722,-0.00525501115495114,1.23013333875056,0.413359195219722,0.511446577251781,0
4.11566504368146,3.84670638504053,-0.425073236079501,0.413353940636215,-0.00525501115495114,1.22913523191607,0.413353940636215,0.512198762051589,0
4.11666496230237,3.84762209032554,-0.424671588124871,0.413348686052708,-0.00525501115495114,1.22813712771261,0.413348686052708,0.512951257508155,0
4.11766488092328,3.84853779772103,-0.424269944981896,0.413343431469201,-0.00525501115495114,1.22713902614662,0.413343431469201,0.513704063125383,0
4.1186647995442,3.84945350722697,-0.423868306650588,0.413338176885695,-0.00525501115495114,1.22614092722458,0.413338176885695,0.514457178408028,0
4.11966471816511,3.85036921884334,-0.423466673130957,0.413332922302188,-0.00525501115495114,1.22514283095298,0.413332922302188,0.515210602861698,0
4.12066463678603,3.8512849326404,-0.423065044583273,0.41332591763684,-0.0140061324474806,1.22414473732774,0.41332591763684,0.515964336107808,0
4.12166455540694,3.8522006509376,-0.422663426296063,0.413311912644199,-0.0140061324474806,1.22314664600628,0.413311912644199,0.516718381445086,0
4.12266447402785,3.85311637485936,-0.42226182083352,0.413297907651558,-0.0140061324474806,1.22214855682498,0.413297907651557,0.517472740212725,0
4.12366439264877,3.85403210440551,-0.421860228195724,0.413283902658916,-0.0140061324474806,1.22115046978929,0.413283902658916,0.518227411910435,0
4.12466431126968,3.85494783957588,-0.421458648382752,0.413269897666275,-0.0140061324474806,1.22015238490467,0.413269897666275,0.518982396038781,0
4.1256642298906,3.85586358037028,-0.421057081394685,0.413255892673634,-0.0140061324474806,1.21915430217661,0.413255892673634,0.519737692099185,0
4.12666414851151,3.85677932678853,-0.420655527231599,0.413241887680993,-0.0140061324474806,1.21815622161058,0.413241887680992,0.520493299593925,0
4.12766406713242,3.85769507883046,-0.420253985893575,0.413227882688351,-0.0140061324474806,1.21715814321213,0.413227882688351,0.521249218026128,0
4.12866398575334,3.85861083649588,-0.419852457380691,0.41321387769571,-0.0140061324474806,1.21616006698676,0.41321387769571,0.522005446899776,0
4.12966390437425,3.85952659978461,-0.419450941693025,0.413199872703069,-0.0140061324474806,1.21516199294004,0.413199872703069,0.522761985719702,0
4.13066382299516,3.86044236869648,-0.419049438830658,0.413185867710428,-0.0140061324474806,1.21416392107754,0.413185867710427,0.523518833991588,0
4.13166374161608,3.8613581432313,-0.418647948793666,0.413171862717786,-0.0140061324474806,1.21316585140483,0.413171862717786,0.524275991221968,0
4.13266366023699,3.8622739233889,-0.418246471582129,0.413157857725145,-0.0140061324474806,1.21216778392754,0.413157857725145,0.525033456918217,0
4.13366357885791,3.86318970916909,-0.417845007196126,0.413143852732504,-0.0140061324474806,1.21116971865126,0.413143852732504,0.525791230588562,0
4.13466349747882,3.8641055005717,-0.417443555635736,0.413129847739863,-0.0140061324474806,1.21017165558167,0.413129847739863,0.526549311742072,0
4.13566341609973,3.86502129759655,-0.417042116901037,0.413115842747221,-0.0140061324474806,1.2091735947244,0.413115842747222,0.527307699888661,0
4.13666333472065,3.86593710024345,-0.416640690992107,0.41310183775458,-0.0140061324474806,1.20817553608514,0.41310183775458,0.528066394539087,0
4.13766325334156,3.86685290851223,-0.416239277909027,0.413087832761939,-0.0140061324474806,1.20717747966959,0.413087832761939,0.528825395204946,0
4.13866317196248,3.86776872240271,-0.415837877651874,0.413073827769298,-0.0140061324474806,1.20617942548346,0.413073827769298,0.529584701398678,0
4.13966309058339,3.8686845419147,-0.415436490220727,0.413059822776656,-0.0140061324474806,1.20518137353249,0.413059822776657,0.53034431263356,0
4.1406630092043,3.86960036704803,-0.415035115615664,0.413045817784015,-0.0140061324474806,1.20418332382243,0.413045817784015,0.531104228423709,0
4.14166292782522,3.87051619780253,-0.414633753836766,0.413031812791374,-0.0140061324474806,1.20318527635906,0.413031812791374,0.531864448284076,0
4.14266284644613,3.871432034178,-0.41423240488411,0.413017807798733,-0.0140061324474806,1.20218723114816,0.413017807798733,0.53262497173045,0
4.14366276506704,3.87234787617427,-0.413831068757775,0.413003802806092,-0.0140061324474806,1.20118918819555,0.413003802806092,0.533385798279452,0
4.14466268368796,3.87326372379116,-0.41342974545784,0.41298979781345,-0.0140061324474806,1.20019114750706,0.41298979781345,0.534146927448539,0
4.14566260230887,3.87417957702849,-0.413028434984383,0.412975792820809,-0.0140061324474806,1.19919310908853,0.412975792820809,0.534908358756,0
4.14666252092979,3.87509543588608,-0.412627137337483,0.412961787828168,-0.0140061324474806,1.19819507294583,0.412961787828168,0.535670091720951,0
4.1476624395507,3.87601130036375,-0.41222585251722,0.412947782835527,-0.0140061324474806,1.19719703908486,0.412947782835527,0.536432125863341,0
4.14866235817161,3.87692717046132,-0.411824580523671,0.412933777842885,-0.0140061324474806,1.19619900751151,0.412933777842885,0.537194460703947,0
4.14966227679253,3.87784304617861,-0.411423321356915,0.412919772850244,-0.0140061324474806,1.19520097823172,0.412919772850244,0.537957095764373,0
4.15066219541344,3.87875892751545,-0.411022075017032,0.412905767857603,-0.0140061324474806,1.19420295125143,0.412905767857603,0.538720030567049,0
4.15166211403436,3.87967481447164,-0.410620841504099,0.412891762864962,-0.0140061324474806,1.1932049265766,0.412891762864962,0.53948326463523,0
4.15266203265527,3.88059070704702,-0.410219620818195,0.41287775787232,-0.0140061324474806,1.19220690421323,0.41287775787232,0.540246797492995,0
4.15366195127618,3.88150660524141,-0.4098184129594,0.412863752879679,-0.0140061324474806,1.19120888416732,0.412863752879679,0.541010628665243,0
4.1546618698971,3.88242250905461,-0.409417217927791,0.412849747887038,-0.0140061324474806,1.1902108664449,0.412849747887038,0.541774757677698,0
4.15566178851801,3.88333841848646,-0.409016035723448,0.412835742894397,-0.0140061324474806,1.189212851052,0.412835742894397,0.542539184056903,0
4.15666170713892,3.88425433353678,-0.408614866346449,0.412821737901755,-0.0140061324474806,1.18821483799471,0.412821737901755,0.543303907330218,0
4.15766162575984,3.88517025420538,-0.408213709796873,0.412807732909114,-0.0140061324474806,1.18721682727909,0.412807732909114,0.544068927025822,0
4.15866154438075,3.88608618049208,-0.407812566074799,0.412793727916473,-0.0140061324474806,1.18621881891127,0.412793727916473,0.544834242672713,0
4.15966146300167,3.88700211239671,-0.407411435180304,0.412779722923832,-0.0140061324474806,1.18522081289735,0.412779722923831,0.545599853800699,0
4.16066138162258,3.88791804991908,-0.407010317113469,0.41276571793119,-0.0140061324474806,1.18422280924351,0.41276571793119,0.546365759940406,0
4.16166130024349,3.88883399305902,-0.406609211874371,0.412751712938549,-0.0140061324474806,1.18322480795589,0.412751712938549,0.547131960623273,0
4.16266121886441,3.88974994181634,-0.40620811946309,0.412737707945908,-0.0140061324474806,1.1822268090407,0.412737707945908,0.547898455381548,0
4.16366113748532,3.89066589619088,-0.405807039879704,0.412723702953267,-0.0140061324474806,1.18122881250413,0.412723702953266,0.548665243748293,0
4.16466105610624,3.89158185618243,-0.405405973124291,0.412709697960625,-0.0140061324474806,1.18023081835242,0.412709697960625,0.549432325257376,0
4.16566097472715,3.89249782179084,-0.40500491919693,0.412695692967984,-0.0140061324474806,1.17923282659182,0.412695692967984,0.550199699443476,0
4.16666089334806,3.89341379301591,-0.4046038780977,0.412681687975343,-0.0140061324474806,1.17823483722861,0.412681687975343,0.550967365842077,0
4.16766081196898,3.89432976985748,-0.40420284982668,0.412667682982702,-0.0140061324474806,1.17723685026907,0.412667682982701,0.551735323989469,0
4.16866073058989,3.89524575231534,-0.403801834383949,0.41265367799006,-0.0140061324474806,1.17623886571952,0.41265367799006,0.552503573422748,0
4.16966064921081,3.89616174038934,-0.403400831769584,0.412639672997419,-0.0140061324474806,1.17524088358629,0.412639672997419,0.553272113679812,0
4.17066056783172,3.89707773407929,-0.402999841983665,0.412625668004778,-0.0140061324474806,1.17424290387574,0.412625668004778,0.55404094429936,0
4.17166048645263,3.897993733385,-0.40259886502627,0.412611663012137,-0.0140061324474806,1.17324492659426,0.412611663012137,0.554810064820896,0
4.17266040507355,3.89890973830631,-0.402197900897477,0.412597658019495,-0.0140061324474806,1.17224695174823,0.412597658019495,0.555579474784721,0
4.17366032369446,3.89982574884302,-0.401796949597366,0.412583653026854,-0.0140061324474806,1.17124897934409,0.412583653026854,0.556349173731932,0
4.17466024231537,3.90074176499497,-0.401396011126016,0.412569648034213,-0.0140061324474806,1.17025100938827,0.412569648034213,0.557119161204428,0
4.17566016093629,3.90165778676196,-0.400995085483504,0.412555643041572,-0.0140061324474806,1.16925304188723,0.412555643041572,0.557889436744903,0
4.1766600795572,3.90257381414383,-0.40059417266991,0.41254163804893,-0.0140061324474806,1.16825507684748,0.41254163804893,0.558659999896844,0
4.17765999817812,3.90348984714039,-0.400193272685312,0.412527633056289,-0.0140061324474806,1.16725711427551,0.412527633056289,0.559430850204534,0
4.17865991679903,3.90440588575146,-0.399792385529788,0.412513628063648,-0.0140061324474806,1.16625915417786,0.412513628063648,0.560201987213048,0
4.17965983541994,3.90532192997686,-0.399391511203418,0.412499623071007,-0.0140061324474806,1.16526119656107,0.412499623071007,0.56097341046825,0
4.18065975404086,3.90623797981641,-0.398990649706279,0.412485618078365,-0.0140061324474806,1.16426324143173,0.412485618078366,0.561745119516799,0
4.18165967266177,3.90715403526994,-0.398589801038452,0.412471613085724,-0.0140061324474806,1.16326528879644,0.412471613085724,0.562517113906138,0
4.18265959128269,3.90807009633725,-0.398188965200013,0.412457608093083,-0.0140061324474806,1.1622673386618,0.412457608093083,0.563289393184501,0
4.1836595099036,3.90898616301819,-0.397788142191042,0.412443603100442,-0.0140061324474806,1.16126939103447,0.412443603100442,0.564061956900907,0
4.18465942852451,3.90990223531255,-0.397387332011618,0.4124295981078,-0.0140061324474806,1.16027144592112,0.412429598107801,0.564834804605162,0
4.18565934714543,3.91081831322017,-0.396986534661818,0.412415593115159,-0.0140061324474806,1.15927350332842,0.412415593115159,0.565607935847854,0
4.18665926576634,3.91173439674086,-0.396585750141723,0.412401588122518,-0.0140061324474806,1.1582755632631,0.412401588122518,0.566381350180356,0
4.18765918438725,3.91265048587445,-0.39618497845141,0.412387583129877,-0.0140061324474806,1.15727762573188,0.412387583129877,0.567155047154821,0
4.18865910300817,3.91356658062075,-0.395784219590957,0.412373578137235,-0.0140061324474806,1.15627969074152,0.412373578137236,0.567929026324185,0
4.18965902162908,3.91448268097959,-0.395383473560444,0.412359573144594,-0.0140061324474806,1.15528175829881,0.412359573144594,0.568703287242161,0
4.19065894025,3.91539878695078,-0.394982740359949,0.412345568151953,-0.0140061324474806,1.15428382841054,0.412345568151953,0.569477829463242,0
4.19165885887091,3.91631489853415,-0.394582019989551,0.412331563159312,-0.0140061324474806,1.15328590108354,0.412331563159312,0.570252652542697,0
4.19265877749182,3.91723101572951,-0.394181312449328,0.41231755816667,-0.0140061324474806,1.15228797632467,0.41231755816667,0.57102775603657,0
4.19365869611274,3.9181471385367,-0.393780617739359,0.412303553174029,-0.0140061324474806,1.1512900541408,0.412303553174029,0.571803139501682,0
4.19465861473365,3.91906326695551,-0.393379935859722,0.412289548181388,-0.0140061324474806,1.15029213453883,0.412289548181388,0.572578802495625,0
4.19565853335457,3.91997940098579,-0.392979266810497,0.412275543188747,-0.0140061324474806,1.14929421752567,0.412275543188747,0.573354744576766,0
4.19665845197548,3.92089554062734,-0.392578610591761,0.412261538196106,-0.0140061324474806,1.14829630310827,0.412261538196105,0.57413096530424,0
4.19765837059639,3.92181168587999,-0.392177967203594,0.412247533203464,-0.0140061324474806,1.14729839129361,0.412247533203464,0.574907464237954,0
4.19865828921731,3.92272783674355,-0.391777336646072,0.412233528210823,-0.0140061324474806,1.14630048208867,0.412233528210823,0.575684240938582,0
4.19965820783822,3.92364399321786,-0.391376718919277,0.412219523218182,-0.0140061324474806,1.14530257550047,0.412219523218182,0.576461294967568,0
4.20065812645914,3.92456015530272,-0.390976114023286,0.412205518225541,-0.0140061324474806,1.14430467153606,0.41220551822554,0.577238625887119,0
4.20165804508005,3.92547632299796,-0.390575521958177,0.412191513232899,-0.0140061324474806,1.1433067702025,0.412191513232899,0.578016233260209,0
4.20265796370096,3.9263924963034,-0.390174942724029,0.412177508240258,-0.0140061324474806,1.14230887150689,0.412177508240258,0.578794116650575,0
4.20365788232188,3.92730867521886,-0.389774376320921,0.412163503247617,-0.0140061324474806,1.14131097545633,0.412163503247617,0.579572275622719,0
4.20465780094279,3.92822485974416,-0.389373822748931,0.412149498254976,-0.0140061324474806,1.14031308205796,0.412149498254975,0.580350709741902,0
4.20565771956371,3.92914104987913,-0.388973282008138,0.412135493262334,-0.0140061324474806,1.13931519131896,0.412135493262334,0.581129418574147,0
4.20665763818462,3.93005724562356,-0.38857275409862,0.412121488269693,-0.0140061324474806,1.13831730324652,0.412121488269693,0.581908401686232,0
4.20765755680553,3.93097344697731,-0.388172239020457,0.412107483277052,-0.0140061324474806,1.13731941784783,0.412107483277052,0.5826876586457,0
4.20865747542645,3.93188965394017,-0.387771736773725,0.412093478284411,-0.0140061324474806,1.13632153513016,0.412093478284411,0.583467189020844,0
4.20965739404736,3.93280586651197,-0.387371247358505,0.412079473291769,-0.0140061324474806,1.13532365510076,0.412079473291769,0.584246992380716,0
4.21065731266827,3.93372208469254,-0.386970770774874,0.412065468299128,-0.0140061324474806,1.13432577776692,0.412065468299128,0.585027068295124,0
4.21165723128919,3.93463830848168,-0.386570307022912,0.412051463306487,-0.0140061324474806,1.13332790313596,0.412051463306487,0.585807416334623,0
4.2126571499101,3.93555453787923,-0.386169856102696,0.412037458313846,-0.0140061324474806,1.13233003121523,0.412037458313846,0.586588036070526,0
4.21365706853102,3.936470772885,-0.385769418014306,0.412023453321204,-0.0140061324474806,1.13133216201208,0.412023453321204,0.587368927074895,0
4.21465698715193,3.93738701349881,-0.385368992757819,0.412009448328563,-0.0140061324474806,1.13033429553391,0.412009448328563,0.588150088920541,0
4.21565690577284,3.93830325972049,-0.384968580333315,0.411995443335922,-0.0140061324474806,1.12933643178815,0.411995443335922,0.588931521181022,0
4.21665682439376,3.93921951154985,-0.384568180740871,0.411981438343281,-0.0140061324474806,1.12833857078223,0.411981438343281,0.589713223430646,0
4.21765674301467,3.94013576898671,-0.384167793980567,0.411967433350639,-0.0140061324474806,1.12734071252363,0.41196743335064,0.590495195244467,0
4.21865666163558,3.9410520320309,-0.38376742005248,0.411953428357998,-0.0140061324474806,1.12634285701984,0.411953428357998,0.591277436198281,0
4.2196565802565,3.94196830068223,-0.383367058956691,0.411939423365357,-0.0140061324474806,1.1253450042784,0.411939423365357,0.59205994586863,0
4.22065649887741,3.94288457494052,-0.382966710693276,0.411925418372716,-0.0140061324474806,1.12434715430685,0.411925418372716,0.592842723832797,0
4.22165641749833,3.9438008548056,-0.382566375262315,0.411911413380074,-0.0140061324474806,1.12334930711276,0.411911413380075,0.593625769668807,0
4.22265633611924,3.94471714027729,-0.382166052663886,0.411897408387433,-0.0140061324474806,1.12235146270375,0.411897408387433,0.594409082955427,0
4.22365625474015,3.9456334313554,-0.381765742898067,0.411883403394792,-0.0140061324474806,1.12135362108744,0.411883403394792,0.595192663272159,0
4.22465617336107,3.94654972803975,-0.381365445964937,0.411869398402151,-0.0140061324474806,1.12035578227149,0.411869398402151,0.595976510199247,0
4.22565609198198,3.94746603033017,-0.380965161864575,0.411855393409509,-0.0140061324474806,1.11935794626358,0.411855393409509,0.596760623317668,0
4.2266560106029,3.94838233822648,-0.380564890597059,0.411841388416868,-0.0140061324474806,1.11836011307144,0.411841388416868,0.597545002209136,0
4.22765592922381,3.94929865172849,-0.380164632162468,0.411827383424227,-0.0140061324474806,1.11736228270279,0.411827383424227,0.598329646456098,0
4.22865584784472,3.95021497083603,-0.379764386560879,0.411813378431586,-0.0140061324474806,1.1163644551654,0.411813378431586,0.599114555641736,0
4.22965576646564,3.95113129554892,-0.379364153792373,0.411799373438944,-0.0140061324474806,1.11536663046708,0.411799373438944,0.599899729349963,0
4.23065568508655,3.95204762586697,-0.378963933857026,0.411785368446303,-0.0140061324474806,1.11436880861564,0.411785368446303,0.600685167165422,0
4.23165560370747,3.95296396179002,-0.378563726754918,0.411771363453662,-0.0140061324474806,1.11337098961893,0.411771363453662,0.601470868673485,0
4.23265552232838,3.95388030331786,-0.378163532486127,0.411757358461021,-0.0140061324474806,1.11237317348483,0.411757358461021,0.602256833460255,0
4.23365544094929,3.95479665045034,-0.377763351050732,0.411743353468379,-0.0140061324474806,1.11137536022125,0.411743353468379,0.603043061112558,0
4.23465535957021,3.95571300318727,-0.377363182448811,0.411729348475738,-0.0140061324474806,1.11037754983612,0.411729348475738,0.60382955121795,0
4.23565527819112,3.95662936152846,-0.376963026680442,0.411715343483097,-0.0140061324474806,1.1093797423374,0.411715343483097,0.60461630336471,0
4.23665519681203,3.95754572547374,-0.376562883745705,0.411701338490456,-0.0140061324474806,1.10838193773309,0.411701338490456,0.605403317141839,0
4.23765511543295,3.95846209502293,-0.376162753644677,0.411687333497815,-0.0140061324474806,1.1073841360312,0.411687333497814,0.606190592139064,0
4.23865503405386,3.95937847017585,-0.375762636377437,0.411673328505173,-0.0140061324474806,1.10638633723979,0.411673328505173,0.60697812794683,0
4.23965495267478,3.96029485093232,-0.375362531944064,0.411659323512532,-0.0140061324474806,1.10538854136693,0.411659323512532,0.607765924156302,0
4.24065487129569,3.96121123729216,-0.374962440344635,0.411645318519891,-0.0140061324474806,1.10439074842072,0.411645318519891,0.608553980359368,0
4.2416547899166,3.96212762925519,-0.374562361579231,0.41163131352725,-0.0140061324474806,1.10339295840932,0.411631313527249,0.609342296148629,0
4.24265470853752,3.96304402682123,-0.374162295647927,0.411617308534608,-0.0140061324474806,1.10239517134086,0.411617308534608,0.610130871117404,0
4.24365462715843,3.9639604299901,-0.373762242550805,0.411603303541967,-0.0140061324474806,1.10139738722357,0.411603303541967,0.610919704859729,0
4.24465454577934,3.96487683876162,-0.373362202287941,0.411589298549326,-0.0140061324474806,1.10039960606565,0.411589298549326,0.611708796970351,0
4.24565446440026,3.96579325313561,-0.372962174859415,0.411575293556685,-0.0140061324474806,1.09940182787536,0.411575293556685,0.612498147044734,0
4.24665438302117,3.9667096731119,-0.372562160265304,0.411561288564043,-0.0140061324474806,1.09840405266098,0.411561288564043,0.61328775467905,0
4.24765430164209,3.96762609869029,-0.372162158505688,0.411547283571402,-0.0140061324474806,1.09740628043083,0.411547283571402,0.614077619470186,0
4.248654220263,3.96854252987062,-0.371762169580644,0.411533278578761,-0.0140061324474806,1.09640851119325,0.411533278578761,0.614867741015733,0
4.24965413888391,3.96945896718759,-0.371362194715825,0.411512980310692,-0.0288150445968933,1.0954107448689,0.411512980310692,0.615658119732865,0
4.25065405750483,3.97037541504948,-0.37096224401284,0.411484167611037,-0.0288150445968933,1.09441298074245,0.411484167611037,0.616448761964928,0
4.25165397612574,3.97129187443465,-0.370562319715358,0.411455354911382,-0.0288150445968933,1.09341521865987,0.411455354911382,0.617239668796674,0
4.25265389474666,3.97220834534233,-0.370162421823711,0.411426542211727,-0.0288150445968933,1.09241745862758,0.411426542211727,0.61803083981387,0
4.25365381336757,3.97312482777178,-0.36976255033823,0.411397729512072,-0.0288150445968933,1.09141970065203,0.411397729512073,0.618822274603009,0
4.25465373198848,3.97404132172222,-0.369362705259249,0.411368916812418,-0.0288150445968933,1.09042194473971,0.411368916812417,0.619613972751308,0
4.2556536506094,3.97495782719289,-0.368962886587099,0.411340104112763,-0.0288150445968933,1.0894241908971,0.411340104112763,0.620405933846704,0
4.25665356923031,3.97587434418305,-0.368563094322111,0.411311291413108,-0.0288150445968933,1.08842643913073,0.411311291413108,0.621198157477857,0
4.25765348785123,3.97679087269191,-0.368163328464618,0.411282478713453,-0.0288150445968933,1.08742868944714,0.411282478713453,0.621990643234145,0
4.25865340647214,3.97770741271873,-0.367763589014952,0.411253666013798,-0.0288150445968933,1.0864309418529,0.411253666013798,0.622783390705666,0
4.25965332509305,3.97862396426274,-0.367363875973444,0.411224853314143,-0.0288150445968933,1.08543319635461,0.411224853314143,0.623576399483235,0
4.26065324371397,3.97954052732318,-0.366964189340426,0.411196040614488,-0.0288150445968933,1.08443545295888,0.411196040614488,0.624369669158385,0
4.26165316233488,3.9804571018993,-0.366564529116231,0.411167227914833,-0.0288150445968933,1.08343771167233,0.411167227914834,0.625163199323361,0
4.26265308095579,3.98137368799032,-0.366164895301189,0.411138415215178,-0.0288150445968933,1.08243997250165,0.411138415215178,0.625956989571125,0
4.26365299957671,3.98229028559549,-0.365765287895633,0.411109602515523,-0.0288150445968933,1.08144223545351,0.411109602515523,0.626751039495351,0
4.26465291819762,3.98320689471405,-0.365365706899894,0.411080789815869,-0.0288150445968933,1.08044450053462,0.411080789815869,0.627545348690425,0
4.26565283681854,3.98412351534523,-0.364966152314305,0.411051977116214,-0.0288150445968933,1.07944676775172,0.411051977116214,0.628339916751442,0
4.26665275543945,3.98504014748829,-0.364566624139196,0.411023164416559,-0.0288150445968933,1.07844903711156,0.411023164416559,0.629134743274208,0
4.26765267406036,3.98595679114244,-0.3641671223749,0.410994351716904,-0.0288150445968933,1.07745130862093,0.410994351716904,0.629929827855238,0
4.26865259268128,3.98687344630694,-0.363767647021747,0.410965539017249,-0.0288150445968933,1.07645358228663,0.410965539017249,0.630725170091751,0
4.26965251130219,3.98779011298102,-0.363368198080071,0.410936726317594,-0.0288150445968933,1.07545585811549,0.410936726317594,0.631520769581675,0
4.27065242992311,3.98870679116393,-0.362968775550202,0.410907913617939,-0.0288150445968933,1.07445813611437,0.410907913617939,0.632316625923642,0
4.27165234854402,3.98962348085489,-0.362569379432472,0.410879100918284,-0.0288150445968933,1.07346041629015,0.410879100918284,0.633112738716986,0
4.27265226716493,3.99054018205316,-0.362170009727212,0.41085028821863,-0.0288150445968933,1.07246269864974,0.410850288218629,0.633909107561747,0
4.27365218578585,3.99145689475796,-0.361770666434755,0.410821475518975,-0.0288150445968933,1.07146498320006,0.410821475518975,0.634705732058663,0
4.27465210440676,3.99237361896855,-0.361371349555431,0.41079266281932,-0.0288150445968933,1.07046726994806,0.41079266281932,0.635502611809172,0
4.27565202302767,3.99329035468415,-0.360972059089572,0.410763850119665,-0.0288150445968933,1.06946955890074,0.410763850119665,0.636299746415414,0
4.27665194164859,3.994207101904,-0.360572795037509,0.41073503742001,-0.0288150445968933,1.06847185006509,0.41073503742001,0.637097135480225,0
4.2776518602695,3.99512386062735,-0.360173557399575,0.410706224720355,-0.0288150445968933,1.06747414344814,0.410706224720355,0.637894778607137,0
4.27865177889042,3.99604063085343,-0.3597743461761,0.4106774120207,-0.0288150445968933,1.06647643905696,0.4106774120207,0.638692675400379,0
4.27965169751133,3.99695741258149,-0.359375161367417,0.410648599321045,-0.0288150445968933,1.06547873689862,0.410648599321045,0.639490825464874,0
4.28065161613224,3.99787420581075,-0.358976002973855,0.41061978662139,-0.0288150445968933,1.06448103698023,0.41061978662139,0.640289228406238,0
4.28165153475316,3.99879101054047,-0.358576870995747,0.410590973921735,-0.0288150445968933,1.06348333930893,0.410590973921735,0.641087883830779,0
4.28265145337407,3.99970782676988,-0.358177765433424,0.410562161222081,-0.0288150445968933,1.06248564389187,0.410562161222081,0.641886791345498,0
4.28365137199499,4.00062465449821,-0.357778686287217,0.410533348522426,-0.0288150445968933,1.06148795073624,0.410533348522426,0.642685950558081,0
4.2846512906159,4.00154149372471,-0.357379633557458,0.410504535822771,-0.0288150445968933,1.06049025984925,0.410504535822771,0.643485361076907,0
4.28565120923681,4.00245834444862,-0.356980607244478,0.410475723123116,-0.0288150445968933,1.05949257123815,0.410475723123116,0.644285022511043,0
4.28665112785773,4.00337520666918,-0.356581607348608,0.410446910423461,-0.0288150445968933,1.05849488491018,0.410446910423461,0.645084934470239,0
4.28765104647864,4.00429208038561,-0.356182633870179,0.410418097723806,-0.0288150445968933,1.05749720087266,0.410418097723806,0.645885096564932,0
4.28865096509956,4.00520896559717,-0.355783686809523,0.410389285024151,-0.0288150445968933,1.05649951913289,0.410389285024151,0.646685508406243,0
4.28965088372047,4.00612586230309,-0.355384766166971,0.410360472324496,-0.0288150445968933,1.05550183969822,0.410360472324496,0.647486169605976,0
4.29065080234138,4.00704277050261,-0.354985871942854,0.410331659624841,-0.0288150445968933,1.05450416257602,0.410331659624842,0.648287079776619,0
4.2916507209623,4.00795969019497,-0.354587004137503,0.410302846925187,-0.0288150445968933,1.0535064877737,0.410302846925187,0.649088238531334,0
4.29265063958321,4.0088766213794,-0.354188162751249,0.410274034225532,-0.0288150445968933,1.05250881529867,0.410274034225532,0.649889645483971,0
4.29365055820412,4.00979356405516,-0.353789347784424,0.410245221525877,-0.0288150445968933,1.05151114515839,0.410245221525877,0.650691300249053,0
4.29465047682504,4.01071051822146,-0.353390559237358,0.410216408826222,-0.0288150445968933,1.05051347736035,0.410216408826222,0.651493202441783,0
4.29565039544595,4.01162748387757,-0.352991797110382,0.410187596126567,-0.0288150445968933,1.04951581191205,0.410187596126567,0.652295351678037,0
4.29665031406687,4.0125444610227,-0.352593061403828,0.410158783426912,-0.0288150445968933,1.04851814882103,0.410158783426912,0.653097747574369,0
4.29765023268778,4.01346144965611,-0.352194352118027,0.410129970727257,-0.0288150445968933,1.04752048809485,0.410129970727257,0.653900389748006,0
4.29865015130869,4.01437844977703,-0.351795669253309,0.410101158027602,-0.0288150445968933,1.0465228297411,0.410101158027602,0.654703277816847,0
4.29965006992961,4.01529546138469,-0.351397012810006,0.410072345327947,-0.0288150445968933,1.04552517376742,0.410072345327948,0.655506411399464,0
4.30064998855052,4.01621248447834,-0.350998382788449,0.410043532628293,-0.0288150445968933,1.04452752018144,0.410043532628293,0.656309790115097,0
4.30164990717144,4.01712951905722,-0.350599779188967,0.410014719928638,-0.0288150445968933,1.04352986899084,0.410014719928637,0.657113413583658,0
4.30264982579235,4.01804656512057,-0.350201202011893,0.409985907228983,-0.0288150445968933,1.04253222020333,0.409985907228983,0.657917281425728,0
4.30364974441326,4.01896362266762,-0.349802651257558,0.409957094529328,-0.0288150445968933,1.04153457382665,0.409957094529328,0.65872139326255,0
4.30464966303418,4.01988069169761,-0.349404126926291,0.409928281829673,-0.0288150445968933,1.04053692986856,0.409928281829673,0.659525748716039,0
4.30564958165509,4.02079777220978,-0.349005629018424,0.409899469130018,-0.0288150445968933,1.03953928833685,0.409899469130018,0.660330347408771,0
4.306649500276,4.02171486420337,-0.348607157534289,0.409870656430363,-0.0288150445968933,1.03854164923934,0.409870656430363,0.661135188963987,0
4.30764941889692,4.02263196767762,-0.348208712474214,0.409841843730708,-0.0288150445968933,1.03754401258388,0.409841843730709,0.661940273005591,0
4.30864933751783,4.02354908263177,-0.347810293838532,0.409813031031053,-0.0288150445968933,1.03654637837836,0.409813031031053,0.662745599158148,0
4.30964925613875,4.02446620906506,-0.347411901627573,0.409784218331398,-0.0288150445968933,1.03554874663069,0.409784218331398,0.663551167046882,0
4.31064917475966,4.02538334697671,-0.347013535841668,0.409755405631744,-0.0288150445968933,1.0345511173488,0.409755405631744,0.664356976297679,0
4.31164909338057,4.02630049636598,-0.346615196481148,0.409726592932089,-0.0288150445968933,1.03355349054066,0.409726592932089,0.665163026537081,0
4.31264901200149,4.02721765723211,-0.346216883546343,0.409697780232434,-0.0288150445968933,1.03255586621428,0.409697780232434,0.665969317392289,0
4.3136489306224,4.02813482957432,-0.345818597037583,0.409668967532779,-0.0288150445968933,1.03155824437769,0.409668967532779,0.666775848491156,0
4.31464884924332,4.02905201339186,-0.3454203369552,0.409640154833124,-0.0288150445968933,1.03056062503893,0.409640154833124,0.667582619462195,0
4.31564876786423,4.02996920868397,-0.345022103299525,0.409611342133469,-0.0288150445968933,1.02956300820611,0.409611342133469,0.668389629934568,0
4.31664868648514,4.03088641544989,-0.344623896070887,0.409582529433814,-0.0288150445968933,1.02856539388735,0.409582529433814,0.669196879538092,0
4.31764860510606,4.03180363368885,-0.344225715269617,0.409553716734159,-0.0288150445968933,1.0275677820908,0.409553716734159,0.670004367903236,0
4.31864852372697,4.03272086340009,-0.343827560896047,0.409524904034504,-0.0288150445968933,1.02657017282463,0.409524904034504,0.670812094661118,0
4.31964844234788,4.03363810458286,-0.343429432950506,0.40949609133485,-0.0288150445968933,1.02557256609707,0.40949609133485,0.671620059443504,0
4.3206483609688,4.03455535723638,-0.343031331433325,0.409467278635195,-0.0288150445968933,1.02457496191635,0.409467278635195,0.67242826188281,0
4.32164827958971,4.03547262135991,-0.342633256344834,0.40943846593554,-0.0288150445968933,1.02357736029076,0.40943846593554,0.673236701612102,0
4.32264819821063,4.03638989695267,-0.342235207685364,0.409409653235885,-0.0288150445968933,1.0225797612286,0.409409653235885,0.674045378265084,0
4.32364811683154,4.0373071840139,-0.341837185455245,0.40938084053623,-0.0288150445968933,1.02158216473821,0.40938084053623,0.67485429147611,0
4.32464803545245,4.03822448254285,-0.341439189654809,0.409352027836575,-0.0288150445968933,1.02058457082796,0.409352027836575,0.675663440880178,0
4.32564795407337,4.03914179253876,-0.341041220284385,0.40932321513692,-0.0288150445968933,1.01958697950626,0.40932321513692,0.676472826112927,0
4.32664787269428,4.04005911400085,-0.340643277344303,0.409294402437265,-0.0288150445968933,1.01858939078154,0.409294402437265,0.677282446810638,0
4.3276477913152,4.04097644692837,-0.340245360834894,0.409265589737611,-0.0288150445968933,1.01759180466226,0.40926558973761,0.678092302610232,0
4.32864770993611,4.04189379132057,-0.339847470756488,0.409236777037956,-0.0288150445968933,1.01659422115693,0.409236777037956,0.678902393149272,0
4.32964762855702,4.04281114717667,-0.339449607109416,0.409207964338301,-0.0288150445968933,1.01559664027407,0.409207964338301,0.679712718065953,0
4.33064754717794,4.04372851449591,-0.339051769894008,0.409179151638646,-0.0288150445968933,1.01459906202226,0.409179151638646,0.680523276999112,0
4.33164746579885,4.04464589327754,-0.338653959110594,0.409150338938991,-0.0288150445968933,1.01360148641009,0.409150338938991,0.681334069588221,0
4.33264738441976,4.04556328352079,-0.338256174759505,0.409121526239336,-0.0288150445968933,1.0126039134462,0.409121526239336,0.682145095473385,0
4.33364730304068,4.0464806852249,-0.33785841684107,0.409092713539681,-0.0288150445968933,1.01160634313924,0.409092713539681,0.682956354295348,0
4.33464722166159,4.0473980983891,-0.33746068535562,0.409063900840026,-0.0288150445968933,1.01060877549791,0.409063900840026,0.68376784569548,0
4.33564714028251,4.04831552301265,-0.337062980303485,0.409035088140371,-0.0288150445968933,1.00961121053094,0.409035088140371,0.684579569315786,0
4.33664705890342,4.04923295909477,-0.336665301684996,0.409006275440716,-0.0288150445968933,1.00861364824711,0.409006275440717,0.685391524798902,0
4.33764697752433,4.0501504066347,-0.336267649500481,0.408977462741062,-0.0288150445968933,1.0076160886552,0.408977462741062,0.686203711788091,0
4.33864689614525,4.05106786563169,-0.335870023750273,0.408948650041407,-0.0288150445968933,1.00661853176405,0.408948650041407,0.687016129927248,0
4.33964681476616,4.05198533608497,-0.335472424434699,0.408919837341752,-0.0288150445968933,1.00562097758252,0.408919837341752,0.68782877886089,0
4.34064673338708,4.05290281799377,-0.335074851554091,0.408891024642097,-0.0288150445968933,1.00462342611952,0.408891024642097,0.688641658234166,0
4.34164665200799,4.05382031135735,-0.334677305108779,0.408862211942442,-0.0288150445968933,1.00362587738399,0.408862211942442,0.689454767692846,0
4.3426465706289,4.05473781617492,-0.334279785099093,0.408833399242787,-0.0288150445968933,1.00262833138489,0.408833399242787,0.690268106883323,0
4.34364648924982,4.05565533244575,-0.333882291525363,0.408804586543132,-0.0288150445968933,1.00163078813123,0.408804586543132,0.69108167545262,0
4.34464640787073,4.05657286016905,-0.333484824387918,0.408775773843477,-0.0288150445968933,1.00063324763204,0.408775773843477,0.691895473048373,0
4.34564632649164,4.05749039934408,-0.333087383687089,0.408746961143822,-0.0288150445968933,0.999635709896409,0.408746961143823,0.692709499318844,0
4.34664624511256,4.05840794997006,-0.332689969423206,0.408718148444168,-0.0288150445968933,0.998638174933444,0.408718148444168,0.693523753912912,0
4.34764616373347,4.05932551204624,-0.332292581596598,0.408689335744513,-0.0288150445968933,0.997640642752288,0.408689335744512,0.694338236480078,0
4.34864608235439,4.06024308557186,-0.331895220207595,0.408660523044858,-0.0288150445968933,0.996643113362126,0.408660523044858,0.695152946670455,0
4.3496460009753,4.06116067054615,-0.331497885256528,0.408631710345203,-0.0288150445968933,0.995645586772177,0.408631710345203,0.695967884134779,0
4.35064591959621,4.06207826696835,-0.331100576743727,0.408602897645548,-0.0288150445968933,0.994648062991695,0.408602897645548,0.696783048524394,0
4.35164583821713,4.0629958748377,-0.33070329466952,0.408574084945893,-0.0288150445968933,0.993650542029967,0.408574084945893,0.697598439491268,0
4.35264575683804,4.06391349415344,-0.330306039034238,0.408545272246238,-0.0288150445968933,0.992653023896325,0.408545272246238,0.698414056687971,0
4.35364567545896,4.0648311249148,-0.32990880983821,0.408516459546583,-0.0288150445968933,0.991655508600128,0.408516459546583,0.699229899767694,0
4.35464559407987,4.06574876712103,-0.329511607081767,0.408487646846928,-0.0288150445968933,0.990657996150781,0.408487646846929,0.700045968384234,0
4.35564551270078,4.06666642077136,-0.329114430765239,0.408458834147274,-0.0288150445968933,0.98966048655772,0.408458834147273,0.700862262191999,0
4.3566454313217,4.06758408586504,-0.328717280888954,0.408430021447619,-0.0288150445968933,0.98866297983042,0.408430021447619,0.701678780846008,0
4.35764534994261,4.06850176240129,-0.328320157453243,0.408401208747964,-0.0288150445968933,0.987665475978392,0.408401208747964,0.702495524001885,0
4.35864526856353,4.06941945037936,-0.327923060458434,0.408372396048309,-0.0288150445968933,0.986667975011187,0.408372396048309,0.703312491315864,0
4.35964518718444,4.07033714979849,-0.327525989904859,0.408343583348654,-0.0288150445968933,0.985670476938394,0.408343583348654,0.70412968244478,0
4.36064510580535,4.07125486065791,-0.327128945792846,0.408314770648999,-0.0288150445968933,0.984672981769635,0.408314770648999,0.704947097046079,0
4.36164502442627,4.07217258295686,-0.326731928122726,0.408285957949344,-0.0288150445968933,0.983675489514577,0.408285957949344,0.705764734777805,0
4.36264494304718,4.07309031669458,-0.326334936894827,0.408257145249689,-0.0288150445968933,0.982678000182922,0.408257145249689,0.706582595298606,0
4.36364486166809,4.07400806187031,-0.32593797210948,0.408228332550034,-0.0288150445968933,0.981680513784411,0.408228332550034,0.707400678267731,0
4.36464478028901,4.07492581848328,-0.325541033767014,0.408199519850379,-0.0288150445968933,0.980683030328822,0.408199519850379,0.708218983345033,0
4.36564469890992,4.07584358653274,-0.325144121867758,0.408170707150725,-0.0288150445968933,0.979685549825974,0.408170707150725,0.709037510190962,0
4.36664461753084,4.07676136601793,-0.324747236412041,0.40814189445107,-0.0288150445968933,0.978688072285723,0.40814189445107,0.709856258466567,0
4.36764453615175,4.07767915693807,-0.324350377400195,0.408113081751415,-0.0288150445968933,0.97769059771797,0.408113081751415,0.710675227833489,0
4.36864445477266,4.07859695929241,-0.323953544832547,0.40808426905176,-0.0288150445968933,0.976693126132649,0.40808426905176,0.711494417953973,0
4.36964437339358,4.07951477308019,-0.323556738709427,0.408055456352105,-0.0288150445968933,0.975695657539738,0.408055456352105,0.712313828490853,0
4.37064429201449,4.08043259830064,-0.323159959031165,0.40802664365245,-0.0288150445968933,0.974698191949251,0.40802664365245,0.713133459107563,0
4.3716442106354,4.081350434953,-0.322763205798091,0.407997830952795,-0.0288150445968933,0.973700729371247,0.407997830952795,0.713953309468125,0
4.37264412925632,4.08226828303652,-0.322366479010532,0.40796901825314,-0.0288150445968933,0.972703269815819,0.40796901825314,0.714773379237156,0
4.37364404787723,4.08318614255042,-0.32196977866882,0.407940205553485,-0.0288150445968933,0.971705813293108,0.407940205553485,0.715593668079861,0
4.37464396649815,4.08410401349396,-0.321573104773282,0.407911392853831,-0.0288150445968933,0.97070835981329,0.407911392853831,0.716414175662039,0
4.37564388511906,4.08502189586635,-0.321176457324249,0.407882580154176,-0.0288150445968933,0.969710909386586,0.407882580154176,0.717234901650074,0
4.37664380373997,4.08593978966685,-0.32077983632205,0.407853767454521,-0.0288150445968933,0.968713462023255,0.407853767454521,0.718055845710938,0
4.37764372236089,4.08685769489469,-0.320383241767014,0.407824954754866,-0.0288150445968933,0.967716017733599,0.407824954754866,0.718877007512194,0
4.3786436409818,4.08777561386881,-0.31998667902896,0.407778143247621,-0.0565077711379884,0.966718576116345,0.40777814324762,0.719698390056758,0
4.37964355960272,4.08869355457598,-0.31959016660002,0.407721640075033,-0.0565077711379884,0.965721135762697,0.407721640075033,0.720520004485809,0
4.38064347822363,4.08961151768589,-0.319193706038275,0.407665136902446,-0.0565077711379884,0.964723696560123,0.407665136902446,0.721341851410153,0
4.38164339684454,4.09052950319562,-0.318797297344991,0.407608633729859,-0.0565077711379884,0.963726258515388,0.407608633729859,0.722163930473794,0
4.38264331546546,4.09144751110224,-0.318400940521434,0.407552130557272,-0.0565077711379884,0.96272882163528,0.407552130557272,0.722986241321359,0
4.38364323408637,4.0923655414028,-0.318004635568868,0.407495627384685,-0.0565077711379884,0.96173138592661,0.407495627384685,0.723808783598095,0
4.38464315270729,4.09328359409439,-0.317608382488559,0.407439124212097,-0.0565077711379884,0.960733951396217,0.407439124212098,0.724631556949861,0
4.3856430713282,4.09420166917407,-0.317212181281773,0.40738262103951,-0.0565077711379884,0.959736518050965,0.40738262103951,0.725454561023136,0
4.38664298994911,4.0951197666389,-0.316816031949773,0.407326117866923,-0.0565077711379884,0.958739085897739,0.407326117866923,0.726277795465015,0
4.38764290857003,4.09603788648597,-0.316419934493826,0.407269614694336,-0.0565077711379884,0.957741654943457,0.407269614694336,0.727101259923202,0
4.38864282719094,4.09695602871233,-0.316023888915195,0.407213111521749,-0.0565077711379884,0.956744225195056,0.407213111521749,0.727924954046022,0
4.38964274581186,4.09787419331506,-0.315627895215145,0.407156608349162,-0.0565077711379884,0.955746796659501,0.407156608349162,0.728748877482405,0
4.39064266443277,4.09879238029122,-0.31523195339494,0.407100105176574,-0.0565077711379884,0.954749369343783,0.407100105176574,0.729573029881896,0
4.39164258305368,4.09971058963789,-0.314836063455844,0.407043602003987,-0.0565077711379884,0.953751943254917,0.407043602003987,0.730397410894649,0
4.3926425016746,4.10062882135213,-0.314440225399121,0.4069870988314,-0.0565077711379884,0.952754518399946,0.4069870988314,0.731222020171427,0
4.39364242029551,4.10154707543101,-0.314044439226035,0.406930595658813,-0.0565077711379884,0.951757094785939,0.406930595658813,0.732046857363601,0
4.39464233891642,4.10246535187159,-0.31364870493785,0.406874092486226,-0.0565077711379884,0.950759672419992,0.406874092486226,0.732871922123148,0
4.39564225753734,4.10338365067096,-0.313253022535829,0.406817589313639,-0.0565077711379884,0.949762251309226,0.406817589313639,0.733697214102651,0
4.39664217615825,4.10430197182617,-0.312857392021234,0.406761086141051,-0.0565077711379884,0.948764831460788,0.406761086141052,0.734522732955299,0
4.39764209477917,4.10522031533429,-0.31246181339533,0.406704582968464,-0.0565077711379884,0.947767412881854,0.406704582968464,0.735348478334884,0
4.39864201340008,4.1061386811924,-0.312066286659379,0.406648079795877,-0.0565077711379884,0.946769995579624,0.406648079795877,0.7361744498958,0
4.39964193202099,4.10705706939755,-0.311670811814644,0.40659157662329,-0.0565077711379884,0.94577257956133,0.40659157662329,0.737000647293042,0
4.40064185064191,4.10797547994682,-0.311275388862387,0.406535073450703,-0.0565077711379884,0.944775164834224,0.406535073450703,0.737827070182209,0
4.40164176926282,4.10889391283728,-0.310880017803872,0.406478570278116,-0.0565077711379884,0.943777751405591,0.406478570278115,0.738653718219496,0
4.40264168788373,4.10981236806599,-0.31048469864036,0.406422067105528,-0.0565077711379884,0.942780339282742,0.406422067105528,0.739480591061698,0
4.40364160650465,4.11073084563002,-0.310089431373113,0.406365563932941,-0.0565077711379884,0.941782928473013,0.406365563932941,0.740307688366207,0
4.40464152512556,4.11164934552644,-0.309694216003393,0.406309060760354,-0.0565077711379884,0.940785518983772,0.406309060760354,0.741135009791012,0
4.40564144374648,4.11256786775231,-0.309299052532462,0.406252557587767,-0.0565077711379884,0.939788110822412,0.406252557587767,0.741962554994697,0
4.40664136236739,4.11348641230471,-0.308903940961582,0.40619605441518,-0.0565077711379884,0.938790703996356,0.406196054415179,0.742790323636439,0
4.4076412809883,4.1144049791807,-0.308508881292014,0.406139551242592,-0.0565077711379884,0.937793298513052,0.406139551242592,0.743618315376012,0
4.40864119960922,4.11532356837734,-0.308113873525019,0.406083048070005,-0.0565077711379884,0.93679589437998,0.406083048070005,0.744446529873777,0
4.40964111823013,4.11624217989172,-0.307718917661859,0.406026544897418,-0.0565077711379884,0.935798491604646,0.406026544897418,0.745274966790693,0
4.41064103685105,4.11716081372088,-0.307324013703794,0.405970041724831,-0.0565077711379884,0.934801090194584,0.405970041724831,0.746103625788304,0
4.41164095547196,4.11807946986191,-0.306929161652086,0.405913538552244,-0.0565077711379884,0.933803690157359,0.405913538552244,0.746932506528744,0
4.41264087409287,4.11899814831186,-0.306534361507993,0.405857035379657,-0.0565077711379884,0.932806291500566,0.405857035379657,0.747761608674737,0
4.41364079271379,4.11991684906781,-0.306139613272779,0.405800532207069,-0.0565077711379884,0.931808894231825,0.405800532207069,0.748590931889592,0
4.4146407113347,4.12083557212682,-0.305744916947701,0.405744029034482,-0.0565077711379884,0.930811498358788,0.405744029034482,0.749420475837206,0
4.41564062995562,4.12175431748596,-0.305350272534022,0.405687525861895,-0.0565077711379884,0.929814103889137,0.405687525861895,0.750250240182059,0
4.41664054857653,4.12267308514229,-0.304955680033,0.405631022689308,-0.0565077711379884,0.928816710830582,0.405631022689308,0.751080224589217,0
4.41764046719744,4.12359187509288,-0.304561139445895,0.405574519516721,-0.0565077711379884,0.927819319190863,0.405574519516721,0.751910428724329,0
4.41864038581836,4.1245106873348,-0.304166650773967,0.405518016344133,-0.0565077711379884,0.926821928977747,0.405518016344133,0.752740852253627,0
4.41964030443927,4.12542952186512,-0.303772214018475,0.405461513171546,-0.0565077711379884,0.925824540199039,0.405461513171546,0.753571494843919,0
4.42064022306019,4.12634837868089,-0.303377829180679,0.405405009998959,-0.0565077711379884,0.924827152862567,0.405405009998959,0.754402356162598,0
4.4216401416811,4.1272672577792,-0.302983496261838,0.405348506826372,-0.0565077711379884,0.923829766976191,0.405348506826372,0.755233435877637,0
4.42264006030201,4.1281861591571,-0.302589215263211,0.405292003653785,-0.0565077711379884,0.922832382547804,0.405292003653785,0.75606473365758,0
4.42363997892293,4.12910508281166,-0.302194986186056,0.405235500481198,-0.0565077711379884,0.921834999585326,0.405235500481198,0.756896249171556,0
4.42463989754384,4.13002402873995,-0.301800809031632,0.40517899730861,-0.0565077711379884,0.920837618096711,0.40517899730861,0.757727982089266,0
4.42563981616475,4.13094299693903,-0.301406683801198,0.405122494136023,-0.0565077711379884,0.91984023808994,0.405122494136023,0.758559932080986,0
4.42663973478567,4.13186198740596,-0.301012610496012,0.405065990963436,-0.0565077711379884,0.918842859573033,0.405065990963436,0.759392098817565,0
4.42763965340658,4.13278100013783,-0.300618589117332,0.405009487790849,-0.0565077711379884,0.917845482554033,0.405009487790849,0.760224481970427,0
4.4286395720275,4.13370003513168,-0.300224619666416,0.404952984618262,-0.0565077711379884,0.916848107041018,0.404952984618262,0.761057081211568,0
4.42963949064841,4.13461909238459,-0.299830702144521,0.404896481445675,-0.0565077711379884,0.915850733042097,0.404896481445674,0.761889896213554,0
4.43063940926932,4.13553817189362,-0.299436836552906,0.404839978273087,-0.0565077711379884,0.914853360565413,0.404839978273087,0.762722926649521,0
4.43163932789024,4.13645727365585,-0.299043022892827,0.4047834751005,-0.0565077711379884,0.913855989619138,0.4047834751005,0.763556172193174,0
4.43263924651115,4.13737639766832,-0.298649261165543,0.404726971927913,-0.0565077711379884,0.912858620211479,0.404726971927913,0.764389632518785,0
4.43363916513206,4.13829554392812,-0.29825555137231,0.404670468755326,-0.0565077711379884,0.911861252350674,0.404670468755326,0.765223307301193,0
4.43463908375298,4.1392147124323,-0.297861893514385,0.404613965582739,-0.0565077711379884,0.910863886044994,0.404613965582739,0.766057196215806,0
4.43563900237389,4.14013390317793,-0.297468287593025,0.404557462410152,-0.0565077711379884,0.909866521302741,0.404557462410152,0.766891298938594,0
4.43663892099481,4.14105311616207,-0.297074733609487,0.404500959237564,-0.0565077711379884,0.908869158132253,0.404500959237565,0.76772561514609,0
4.43763883961572,4.1419723513818,-0.296681231565027,0.404444456064977,-0.0565077711379884,0.907871796541896,0.404444456064977,0.768560144515394,0
4.43863875823663,4.14289160883418,-0.296287781460901,0.40438795289239,-0.0565077711379884,0.906874436540078,0.40438795289239,0.769394886724163,0
4.43963867685755,4.14381088851627,-0.295894383298366,0.404331449719803,-0.0565077711379884,0.905877078135232,0.404331449719803,0.770229841450618,0
4.44063859547846,4.14473019042513,-0.295501037078677,0.404274946547216,-0.0565077711379884,0.90487972133583,0.404274946547216,0.771065008373539,0
4.44163851409938,4.14564951455783,-0.295107742803091,0.404218443374628,-0.0565077711379884,0.903882366150374,0.404218443374628,0.771900387172265,0
4.44263843272029,4.14656886091145,-0.294714500472862,0.404161940202041,-0.0565077711379884,0.902885012587403,0.404161940202041,0.772735977526695,0
4.4436383513412,4.14748822948303,-0.294321310089247,0.404105437029454,-0.0565077711379884,0.901887660655489,0.404105437029454,0.773571779117281,0
4.44463826996212,4.14840762026965,-0.293928171653501,0.404048933856867,-0.0565077711379884,0.900890310363236,0.404048933856867,0.774407791625035,0
4.44563818858303,4.14932703326837,-0.293535085166878,0.40399243068428,-0.0565077711379884,0.899892961719289,0.40399243068428,0.77524401473152,0
4.44663810720395,4.15024646847626,-0.293142050630634,0.403935927511693,-0.0565077711379884,0.898895614732323,0.403935927511692,0.776080448118855,0
4.44763802582486,4.15116592589038,-0.292749068046024,0.403879424339105,-0.0565077711379884,0.897898269411048,0.403879424339106,0.776917091469714,0
4.44863794444577,4.15208540550779,-0.292356137414302,0.403822921166518,-0.0565077711379884,0.896900925764211,0.403822921166518,0.77775394446732,0
4.44963786306669,4.15300490732556,-0.291963258736723,0.403766417993931,-0.0565077711379884,0.895903583800592,0.403766417993931,0.778591006795449,0
4.4506377816876,4.15392443134076,-0.291570432014541,0.403709914821344,-0.0565077711379884,0.894906243529009,0.403709914821344,0.779428278138428,0
4.45163770030852,4.15484397755045,-0.29117765724901,0.403653411648757,-0.0565077711379884,0.893908904958315,0.403653411648757,0.780265758181128,0
4.45263761892943,4.15576354595168,-0.290784934441384,0.403596908476169,-0.0565077711379884,0.8929115680974,0.403596908476169,0.781103446608973,0
4.45363753755034,4.15668313654154,-0.290392263592917,0.403540405303582,-0.0565077711379884,0.891914232955187,0.403540405303582,0.781941343107934,0
4.45463745617126,4.15760274931707,-0.289999644704863,0.403483902130995,-0.0565077711379884,0.890916899540638,0.403483902130995,0.782779447364526,0
4.45563737479217,4.15852238427535,-0.289607077778475,0.403427398958408,-0.0565077711379884,0.889919567862753,0.403427398958408,0.78361775906581,0
4.45663729341308,4.15944204141344,-0.289214562815006,0.403370895785821,-0.0565077711379884,0.888922237930564,0.403370895785821,0.784456277899393,0
4.457637212034,4.1603617207284,-0.28882209981571,0.403314392613234,-0.0565077711379884,0.887924909753145,0.403314392613233,0.785295003553422,0
4.45863713065491,4.1612814222173,-0.288429688781839,0.403257889440646,-0.0565077711379884,0.886927583339604,0.403257889440646,0.786133935716588,0
4.45963704927583,4.16220114587719,-0.288037329714647,0.403201386268059,-0.0565077711379884,0.885930258699087,0.403201386268059,0.786973074078125,0
4.46063696789674,4.16312089170516,-0.287645022615385,0.403144883095472,-0.0565077711379884,0.884932935840779,0.403144883095472,0.787812418327806,0
4.46163688651765,4.16404065969824,-0.287252767485307,0.403088379922885,-0.0565077711379884,0.883935614773901,0.403088379922885,0.788651968155942,0
4.46263680513857,4.16496044985352,-0.286860564325665,0.403031876750298,-0.0565077711379884,0.882938295507714,0.403031876750298,0.789491723253384,0
4.46363672375948,4.16588026216806,-0.286468413137711,0.402975373577711,-0.0565077711379884,0.881940978051515,0.402975373577711,0.790331683311521,0
4.46463664238039,4.16680009663891,-0.286076313922696,0.402918870405123,-0.0565077711379884,0.880943662414642,0.402918870405123,0.791171848022277,0
4.46563656100131,4.16771995326315,-0.285684266681874,0.402862367232536,-0.0565077711379884,0.87994634860647,0.402862367232536,0.792012217078113,0
4.46663647962222,4.16863983203783,-0.285292271416495,0.402805864059949,-0.0565077711379884,0.878949036636413,0.402805864059949,0.792852790172023,0
4.46763639824314,4.16955973296001,-0.28490032812781,0.402749360887362,-0.0565077711379884,0.877951726513926,0.402749360887362,0.793693566997535,0
4.46863631686405,4.17047965602677,-0.284508436817072,0.402692857714775,-0.0565077711379884,0.876954418248499,0.402692857714775,0.794534547248713,0
4.46963623548496,4.17139960123516,-0.284116597485532,0.402636354542187,-0.0565077711379884,0.875957111849667,0.402636354542187,0.795375730620149,0
4.47063615410588,4.17231956858225,-0.283724810134439,0.4025798513696,-0.0565077711379884,0.874959807327,0.4025798513696,0.796217116806966,0
4.47163607272679,4.17323955806509,-0.283333074765046,0.402523348197013,-0.0565077711379884,0.873962504690113,0.402523348197013,0.797058705504817,0
4.47263599134771,4.17415956968076,-0.282941391378602,0.402466845024426,-0.0565077711379884,0.872965203948657,0.402466845024426,0.797900496409887,0
4.47363590996862,4.17507960342632,-0.282549759976359,0.402410341851839,-0.0565077711379884,0.871967905112326,0.402410341851839,0.798742489218885,0
4.47463582858953,4.17599965929882,-0.282158180559567,0.402353838679252,-0.0565077711379884,0.870970608190852,0.402353838679252,0.799584683629048,0
4.47563574721045,4.17691973729534,-0.281766653129475,0.402297335506664,-0.0565077711379884,0.869973313194011,0.402297335506665,0.800427079338142,0
4.47663566583136,4.17783983741292,-0.281375177687334,0.402240832334077,-0.0565077711379884,0.868976020131618,0.402240832334077,0.801269676044455,0
4.47763558445228,4.17875995964865,-0.280983754234394,0.40218432916149,-0.0565077711379884,0.867978729013533,0.40218432916149,0.802112473446798,0
4.47863550307319,4.17968010399957,-0.280592382771904,0.402127825988903,-0.0565077711379884,0.866981439849652,0.402127825988903,0.80295547124451,0
4.4796354216941,4.18060027046275,-0.280201063301114,0.402071322816316,-0.0565077711379884,0.865984152649917,0.402071322816316,0.803798669137448,0
4.48063534031502,4.18152045903525,-0.279809795823273,0.402014819643729,-0.0565077711379884,0.864986867424311,0.402014819643728,0.804642066825993,0
4.48163525893593,4.18244066971414,-0.27941858033963,0.401958316471141,-0.0565077711379884,0.863989584182861,0.401958316471141,0.805485664011043,0
4.48263517755684,4.18336090249648,-0.279027416851435,0.401901813298554,-0.0565077711379884,0.862992302935635,0.401901813298554,0.806329460394019,0
4.48363509617776,4.18428115737933,-0.278636305359935,0.401845310125967,-0.0565077711379884,0.861995023692741,0.401845310125967,0.80717345567686,0
4.48463501479867,4.18520143435974,-0.278245245866381,0.40178880695338,-0.0565077711379884,0.860997746464336,0.40178880695338,0.808017649562021,0
4.48563493341959,4.18612173343479,-0.277854238372019,0.401732303780793,-0.0565077711379884,0.860000471260618,0.401732303780792,0.808862041752475,0
4.4866348520405,4.18704205460153,-0.2774632828781,0.401675800608205,-0.0565077711379884,0.859003198091827,0.401675800608206,0.80970663195171,0
4.48763477066141,4.18796239785704,-0.27707237938587,0.401619297435618,-0.0565077711379884,0.858005926968248,0.401619297435619,0.81055141986373,0
4.48863468928233,4.18888276319835,-0.276681527896578,0.401562794263031,-0.0565077711379884,0.857008657900211,0.401562794263031,0.81139640519305,0
4.48963460790324,4.18980315062255,-0.276290728411471,0.401506291090444,-0.0565077711379884,0.856011390898089,0.401506291090444,0.812241587644702,0
4.49063452652415,4.19072356012669,-0.275899980931798,0.401449787917857,-0.0565077711379884,0.855014125972301,0.401449787917857,0.813086966924228,0
4.49163444514507,4.19164399170784,-0.275509285458806,0.40139328474527,-0.0565077711379884,0.854016863133311,0.40139328474527,0.81393254273768,0
4.49263436376598,4.19256444536305,-0.275118641993741,0.401336781572682,-0.0565077711379884,0.853019602391625,0.401336781572682,0.814778314791622,0
4.4936342823869,4.19348492108938,-0.274728050537852,0.401280278400095,-0.0565077711379884,0.852022343757799,0.401280278400095,0.815624282793127,0
4.49463420100781,4.1944054188839,-0.274337511092386,0.401223775227508,-0.0565077711379884,0.851025087242432,0.401223775227508,0.816470446449776,0
4.49563411962872,4.19532593874367,-0.273947023658588,0.401167272054921,-0.0565077711379884,0.850027832856168,0.401167272054921,0.817316805469657,0
4.49663403824964,4.19624648066575,-0.273556588237706,0.401110768882334,-0.0565077711379884,0.849030580609702,0.401110768882334,0.818163359561364,0
4.49763395687055,4.1971670446472,-0.273166204830987,0.401054265709747,-0.0565077711379884,0.848033330513771,0.401054265709746,0.819010108433999,0
4.49863387549147,4.19808763068508,-0.272775873439676,0.400997762537159,-0.0565077711379884,0.84703608257916,0.400997762537159,0.819857051797167,0
4.49963379411238,4.19900823877645,-0.27238559406502,0.400941259364572,-0.0565077711379884,0.8460388368167,0.400941259364572,0.820704189360976,0
4.50063371273329,4.19992886891838,-0.271995366708265,0.400884756191985,-0.0565077711379884,0.845041593237273,0.400884756191985,0.821551520836039,0
4.50163363135421,4.20084952110792,-0.271605191370657,0.400828253019398,-0.0565077711379884,0.844044351851805,0.400828253019398,0.82239904593347,0
4.50263354997512,4.20177019534213,-0.27121506805344,0.400771749846811,-0.0565077711379884,0.843047112671272,0.400771749846811,0.823246764364882,0
4.50363346859604,4.20269089161808,-0.270824996757862,0.400715246674223,-0.0565077711379884,0.842049875706696,0.400715246674224,0.824094675842392,0
4.50463338721695,4.20361160993283,-0.270434977485167,0.400658743501636,-0.0565077711379884,0.841052640969149,0.400658743501636,0.824942780078613,0
4.50563330583786,4.20453235028343,-0.270045010236601,0.400602240329049,-0.0565077711379884,0.840055408469752,0.400602240329049,0.825791076786659,0
4.50663322445878,4.20545311266695,-0.269655095013408,0.400545737156462,-0.0565077711379884,0.839058178219677,0.400545737156462,0.826639565680136,0
4.50763314307969,4.20637390497075,-0.269265250453657,0.400442971292578,-0.109383721176433,0.838060948746121,0.400442971292578,0.827488257171954,0
4.5086330617006,4.20729473974721,-0.268875506227378,0.400333596472949,-0.109383721176433,0.83706371769506,0.400333596472949,0.828337167978956,0
4.50963298032152,4.20821561714636,-0.268485862719568,0.40022422165332,-0.109383721176433,0.836066485042419,0.40022422165332,0.829186297986137,0
4.51063289894243,4.2091365371572,-0.268096319934887,0.400114846833691,-0.109383721176433,0.835069250794409,0.400114846833691,0.830035646860587,0
4.51163281756335,4.2100574997687,-0.267706877877997,0.400005472014062,-0.109383721176433,0.834072014957261,0.400005472014062,0.830885214269956,0
4.51263273618426,4.21097850496984,-0.267317536553555,0.399896097194433,-0.109383721176433,0.833074777537219,0.399896097194433,0.831734999882458,0
4.51363265480517,4.21189955274961,-0.26692829596622,0.399786722374804,-0.109383721176433,0.832077538540543,0.399786722374804,0.832585003366864,0
4.51463257342609,4.212820643097,-0.266539156120648,0.399677347555175,-0.109383721176433,0.831080297973508,0.399677347555174,0.833435224392511,0
4.515632492047,4.21374177600097,-0.266150117021493,0.399567972735545,-0.109383721176433,0.830083055842405,0.399567972735546,0.834285662629288,0
4.51663241066792,4.21466295145051,-0.26576117867341,0.399458597915916,-0.109383721176433,0.829085812153542,0.399458597915916,0.835136317747648,0
4.51763232928883,4.21558416943461,-0.265372341081053,0.399349223096287,-0.109383721176433,0.828088566913243,0.399349223096287,0.835987189418597,0
4.51863224790974,4.21650542994224,-0.264983604249072,0.399239848276658,-0.109383721176433,0.827091320127848,0.399239848276658,0.836838277313698,0
4.51963216653066,4.21742673296238,-0.264594968182117,0.399130473457029,-0.109383721176433,0.826094071803712,0.399130473457029,0.83768958110507,0
4.52063208515157,4.218348078484,-0.264206432884839,0.3990210986374,-0.109383721176433,0.825096821947208,0.3990210986374,0.838541100465385,0
4.52163200377248,4.2192694664961,-0.263817998361885,0.398911723817771,-0.109383721176433,0.824099570564724,0.398911723817771,0.83939283506787,0
4.5226319223934,4.22019089698763,-0.263429664617902,0.398802348998142,-0.109383721176433,0.823102317662665,0.398802348998142,0.840244784586301,0
4.52363184101431,4.22111236994759,-0.263041431657535,0.398692974178513,-0.109383721176433,0.822105063247453,0.398692974178513,0.841096948695009,0
4.52463175963523,4.22203388536495,-0.262653299485428,0.398583599358883,-0.109383721176433,0.821107807325526,0.398583599358883,0.841949327068872,0
4.52563167825614,4.22295544322868,-0.262265268106226,0.398474224539254,-0.109383721176433,0.820110549903341,0.398474224539255,0.84280191938332,0
4.52663159687705,4.22387704352777,-0.26187733752457,0.398364849719625,-0.109383721176433,0.819113290987369,0.398364849719625,0.843654725314329,0
4.52763151549797,4.22479868625117,-0.2614895077451,0.398255474899996,-0.109383721176433,0.818116030584099,0.398255474899996,0.844507744538426,0
4.52863143411888,4.22572037138788,-0.261101778772456,0.398146100080367,-0.109383721176433,0.817118768700035,0.398146100080367,0.845360976732684,0
4.5296313527398,4.22664209892686,-0.260714150611278,0.398036725260738,-0.109383721176433,0.816121505341706,0.398036725260738,0.846214421574714,0
4.53063127136071,4.22756386885709,-0.2603266232662,0.397927350441109,-0.109383721176433,0.815124240515649,0.397927350441109,0.847068078742682,0
4.53163118998162,4.22848568116753,-0.259939196741861,0.39781797562148,-0.109383721176433,0.814126974228424,0.397817975621479,0.847921947915294,0
4.53263110860254,4.22940753584717,-0.259551871042893,0.397708600801851,-0.109383721176433,0.813129706486606,0.397708600801851,0.848776028771796,0
4.53363102722345,4.23032943288498,-0.259164646173932,0.397599225982221,-0.109383721176433,0.812132437296789,0.397599225982221,0.84963032099198,0
4.53463094584436,4.23125137226991,-0.258777522139609,0.397489851162592,-0.109383721176433,0.811135166665584,0.397489851162592,0.850484824256177,0
4.53563086446528,4.23217335399096,-0.258390498944555,0.397380476342963,-0.109383721176433,0.810137894599621,0.397380476342963,0.851339538245257,0
4.53663078308619,4.23309537803708,-0.2580035765934,0.397271101523334,-0.109383721176433,0.809140621105546,0.397271101523334,0.852194462640632,0
4.53763070170711,4.23401744439725,-0.257616755090773,0.397161726703705,-0.109383721176433,0.808143346190026,0.397161726703705,0.853049597124247,0
4.53863062032802,4.23493955306044,-0.257230034441301,0.397052351884076,-0.109383721176433,0.807146069859743,0.397052351884076,0.853904941378592,0
4.53963053894893,4.23586170401562,-0.256843414649612,0.396942977064447,-0.109383721176433,0.806148792121399,0.396942977064447,0.854760495086685,0
4.54063045756985,4.23678389725174,-0.256456895720329,0.396833602244818,-0.109383721176433,0.805151512981715,0.396833602244818,0.855616257932086,0
4.54163037619076,4.23770613275779,-0.256070477658076,0.396724227425188,-0.109383721176433,0.80415423244743,0.396724227425188,0.856472229598885,0
4.54263029481168,4.23862841052273,-0.255684160467476,0.396614852605559,-0.109383721176433,0.803156950525301,0.39661485260556,0.857328409771708,0
4.54363021343259,4.23955073053553,-0.255297944153152,0.39650547778593,-0.109383721176433,0.802159667222104,0.39650547778593,0.858184798135711,0
4.5446301320535,4.24047309278514,-0.254911828719722,0.396396102966301,-0.109383721176433,0.801162382544635,0.396396102966301,0.859041394376585,0
4.54563005067442,4.24139549726055,-0.254525814171807,0.396286728146672,-0.109383721176433,0.800165096499708,0.396286728146672,0.85989819818055,0
4.54662996929533,4.24231794395071,-0.254139900514023,0.396177353327043,-0.109383721176433,0.799167809094156,0.396177353327043,0.860755209234354,0
4.54762988791625,4.24324043284459,-0.253754087750988,0.396067978507414,-0.109383721176433,0.798170520334832,0.396067978507414,0.861612427225279,0
4.54862980653716,4.24416296393116,-0.253368375887316,0.395958603687785,-0.109383721176433,0.797173230228606,0.395958603687784,0.862469851841129,0
4.54962972515807,4.24508553719937,-0.252982764927623,0.395849228868156,-0.109383721176433,0.796175938782373,0.395849228868156,0.863327482770239,0
4.55062964377899,4.24600815263819,-0.252597254876521,0.395739854048527,-0.109383721176433,0.795178646003042,0.395739854048526,0.864185319701468,0
4.5516295623999,4.24693081023658,-0.252211845738622,0.395630479228897,-0.109383721176433,0.794181351897544,0.395630479228898,0.865043362324203,0
4.55262948102081,4.24785350998351,-0.251826537518536,0.395521104409268,-0.109383721176433,0.793184056472831,0.395521104409268,0.865901610328351,0
4.55362939964173,4.24877625186794,-0.251441330220873,0.395411729589639,-0.109383721176433,0.792186759735871,0.39541172958964,0.866760063404347,0
4.55462931826264,4.24969903587883,-0.251056223850241,0.39530235477001,-0.109383721176433,0.791189461693656,0.39530235477001,0.867618721243147,0
4.55562923688356,4.25062186200514,-0.250671218411247,0.395192979950381,-0.109383721176433,0.790192162353197,0.395192979950381,0.868477583536225,0
4.55662915550447,4.25154473023583,-0.250286313908497,0.395083605130752,-0.109383721176433,0.789194861721527,0.395083605130752,0.86933664997558,0
4.55762907412538,4.25246764055986,-0.249901510346596,0.394974230311123,-0.109383721176433,0.788197559805696,0.394974230311123,0.870195920253729,0
4.5586289927463,4.25339059296619,-0.249516807730146,0.394864855491494,-0.109383721176433,0.787200256612777,0.394864855491494,0.871055394063711,0
4.55962891136721,4.25431358744378,-0.24913220606375,0.394755480671865,-0.109383721176433,0.786202952149863,0.394755480671865,0.871915071099077,0
4.56062882998813,4.25523662398158,-0.248747705352008,0.394646105852235,-0.109383721176433,0.785205646424069,0.394646105852235,0.872774951053899,0
4.56162874860904,4.25615970256856,-0.248363305599521,0.394536731032606,-0.109383721176433,0.784208339442531,0.394536731032606,0.873635033622763,0
4.56262866722995,4.25708282319367,-0.247979006810887,0.394427356212977,-0.109383721176433,0.783211031212403,0.394427356212977,0.874495318500775,0
4.56362858585087,4.25800598584587,-0.247594808990704,0.394317981393348,-0.109383721176433,0.782213721740865,0.394317981393348,0.875355805383549,0
4.56462850447178,4.25892919051412,-0.247210712143567,0.394208606573719,-0.109383721176433,0.781216411035115,0.394208606573719,0.876216493967216,0
4.56562842309269,4.25985243718737,-0.246826716274071,0.39409923175409,-0.109383721176433,0.780219099102373,0.39409923175409,0.87707738394842,0
4.56662834171361,4.26077572585457,-0.24644282138681,0.393989856934461,-0.109383721176433,0.779221785949882,0.393989856934461,0.877938475024316,0
4.56762826033452,4.26169905650469,-0.246059027486377,0.393880482114832,-0.109383721176433,0.778224471584906,0.393880482114832,0.878799766892569,0
4.56862817895544,4.26262242912667,-0.245675334577362,0.393771107295203,-0.109383721176433,0.777227156014733,0.393771107295203,0.879661259251352,0
4.56962809757635,4.26354584370947,-0.245291742664356,0.393661732475573,-0.109383721176433,0.77622983924667,0.393661732475573,0.88052295179935,0
4.57062801619726,4.26446930024205,-0.244908251751948,0.393552357655944,-0.109383721176433,0.775232521288047,0.393552357655945,0.881384844235756,0
4.57162793481818,4.26539279871334,-0.244524861844726,0.393442982836315,-0.109383721176433,0.774235202146218,0.393442982836315,0.88224693626027,0
4.57262785343909,4.26631633911232,-0.244141572947275,0.393333608016686,-0.109383721176433,0.773237881828557,0.393333608016686,0.883109227573097,0
4.57362777206001,4.26723992142793,-0.243758385064181,0.393224233197057,-0.109383721176433,0.772240560342465,0.393224233197057,0.883971717874948,0
4.57462769068092,4.26816354564912,-0.243375298200027,0.393114858377428,-0.109383721176433,0.771243237695361,0.393114858377428,0.884834406867039,0
4.57562760930183,4.26908721176484,-0.242992312359398,0.393005483557799,-0.109383721176433,0.770245913894689,0.393005483557799,0.885697294251089,0
4.57662752792275,4.27001091976404,-0.242609427546874,0.39289610873817,-0.109383721176433,0.769248588947918,0.392896108738169,0.886560379729319,0
4.57762744654366,4.27093466963568,-0.242226643767036,0.392786733918541,-0.109383721176433,0.768251262862537,0.392786733918541,0.887423663004455,0
4.57862736516458,4.27185846136869,-0.241843961024463,0.392677359098911,-0.109383721176433,0.767253935646061,0.392677359098911,0.888287143779721,0
4.57962728378549,4.27278229495204,-0.241461379323733,0.392567984279282,-0.109383721176433,0.766256607306027,0.392567984279282,0.889150821758842,0
4.5806272024064,4.27370617037466,-0.241078898669423,0.392458609459653,-0.109383721176433,0.765259277849997,0.392458609459653,0.890014696646041,0
4.58162712102732,4.27463008762552,-0.240696519066107,0.392349234640024,-0.109383721176433,0.764261947285554,0.392349234640024,0.890878768146043,0
4.58262703964823,4.27555404669354,-0.240314240518362,0.392239859820395,-0.109383721176433,0.76326461562031,0.392239859820395,0.891743035964066,0
4.58362695826914,4.27647804756769,-0.239932063030759,0.392130485000766,-0.109383721176433,0.762267282861898,0.392130485000766,0.892607499805828,0
4.58462687689006,4.2774020902369,-0.239549986607871,0.392021110181137,-0.109383721176433,0.761269949017976,0.392021110181137,0.893472159377539,0
4.58562679551097,4.27832617469013,-0.239168011254269,0.391911735361508,-0.109383721176433,0.760272614096226,0.391911735361508,0.894337014385909,0
4.58662671413189,4.27925030091631,-0.238786136974521,0.391802360541879,-0.109383721176433,0.759275278104355,0.391802360541878,0.895202064538137,0
4.5876266327528,4.2801744689044,-0.238404363773197,0.391692985722249,-0.109383721176433,0.758277941050095,0.39169298572225,0.89606730954192,0
4.58862655137371,4.28109867864333,-0.238022691654863,0.39158361090262,-0.109383721176433,0.757280602941205,0.39158361090262,0.89693274910544,0
4.58962646999463,4.28202293012205,-0.237641120624085,0.391474236082991,-0.109383721176433,0.756283263785463,0.391474236082991,0.89779838293738,0
4.59062638861554,4.28294722332951,-0.237259650685428,0.391364861263362,-0.109383721176433,0.755285923590682,0.391364861263362,0.898664210746905,0
4.59162630723645,4.28387155825465,-0.236878281843456,0.391255486443733,-0.109383721176433,0.754288582364691,0.391255486443733,0.899530232243674,0
4.59262622585737,4.2847959348864,-0.23649701410273,0.391146111624104,-0.109383721176433,0.75329124011535,0.391146111624104,0.900396447137834,0
4.59362614447828,4.28572035321372,-0.236115847467811,0.391036736804475,-0.109383721176433,0.752293896850543,0.391036736804475,0.90126285514002,0
4.5946260630992,4.28664481322554,-0.235734781943261,0.390927361984846,-0.109383721176433,0.751296552578184,0.390927361984846,0.902129455961351,0
4.59562598172011,4.2875693149108,-0.235353817533636,0.390817987165217,-0.109383721176433,0.750299207306206,0.390817987165216,0.902996249313438,0
4.59662590034102,4.28849385825845,-0.234972954243496,0.390708612345587,-0.109383721176433,0.749301861042576,0.390708612345588,0.903863234908373,0
4.59762581896194,4.28941844325742,-0.234592192077395,0.390599237525958,-0.109383721176433,0.748304513795281,0.390599237525958,0.904730412458733,0
4.59862573758285,4.29034306989665,-0.234211531039888,0.390489862706329,-0.109383721176433,0.747307165572339,0.390489862706329,0.905597781677581,0
4.59962565620377,4.29126773816508,-0.233830971135531,0.3903804878867,-0.109383721176433,0.746309816381793,0.3903804878867,0.90646534227846,0
4.60062557482468,4.29219244805166,-0.233450512368874,0.390271113067071,-0.109383721176433,0.745312466231713,0.390271113067071,0.907333093975395,0
4.60162549344559,4.29311719954531,-0.23307015474447,0.390161738247442,-0.109383721176433,0.744315115130199,0.390161738247442,0.908201036482894,0
4.60262541206651,4.29404199263497,-0.232689898266869,0.390052363427813,-0.109383721176433,0.743317763085374,0.390052363427813,0.909069169515945,0
4.60362533068742,4.29496682730959,-0.232309742940619,0.389942988608184,-0.109383721176433,0.742320410105393,0.389942988608184,0.909937492790013,0
4.60462524930834,4.2958917035581,-0.231929688770269,0.389833613788555,-0.109383721176433,0.741323056198436,0.389833613788555,0.910806006021044,0
4.60562516792925,4.29681662136943,-0.231549735760365,0.389724238968925,-0.109383721176433,0.740325701372713,0.389724238968926,0.911674708925459,0
4.60662508655016,4.29774158073252,-0.231169883915451,0.389614864149296,-0.109383721176433,0.739328345636458,0.389614864149296,0.91254360122016,0
4.60762500517108,4.29866658163631,-0.230790133240073,0.389505489329667,-0.109383721176433,0.738330988997939,0.389505489329667,0.91341268262252,0
4.60862492379199,4.29959162406972,-0.230410483738774,0.389396114510038,-0.109383721176433,0.73733363146545,0.389396114510038,0.914281952850391,0
4.6096248424129,4.3005167080217,-0.230030935416095,0.389286739690409,-0.109383721176433,0.736336273047315,0.389286739690409,0.915151411622096,0
4.61062476103382,4.30144183348117,-0.229651488276575,0.38917736487078,-0.109383721176433,0.735338913751883,0.38917736487078,0.916021058656434,0
4.61162467965473,4.30236700043707,-0.229272142324756,0.389067990051151,-0.109383721176433,0.734341553587536,0.389067990051151,0.916890893672677,0
4.61262459827565,4.30329220887833,-0.228892897565175,0.388958615231522,-0.109383721176433,0.733344192562686,0.388958615231522,0.917760916390566,0
4.61362451689656,4.30421745879389,-0.228513754002367,0.388849240411893,-0.109383721176433,0.73234683068577,0.388849240411893,0.918631126530315,0
4.61462443551747,4.30514275017267,-0.22813471164087,0.388739865592263,-0.109383721176433,0.73134946796526,0.388739865592263,0.919501523812607,0
4.61562435413839,4.3060680830036,-0.227755770485219,0.388630490772634,-0.109383721176433,0.730352104409656,0.388630490772635,0.920372107958594,0
4.6166242727593,4.30699345727562,-0.227376930539944,0.388521115953005,-0.109383721176433,0.729354740027488,0.388521115953005,0.921242878689898,0
4.61762419138021,4.30791887297766,-0.22699819180958,0.388411741133376,-0.109383721176433,0.728357374827313,0.388411741133376,0.922113835728608,0
4.61862411000113,4.30884433009864,-0.226619554298656,0.388302366313747,-0.109383721176433,0.727360008817725,0.388302366313747,0.922984978797279,0
4.61962402862204,4.30976982862749,-0.226241018011703,0.388192991494118,-0.109383721176433,0.726362642007345,0.388192991494118,0.923856307618931,0
4.62062394724296,4.31069536855315,-0.225862582953248,0.388083616674489,-0.109383721176433,0.725365274404827,0.388083616674489,0.92472782191705,0
4.62162386586387,4.31162094986454,-0.225484249127819,0.38797424185486,-0.109383721176433,0.724367906018854,0.38797424185486,0.925599521415588,0
4.62262378448478,4.31254657255058,-0.225106016539942,0.387864867035231,-0.109383721176433,0.72337053685814,0.387864867035231,0.926471405838958,0
4.6236237031057,4.31347223660021,-0.224727885194141,0.387755492215602,-0.109383721176433,0.722373166931433,0.387755492215601,0.927343474912038,0
4.62462362172661,4.31439794200235,-0.224349855094941,0.387646117395972,-0.109383721176433,0.721375796247513,0.387646117395972,0.928215728360164,0
4.62562354034753,4.31532368874593,-0.223971926246862,0.387536742576343,-0.109383721176433,0.720378424815189,0.387536742576343,0.929088165909138,0
4.62662345896844,4.31624947681987,-0.223594098654427,0.387427367756714,-0.109383721176433,0.719381052643306,0.387427367756714,0.929960787285216,0
4.62762337758935,4.31717530621309,-0.223216372322156,0.387317992937085,-0.109383721176433,0.718383679740741,0.387317992937085,0.930833592215118,0
4.62862329621027,4.31810117691453,-0.222838747254567,0.387208618117456,-0.109383721176433,0.717386306116399,0.387208618117456,0.931706580426022,0
4.62962321483118,4.3190270889131,-0.222461223456177,0.387099243297827,-0.109383721176433,0.716388931779225,0.387099243297827,0.93257975164556,0
4.6306231334521,4.31995304219774,-0.222083800931503,0.386989868478198,-0.109383721176433,0.715391556738194,0.386989868478198,0.933453105601826,0
4.63162305207301,4.32087903675735,-0.221706479685059,0.386880493658569,-0.109383721176433,0.714394181002313,0.386880493658569,0.934326642023366,0
4.63262297069392,4.32180507258087,-0.22132925972136,0.386771118838939,-0.109383721176433,0.713396804580624,0.38677111883894,0.935200360639185,0
4.63362288931484,4.32273114965721,-0.220952141044919,0.38666174401931,-0.109383721176433,0.712399427482204,0.38666174401931,0.936074261178737,0
4.63462280793575,4.32365726797531,-0.220575123660246,0.386552369199681,-0.109383721176433,0.711402049716163,0.386552369199681,0.936948343371935,0
4.63562272655667,4.32458342771555,-0.220198208042434,0.386432832599826,-0.211009800308228,0.710404671255457,0.386432832599827,0.937822607195626,0
4.63662264517758,4.32550965145558,-0.219821449727135,0.386221839971303,-0.211009800308228,0.709407287839444,0.386221839971303,0.938697081445882,0
4.63762256379849,4.32643595466822,-0.219444886846601,0.386010847342779,-0.211009800308228,0.708409896547778,0.386010847342779,0.939571785733821,0
4.63862248241941,4.32736233731223,-0.219068519417598,0.385799854714256,-0.211009800308228,0.707412497391647,0.385799854714256,0.94044671969254,0
4.63962240104032,4.32828879934637,-0.21869234745688,0.385588862085732,-0.211009800308228,0.706415090382232,0.385588862085732,0.941321882955722,0
4.64062231966123,4.32921534072941,-0.218316370981193,0.385377869457209,-0.211009800308228,0.70541767553072,0.385377869457209,0.94219727515763,0
4.64162223828215,4.33014196142008,-0.217940590007276,0.385166876828685,-0.211009800308228,0.704420252848297,0.385166876828686,0.943072895933108,0
4.64262215690306,4.33106866137714,-0.217565004551857,0.384955884200162,-0.211009800308228,0.703422822346148,0.384955884200162,0.943948744917581,0
4.64362207552398,4.33199544055934,-0.217189614631656,0.384744891571638,-0.211009800308228,0.702425384035459,0.384744891571638,0.944824821747053,0
4.64462199414489,4.33292229892541,-0.216814420263386,0.384533898943115,-0.211009800308228,0.701427937927418,0.384533898943115,0.945701126058104,0
4.6456219127658,4.3338492364341,-0.216439421463748,0.384322906314592,-0.211009800308228,0.700430484033212,0.384322906314591,0.946577657487894,0
4.64662183138672,4.33477625304413,-0.216064618249438,0.384111913686068,-0.211009800308228,0.699433022364029,0.384111913686068,0.947454415674157,0
4.64762175000763,4.33570334871425,-0.21569001063714,0.383900921057545,-0.211009800308228,0.698435552931059,0.383900921057545,0.948331400255201,0
4.64862166862854,4.33663052340317,-0.215315598643531,0.383689928429021,-0.211009800308228,0.69743807574549,0.383689928429021,0.949208610869912,0
4.64962158724946,4.33755777706963,-0.21494138228528,0.383478935800498,-0.211009800308228,0.696440590818513,0.383478935800498,0.950086047157748,0
4.65062150587037,4.33848510967234,-0.214567361579045,0.383267943171974,-0.211009800308228,0.695443098161317,0.383267943171974,0.950963708758738,0
4.65162142449129,4.33941252117002,-0.214193536541477,0.383056950543451,-0.211009800308228,0.694445597785095,0.383056950543451,0.951841595313483,0
4.6526213431122,4.34034001152138,-0.213819907189218,0.382845957914927,-0.211009800308228,0.693448089701038,0.382845957914927,0.952719706463156,0
4.65362126173311,4.34126758068514,-0.213446473538902,0.382634965286404,-0.211009800308228,0.692450573920338,0.382634965286404,0.953598041849498,0
4.65462118035403,4.34219522861999,-0.213073235607153,0.38242397265788,-0.211009800308228,0.691453050454189,0.382423972657881,0.954476601114819,0
4.65562109897494,4.34312295528465,-0.212700193410586,0.382212980029357,-0.211009800308228,0.690455519313785,0.382212980029357,0.955355383901999,0
4.65662101759586,4.34405076063782,-0.212327346965809,0.382001987400834,-0.211009800308228,0.689457980510318,0.382001987400834,0.956234389854484,0
4.65762093621677,4.34497864463818,-0.211954696289419,0.38179099477231,-0.211009800308228,0.688460434054985,0.38179099477231,0.957113618616284,0
4.65862085483768,4.34590660724443,-0.211582241398007,0.381580002143787,-0.211009800308228,0.68746287995898,0.381580002143787,0.957993069831976,0
4.6596207734586,4.34683464841526,-0.211209982308154,0.381369009515263,-0.211009800308228,0.686465318233501,0.381369009515263,0.958872743146702,0
4.66062069207951,4.34776276810936,-0.210837919036431,0.38115801688674,-0.211009800308228,0.685467748889743,0.38115801688674,0.959752638206165,0
4.66162061070043,4.34869096628541,-0.210466051599403,0.380947024258216,-0.211009800308228,0.684470171938905,0.380947024258216,0.960632754656633,0
4.66262052932134,4.34961924290209,-0.210094380013623,0.380736031629693,-0.211009800308228,0.683472587392183,0.380736031629693,0.961513092144934,0
4.66362044794225,4.35054759791806,-0.209722904295638,0.380525039001169,-0.211009800308228,0.682474995260777,0.380525039001169,0.962393650318456,0
4.66462036656317,4.35147603129201,-0.209351624461985,0.380314046372646,-0.211009800308228,0.681477395555884,0.380314046372646,0.963274428825151,0
4.66562028518408,4.3524045429826,-0.208980540529194,0.380103053744122,-0.211009800308228,0.680479788288708,0.380103053744122,0.964155427313522,0
4.666620203805,4.3533331329485,-0.208609652513783,0.379892061115599,-0.211009800308228,0.679482173470448,0.379892061115599,0.965036645432636,0
4.66762012242591,4.35426180114836,-0.208238960432263,0.379681068487075,-0.211009800308228,0.678484551112304,0.379681068487075,0.965918082832117,0
4.66862004104682,4.35519054754085,-0.207868464301139,0.379470075858552,-0.211009800308228,0.677486921225479,0.379470075858552,0.966799739162143,0
4.66961995966774,4.35611937208462,-0.207498164136902,0.379259083230028,-0.211009800308228,0.676489283821175,0.379259083230028,0.967681614073446,0
4.67061987828865,4.35704827473832,-0.207128059956038,0.379048090601505,-0.211009800308228,0.675491638910597,0.379048090601505,0.968563707217316,0
4.67161979690956,4.35797725546059,-0.206758151775023,0.378837097972981,-0.211009800308228,0.674493986504945,0.378837097972982,0.969446018245595,0
4.67261971553048,4.35890631421009,-0.206388439610325,0.378626105344458,-0.211009800308228,0.673496326615429,0.378626105344458,0.970328546810674,0
4.67361963415139,4.35983545094545,-0.206018923478402,0.378415112715935,-0.211009800308228,0.672498659253249,0.378415112715935,0.971211292565502,0
4.67461955277231,4.3607646656253,-0.205649603395705,0.378204120087411,-0.211009800308228,0.671500984429616,0.378204120087411,0.972094255163572,0
4.67561947139322,4.36169395820829,-0.205280479378676,0.377993127458888,-0.211009800308228,0.670503302155734,0.377993127458888,0.972977434258933,0
4.67661939001413,4.36262332865303,-0.204911551443746,0.377782134830364,-0.211009800308228,0.66950561244281,0.377782134830364,0.97386082950618,0
4.67761930863505,4.36355277691817,-0.204542819607339,0.377571142201841,-0.211009800308228,0.668507915302053,0.377571142201841,0.974744440560454,0
4.67861922725596,4.36448230296231,-0.204174283885871,0.377360149573317,-0.211009800308228,0.667510210744672,0.377360149573317,0.975628267077448,0
4.67961914587687,4.36541190674408,-0.203805944295748,0.377149156944794,-0.211009800308228,0.666512498781876,0.377149156944794,0.976512308713397,0
4.68061906449779,4.3663415882221,-0.203437800853368,0.37693816431627,-0.211009800308228,0.665514779424875,0.37693816431627,0.977396565125083,0
4.6816189831187,4.36727134735498,-0.203069853575119,0.376727171687747,-0.211009800308228,0.66451705268488,0.376727171687747,0.978281035969834,0
4.68261890173962,4.36820118410133,-0.202702102477383,0.376516179059224,-0.211009800308228,0.663519318573104,0.376516179059224,0.979165720905517,0
4.68361882036053,4.36913109841975,-0.20233454757653,0.3763051864307,-0.211009800308228,0.662521577100757,0.3763051864307,0.980050619590549,0
4.68461873898144,4.37006109026884,-0.201967188888923,0.376094193802177,-0.211009800308228,0.661523828279055,0.376094193802177,0.980935731683881,0
4.68561865760236,4.37099115960721,-0.201600026430917,0.375883201173653,-0.211009800308228,0.660526072119211,0.375883201173653,0.981821056845009,0
4.68661857622327,4.37192130639344,-0.201233060218856,0.37567220854513,-0.211009800308228,0.659528308632438,0.37567220854513,0.98270659473397,0
4.68761849484419,4.37285153058614,-0.200866290269078,0.375461215916606,-0.211009800308228,0.658530537829953,0.375461215916606,0.983592345011338,0
4.6886184134651,4.37378183214389,-0.200499716597909,0.375250223288083,-0.211009800308228,0.657532759722973,0.375250223288083,0.984478307338226,0
4.68961833208601,4.37471221102527,-0.20013333922167,0.375039230659559,-0.211009800308228,0.656534974322713,0.375039230659559,0.985364481376284,0
4.69061825070693,4.37564266718887,-0.19976715815667,0.374828238031036,-0.211009800308228,0.655537181640389,0.374828238031036,0.986250866787702,0
4.69161816932784,4.37657320059326,-0.199401173419211,0.374617245402512,-0.211009800308228,0.654539381687224,0.374617245402512,0.987137463235198,0
4.69261808794876,4.37750381119702,-0.199035385025586,0.374406252773989,-0.211009800308228,0.653541574474435,0.374406252773989,0.988024270382032,0
4.69361800656967,4.37843449895872,-0.198669792992079,0.374195260145465,-0.211009800308228,0.652543760013241,0.374195260145465,0.988911287891995,0
4.69461792519058,4.37936526383692,-0.198304397334965,0.373984267516942,-0.211009800308228,0.651545938314864,0.373984267516942,0.989798515429411,0
4.6956178438115,4.3802961057902,-0.197939198070511,0.373773274888418,-0.211009800308228,0.650548109390525,0.373773274888419,0.990685952659138,0
4.69661776243241,4.38122702477711,-0.197574195214976,0.373562282259895,-0.211009800308228,0.649550273251448,0.373562282259895,0.991573599246561,0
4.69761768105333,4.38215802075621,-0.197209388784607,0.373351289631371,-0.211009800308228,0.648552429908853,0.373351289631371,0.9924614548576,0
4.69861759967424,4.38308909368606,-0.196844778795646,0.373140297002848,-0.211009800308228,0.647554579373968,0.373140297002848,0.993349519158702,0
4.69961751829515,4.3840202435252,-0.196480365264324,0.372929304374325,-0.211009800308228,0.646556721658014,0.372929304374324,0.994237791816843,0
4.70061743691607,4.38495147023218,-0.196116148206864,0.372718311745801,-0.211009800308228,0.645558856772219,0.372718311745801,0.995126272499527,0
4.70161735553698,4.38588277376555,-0.195752127639481,0.372507319117278,-0.211009800308228,0.644560984727809,0.372507319117278,0.996014960874786,0
4.70261727415789,4.38681415408384,-0.195388303578379,0.372296326488754,-0.211009800308228,0.643563105536011,0.372296326488754,0.996903856611175,0
4.70361719277881,4.3877456111456,-0.195024676039756,0.372085333860231,-0.211009800308228,0.642565219208052,0.372085333860231,0.997792959377779,0
4.70461711139972,4.38867714490935,-0.194661245039799,0.371874341231707,-0.211009800308228,0.641567325755163,0.371874341231707,0.998682268844203,0
4.70561703002064,4.38960875533363,-0.194298010594687,0.371663348603184,-0.211009800308228,0.640569425188571,0.371663348603184,0.999571784680578,0
4.70661694864155,4.39054044237696,-0.193934972720592,0.37145235597466,-0.211009800308228,0.63957151751951,0.37145235597466,1.00046150655755,0
4.70761686726246,4.39147220599787,-0.193572131433674,0.371241363346137,-0.211009800308228,0.63857360275921,0.371241363346137,1.00135143414631,0
4.70861678588338,4.39240404615487,-0.193209486750086,0.371030370717613,-0.211009800308228,0.637575680918903,0.371030370717613,1.00224156711853,0
4.70961670450429,4.39333596280649,-0.192847038685974,0.37081937808909,-0.211009800308228,0.636577752009822,0.37081937808909,1.00313190514644,0
4.7106166231252,4.39426795591123,-0.192484787257471,0.370608385460567,-0.211009800308228,0.635579816043202,0.370608385460566,1.00402244790277,0
4.71161654174612,4.39520002542761,-0.192122732480705,0.370397392832043,-0.211009800308228,0.634581873030278,0.370397392832043,1.00491319506078,0
4.71261646036703,4.39613217131413,-0.191760874371794,0.37018640020352,-0.211009800308228,0.633583922982285,0.37018640020352,1.00580414629423,0
4.71361637898795,4.39706439352929,-0.191399212946847,0.369975407574996,-0.211009800308228,0.63258596591046,0.369975407574996,1.00669530127741,0
4.71461629760886,4.3979966920316,-0.191037748221965,0.369764414946473,-0.211009800308228,0.631588001826041,0.369764414946473,1.00758665968512,0
4.71561621622977,4.39892906677955,-0.190676480213238,0.369553422317949,-0.211009800308228,0.630590030740267,0.369553422317949,1.00847822119268,0
4.71661613485069,4.39986151773163,-0.190315408936749,0.369342429689426,-0.211009800308228,0.629592052664377,0.369342429689426,1.00936998547592,0
4.7176160534716,4.40079404484633,-0.189954534408574,0.369131437060902,-0.211009800308228,0.62859406760961,0.369131437060902,1.01026195221118,0
4.71861597209252,4.40172664808214,-0.189593856644777,0.368920444432379,-0.211009800308228,0.627596075587211,0.368920444432379,1.01115412107532,0
4.71961589071343,4.40265932739754,-0.189233375661416,0.368709451803855,-0.211009800308228,0.626598076608418,0.368709451803856,1.01204649174571,0
4.72061580933434,4.40359208275101,-0.188873091474537,0.368498459175332,-0.211009800308228,0.625600070684478,0.368498459175332,1.01293906390023,0
4.72161572795526,4.40452491410103,-0.188513004100179,0.368287466546808,-0.211009800308228,0.624602057826632,0.368287466546808,1.01383183721726,0
4.72261564657617,4.40545782140606,-0.188153113554374,0.368076473918285,-0.211009800308228,0.623604038046128,0.368076473918285,1.0147248113757,0
4.72361556519709,4.40639080462458,-0.187793419853143,0.367865481289761,-0.211009800308228,0.622606011354208,0.367865481289761,1.01561798605497,0
4.724615483818,4.40732386371505,-0.187433923012498,0.367654488661238,-0.211009800308228,0.621607977762124,0.367654488661238,1.01651136093495,0
4.72561540243891,4.40825699863593,-0.187074623048444,0.367443496032715,-0.211009800308228,0.620609937281122,0.367443496032715,1.01740493569609,0
4.72661532105983,4.40919020934568,-0.186715519976976,0.367232503404191,-0.211009800308228,0.61961188992245,0.367232503404191,1.01829871001929,0
4.72761523968074,4.41012349580277,-0.186356613814081,0.367021510775668,-0.211009800308228,0.618613835697359,0.367021510775668,1.019192683586,0
4.72861515830165,4.41105685796563,-0.185997904575735,0.366810518147144,-0.211009800308228,0.6176157746171,0.366810518147144,1.02008685607814,0
4.72961507692257,4.41199029579272,-0.185639392277909,0.366599525518621,-0.211009800308228,0.616617706692923,0.366599525518621,1.02098122717815,0
4.73061499554348,4.41292380924249,-0.185281076936562,0.366388532890097,-0.211009800308228,0.615619631936084,0.366388532890097,1.02187579656896,0
4.7316149141644,4.41385739827337,-0.184922958567645,0.366177540261574,-0.211009800308228,0.614621550357835,0.366177540261574,1.02277056393402,0
4.73261483278531,4.41479106284381,-0.184565037187103,0.36596654763305,-0.211009800308228,0.613623461969433,0.36596654763305,1.02366552895726,0
4.73361475140622,4.41572480291224,-0.184207312810867,0.365755555004527,-0.211009800308228,0.612625366782132,0.365755555004527,1.02456069132312,0
4.73461467002714,4.41665861843709,-0.183849785454864,0.365544562376003,-0.211009800308228,0.611627264807191,0.365544562376003,1.02545605071655,0
4.73561458864805,4.41759250937679,-0.18349245513501,0.36533356974748,-0.211009800308228,0.610629156055867,0.36533356974748,1.02635160682297,0
4.73661450726897,4.41852647568976,-0.183135321867212,0.365122577118956,-0.211009800308228,0.609631040539419,0.365122577118957,1.02724735932832,0
4.73761442588988,4.41946051733444,-0.18277838566737,0.364911584490433,-0.211009800308228,0.608632918269107,0.364911584490433,1.02814330791903,0
4.73861434451079,4.42039463426922,-0.182421646551373,0.36470059186191,-0.211009800308228,0.607634789256195,0.36470059186191,1.02903945228203,0
4.73961426313171,4.42132882645254,-0.182065104535103,0.364489599233386,-0.211009800308228,0.606636653511942,0.364489599233386,1.02993579210472,0
4.74061418175262,4.42226309384281,-0.181708759634431,0.364278606604863,-0.211009800308228,0.605638511047614,0.364278606604862,1.03083232707504,0
4.74161410037353,4.42319743639842,-0.181352611865223,0.364067613976339,-0.211009800308228,0.604640361874474,0.364067613976339,1.03172905688137,0
4.74261401899445,4.42413185407779,-0.180996661243332,0.363856621347816,-0.211009800308228,0.60364220600379,0.363856621347816,1.03262598121262,0
4.74361393761536,4.42506634683931,-0.180640907784605,0.363645628719292,-0.211009800308228,0.602644043446827,0.363645628719292,1.03352309975818,0
4.74461385623628,4.42600091464139,-0.18028535150488,0.363434636090769,-0.211009800308228,0.601645874214853,0.363434636090769,1.03442041220794,0
4.74561377485719,4.42693555744243,-0.179929992419985,0.363223643462245,-0.211009800308228,0.600647698319139,0.363223643462245,1.03531791825225,0
4.7466136934781,4.4278702752008,-0.179574830545739,0.363012650833722,-0.211009800308228,0.599649515770952,0.363012650833722,1.03621561758197,0
4.74761361209902,4.42880506787491,-0.179219865897954,0.362801658205199,-0.211009800308228,0.598651326581565,0.362801658205198,1.03711350988847,0
4.74861353071993,4.42973993542313,-0.178865098492432,0.362590665576675,-0.211009800308228,0.597653130762251,0.362590665576675,1.03801159486356,0
4.74961344934085,4.43067487780385,-0.178510528344967,0.362379672948151,-0.211009800308228,0.596654928324285,0.362379672948151,1.03890987219956,0
4.75061336796176,4.43160989497545,-0.178156155471343,0.362168680319628,-0.211009800308228,0.595656719278939,0.362168680319628,1.03980834158929,0
4.75161328658267,4.4325449868963,-0.177801979887336,0.361957687691105,-0.211009800308228,0.594658503637492,0.361957687691104,1.04070700272603,0
4.75261320520359,4.43348015352477,-0.177448001608714,0.361746695062581,-0.211009800308228,0.593660281411219,0.361746695062581,1.04160585530356,0
4.7536131238245,4.43441539481923,-0.177094220651234,0.361535702434058,-0.211009800308228,0.5926620526114,0.361535702434058,1.04250489901614,0
4.75461304244541,4.43535071073804,-0.176740637030647,0.361324709805534,-0.211009800308228,0.591663817249314,0.361324709805534,1.0434041335585,0
4.75561296106633,4.43628610123958,-0.176387250762693,0.361113717177011,-0.211009800308228,0.590665575336241,0.361113717177011,1.04430355862586,0
4.75661287968724,4.43722156628219,-0.176034061863104,0.360902724548487,-0.211009800308228,0.589667326883466,0.360902724548487,1.04520317391394,0
4.75761279830816,4.43815710582423,-0.175681070347604,0.360691731919964,-0.211009800308228,0.58866907190227,0.360691731919964,1.0461029791189,0
4.75861271692907,4.43909271982406,-0.175328276231906,0.36048073929144,-0.211009800308228,0.587670810403939,0.36048073929144,1.04700297393741,0
4.75961263554998,4.44002840824002,-0.174975679531717,0.360269746662917,-0.211009800308228,0.586672542399758,0.360269746662917,1.04790315806661,0
4.7606125541709,4.44096417103045,-0.174623280262733,0.360058754034393,-0.211009800308228,0.585674267901014,0.360058754034394,1.04880353120412,0
4.76161247279181,4.4419000081537,-0.174271078440643,0.35984776140587,-0.211009800308228,0.584675986918997,0.35984776140587,1.04970409304802,0
4.76261239141273,4.44283591956811,-0.173919074081125,0.359636768777346,-0.211009800308228,0.583677699464994,0.359636768777346,1.05060484329689,0
4.76361231003364,4.44377190523201,-0.17356726719985,0.359425776148823,-0.211009800308228,0.582679405550299,0.359425776148823,1.05150578164978,0
4.76461222865455,4.44470796873359,-0.173215667478979,0.35915123649059,-0.406555036059712,0.581681104599563,0.35915123649059,1.05240691227933,0
4.76561214727547,4.44564415944142,-0.17286440661687,0.358744714539608,-0.406555036059712,0.580682788651785,0.358744714539608,1.05330829574942,0
4.76661206589638,4.44658049286714,-0.172513526365849,0.358338192588626,-0.406555036059712,0.579684455246437,0.358338192588626,1.05420995084716,0
4.76761198451729,4.44751696885601,-0.172163026783901,0.357931670637643,-0.406555036059712,0.578686104458576,0.357931670637643,1.05511187704783,0
4.76861190313821,4.44845358725327,-0.171812907928951,0.357525148686661,-0.406555036059712,0.577687736363499,0.357525148686661,1.05601407382748,0
4.76961182175912,4.44939034790414,-0.171463169858858,0.357118626735679,-0.406555036059712,0.576689351036736,0.357118626735679,1.05691654066285,0
4.77061174038004,4.4503272506538,-0.171113812631422,0.356712104784696,-0.406555036059712,0.575690948554061,0.356712104784696,1.05781927703148,0
4.77161165900095,4.45126429534742,-0.170764836304376,0.356305582833714,-0.406555036059712,0.574692528991483,0.356305582833714,1.0587222824116,0
4.77261157762186,4.45220148183014,-0.170416240935392,0.355899060882732,-0.406555036059712,0.573694092425258,0.355899060882732,1.05962555628221,0
4.77361149624278,4.45313880994709,-0.170068026582081,0.35549253893175,-0.406555036059712,0.572695638931889,0.35549253893175,1.06052909812302,0
4.77461141486369,4.45407627954337,-0.169720193301985,0.355086016980768,-0.406555036059712,0.57169716858812,0.355086016980767,1.0614329074145,0
4.77561133348461,4.45501389046404,-0.169372741152591,0.354679495029785,-0.406555036059712,0.570698681470954,0.354679495029786,1.06233698363785,0
4.77661125210552,4.45595164255416,-0.169025670191317,0.354272973078803,-0.406555036059712,0.569700177657638,0.354272973078803,1.06324132627498,0
4.77761117072643,4.45688953565875,-0.168678980475519,0.353866451127821,-0.406555036059712,0.568701657225677,0.353866451127821,1.06414593480855,0
4.77861108934735,4.45782756962282,-0.168332672062493,0.353459929176839,-0.406555036059712,0.567703120252831,0.353459929176839,1.06505080872197,0
4.77961100796826,4.45876574429134,-0.16798674500947,0.353053407225857,-0.406555036059712,0.566704566817119,0.353053407225857,1.06595594749936,0
4.78061092658917,4.45970405950929,-0.167641199373616,0.352646885274874,-0.406555036059712,0.565705996996822,0.352646885274874,1.06686135062556,0
4.78161084521009,4.46064251512158,-0.167296035212037,0.352240363323892,-0.406555036059712,0.564707410870481,0.352240363323892,1.06776701758616,0
4.782610763831,4.46158111097313,-0.166951252581775,0.35183384137291,-0.406555036059712,0.563708808516907,0.35183384137291,1.06867294786747,0
4.78361068245192,4.46251984690883,-0.166606851539809,0.351427319421927,-0.406555036059712,0.562710190015175,0.351427319421927,1.06957914095653,0
4.78461060107283,4.46345872277354,-0.166262832143054,0.351020797470945,-0.406555036059712,0.561711555444633,0.351020797470945,1.0704855963411,0
4.78561051969374,4.46439773841211,-0.165919194448363,0.350614275519963,-0.406555036059712,0.560712904884898,0.350614275519963,1.07139231350966,0
4.78661043831466,4.46533689366934,-0.165575938512526,0.350207753568981,-0.406555036059712,0.559714238415866,0.350207753568981,1.07229929195144,0
4.78761035693557,4.46627618839004,-0.165233064392268,0.349801231617998,-0.406555036059712,0.558715556117709,0.349801231617998,1.07320653115636,0
4.78861027555649,4.46721562241898,-0.164890572144255,0.349394709667016,-0.406555036059712,0.557716858070878,0.349394709667016,1.07411403061509,0
4.7896101941774,4.46815519560091,-0.164548461825086,0.348988187716034,-0.406555036059712,0.556718144356107,0.348988187716034,1.075021789819,0
4.79061011279831,4.46909490778055,-0.164206733491297,0.348581665765052,-0.406555036059712,0.555719415054417,0.348581665765051,1.0759298082602,0
4.79161003141923,4.47003475880261,-0.163865387199364,0.348175143814069,-0.406555036059712,0.554720670247112,0.348175143814069,1.07683808543149,0
4.79260995004014,4.47097474851176,-0.163524423005697,0.347768621863087,-0.406555036059712,0.553721910015792,0.347768621863087,1.07774662082643,0
4.79360986866106,4.47191487675267,-0.163183840966643,0.347362099912105,-0.406555036059712,0.552723134442346,0.347362099912105,1.07865541393926,0
4.79460978728197,4.47285514336997,-0.162843641138488,0.346955577961122,-0.406555036059712,0.551724343608956,0.346955577961122,1.07956446426495,0
4.79560970590288,4.47379554820827,-0.162503823577453,0.34654905601014,-0.406555036059712,0.550725537598112,0.34654905601014,1.0804737712992,0
4.7966096245238,4.47473609111215,-0.162164388339696,0.346142534059158,-0.406555036059712,0.549726716492593,0.346142534059158,1.0813833345384,0
4.79760954314471,4.47567677192619,-0.161825335481313,0.345736012108176,-0.406555036059712,0.548727880375489,0.345736012108176,1.08229315347966,0
4.79860946176562,4.47661759049493,-0.161486665058335,0.345329490157194,-0.406555036059712,0.547729029330194,0.345329490157193,1.08320322762082,0
4.79960938038654,4.47755854666288,-0.16114837712673,0.344922968206211,-0.406555036059712,0.54673016344041,0.344922968206211,1.08411355646041,0
4.80060929900745,4.47849964027455,-0.160810471742405,0.344516446255229,-0.406555036059712,0.545731282790154,0.344516446255229,1.08502413949769,0
4.80160921762837,4.47944087117441,-0.160472948961201,0.344109924304247,-0.406555036059712,0.544732387463753,0.344109924304246,1.08593497623261,0
4.80260913624928,4.48038223920691,-0.160135808838899,0.343703402353264,-0.406555036059712,0.543733477545857,0.343703402353264,1.08684606616584,0
4.80360905487019,4.48132374421648,-0.159799051431213,0.343296880402282,-0.406555036059712,0.542734553121434,0.343296880402282,1.08775740879876,0
4.80460897349111,4.48226538604753,-0.159462676793796,0.3428903584513,-0.406555036059712,0.541735614275777,0.3428903584513,1.08866900363344,0
4.80560889211202,4.48320716454444,-0.159126684982237,0.342483836500318,-0.406555036059712,0.540736661094501,0.342483836500318,1.08958085017268,0
4.80660881073294,4.48414907955158,-0.158791076052063,0.342077314549336,-0.406555036059712,0.539737693663556,0.342077314549336,1.09049294791998,0
4.80760872935385,4.48509113091328,-0.158455850058736,0.341670792598353,-0.406555036059712,0.538738712069221,0.341670792598353,1.09140529637952,0
4.80860864797476,4.48603331847386,-0.158121007057656,0.341264270647371,-0.406555036059712,0.537739716398114,0.341264270647371,1.09231789505621,0
4.80960856659568,4.48697564207761,-0.157786547104158,0.340857748696389,-0.406555036059712,0.536740706737188,0.340857748696389,1.09323074345565,0
4.81060848521659,4.4879181015688,-0.157452470253516,0.340451226745407,-0.406555036059712,0.53574168317374,0.340451226745407,1.09414384108415,0
4.8116084038375,4.48886069679169,-0.15711877656094,0.340044704794425,-0.406555036059712,0.534742645795414,0.340044704794424,1.09505718744871,0
4.81260832245842,4.4898034275905,-0.156785466081575,0.339638182843442,-0.406555036059712,0.533743594690199,0.339638182843442,1.09597078205703,0
4.81360824107933,4.49074629380944,-0.156452538870504,0.33923166089246,-0.406555036059712,0.532744529946435,0.33923166089246,1.09688462441751,0
4.81460815970025,4.49168929529268,-0.156119994982748,0.338825138941478,-0.406555036059712,0.531745451652823,0.338825138941477,1.09779871403925,0
4.81560807832116,4.49263243188439,-0.155787834473262,0.338418616990495,-0.406555036059712,0.530746359898415,0.338418616990495,1.09871305043204,0
4.81660799694207,4.4935757034287,-0.155456057396939,0.338012095039513,-0.406555036059712,0.529747254772629,0.338012095039513,1.09962763310638,0
4.81760791556299,4.49451910976973,-0.155124663808609,0.337605573088531,-0.406555036059712,0.528748136365246,0.337605573088531,1.10054246157345,0
4.8186078341839,4.49546265075157,-0.154793653763038,0.337199051137549,-0.406555036059712,0.527749004766418,0.337199051137548,1.10145753534513,0
4.81960775280482,4.49640632621829,-0.154463027314928,0.336792529186566,-0.406555036059712,0.526749860066665,0.336792529186567,1.10237285393398,0
4.82060767142573,4.49735013601394,-0.154132784518919,0.336386007235584,-0.406555036059712,0.525750702356887,0.336386007235584,1.10328841685327,0
4.82160759004664,4.49829407998255,-0.153802925429588,0.335979485284602,-0.406555036059712,0.52475153172836,0.335979485284602,1.10420422361694,0
4.82260750866756,4.49923815796811,-0.153473450101445,0.33557296333362,-0.406555036059712,0.523752348272744,0.33557296333362,1.10512027373965,0
4.82360742728847,4.50018236981461,-0.153144358588941,0.335166441382637,-0.406555036059712,0.522753152082085,0.335166441382637,1.10603656673671,0
4.82460734590939,4.50112671536602,-0.152815650946462,0.334759919431655,-0.406555036059712,0.521753943248819,0.334759919431655,1.10695310212415,0
4.8256072645303,4.50207119446626,-0.152487327228329,0.334353397480673,-0.406555036059712,0.520754721865774,0.334353397480673,1.10786987941868,0
4.82660718315121,4.50301580695925,-0.152159387488801,0.333946875529691,-0.406555036059712,0.519755488026181,0.333946875529691,1.10878689813767,0
4.82760710177213,4.50396055268889,-0.151831831782073,0.333540353578708,-0.406555036059712,0.518756241823665,0.333540353578708,1.10970415779922,0
4.82860702039304,4.50490543149904,-0.151504660162279,0.333133831627726,-0.406555036059712,0.517756983352263,0.333133831627726,1.11062165792206,0
4.82960693901395,4.50585044323357,-0.151177872683485,0.332727309676744,-0.406555036059712,0.516757712706416,0.332727309676744,1.11153939802565,0
4.83060685763487,4.50679558773628,-0.150851469399698,0.332320787725762,-0.406555036059712,0.515758429980983,0.332320787725762,1.11245737763011,0
4.83160677625578,4.507740864851,-0.150525450364857,0.331914265774779,-0.406555036059712,0.514759135271235,0.331914265774779,1.11337559625624,0
4.8326066948767,4.50868627442149,-0.150199815632842,0.331507743823797,-0.406555036059712,0.513759828672868,0.331507743823797,1.11429405342552,0
4.83360661349761,4.50963181629153,-0.149874565257467,0.331101221872814,-0.406555036059712,0.512760510282,0.331101221872815,1.11521274866013,0
4.83460653211852,4.51057749030485,-0.149549699292482,0.330694699921832,-0.406555036059712,0.511761180195183,0.330694699921832,1.11613168148289,0
4.83560645073944,4.51152329630518,-0.149225217791575,0.33028817797085,-0.406555036059712,0.510761838509399,0.33028817797085,1.11705085141734,0
4.83660636936035,4.5124692341362,-0.148901120808371,0.329881656019868,-0.406555036059712,0.509762485322069,0.329881656019868,1.11797025798765,0
4.83760628798126,4.51341530364159,-0.148577408396428,0.329475134068886,-0.406555036059712,0.508763120731056,0.329475134068886,1.1188899007187,0
4.83860620660218,4.51436150466501,-0.148254080609244,0.329068612117904,-0.406555036059712,0.507763744834669,0.329068612117904,1.11980977913604,0
4.83960612522309,4.51530783705008,-0.147931137500252,0.328662090166921,-0.406555036059712,0.506764357731668,0.328662090166921,1.12072989276588,0
4.84060604384401,4.51625430064042,-0.147608579122822,0.328255568215939,-0.406555036059712,0.50576495952127,0.328255568215939,1.12165024113511,0
4.84160596246492,4.5172008952796,-0.147286405530259,0.327849046264957,-0.406555036059712,0.50476555030315,0.327849046264957,1.12257082377128,0
4.84260588108583,4.5181476208112,-0.146964616775807,0.327442524313975,-0.406555036059712,0.503766130177449,0.327442524313974,1.12349164020264,0
4.84360579970675,4.51909447707877,-0.146643212912643,0.327036002362992,-0.406555036059712,0.502766699244776,0.327036002362993,1.12441268995808,0
4.84460571832766,4.52004146392581,-0.146322193993884,0.32662948041201,-0.406555036059712,0.501767257606213,0.32662948041201,1.12533397256717,0
4.84560563694858,4.52098858119584,-0.146001560072581,0.326222958461028,-0.406555036059712,0.500767805363322,0.326222958461028,1.12625548756015,0
4.84660555556949,4.52193582873234,-0.145681311201721,0.325816436510045,-0.406555036059712,0.499768342618146,0.325816436510046,1.12717723446791,0
4.8476054741904,4.52288320637875,-0.14536144743423,0.325409914559063,-0.406555036059712,0.49876886947322,0.325409914559063,1.12809921282204,0
4.84860539281132,4.52383071397853,-0.145041968822967,0.325003392608081,-0.406555036059712,0.497769386031566,0.325003392608081,1.12902142215475,0
4.84960531143223,4.52477835137507,-0.144722875420731,0.324596870657099,-0.406555036059712,0.496769892396712,0.324596870657099,1.12994386199894,0
4.85060523005315,4.52572611841178,-0.144404167280253,0.324190348706117,-0.406555036059712,0.495770388672681,0.324190348706117,1.13086653188819,0
4.85160514867406,4.52667401493203,-0.144085844454205,0.323783826755134,-0.406555036059712,0.494770874964006,0.323783826755134,1.1317894313567,0
4.85260506729497,4.52762204077916,-0.143767906995192,0.323377304804152,-0.406555036059712,0.493771351375737,0.323377304804152,1.13271255993936,0
4.85360498591589,4.52857019579652,-0.143450354955757,0.32297078285317,-0.406555036059712,0.492771818013438,0.32297078285317,1.13363591717172,0
4.8546049045368,4.52951847982739,-0.143133188388378,0.322564260902187,-0.406555036059712,0.491772274983198,0.322564260902187,1.13455950258996,0
4.85560482315771,4.53046689271508,-0.14281640734547,0.322157738951205,-0.406555036059712,0.490772722391636,0.322157738951205,1.13548331573096,0
4.85660474177863,4.53141543430285,-0.142500011879384,0.321751217000223,-0.406555036059712,0.489773160345904,0.321751217000223,1.13640735613223,0
4.85760466039954,4.53236410443393,-0.142184002042409,0.321344695049241,-0.406555036059712,0.488773588953693,0.321344695049241,1.13733162333194,0
4.85860457902046,4.53331290295156,-0.141868377886767,0.320938173098259,-0.406555036059712,0.48777400832324,0.320938173098259,1.13825611686891,0
4.85960449764137,4.53426182969894,-0.141553139464619,0.320531651147276,-0.406555036059712,0.486774418563334,0.320531651147276,1.13918083628264,0
4.86060441626228,4.53521088451924,-0.141238286828061,0.320125129196294,-0.406555036059712,0.48577481978332,0.320125129196294,1.14010578111325,0
4.8616043348832,4.53616006725562,-0.140923820029126,0.319718607245312,-0.406555036059712,0.484775212093104,0.319718607245312,1.14103095090153,0
4.86260425350411,4.53710937775122,-0.140609739119783,0.319312085294329,-0.406555036059712,0.48377559560316,0.319312085294329,1.14195634518892,0
4.86360417212503,4.53805881584917,-0.140296044151937,0.318905563343347,-0.406555036059712,0.482775970424539,0.318905563343347,1.14288196351752,0
4.86460409074594,4.53900838139255,-0.139982735177428,0.318499041392365,-0.406555036059712,0.481776336668867,0.318499041392365,1.14380780543005,0
4.86560400936685,4.53995807422443,-0.139669812248035,0.318092519441383,-0.406555036059712,0.48077669444836,0.318092519441383,1.14473387046991,0
4.86660392798777,4.54090789418789,-0.13935727541547,0.3176859974904,-0.406555036059712,0.479777043875824,0.3176859974904,1.14566015818113,0
4.86760384660868,4.54185784112593,-0.139045124731385,0.317279475539418,-0.406555036059712,0.478777385064664,0.317279475539419,1.14658666810839,0
4.86860376522959,4.54280791488159,-0.138733360247365,0.316872953588436,-0.406555036059712,0.477777718128888,0.316872953588436,1.14751339979703,0
4.86960368385051,4.54375811529784,-0.138421982014932,0.316466431637454,-0.406555036059712,0.476778043183117,0.316466431637454,1.148440352793,0
4.87060360247142,4.54470844221766,-0.138110990085544,0.316059909686472,-0.406555036059712,0.475778360342586,0.316059909686472,1.14936752664293,0
4.87160352109234,4.545658895484,-0.137800384510597,0.315653387735489,-0.406555036059712,0.474778669723156,0.315653387735489,1.15029492089408,0
4.87260343971325,4.54660947493978,-0.13749016534142,0.315246865784507,-0.406555036059712,0.473778971441318,0.315246865784507,1.15122253509435,0
4.87360335833416,4.54756018042792,-0.137180332629281,0.314840343833525,-0.406555036059712,0.472779265614199,0.314840343833525,1.15215036879228,0
4.87460327695508,4.54851101179129,-0.136870886425383,0.314433821882543,-0.406555036059712,0.471779552359571,0.314433821882543,1.15307842153704,0
4.87560319557599,4.54946196887276,-0.136561826780865,0.31402729993156,-0.406555036059712,0.470779831795855,0.31402729993156,1.15400669287847,0
4.87660311419691,4.55041305151519,-0.136253153746802,0.313620777980578,-0.406555036059712,0.469780104042128,0.313620777980578,1.15493518236702,0
4.87760303281782,4.55136425956139,-0.135944867374205,0.313214256029596,-0.406555036059712,0.468780369218137,0.313214256029596,1.15586388955379,0
4.87860295143873,4.55231559285416,-0.135636967714022,0.312807734078613,-0.406555036059712,0.467780627444291,0.312807734078613,1.15679281399051,0
4.87960287005965,4.55326705123629,-0.135329454817136,0.312401212127631,-0.406555036059712,0.466780878841689,0.312401212127631,1.15772195522954,0
4.88060278868056,4.55421863455055,-0.135022328734367,0.311994690176649,-0.406555036059712,0.465781123532106,0.311994690176649,1.1586513128239,0
4.88160270730148,4.55517034263966,-0.134715589516471,0.311588168225667,-0.406555036059712,0.464781361638016,0.311588168225667,1.15958088632721,0
4.88260262592239,4.55612217534635,-0.134409237214139,0.311181646274685,-0.406555036059712,0.463781593282591,0.311181646274685,1.16051067529375,0
4.8836025445433,4.55707413251333,-0.134103271877999,0.310775124323702,-0.406555036059712,0.462781818589712,0.310775124323702,1.16144067927842,0
4.88460246316422,4.55802621398327,-0.133797693558616,0.31036860237272,-0.406555036059712,0.461782037683976,0.31036860237272,1.16237089783674,0
4.88560238178513,4.55897841959883,-0.133492502306488,0.309962080421738,-0.406555036059712,0.460782250690703,0.309962080421738,1.16330133052488,0
4.88660230040604,4.55993074920265,-0.133187698172052,0.309555558470755,-0.406555036059712,0.459782457735948,0.309555558470755,1.16423197689963,0
4.88760221902696,4.56088320263735,-0.13288328120568,0.309149036519773,-0.406555036059712,0.458782658946499,0.309149036519773,1.16516283651841,0
4.88860213764787,4.56183577974552,-0.13257925145768,0.308742514568791,-0.406555036059712,0.457782854449896,0.308742514568791,1.16609390893926,0
4.88960205626879,4.56278848036974,-0.132275608978295,0.308335992617809,-0.406555036059712,0.456783044374436,0.308335992617809,1.16702519372084,0
4.8906019748897,4.56374130435257,-0.131972353817707,0.307929470666827,-0.406555036059712,0.455783228849177,0.307929470666827,1.16795669042247,0
4.89160189351061,4.56469425153655,-0.13166948602603,0.307522948715844,-0.406555036059712,0.454783408003949,0.307522948715844,1.16888839860405,0
4.89260181213153,4.56564732176418,-0.131367005653317,0.307116426764862,-0.406555036059712,0.453783581969364,0.307116426764861,1.16982031782613,0
4.89360173075244,4.56660053203622,-0.131064966926128,0.306503238001161,-0.782343458816406,0.452783750135352,0.306503238001161,1.17075246820274,0
4.89460164937336,4.56755396682327,-0.130763637697021,0.305720958208741,-0.782343458816406,0.451783909135828,0.305720958208741,1.17168495063086,0
4.89560156799427,4.56850763704232,-0.130463054412807,0.304938678416321,-0.782343458816406,0.450784059009988,0.304938678416321,1.17261777785223,0
4.89660148661518,4.56946154210978,-0.130163217257431,0.3041563986239,-0.782343458816406,0.449784200310879,0.3041563986239,1.17355094883106,0
4.8976014052361,4.57041568144188,-0.129864126414381,0.30337411883148,-0.782343458816406,0.448784333595119,0.30337411883148,1.17448446253275,0
4.89860132385701,4.57137005445473,-0.12956578206669,0.302591839039059,-0.782343458816406,0.447784459422936,0.302591839039059,1.17541831792397,0
4.89960124247792,4.5723246605643,-0.129268184396933,0.301809559246639,-0.782343458816406,0.446784578358211,0.30180955924664,1.17635251397257,0
4.90060116109884,4.57327949918639,-0.128971333587227,0.301027279454219,-0.782343458816406,0.445784690968508,0.301027279454219,1.17728704964765,0
4.90160107971975,4.57423456973668,-0.128675229819236,0.300244999661799,-0.782343458816406,0.444784797825128,0.300244999661799,1.17822192391952,0
4.90260099834067,4.57518987163072,-0.128379873274162,0.299462719869379,-0.782343458816406,0.443784899503146,0.299462719869378,1.17915713575973,0
4.90360091696158,4.57614540428388,-0.128085264132753,0.298680440076958,-0.782343458816406,0.44278499658145,0.298680440076958,1.18009268414103,0
4.90460083558249,4.57710116711142,-0.127791402575297,0.297898160284537,-0.782343458816406,0.441785089642785,0.297898160284537,1.1810285680374,0
4.90560075420341,4.57805715952845,-0.127498288781628,0.297115880492117,-0.782343458816406,0.440785179273805,0.297115880492117,1.18196478642404,0
4.90660067282432,4.57901338094994,-0.127205922931119,0.296333600699697,-0.782343458816406,0.439785266065104,0.296333600699696,1.18290133827737,0
4.90760059144524,4.57996983079072,-0.126914305202688,0.295551320907276,-0.782343458816406,0.438785350611271,0.295551320907276,1.18383822257503,0
4.90860051006615,4.58092650846548,-0.126623435774792,0.294769041114856,-0.782343458816406,0.437785433510924,0.294769041114856,1.18477543829587,0
4.90960042868706,4.58188341338876,-0.126333314825434,0.293986761322436,-0.782343458816406,0.43678551536677,0.293986761322436,1.18571298441996,0
4.91060034730798,4.58284054497498,-0.126043942532155,0.293204481530015,-0.782343458816406,0.435785596785641,0.293204481530015,1.18665085992859,0
4.91160026592889,4.58379790263842,-0.12575531907204,0.292422201737594,-0.782343458816406,0.434785678378545,0.292422201737594,1.18758906380427,0
4.91260018454981,4.58475548579319,-0.125467444621717,0.291639921945174,-0.782343458816406,0.433785760760713,0.291639921945174,1.1885275950307,0
4.91360010317072,4.58571329385331,-0.125180319357354,0.290857642152754,-0.782343458816406,0.432785844551647,0.290857642152754,1.18946645259282,0
4.91460002179163,4.58667132623263,-0.124893943454659,0.290075362360333,-0.782343458816406,0.431785930375171,0.290075362360333,1.19040563547678,0
4.91559994041255,4.58762958234486,-0.124608317088884,0.289293082567913,-0.782343458816406,0.430786018859478,0.289293082567913,1.19134514266993,0
4.91659985903346,4.5885880616036,-0.124323440434821,0.288510802775493,-0.782343458816406,0.429786110637181,0.288510802775493,1.19228497316083,0
4.91759977765437,4.58954676342229,-0.124039313666804,0.287728522983072,-0.782343458816406,0.428786206345367,0.287728522983071,1.19322512593927,0
4.91859969627529,4.59050568721424,-0.123755936958707,0.286946243190651,-0.782343458816406,0.427786306625646,0.286946243190651,1.19416559999624,0
4.9195996148962,4.59146483239263,-0.123473310483947,0.286163963398231,-0.782343458816406,0.426786412124202,0.286163963398231,1.19510639432392,0
4.92059953351712,4.59242419837049,-0.12319143441548,0.285381683605811,-0.782343458816406,0.425786523491854,0.285381683605811,1.19604750791573,0
4.92159945213803,4.59338378456074,-0.122910308925803,0.28459940381339,-0.782343458816406,0.424786641384099,0.28459940381339,1.19698893976627,0
4.92259937075894,4.59434359037614,-0.122629934186954,0.28381712402097,-0.782343458816406,0.423786766461173,0.28381712402097,1.19793068887137,0
4.92359928937986,4.59530361522933,-0.122350310370512,0.28303484422855,-0.782343458816406,0.422786899388109,0.28303484422855,1.19887275422805,0
4.92459920800077,4.59626385853281,-0.122071437647595,0.282252564436129,-0.782343458816406,0.421787040834789,0.282252564436129,1.19981513483454,0
4.92559912662169,4.59722431969894,-0.121793316188864,0.281470284643708,-0.782343458816406,0.420787191475999,0.281470284643708,1.20075782969027,0
4.9265990452426,4.59818499813997,-0.121515946164517,0.280688004851288,-0.782343458816406,0.419787351991497,0.280688004851288,1.20170083779588,0
4.92759896386351,4.59914589326799,-0.121239327744296,0.279905725058868,-0.782343458816406,0.41878752306606,0.279905725058867,1.2026441581532,0
4.92859888248443,4.60010700449498,-0.120963461097479,0.279123445266447,-0.782343458816406,0.417787705389546,0.279123445266448,1.20358778976527,0
4.92959880110534,4.60106833123276,-0.120688346392886,0.278341165474027,-0.782343458816406,0.416787899656966,0.278341165474027,1.20453173163634,0
4.93059871972625,4.60202987289305,-0.120413983798877,0.277558885681607,-0.782343458816406,0.415788106568526,0.277558885681607,1.20547598277185,0
4.93159863834717,4.60299162888741,-0.120140373483352,0.276776605889186,-0.782343458816406,0.414788326829708,0.276776605889186,1.20642054217843,0
4.93259855696808,4.6039535986273,-0.119867515613749,0.275994326096766,-0.782343458816406,0.413788561151319,0.275994326096766,1.20736540886391,0
4.933598475589,4.60491578152402,-0.119595410357047,0.275212046304346,-0.782343458816406,0.412788810249562,0.275212046304346,1.20831058183735,0
4.93459839420991,4.60587817698875,-0.119324057879764,0.274429766511925,-0.782343458816406,0.4117890748461,0.274429766511926,1.20925606010895,0
4.93559831283082,4.60684078443254,-0.119053458347957,0.273647486719505,-0.782343458816406,0.41078935566812,0.273647486719505,1.21020184269016,0
4.93659823145174,4.60780360326632,-0.118783611927223,0.272865206927084,-0.782343458816406,0.4097896534484,0.272865206927084,1.21114792859358,0
4.93759815007265,4.60876663290087,-0.118514518782697,0.272082927134664,-0.782343458816406,0.408789968925381,0.272082927134664,1.21209431683303,0
4.93859806869357,4.60972987274687,-0.118246179079055,0.271300647342243,-0.782343458816406,0.407790302843229,0.271300647342243,1.21304100642352,0
4.93959798731448,4.61069332221483,-0.117978592980509,0.270518367549823,-0.782343458816406,0.406790655951908,0.270518367549823,1.21398799638124,0
4.94059790593539,4.61165698071518,-0.117711760650812,0.269736087757403,-0.782343458816406,0.405791029007252,0.269736087757403,1.21493528572358,0
4.94159782455631,4.61262084765818,-0.117445682253256,0.268953807964982,-0.782343458816406,0.404791422771033,0.268953807964983,1.21588287346911,0
4.94259774317722,4.61358492245399,-0.11718035795067,0.268171528172562,-0.782343458816406,0.403791838011038,0.268171528172562,1.21683075863762,0
4.94359766179813,4.61454920451264,-0.116915787905421,0.267389248380141,-0.782343458816406,0.40279227550114,0.267389248380141,1.21777894025004,0
4.94459758041905,4.61551369324401,-0.116651972279419,0.266606968587721,-0.782343458816406,0.401792736021375,0.266606968587721,1.21872741732852,0
4.94559749903996,4.61647838805787,-0.116388911234106,0.265824688795301,-0.782343458816406,0.400793220358016,0.265824688795301,1.21967618889639,0
4.94659741766088,4.61744328836388,-0.116126604930467,0.26504240900288,-0.782343458816406,0.399793729303648,0.26504240900288,1.22062525397816,0
4.94759733628179,4.61840839357155,-0.115865053529022,0.26426012921046,-0.782343458816406,0.398794263657254,0.26426012921046,1.22157461159952,0
4.9485972549027,4.61937370309026,-0.115604257189832,0.26347784941804,-0.782343458816406,0.397794824224289,0.263477849418039,1.22252426078736,0
4.94959717352362,4.6203392163293,-0.115344216072494,0.262695569625619,-0.782343458816406,0.396795411816756,0.262695569625619,1.22347420056975,0
4.95059709214453,4.6213049326978,-0.115084930336141,0.261913289833198,-0.782343458816406,0.395796027253298,0.261913289833198,1.22442442997591,0
4.95159701076545,4.62227085160478,-0.114826400139449,0.261131010040778,-0.782343458816406,0.394796671359277,0.261131010040778,1.22537494803629,0
4.95259692938636,4.62323697245913,-0.114568625640627,0.260348730248358,-0.782343458816406,0.393797344966854,0.260348730248357,1.22632575378247,0
4.95359684800727,4.62420329466963,-0.114311606997424,0.259566450455937,-0.782343458816406,0.392798048915079,0.259566450455937,1.22727684624725,0
4.95459676662819,4.62516981764493,-0.114055344367124,0.258784170663517,-0.782343458816406,0.391798784049977,0.258784170663517,1.22822822446458,0
4.9555966852491,4.62613654079354,-0.113799837906551,0.258001890871097,-0.782343458816406,0.390799551224636,0.258001890871097,1.22917988746961,0
4.95659660387001,4.62710346352388,-0.113545087772066,0.257219611078676,-0.782343458816406,0.389800351299295,0.257219611078676,1.23013183429863,0
4.95759652249093,4.62807058524422,-0.113291094119564,0.256437331286255,-0.782343458816406,0.388801185141439,0.256437331286255,1.23108406398914,0
4.95859644111184,4.62903790536272,-0.113037857104481,0.255655051493835,-0.782343458816406,0.387802053625886,0.255655051493835,1.2320365755798,0
4.95959635973276,4.63000542328741,-0.112785376881788,0.254872771701415,-0.782343458816406,0.386802957634883,0.254872771701415,1.23298936811044,0
4.96059627835367,4.63097313842622,-0.112533653605993,0.254090491908994,-0.782343458816406,0.385803898058204,0.254090491908994,1.23394244062206,0
4.96159619697458,4.63194105018694,-0.112282687431142,0.253308212116574,-0.782343458816406,0.384804875793237,0.253308212116574,1.23489579215684,0
4.9625961155955,4.63290915797725,-0.112032478510815,0.252525932324154,-0.782343458816406,0.383805891745096,0.252525932324154,1.23584942175812,0
4.96359603421641,4.63387746120469,-0.111783026998132,0.251743652531733,-0.782343458816406,0.382806946826706,0.251743652531733,1.23680332847042,0
4.96459595283733,4.63484595927672,-0.111534333045746,0.250961372739313,-0.782343458816406,0.381808041958916,0.250961372739313,1.23775751133941,0
4.96559587145824,4.63581465160063,-0.111286396805849,0.250179092946893,-0.782343458816406,0.380809178070594,0.250179092946893,1.23871196941195,0
4.96659579007915,4.63678353758363,-0.111039218430169,0.249396813154472,-0.782343458816406,0.379810356098732,0.249396813154473,1.23966670173604,0
4.96759570870007,4.6377526166328,-0.110792798069969,0.248614533362052,-0.782343458816406,0.378811576988556,0.248614533362052,1.24062170736087,0
4.96859562732098,4.6387218881551,-0.11054713587605,0.247832253569632,-0.782343458816406,0.377812841693629,0.247832253569632,1.24157698533676,0
4.9695955459419,4.63969135155737,-0.110302231998745,0.247049973777211,-0.782343458816406,0.376814151175961,0.24704997377721,1.24253253471524,0
4.97059546456281,4.64066100624634,-0.110058086587929,0.24626769398479,-0.782343458816406,0.375815506406123,0.246267693984791,1.24348835454895,0
4.97159538318372,4.64163085162861,-0.109814699793008,0.24548541419237,-0.782343458816406,0.374816908363353,0.24548541419237,1.24444444389173,0
4.97259530180464,4.64260088711069,-0.109572071762925,0.24470313439995,-0.782343458816406,0.373818358035676,0.24470313439995,1.24540080179856,0
4.97359522042555,4.64357111209893,-0.10933020264616,0.243920854607529,-0.782343458816406,0.372819856420019,0.243920854607529,1.24635742732558,0
4.97459513904646,4.64454152599961,-0.109089092590728,0.243138574815109,-0.782343458816406,0.371821404522326,0.243138574815109,1.2473143195301,0
4.97559505766738,4.64551212821886,-0.108848741744178,0.242356295022688,-0.782343458816406,0.370823003357679,0.242356295022688,1.24827147747056,0
4.97659497628829,4.64648291816273,-0.108609150253595,0.241574015230268,-0.782343458816406,0.369824653950423,0.241574015230268,1.24922890020658,0
4.97759489490921,4.64745389523711,-0.108370318265602,0.240791735437847,-0.782343458816406,0.368826357334283,0.240791735437847,1.25018658679893,0
4.97859481353012,4.64842505884781,-0.108132245926353,0.240009455645427,-0.782343458816406,0.367828114552498,0.240009455645427,1.25114453630951,0
4.97959473215103,4.64939640840051,-0.10789493338154,0.239227175853007,-0.782343458816406,0.36682992665794,0.239227175853007,1.25210274780142,0
4.98059465077195,4.65036794330079,-0.107658380776389,0.238444896060586,-0.782343458816406,0.365831794713248,0.238444896060586,1.25306122033886,0
4.98159456939286,4.6513396629541,-0.107422588255662,0.237662616268166,-0.782343458816406,0.364833719790959,0.237662616268166,1.2540199529872,0
4.98259448801378,4.65231156676579,-0.107187555963653,0.236880336475745,-0.782343458816406,0.363835702973642,0.236880336475745,1.25497894481298,0
4.98359440663469,4.65328365414108,-0.106953284044194,0.236098056683325,-0.782343458816406,0.362837745354033,0.236098056683325,1.25593819488385,0
4.9845943252556,4.65425592448511,-0.106719772640651,0.235315776890904,-0.782343458816406,0.361839848035173,0.235315776890904,1.25689770226863,0
4.98559424387652,4.65522837720288,-0.106487021895923,0.234533497098484,-0.782343458816406,0.36084201213055,0.234533497098484,1.25785746603728,0
4.98659416249743,4.65620101169928,-0.106255031952445,0.233751217306064,-0.782343458816406,0.359844238764241,0.233751217306064,1.2588174852609,0
4.98759408111834,4.6571738273791,-0.106023802952186,0.232968937513644,-0.782343458816406,0.358846529071053,0.232968937513644,1.25977775901175,0
4.98859399973926,4.65814682364701,-0.105793335036648,0.232186657721223,-0.782343458816406,0.357848884196678,0.232186657721223,1.26073828636321,0
4.98959391836017,4.65911999990757,-0.10556362834687,0.231404377928802,-0.782343458816406,0.356851305297835,0.231404377928802,1.26169906638982,0
4.99059383698109,4.66009335556525,-0.105334683023424,0.230622098136382,-0.782343458816406,0.355853793542426,0.230622098136382,1.26266009816725,0
4.991593755602,4.66106689002438,-0.105106499206415,0.229839818343962,-0.782343458816406,0.354856350109691,0.229839818343962,1.26362138077231,0
4.99259367422291,4.6620406026892,-0.104879077035482,0.229057538551541,-0.782343458816406,0.353858976190363,0.229057538551541,1.26458291328295,0
4.99359359284383,4.66301449296383,-0.104652416649801,0.228275258759122,-0.782343458816406,0.352861672986831,0.228275258759122,1.26554469477825,0
4.99459351146474,4.6639885602523,-0.104426518188076,0.227492978966701,-0.782343458816406,0.351864441713295,0.2274929789667,1.26650672433844,0
4.99559343008566,4.6649628039585,-0.104201381788551,0.22671069917428,-0.782343458816406,0.350867283595944,0.22671069917428,1.26746900104488,0
4.99659334870657,4.66593722348623,-0.103977007589,0.22592841938186,-0.782343458816406,0.349870199873109,0.22592841938186,1.26843152398005,0
4.99759326732748,4.6669118182392,-0.103753395726732,0.22514613958944,-0.782343458816406,0.348873191795445,0.22514613958944,1.26939429222757,0
4.9985931859484,4.66788658762099,-0.103530546338587,0.224363859797019,-0.782343458816406,0.347876260626101,0.224363859797019,1.2703573048722,0
4.99959310456931,4.66886153103507,-0.103308459560942,0.223581580004599,-0.782343458816406,0.346879407640891,0.223581580004599,1.27132056099983,0
5.00059302319022,4.66983664788481,-0.103087135529705,0.222799300212179,-0.782343458816406,0.345882634128482,0.222799300212179,1.27228405969747,0
5.00159294181114,4.67081193757349,-0.102866574380318,0.222017020419758,-0.782343458816406,0.344885941390572,0.222017020419758,1.27324780005326,0
5.00259286043205,4.67178739950426,-0.102646776247756,0.221234740627337,-0.782343458816406,0.343889330742074,0.221234740627337,1.27421178115646,0
5.00359277905297,4.67276303308018,-0.102427741266527,0.220452460834917,-0.782343458816406,0.342892803511311,0.220452460834917,1.27517600209747,0
5.00459269767388,4.67373883770419,-0.102209469570671,0.219670181042497,-0.782343458816406,0.341896361040196,0.219670181042497,1.27614046196782,0
5.00559261629479,4.67471481277915,-0.101991961293764,0.218887901250076,-0.782343458816406,0.34090000468444,0.218887901250076,1.27710515986013,0
5.00659253491571,4.67569095770779,-0.101775216568911,0.218105621457656,-0.782343458816406,0.339903735813743,0.218105621457656,1.27807009486818,0
5.00759245353662,4.67666727189275,-0.101559235528752,0.217323341665236,-0.782343458816406,0.338907555811996,0.217323341665236,1.27903526608686,0
5.00859237215754,4.67764375473656,-0.101344018305459,0.216541061872815,-0.782343458816406,0.337911466077489,0.216541061872815,1.28000067261216,0
5.00959229077845,4.67862040564166,-0.101129565030737,0.215758782080394,-0.782343458816406,0.336915468023121,0.215758782080394,1.28096631354121,0
5.01059220939936,4.67959722401036,-0.100915875835823,0.214976502287974,-0.782343458816406,0.335919563076606,0.214976502287974,1.28193218797225,0
5.01159212802028,4.6805742092449,-0.100702950851486,0.214194222495554,-0.782343458816406,0.334923752680692,0.214194222495554,1.28289829500465,0
5.01259204664119,4.6815513607474,-0.100490790208029,0.213411942703133,-0.782343458816406,0.333928038293387,0.213411942703134,1.28386463373888,0
5.0135919652621,4.68252867791987,-0.100279394035286,0.212629662910713,-0.782343458816406,0.332932421388171,0.212629662910713,1.28483120327652,0
5.01459188388302,4.68350616016424,-0.100068762462622,0.211847383118293,-0.782343458816406,0.331936903454234,0.211847383118293,1.28579800272028,0
5.01559180250393,4.68448380688232,-0.0998588956189372,0.211065103325872,-0.782343458816406,0.330941485996701,0.211065103325872,1.28676503117398,0
5.01659172112485,4.68546161747584,-0.0996497936326612,0.210282823533451,-0.782343458816406,0.329946170536871,0.210282823533452,1.28773228774253,0
5.01759163974576,4.68643959134641,-0.0994414566317565,0.209500543741031,-0.782343458816406,0.328950958612453,0.209500543741031,1.28869977153197,0
5.01859155836667,4.68741772789555,-0.0992338847437173,0.208718263948611,-0.782343458816406,0.327955851777814,0.208718263948611,1.28966748164945,0
5.01959147698759,4.68839602652467,-0.0990270780955697,0.20793598415619,-0.782343458816406,0.326960851604226,0.20793598415619,1.29063541720322,0
5.0205913956085,4.6893744866351,-0.0988210368138715,0.20715370436377,-0.782343458816406,0.325965959680116,0.20715370436377,1.29160357730262,0
5.02159131422942,4.69035310762805,-0.0986157610247116,0.206371424571349,-0.782343458816406,0.324971177611322,0.206371424571349,1.29257196105814,0
5.02259123285033,4.69133190225567,-0.0984113148298012,0.205420474686829,-1,0.323976513734611,0.205420474686829,1.29354058378914,0
5.02359115147124,4.69231089970037,-0.0982078420590863,0.204420556065915,-1,0.32298198507827,0.204420556065915,1.29450948076944,0
5.02459107009216,4.69329010011182,-0.0980053483077029,0.203420637445001,-1,0.321987594460299,0.203420637445001,1.29547865203592,0
5.02559098871307,4.694269502511,-0.0978038337781119,0.202420718824088,-1,0.320993344162414,0.202420718824088,1.29644809625713,0
5.02659090733398,4.69524910591865,-0.0976032986717947,0.201420800203174,-1,0.319999236491277,0.201420800203174,1.29741781210316,0
5.0275908259549,4.69622890935533,-0.0974037431892539,0.20042088158226,-1,0.319005273778871,0.20042088158226,1.29838779824565,0
5.02859074457581,4.69720891184139,-0.0972051675300127,0.199420962961346,-1,0.318011458382887,0.199420962961346,1.29935805335779,0
5.02959066319673,4.69818911239701,-0.0970075718926141,0.198421044340433,-1,0.31701779268711,0.198421044340433,1.30032857611431,0
5.03059058181764,4.69916951004212,-0.0968109564746218,0.197421125719519,-1,0.316024279101823,0.19742112571952,1.30129936519149,0
5.03159050043855,4.70015010379651,-0.0966153214726191,0.196421207098606,-1,0.315030920064211,0.196421207098606,1.30227041926713,0
5.03259041905947,4.70113089267972,-0.0964206670822091,0.195421288477693,-1,0.314037718038772,0.195421288477692,1.30324173702061,0
5.03359033768038,4.70211187571114,-0.0962269934980145,0.194421369856779,-1,0.313044675517735,0.194421369856779,1.30421331713282,0
5.0345902563013,4.70309305190993,-0.0960343009136772,0.193421451235865,-1,0.312051795021493,0.193421451235865,1.30518515828622,0
5.03559017492221,4.70407442029509,-0.0958425895218589,0.192421532614951,-1,0.311059079099036,0.192421532614952,1.30615725916477,0
5.03659009354312,4.70505597988541,-0.0956518595142393,0.191421613994038,-1,0.310066530328394,0.191421613994038,1.30712961845401,0
5.03759001216404,4.70603772969948,-0.0954621110815176,0.190421695373125,-1,0.309074151317089,0.190421695373125,1.30810223484099,0
5.03858993078495,4.70701966875571,-0.0952733444134112,0.189421776752211,-1,0.308081944702593,0.189421776752211,1.30907510701431,0
5.03958984940587,4.70800179607233,-0.0950855596986561,0.188421858131298,-1,0.307089913152799,0.188421858131298,1.3100482336641,0
5.04058976802678,4.70898411066736,-0.0948987571250063,0.187421939510383,-1,0.306098059366498,0.187421939510383,1.31102161348205,0
5.04158968664769,4.70996661155866,-0.0947129368792342,0.18642202088947,-1,0.305106386073863,0.18642202088947,1.31199524516134,0
5.04258960526861,4.71094929776388,-0.0945280991471296,0.185422102268557,-1,0.304114896036943,0.185422102268557,1.31296912739672,0
5.04358952388952,4.7119321683005,-0.0943442441135003,0.184422183647643,-1,0.303123592050169,0.184422183647643,1.31394325888445,0
5.04458944251043,4.71291522218581,-0.0941613719621712,0.18342226502673,-1,0.302132476940866,0.18342226502673,1.31491763832235,0
5.04558936113135,4.7138984584369,-0.0939794828759848,0.182422346405816,-1,0.301141553569775,0.182422346405816,1.31589226440974,0
5.04658927975226,4.71488187607072,-0.0937985770368005,0.181422427784903,-1,0.300150824831589,0.181422427784903,1.31686713584749,0
5.04758919837318,4.71586547410399,-0.0936186546254946,0.180422509163989,-1,0.299160293655491,0.180422509163988,1.31784225133799,0
5.04858911699409,4.71684925155328,-0.0934397158219604,0.179422590543075,-1,0.298169963005713,0.179422590543075,1.31881760958516,0
5.049589035615,4.71783320743497,-0.0932617608051076,0.178422671922162,-1,0.297179835882089,0.178422671922162,1.31979320929445,0
5.05058895423592,4.71881734076527,-0.093084789752862,0.177422753301248,-1,0.296189915320638,0.177422753301248,1.32076904917283,0
5.05158887285683,4.71980165056021,-0.0929088028421661,0.176422834680335,-1,0.29520020439415,0.176422834680335,1.32174512792881,0
5.05258879147775,4.72078613583563,-0.092733800248978,0.175422916059422,-1,0.294210706212769,0.175422916059421,1.3227214442724,0
5.05358871009866,4.72177079560721,-0.0925597821482717,0.174422997438508,-1,0.293221423924617,0.174422997438508,1.32369799691515,0
5.05458862871957,4.72275562889045,-0.092386748714037,0.173423078817594,-1,0.292232360716398,0.173423078817594,1.32467478457013,0
5.05558854734049,4.72374063470068,-0.0922147001192794,0.17242316019668,-1,0.29124351981404,0.17242316019668,1.32565180595193,0
5.0565884659614,4.72472581205305,-0.0920436365360195,0.171423241575768,-1,0.290254904483329,0.171423241575768,1.32662905977666,0
5.05758838458231,4.72571115996255,-0.0918735581352926,0.170423322954854,-1,0.289266518030569,0.170423322954854,1.32760654476195,0
5.05858830320323,4.72669667744398,-0.0917044650871498,0.169423404333941,-1,0.288278363803249,0.169423404333941,1.32858425962695,0
5.05958822182414,4.727682363512,-0.0915363575606562,0.168423485713027,-1,0.287290445190721,0.168423485713027,1.32956220309232,0
5.06058814044506,4.72866821718107,-0.0913692357238924,0.167423567092113,-1,0.286302765624901,0.167423567092113,1.33054037388024,0
5.06158805906597,4.7296542374655,-0.0912030997439528,0.1664236484712,-1,0.285315328580966,0.1664236484712,1.33151877071442,0
5.06258797768688,4.73064042337944,-0.0910379497869464,0.165423729850286,-1,0.284328137578079,0.165423729850287,1.33249739232005,0
5.0635878963078,4.73162677393685,-0.0908737860179963,0.164423811229373,-1,0.283341196180131,0.164423811229373,1.33347623742386,0
5.06458781492871,4.73261328815155,-0.0907106086012394,0.16342389260846,-1,0.28235450799648,0.163423892608459,1.33445530475409,0
5.06558773354963,4.73359996503718,-0.0905484176998266,0.162423973987546,-1,0.28136807668272,0.162423973987546,1.33543459304048,0
5.06658765217054,4.73458680360723,-0.0903872134759223,0.161424055366632,-1,0.280381905941464,0.161424055366632,1.33641410101428,0
5.06758757079145,4.73557380287502,-0.0902269960907048,0.160424136745718,-1,0.279395999523132,0.160424136745719,1.33739382740827,0
5.06858748941237,4.73656096185371,-0.0900677657043651,0.159424218124805,-1,0.278410361226765,0.159424218124805,1.33837377095671,0
5.06958740803328,4.73754827955631,-0.0899095224761077,0.158424299503892,-1,0.27742499490085,0.158424299503892,1.33935393039539,0
5.07058732665419,4.73853575499564,-0.0897522665641502,0.157424380882978,-1,0.276439904444167,0.157424380882978,1.34033430446157,0
5.07158724527511,4.73952338718441,-0.0895959981257227,0.156424462262065,-1,0.27545509380664,0.156424462262065,1.34131489189406,0
5.07258716389602,4.74051117513514,-0.0894407173170683,0.155424543641151,-1,0.274470566990225,0.155424543641151,1.34229569143315,0
5.07358708251694,4.74149911786021,-0.0892864242934425,0.154424625020237,-1,0.273486328049794,0.154424625020237,1.34327670182062,0
5.07458700113785,4.74248721437182,-0.0891331192091133,0.153424706399324,-1,0.272502381094057,0.153424706399324,1.34425792179977,0
5.07558691975876,4.74347546368205,-0.0889808022173607,0.15242478777841,-1,0.271518730286484,0.15242478777841,1.3452393501154,0
5.07658683837968,4.7444638648028,-0.0888294734704769,0.151424869157497,-1,0.270535379846263,0.151424869157497,1.3462209855138,0
5.07758675700059,4.74545241674585,-0.0886791331197661,0.150424950536583,-1,0.26955233404926,0.150424950536583,1.34720282674276,0
5.07858667562151,4.74644111852278,-0.0885297813155441,0.14942503191567,-1,0.268569597229015,0.14942503191567,1.34818487255156,0
5.07958659424242,4.74742996914508,-0.0883814182071384,0.148425113294756,-1,0.267587173777748,0.148425113294756,1.34916712169099,0
5.08058651286333,4.74841896762403,-0.0882340439428877,0.147425194673842,-1,0.266605068147386,0.147425194673842,1.35014957291333,0
5.08158643148425,4.74940811297082,-0.0880876586701428,0.146425276052929,-1,0.265623284850619,0.146425276052929,1.35113222497234,0
5.08258635010516,4.75039740419645,-0.0879422625352647,0.145425357432015,-1,0.264641828461967,0.145425357432015,1.35211507662329,0
5.08358626872608,4.75138684031179,-0.0877978556836261,0.144425438811102,-1,0.263660703618871,0.144425438811102,1.35309812662293,0
5.08458618734699,4.75237642032757,-0.0876544382596102,0.143425520190189,-1,0.26267991502282,0.143425520190188,1.35408137372949,0
5.0855861059679,4.75336614325437,-0.0875120104066111,0.142425601569275,-1,0.26169946744048,0.142425601569275,1.35506481670272,0
5.08658602458882,4.75435600810263,-0.0873705722670333,0.141425682948361,-1,0.260719365704861,0.141425682948361,1.35604845430383,0
5.08758594320973,4.75534601388264,-0.0872301239822923,0.140425764327447,-1,0.259739614716508,0.140425764327447,1.35703228529551,0
5.08858586183064,4.75633615960456,-0.0870906656928133,0.139425845706535,-1,0.258760219444705,0.139425845706535,1.35801630844196,0
5.08958578045156,4.75732644427841,-0.0869521975380319,0.138425927085621,-1,0.257781184928718,0.138425927085621,1.35900052250886,0
5.09058569907247,4.75831686691405,-0.0868147196563936,0.137426008464708,-1,0.256802516279061,0.137426008464708,1.35998492626334,0
5.09158561769339,4.75930742652124,-0.0866782321853539,0.136426089843795,-1,0.255824218678774,0.136426089843795,1.36096951847406,0
5.0925855363143,4.76029812210957,-0.0865427352613781,0.13542617122288,-1,0.254846297384753,0.13542617122288,1.36195429791112,0
5.09358545493521,4.76128895268851,-0.0864082290199412,0.134426252601967,-1,0.253868757729089,0.134426252601967,1.36293926334612,0
5.09458537355613,4.76227991726739,-0.0862747135955274,0.133426333981053,-1,0.252891605120436,0.133426333981054,1.36392441355212,0
5.09558529217704,4.7632710148554,-0.0861421891216304,0.13242641536014,-1,0.251914845045424,0.13242641536014,1.36490974730369,0
5.09658521079796,4.76426224446161,-0.0860106557307531,0.131426496739227,-1,0.25093848307008,0.131426496739226,1.36589526337683,0
5.09758512941887,4.76525360509495,-0.0858801135544075,0.130426578118313,-1,0.249962524841297,0.130426578118313,1.36688096054905,0
5.09858504803978,4.76624509576422,-0.0857505627231144,0.1294266594974,-1,0.248986976088327,0.1294266594974,1.36786683759931,0
5.0995849666607,4.7672367154781,-0.0856220033664036,0.128426740876485,-1,0.248011842624301,0.128426740876486,1.36885289330807,0
5.10058488528161,4.76822846324512,-0.0854944356128136,0.127426822255572,-1,0.247037130347796,0.127426822255572,1.36983912645722,0
5.10158480390252,4.76922033807369,-0.0853678595898914,0.126426903634659,-1,0.246062845244421,0.126426903634659,1.37082553583014,0
5.10258472252344,4.77021233897211,-0.0852422754241923,0.125426985013745,-1,0.245088993388443,0.125426985013745,1.37181212021169,0
5.10358464114435,4.77120446494854,-0.0851176832412801,0.124427066392832,-1,0.24411558094445,0.124427066392832,1.37279887838818,0
5.10458455976527,4.77219671501101,-0.0849940831657267,0.123427147771918,-1,0.243142614169047,0.123427147771918,1.37378580914738,0
5.10558447838618,4.77318908816743,-0.0848714753211118,0.122427229151004,-1,0.242170099412591,0.122427229151004,1.37477291127854,0
5.10658439700709,4.77418158342559,-0.0847498598300236,0.121427310530091,-1,0.241198043120965,0.121427310530091,1.37576018357237,0
5.10758431562801,4.77517419979316,-0.0846292368140577,0.120427391909177,-1,0.24022645183738,0.120427391909177,1.37674762482102,0
5.10858423424892,4.77616693627768,-0.0845096063938174,0.119427473288264,-1,0.239255332204237,0.119427473288264,1.37773523381813,0
5.10958415286984,4.77715979188657,-0.0843909686889138,0.11842755466735,-1,0.238284690965005,0.11842755466735,1.37872300935879,0
5.11058407149075,4.77815276562715,-0.0842733238179651,0.117427636046437,-1,0.237314534966167,0.117427636046437,1.37971095023952,0
5.11158399011166,4.77914585650661,-0.084156671898597,0.116427717425523,-1,0.236344871159178,0.116427717425523,1.38069905525834,0
5.11258390873258,4.780139063532,-0.0840410130474425,0.115427798804609,-1,0.235375706602499,0.115427798804609,1.38168732321469,0
5.11358382735349,4.78113238571029,-0.0839263473801417,0.114427880183696,-1,0.234407048463651,0.114427880183696,1.38267575290949,0
5.11458374597441,4.78212582204832,-0.0838126750113416,0.113427961562782,-1,0.233438904021324,0.113427961562782,1.38366434314509,0
5.11558366459532,4.78311937155281,-0.0836999960546959,0.112428042941869,-1,0.232471280667535,0.112428042941869,1.3846530927253,0
5.11658358321623,4.78411303323038,-0.0835883106228653,0.111428124320956,-1,0.231504185909831,0.111428124320955,1.38564200045538,0
5.11758350183715,4.78510680608751,-0.0834776188275171,0.110428205700042,-1,0.230537627373541,0.110428205700042,1.38663106514203,0
5.11858342045806,4.78610068913062,-0.083367920779325,0.109428287079129,-1,0.229571612804077,0.109428287079129,1.38762028559343,0
5.11958333907898,4.78709468136596,-0.0832592165879691,0.108428368458214,-1,0.228606150069292,0.108428368458214,1.38860966061915,0
5.12058325769989,4.78808878179972,-0.0831515063621361,0.107428449837302,-1,0.227641247161889,0.107428449837302,1.38959918903026,0
5.1215831763208,4.78908298943795,-0.0830447902095185,0.106428531216388,-1,0.226676912201875,0.106428531216388,1.39058886963923,0
5.12258309494172,4.7900773032866,-0.0829390682368152,0.105428612595475,-1,0.225713153439084,0.105428612595475,1.39157870125999,0
5.12358301356263,4.79107172235154,-0.0828343405497309,0.104428693974562,-1,0.224749979255755,0.104428693974562,1.39256868270792,0
5.12458293218354,4.79206624563849,-0.0827306072529761,0.103428775353647,-1,0.223787398169155,0.103428775353647,1.39355881279983,0
5.12558285080446,4.7930608721531,-0.0826278684502674,0.102428856732734,-1,0.22282541883428,0.102428856732734,1.39454909035395,0
5.12658276942537,4.7940556009009,-0.0825261242443269,0.10142893811182,-1,0.221864050046602,0.101428938111821,1.39553951418998,0
5.12758268804629,4.79505043088732,-0.0824253747368821,0.100429019490907,-1,0.220903300744891,0.100429019490907,1.39653008312902,0
5.1285826066672,4.79604536111771,-0.0823256200286662,0.0994291008699936,-1,0.219943180014092,0.0994291008699935,1.39752079599364,0
5.12958252528811,4.79704039059728,-0.0822268602194176,0.0984291822490801,-1,0.218983697088273,0.0984291822490801,1.39851165160781,0
5.13058244390903,4.79803551833117,-0.0821290954078801,0.0974292636281667,-1,0.21802486135364,0.0974292636281668,1.39950264879694,0
5.13158236252994,4.79903074332443,-0.0820323256918024,0.0964293450072524,-1,0.217066682351617,0.0964293450072526,1.40049378638789,0
5.13258228115085,4.80002606458197,-0.0819365511679387,0.095429426386339,-1,0.216109169782009,0.0954294263863389,1.40148506320891,0
5.13358219977177,4.80102148110865,-0.0818417719320478,0.0944295077654256,-1,0.21515233350622,0.0944295077654256,1.40247647808972,0
5.13458211839268,4.80201699190921,-0.0817479880788936,0.0934295891445122,-1,0.214196183550557,0.0934295891445123,1.40346802986143,0
5.1355820370136,4.8030125959883,-0.0816551997022445,0.0924296705235987,-1,0.213240730109613,0.0924296705235985,1.40445971735659,0
5.13658195563451,4.80400829235048,-0.081563406894874,0.0914297519026853,-1,0.212285983549721,0.0914297519026852,1.40545153940916,0
5.13758187425542,4.80500408000022,-0.0814726097485597,0.0904298332817719,-1,0.21133195441249,0.0904298332817719,1.40644349485455,0
5.13858179287634,4.80599995794188,-0.0813828083540842,0.0894299146608576,-1,0.210378653418423,0.0894299146608577,1.40743558252957,0
5.13958171149725,4.80699592517976,-0.0812940028012341,0.0884299960399442,-1,0.209426091470628,0.0884299960399444,1.40842780127243,0
5.14058163011817,4.80799198071805,-0.0812061931788007,0.0874300774190307,-1,0.208474279658598,0.0874300774190306,1.40942014992279,0
5.14158154873908,4.80898812356085,-0.0811193795745791,0.0864301587981173,-1,0.2075232292621,0.0864301587981173,1.41041262732171,0
5.14258146735999,4.80998435271219,-0.0810335620753689,0.0854302401772039,-1,0.206572951755136,0.085430240177204,1.41140523231167,0
5.14358138598091,4.81098066717599,-0.0809487407669735,0.0844303215562905,-1,0.205623458810012,0.0844303215562903,1.41239796373655,0
5.14458130460182,4.81197706595611,-0.0808649157342006,0.0834304029353771,-1,0.204674762301493,0.083430402935377,1.41339082044166,0
5.14558122322274,4.81297354805631,-0.0807820870608613,0.0824304843144628,-1,0.20372687431106,0.0824304843144628,1.4143838012737,0
5.14658114184365,4.81397011248027,-0.0807002548297711,0.0814305656935493,-1,0.202779807131269,0.0814305656935495,1.4153769050808,0
5.14758106046456,4.81496675823158,-0.0806194191227487,0.0804306470726359,-1,0.201833573270206,0.0804306470726361,1.41637013071247,0
5.14858097908548,4.81596348431377,-0.0805395800206167,0.0794307284517225,-1,0.200888185456054,0.0794307284517224,1.41736347701966,0
5.14958089770639,4.81696028973027,-0.0804607376032012,0.0784308098308091,-1,0.199943656641762,0.0784308098308091,1.41835694285471,1
5.1505808163273,4.81795717348443,-0.0803828919493317,0.0774308912098953,-1,0.199000000009837,0.0774308912098953,1.41935052707133,1
