Time_s,Theta_deg,Omega_radps,Applied_Torque_Nm,Unsaturated_Torque_Nm
0,30,0,-10,-10.5332835841913
0.001,29.9998540437636,-0.00509475247241007,-10,-10.5010224812135
0.002,29.9994161932745,-0.0101890387765433,-10,-10.4686618385963
0.003,29.9986864740009,-0.0152829022369335,-10,-10.4362013913769
0.004,29.9976649089291,-0.0203763861709535,-10,-10.4036408737667
0.005,29.9963515185635,-0.0254695338895658,-10,-10.370980019146
0.006,29.9947463209272,-0.0305623886980726,-10,-10.3382185600595
0.007,29.9928493315623,-0.0356549938968658,-10,-10.3053562282122
0.008,29.9906605635298,-0.0407473927821762,-10,-10.2723927544642
0.009,29.9881800274106,-0.0458396286468233,-10,-10.239327868826
0.01,29.9854077313047,-0.0509317447809641,-10,-10.2061613004544
0.011,29.9823436808321,-0.0560237844728423,-10,-10.1728927776473
0.012,29.9789878791326,-0.0611157910095366,-10,-10.1395220278389
0.013,29.9753403268657,-0.0662078076777094,-10,-10.1060487775956
0.014,29.9714010222109,-0.071299877764355,-10,-10.0724727526108
0.015,29.9671699608674,-0.0763920445575475,-10,-10.0387936777
0.016,29.9626471360541,-0.0814843513471891,-10,-10.0050112767967
0.017,29.9578327382249,-0.0865645696721907,-9.97120292709698,-9.97120292709698
0.018,29.9527282063136,-0.0916116328928291,-9.93750232055768,-9.93750232055768
0.019,29.9473354557076,-0.0966253260371883,-9.90391148877693,-9.90391148877693
0.02,29.9416563939108,-0.101605804712007,-9.87043011772615,-9.87043011772615
0.021,29.9356929195285,-0.106553223919563,-9.83705789407399,-9.83705789407399
0.022,29.9294469223027,-0.111467738060056,-9.8037945051834,-9.8037945051834
0.023,29.9229202831459,-0.116349500933953,-9.77063963910892,-9.77063963910892
0.024,29.9161148741756,-0.121198665744334,-9.73759298459386,-9.73759298459386
0.025,29.9090325587485,-0.126015385099209,-9.70465423106762,-9.70465423106762
0.026,29.9016751914947,-0.130799811013833,-9.67182306864308,-9.67182306864308
0.027,29.894044618351,-0.135552094912991,-9.63909918811397,-9.63909918811397
0.028,29.8861426765955,-0.14027238763328,-9.60648228095234,-9.60648228095234
0.029,29.8779711948804,-0.144960839425368,-9.5739720393061,-9.5739720393061
0.03,29.8695319932661,-0.149617599956243,-9.54156815599651,-9.54156815599651
0.031,29.8608268832544,-0.154242818311446,-9.50927032451587,-9.50927032451587
0.032,29.8518576678218,-0.158836642997288,-9.47707823902511,-9.47707823902511
0.033,29.8426261414522,-0.16339922194305,-9.4449915943515,-9.4449915943515
0.034,29.8331340901707,-0.16793070250318,-9.41301008598644,-9.41301008598644
0.035,29.8233832915757,-0.172431231459458,-9.38113341008318,-9.38113341008318
0.036,29.8133755148722,-0.176900955023166,-9.34936126345473,-9.34936126345473
0.037,29.8031125209041,-0.18134001883723,-9.31769334357169,-9.31769334357169
0.038,29.7925960621868,-0.185748567978354,-9.28612934856018,-9.28612934856018
0.039,29.7818278829396,-0.190126746959142,-9.25466897719984,-9.25466897719984
0.04,29.7708097191179,-0.194474699730203,-9.2233119289218,-9.2233119289218
0.041,29.7595432984455,-0.198792569682247,-9.19205790380672,-9.19205790380672
0.042,29.7480303404465,-0.203080499648161,-9.16090660258295,-9.16090660258295
0.043,29.736272556477,-0.207338631905082,-9.12985772662456,-9.12985772662456
0.044,29.7242716497574,-0.211567108176448,-9.09891097794959,-9.09891097794959
0.045,29.7120293154035,-0.215766069634041,-9.06806605921822,-9.06806605921822
0.046,29.6995472404585,-0.219935656900019,-9.037322673731,-9.037322673731
0.047,29.686827103924,-0.224076010048931,-9.00668052542718,-9.00668052542718
0.048,29.6738705767919,-0.228187268609723,-8.97613931888298,-8.97613931888298
0.049,29.6606793220751,-0.232269571567731,-8.94569875930995,-8.94569875930995
0.05,29.6472549948385,-0.236323057366666,-8.91535855255342,-8.91535855255342
0.051,29.6335992422307,-0.240347863910575,-8.88511840509081,-8.88511840509081
0.052,29.619713703514,-0.244344128565811,-8.85497802403021,-8.85497802403021
0.053,29.6056000100957,-0.248311988162967,-8.82493711710879,-8.82493711710879
0.054,29.5912597855587,-0.252251578998823,-8.79499539269135,-8.79499539269135
0.055,29.5766946456918,-0.256163036838258,-8.76515255976887,-8.76515255976887
0.056,29.5619061985201,-0.260046496916175,-8.73540832795711,-8.73540832795711
0.057,29.5468960443357,-0.263902093939392,-8.70576240749523,-8.70576240749523
0.058,29.5316657757274,-0.267729962088539,-8.67621450924442,-8.67621450924442
0.059,29.5162169776114,-0.27153023501994,-8.64676434468659,-8.64676434468659
0.06,29.5005512272606,-0.275303045867474,-8.61741162592308,-8.61741162592308
0.061,29.4846700943349,-0.279048527244445,-8.58815606567341,-8.58815606567341
0.062,29.468575140911,-0.282766811245423,-8.55899737727401,-8.55899737727401
0.063,29.4522679215118,-0.286458029448084,-8.52993527467705,-8.52993527467705
0.064,29.4357499831362,-0.290122312915042,-8.50096947244923,-8.50096947244923
0.065,29.4190228652885,-0.293759792195664,-8.47209968577067,-8.47209968577067
0.066,29.4020881000077,-0.29737059732788,-8.44332563043374,-8.44332563043374
0.067,29.3849472118967,-0.300954857839979,-8.41464702284196,-8.41464702284196
0.068,29.3676017181518,-0.304512702752402,-8.38606358000896,-8.38606358000896
0.069,29.3500531285911,-0.308044260579522,-8.35757501955739,-8.35757501955739
0.07,29.3323029456841,-0.311549659331407,-8.32918105971792,-8.32918105971792
0.071,29.3143526645803,-0.315029026515591,-8.30088141932822,-8.30088141932822
0.072,29.2962037731376,-0.318482489138815,-8.27267581783196,-8.27267581783196
0.073,29.2778577519515,-0.32191017370878,-8.24456397527791,-8.24456397527791
0.074,29.2593160743835,-0.325312206235871,-8.21654561231894,-8.21654561231894
0.075,29.2405802065892,-0.328688712234886,-8.18862045021114,-8.18862045021114
0.076,29.221651607547,-0.332039816726754,-8.16078821081291,-8.16078821081291
0.077,29.2025317290861,-0.335365644240236,-8.1330486165841,-8.1330486165841
0.078,29.1832220159151,-0.338666318813628,-8.10540139058514,-8.10540139058514
0.079,29.1637239056495,-0.34194196399645,-8.07784625647622,-8.07784625647622
0.08,29.1440388288398,-0.345192702851124,-8.05038293851648,-8.05038293851648
0.081,29.1241682089998,-0.348418657954653,-8.02301116156319,-8.02301116156319
0.082,29.1041134626336,-0.351619951400282,-7.99573065107099,-7.99573065107099
0.083,29.0838759992642,-0.354796704799155,-7.96854113309114,-7.96854113309114
0.084,29.06345722146,-0.357949039281964,-7.94144233427076,-7.94144233427076
0.085,29.0428585248633,-0.361077075500592,-7.91443398185211,-7.91443398185211
0.086,29.022081298217,-0.364180933629743,-7.88751580367188,-7.88751580367188
0.087,29.0011269233921,-0.367260733368568,-7.86068752816051,-7.86068752816051
0.088,28.9799967754153,-0.370316593942282,-7.8339488843415,-7.8339488843415
0.089,28.9586922224951,-0.373348634103779,-7.80729960183077,-7.80729960183077
0.09,28.9372146260501,-0.376356972135226,-7.78073941083598,-7.78073941083598
0.091,28.9155653407347,-0.379341725849664,-7.75426804215592,-7.75426804215592
0.092,28.8937457144671,-0.382303012592594,-7.72788522717992,-7.72788522717992
0.093,28.871757088455,-0.385240949243559,-7.70159069788719,-7.70159069788719
0.094,28.8496007972228,-0.388155652217713,-7.67538418684629,-7.67538418684629
0.095,28.8272781686383,-0.391047237467394,-7.64926542721448,-7.64926542721448
0.096,28.8047905239386,-0.393915820483676,-7.62323415273726,-7.62323415273726
0.097,28.782139177757,-0.396761516297926,-7.59729009774773,-7.59729009774773
0.098,28.7593254381493,-0.399584439483349,-7.57143299716608,-7.57143299716608
0.099,28.7363506066195,-0.402384704156526,-7.54566258649909,-7.54566258649909
0.1,28.7132159781463,-0.405162423978945,-7.51997860183957,-7.51997860183957
0.101,28.6899228412094,-0.407917712158529,-7.49438077986589,-7.49438077986589
0.102,28.6664724778148,-0.410650681451151,-7.46886885784148,-7.46886885784148
0.103,28.642866163521,-0.413361444162151,-7.44344257361432,-7.44344257361432
0.104,28.6191051674648,-0.416050112147838,-7.4181016656165,-7.4181016656165
0.105,28.5951907523871,-0.418716796816994,-7.39284587286377,-7.39284587286377
0.106,28.571124174658,-0.421361609132363,-7.36767493495501,-7.36767493495501
0.107,28.546906684303,-0.42398465961214,-7.34258859207188,-7.34258859207188
0.108,28.5225395250278,-0.426586058331453,-7.31758658497832,-7.31758658497832
0.109,28.498023934244,-0.429165914923837,-7.29266865502016,-7.29266865502016
0.11,28.4733611430943,-0.431724338582705,-7.26783454412466,-7.26783454412466
0.111,28.4485523764778,-0.434261438062808,-7.24308399480014,-7.24308399480014
0.112,28.4235988530746,-0.436777321681694,-7.21841675013556,-7.21841675013556
0.113,28.3985017853714,-0.439272097321161,-7.19383255380011,-7.19383255380011
0.114,28.3732623796862,-0.441745872428701,-7.16933115004286,-7.16933115004286
0.115,28.347881836193,-0.444198754018939,-7.14491228369231,-7.14491228369231
0.116,28.3223613489466,-0.44663084867507,-7.1205757001561,-7.1205757001561
0.117,28.2967021059077,-0.449042262550289,-7.09632114542056,-7.09632114542056
0.118,28.2709052889667,-0.45143310136921,-7.07214836605041,-7.07214836605041
0.119,28.2449720739691,-0.453803470429288,-7.04805710918835,-7.04805710918835
0.12,28.2189036307392,-0.45615347460223,-7.02404712255476,-7.02404712255476
0.121,28.1927011231048,-0.458483218335402,-7.0001181544473,-7.0001181544473
0.122,28.1663657089217,-0.460792805653235,-6.9762699537406,-6.9762699537406
0.123,28.1398985400972,-0.463082340158616,-6.95250226988592,-6.95250226988592
0.124,28.113300762615,-0.465351925034284,-6.92881485291081,-6.92881485291081
0.125,28.0865735165587,-0.467601663044214,-6.90520745341878,-6.90520745341878
0.126,28.0597179361358,-0.469831656535003,-6.88167982258898,-6.88167982258898
0.127,28.032735149702,-0.472042007437241,-6.85823171217587,-6.85823171217587
0.128,28.0056262797845,-0.474232817266887,-6.83486287450893,-6.83486287450893
0.129,27.9783924431059,-0.476404187126634,-6.81157306249231,-6.81157306249231
0.13,27.9510347506078,-0.478556217707271,-6.78836202960453,-6.78836202960453
0.131,27.9235543074747,-0.480689009289042,-6.76522952989819,-6.76522952989819
0.132,27.8959522131568,-0.482802661742996,-6.74217531799965,-6.74217531799965
0.133,27.8682295613941,-0.484897274532336,-6.71919914910873,-6.71919914910873
0.134,27.8403874402393,-0.486972946713762,-6.6963007789984,-6.6963007789984
0.135,27.8124269320812,-0.489029776938811,-6.6734799640145,-6.6734799640145
0.136,27.7843491136679,-0.491067863455187,-6.65073646107542,-6.65073646107542
0.137,27.7561550561297,-0.493087304108095,-6.62807002767184,-6.62807002767184
0.138,27.7278458250026,-0.495088196341564,-6.60548042186641,-6.60548042186641
0.139,27.6994224802506,-0.497070637199767,-6.58296740229344,-6.58296740229344
0.14,27.670886076289,-0.499034723328338,-6.56053072815868,-6.56053072815868
0.141,27.6422376620072,-0.500980550975685,-6.53817015923894,-6.53817015923894
0.142,27.6134782807913,-0.502908215994293,-6.51588545588186,-6.51588545588186
0.143,27.5846089705467,-0.504817813842036,-6.49367637900564,-6.49367637900564
0.144,27.5556307637207,-0.506709439583464,-6.47154269009866,-6.47154269009866
0.145,27.5265446873251,-0.508583187891111,-6.44948415121929,-6.44948415121929
0.146,27.4973517629587,-0.510439153046776,-6.42750052499558,-6.42750052499558
0.147,27.4680530068292,-0.512277428942813,-6.40559157462491,-6.40559157462491
0.148,27.4386494297761,-0.514098109083415,-6.3837570638738,-6.3837570638738
0.149,27.4091420372925,-0.515901286585891,-6.36199675707754,-6.36199675707754
0.15,27.3795318295471,-0.517687054181939,-6.34031041913995,-6.34031041913995
0.151,27.3498198014069,-0.519455504218922,-6.31869781553307,-6.31869781553307
0.152,27.3200069424583,-0.521206728661129,-6.29715871229689,-6.29715871229689
0.153,27.29009423703,-0.522940819091039,-6.27569287603903,-6.27569287603903
0.154,27.2600826642137,-0.524657866710584,-6.25430007393447,-6.25430007393447
0.155,27.2299731978871,-0.526357962342399,-6.23298007372527,-6.23298007372527
0.156,27.1997668067346,-0.528041196431076,-6.21173264372025,-6.21173264372025
0.157,27.1694644542694,-0.529707659044412,-6.19055755279468,-6.19055755279468
0.158,27.139067098855,-0.53135743987465,-6.16945457039005,-6.16945457039005
0.159,27.1085756937265,-0.532990628239725,-6.1484234665137,-6.1484234665137
0.16,27.0779911870124,-0.534607313084493,-6.12746401173857,-6.12746401173857
0.161,27.0473145217555,-0.536207582981971,-6.10657597720285,-6.10657597720285
0.162,27.0165466359345,-0.53779152613456,-6.08575913460974,-6.08575913460974
0.163,26.9856884624849,-0.539359230375276,-6.06501325622707,-6.06501325622707
0.164,26.9547409293203,-0.540910783168969,-6.04433811488706,-6.04433811488706
0.165,26.9237049593537,-0.542446271613544,-6.02373348398597,-6.02373348398597
0.166,26.892581470518,-0.543965782441175,-6.00319913748378,-6.00319913748378
0.167,26.8613713757872,-0.545469402019513,-5.98273484990392,-5.98273484990392
0.168,26.8300755831972,-0.546957216352904,-5.96234039633288,-5.96234039633288
0.169,26.7986949958667,-0.548429311083582,-5.94201555241998,-5.94201555241998
0.17,26.7672305120178,-0.549885771492882,-5.92176009437696,-5.92176009437696
0.171,26.7356830249965,-0.551326682502427,-5.9015737989777,-5.9015737989777
0.172,26.7040534232935,-0.552752128675334,-5.88145644355789,-5.88145644355789
0.173,26.6723425905647,-0.554162194217396,-5.86140780601468,-5.86140780601468
0.174,26.6405514056516,-0.555556962978275,-5.84142766480636,-5.84142766480636
0.175,26.6086807426014,-0.556936518452688,-5.821515798952,-5.821515798952
0.176,26.5767314706877,-0.558300943781584,-5.80167198803112,-5.80167198803112
0.177,26.5447044544308,-0.559650321753329,-5.78189601218335,-5.78189601218335
0.178,26.5126005536172,-0.560984734804876,-5.76218765210809,-5.76218765210809
0.179,26.4804206233206,-0.562304265022938,-5.7425466890641,-5.7425466890641
0.18,26.4481655139211,-0.563608994145159,-5.72297290486923,-5.72297290486923
0.181,26.4158360711258,-0.564899003561281,-5.70346608189998,-5.70346608189998
0.182,26.3834331359883,-0.566174374314301,-5.68402600309119,-5.68402600309119
0.183,26.3509575449289,-0.567435187101638,-5.66465245193564,-5.66465245193564
0.184,26.3184101297538,-0.568681522276284,-5.64534521248369,-5.64534521248369
0.185,26.2857917176756,-0.56991345984796,-5.62610406934291,-5.62610406934291
0.186,26.2531031313321,-0.571131079484267,-5.60692880767769,-5.60692880767769
0.187,26.2203451888064,-0.572334460511833,-5.58781921320886,-5.58781921320886
0.188,26.1875187036463,-0.573523681917456,-5.5687750722133,-5.5687750722133
0.189,26.1546244848836,-0.574698822349248,-5.54979617152355,-5.54979617152355
0.19,26.1216633370537,-0.575859960117772,-5.5308822985274,-5.5308822985274
0.191,26.0886360602147,-0.577007173197181,-5.51203324116752,-5.51203324116752
0.192,26.0555434499667,-0.578140539226344,-5.49324878794102,-5.49324878794102
0.193,26.0223862974711,-0.579260135509984,-5.47452872789907,-5.47452872789907
0.194,25.9891653894695,-0.580366039019798,-5.45587285064645,-5.45587285064645
0.195,25.9558815083028,-0.581458326395586,-5.43728094634117,-5.43728094634117
0.196,25.9225354319304,-0.582537073946369,-5.41875280569402,-5.41875280569402
0.197,25.889127933949,-0.583602357651511,-5.40028821996817,-5.40028821996817
0.198,25.8556597836113,-0.584654253161829,-5.38188698097868,-5.38188698097868
0.199,25.8221317458448,-0.585692835800714,-5.36354888109214,-5.36354888109214
0.2,25.788544581271,-0.586718180565231,-5.34527371322618,-5.34527371322618
0.201,25.7548990462233,-0.587730362127234,-5.32706127084903,-5.32706127084903
0.202,25.7211958927663,-0.58872945483447,-5.30891134797905,-5.30891134797905
0.203,25.687435868714,-0.589715532711674,-5.29082373918434,-5.29082373918434
0.204,25.6536197176481,-0.590688669461677,-5.27279823958221,-5.27279823958221
0.205,25.6197481789369,-0.591648938466493,-5.25483464483873,-5.25483464483873
0.206,25.5858219877533,-0.592596412788422,-5.2369327511683,-5.2369327511683
0.207,25.5518418750931,-0.593531165171133,-5.21909235533313,-5.21909235533313
0.208,25.5178085677934,-0.594453268040755,-5.20131325464275,-5.20131325464275
0.209,25.4837227885506,-0.595362793506964,-5.18359524695358,-5.18359524695358
0.21,25.4495852559386,-0.596259813364064,-5.1659381306684,-5.1659381306684
0.211,25.4153966844267,-0.597144399092067,-5.14834170473587,-5.14834170473587
0.212,25.3811577843979,-0.598016621857771,-5.13080576865,-5.13080576865
0.213,25.3468692621663,-0.598876552515834,-5.11333012244969,-5.11333012244969
0.214,25.3125318199954,-0.599724261609847,-5.0959145667182,-5.0959145667182
0.215,25.2781461561157,-0.600559819373406,-5.07855890258261,-5.07855890258261
0.216,25.2437129647425,-0.601383295731172,-5.06126293171335,-5.06126293171335
0.217,25.2092329360936,-0.602194760299943,-5.04402645632364,-5.04402645632364
0.218,25.1747067564067,-0.602994282389713,-5.02684927916895,-5.02684927916895
0.219,25.1401351079572,-0.603781931004728,-5.0097312035465,-5.0097312035465
0.22,25.1055186690755,-0.604557774844549,-4.99267203329469,-4.99267203329469
0.221,25.0708581141645,-0.605321882305099,-4.9756715727926,-4.9756715727926
0.222,25.0361541137171,-0.606074321479722,-4.95872962695935,-4.95872962695935
0.223,25.0014073343334,-0.606815160160226,-4.94184600125365,-4.94184600125365
0.224,24.9666184387376,-0.607544465837932,-4.92502050167317,-4.92502050167317
0.225,24.9317880857959,-0.608262305704718,-4.90825293475397,-4.90825293475397
0.226,24.8969169305332,-0.608968746654062,-4.89154310757001,-4.89154310757001
0.227,24.8620056241499,-0.609663855282075,-4.87489082773245,-4.87489082773245
0.228,24.8270548140394,-0.610347697888546,-4.85829590338919,-4.85829590338919
0.229,24.7920651438052,-0.61102034047797,-4.84175814322419,-4.84175814322419
0.23,24.7570372532768,-0.611681848760581,-4.82527735645695,-4.82527735645695
0.231,24.7219717785277,-0.612332288153382,-4.80885335284185,-4.80885335284185
0.232,24.6868693518915,-0.61297172378117,-4.79248594266761,-4.79248594266761
0.233,24.6517306019787,-0.613600220477561,-4.77617493675664,-4.77617493675664
0.234,24.6165561536935,-0.614217842786013,-4.75992014646443,-4.75992014646443
0.235,24.5813466282503,-0.614824654960842,-4.74372138367896,-4.74372138367896
0.236,24.5461026431903,-0.615420720968241,-4.72757846082006,-4.72757846082006
0.237,24.5108248123979,-0.616006104487295,-4.71149119083879,-4.71149119083879
0.238,24.4755137461171,-0.61658086891099,-4.69545938721679,-4.69545938721679
0.239,24.440170050968,-0.617145077347226,-4.67948286396568,-4.67948286396568
0.24,24.404794329963,-0.617698792619823,-4.66356143562638,-4.66356143562638
0.241,24.3693871825231,-0.618242077269522,-4.64769491726848,-4.64769491726848
0.242,24.3339492044941,-0.618774993554992,-4.63188312448959,-4.63188312448959
0.243,24.2984809881626,-0.61929760345383,-4.61612587341468,-4.61612587341468
0.244,24.2629831222721,-0.619809968663554,-4.60042298069541,-4.60042298069541
0.245,24.2274561920394,-0.620312150602601,-4.5847742635095,-4.5847742635095
0.246,24.19190077917,-0.620804210411322,-4.56917953955999,-4.56917953955999
0.247,24.1563174618743,-0.621286208952966,-4.55363862707464,-4.55363862707464
0.248,24.1207068148833,-0.621758206814674,-4.53815134480518,-4.53815134480518
0.249,24.0850694094649,-0.622220264308462,-4.52271751202669,-4.52271751202669
0.25,24.0494058134388,-0.622672441472204,-4.50733694853683,-4.50733694853683
0.251,24.0137165911928,-0.623114798070613,-4.49200947465524,-4.49200947465524
0.252,23.9780023036982,-0.623547393596221,-4.47673491122274,-4.47673491122274
0.253,23.9422635085254,-0.623970287270354,-4.46151307960071,-4.46151307960071
0.254,23.9065007598595,-0.624383538044103,-4.44634380167031,-4.44634380167031
0.255,23.8707146085156,-0.624787204599302,-4.43122689983183,-4.43122689983183
0.256,23.8349056019542,-0.62518134534949,-4.4161621970039,-4.4161621970039
0.257,23.7990742842967,-0.625566018440883,-4.40114951662283,-4.40114951662283
0.258,23.7632211963407,-0.625941281753336,-4.38618868264184,-4.38618868264184
0.259,23.7273468755748,-0.626307192901306,-4.37127951953035,-4.37127951953035
0.26,23.6914518561945,-0.62666380923481,-4.3564218522732,-4.3564218522732
0.261,23.6555366691167,-0.627011187840386,-4.34161550636998,-4.34161550636998
0.262,23.6196018419952,-0.627349385542043,-4.32686030783422,-4.32686030783422
0.263,23.5836478992353,-0.627678458902221,-4.31215608319264,-4.31215608319264
0.264,23.5476753620091,-0.627998464222733,-4.29750265948443,-4.29750265948443
0.265,23.5116847482703,-0.628309457545721,-4.28289986426047,-4.28289986426047
0.266,23.475676572769,-0.628611494654596,-4.26834752558256,-4.26834752558256
0.267,23.4396513470665,-0.628904631074985,-4.25384547202265,-4.25384547202265
0.268,23.4036095795502,-0.629188922075673,-4.23939353266207,-4.23939353266207
0.269,23.3675517754481,-0.629464422669536,-4.22499153709074,-4.22499153709074
0.27,23.3314784368435,-0.629731187614488,-4.21063931540642,-4.21063931540642
0.271,23.2953900626895,-0.629989271414403,-4.19633669821388,-4.19633669821388
0.272,23.2592871488237,-0.630238728320059,-4.18208351662413,-4.18208351662413
0.273,23.2231701879827,-0.63047961233006,-4.16787960225362,-4.16787960225362
0.274,23.1870396698162,-0.630711977191766,-4.15372478722344,-4.15372478722344
0.275,23.1508960809017,-0.630935876402218,-4.13961890415852,-4.13961890415852
0.276,23.1147399047586,-0.631151363209061,-4.12556178618681,-4.12556178618681
0.277,23.0785716218628,-0.631358490611467,-4.11155326693847,-4.11155326693847
0.278,23.0423917096603,-0.63155731136105,-4.09759318054506,-4.09759318054506
0.279,23.006200642582,-0.631747877962781,-4.08368136163874,-4.08368136163874
0.28,22.9699988920574,-0.631930242675909,-4.06981764535137,-4.06981764535137
0.281,22.9337869265289,-0.632104457514865,-4.05600186731377,-4.05600186731377
0.282,22.8975652114656,-0.632270574250174,-4.04223386365483,-4.04223386365483
0.283,22.8613342093774,-0.632428644409365,-4.02851347100069,-4.02851347100069
0.284,22.8250943798286,-0.632578719277871,-4.01484052647392,-4.01484052647392
0.285,22.7888461794523,-0.632720849899933,-4.00121486769262,-4.00121486769262
0.286,22.7525900619637,-0.632855087079504,-3.98763633276963,-3.98763633276963
0.287,22.716326478174,-0.632981481381142,-3.97410476031165,-3.97410476031165
0.288,22.6800558760042,-0.633100083130908,-3.96061998941839,-3.96061998941839
0.289,22.6437787004985,-0.633210942417259,-3.94718185968168,-3.94718185968168
0.29,22.6074953938381,-0.633314109091942,-3.93379021118468,-3.93379021118468
0.291,22.5712063953547,-0.633409632770877,-3.92044488450091,-3.92044488450091
0.292,22.5349121415439,-0.633497562835051,-3.90714572069348,-3.90714572069348
0.293,22.4986130660787,-0.633577948431395,-3.89389256131414,-3.89389256131414
0.294,22.4623095998229,-0.633650838473673,-3.88068524840246,-3.88068524840246
0.295,22.4260021708444,-0.633716281643359,-3.86752362448489,-3.86752362448489
0.296,22.3896912044285,-0.633774326390514,-3.85440753257393,-3.85440753257393
0.297,22.353377123091,-0.633825020934662,-3.8413368161672,-3.8413368161672
0.298,22.3170603465916,-0.633868413265664,-3.82831131924656,-3.82831131924656
0.299,22.2807412919471,-0.633904551144591,-3.81533088627723,-3.81533088627723
0.3,22.2444203734441,-0.633933482104587,-3.80239536220689,-3.80239536220689
0.301,22.2080980026522,-0.633955253451741,-3.78950459246473,-3.78950459246473
0.302,22.1717745884374,-0.63396991226595,-3.77665842296063,-3.77665842296063
0.303,22.1354505369744,-0.633977505401778,-3.76385670008416,-3.76385670008416
0.304,22.0991262517597,-0.633978079489322,-3.75109927070375,-3.75109927070375
0.305,22.0628021336248,-0.633971680935062,-3.73838598216571,-3.73838598216571
0.306,22.0264785807484,-0.633958355922723,-3.72571668229334,-3.72571668229334
0.307,21.9901559886696,-0.633938150414124,-3.71309121938603,-3.71309121938603
0.308,21.9538347503004,-0.633911110150032,-3.70050944221829,-3.70050944221829
0.309,21.9175152559382,-0.633877280651009,-3.68797120003885,-3.68797120003885
0.31,21.8811978932788,-0.633836707218255,-3.67547634256976,-3.67547634256976
0.311,21.8448830474285,-0.633789434934461,-3.66302472000537,-3.66302472000537
0.312,21.808571100917,-0.633735508664643,-3.65061618301148,-3.65061618301148
0.313,21.7722624337093,-0.633674973056983,-3.63825058272437,-3.63825058272437
0.314,21.7359574232188,-0.633607872543672,-3.62592777074984,-3.62592777074984
0.315,21.6996564443191,-0.633534251341738,-3.61364759916231,-3.61364759916231
0.316,21.6633598693566,-0.633454153453885,-3.60140992050381,-3.60140992050381
0.317,21.6270680681624,-0.633367622669319,-3.58921458778309,-3.58921458778309
0.318,21.5907814080651,-0.633274702564583,-3.57706145447465,-3.57706145447465
0.319,21.5545002539024,-0.633175436504375,-3.56495037451776,-3.56495037451776
0.32,21.5182249680335,-0.633069867642381,-3.55288120231553,-3.55288120231553
0.321,21.4819559103511,-0.632958038922089,-3.54085379273393,-3.54085379273393
0.322,21.4456934382935,-0.632839993077616,-3.52886800110086,-3.52886800110086
0.323,21.4094379068563,-0.63271577263452,-3.51692368320515,-3.51692368320515
0.324,21.3731896686046,-0.632585419910618,-3.50502069529559,-3.50502069529559
0.325,21.336949073685,-0.6324489770168,-3.49315889408001,-3.49315889408001
0.326,21.300716469837,-0.632306485857839,-3.48133813672424,-3.48133813672424
0.327,21.264492202405,-0.632157988133196,-3.46955828085119,-3.46955828085119
0.328,21.2282766143503,-0.632003525337835,-3.45781918453984,-3.45781918453984
0.329,21.1920700462623,-0.631843138763018,-3.44612070632427,-3.44612070632427
0.33,21.1558728363705,-0.631676869497114,-3.4344627051927,-3.4344627051927
0.331,21.119685320556,-0.631504758426396,-3.42284504058646,-3.42284504058646
0.332,21.083507832363,-0.631326846235838,-3.41126757239906,-3.41126757239906
0.333,21.0473407030106,-0.631143173409914,-3.39973016097514,-3.39973016097514
0.334,21.0111842614038,-0.630953780233386,-3.38823266710954,-3.38823266710954
0.335,20.9750388341452,-0.6307587067921,-3.37677495204627,-3.37677495204627
0.336,20.9389047455463,-0.630557992973773,-3.36535687747754,-3.36535687747754
0.337,20.902782317639,-0.630351678468777,-3.35397830554274,-3.35397830554274
0.338,20.8666718701866,-0.630139802770929,-3.34263909882747,-3.34263909882747
0.339,20.8305737206953,-0.62992240517827,-3.33133912036249,-3.33133912036249
0.34,20.7944881844252,-0.629699524793844,-3.3200782336228,-3.3200782336228
0.341,20.7584155744016,-0.629471200526478,-3.30885630252655,-3.30885630252655
0.342,20.7223562014258,-0.62923747109156,-3.29767319143411,-3.29767319143411
0.343,20.6863103740868,-0.628998375011805,-3.28652876514701,-3.28652876514701
0.344,20.6502783987715,-0.628753950618034,-3.27542288890694,-3.27542288890694
0.345,20.6142605796763,-0.628504236049939,-3.26435542839477,-3.26435542839477
0.346,20.5782572188179,-0.628249269256853,-3.25332624972952,-3.25332624972952
0.347,20.542268616044,-0.627989087998511,-3.24233521946733,-3.24233521946733
0.348,20.5062950690441,-0.627723729845814,-3.23138220460047,-3.23138220460047
0.349,20.4703368733605,-0.627453232181592,-3.22046707255631,-3.22046707255631
0.35,20.4343943223993,-0.627177632201359,-3.20958969119632,-3.20958969119632
0.351,20.3984677074404,-0.626896966914069,-3.19874992881501,-3.19874992881501
0.352,20.3625573176487,-0.626611273142874,-3.18794765413898,-3.18794765413898
0.353,20.3266634400847,-0.62632058752587,-3.17718273632581,-3.17718273632581
0.354,20.2907863597148,-0.626024946516851,-3.16645504496311,-3.16645504496311
0.355,20.2549263594222,-0.625724386386051,-3.15576445006746,-3.15576445006746
0.356,20.2190837200171,-0.625418943220898,-3.14511082208339,-3.14511082208339
0.357,20.1832587202473,-0.625108652926746,-3.13449403188237,-3.13449403188237
0.358,20.1474516368085,-0.624793551227626,-3.12391395076174,-3.12391395076174
0.359,20.1116627443547,-0.624473673666978,-3.11337045044372,-3.11337045044372
0.36,20.0758923155089,-0.624149055608388,-3.10286340307438,-3.10286340307438
0.361,20.0401406208726,-0.623819732236326,-3.09239268122258,-3.09239268122258
0.362,20.0044079290368,-0.623485738556875,-3.08195815787895,-3.08195815787895
0.363,19.9686945065918,-0.623147109398462,-3.07155970645487,-3.07155970645487
0.364,19.9330006181374,-0.622803879412585,-3.06119720078143,-3.06119720078143
0.365,19.8973265262932,-0.622456083074539,-3.05087051510837,-3.05087051510837
0.366,19.8616724917083,-0.622103754684141,-3.04057952410308,-3.04057952410308
0.367,19.8260387730719,-0.621746928366449,-3.03032410284953,-3.03032410284953
0.368,19.7904256271226,-0.621385638072481,-3.02010412684726,-3.02010412684726
0.369,19.7548333086591,-0.621019917579935,-3.00991947201033,-3.00991947201033
0.37,19.7192620705495,-0.620649800493901,-2.99977001466627,-2.99977001466627
0.371,19.6837121637414,-0.620275320247574,-2.98965563155506,-2.98965563155506
0.372,19.6481838372717,-0.619896510102966,-2.97957619982805,-2.97957619982805
0.373,19.6126773382766,-0.619513403151613,-2.96953159704698,-2.96953159704698
0.374,19.5771929120011,-0.619126032315281,-2.95952170118289,-2.95952170118289
0.375,19.5417308018085,-0.618734430346673,-2.94954639061507,-2.94954639061507
0.376,19.5062912491907,-0.618338629830126,-2.93960554413007,-2.93960554413007
0.377,19.4708744937773,-0.617938663182315,-2.9296990409206,-2.9296990409206
0.378,19.4354807733453,-0.617534562652949,-2.91982676058451,-2.91982676058451
0.379,19.4001103238289,-0.617126360325466,-2.90998858312374,-2.90998858312374
0.38,19.3647633793284,-0.616714088117727,-2.90018438894329,-2.90018438894329
0.381,19.3294401721205,-0.616297777782709,-2.89041405885015,-2.89041405885015
0.382,19.2941409326671,-0.615877460909189,-2.88067747405224,-2.88067747405224
0.383,19.2588658896248,-0.615453168922438,-2.87097451615744,-2.87097451615744
0.384,19.2236152698545,-0.6150249330849,-2.86130506717244,-2.86130506717244
0.385,19.1883892984306,-0.614592784496876,-2.85166900950176,-2.85166900950176
0.386,19.1531881986499,-0.614156754097209,-2.84206622594669,-2.84206622594669
0.387,19.1180121920413,-0.613716872663955,-2.83249659970422,-2.83249659970422
0.388,19.0828614983751,-0.613273170815066,-2.82296001436603,-2.82296001436603
0.389,19.0477363356715,-0.612825679009059,-2.8134563539174,-2.8134563539174
0.39,19.0126369202102,-0.612374427545694,-2.80398550273619,-2.80398550273619
0.391,18.9775634665396,-0.611919446566638,-2.79454734559177,-2.79454734559177
0.392,18.9425161874855,-0.611460766056136,-2.785141767644,-2.785141767644
0.393,18.90749529416,-0.610998415841677,-2.77576865444214,-2.77576865444214
0.394,18.8725009959711,-0.610532425594655,-2.76642789192385,-2.76642789192385
0.395,18.8375335006308,-0.610062824831035,-2.75711936641411,-2.75711936641411
0.396,18.8025930141647,-0.609589642912008,-2.74784296462417,-2.74784296462417
0.397,18.7676797409204,-0.609112909044651,-2.7385985736505,-2.7385985736505
0.398,18.7327938835766,-0.608632652282581,-2.72938608097378,-2.72938608097378
0.399,18.6979356431514,-0.60814890152661,-2.72020537445778,-2.72020537445778
0.4,18.6631052190118,-0.607661685525394,-2.71105634234839,-2.71105634234839
0.401,18.6283028088816,-0.607171032876081,-2.7019388732725,-2.7019388732725
0.402,18.5935286088507,-0.606676972024962,-2.69285285623702,-2.69285285623702
0.403,18.5587828133834,-0.606179531268111,-2.68379818062776,-2.68379818062776
0.404,18.5240656153268,-0.605678738752032,-2.67477473620846,-2.67477473620846
0.405,18.4893772059199,-0.605174622474297,-2.66578241311966,-2.66578241311966
0.406,18.4547177748016,-0.604667210284184,-2.65682110187773,-2.65682110187773
0.407,18.4200875100195,-0.604156529883317,-2.64789069337377,-2.64789069337377
0.408,18.3854865980383,-0.603642608826295,-2.63899107887258,-2.63899107887258
0.409,18.3509152237479,-0.603125474521329,-2.63012215001162,-2.63012215001162
0.41,18.3163735704722,-0.602605154230871,-2.62128379879996,-2.62128379879996
0.411,18.2818618199772,-0.60208167507224,-2.61247591761724,-2.61247591761724
0.412,18.2473801524793,-0.601555064018251,-2.6036983992126,-2.6036983992126
0.413,18.2129287466536,-0.601025347897837,-2.59495113670366,-2.59495113670366
0.414,18.1785077796421,-0.600492553396673,-2.58623402357549,-2.58623402357549
0.415,18.144117427062,-0.599956707057793,-2.57754695367953,-2.57754695367953
0.416,18.1097578630137,-0.599417835282211,-2.56888982123255,-2.56888982123255
0.417,18.0754292600889,-0.598875964329535,-2.56026252081565,-2.56026252081565
0.418,18.041131789379,-0.598331120318581,-2.55166494737318,-2.55166494737318
0.419,18.0068656204827,-0.597783329227984,-2.5430969962117,-2.5430969962117
0.42,17.9726309215144,-0.59723261689681,-2.53455856299894,-2.53455856299894
0.421,17.9384278591119,-0.596679009025161,-2.5260495437628,-2.5260495437628
0.422,17.9042565984445,-0.596122531174782,-2.51756983489025,-2.51756983489025
0.423,17.8701173032209,-0.595563208769666,-2.50911933312633,-2.50911933312633
0.424,17.8360101356969,-0.59500106709665,-2.50069793557309,-2.50069793557309
0.425,17.8019352566836,-0.594436131306023,-2.49230553968859,-2.49230553968859
0.426,17.767892825555,-0.593868426412114,-2.48394204328583,-2.48394204328583
0.427,17.7338830002554,-0.593297977293897,-2.4756073445317,-2.4756073445317
0.428,17.6999059373079,-0.592724808695576,-2.467301341946,-2.467301341946
0.429,17.6659617918216,-0.592148945227182,-2.45902393440035,-2.45902393440035
0.43,17.6320507174993,-0.591570411365159,-2.45077502111721,-2.45077502111721
0.431,17.5981728666453,-0.590989231452954,-2.44255450166881,-2.44255450166881
0.432,17.5643283901728,-0.590405429701602,-2.4343622759761,-2.4343622759761
0.433,17.5305174376118,-0.589819030190307,-2.42619824430778,-2.42619824430778
0.434,17.4967401571161,-0.589230056867025,-2.41806230727924,-2.41806230727924
0.435,17.4629966954715,-0.588638533549044,-2.40995436585151,-2.40995436585151
0.436,17.4292871981027,-0.588044483923561,-2.40187432133027,-2.40187432133027
0.437,17.3956118090809,-0.587447931548256,-2.3938220753648,-2.3938220753648
0.438,17.3619706711313,-0.586848899851868,-2.38579752994697,-2.38579752994697
0.439,17.3283639256405,-0.586247412134764,-2.37780058741019,-2.37780058741019
0.44,17.2947917126637,-0.585643491569508,-2.36983115042842,-2.36983115042842
0.441,17.2612541709318,-0.585037161201432,-2.36188912201512,-2.36188912201512
0.442,17.2277514378594,-0.584428443949197,-2.35397440552226,-2.35397440552226
0.443,17.1942836495512,-0.583817362605363,-2.34608690463926,-2.34608690463926
0.444,17.1608509408097,-0.58320393983694,-2.33822652339201,-2.33822652339201
0.445,17.1274534451424,-0.582588198185958,-2.33039316614181,-2.33039316614181
0.446,17.0940912947685,-0.58197016007002,-2.3225867375844,-2.3225867375844
0.447,17.0607646206267,-0.581349847782856,-2.31480714274892,-2.31480714274892
0.448,17.0274735523815,-0.580727283494881,-2.30705428699688,-2.30705428699688
0.449,16.9942182184308,-0.580102489253743,-2.2993280760212,-2.2993280760212
0.45,16.9609987459131,-0.579475486984875,-2.29162841584513,-2.29162841584513
0.451,16.9278152607135,-0.578846298492041,-2.28395521282129,-2.28395521282129
0.452,16.8946678874719,-0.578214945457884,-2.27630837363064,-2.27630837363064
0.453,16.8615567495891,-0.577581449444467,-2.26868780528148,-2.26868780528148
0.454,16.8284819692338,-0.57694583189382,-2.26109341510844,-2.26109341510844
0.455,16.7954436673498,-0.576308114128475,-2.25352511077148,-2.25352511077148
0.456,16.7624419636625,-0.575668317352004,-2.24598280025487,-2.24598280025487
0.457,16.7294769766859,-0.575026462649562,-2.23846639186621,-2.23846639186621
0.458,16.6965488237292,-0.574382570988412,-2.2309757942354,-2.2309757942354
0.459,16.6636576209036,-0.573736663218465,-2.22351091631369,-2.22351091631369
0.46,16.6308034831293,-0.573088760072807,-2.21607166737263,-2.21607166737263
0.461,16.5979865241416,-0.572438882168227,-2.20865795700308,-2.20865795700308
0.462,16.5652068564979,-0.571787050005746,-2.20126969511426,-2.20126969511426
0.463,16.5324645915846,-0.571133283971138,-2.1939067919327,-2.1939067919327
0.464,16.499759839623,-0.570477604335458,-2.18656915800129,-2.18656915800129
0.465,16.4670927096763,-0.56982003125556,-2.17925670417824,-2.17925670417824
0.466,16.4344633096563,-0.569160584774615,-2.17196934163615,-2.17196934163615
0.467,16.4018717463294,-0.568499284822629,-2.164706981861,-2.164706981861
0.468,16.3693181253234,-0.567836151216962,-2.15746953665112,-2.15746953665112
0.469,16.3368025511338,-0.567171203662834,-2.15025691811627,-2.15025691811627
0.47,16.3043251271305,-0.566504461753843,-2.14306903867663,-2.14306903867663
0.471,16.2718859555637,-0.565835944972474,-2.1359058110618,-2.1359058110618
0.472,16.2394851375706,-0.565165672690601,-2.12876714830985,-2.12876714830985
0.473,16.2071227731816,-0.564493664170001,-2.12165296376633,-2.12165296376633
0.474,16.1747989613268,-0.563819938562852,-2.11456317108328,-2.11456317108328
0.475,16.1425137998418,-0.563144514912239,-2.10749768421827,-2.10749768421827
0.476,16.1102673854745,-0.56246741215265,-2.10045641743342,-2.10045641743342
0.477,16.0780598138908,-0.561788649110481,-2.09343928529445,-2.09343928529445
0.478,16.0458911796812,-0.561108244504526,-2.08644620266966,-2.08644620266966
0.479,16.0137615763667,-0.560426216946476,-2.07947708472901,-2.07947708472901
0.48,15.9816710964048,-0.559742584941409,-2.07253184694313,-2.07253184694313
0.481,15.9496198311961,-0.559057366888287,-2.06561040508236,-2.06561040508236
0.482,15.9176078710899,-0.558370581080436,-2.05871267521577,-2.05871267521577
0.483,15.8856353053902,-0.557682245706042,-2.05183857371025,-2.05183857371025
0.484,15.8537022223623,-0.556992378848632,-2.04498801722947,-2.04498801722947
0.485,15.821808709238,-0.55630099848756,-2.038160922733,-2.038160922733
0.486,15.7899548522221,-0.555608122498488,-2.03135720747528,-2.03135720747528
0.487,15.7581407364982,-0.554913768653866,-2.02457678900475,-2.02457678900475
0.488,15.7263664462344,-0.55421795462341,-2.01781958516281,-2.01781958516281
0.489,15.6946320645895,-0.553520697974581,-2.01108551408293,-2.01108551408293
0.49,15.6629376737186,-0.552822016173059,-2.00437449418968,-2.00437449418968
0.491,15.631283354779,-0.552121926583212,-1.99768644419776,-1.99768644419776
0.492,15.5996691879359,-0.551420446468574,-1.9910212831111,-1.9910212831111
0.493,15.5680952523685,-0.550717592992309,-1.98437893022188,-1.98437893022188
0.494,15.5365616262751,-0.550013383217682,-1.97775930510959,-1.97775930510959
0.495,15.5050683868796,-0.549307834108521,-1.97116232764013,-1.97116232764013
0.496,15.4736156104366,-0.548600962529686,-1.9645879179648,-1.9645879179648
0.497,15.4422033722371,-0.547892785247528,-1.95803599651944,-1.95803599651944
0.498,15.4108317466146,-0.547183318930352,-1.95150648402342,-1.95150648402342
0.499,15.37950080695,-0.546472580148873,-1.94499930147879,-1.94499930147879
0.5,15.3482106256779,-0.545760585376673,-1.93851437016927,-1.93851437016927
0.501,15.3169612742915,-0.545047350990662,-1.93205161165937,-1.93205161165937
0.502,15.2857528233486,-0.544332893271523,-1.92561094779344,-1.92561094779344
0.503,15.254585342477,-0.54361722840417,-1.91919230069477,-1.91919230069477
0.504,15.2234589003798,-0.542900372478197,-1.91279559276464,-1.91279559276464
0.505,15.1923735648409,-0.542182341488324,-1.90642074668139,-1.90642074668139
0.506,15.1613294027305,-0.541463151334846,-1.90006768539955,-1.90006768539955
0.507,15.1303264800107,-0.540742817824077,-1.89373633214888,-1.89373633214888
0.508,15.0993648617402,-0.540021356668793,-1.88742661043345,-1.88742661043345
0.509,15.0684446120806,-0.539298783488673,-1.88113844403077,-1.88113844403077
0.51,15.0375657943009,-0.538575113810742,-1.87487175699082,-1.87487175699082
0.511,15.0067284707831,-0.537850363069803,-1.8686264736352,-1.8686264736352
0.512,14.9759327030276,-0.537124546608879,-1.86240251855617,-1.86240251855617
0.513,14.9451785516583,-0.536397679679644,-1.85619981661579,-1.85619981661579
0.514,14.914466076428,-0.535669777442858,-1.85001829294496,-1.85001829294496
0.515,14.883795336223,-0.534940854968797,-1.8438578729426,-1.8438578729426
0.516,14.8531663890692,-0.534210927237684,-1.83771848227465,-1.83771848227465
0.517,14.8225792921366,-0.533480009140115,-1.83160004687327,-1.83160004687327
0.518,14.7920341017444,-0.532748115477485,-1.82550249293587,-1.82550249293587
0.519,14.7615308733666,-0.532015260962416,-1.81942574692426,-1.81942574692426
0.52,14.7310696616366,-0.531281460219175,-1.81336973556374,-1.81336973556374
0.521,14.7006505203524,-0.530546727784099,-1.80733438584221,-1.80733438584221
0.522,14.6702735024816,-0.529811078106012,-1.8013196250093,-1.8013196250093
0.523,14.6399386601666,-0.529074525546644,-1.79532538057546,-1.79532538057546
0.524,14.6096460447293,-0.528337084381047,-1.7893515803111,-1.7893515803111
0.525,14.5793957066761,-0.52759876879801,-1.78339815224569,-1.78339815224569
0.526,14.5491876957032,-0.52685959290047,-1.77746502466689,-1.77746502466689
0.527,14.5190220607008,-0.526119570705928,-1.77155212611967,-1.77155212611967
0.528,14.4888988497587,-0.52537871614685,-1.76565938540544,-1.76565938540544
0.529,14.4588181101708,-0.524637043071085,-1.75978673158117,-1.75978673158117
0.53,14.4287798884399,-0.523894565242265,-1.75393409395853,-1.75393409395853
0.531,14.3987842302827,-0.523151296340209,-1.74810140210301,-1.74810140210301
0.532,14.3688311806344,-0.522407249961333,-1.74228858583305,-1.74228858583305
0.533,14.3389207836536,-0.521662439619042,-1.7364955752192,-1.7364955752192
0.534,14.3090530827271,-0.520916878744138,-1.73072230058323,-1.73072230058323
0.535,14.2792281204744,-0.520170580685215,-1.72496869249728,-1.72496869249728
0.536,14.2494459387526,-0.519423558709054,-1.71923468178301,-1.71923468178301
0.537,14.219706578661,-0.518675826001021,-1.71352019951073,-1.71352019951073
0.538,14.1900100805456,-0.517927395665459,-1.70782517699856,-1.70782517699856
0.539,14.1603564840042,-0.51717828072608,-1.70214954581156,-1.70214954581156
0.54,14.1307458278905,-0.516428494126357,-1.69649323776089,-1.69649323776089
0.541,14.1011781503188,-0.515678048729909,-1.690856184903,-1.690856184903
0.542,14.0716534886688,-0.514926957320893,-1.6852383195387,-1.6852383195387
0.543,14.04217187959,-0.514175232604384,-1.6796395742124,-1.6796395742124
0.544,14.0127333590061,-0.513422887206765,-1.67405988171121,-1.67405988171121
0.545,13.9833379621197,-0.512669933676106,-1.66849917506416,-1.66849917506416
0.546,13.9539857234166,-0.511916384482543,-1.66295738754128,-1.66295738754128
0.547,13.9246766766704,-0.511162252018662,-1.65743445265288,-1.65743445265288
0.548,13.8954108549469,-0.510407548599876,-1.65193030414858,-1.65193030414858
0.549,13.8661882906083,-0.509652286464797,-1.64644487601662,-1.64644487601662
0.55,13.837009015318,-0.508896477775615,-1.64097810248292,-1.64097810248292
0.551,13.8078730600446,-0.508140134618471,-1.63552991801032,-1.63552991801032
0.552,13.7787804550664,-0.507383269003825,-1.63010025729772,-1.63010025729772
0.553,13.7497312299759,-0.506625892866831,-1.62468905527929,-1.62468905527929
0.554,13.7207254136835,-0.505868018067702,-1.61929624712362,-1.61929624712362
0.555,13.6917630344226,-0.505109656392079,-1.61392176823294,-1.61392176823294
0.556,13.6628441197533,-0.504350819551397,-1.60856555424225,-1.60856555424225
0.557,13.6339686965668,-0.503591519183246,-1.60322754101857,-1.60322754101857
0.558,13.6051367910896,-0.502831766851737,-1.59790766466009,-1.59790766466009
0.559,13.5763484288877,-0.502071574047861,-1.59260586149535,-1.59260586149535
0.56,13.547603634871,-0.501310952189852,-1.58732206808249,-1.58732206808249
0.561,13.518902433297,-0.50054991262354,-1.58205622120838,-1.58205622120838
0.562,13.4902448477753,-0.49978846662271,-1.57680825788788,-1.57680825788788
0.563,13.4616309012717,-0.499026625389458,-1.57157811536299,-1.57157811536299
0.564,13.4330606161121,-0.498264400054546,-1.56636573110206,-1.56636573110206
0.565,13.4045340139868,-0.497501801677749,-1.56117104279904,-1.56117104279904
0.566,13.3760511159542,-0.49673884124821,-1.55599398837263,-1.55599398837263
0.567,13.3476119424454,-0.49597552968479,-1.55083450596552,-1.55083450596552
0.568,13.3192165132677,-0.495211877836411,-1.5456925339436,-1.5456925339436
0.569,13.2908648476089,-0.494447896482408,-1.54056801089516,-1.54056801089516
0.57,13.2625569640411,-0.493683596332869,-1.53546087563012,-1.53546087563012
0.571,13.2342928805247,-0.492918988028984,-1.53037106717924,-1.53037106717924
0.572,13.2060726144126,-0.49215408214338,-1.52529852479336,-1.52529852479336
0.573,13.1778961824536,-0.491388889180468,-1.52024318794256,-1.52024318794256
0.574,13.1497636007967,-0.490623419576778,-1.51520499631549,-1.51520499631549
0.575,13.1216748849949,-0.4898576837013,-1.51018388981849,-1.51018388981849
0.576,13.093630050009,-0.489091691855818,-1.50517980857488,-1.50517980857488
0.577,13.0656291102115,-0.488325454275245,-1.50019269292419,-1.50019269292419
0.578,13.0376720793904,-0.487558981127956,-1.49522248342137,-1.49522248342137
0.579,13.0097589707529,-0.486792282516124,-1.49026912083603,-1.49026912083603
0.58,12.9818897969293,-0.486025368476045,-1.48533254615169,-1.48533254615169
0.581,12.9540645699769,-0.485258248978472,-1.48041270056503,-1.48041270056503
0.582,12.9262833013833,-0.48449093392894,-1.47550952548509,-1.47550952548509
0.583,12.8985460020707,-0.483723433168094,-1.47062296253256,-1.47062296253256
0.584,12.8708526823992,-0.482955756472012,-1.46575295353901,-1.46575295353901
0.585,12.8432033521705,-0.482187913552532,-1.46089944054611,-1.46089944054611
0.586,12.8155980206319,-0.481419914057571,-1.45606236580495,-1.45606236580495
0.587,12.7880366964797,-0.480651767571451,-1.45124167177522,-1.45124167177522
0.588,12.7605193878627,-0.47988348361521,-1.44643730112451,-1.44643730112451
0.589,12.7330461023861,-0.47911507164693,-1.44164919672755,-1.44164919672755
0.59,12.7056168471151,-0.478346541062048,-1.43687730166548,-1.43687730166548
0.591,12.6782316285782,-0.47757790119367,-1.43212155922511,-1.43212155922511
0.592,12.6508904527709,-0.476809161312893,-1.42738191289816,-1.42738191289816
0.593,12.6235933251595,-0.47604033062911,-1.42265830638058,-1.42265830638058
0.594,12.5963402506843,-0.475271418290323,-1.41795068357176,-1.41795068357176
0.595,12.569131233763,-0.474502433383459,-1.41325898857385,-1.41325898857385
0.596,12.5419662782947,-0.473733384934669,-1.40858316569099,-1.40858316569099
0.597,12.5148453876629,-0.472964281909646,-1.40392315942863,-1.40392315942863
0.598,12.4877685647392,-0.472195133213922,-1.39927891449276,-1.39927891449276
0.599,12.4607358118866,-0.471425947693179,-1.39465037578924,-1.39465037578924
0.6,12.4337471309631,-0.47065673413355,-1.39003748842302,-1.39003748842302
0.601,12.4068025233248,-0.469887501261922,-1.38544019769749,-1.38544019769749
0.602,12.3799019898298,-0.469118257746235,-1.38085844911373,-1.38085844911373
0.603,12.3530455308409,-0.468349012195786,-1.3762921883698,-1.3762921883698
0.604,12.3262331462294,-0.467579773161522,-1.37174136136004,-1.37174136136004
0.605,12.2994648353785,-0.466810549136341,-1.36720591417435,-1.36720591417435
0.606,12.2727405971863,-0.466041348555386,-1.36268579309751,-1.36268579309751
0.607,12.2460604300691,-0.46527217979634,-1.35818094460843,-1.35818094460843
0.608,12.2194243319652,-0.464503051179718,-1.35369131537952,-1.35369131537952
0.609,12.1928323003375,-0.463733970969161,-1.34921685227592,-1.34921685227592
0.61,12.1662843321772,-0.462964947371725,-1.34475750235485,-1.34475750235485
0.611,12.1397804240068,-0.462195988538171,-1.3403132128649,-1.3403132128649
0.612,12.1133205718834,-0.461427102563254,-1.33588393124534,-1.33588393124534
0.613,12.0869047714021,-0.460658297486006,-1.33146960512543,-1.33146960512543
0.614,12.0605330176986,-0.459889581290028,-1.32707018232372,-1.32707018232372
0.615,12.0342053054532,-0.459120961903769,-1.3226856108474,-1.3226856108474
0.616,12.0079216288931,-0.45835244720081,-1.31831583889157,-1.31831583889157
0.617,11.9816819817963,-0.457584045000148,-1.31396081483861,-1.31396081483861
0.618,11.9554863574941,-0.456815763066476,-1.30962048725744,-1.30962048725744
0.619,11.9293347488746,-0.45604760911046,-1.30529480490291,-1.30529480490291
0.62,11.9032271483855,-0.455279590789021,-1.30098371671506,-1.30098371671506
0.621,11.8771635480376,-0.454511715705609,-1.29668717181852,-1.29668717181852
0.622,11.8511439394073,-0.453743991410478,-1.29240511952176,-1.29240511952176
0.623,11.82516831364,-0.452976425400964,-1.28813750931649,-1.28813750931649
0.624,11.7992366614532,-0.452209025121757,-1.28388429087694,-1.28388429087694
0.625,11.7733489731392,-0.451441797965171,-1.27964541405925,-1.27964541405925
0.626,11.7475052385682,-0.450674751271417,-1.27542082890076,-1.27542082890076
0.627,11.7217054471915,-0.449907892328872,-1.27121048561938,-1.27121048561938
0.628,11.695949588044,-0.449141228374349,-1.26701433461292,-1.26701433461292
0.629,11.6702376497479,-0.44837476659336,-1.26283232645843,-1.26283232645843
0.63,11.6445696205146,-0.447608514120387,-1.25866441191156,-1.25866441191156
0.631,11.6189454881486,-0.446842478039146,-1.25451054190592,-1.25451054190592
0.632,11.5933652400498,-0.446076665382847,-1.25037066755238,-1.25037066755238
0.633,11.5678288632167,-0.445311083134463,-1.24624474013848,-1.24624474013848
0.634,11.5423363442489,-0.444545738226984,-1.24213271112777,-1.24213271112777
0.635,11.5168876693505,-0.443780637543684,-1.23803453215914,-1.23803453215914
0.636,11.4914828243323,-0.443015787918376,-1.2339501550462,-1.2339501550462
0.637,11.4661217946152,-0.442251196135671,-1.22987953177666,-1.22987953177666
0.638,11.4408045652328,-0.441486868931235,-1.22582261451167,-1.22582261451167
0.639,11.415531120834,-0.440722812992046,-1.22177935558516,-1.22177935558516
0.64,11.390301445686,-0.439959034956645,-1.21774970750328,-1.21774970750328
0.641,11.3651155236772,-0.439195541415392,-1.21373362294371,-1.21373362294371
0.642,11.3399733383195,-0.43843233891072,-1.20973105475504,-1.20973105475504
0.643,11.3148748727515,-0.437669433937381,-1.20574195595617,-1.20574195595617
0.644,11.2898201097409,-0.436906832942701,-1.20176627973567,-1.20176627973567
0.645,11.2648090316876,-0.436144542326824,-1.19780397945114,-1.19780397945114
0.646,11.2398416206258,-0.435382568442966,-1.19385500862864,-1.19385500862864
0.647,11.2149178582272,-0.434620917597656,-1.189919320962,-1.189919320962
0.648,11.1900377258037,-0.433859596050982,-1.1859968703123,-1.1859968703123
0.649,11.1652012043095,-0.433098610016842,-1.18208761070714,-1.18208761070714
0.65,11.1404082743442,-0.432337965663177,-1.17819149634015,-1.17819149634015
0.651,11.1156589161553,-0.431577669112221,-1.17430848157028,-1.17430848157028
0.652,11.0909531096411,-0.430817726440741,-1.17043852092125,-1.17043852092125
0.653,11.0662908343526,-0.430058143680274,-1.16658156908094,-1.16658156908094
0.654,11.0416720694967,-0.429298926817367,-1.16273758090074,-1.16273758090074
0.655,11.0170967939387,-0.428540081793817,-1.15890651139503,-1.15890651139503
0.656,10.9925649862045,-0.427781614506906,-1.1550883157405,-1.1550883157405
0.657,10.9680766244835,-0.427023530809636,-1.15128294927561,-1.15128294927561
0.658,10.9436316866312,-0.426265836510968,-1.14749036749996,-1.14749036749996
0.659,10.9192301501711,-0.425508537376048,-1.14371052607371,-1.14371052607371
0.66,10.8948719922979,-0.424751639126447,-1.13994338081701,-1.13994338081701
0.661,10.8705571898798,-0.423995147440387,-1.13618888770936,-1.13618888770936
0.662,10.8462857194607,-0.423239067952976,-1.13244700288906,-1.13244700288906
0.663,10.8220575572631,-0.422483406256434,-1.12871768265265,-1.12871768265265
0.664,10.7978726791899,-0.421728167900322,-1.12500088345424,-1.12500088345424
0.665,10.7737310608277,-0.420973358391769,-1.12129656190503,-1.12129656190503
0.666,10.7496326774485,-0.420218983195702,-1.11760467477267,-1.11760467477267
0.667,10.7255775040126,-0.419465047735065,-1.11392517898068,-1.11392517898068
0.668,10.7015655151705,-0.418711557391048,-1.11025803160793,-1.11025803160793
0.669,10.6775966852657,-0.417958517503308,-1.10660318988798,-1.10660318988798
0.67,10.6536709883372,-0.417205933370191,-1.10296061120861,-1.10296061120861
0.671,10.6297883981212,-0.416453810248956,-1.09933025311116,-1.09933025311116
0.672,10.605948888054,-0.415702153355989,-1.09571207329002,-1.09571207329002
0.673,10.5821524312744,-0.414950967867031,-1.09210602959205,-1.09210602959205
0.674,10.5583990006255,-0.414200258917386,-1.088512080016,-1.088512080016
0.675,10.5346885686575,-0.413450031602147,-1.08493018271197,-1.08493018271197
0.676,10.5110211076297,-0.412700290976406,-1.08136029598085,-1.08136029598085
0.677,10.487396589513,-0.411951042055472,-1.07780237827374,-1.07780237827374
0.678,10.4638149859922,-0.411202289815085,-1.07425638819143,-1.07425638819143
0.679,10.4402762684678,-0.410454039191627,-1.0707222844838,-1.0707222844838
0.68,10.4167804080589,-0.409706295082338,-1.06720002604933,-1.06720002604933
0.681,10.3933273756049,-0.408959062345524,-1.06368957193447,-1.06368957193447
0.682,10.3699171416683,-0.408212345800766,-1.06019088133318,-1.06019088133318
0.683,10.346549676536,-0.407466150229134,-1.05670391358632,-1.05670391358632
0.684,10.3232249502226,-0.406720480373391,-1.05322862818114,-1.05322862818114
0.685,10.2999429324719,-0.405975340938204,-1.04976498475071,-1.04976498475071
0.686,10.2767035927589,-0.405230736590344,-1.04631294307341,-1.04631294307341
0.687,10.2535069002928,-0.404486671958899,-1.04287246307236,-1.04287246307236
0.688,10.2303528240183,-0.403743151635474,-1.03944350481494,-1.03944350481494
0.689,10.2072413326182,-0.403000180174395,-1.03602602851216,-1.03602602851216
0.69,10.1841723945155,-0.402257762092913,-1.03261999451824,-1.03261999451824
0.691,10.1611459778753,-0.401515901871402,-1.02922536332998,-1.02922536332998
0.692,10.138162050607,-0.400774603953565,-1.02584209558631,-1.02584209558631
0.693,10.1152205803667,-0.40003387274663,-1.02247015206771,-1.02247015206771
0.694,10.0923215345588,-0.399293712621548,-1.0191094936957,-1.0191094936957
0.695,10.0694648803384,-0.398554127913195,-1.01576008153233,-1.01576008153233
0.696,10.0466505846132,-0.397815122920565,-1.01242187677964,-1.01242187677964
0.697,10.0238786140456,-0.397076701906967,-1.00909484077917,-1.00909484077917
0.698,10.0011489350547,-0.396338869100222,-1.00577893501139,-1.00577893501139
0.699,9.97846151381867,-0.395601628692854,-1.00247412109524,-1.00247412109524
0.7,9.95581631627611,-0.394864984842288,-0.999180360787583,-0.999180360787583
0.701,9.9332133081286,-0.394128941671036,-0.99589761598271,-0.99589761598271
0.702,9.91065245484248,-0.393393503266893,-0.992625848711814,-0.992625848711814
0.703,9.88813372165085,-0.392658673683128,-0.989365021142492,-0.989365021142492
0.704,9.86565707355559,-0.39192445693867,-0.986115095578238,-0.986115095578238
0.705,9.84322247532927,-0.3911908570183,-0.982876034457934,-0.982876034457934
0.706,9.82082989151713,-0.390457877872839,-0.979647800355352,-0.979647800355352
0.707,9.79847928643902,-0.389725523419331,-0.976430355978649,-0.976430355978649
0.708,9.7761706241913,-0.388993797541234,-0.973223664169869,-0.973223664169869
0.709,9.7539038686488,-0.388262704088605,-0.970027687904447,-0.970027687904447
0.71,9.73167898346672,-0.387532246878278,-0.96684239029071,-0.96684239029071
0.711,9.70949593208249,-0.386802429694057,-0.963667734569384,-0.963667734569384
0.712,9.68735467771771,-0.386073256286892,-0.960503684113107,-0.960503684113107
0.713,9.66525518337999,-0.385344730375061,-0.957350202425931,-0.957350202425931
0.714,9.64319741186485,-0.384616855644357,-0.954207253142838,-0.954207253142838
0.715,9.62118132575753,-0.383889635748259,-0.95107480002925,-0.95107480002925
0.716,9.59920688743487,-0.383163074308119,-0.947952806980549,-0.947952806980549
0.717,9.57727405906715,-0.382437174913337,-0.944841238021588,-0.944841238021588
0.718,9.55538280261989,-0.381711941121539,-0.941740057306213,-0.941740057306213
0.719,9.53353307985568,-0.380987376458753,-0.938649229116783,-0.938649229116783
0.72,9.51172485233601,-0.380263484419587,-0.935568717863689,-0.935568717863689
0.721,9.48995808142299,-0.3795402684674,-0.932498488084883,-0.932498488084883
0.722,9.46823272828123,-0.378817732034482,-0.929438504445398,-0.929438504445398
0.723,9.44654875387956,-0.378095878522222,-0.926388731736876,-0.926388731736876
0.724,9.42490611899279,-0.377374711301284,-0.923349134877103,-0.923349134877103
0.725,9.40330478420349,-0.376654233711777,-0.92031967890953,-0.92031967890953
0.726,9.38174470990373,-0.375934449063427,-0.917300329002813,-0.917300329002813
0.727,9.36022585629681,-0.375215360635746,-0.914291050450341,-0.914291050450341
0.728,9.338748183399,-0.374496971678202,-0.91129180866978,-0.91129180866978
0.729,9.31731165104123,-0.373779285410388,-0.908302569202603,-0.908302569202603
0.73,9.29591621887081,-0.373062305022189,-0.905323297713627,-0.905323297713627
0.731,9.27456184635315,-0.372346033673948,-0.902353959990566,-0.902353959990566
0.732,9.25324849277342,-0.371630474496633,-0.899394521943559,-0.899394521943559
0.733,9.23197611723823,-0.370915630592005,-0.896444949604726,-0.896444949604726
0.734,9.21074467867731,-0.370201505032777,-0.893505209127706,-0.893505209127706
0.735,9.18955413584515,-0.369488100862782,-0.890575266787208,-0.890575266787208
0.736,9.1684044473227,-0.368775421097135,-0.887655088978557,-0.887655088978557
0.737,9.14729557151894,-0.368063468722393,-0.884744642217252,-0.884744642217252
0.738,9.12622746667257,-0.367352246696721,-0.88184389313851,-0.88184389313851
0.739,9.10520009085359,-0.366641757950046,-0.878952808496827,-0.878952808496827
0.74,9.08421340196494,-0.365932005384224,-0.876071355165526,-0.876071355165526
0.741,9.06326735774411,-0.365222991873195,-0.873199500136326,-0.873199500136326
0.742,9.04236191576471,-0.36451472026314,-0.870337210518888,-0.870337210518888
0.743,9.02149703343806,-0.363807193372643,-0.867484453540384,-0.867484453540384
0.744,9.00067266801479,-0.363100413992845,-0.86464119654506,-0.86464119654506
0.745,8.97988877658637,-0.362394384887599,-0.861807406993793,-0.861807406993793
0.746,8.95914531608672,-0.361689108793627,-0.858983052463663,-0.858983052463663
0.747,8.9384422432937,-0.360984588420676,-0.856168100647519,-0.856168100647519
0.748,8.91777951483071,-0.360280826451669,-0.853362519353544,-0.853362519353544
0.749,8.89715708716817,-0.359577825542859,-0.850566276504832,-0.850566276504832
0.75,8.87657491662509,-0.358875588323981,-0.84777934013895,-0.84777934013895
0.751,8.85603295937055,-0.358174117398405,-0.845001678407526,-0.845001678407526
0.752,8.83553117142523,-0.357473415343285,-0.84223325957581,-0.84223325957581
0.753,8.81506950866287,-0.356773484709711,-0.839474052022257,-0.839474052022257
0.754,8.79464792681183,-0.356074328022856,-0.836724024238107,-0.836724024238107
0.755,8.7742663814565,-0.355375947782129,-0.833983144826962,-0.833983144826962
0.756,8.75392482803879,-0.354678346461316,-0.831251382504369,-0.831251382504369
0.757,8.73362322185962,-0.353981526508734,-0.828528706097401,-0.828528706097401
0.758,8.71336151808037,-0.353285490347375,-0.825815084544244,-0.825815084544244
0.759,8.69313967172427,-0.352590240375049,-0.82311048689378,-0.82311048689378
0.76,8.67295763767794,-0.351895778964536,-0.820414882305181,-0.820414882305181
0.761,8.65281537069272,-0.351202108463721,-0.81772824004749,-0.81772824004749
0.762,8.63271282538616,-0.350509231195748,-0.815050529499216,-0.815050529499216
0.763,8.61264995624339,-0.349817149459153,-0.812381720147929,-0.812381720147929
0.764,8.59262671761857,-0.349125865528016,-0.809721781589845,-0.809721781589845
0.765,8.57264306373624,-0.348435381652093,-0.807070683529435,-0.807070683529435
0.766,8.55269894869273,-0.347745700056966,-0.804428395779008,-0.804428395779008
0.767,8.53279432645757,-0.347056822944176,-0.801794888258318,-0.801794888258318
0.768,8.5129291508748,-0.346368752491366,-0.79917013099416,-0.79917013099416
0.769,8.49310337566441,-0.345681490852421,-0.796554094119972,-0.796554094119972
0.77,8.47331695442363,-0.344995040157603,-0.79394674787544,-0.79394674787544
0.771,8.45356984062831,-0.34430940251369,-0.791348062606102,-0.791348062606102
0.772,8.43386198763428,-0.343624580004113,-0.788758008762949,-0.788758008762949
0.773,8.41419334867865,-0.342940574689095,-0.786176556902038,-0.786176556902038
0.774,8.39456387688114,-0.342257388605778,-0.7836036776841,-0.7836036776841
0.775,8.37497352524543,-0.341575023768369,-0.781039341874147,-0.781039341874147
0.776,8.35542224666044,-0.340893482168266,-0.778483520341089,-0.778483520341089
0.777,8.33590999390163,-0.340212765774195,-0.77593618405734,-0.77593618405734
0.778,8.31643671963231,-0.33953287653234,-0.77339730409844,-0.77339730409844
0.779,8.29700237640495,-0.33885381636648,-0.770866851642667,-0.770866851642667
0.78,8.27760691666239,-0.338175587178118,-0.768344797970655,-0.768344797970655
0.781,8.25825029273921,-0.33749819084661,-0.765831114465014,-0.765831114465014
0.782,8.23893245686289,-0.336821629229297,-0.763325772609949,-0.763325772609949
0.783,8.21965336115515,-0.336145904161638,-0.760828743990886,-0.760828743990886
0.784,8.20041295763317,-0.335471017457332,-0.758340000294088,-0.758340000294088
0.785,8.18121119821082,-0.334796970908451,-0.755859513306288,-0.755859513306288
0.786,8.16204803469992,-0.33412376628557,-0.753387254914309,-0.753387254914309
0.787,8.14292341881144,-0.333451405337886,-0.750923197104695,-0.750923197104695
0.788,8.12383730215676,-0.332779889793354,-0.748467311963336,-0.748467311963336
0.789,8.10478963624885,-0.332109221358806,-0.746019571675104,-0.746019571675104
0.79,8.08578037250347,-0.33143940172008,-0.743579948523482,-0.743579948523482
0.791,8.06680946224042,-0.330770432542141,-0.741148414890197,-0.741148414890197
0.792,8.04787685668469,-0.330102315469209,-0.738724943254853,-0.738724943254853
0.793,8.02898250696763,-0.329435052124882,-0.736309506194571,-0.736309506194571
0.794,8.01012636412819,-0.328768644112254,-0.733902076383624,-0.733902076383624
0.795,7.99130837911402,-0.328103093014043,-0.731502626593075,-0.731502626593075
0.796,7.97252850278269,-0.327438400392711,-0.729111129690416,-0.729111129690416
0.797,7.95378668590281,-0.326774567790581,-0.726727558639217,-0.726727558639217
0.798,7.93508287915522,-0.326111596729963,-0.72435188649876,-0.72435188649876
0.799,7.91641703313408,-0.325449488713271,-0.721984086423687,-0.721984086423687
0.8,7.89778909834805,-0.324788245223142,-0.719624131663644,-0.719624131663644
0.801,7.87919902522139,-0.324127867722556,-0.717271995562931,-0.717271995562931
0.802,7.86064676409513,-0.323468357654951,-0.714927651560148,-0.714927651560148
0.803,7.84213226522812,-0.322809716444345,-0.712591073187844,-0.712591073187844
0.804,7.82365547879819,-0.322151945495449,-0.71026223407217,-0.71026223407217
0.805,7.80521635490324,-0.321495046193785,-0.707941107932528,-0.707941107932528
0.806,7.78681484356231,-0.320839019905801,-0.70562766858123,-0.70562766858123
0.807,7.76845089471673,-0.320183867978986,-0.703321889923147,-0.703321889923147
0.808,7.75012445823112,-0.319529591741986,-0.701023745955368,-0.701023745955368
0.809,7.73183548389455,-0.318876192504716,-0.69873321076686,-0.69873321076686
0.81,7.71358392142154,-0.318223671558474,-0.696450258538122,-0.696450258538122
0.811,7.69536972045319,-0.317572030176054,-0.694174863540845,-0.694174863540845
0.812,7.67719283055816,-0.316921269611859,-0.691907000137582,-0.691907000137582
0.813,7.6590532012338,-0.316271391102012,-0.689646642781401,-0.689646642781401
0.814,7.64095078190714,-0.315622395864466,-0.687393766015549,-0.687393766015549
0.815,7.62288552193593,-0.314974285099116,-0.685148344473128,-0.685148344473128
0.816,7.60485737060972,-0.31432705998791,-0.682910352876751,-0.682910352876751
0.817,7.58686627715082,-0.313680721694955,-0.680679766038212,-0.680679766038212
0.818,7.56891219071535,-0.313035271366631,-0.678456558858159,-0.678456558858159
0.819,7.55099506039429,-0.312390710131692,-0.67624070632576,-0.67624070632576
0.82,7.53311483521441,-0.311747039101384,-0.674032183518377,-0.674032183518377
0.821,7.51527146413931,-0.311104259369541,-0.671830965601241,-0.671830965601241
0.822,7.49746489607045,-0.310462372012701,-0.66963702782712,-0.66963702782712
0.823,7.47969507984807,-0.309821378090208,-0.667450345536,-0.667450345536
0.824,7.46196196425221,-0.309181278644316,-0.665270894154759,-0.665270894154759
0.825,7.44426549800368,-0.3085420747003,-0.663098649196846,-0.663098649196846
0.826,7.42660562976504,-0.307903767266554,-0.660933586261959,-0.660933586261959
0.827,7.40898230814154,-0.307266357334699,-0.65877568103573,-0.65877568103573
0.828,7.39139548168211,-0.306629845879687,-0.656624909289396,-0.656624909289396
0.829,7.37384509888028,-0.305994233859901,-0.654481246879494,-0.654481246879494
0.83,7.35633110817514,-0.30535952221726,-0.652344669747539,-0.652344669747539
0.831,7.33885345795229,-0.30472571187732,-0.650215153919708,-0.650215153919708
0.832,7.32141209654477,-0.304092803749376,-0.648092675506527,-0.648092675506527
0.833,7.30400697223397,-0.303460798726563,-0.645977210702564,-0.645977210702564
0.834,7.28663803325057,-0.302829697685955,-0.643868735786112,-0.643868735786112
0.835,7.26930522777547,-0.302199501488669,-0.641767227118881,-0.641767227118881
0.836,7.25200850394067,-0.301570210979959,-0.639672661145687,-0.639672661145687
0.837,7.23474780983019,-0.300941826989318,-0.63758501439415,-0.63758501439415
0.838,7.217523093481,-0.300314350330577,-0.635504263474382,-0.635504263474382
0.839,7.20033430288387,-0.299687781802002,-0.633430385078685,-0.633430385078685
0.84,7.18318138598425,-0.299062122186391,-0.631363355981245,-0.631363355981245
0.841,7.16606429068323,-0.298437372251171,-0.629303153037831,-0.629303153037831
0.842,7.14898296483833,-0.297813532748497,-0.62724975318549,-0.62724975318549
0.843,7.13193735626442,-0.297190604415343,-0.625203133442254,-0.625203133442254
0.844,7.11492741273459,-0.296568587973603,-0.623163270906829,-0.623163270906829
0.845,7.09795308198099,-0.295947484130182,-0.621130142758306,-0.621130142758306
0.846,7.08101431169567,-0.295327293577093,-0.619103726255865,-0.619103726255865
0.847,7.0641110495315,-0.29470801699155,-0.617083998738468,-0.617083998738468
0.848,7.04724324310294,-0.29408965503606,-0.615070937624576,-0.615070937624576
0.849,7.03041083998692,-0.293472208358519,-0.613064520411849,-0.613064520411849
0.85,7.01361378772366,-0.292855677592304,-0.611064724676856,-0.611064724676856
0.851,6.99685203381751,-0.292240063356363,-0.609071528074782,-0.609071528074782
0.852,6.98012552573776,-0.291625366255309,-0.607084908339139,-0.607084908339139
0.853,6.96343421091947,-0.29101158687951,-0.605104843281475,-0.605104843281475
0.854,6.94677803676428,-0.290398725805181,-0.60313131079109,-0.60313131079109
0.855,6.93015695064123,-0.289786783594472,-0.601164288834742,-0.601164288834742
0.856,6.91357089988753,-0.28917576079556,-0.599203755456369,-0.599203755456369
0.857,6.8970198318094,-0.288565657942738,-0.5972496887768,-0.5972496887768
0.858,6.88050369368284,-0.287956475556503,-0.595302066993471,-0.595302066993471
0.859,6.8640224327544,-0.287348214143644,-0.593360868380143,-0.593360868380143
0.86,6.84757599624201,-0.286740874197333,-0.591426071286623,-0.591426071286623
0.861,6.83116433133572,-0.286134456197209,-0.58949765413848,-0.58949765413848
0.862,6.81478738519848,-0.285528960609467,-0.587575595436767,-0.587575595436767
0.863,6.79844510496692,-0.284924387886944,-0.585659873757746,-0.585659873757746
0.864,6.78213743775211,-0.284320738469205,-0.583750467752604,-0.583750467752604
0.865,6.76586433064029,-0.28371801278263,-0.581847356147183,-0.581847356147183
0.866,6.74962573069368,-0.283116211240499,-0.579950517741703,-0.579950517741703
0.867,6.73342158495115,-0.282515334243075,-0.578059931410487,-0.578059931410487
0.868,6.71725184042906,-0.28191538217769,-0.57617557610169,-0.57617557610169
0.869,6.70111644412189,-0.28131635541883,-0.574297430837025,-0.574297430837025
0.87,6.68501534300308,-0.280718254328217,-0.572425474711496,-0.572425474711496
0.871,6.66894848402568,-0.280121079254892,-0.570559686893121,-0.570559686893121
0.872,6.65291581412311,-0.279524830535298,-0.568700046622671,-0.568700046622671
0.873,6.63691728020987,-0.278929508493364,-0.566846533213401,-0.566846533213401
0.874,6.62095282918226,-0.278335113440584,-0.564999126050778,-0.564999126050778
0.875,6.60502240791908,-0.277741645676101,-0.56315780459222,-0.56315780459222
0.876,6.58912596328235,-0.277149105486786,-0.561322548366831,-0.561322548366831
0.877,6.57326344211801,-0.276557493147321,-0.559493336975138,-0.559493336975138
0.878,6.55743479125659,-0.275966808920275,-0.557670150088824,-0.557670150088824
0.879,6.54163995751392,-0.27537705305619,-0.555852967450474,-0.555852967450474
0.88,6.52587888769185,-0.274788225793654,-0.554041768873306,-0.554041768873306
0.881,6.51015152857888,-0.274200327359384,-0.552236534240919,-0.552236534240919
0.882,6.49445782695083,-0.273613357968304,-0.550437243507029,-0.550437243507029
0.883,6.4787977295716,-0.273027317823621,-0.548643876695216,-0.548643876695216
0.884,6.46317118319373,-0.272442207116905,-0.546856413898663,-0.546856413898663
0.885,6.44757813455914,-0.271858026028166,-0.545074835279905,-0.545074835279905
0.886,6.43201853039976,-0.271274774725929,-0.543299121070569,-0.543299121070569
0.887,6.4164923174382,-0.270692453367314,-0.541529251571125,-0.541529251571125
0.888,6.40099944238838,-0.270111062098109,-0.539765207150633,-0.539765207150633
0.889,6.38553985195619,-0.269530601052846,-0.53800696824649,-0.53800696824649
0.89,6.37011349284014,-0.268951070354879,-0.536254515364178,-0.536254515364178
0.891,6.35472031173199,-0.268372470116456,-0.534507829077018,-0.534507829077018
0.892,6.33936025531739,-0.267794800438795,-0.532766890025919,-0.532766890025919
0.893,6.32403327027648,-0.267218061412159,-0.531031678919129,-0.531031678919129
0.894,6.30873930328457,-0.266642253115925,-0.529302176531991,-0.529302176531991
0.895,6.29347830101272,-0.266067375618666,-0.527578363706698,-0.527578363706698
0.896,6.27825021012836,-0.265493428978215,-0.525860221352042,-0.525860221352042
0.897,6.26305497729594,-0.264920413241745,-0.524147730443178,-0.524147730443178
0.898,6.24789254917747,-0.264348328445834,-0.522440872021373,-0.522440872021373
0.899,6.23276287243321,-0.263777174616544,-0.520739627193773,-0.520739627193773
0.9,6.21766589372219,-0.263206951769489,-0.519043977133153,-0.519043977133153
0.901,6.20260155970286,-0.262637659909904,-0.517353903077683,-0.517353903077683
0.902,6.18756981703367,-0.262069299032722,-0.515669386330685,-0.515669386330685
0.903,6.17257061237364,-0.261501869122638,-0.513990408260397,-0.513990408260397
0.904,6.15760389238297,-0.260935370154181,-0.512316950299735,-0.512316950299735
0.905,6.1426696037236,-0.260369802091785,-0.510648993946056,-0.510648993946056
0.906,6.12776769305981,-0.25980516488986,-0.508986520760922,-0.508986520760922
0.907,6.11289810705875,-0.259241458492854,-0.507329512369866,-0.507329512369866
0.908,6.09806079239107,-0.258678682835329,-0.50567795046216,-0.50567795046216
0.909,6.08325569573143,-0.258116837842026,-0.504031816790579,-0.504031816790579
0.91,6.06848276375909,-0.257555923427931,-0.50239109317117,-0.50239109317117
0.911,6.05374194315845,-0.256995939498346,-0.50075576148302,-0.50075576148302
0.912,6.03903318061962,-0.256436885948955,-0.499125803668031,-0.499125803668031
0.913,6.02435642283896,-0.255878762665889,-0.497501201730684,-0.497501201730684
0.914,6.00971161651962,-0.255321569525796,-0.495881937737813,-0.495881937737813
0.915,5.9950987083721,-0.254765306395901,-0.494267993818378,-0.494267993818378
0.916,5.98051764511476,-0.254209973134079,-0.492659352163241,-0.492659352163241
0.917,5.96596837347438,-0.253655569588916,-0.491055995024933,-0.491055995024933
0.918,5.95145084018668,-0.253102095599775,-0.489457904717437,-0.489457904717437
0.919,5.93696499199684,-0.25254955099686,-0.487865063615959,-0.487865063615959
0.92,5.92251077566003,-0.251997935601281,-0.486277454156705,-0.486277454156705
0.921,5.90808813794194,-0.251447249225119,-0.484695058836662,-0.484695058836662
0.922,5.89369702561928,-0.250897491671488,-0.483117860213375,-0.483117860213375
0.923,5.87933738548027,-0.250348662734598,-0.481545840904724,-0.481545840904724
0.924,5.86500916432522,-0.249800762199821,-0.479978983588706,-0.479978983588706
0.925,5.85071230896696,-0.24925378984375,-0.478417271003219,-0.478417271003219
0.926,5.83644676623137,-0.248707745434264,-0.476860685945836,-0.476860685945836
0.927,5.82221248295788,-0.248162628730588,-0.475309211273599,-0.475309211273599
0.928,5.80800940599998,-0.247618439483355,-0.473762829902793,-0.473762829902793
0.929,5.79383748222567,-0.247075177434671,-0.472221524808735,-0.472221524808735
0.93,5.77969665851797,-0.246532842318169,-0.470685279025557,-0.470685279025557
0.931,5.76558688177542,-0.245991433859075,-0.469154075645995,-0.469154075645995
0.932,5.75150809891252,-0.245450951774269,-0.467627897821174,-0.467627897821174
0.933,5.73746025686026,-0.244911395772341,-0.466106728760396,-0.466106728760396
0.934,5.72344330256653,-0.244372765553652,-0.464590551730929,-0.464590551730929
0.935,5.70945718299665,-0.243835060810397,-0.463079350057795,-0.463079350057795
0.936,5.69550184513378,-0.243298281226657,-0.461573107123562,-0.461573107123562
0.937,5.68157723597944,-0.242762426478466,-0.460071806368135,-0.460071806368135
0.938,5.66768330255392,-0.242227496233864,-0.458575431288545,-0.458575431288545
0.939,5.65381999189676,-0.241693490152955,-0.457083965438747,-0.457083965438747
0.94,5.63998725106722,-0.241160407887969,-0.455597392429407,-0.455597392429407
0.941,5.6261850271447,-0.240628249083316,-0.4541156959277,-0.4541156959277
0.942,5.61241326722917,-0.240097013375642,-0.452638859657106,-0.452638859657106
0.943,5.59867191844168,-0.239566700393892,-0.451166867397202,-0.451166867397202
0.944,5.58496092792474,-0.23903730975936,-0.449699702983463,-0.449699702983463
0.945,5.57128024284278,-0.238508841085748,-0.448237350307054,-0.448237350307054
0.946,5.55762981038256,-0.237981293979222,-0.446779793314636,-0.446779793314636
0.947,5.54400957775366,-0.237454668038469,-0.445327016008155,-0.445327016008155
0.948,5.53041949218883,-0.236928962854751,-0.443879002444649,-0.443879002444649
0.949,5.51685950094446,-0.236404178011957,-0.442435736736047,-0.442435736736047
0.95,5.503329551301,-0.235880313086665,-0.440997203048969,-0.440997203048969
0.951,5.48982959056337,-0.23535736764819,-0.439563385604528,-0.439563385604528
0.952,5.47635956606136,-0.234835341258642,-0.438134268678134,-0.438134268678134
0.953,5.46291942515006,-0.234314233472977,-0.436709836599296,-0.436709836599296
0.954,5.44950911521026,-0.233794043839054,-0.435290073751428,-0.435290073751428
0.955,5.43612858364887,-0.233274771897685,-0.433874964571653,-0.433874964571653
0.956,5.42277777789929,-0.232756417182692,-0.432464493550608,-0.432464493550608
0.957,5.40945664542186,-0.232238979220953,-0.431058645232253,-0.431058645232253
0.958,5.39616513370418,-0.231722457532464,-0.429657404213674,-0.429657404213674
0.959,5.3829031902616,-0.231206851630383,-0.428260755144896,-0.428260755144896
0.96,5.36967076263752,-0.230692161021085,-0.426868682728689,-0.426868682728689
0.961,5.35646779840383,-0.230178385204215,-0.425481171720378,-0.425481171720378
0.962,5.34329424516127,-0.229665523672738,-0.424098206927651,-0.424098206927651
0.963,5.33015005053985,-0.229153575912988,-0.422719773210376,-0.422719773210376
0.964,5.31703516219916,-0.228642541404724,-0.421345855480405,-0.421345855480405
0.965,5.30394952782881,-0.228132419621174,-0.419976438701391,-0.419976438701391
0.966,5.29089309514878,-0.22762321002909,-0.418611507888603,-0.418611507888603
0.967,5.27786581190977,-0.227114912088799,-0.417251048108732,-0.417251048108732
0.968,5.26486762589359,-0.226607525254247,-0.415895044479716,-0.415895044479716
0.969,5.25189848491353,-0.226101048973053,-0.414543482170544,-0.414543482170544
0.97,5.2389583368147,-0.225595482686557,-0.413196346401084,-0.413196346401084
0.971,5.22604712947439,-0.225090825829869,-0.411853622441889,-0.411853622441889
0.972,5.21316481080244,-0.224587077831918,-0.410515295614019,-0.410515295614019
0.973,5.20031132874159,-0.224084238115497,-0.409181351288862,-0.409181351288862
0.974,5.18748663126783,-0.223582306097319,-0.407851774887947,-0.407851774887947
0.975,5.17469066639073,-0.223081281188055,-0.406526551882767,-0.406526551882767
0.976,5.1619233821538,-0.222581162792389,-0.405205667794597,-0.405205667794597
0.977,5.14918472663484,-0.222081950309061,-0.403889108194318,-0.403889108194318
0.978,5.13647464794625,-0.221583643130918,-0.402576858702235,-0.402576858702235
0.979,5.12379309423542,-0.221086240644956,-0.401268904987903,-0.401268904987903
0.98,5.11114001368498,-0.220589742232372,-0.399965232769946,-0.399965232769946
0.981,5.09851535451322,-0.220094147268604,-0.398665827815882,-0.398665827815882
0.982,5.08591906497437,-0.219599455123384,-0.397370675941949,-0.397370675941949
0.983,5.07335109335892,-0.219105665160777,-0.396079763012926,-0.396079763012926
0.984,5.06081138799396,-0.218612776739232,-0.394793074941965,-0.394793074941965
0.985,5.04829989724352,-0.218120789211624,-0.393510597690411,-0.393510597690411
0.986,5.03581656950884,-0.217629701925301,-0.392232317267629,-0.392232317267629
0.987,5.02336135322872,-0.217139514222127,-0.390958219730839,-0.390958219730839
0.988,5.01093419687984,-0.216650225438528,-0.389688291184936,-0.389688291184936
0.989,4.99853504897703,-0.216161834905535,-0.38842251778232,-0.38842251778232
0.99,4.98616385807361,-0.215674341948829,-0.387160885722732,-0.387160885722732
0.991,4.9738205727617,-0.215187745888785,-0.385903381253077,-0.385903381253077
0.992,4.9615051416725,-0.214702046040516,-0.384649990667258,-0.384649990667258
0.993,4.9492175134766,-0.214217241713913,-0.383400700306008,-0.383400700306008
0.994,4.93695763688429,-0.213733332213693,-0.382155496556719,-0.382155496556719
0.995,4.92472546064583,-0.213250316839438,-0.38091436585328,-0.38091436585328
0.996,4.91252093355176,-0.21276819488564,-0.379677294675906,-0.379677294675906
0.997,4.90034400443319,-0.212286965641742,-0.378444269550972,-0.378444269550972
0.998,4.88819462216209,-0.211806628392181,-0.377215277050853,-0.377215277050853
0.999,4.87607273565158,-0.211327182416427,-0.375990303793752,-0.375990303793752
1,4.86397829385617,-0.210848626989032,-0.37476933644354,-0.37476933644354
1.001,4.8519112457721,-0.210370961379662,-0.373552361709594,-0.373552361709594
1.002,4.8398715404376,-0.209894184853145,-0.372339366346632,-0.372339366346632
1.003,4.82785912693315,-0.209418296669509,-0.371130337154548,-0.371130337154548
1.004,4.81587395438176,-0.208943296084025,-0.369925260978258,-0.369925260978258
1.005,4.80391597194924,-0.208469182347245,-0.368724124707532,-0.368724124707532
1.006,4.79198512884451,-0.207995954705043,-0.367526915276835,-0.367526915276835
1.007,4.78008137431978,-0.207523612398657,-0.366333619665172,-0.366333619665172
1.008,4.76820465767091,-0.207052154664725,-0.365144224895924,-0.365144224895924
1.009,4.7563549282376,-0.206581580735329,-0.363958718036688,-0.363958718036688
1.01,4.74453213540368,-0.206111889838033,-0.362777086199127,-0.362777086199127
1.011,4.73273622859739,-0.205643081195919,-0.361599316538805,-0.361599316538805
1.012,4.72096715729158,-0.20517515402763,-0.360425396255034,-0.360425396255034
1.013,4.70922487100402,-0.204708107547408,-0.359255312590715,-0.359255312590715
1.014,4.69750931929761,-0.204241940965131,-0.358089052832186,-0.358089052832186
1.015,4.68582045178065,-0.203776653486353,-0.356926604309067,-0.356926604309067
1.016,4.67415821810709,-0.203312244312341,-0.3557679543941,-0.3557679543941
1.017,4.66252256797674,-0.202848712640111,-0.354613090503004,-0.354613090503004
1.018,4.65091345113557,-0.202386057662472,-0.353462000094315,-0.353462000094315
1.019,4.63933081737589,-0.201924278568057,-0.352314670669234,-0.352314670669234
1.02,4.62777461653665,-0.201463374541362,-0.351171089771482,-0.351171089771482
1.021,4.61624479850361,-0.201003344762786,-0.350031244987136,-0.350031244987136
1.022,4.60474131320963,-0.200544188408663,-0.348895123944493,-0.348895123944493
1.023,4.59326411063485,-0.200085904651303,-0.347762714313905,-0.347762714313905
1.024,4.58181314080698,-0.199628492659026,-0.346634003807643,-0.346634003807643
1.025,4.57038835380148,-0.199171951596198,-0.345508980179738,-0.345508980179738
1.026,4.55898969974179,-0.19871628062327,-0.344387631225834,-0.344387631225834
1.027,4.54761712879959,-0.19826147889681,-0.343269944783047,-0.343269944783047
1.028,4.53627059119497,-0.197807545569541,-0.342155908729805,-0.342155908729805
1.029,4.52495003719668,-0.197354479790374,-0.341045510985716,-0.341045510985716
1.03,4.51365541712236,-0.196902280704448,-0.33993873951141,-0.33993873951141
1.031,4.50238668133872,-0.196450947453159,-0.338835582308398,-0.338835582308398
1.032,4.49114378026178,-0.196000479174199,-0.337736027418926,-0.337736027418926
1.033,4.47992666435706,-0.195550875001591,-0.336640062925831,-0.336640062925831
1.034,4.4687352841398,-0.195102134065718,-0.335547676952396,-0.335547676952396
1.035,4.4575695901752,-0.194654255493364,-0.334458857662207,-0.334458857662207
1.036,4.44642953307855,-0.194207238407744,-0.333373593259008,-0.333373593259008
1.037,4.43531506351551,-0.19376108192854,-0.332291871986563,-0.332291871986563
1.038,4.42422613220227,-0.193315785171932,-0.33121368212851,-0.33121368212851
1.039,4.41316268990574,-0.192871347250633,-0.330139012008221,-0.330139012008221
1.04,4.4021246874438,-0.192427767273923,-0.32906784998866,-0.32906784998866
1.041,4.39111207568544,-0.191985044347682,-0.328000184472245,-0.328000184472245
1.042,4.38012480555097,-0.191543177574421,-0.326936003900705,-0.326936003900705
1.043,4.36916282801224,-0.191102166053316,-0.325875296754947,-0.325875296754947
1.044,4.35822609409279,-0.19066200888024,-0.324818051554906,-0.324818051554906
1.045,4.34731455486808,-0.190222705147798,-0.32376425685942,-0.32376425685942
1.046,4.33642816146561,-0.189784253945354,-0.32271390126608,-0.32271390126608
1.047,4.32556686506519,-0.189346654359067,-0.321666973411104,-0.321666973411104
1.048,4.31473061689905,-0.188909905471923,-0.320623461969191,-0.320623461969191
1.049,4.30391936825208,-0.188474006363762,-0.319583355653391,-0.319583355653391
1.05,4.29313307046197,-0.188038956111316,-0.318546643214966,-0.318546643214966
1.051,4.28237167491937,-0.187604753788234,-0.317513313443257,-0.317513313443257
1.052,4.27163513306814,-0.187171398465118,-0.316483355165545,-0.316483355165545
1.053,4.26092339640545,-0.186738889209551,-0.315456757246926,-0.315456757246926
1.054,4.25023641648197,-0.186307225086127,-0.314433508590167,-0.314433508590167
1.055,4.23957414490207,-0.185876405156485,-0.31341359813558,-0.31341359813558
1.056,4.22893653332396,-0.185446428479337,-0.312397014860884,-0.312397014860884
1.057,4.21832353345988,-0.185017294110496,-0.311383747781079,-0.311383747781079
1.058,4.20773509707622,-0.184589001102912,-0.31037378594831,-0.31037378594831
1.059,4.19717117599374,-0.184161548506697,-0.309367118451736,-0.309367118451736
1.06,4.18663172208768,-0.183734935369153,-0.308363734417401,-0.308363734417401
1.061,4.17611668728798,-0.183309160734809,-0.307363623008105,-0.307363623008105
1.062,4.16562602357936,-0.182884223645442,-0.306366773423269,-0.306366773423269
1.063,4.15515968300157,-0.182460123140112,-0.305373174898814,-0.305373174898814
1.064,4.14471761764946,-0.182036858255187,-0.304382816707024,-0.304382816707024
1.065,4.13429977967316,-0.181614428024375,-0.303395688156423,-0.303395688156423
1.066,4.12390612127828,-0.181192831478751,-0.302411778591647,-0.302411778591647
1.067,4.11353659472598,-0.180772067646784,-0.301431077393313,-0.301431077393313
1.068,4.10319115233319,-0.180352135554368,-0.300453573977897,-0.300453573977897
1.069,4.0928697464727,-0.17993303422485,-0.299479257797606,-0.299479257797606
1.07,4.08257232957335,-0.179514762679054,-0.298508118340251,-0.298508118340251
1.071,4.07229885412014,-0.179097319935317,-0.297540145129121,-0.297540145129121
1.072,4.0620492726544,-0.178680705009505,-0.296575327722863,-0.296575327722863
1.073,4.05182353777389,-0.178264916915052,-0.295613655715352,-0.295613655715352
1.074,4.041621602133,-0.177849954662979,-0.294655118735569,-0.294655118735569
1.075,4.03144341844283,-0.177435817261926,-0.293699706447479,-0.293699706447479
1.076,4.02128893947135,-0.177022503718178,-0.292747408549907,-0.292747408549907
1.077,4.01115811804355,-0.176610013035688,-0.291798214776415,-0.291798214776415
1.078,4.00105090704153,-0.176198344216111,-0.290852114895179,-0.290852114895179
1.079,3.99096725940468,-0.175787496258823,-0.289909098708872,-0.289909098708872
1.08,3.98090712812976,-0.175377468160952,-0.288969156054535,-0.288969156054535
1.081,3.97087046627109,-0.174968258917404,-0.288032276803465,-0.288032276803465
1.082,3.96085722694059,-0.174559867520886,-0.287098450861086,-0.287098450861086
1.083,3.95086736330801,-0.174152292961936,-0.28616766816684,-0.28616766816684
1.084,3.94090082860097,-0.173745534228945,-0.285239918694054,-0.285239918694054
1.085,3.93095757610511,-0.173339590308184,-0.284315192449835,-0.284315192449835
1.086,3.92103755916423,-0.172934460183832,-0.28339347947494,-0.28339347947494
1.087,3.91114073118037,-0.172530142837996,-0.282474769843666,-0.282474769843666
1.088,3.90126704561397,-0.172126637250742,-0.281559053663728,-0.281559053663728
1.089,3.89141645598395,-0.171723942400115,-0.280646321076143,-0.280646321076143
1.09,3.88158891586784,-0.171322057262167,-0.279736562255114,-0.279736562255114
1.091,3.87178437890192,-0.17092098081098,-0.278829767407912,-0.278829767407912
1.092,3.86200279878128,-0.170520712018691,-0.277925926774765,-0.277925926774765
1.093,3.85224412925996,-0.170121249855519,-0.277025030628733,-0.277025030628733
1.094,3.84250832415107,-0.169722593289783,-0.276127069275605,-0.276127069275605
1.095,3.83279533732688,-0.169324741287933,-0.275232033053774,-0.275232033053774
1.096,3.82310512271892,-0.168927692814571,-0.274339912334129,-0.274339912334129
1.097,3.81343763431811,-0.168531446832472,-0.273450697519939,-0.273450697519939
1.098,3.80379282617484,-0.168136002302614,-0.272564379046742,-0.272564379046742
1.099,3.79417065239909,-0.167741358184195,-0.271680947382228,-0.271680947382228
1.1,3.78457106716052,-0.167347513434661,-0.27080039302613,-0.27080039302613
1.101,3.77499402468858,-0.166954467009728,-0.269922706510112,-0.269922706510112
1.102,3.76543947927259,-0.166562217863404,-0.269047878397655,-0.269047878397655
1.103,3.75590738526186,-0.166170764948012,-0.268175899283946,-0.268175899283946
1.104,3.74639769706577,-0.165780107214216,-0.267306759795772,-0.267306759795772
1.105,3.73691036915388,-0.16539024361104,-0.266440450591404,-0.266440450591404
1.106,3.72744535605599,-0.16500117308589,-0.265576962360487,-0.265576962360487
1.107,3.71800261236228,-0.164612894584583,-0.264716285823936,-0.264716285823936
1.108,3.70858209272335,-0.164225407051359,-0.263858411733821,-0.263858411733821
1.109,3.69918375185037,-0.163838709428914,-0.263003330873264,-0.263003330873264
1.11,3.68980754451509,-0.163452800658413,-0.262151034056322,-0.262151034056322
1.111,3.68045342555001,-0.163067679679518,-0.261301512127889,-0.261301512127889
1.112,3.6711213498484,-0.162683345430406,-0.260454755963581,-0.260454755963581
1.113,3.66181127236442,-0.162299796847794,-0.259610756469636,-0.259610756469636
1.114,3.65252314811319,-0.161917032866956,-0.258769504582797,-0.258769504582797
1.115,3.64325693217088,-0.161535052421749,-0.257930991270216,-0.257930991270216
1.116,3.63401257967477,-0.161153854444632,-0.257095207529343,-0.257095207529343
1.117,3.62479004582336,-0.160773437866687,-0.256262144387819,-0.256262144387819
1.118,3.61558928587644,-0.16039380161764,-0.255431792903377,-0.255431792903377
1.119,3.60641025515514,-0.160014944625882,-0.25460414416373,-0.25460414416373
1.12,3.59725290904204,-0.159636865818491,-0.25377918928647,-0.25377918928647
1.121,3.58811720298124,-0.159259564121251,-0.252956919418967,-0.252956919418967
1.122,3.57900309247839,-0.158883038458673,-0.252137325738258,-0.252137325738258
1.123,3.56991053310084,-0.158507287754014,-0.251320399450951,-0.251320399450951
1.124,3.56083948047763,-0.1581323109293,-0.250506131793118,-0.250506131793118
1.125,3.55178989029963,-0.157758106905345,-0.249694514030195,-0.249694514030195
1.126,3.54276171831955,-0.15738467460177,-0.248885537456877,-0.248885537456877
1.127,3.53375492035206,-0.157012012937023,-0.24807919339702,-0.24807919339702
1.128,3.52476945227382,-0.156640120828398,-0.247275473203535,-0.247275473203535
1.129,3.51580527002355,-0.15626899719206,-0.246474368258292,-0.246474368258292
1.13,3.5068623296021,-0.155898640943056,-0.245675869972015,-0.245675869972015
1.131,3.49794058707254,-0.15552905099534,-0.244879969784186,-0.244879969784186
1.132,3.48903999856017,-0.155160226261792,-0.244086659162942,-0.244086659162942
1.133,3.48016052025262,-0.154792165654235,-0.243295929604976,-0.243295929604976
1.134,3.47130210839989,-0.154424868083454,-0.242507772635439,-0.242507772635439
1.135,3.46246471931442,-0.154058332459218,-0.241722179807841,-0.241722179807841
1.136,3.45364830937114,-0.153692557690296,-0.240939142703951,-0.240939142703951
1.137,3.44485283500756,-0.153327542684475,-0.240158652933702,-0.240158652933702
1.138,3.43607825272375,-0.152963286348581,-0.239380702135089,-0.239380702135089
1.139,3.42732451908247,-0.152599787588498,-0.238605281974079,-0.238605281974079
1.14,3.4185915907092,-0.15223704530918,-0.237832384144504,-0.237832384144504
1.141,3.40987942429217,-0.151875058414679,-0.237062000367973,-0.237062000367973
1.142,3.40118797658243,-0.151513825808153,-0.236294122393771,-0.236294122393771
1.143,3.39251720439392,-0.151153346391894,-0.235528741998766,-0.235528741998766
1.144,3.38386706460346,-0.150793619067336,-0.234765850987311,-0.234765850987311
1.145,3.37523751415089,-0.15043464273508,-0.234005441191151,-0.234005441191151
1.146,3.36662851003902,-0.150076416294908,-0.233247504469325,-0.233247504469325
1.147,3.35804000933374,-0.149718938645803,-0.232492032708077,-0.232492032708077
1.148,3.34947196916404,-0.149362208685963,-0.231739017820756,-0.231739017820756
1.149,3.34092434672207,-0.149006225312822,-0.230988451747725,-0.230988451747725
1.15,3.33239709926315,-0.148650987423065,-0.230240326456268,-0.230240326456268
1.151,3.32389018410588,-0.148296493912644,-0.229494633940496,-0.229494633940496
1.152,3.31540355863209,-0.1479427436768,-0.228751366221254,-0.228751366221254
1.153,3.30693718028696,-0.147589735610072,-0.22801051534603,-0.22801051534603
1.154,3.29849100657901,-0.147237468606322,-0.22727207338886,-0.22727207338886
1.155,3.29006499508017,-0.146885941558745,-0.226536032450241,-0.226536032450241
1.156,3.28165910342579,-0.14653515335989,-0.225802384657035,-0.225802384657035
1.157,3.27327328931471,-0.146185102901675,-0.225071122162379,-0.225071122162379
1.158,3.26490751050926,-0.145835789075402,-0.224342237145597,-0.224342237145597
1.159,3.2565617248353,-0.145487210771774,-0.223615721812106,-0.223615721812106
1.16,3.2482358901823,-0.145139366880914,-0.222891568393328,-0.222891568393328
1.161,3.2399299645033,-0.144792256292375,-0.2221697691466,-0.2221697691466
1.162,3.23164390581501,-0.144445877895162,-0.221450316355085,-0.221450316355085
1.163,3.22337767219779,-0.144100230577745,-0.22073320232768,-0.22073320232768
1.164,3.21513122179572,-0.143755313228073,-0.220018419398931,-0.220018419398931
1.165,3.20690451281658,-0.143411124733594,-0.219305959928944,-0.219305959928944
1.166,3.19869750353195,-0.143067663981267,-0.218595816303294,-0.218595816303294
1.167,3.19051015227715,-0.142724929857579,-0.21788798093294,-0.21788798093294
1.168,3.18234241745136,-0.142382921248558,-0.217182446254138,-0.217182446254138
1.169,3.17419425751755,-0.142041637039792,-0.216479204728348,-0.216479204728348
1.17,3.1660656310026,-0.141701076116442,-0.215778248842158,-0.215778248842158
1.171,3.15795649649725,-0.141361237363257,-0.215079571107186,-0.215079571107186
1.172,3.14986681265615,-0.141022119664588,-0.214383164060002,-0.214383164060002
1.173,3.14179653819789,-0.140683721904405,-0.213689020262037,-0.213689020262037
1.174,3.13374563190503,-0.140346042966311,-0.2129971322995,-0.2129971322995
1.175,3.12571405262407,-0.140009081733554,-0.212307492783294,-0.212307492783294
1.176,3.11770175926553,-0.139672837089048,-0.211620094348926,-0.211620094348926
1.177,3.10970871080394,-0.139337307915379,-0.210934929656428,-0.210934929656428
1.178,3.10173486627785,-0.139002493094825,-0.210251991390269,-0.210251991390269
1.179,3.09378018478989,-0.138668391509371,-0.209571272259273,-0.209571272259273
1.18,3.08584462550671,-0.138335002040719,-0.208892764996535,-0.208892764996535
1.181,3.07792814765908,-0.138002323570303,-0.208216462359334,-0.208216462359334
1.182,3.07003071054186,-0.137670354979306,-0.207542357129057,-0.207542357129057
1.183,3.06215227351399,-0.137339095148672,-0.20687044211111,-0.20687044211111
1.184,3.05429279599858,-0.137008542959118,-0.206200710134836,-0.206200710134836
1.185,3.04645223748283,-0.136678697291152,-0.205533154053439,-0.205533154053439
1.186,3.03863055751813,-0.136349557025082,-0.204867766743892,-0.204867766743892
1.187,3.03082771572001,-0.136021121041032,-0.204204541106864,-0.204204541106864
1.188,3.02304367176815,-0.135693388218955,-0.203543470066635,-0.203543470066635
1.189,3.01527838540644,-0.135366357438647,-0.202884546571016,-0.202884546571016
1.19,3.00753181644295,-0.135040027579759,-0.202227763591266,-0.202227763591266
1.191,2.99980392474993,-0.13471439752181,-0.201573114122015,-0.201573114122015
1.192,2.99209467026384,-0.134389466144203,-0.20092059118118,-0.20092059118118
1.193,2.98440401298536,-0.134065232326234,-0.20027018780989,-0.20027018780989
1.194,2.97673191297937,-0.133741694947108,-0.199621897072402,-0.199621897072402
1.195,2.96907833037497,-0.133418852885948,-0.198975712056023,-0.198975712056023
1.196,2.9614432253655,-0.133096705021813,-0.198331625871033,-0.198331625871033
1.197,2.9538265582085,-0.132775250233708,-0.197689631650603,-0.197689631650603
1.198,2.94622828922576,-0.132454487400593,-0.19704972255072,-0.19704972255072
1.199,2.93864837880329,-0.132134415401403,-0.196411891750104,-0.196411891750104
1.2,2.93108678739135,-0.131815033115055,-0.195776132450137,-0.195776132450137
1.201,2.92354347550442,-0.13149633942046,-0.195142437874779,-0.195142437874779
1.202,2.91601840372121,-0.131178333196538,-0.194510801270495,-0.194510801270495
1.203,2.90851153268466,-0.130861013322231,-0.193881215906175,-0.193881215906175
1.204,2.90102282310196,-0.130544378676509,-0.19325367507306,-0.19325367507306
1.205,2.89355223574452,-0.130228428138389,-0.192628172084662,-0.192628172084662
1.206,2.88609973144797,-0.129913160586944,-0.192004700276691,-0.192004700276691
1.207,2.87866527111217,-0.129598574901313,-0.19138325300698,-0.19138325300698
1.208,2.87124881570119,-0.129284669960714,-0.190763823655404,-0.190763823655404
1.209,2.86385032624332,-0.12897144464446,-0.190146405623809,-0.190146405623809
1.21,2.85646976383105,-0.128658897831962,-0.189530992335938,-0.189530992335938
1.211,2.84910708962109,-0.128347028402747,-0.188917577237351,-0.188917577237351
1.212,2.84176226483434,-0.12803583523647,-0.188306153795356,-0.188306153795356
1.213,2.83443525075585,-0.127725317212918,-0.18769671549893,-0.18769671549893
1.214,2.82712600873491,-0.127415473212031,-0.18708925585865,-0.18708925585865
1.215,2.81983450018493,-0.127106302113905,-0.186483768406612,-0.186483768406612
1.216,2.81256068658351,-0.126797802798808,-0.185880246696368,-0.185880246696368
1.217,2.80530452947239,-0.126489974147189,-0.18527868430284,-0.18527868430284
1.218,2.79806599045745,-0.126182815039689,-0.18467907482226,-0.18467907482226
1.219,2.79084503120871,-0.125876324357154,-0.184081411872086,-0.184081411872086
1.22,2.78364161346028,-0.125570500980642,-0.183485689090939,-0.183485689090939
1.221,2.7764556990104,-0.125265343791436,-0.182891900138521,-0.182891900138521
1.222,2.76928724972139,-0.124960851671057,-0.182300038695554,-0.182300038695554
1.223,2.76213622751965,-0.124657023501268,-0.181710098463701,-0.181710098463701
1.224,2.75500259439565,-0.124353858164092,-0.181122073165494,-0.181122073165494
1.225,2.74788631240388,-0.124051354541817,-0.180535956544268,-0.180535956544268
1.226,2.74078734366291,-0.123749511517009,-0.179951742364086,-0.179951742364086
1.227,2.73370565035527,-0.123448327972521,-0.179369424409672,-0.179369424409672
1.228,2.72664119472755,-0.123147802791504,-0.178788996486336,-0.178788996486336
1.229,2.71959393909026,-0.122847934857418,-0.178210452419907,-0.178210452419907
1.23,2.71256384581791,-0.122548723054038,-0.177633786056661,-0.177633786056661
1.231,2.70555087734897,-0.122250166265471,-0.177058991263256,-0.177058991263256
1.232,2.69855499618579,-0.121952263376157,-0.176486061926656,-0.176486061926656
1.233,2.69157616489466,-0.121655013270889,-0.175914991954068,-0.175914991954068
1.234,2.68461434610576,-0.121358414834813,-0.175345775272867,-0.175345775272867
1.235,2.67766950251312,-0.121062466953445,-0.174778405830534,-0.174778405830534
1.236,2.67074159687461,-0.120767168512675,-0.174212877594583,-0.174212877594583
1.237,2.66383059201194,-0.120472518398783,-0.173649184552492,-0.173649184552492
1.238,2.65693645081062,-0.120178515498443,-0.173087320711642,-0.173087320711642
1.239,2.65005913621991,-0.119885158698732,-0.172527280099239,-0.172527280099239
1.24,2.64319861125286,-0.119592446887146,-0.171969056762257,-0.171969056762257
1.241,2.63635483898623,-0.119300378951602,-0.171412644767363,-0.171412644767363
1.242,2.62952778256049,-0.119008953780451,-0.170858038200854,-0.170858038200854
1.243,2.62271740517978,-0.118718170262486,-0.17030523116859,-0.17030523116859
1.244,2.61592367011192,-0.118428027286951,-0.169754217795924,-0.169754217795924
1.245,2.60914654068832,-0.118138523743553,-0.169204992227643,-0.169204992227643
1.246,2.60238598030403,-0.117849658522465,-0.168657548627893,-0.168657548627893
1.247,2.59564195241766,-0.117561430514341,-0.168111881180122,-0.168111881180122
1.248,2.58891442055136,-0.117273838610319,-0.167567984087008,-0.167567984087008
1.249,2.58220334829079,-0.116986881702037,-0.167025851570397,-0.167025851570397
1.25,2.57550869928514,-0.116700558681633,-0.166485477871236,-0.166485477871236
1.251,2.56883043724702,-0.116414868441762,-0.165946857249509,-0.165946857249509
1.252,2.56216852595249,-0.1161298098756,-0.165409983984176,-0.165409983984176
1.253,2.55552292924101,-0.115845381876851,-0.1648748523731,-0.1648748523731
1.254,2.54889361101541,-0.115561583339759,-0.164341456732993,-0.164341456732993
1.255,2.54228053524185,-0.115278413159117,-0.163809791399343,-0.163809791399343
1.256,2.53568366594982,-0.114995870230272,-0.163279850726358,-0.163279850726358
1.257,2.52910296723205,-0.114713953449133,-0.162751629086896,-0.162751629086896
1.258,2.52253840324456,-0.114432661712183,-0.162225120872408,-0.162225120872408
1.259,2.51598993820654,-0.114151993916484,-0.16170032049287,-0.16170032049287
1.26,2.50945753640038,-0.113871948959688,-0.161177222376723,-0.161177222376723
1.261,2.5029411621716,-0.11359252574004,-0.160655820970807,-0.160655820970807
1.262,2.49644077992883,-0.113313723156391,-0.160136110740304,-0.160136110740304
1.263,2.48995635414379,-0.113035540108204,-0.159618086168672,-0.159618086168672
1.264,2.48348784935122,-0.11275797549556,-0.159101741757585,-0.159101741757585
1.265,2.47703523014886,-0.112481028219171,-0.15858707202687,-0.15858707202687
1.266,2.47059846119744,-0.11220469718038,-0.158074071514444,-0.158074071514444
1.267,2.4641775072206,-0.111928981281177,-0.157562734776259,-0.157562734776259
1.268,2.45777233300488,-0.111653879424198,-0.157053056386234,-0.157053056386234
1.269,2.45138290339967,-0.111379390512741,-0.156545030936197,-0.156545030936197
1.27,2.44500918331718,-0.111105513450767,-0.156038653035826,-0.156038653035826
1.271,2.4386511377324,-0.110832247142912,-0.155533917312585,-0.155533917312585
1.272,2.43230873168306,-0.110559590494491,-0.155030818411668,-0.155030818411668
1.273,2.42598193026959,-0.110287542411505,-0.154529350995935,-0.154529350995935
1.274,2.4196706986551,-0.110016101800654,-0.154029509745855,-0.154029509745855
1.275,2.41337500206528,-0.109745267569336,-0.153531289359448,-0.153531289359448
1.276,2.40709480578844,-0.10947503862566,-0.15303468455222,-0.15303468455222
1.277,2.40083007517541,-0.10920541387845,-0.152539690057108,-0.152539690057108
1.278,2.39458077563953,-0.108936392237256,-0.152046300624423,-0.152046300624423
1.279,2.38834687265659,-0.108667972612356,-0.151554511021785,-0.151554511021785
1.28,2.3821283317648,-0.108400153914765,-0.151064316034071,-0.151064316034071
1.281,2.37592511856474,-0.108132935056243,-0.150575710463352,-0.150575710463352
1.282,2.36973719871932,-0.1078663149493,-0.15008868912884,-0.15008868912884
1.283,2.36356453795374,-0.107600292507204,-0.149603246866823,-0.149603246866823
1.284,2.35740710205543,-0.107334866643988,-0.149119378530616,-0.149119378530616
1.285,2.35126485687404,-0.107070036274454,-0.148637078990494,-0.148637078990494
1.286,2.34513776832137,-0.106805800314184,-0.148156343133644,-0.148156343133644
1.287,2.33902580237132,-0.106542157679542,-0.1476771658641,-0.1476771658641
1.288,2.33292892505985,-0.106279107287682,-0.147199542102694,-0.147199542102694
1.289,2.32684710248497,-0.106016648056558,-0.146723466786992,-0.146723466786992
1.29,2.32078030080664,-0.105754778904925,-0.146248934871242,-0.146248934871242
1.291,2.31472848624674,-0.105493498752347,-0.145775941326316,-0.145775941326316
1.292,2.30869162508905,-0.105232806519207,-0.145304481139654,-0.145304481139654
1.293,2.30266968367917,-0.104972701126707,-0.144834549315211,-0.144834549315211
1.294,2.2966626284245,-0.104713181496878,-0.144366140873396,-0.144366140873396
1.295,2.29067042579418,-0.104454246552588,-0.143899250851022,-0.143899250851022
1.296,2.28469304231902,-0.104195895217542,-0.143433874301245,-0.143433874301245
1.297,2.2787304445915,-0.103938126416295,-0.142970006293517,-0.142970006293517
1.298,2.27278259926567,-0.10368093907425,-0.142507641913521,-0.142507641913521
1.299,2.26684947305714,-0.103424332117674,-0.142046776263126,-0.142046776263126
1.3,2.26093103274301,-0.103168304473694,-0.141587404460326,-0.141587404460326
1.301,2.25502724516183,-0.102912855070309,-0.141129521639188,-0.141129521639188
1.302,2.24913807721354,-0.102657982836395,-0.140673122949798,-0.140673122949798
1.303,2.24326349585944,-0.102403686701706,-0.140218203558207,-0.140218203558207
1.304,2.2374034681221,-0.102149965596889,-0.139764758646376,-0.139764758646376
1.305,2.23155796108537,-0.101896818453478,-0.139312783412126,-0.139312783412126
1.306,2.22572694189425,-0.10164424420391,-0.138862273069079,-0.138862273069079
1.307,2.21991037775491,-0.101392241781524,-0.138413222846611,-0.138413222846611
1.308,2.2141082359346,-0.10114081012057,-0.137965627989795,-0.137965627989795
1.309,2.20832048376162,-0.100889948156212,-0.137519483759348,-0.137519483759348
1.31,2.20254708862523,-0.100639654824534,-0.137074785431581,-0.137074785431581
1.311,2.19678801797564,-0.100389929062548,-0.136631528298346,-0.136631528298346
1.312,2.19104323932393,-0.100140769808194,-0.136189707666981,-0.136189707666981
1.313,2.185312720242,-0.0998921760003522,-0.135749318860262,-0.135749318860262
1.314,2.17959642836255,-0.0996441465788413,-0.135310357216348,-0.135310357216348
1.315,2.17389433137895,-0.0993966804844282,-0.134872818088731,-0.134872818088731
1.316,2.16820639704527,-0.0991497766588313,-0.134436696846182,-0.134436696846182
1.317,2.16253259317617,-0.0989034340447264,-0.134001988872704,-0.134001988872704
1.318,2.15687288764686,-0.0986576515857509,-0.133568689567478,-0.133568689567478
1.319,2.15122724839308,-0.0984124282265096,-0.133136794344812,-0.133136794344812
1.32,2.14559564341096,-0.0981677629125789,-0.13270629863409,-0.13270629863409
1.321,2.13997804075705,-0.0979236545905126,-0.132277197879723,-0.132277197879723
1.322,2.13437440854823,-0.0976801022078457,-0.131849487541097,-0.131849487541097
1.323,2.12878471496164,-0.0974371047131002,-0.131423163092525,-0.131423163092525
1.324,2.12320892823464,-0.0971946610557891,-0.130998220023193,-0.130998220023193
1.325,2.11764701666476,-0.0969527701864219,-0.130574653837114,-0.130574653837114
1.326,2.11209894860963,-0.0967114310565083,-0.130152460053075,-0.130152460053075
1.327,2.1065646924869,-0.096470642618564,-0.129731634204591,-0.129731634204591
1.328,2.10104421677425,-0.0962304038261143,-0.129312171839852,-0.129312171839852
1.329,2.09553749000926,-0.0959907136336993,-0.128894068521678,-0.128894068521678
1.33,2.09004448078939,-0.095751570996878,-0.128477319827463,-0.128477319827463
1.331,2.08456515777191,-0.0955129748722333,-0.128061921349136,-0.128061921349136
1.332,2.07909948967385,-0.0952749242173757,-0.127647868693102,-0.127647868693102
1.333,2.07364744527193,-0.0950374179909487,-0.127235157480201,-0.127235157480201
1.334,2.0682089934025,-0.0948004551526319,-0.126823783345657,-0.126823783345657
1.335,2.0627841029615,-0.0945640346631466,-0.126413741939029,-0.126413741939029
1.336,2.05737274290437,-0.0943281554842591,-0.126005028924163,-0.126005028924163
1.337,2.05197488224603,-0.0940928165787854,-0.125597639979147,-0.125597639979147
1.338,2.04659049006077,-0.0938580169105954,-0.125191570796258,-0.125191570796258
1.339,2.04121953548223,-0.0936237554446169,-0.124786817081922,-0.124786817081922
1.34,2.03586198770333,-0.0933900311468397,-0.124383374556657,-0.124383374556657
1.341,2.03051781597619,-0.09315684298432,-0.123981238955036,-0.123981238955036
1.342,2.02518698961208,-0.0929241899251839,-0.123580406025633,-0.123580406025633
1.343,2.01986947798138,-0.0926920709386321,-0.123180871530977,-0.123180871530977
1.344,2.01456525051349,-0.0924604849949429,-0.122782631247509,-0.122782631247509
1.345,2.00927427669677,-0.0922294310654774,-0.12238568096553,-0.12238568096553
1.346,2.0039965260785,-0.091998908122682,-0.12199001648916,-0.12199001648916
1.347,1.99873196826479,-0.0917689151400934,-0.121595633636288,-0.121595633636288
1.348,1.99348057292054,-0.0915394510923418,-0.121202528238529,-0.121202528238529
1.349,1.98824230976937,-0.0913105149551547,-0.120810696141174,-0.120810696141174
1.35,1.98301714859354,-0.091082105705361,-0.120420133203148,-0.120420133203148
1.351,1.97780505923392,-0.0908542223208942,-0.120030835296963,-0.120030835296963
1.352,1.97260601158989,-0.0906268637807964,-0.119642798308672,-0.119642798308672
1.353,1.96741997561932,-0.090400029065222,-0.119256018137826,-0.119256018137826
1.354,1.96224692133844,-0.0901737171554409,-0.118870490697424,-0.118870490697424
1.355,1.95708681882187,-0.0899479270338425,-0.118486211913875,-0.118486211913875
1.356,1.95193963820245,-0.0897226576839388,-0.118103177726947,-0.118103177726947
1.357,1.94680534967128,-0.0894979080903683,-0.117721384089727,-0.117721384089727
1.358,1.94168392347755,-0.0892736772388991,-0.117340826968572,-0.117340826968572
1.359,1.93657532992858,-0.0890499641164325,-0.116961502343068,-0.116961502343068
1.36,1.93147953938966,-0.0888267677110062,-0.116583406205985,-0.116583406205985
1.361,1.92639652228406,-0.088604087011798,-0.116206534563233,-0.116206534563233
1.362,1.92132624909291,-0.0883819210091287,-0.115830883433818,-0.115830883433818
1.363,1.91626869035517,-0.0881602686944657,-0.115456448849799,-0.115456448849799
1.364,1.91122381666756,-0.0879391290604259,-0.11508322685624,-0.11508322685624
1.365,1.90619159868448,-0.0877185011007793,-0.114711213511176,-0.114711213511176
1.366,1.90117200711792,-0.0874983838104517,-0.114340404885558,-0.114340404885558
1.367,1.89616501273747,-0.0872787761855284,-0.113970797063221,-0.113970797063221
1.368,1.89117058637018,-0.0870596772232567,-0.113602386140833,-0.113602386140833
1.369,1.88618869890053,-0.0868410859220496,-0.113235168227856,-0.113235168227856
1.37,1.88121932127035,-0.0866230012814882,-0.112869139446502,-0.112869139446502
1.371,1.87626242447874,-0.0864054223023252,-0.11250429593169,-0.11250429593169
1.372,1.87131797958205,-0.0861883479864877,-0.112140633831007,-0.112140633831007
1.373,1.86638595769376,-0.08597177733708,-0.11177814930466,-0.11177814930466
1.374,1.86146632998444,-0.0857557093583866,-0.111416838525441,-0.111416838525441
1.375,1.85655906768168,-0.0855401430558754,-0.111056697678678,-0.111056697678678
1.376,1.85166414207001,-0.0853250774361998,-0.110697722962197,-0.110697722962197
1.377,1.84678152449085,-0.0851105115072024,-0.110339910586281,-0.110339910586281
1.378,1.84191118634242,-0.0848964442779171,-0.109983256773627,-0.109983256773627
1.379,1.8370530990797,-0.084682874758572,-0.109627757759305,-0.109627757759305
1.38,1.83220723421434,-0.0844698019605924,-0.109273409790714,-0.109273409790714
1.381,1.82737356331458,-0.0842572248966032,-0.108920209127547,-0.108920209127547
1.382,1.82255205800523,-0.0840451425804316,-0.108568152041746,-0.108568152041746
1.383,1.81774268996754,-0.0838335540271098,-0.10821723481746,-0.10821723481746
1.384,1.81294543093917,-0.0836224582528775,-0.107867453751009,-0.107867453751009
1.385,1.80816025271412,-0.0834118542751847,-0.107518805150838,-0.107518805150838
1.386,1.80338712714263,-0.0832017411126938,-0.107171285337481,-0.107171285337481
1.387,1.79862602613116,-0.0829921177852825,-0.106824890643518,-0.106824890643518
1.388,1.79387692164227,-0.082782983314046,-0.106479617413537,-0.106479617413537
1.389,1.78913978569458,-0.0825743367212998,-0.106135462004092,-0.106135462004092
1.39,1.78441459036268,-0.0823661770305815,-0.105792420783665,-0.105792420783665
1.391,1.7797013077771,-0.082158503266654,-0.105450490132625,-0.105450490132625
1.392,1.77499991012418,-0.0819513144555071,-0.105109666443188,-0.105109666443188
1.393,1.77031036964606,-0.0817446096243602,-0.104769946119382,-0.104769946119382
1.394,1.76563265864056,-0.0815383878016647,-0.104431325577,-0.104431325577
1.395,1.76096674946114,-0.081332648017106,-0.104093801243567,-0.104093801243567
1.396,1.75631261451681,-0.0811273893016057,-0.1037573695583,-0.1037573695583
1.397,1.75167022627209,-0.0809226106873242,-0.103422026972065,-0.103422026972065
1.398,1.74703955724689,-0.0807183112076625,-0.103087769947346,-0.103087769947346
1.399,1.74242058001648,-0.0805144898972646,-0.102754594958199,-0.102754594958199
1.4,1.73781326721142,-0.0803111457920194,-0.102422498490216,-0.102422498490216
1.401,1.73321759151744,-0.0801082779290631,-0.102091477040489,-0.102091477040489
1.402,1.72863352567543,-0.0799058853467808,-0.101761527117568,-0.101761527117568
1.403,1.72406104248133,-0.0797039670848093,-0.101432645241425,-0.101432645241425
1.404,1.71950011478608,-0.0795025221840382,-0.101104827943416,-0.101104827943416
1.405,1.71495071549551,-0.0793015496866127,-0.100778071766245,-0.100778071766245
1.406,1.71041281757033,-0.0791010486359349,-0.100452373263921,-0.100452373263921
1.407,1.70588639402599,-0.0789010180766664,-0.100127729001726,-0.100127729001726
1.408,1.70137141793267,-0.0787014570547296,-0.0998041355561731,-0.0998041355561731
1.409,1.69686786241516,-0.07850236461731,-0.0994815895149739,-0.0994815895149739
1.41,1.6923757006528,-0.0783037398128579,-0.0991600874769971,-0.0991600874769971
1.411,1.68789490587944,-0.0781055816910902,-0.0988396260522336,-0.0988396260522336
1.412,1.68342545138331,-0.0779078893029922,-0.0985202018617592,-0.0985202018617592
1.413,1.67896731050701,-0.0777106617008196,-0.0982018115376978,-0.0982018115376978
1.414,1.67452045664738,-0.0775138979380999,-0.0978844517231842,-0.0978844517231842
1.415,1.67008486325546,-0.0773175970696344,-0.0975681190723285,-0.0975681190723285
1.416,1.66566050383641,-0.0771217581515,-0.0972528102501788,-0.0972528102501788
1.417,1.66124735194944,-0.0769263802410503,-0.0969385219326855,-0.0969385219326855
1.418,1.65684538120773,-0.0767314623969181,-0.0966252508066649,-0.0966252508066649
1.419,1.65245456527836,-0.0765370036790162,-0.096312993569763,-0.096312993569763
1.42,1.64807487788223,-0.0763430031485397,-0.0960017469304199,-0.0960017469304199
1.421,1.643706292794,-0.0761494598679671,-0.0956915076078339,-0.0956915076078339
1.422,1.63934878384201,-0.0759563729010622,-0.0953822723319258,-0.0953822723319258
1.423,1.6350023249082,-0.0757637413128752,-0.0950740378433027,-0.0950740378433027
1.424,1.63066688992805,-0.0755715641697448,-0.0947668008932237,-0.0947668008932237
1.425,1.62634245289049,-0.0753798405392991,-0.0944605582435645,-0.0944605582435645
1.426,1.62202898783784,-0.0751885694904573,-0.094155306666781,-0.094155306666781
1.427,1.61772646886572,-0.0749977500934314,-0.0938510429458748,-0.0938510429458748
1.428,1.61343487012299,-0.0748073814197272,-0.0935477638743594,-0.0935477638743594
1.429,1.60915416581169,-0.0746174625421459,-0.0932454662562235,-0.0932454662562235
1.43,1.60488433018692,-0.0744279925347854,-0.0929441469058979,-0.0929441469058979
1.431,1.60062533755681,-0.0742389704730417,-0.0926438026482191,-0.0926438026482191
1.432,1.59637716228242,-0.0740503954336102,-0.0923444303183973,-0.0923444303183973
1.433,1.59213977877768,-0.073862266494487,-0.0920460267619796,-0.0920460267619796
1.434,1.58791316150931,-0.0736745827349701,-0.0917485888348173,-0.0917485888348173
1.435,1.58369728499673,-0.0734873432356607,-0.0914521134030309,-0.0914521134030309
1.436,1.57949212381203,-0.0733005470784646,-0.0911565973429769,-0.0911565973429769
1.437,1.57529765257984,-0.0731141933465932,-0.090862037541213,-0.090862037541213
1.438,1.57111384597729,-0.0729282811245646,-0.0905684308944653,-0.0905684308944653
1.439,1.56694067873392,-0.0727428094982052,-0.0902757743095934,-0.0902757743095934
1.44,1.56277812563162,-0.0725577775546502,-0.0899840647035582,-0.0899840647035582
1.441,1.55862616150454,-0.0723731843823454,-0.0896932990033879,-0.0896932990033879
1.442,1.55448476123903,-0.0721890290710478,-0.089403474146144,-0.089403474146144
1.443,1.55035389977354,-0.0720053107118269,-0.0891145870788888,-0.0891145870788888
1.444,1.54623355209856,-0.0718220283970656,-0.088826634758653,-0.088826634758653
1.445,1.54212369325657,-0.0716391812204615,-0.0885396141524007,-0.0885396141524007
1.446,1.53802429834191,-0.0714567682770278,-0.088253522236999,-0.088253522236999
1.447,1.53393534250075,-0.071274788663094,-0.087968355999183,-0.087968355999183
1.448,1.529856800931,-0.0710932414763074,-0.0876841124355247,-0.0876841124355247
1.449,1.52578864888221,-0.0709121258156336,-0.0874007885523996,-0.0874007885523996
1.45,1.52173086165556,-0.0707314407813577,-0.087118381365955,-0.087118381365955
1.451,1.51768341460371,-0.0705511854750851,-0.0868368879020766,-0.0868368879020766
1.452,1.51364628313076,-0.0703713589997425,-0.0865563051963577,-0.0865563051963577
1.453,1.50961944269218,-0.0701919604595784,-0.0862766302940655,-0.0862766302940655
1.454,1.50560286879472,-0.0700129889601646,-0.0859978602501111,-0.0859978602501111
1.455,1.50159653699633,-0.0698344436083964,-0.0857199921290154,-0.0857199921290154
1.456,1.49760042290612,-0.0696563235124939,-0.0854430230048792,-0.0854430230048792
1.457,1.49361450218422,-0.0694786277820023,-0.0851669499613504,-0.0851669499613504
1.458,1.48963875054178,-0.0693013555277934,-0.0848917700915928,-0.0848917700915928
1.459,1.48567314374082,-0.0691245058620652,-0.084617480498255,-0.084617480498255
1.46,1.48171765759422,-0.0689480778983441,-0.0843440782934383,-0.0843440782934383
1.461,1.47777226796558,-0.0687720707514843,-0.0840715605986658,-0.0840715605986658
1.462,1.47383695076922,-0.0685964835376693,-0.0837999245448522,-0.0837999245448522
1.463,1.46991168197001,-0.0684213153744122,-0.0835291672722708,-0.0835291672722708
1.464,1.4659964375834,-0.0682465653805565,-0.0832592859305247,-0.0832592859305247
1.465,1.46209119367523,-0.0680722326762768,-0.0829902776785143,-0.0829902776785143
1.466,1.45819592636176,-0.0678983163830793,-0.0827221396844077,-0.0827221396844077
1.467,1.45431061180953,-0.0677248156238024,-0.0824548691256094,-0.0824548691256094
1.468,1.45043522623529,-0.0675517295226173,-0.0821884631887308,-0.0821884631887308
1.469,1.44656974590593,-0.0673790572050286,-0.0819229190695581,-0.0819229190695581
1.47,1.44271414713844,-0.0672067977978751,-0.0816582339730233,-0.0816582339730233
1.471,1.43886840629976,-0.0670349504293296,-0.0813944051131742,-0.0813944051131742
1.472,1.43503249980677,-0.0668635142289003,-0.0811314297131436,-0.0811314297131436
1.473,1.43120640412617,-0.0666924883274306,-0.0808693050051192,-0.0808693050051192
1.474,1.42739009577444,-0.0665218718571,-0.0806080282303143,-0.0806080282303143
1.475,1.42358355131772,-0.0663516639514244,-0.0803475966389375,-0.0803475966389375
1.476,1.41978674737177,-0.0661818637452566,-0.080088007490164,-0.080088007490164
1.477,1.4159996606019,-0.0660124703747864,-0.0798292580521045,-0.0798292580521045
1.478,1.41222226772284,-0.0658434829775417,-0.079571345601777,-0.079571345601777
1.479,1.40845454549872,-0.0656749006923881,-0.0793142674250766,-0.0793142674250766
1.48,1.40469647074296,-0.06550672265953,-0.0790580208167466,-0.0790580208167466
1.481,1.40094802031822,-0.0653389480205103,-0.0788026030803495,-0.0788026030803495
1.482,1.39720917113628,-0.0651715759182113,-0.0785480115282374,-0.0785480115282374
1.483,1.39347990015801,-0.0650046054968545,-0.0782942434815236,-0.0782942434815236
1.484,1.38976018439329,-0.0648380359020014,-0.078041296270053,-0.078041296270053
1.485,1.38605000090088,-0.0646718662805536,-0.077789167232374,-0.077789167232374
1.486,1.38234932678841,-0.0645060957807529,-0.0775378537157094,-0.0775378537157094
1.487,1.37865813921225,-0.0643407235521817,-0.0772873530759278,-0.0772873530759278
1.488,1.37497641537749,-0.0641757487457633,-0.0770376626775154,-0.0770376626775154
1.489,1.37130413253779,-0.064011170513762,-0.0767887798935472,-0.0767887798935472
1.49,1.36764126799538,-0.0638469880097836,-0.0765407021056593,-0.0765407021056593
1.491,1.36398779910092,-0.0636832003887752,-0.0762934267040196,-0.0762934267040196
1.492,1.36034370325346,-0.0635198068070254,-0.0760469510873009,-0.0760469510873009
1.493,1.35670895790035,-0.063356806422165,-0.0758012726626521,-0.0758012726626521
1.494,1.35308354053718,-0.0631941983931664,-0.0755563888456708,-0.0755563888456708
1.495,1.34946742870766,-0.0630319818803443,-0.0753122970603746,-0.0753122970603746
1.496,1.3458606000036,-0.0628701560453555,-0.0750689947391746,-0.0750689947391746
1.497,1.34226303206479,-0.0627087200511994,-0.0748264793228463,-0.0748264793228463
1.498,1.33867470257895,-0.0625476730622173,-0.0745847482605038,-0.0745847482605038
1.499,1.33509558928162,-0.0623870142440935,-0.0743437990095704,-0.0743437990095704
1.5,1.33152566995612,-0.0622267427638544,-0.074103629035753,-0.074103629035753
1.501,1.32796492243346,-0.0620668577898693,-0.0738642358130134,-0.0738642358130134
1.502,1.32441332459226,-0.0619073584918499,-0.0736256168235421,-0.0736256168235421
1.503,1.32087085435865,-0.0617482440408506,-0.0733877695577306,-0.0733877695577306
1.504,1.31733748970626,-0.0615895136092684,-0.073150691514145,-0.073150691514145
1.505,1.31381320865605,-0.0614311663708429,-0.0729143801994983,-0.0729143801994983
1.506,1.31029798927633,-0.0612732015006563,-0.0726788331286243,-0.0726788331286243
1.507,1.3067918096826,-0.0611156181751332,-0.0724440478244504,-0.0724440478244504
1.508,1.30329464803753,-0.0609584155720409,-0.0722100218179713,-0.0722100218179713
1.509,1.29980648255085,-0.0608015928704888,-0.0719767526482221,-0.0719767526482221
1.51,1.2963272914793,-0.0606451492509289,-0.0717442378622524,-0.0717442378622524
1.511,1.29285705312651,-0.0604890838951552,-0.071512475015099,-0.071512475015099
1.512,1.28939574584298,-0.0603333959863039,-0.0712814616697607,-0.0712814616697607
1.513,1.28594334802596,-0.0601780847088531,-0.0710511953971713,-0.0710511953971713
1.514,1.2824998381194,-0.0600231492486228,-0.0708216737761735,-0.0708216737761735
1.515,1.27906519461385,-0.0598685887927746,-0.070592894393494,-0.070592894393494
1.516,1.27563939604639,-0.0597144025298118,-0.0703648548437158,-0.0703648548437158
1.517,1.27222242100056,-0.0595605896495786,-0.0701375527292539,-0.0701375527292539
1.518,1.26881424810629,-0.0594071493432608,-0.0699109856603287,-0.0699109856603287
1.519,1.2654148560398,-0.0592540808033849,-0.0696851512549403,-0.0696851512549403
1.52,1.26202422352354,-0.0591013832238182,-0.0694600471388438,-0.0694600471388438
1.521,1.25864232932613,-0.0589490557997683,-0.0692356709455224,-0.0692356709455224
1.522,1.25526915226222,-0.0587970977277832,-0.0690120203161634,-0.0690120203161634
1.523,1.2519046711925,-0.0586455082057507,-0.0687890928996319,-0.0687890928996319
1.524,1.24854886502355,-0.0584942864328986,-0.068566886352446,-0.068566886352446
1.525,1.24520171270781,-0.0583434316097937,-0.0683453983387513,-0.0683453983387513
1.526,1.24186319324347,-0.0581929429383424,-0.0681246265302965,-0.0681246265302965
1.527,1.23853328567442,-0.0580428196217895,-0.0679045686064075,-0.0679045686064075
1.528,1.23521196909016,-0.0578930608647185,-0.0676852222539634,-0.0676852222539634
1.529,1.23189922262573,-0.057743665873051,-0.0674665851673708,-0.0674665851673708
1.53,1.22859502546161,-0.0575946338540464,-0.0672486550485398,-0.0672486550485398
1.531,1.2252993568237,-0.0574459640163016,-0.067031429606859,-0.067031429606859
1.532,1.22201219598316,-0.0572976555697506,-0.066814906559171,-0.066814906559171
1.533,1.21873352225642,-0.0571497077256641,-0.0665990836297476,-0.0665990836297476
1.534,1.21546331500503,-0.057002119696649,-0.0663839585502662,-0.0663839585502662
1.535,1.21220155363563,-0.0568548906966483,-0.0661695290597846,-0.0661695290597846
1.536,1.20894821759987,-0.0567080199409405,-0.0659557929047171,-0.0659557929047171
1.537,1.20570328639431,-0.0565615066461389,-0.0657427478388105,-0.0657427478388105
1.538,1.20246673956036,-0.0564153500301916,-0.0655303916231196,-0.0655303916231196
1.539,1.19923855668419,-0.0562695493123811,-0.065318722025984,-0.065318722025984
1.54,1.19601871739669,-0.0561241037133233,-0.0651077368230029,-0.0651077368230029
1.541,1.19280720137333,-0.0559790124549675,-0.0648974337970128,-0.0648974337970128
1.542,1.18960398833415,-0.0558342747605957,-0.0646878107380621,-0.0646878107380621
1.543,1.18640905804365,-0.0556898898548223,-0.0644788654433892,-0.0644788654433892
1.544,1.18322239031071,-0.0555458569635933,-0.0642705957173971,-0.0642705957173971
1.545,1.18004396498852,-0.055402175314186,-0.0640629993716312,-0.0640629993716312
1.546,1.17687376197452,-0.0552588441352085,-0.0638560742247554,-0.0638560742247554
1.547,1.1737117612103,-0.0551158626565991,-0.0636498181025284,-0.0636498181025284
1.548,1.17055794268153,-0.0549732301096256,-0.0634442288377811,-0.0634442288377811
1.549,1.16741228641789,-0.054830945726885,-0.0632393042703929,-0.0632393042703929
1.55,1.16427477249299,-0.0546890087423027,-0.0630350422472686,-0.0630350422472686
1.551,1.1611453810243,-0.0545474183911321,-0.0628314406223156,-0.0628314406223156
1.552,1.15802409217307,-0.054406173909954,-0.0626284972564206,-0.0626284972564206
1.553,1.15491088614424,-0.0542652745366758,-0.062426210017427,-0.062426210017427
1.554,1.15180574318638,-0.0541247195105312,-0.0622245767801121,-0.0622245767801121
1.555,1.14870864359163,-0.0539845080720793,-0.0620235954261636,-0.0620235954261636
1.556,1.14561956769558,-0.0538446394632039,-0.0618232638441583,-0.0618232638441583
1.557,1.14253849587723,-0.0537051129271135,-0.0616235799295382,-0.0616235799295382
1.558,1.1394654085589,-0.0535659277083397,-0.0614245415845886,-0.0614245415845886
1.559,1.13640028620617,-0.0534270830527373,-0.0612261467184157,-0.0612261467184157
1.56,1.13334310932777,-0.0532885782074833,-0.0610283932469239,-0.0610283932469239
1.561,1.13029385847554,-0.0531504124210763,-0.060831279092794,-0.060831279092794
1.562,1.12725251424434,-0.0530125849433357,-0.0606348021854605,-0.0606348021854605
1.563,1.12421905727196,-0.0528750950254012,-0.0604389604610893,-0.0604389604610893
1.564,1.12119346823908,-0.0527379419197318,-0.0602437518625567,-0.0602437518625567
1.565,1.11817572786916,-0.0526011248801055,-0.0600491743394261,-0.0600491743394261
1.566,1.11516581692838,-0.0524646431616181,-0.0598552258479266,-0.0598552258479266
1.567,1.11216371622556,-0.0523284960206829,-0.0596619043509317,-0.0596619043509317
1.568,1.10916940661209,-0.0521926827150296,-0.0594692078179365,-0.0594692078179365
1.569,1.10618286898185,-0.0520572025037038,-0.0592771342250366,-0.0592771342250366
1.57,1.10320408427114,-0.051922054647066,-0.0590856815549065,-0.0590856815549065
1.571,1.1002330334586,-0.0517872384067912,-0.0588948477967779,-0.0588948477967779
1.572,1.09726969756512,-0.0516527530458676,-0.0587046309464181,-0.0587046309464181
1.573,1.0943140576538,-0.0515185978285963,-0.0585150290061089,-0.0585150290061089
1.574,1.09136609482984,-0.0513847720205901,-0.0583260399846247,-0.0583260399846247
1.575,1.0884257902405,-0.0512512748887731,-0.058137661897212,-0.058137661897212
1.576,1.08549312507498,-0.0511181057013794,-0.0579498927655673,-0.0579498927655673
1.577,1.08256808056439,-0.0509852637279528,-0.0577627306178171,-0.0577627306178171
1.578,1.07965063798164,-0.0508527482393456,-0.0575761734884953,-0.0575761734884953
1.579,1.07674077864138,-0.0507205585077179,-0.0573902194185238,-0.0573902194185238
1.58,1.07383848389994,-0.0505886938065365,-0.0572048664551906,-0.0572048664551906
1.581,1.07094373515522,-0.0504571534105745,-0.0570201126521291,-0.0570201126521291
1.582,1.06805651384665,-0.0503259365959102,-0.0568359560692978,-0.0568359560692978
1.583,1.06517680145509,-0.0501950426399261,-0.0566523947729586,-0.0566523947729586
1.584,1.06230457950278,-0.050064470821308,-0.0564694268356572,-0.0564694268356572
1.585,1.05943982955324,-0.0499342204200445,-0.0562870503362022,-0.0562870503362022
1.586,1.0565825332112,-0.0498042907174257,-0.056105263359644,-0.056105263359644
1.587,1.05373267212255,-0.0496746809960425,-0.0559240639972554,-0.0559240639972554
1.588,1.05089022797422,-0.0495453905397856,-0.05574345034651,-0.05574345034651
1.589,1.04805518249417,-0.0494164186338444,-0.0555634205110633,-0.0555634205110633
1.59,1.04522751745125,-0.0492877645647065,-0.0553839726007311,-0.0553839726007311
1.591,1.04240721465515,-0.0491594276201566,-0.0552051047314704,-0.0552051047314704
1.592,1.03959425595636,-0.0490314070892751,-0.0550268150253586,-0.0550268150253586
1.593,1.03678862324604,-0.0489037022624378,-0.0548491016105738,-0.0548491016105738
1.594,1.03399029845598,-0.0487763124313147,-0.0546719626213747,-0.0546719626213747
1.595,1.03119926355852,-0.0486492368888688,-0.0544953961980809,-0.0544953961980809
1.596,1.02841550056646,-0.0485224749293554,-0.0543194004870527,-0.0543194004870527
1.597,1.02563899153302,-0.0483960258483212,-0.0541439736406717,-0.0541439736406717
1.598,1.02286971855172,-0.0482698889426029,-0.0539691138173209,-0.0539691138173209
1.599,1.02010766375636,-0.0481440635103266,-0.0537948191813652,-0.0537948191813652
1.6,1.0173528093209,-0.0480185488509064,-0.0536210879031315,-0.0536210879031315
1.601,1.01460513745939,-0.047893344265044,-0.0534479181588898,-0.0534479181588898
1.602,1.01186463042595,-0.0477684490547271,-0.0532753081308328,-0.0532753081308328
1.603,1.00913127051462,-0.0476438625232286,-0.0531032560070576,-0.0531032560070576
1.604,1.00640504005934,-0.0475195839751054,-0.0529317599815459,-0.0529317599815459
1.605,1.00368592143385,-0.0473956127161979,-0.0527608182541443,-0.0527608182541443
1.606,1.00097389705163,-0.0472719480536282,-0.052590429030546,-0.052590429030546
1.607,0.998268949365827,-0.0471485892957996,-0.0524205905222709,-0.0524205905222709
1.608,0.995571060869173,-0.0470255357523953,-0.0522513009466473,-0.0522513009466473
1.609,0.992880214093914,-0.0469027867343773,-0.0520825585267919,-0.0520825585267919
1.61,0.990196391611738,-0.0467803415539856,-0.051914361491592,-0.051914361491592
1.611,0.987519576033706,-0.0466581995247368,-0.0517467080756856,-0.0517467080756856
1.612,0.984849750010171,-0.0465363599614231,-0.0515795965194434,-0.0515795965194434
1.613,0.982186896230712,-0.0464148221801115,-0.0514130250689497,-0.0514130250689497
1.614,0.979530997424056,-0.0462935854981421,-0.0512469919759836,-0.0512469919759836
1.615,0.976882036358009,-0.0461726492341276,-0.0510814954980007,-0.0510814954980007
1.616,0.974239995839378,-0.0460520127079519,-0.050916533898114,-0.050916533898114
1.617,0.971604858713906,-0.045931675240769,-0.0507521054450762,-0.0507521054450762
1.618,0.96897660786619,-0.0458116361550019,-0.0505882084132607,-0.0505882084132607
1.619,0.966355226219616,-0.0456918947743414,-0.0504248410826433,-0.0504248410826433
1.62,0.963740696736282,-0.0455724504237451,-0.0502620017387839,-0.0502620017387839
1.621,0.961133002416929,-0.0454533024294362,-0.0500996886728085,-0.0500996886728085
1.622,0.958532126300862,-0.0453344501189022,-0.0499379001813905,-0.0499379001813905
1.623,0.955938051465886,-0.0452158928208942,-0.0497766345667333,-0.0497766345667333
1.624,0.953350761028227,-0.0450976298654252,-0.0496158901365513,-0.0496158901365513
1.625,0.950770238142466,-0.044979660583769,-0.0494556652040529,-0.0494556652040529
1.626,0.948196466001457,-0.0448619843084596,-0.0492959580879216,-0.0492959580879216
1.627,0.945629427836267,-0.0447446003732893,-0.0491367671122988,-0.0491367671122988
1.628,0.943069106916093,-0.0446275081133079,-0.0489780906067656,-0.0489780906067656
1.629,0.9405154865482,-0.0445107068648216,-0.0488199269063253,-0.0488199269063253
1.63,0.937968550077839,-0.0443941959653915,-0.0486622743513854,-0.0486622743513854
1.631,0.935428280888182,-0.0442779747538325,-0.0485051312877402,-0.0485051312877402
1.632,0.932894662400249,-0.0441620425702122,-0.0483484960665527,-0.0483484960665527
1.633,0.930367678072835,-0.0440463987558498,-0.048192367044338,-0.048192367044338
1.634,0.927847311402437,-0.0439310426533144,-0.0480367425829448,-0.0480367425829448
1.635,0.925333545923188,-0.0438159736064245,-0.0478816210495386,-0.0478816210495386
1.636,0.922826365206777,-0.043701190960246,-0.0477270008165844,-0.0477270008165844
1.637,0.920325752862387,-0.0435866940610917,-0.0475728802618287,-0.0475728802618287
1.638,0.917831692536615,-0.0434724822565193,-0.047419257768283,-0.047419257768283
1.639,0.915344167913407,-0.0433585548953309,-0.0472661317242064,-0.0472661317242064
1.64,0.912863162713983,-0.0432449113275713,-0.047113500523088,-0.047113500523088
1.641,0.910388660696767,-0.0431315509045269,-0.0469613625636306,-0.0469613625636306
1.642,0.907920645657317,-0.0430184729787243,-0.0468097162497331,-0.0468097162497331
1.643,0.905459101428252,-0.0429056769039294,-0.0466585599904737,-0.0466585599904737
1.644,0.903004011879184,-0.0427931620351456,-0.0465078922000931,-0.0465078922000931
1.645,0.900555360916642,-0.042680927728613,-0.0463577112979774,-0.0463577112979774
1.646,0.898113132484006,-0.0425689733418069,-0.0462080157086416,-0.0462080157086416
1.647,0.895677310561436,-0.0424572982334367,-0.0460588038617128,-0.0460588038617128
1.648,0.893247879165797,-0.0423459017634441,-0.045910074191913,-0.045910074191913
1.649,0.890824822350594,-0.0422347832930025,-0.0457618251390431,-0.0457618251390431
1.65,0.888408124205897,-0.0421239421845154,-0.0456140551479665,-0.0456140551479665
1.651,0.885997768858273,-0.042013377801615,-0.0454667626685915,-0.0454667626685915
1.652,0.883593740470715,-0.0419030895091609,-0.0453199461558559,-0.0453199461558559
1.653,0.881196023242574,-0.041793076673239,-0.0451736040697103,-0.0451736040697103
1.654,0.87880460140948,-0.0416833386611602,-0.0450277348751014,-0.0450277348751014
1.655,0.876419459243287,-0.0415738748414587,-0.0448823370419562,-0.0448823370419562
1.656,0.874040581051987,-0.0414646845838911,-0.0447374090451649,-0.0447374090451649
1.657,0.871667951179653,-0.0413557672594348,-0.0445929493645663,-0.0445929493645663
1.658,0.869301554006358,-0.0412471222402868,-0.0444489564849296,-0.0444489564849296
1.659,0.866941373948114,-0.0411387488998625,-0.0443054288959401,-0.0443054288959401
1.66,0.864587395456799,-0.0410306466127941,-0.044162365092182,-0.044162365092182
1.661,0.862239603020086,-0.0409228147549293,-0.044019763573123,-0.044019763573123
1.662,0.859897981161373,-0.0408152527033301,-0.0438776228430982,-0.0438776228430982
1.663,0.857562514439718,-0.0407079598362713,-0.0437359414112942,-0.0437359414112942
1.664,0.855233187449765,-0.0406009355332394,-0.0435947177917333,-0.0435947177917333
1.665,0.852909984821677,-0.0404941791749308,-0.0434539505032577,-0.0434539505032577
1.666,0.850592891221063,-0.040387690143251,-0.0433136380695138,-0.0433136380695138
1.667,0.848281891348915,-0.0402814678213126,-0.0431737790189366,-0.0431737790189366
1.668,0.845976969941535,-0.0401755115934345,-0.0430343718847339,-0.0430343718847339
1.669,0.843678111770463,-0.0400698208451402,-0.042895415204871,-0.042895415204871
1.67,0.841385301642417,-0.0399643949631566,-0.0427569075220549,-0.0427569075220549
1.671,0.839098524399214,-0.0398592333354124,-0.042618847383719,-0.042618847383719
1.672,0.836817764917708,-0.039754335351037,-0.0424812333420077,-0.0424812333420077
1.673,0.834543008109716,-0.0396497004003587,-0.0423440639537608,-0.0423440639537608
1.674,0.832274238921958,-0.039545327874904,-0.0422073377804986,-0.0422073377804986
1.675,0.830011442335976,-0.0394412171673952,-0.0420710533884064,-0.0420710533884064
1.676,0.827754603368078,-0.0393373676717502,-0.0419352093483194,-0.0419352093483194
1.677,0.825503707069259,-0.03923377878308,-0.041799804235707,-0.041799804235707
1.678,0.82325873852514,-0.0391304498976879,-0.0416648366306585,-0.0416648366306585
1.679,0.821019682855898,-0.0390273804130681,-0.0415303051178677,-0.0415303051178677
1.68,0.818786525216194,-0.0389245697279039,-0.0413962082866178,-0.0413962082866178
1.681,0.816559250795111,-0.0388220172420668,-0.0412625447307664,-0.0412625447307664
1.682,0.814337844816081,-0.0387197223566147,-0.0411293130487308,-0.0411293130487308
1.683,0.812122292536818,-0.0386176844737903,-0.040996511843473,-0.040996511843473
1.684,0.809912579249254,-0.0385159029970205,-0.0408641397224849,-0.0408641397224849
1.685,0.807708690279465,-0.0384143773309141,-0.0407321952977735,-0.0407321952977735
1.686,0.80551061098761,-0.0383131068812607,-0.0406006771858465,-0.0406006771858465
1.687,0.803318326767856,-0.0382120910550293,-0.040469584007697,-0.040469584007697
1.688,0.801131823048319,-0.0381113292603669,-0.0403389143887894,-0.0403389143887894
1.689,0.798951085290987,-0.038010820906597,-0.0402086669590447,-0.0402086669590447
1.69,0.796776098991662,-0.037910565404218,-0.040078840352826,-0.040078840352826
1.691,0.794606849679885,-0.0378105621649021,-0.0399494332089237,-0.0399494332089237
1.692,0.792443322918875,-0.0377108106014934,-0.0398204441705419,-0.0398204441705419
1.693,0.790285504305456,-0.0376113101280069,-0.039691871885283,-0.039691871885283
1.694,0.788133379469995,-0.0375120601596268,-0.0395637150051338,-0.0395637150051338
1.695,0.785986934076333,-0.037413060112705,-0.0394359721864515,-0.0394359721864515
1.696,0.783846153821717,-0.0373143094047597,-0.0393086420899493,-0.0393086420899493
1.697,0.781711024436735,-0.0372158074544741,-0.0391817233806817,-0.0391817233806817
1.698,0.77958153168525,-0.0371175536816947,-0.0390552147280312,-0.0390552147280312
1.699,0.77745766136433,-0.0370195475074299,-0.0389291148056935,-0.0389291148056935
1.7,0.775339399304184,-0.0369217883538486,-0.0388034222916639,-0.0388034222916639
1.701,0.773226731368094,-0.0368242756442786,-0.0386781358682231,-0.0386781358682231
1.702,0.771119643452354,-0.0367270088032052,-0.038553254221923,-0.038553254221923
1.703,0.769018121486195,-0.0366299872562699,-0.0384287760435734,-0.0384287760435734
1.704,0.766922151431725,-0.0365332104302684,-0.0383047000282278,-0.0383047000282278
1.705,0.76483171928386,-0.0364366777531496,-0.0381810248751691,-0.0381810248751691
1.706,0.762746811070261,-0.0363403886540141,-0.0380577492878968,-0.0380577492878968
1.707,0.760667412851264,-0.0362443425631125,-0.0379348719741125,-0.0379348719741125
1.708,0.75859351071982,-0.0361485389118437,-0.0378123916457064,-0.0378123916457064
1.709,0.75652509080142,-0.036052977132754,-0.0376903070187438,-0.0376903070187438
1.71,0.75446213925404,-0.0359576566595353,-0.0375686168134517,-0.0375686168134517
1.711,0.752404642268068,-0.0358625769270233,-0.0374473197542045,-0.0374473197542045
1.712,0.750352586066241,-0.0357677373711966,-0.0373264145695114,-0.0373264145695114
1.713,0.748305956903578,-0.0356731374291745,-0.0372058999920022,-0.0372058999920022
1.714,0.746264741067319,-0.0355787765392163,-0.0370857747584143,-0.0370857747584143
1.715,0.744228924876854,-0.0354846541407191,-0.0369660376095792,-0.0369660376095792
1.716,0.742198494683664,-0.0353907696742167,-0.0368466872904093,-0.0368466872904093
1.717,0.740173436871247,-0.0352971225813777,-0.0367277225498844,-0.0367277225498844
1.718,0.738153737855065,-0.0352037123050045,-0.0366091421410385,-0.0366091421410385
1.719,0.736139384082467,-0.0351105382890313,-0.0364909448209468,-0.0364909448209468
1.72,0.734130362032634,-0.0350175999785229,-0.0363731293507124,-0.0363731293507124
1.721,0.732126658216508,-0.0349248968196731,-0.036255694495453,-0.036255694495453
1.722,0.73012825917673,-0.0348324282598031,-0.0361386390242883,-0.0361386390242883
1.723,0.728135151487574,-0.03474019374736,-0.0360219617103265,-0.0360219617103265
1.724,0.726147321754885,-0.0346481927319153,-0.0359056613306517,-0.0359056613306517
1.725,0.724164756616012,-0.0345564246641633,-0.0357897366663105,-0.0357897366663105
1.726,0.722187442739745,-0.0344648889959199,-0.0356741865022997,-0.0356741865022997
1.727,0.72021536682625,-0.0343735851801205,-0.0355590096275528,-0.0355590096275528
1.728,0.718248515607008,-0.0342825126708189,-0.0354442048349277,-0.0354442048349277
1.729,0.716286875844744,-0.0341916709231857,-0.0353297709211939,-0.0353297709211939
1.73,0.714330434333372,-0.0341010593935065,-0.0352157066870193,-0.0352157066870193
1.731,0.712379177897922,-0.0340106775391807,-0.0351020109369579,-0.0351020109369579
1.732,0.710433093394487,-0.0339205248187199,-0.0349886824794373,-0.0349886824794373
1.733,0.708492167710146,-0.033830600691746,-0.0348757201267455,-0.0348757201267455
1.734,0.706556387762913,-0.0337409046189903,-0.034763122695019,-0.034763122695019
1.735,0.704625740501666,-0.0336514360622912,-0.03465088900423,-0.03465088900423
1.736,0.702700212906087,-0.0335621944845933,-0.0345390178781737,-0.0345390178781737
1.737,0.700779791986594,-0.0334731793499454,-0.0344275081444561,-0.0344275081444561
1.738,0.698864464784286,-0.0333843901234994,-0.0343163586344819,-0.0343163586344819
1.739,0.69695421837087,-0.0332958262715082,-0.0342055681834414,-0.0342055681834414
1.74,0.695049039848607,-0.0332074872613246,-0.0340951356302989,-0.0340951356302989
1.741,0.693148916350243,-0.0331193725613995,-0.0339850598177798,-0.0339850598177798
1.742,0.691253835038949,-0.0330314816412805,-0.0338753395923591,-0.0338753395923591
1.743,0.689363783108255,-0.0329438139716101,-0.0337659738042483,-0.0337659738042483
1.744,0.687478747781994,-0.0328563690241245,-0.0336569613073843,-0.0336569613073843
1.745,0.68559871631423,-0.0327691462716517,-0.0335483009594162,-0.0335483009594162
1.746,0.683723675989204,-0.0326821451881102,-0.0334399916216941,-0.0334399916216941
1.747,0.681853614121267,-0.0325953652485071,-0.0333320321592565,-0.0333320321592565
1.748,0.679988518054819,-0.032508805928937,-0.0332244214408185,-0.0332244214408185
1.749,0.678128375164245,-0.03242246670658,-0.0331171583387599,-0.0331171583387599
1.75,0.676273172853855,-0.0323363470597006,-0.0330102417291134,-0.0330102417291134
1.751,0.674422898557824,-0.0322504464676454,-0.0329036704915524,-0.0329036704915524
1.752,0.672577539740123,-0.0321647644108423,-0.0327974435093792,-0.0327974435093792
1.753,0.670737083894463,-0.0320793003707987,-0.0326915596695133,-0.0326915596695133
1.754,0.668901518544233,-0.0319940538300995,-0.03258601786248,-0.03258601786248
1.755,0.667070831242435,-0.0319090242724061,-0.0324808169823979,-0.0324808169823979
1.756,0.665245009571625,-0.0318242111824545,-0.0323759559269679,-0.0323759559269679
1.757,0.663424041143851,-0.031739614046054,-0.0322714335974612,-0.0322714335974612
1.758,0.66160791360059,-0.0316552323500851,-0.0321672488987077,-0.0321672488987077
1.759,0.65979661461269,-0.0315710655824986,-0.0320634007390847,-0.0320634007390847
1.76,0.657990131880304,-0.0314871132323136,-0.031959888030505,-0.031959888030505
1.761,0.656188453132833,-0.0314033747896158,-0.0318567096884056,-0.0318567096884056
1.762,0.654391566128865,-0.0313198497455565,-0.0317538646317363,-0.0317538646317363
1.763,0.652599458656109,-0.0312365375923502,-0.0316513517829483,-0.0316513517829483
1.764,0.650812118531341,-0.0311534378232739,-0.0315491700679823,-0.0315491700679823
1.765,0.649029533600336,-0.0310705499326648,-0.031447318416258,-0.031447318416258
1.766,0.647251691737813,-0.0309878734159191,-0.0313457957606622,-0.0313457957606622
1.767,0.645478580847374,-0.0309054077694903,-0.0312446010375377,-0.0312446010375377
1.768,0.643710188861439,-0.0308231524908877,-0.031143733186672,-0.031143733186672
1.769,0.641946503741189,-0.0307411070786746,-0.0310431911512863,-0.0310431911512863
1.77,0.640187513476507,-0.030659271032467,-0.0309429738780241,-0.0309429738780241
1.771,0.638433206085914,-0.0305776438529318,-0.03084308031694,-0.03084308031694
1.772,0.63668356961651,-0.0304962250417853,-0.0307435094214894,-0.0307435094214894
1.773,0.634938592143917,-0.0304150141017917,-0.030644260148516,-0.030644260148516
1.774,0.633198261772213,-0.0303340105367612,-0.0305453314582422,-0.0305453314582422
1.775,0.63146256663388,-0.0302532138515487,-0.0304467223142575,-0.0304467223142575
1.776,0.629731494889736,-0.0301726235520522,-0.0303484316835073,-0.0303484316835073
1.777,0.628005034728881,-0.0300922391452111,-0.0302504585362826,-0.0302504585362826
1.778,0.626283174368635,-0.0300120601390047,-0.0301528018462085,-0.0301528018462085
1.779,0.624565902054479,-0.0299320860424503,-0.0300554605902341,-0.0300554605902341
1.78,0.622853206059997,-0.0298523163656023,-0.0299584337486209,-0.0299584337486209
1.781,0.621145074686812,-0.0297727506195496,-0.0298617203049327,-0.0298617203049327
1.782,0.619441496264532,-0.0296933883164151,-0.0297653192460244,-0.0297653192460244
1.783,0.617742459150689,-0.0296142289693533,-0.0296692295620316,-0.0296692295620316
1.784,0.616047951730679,-0.0295352720925491,-0.0295734502463596,-0.0295734502463596
1.785,0.614357962417704,-0.0294565172012158,-0.0294779802956735,-0.0294779802956735
1.786,0.612672479652712,-0.0293779638115943,-0.0293828187098866,-0.0293828187098866
1.787,0.61099149190434,-0.0292996114409505,-0.0292879644921507,-0.0292879644921507
1.788,0.609314987668854,-0.0292214596075746,-0.0291934166488451,-0.0291934166488451
1.789,0.607642955470089,-0.0291435078307787,-0.0290991741895663,-0.0290991741895663
1.79,0.605975383859395,-0.029065755630896,-0.0290052361271175,-0.0290052361271175
1.791,0.604312261415574,-0.0289882025292786,-0.0289116014774982,-0.0289116014774982
1.792,0.602653576744825,-0.028910848048296,-0.0288182692598938,-0.0288182692598938
1.793,0.60099931848068,-0.0288336917113339,-0.0287252384966652,-0.0287252384966652
1.794,0.599349475283955,-0.028756733042792,-0.0286325082133385,-0.0286325082133385
1.795,0.597704035842683,-0.028679971568083,-0.028540077438595,-0.028540077438595
1.796,0.596062988872062,-0.0286034068136306,-0.0284479452042605,-0.0284479452042605
1.797,0.594426323114395,-0.0285270383068679,-0.0283561105452953,-0.0283561105452953
1.798,0.592794027339031,-0.0284508655762361,-0.0282645724997842,-0.0282645724997842
1.799,0.591166090342309,-0.0283748881511827,-0.0281733301089258,-0.0281733301089258
1.8,0.5895425009475,-0.0282991055621596,-0.0280823824170231,-0.0280823824170231
1.801,0.587923248004749,-0.0282235173406224,-0.0279917284714729,-0.0279917284714729
1.802,0.58630832039102,-0.0281481230190277,-0.027901367322756,-0.027901367322756
1.803,0.584697707010033,-0.0280729221308322,-0.0278112980244271,-0.0278112980244271
1.804,0.583091396792213,-0.027997914210491,-0.0277215196331047,-0.0277215196331047
1.805,0.58148937869463,-0.0279230987934559,-0.0276320312084614,-0.0276320312084614
1.806,0.579891641700941,-0.0278484754161736,-0.0275428318132138,-0.0275428318132138
1.807,0.578298174821335,-0.0277740436160846,-0.0274539205131126,-0.0274539205131126
1.808,0.576708967092474,-0.0276998029316212,-0.027365296376933,-0.027365296376933
1.809,0.57512400757744,-0.0276257529022059,-0.0272769584764645,-0.0272769584764645
1.81,0.573543285365673,-0.0275518930682501,-0.0271889058865014,-0.0271889058865014
1.811,0.57196678957292,-0.0274782229711524,-0.0271011376848329,-0.0271011376848329
1.812,0.570394509341173,-0.0274047421532965,-0.0270136529522335,-0.0270136529522335
1.813,0.568826433838618,-0.0273314501580504,-0.0269264507724532,-0.0269264507724532
1.814,0.567262552259573,-0.0272583465297643,-0.0268395302322077,-0.0268395302322077
1.815,0.565702853824436,-0.0271854308137691,-0.0267528904211693,-0.0267528904211693
1.816,0.56414732777963,-0.0271127025563749,-0.0266665304319565,-0.0266665304319565
1.817,0.56259596339754,-0.0270401613048691,-0.0265804493601253,-0.0265804493601253
1.818,0.561048749976464,-0.0269678066075151,-0.0264946463041588,-0.0264946463041588
1.819,0.559505676840556,-0.026895638013551,-0.0264091203654586,-0.0264091203654586
1.82,0.557966733339766,-0.0268236550731869,-0.0263238706483344,-0.0263238706483344
1.821,0.556431908849789,-0.0267518573376047,-0.0262388962599955,-0.0262388962599955
1.822,0.554901192772007,-0.0266802443589554,-0.0261541963105404,-0.0261541963105404
1.823,0.553374574533435,-0.026608815690358,-0.0260697699129482,-0.0260697699129482
1.824,0.551852043586663,-0.026537570885898,-0.025985616183069,-0.025985616183069
1.825,0.550333589409804,-0.0264665095006255,-0.0259017342396145,-0.0259017342396145
1.826,0.548819201506436,-0.0263956310905535,-0.0258181232041488,-0.0258181232041488
1.827,0.54730886940555,-0.026324935212657,-0.0257347822010789,-0.0257347822010789
1.828,0.545802582661491,-0.0262544214248706,-0.025651710357646,-0.025651710357646
1.829,0.544300330853904,-0.0261840892860873,-0.0255689068039157,-0.0255689068039157
1.83,0.542802103587684,-0.0261139383561569,-0.0254863706727692,-0.0254863706727692
1.831,0.541307890492913,-0.0260439681958842,-0.0254041010998943,-0.0254041010998943
1.832,0.539817681224813,-0.0259741783670278,-0.0253220972237756,-0.0253220972237756
1.833,0.538331465463687,-0.0259045684322979,-0.0252403581856863,-0.0252403581856863
1.834,0.536849232914865,-0.0258351379553554,-0.0251588831296785,-0.0251588831296785
1.835,0.535370973308652,-0.0257658865008098,-0.0250776712025747,-0.0250776712025747
1.836,0.533896676400268,-0.0256968136342176,-0.024996721553958,-0.024996721553958
1.837,0.532426331969803,-0.0256279189220813,-0.0249160333361643,-0.0249160333361643
1.838,0.530959929822153,-0.0255592019318469,-0.0248356057042721,-0.0248356057042721
1.839,0.529497459786973,-0.0254906622319032,-0.0247554378160947,-0.0247554378160947
1.84,0.52803891171862,-0.0254222993915794,-0.0246755288321707,-0.0246755288321707
1.841,0.5265842754961,-0.0253541129811442,-0.0245958779157553,-0.0245958779157553
1.842,0.525133541023012,-0.0252861025718039,-0.0245164842328116,-0.0245164842328116
1.843,0.523686698227499,-0.0252182677357006,-0.0244373469520014,-0.0244373469520014
1.844,0.522243737062191,-0.0251506080459109,-0.0243584652446772,-0.0243584652446772
1.845,0.52080464750415,-0.0250831230764445,-0.0242798382848727,-0.0242798382848727
1.846,0.519369419554822,-0.025015812402242,-0.0242014652492945,-0.0242014652492945
1.847,0.517938043239978,-0.0249486755991738,-0.0241233453173134,-0.0241233453173134
1.848,0.516510508609663,-0.0248817122440383,-0.0240454776709556,-0.0240454776709556
1.849,0.515086805738146,-0.0248149219145606,-0.0239678614948943,-0.0239678614948943
1.85,0.513666924723862,-0.0247483041893905,-0.023890495976441,-0.023890495976441
1.851,0.512250855689361,-0.0246818586481011,-0.0238133803055369,-0.0238133803055369
1.852,0.510838588781255,-0.0246155848711872,-0.0237365136747444,-0.0237365136747444
1.853,0.509430114170167,-0.024549482440064,-0.0236598952792386,-0.0236598952792386
1.854,0.508025422050676,-0.024483550937065,-0.0235835243167989,-0.0235835243167989
1.855,0.506624502641265,-0.0244177899454407,-0.0235073999878003,-0.0235073999878003
1.856,0.505227346184269,-0.0243521990493569,-0.0234315214952054,-0.0234315214952054
1.857,0.503833942945823,-0.0242867778338936,-0.0233558880445555,-0.0233558880445555
1.858,0.502444283215807,-0.0242215258850425,-0.0232804988439629,-0.0232804988439629
1.859,0.501058357307799,-0.0241564427897064,-0.0232053531041017,-0.0232053531041017
1.86,0.499676155559017,-0.0240915281356967,-0.0231304500382003,-0.0231304500382003
1.861,0.49829766833027,-0.0240267815117327,-0.0230557888620325,-0.0230557888620325
1.862,0.496922886005907,-0.0239622025074393,-0.0229813687939098,-0.0229813687939098
1.863,0.495551798993762,-0.023897790713346,-0.0229071890546725,-0.0229071890546725
1.864,0.494184397725107,-0.0238335457208847,-0.0228332488676822,-0.0228332488676822
1.865,0.492820672654594,-0.0237694671223889,-0.0227595474588131,-0.0227595474588131
1.866,0.491460614260209,-0.0237055545110912,-0.0226860840564442,-0.0226860840564442
1.867,0.490104213043218,-0.0236418074811227,-0.0226128578914509,-0.0226128578914509
1.868,0.488751459528115,-0.0235782256275105,-0.0225398681971971,-0.0225398681971971
1.869,0.487402344262573,-0.0235148085461769,-0.022467114209527,-0.022467114209527
1.87,0.486056857817389,-0.0234515558339374,-0.0223945951667571,-0.0223945951667571
1.871,0.484714990786438,-0.0233884670884992,-0.0223223103096682,-0.0223223103096682
1.872,0.483376733786617,-0.0233255419084596,-0.0222502588814974,-0.0222502588814974
1.873,0.482042077457798,-0.0232627798933047,-0.0221784401279303,-0.0221784401279303
1.874,0.480711012462773,-0.0232001806434072,-0.0221068532970925,-0.0221068532970925
1.875,0.47938352948721,-0.0231377437600258,-0.0220354976395425,-0.0220354976395425
1.876,0.478059619239591,-0.0230754688453026,-0.0219643724082631,-0.0219643724082631
1.877,0.476739272451175,-0.0230133555022623,-0.021893476858654,-0.021893476858654
1.878,0.475422479875937,-0.0229514033348102,-0.0218228102485236,-0.0218228102485236
1.879,0.474109232290522,-0.0228896119477309,-0.0217523718380816,-0.0217523718380816
1.88,0.472799520494195,-0.0228279809466865,-0.0216821608899307,-0.0216821608899307
1.881,0.471493335308789,-0.0227665099382152,-0.0216121766690596,-0.0216121766690596
1.882,0.470190667578655,-0.0227051985297298,-0.0215424184428344,-0.0215424184428344
1.883,0.468891508170615,-0.022644046329516,-0.0214728854809913,-0.0214728854809913
1.884,0.467595847973906,-0.0225830529467307,-0.0214035770556291,-0.0214035770556291
1.885,0.466303677900137,-0.0225222179914009,-0.0213344924412012,-0.0213344924412012
1.886,0.465014988883234,-0.0224615410744215,-0.0212656309145081,-0.0212656309145081
1.887,0.463729771879394,-0.0224010218075545,-0.0211969917546899,-0.0211969917546899
1.888,0.462448017867031,-0.0223406598034267,-0.0211285742432185,-0.0211285742432185
1.889,0.461169717846731,-0.0222804546755288,-0.0210603776638902,-0.0210603776638902
1.89,0.4598948628412,-0.0222204060382134,-0.0209924013028181,-0.0209924013028181
1.891,0.458623443895217,-0.0221605135066935,-0.0209246444484247,-0.0209246444484247
1.892,0.45735545207558,-0.0221007766970411,-0.020857106391434,-0.020857106391434
1.893,0.456090878471062,-0.0220411952261856,-0.0207897864248647,-0.0207897864248647
1.894,0.454829714192359,-0.0219817687119124,-0.0207226838440224,-0.0207226838440224
1.895,0.453571950372042,-0.0219224967728609,-0.0206557979464919,-0.0206557979464919
1.896,0.452317578164508,-0.0218633790285234,-0.0205891280321304,-0.0205891280321304
1.897,0.451066588745933,-0.0218044150992433,-0.0205226734030597,-0.0205226734030597
1.898,0.449818973314216,-0.0217456046062139,-0.020456433363659,-0.020456433363659
1.899,0.448574723088942,-0.0216869471714763,-0.0203904072205577,-0.0203904072205577
1.9,0.447333829311323,-0.0216284424179182,-0.0203245942826279,-0.0203245942826279
1.901,0.446096283244156,-0.0215700899692727,-0.0202589938609772,-0.0202589938609772
1.902,0.44486207617177,-0.0215118894501158,-0.0201936052689414,-0.0201936052689414
1.903,0.443631199399984,-0.0214538404858659,-0.0201284278220777,-0.0201284278220777
1.904,0.442403644256049,-0.0213959427027817,-0.0200634608381567,-0.0200634608381567
1.905,0.441179402088612,-0.0213381957279606,-0.0199987036371559,-0.0199987036371559
1.906,0.439958464267657,-0.0212805991893375,-0.0199341555412525,-0.0199341555412525
1.907,0.438740822184465,-0.0212231527156831,-0.0198698158748156,-0.0198698158748156
1.908,0.437526467251561,-0.0211658559366023,-0.0198056839644001,-0.0198056839644001
1.909,0.436315390902669,-0.0211087084825328,-0.0197417591387387,-0.0197417591387387
1.91,0.435107584592664,-0.0210517099847434,-0.0196780407287356,-0.0196780407287356
1.911,0.433903039797522,-0.0209948600753326,-0.0196145280674588,-0.0196145280674588
1.912,0.432701748014277,-0.0209381583872272,-0.0195512204901336,-0.0195512204901336
1.913,0.43150370076097,-0.0208816045541804,-0.0194881173341353,-0.0194881173341353
1.914,0.430308889576601,-0.0208251982107707,-0.0194252179389824,-0.0194252179389824
1.915,0.429117306021088,-0.0207689389924001,-0.0193625216463295,-0.0193625216463295
1.916,0.427928941675209,-0.0207128265352925,-0.0193000277999604,-0.0193000277999604
1.917,0.426743788140568,-0.0206568604764925,-0.0192377357457815,-0.0192377357457815
1.918,0.425561837039537,-0.0206010404538636,-0.0191756448318145,-0.0191756448318145
1.919,0.424383080015215,-0.020545366106087,-0.0191137544081899,-0.0191137544081899
1.92,0.423207508731378,-0.0204898370726595,-0.0190520638271396,-0.0190520638271396
1.921,0.422035114872437,-0.0204344529938927,-0.0189905724429911,-0.0189905724429911
1.922,0.420865890143385,-0.0203792135109109,-0.0189292796121595,-0.0189292796121595
1.923,0.419699826269757,-0.02032411826565,-0.0188681846931417,-0.0188681846931417
1.924,0.418536914997578,-0.0202691669008557,-0.0188072870465091,-0.0188072870465091
1.925,0.41737714809332,-0.0202143590600821,-0.0187465860349012,-0.0187465860349012
1.926,0.416220517343854,-0.0201596943876901,-0.0186860810230187,-0.0186860810230187
1.927,0.415067014556406,-0.0201051725288463,-0.0186257713776167,-0.0186257713776167
1.928,0.413916631558507,-0.0200507931295208,-0.0185656564674986,-0.0185656564674986
1.929,0.412769360197953,-0.0199965558364863,-0.0185057356635087,-0.0185057356635087
1.93,0.411625192342752,-0.0199424602973162,-0.0184460083385262,-0.0184460083385262
1.931,0.410484119881082,-0.0198885061603834,-0.0183864738674585,-0.0183864738674585
1.932,0.409346134721249,-0.0198346930748587,-0.0183271316272341,-0.0183271316272341
1.933,0.408211228791631,-0.019781020690709,-0.0182679809967967,-0.0182679809967967
1.934,0.407079394040643,-0.0197274886586963,-0.0182090213570986,-0.0182090213570986
1.935,0.405950622436687,-0.0196740966303758,-0.0181502520910937,-0.0181502520910937
1.936,0.404824905968103,-0.0196208442580947,-0.0180916725837315,-0.0180916725837315
1.937,0.403702236643133,-0.0195677311949905,-0.0180332822219505,-0.0180332822219505
1.938,0.402582606489865,-0.0195147570949896,-0.0179750803946717,-0.0179750803946717
1.939,0.401466007556196,-0.0194619216128057,-0.017917066492792,-0.017917066492792
1.94,0.400352431909783,-0.0194092244039385,-0.0178592399091784,-0.0178592399091784
1.941,0.399241871637999,-0.0193566651246721,-0.0178016000386609,-0.0178016000386609
1.942,0.398134318847888,-0.0193042434320734,-0.0177441462780265,-0.0177441462780265
1.943,0.39702976566612,-0.0192519589839909,-0.017686878026013,-0.017686878026013
1.944,0.395928204238948,-0.0191998114390529,-0.0176297946833024,-0.0176297946833024
1.945,0.394829626732158,-0.0191478004566662,-0.0175728956525145,-0.0175728956525145
1.946,0.393734025331034,-0.0190959256970146,-0.0175161803382012,-0.0175161803382012
1.947,0.392641392240302,-0.0190441868210574,-0.0174596481468395,-0.0174596481468395
1.948,0.391551719684097,-0.018992583490528,-0.017403298486826,-0.017403298486826
1.949,0.390464999905907,-0.0189411153679323,-0.01734713076847,-0.01734713076847
1.95,0.389381225168541,-0.0188897821165471,-0.0172911444039876,-0.0172911444039876
1.951,0.388300387754073,-0.0188385834004189,-0.0172353388074959,-0.0172353388074959
1.952,0.38722247996381,-0.0187875188843626,-0.0171797133950061,-0.0171797133950061
1.953,0.386147494118235,-0.0187365882339592,-0.0171242675844179,-0.0171242675844179
1.954,0.385075422556976,-0.0186857911155555,-0.0170690007955132,-0.0170690007955132
1.955,0.384006257638751,-0.0186351271962615,-0.01701391244995,-0.01701391244995
1.956,0.382939991741333,-0.0185845961439497,-0.0169590019712566,-0.0169590019712566
1.957,0.381876617261501,-0.0185341976272534,-0.0169042687848248,-0.0169042687848248
1.958,0.380816126614998,-0.018483931315565,-0.0168497123179049,-0.0168497123179049
1.959,0.379758512236488,-0.0184337968790351,-0.0167953319995987,-0.0167953319995987
1.96,0.378703766579513,-0.0183837939885703,-0.0167411272608541,-0.0167411272608541
1.961,0.377651882116448,-0.0183339223158325,-0.0166870975344592,-0.0166870975344592
1.962,0.37660285133846,-0.018284181533237,-0.0166332422550357,-0.0166332422550357
1.963,0.375556666755462,-0.0182345713139508,-0.0165795608590336,-0.0165795608590336
1.964,0.374513320896073,-0.0181850913318919,-0.0165260527847251,-0.0165260527847251
1.965,0.373472806307573,-0.0181357412617271,-0.0164727174721984,-0.0164727174721984
1.966,0.372435115555862,-0.0180865207788712,-0.0164195543633522,-0.0164195543633522
1.967,0.371400241225413,-0.0180374295594849,-0.0163665629018898,-0.0163665629018898
1.968,0.370368175919236,-0.0179884672804738,-0.016313742533313,-0.016313742533313
1.969,0.369338912258829,-0.0179396336194868,-0.0162610927049164,-0.0162610927049164
1.97,0.36831244288414,-0.0178909282549147,-0.0162086128657816,-0.0162086128657816
1.971,0.367288760453521,-0.0178423508658888,-0.0161563024667718,-0.0161563024667718
1.972,0.366267857643687,-0.0177939011322793,-0.0161041609605251,-0.0161041609605251
1.973,0.365249727149677,-0.0177455787346939,-0.0160521878014497,-0.0160521878014497
1.974,0.364234361684804,-0.0176973833544766,-0.0160003824457177,-0.0160003824457177
1.975,0.363221753980623,-0.0176493146737059,-0.0159487443512595,-0.0159487443512595
1.976,0.362211896786878,-0.0176013723751937,-0.0158972729777579,-0.0158972729777579
1.977,0.36120478287147,-0.0175535561424836,-0.0158459677866427,-0.0158459677866427
1.978,0.360200405020408,-0.0175058656598497,-0.0157948282410851,-0.0157948282410851
1.979,0.359198756037772,-0.0174583006122948,-0.0157438538059916,-0.0157438538059916
1.98,0.358199828745667,-0.0174108606855496,-0.015693043947999,-0.015693043947999
1.981,0.357203615984184,-0.0173635455660705,-0.0156423981354682,-0.0156423981354682
1.982,0.35621011061136,-0.0173163549410388,-0.0155919158384793,-0.0155919158384793
1.983,0.355219305503132,-0.0172692884983592,-0.015541596528825,-0.015541596528825
1.984,0.354231193553299,-0.0172223459266578,-0.0154914396800063,-0.0154914396800063
1.985,0.35324576767348,-0.0171755269152814,-0.0154414447672261,-0.0154414447672261
1.986,0.352263020793073,-0.0171288311542958,-0.0153916112673838,-0.0153916112673838
1.987,0.35128294585921,-0.0170822583344843,-0.0153419386590702,-0.0153419386590702
1.988,0.350305535836725,-0.0170358081473464,-0.0152924264225617,-0.0152924264225617
1.989,0.349330783708102,-0.0169894802850961,-0.0152430740398148,-0.0152430740398148
1.99,0.348358682473443,-0.0169432744406611,-0.015193880994461,-0.015193880994461
1.991,0.347389225150422,-0.0168971903076809,-0.015144846771801,-0.015144846771801
1.992,0.346422404774245,-0.0168512275805053,-0.0150959708587993,-0.0150959708587993
1.993,0.345458214397611,-0.0168053859541935,-0.0150472527440794,-0.0150472527440794
1.994,0.344496647090672,-0.0167596651245123,-0.0149986919179175,-0.0149986919179175
1.995,0.343537695940988,-0.0167140647879347,-0.0149502878722379,-0.0149502878722379
1.996,0.342581354053493,-0.0166685846416388,-0.0149020401006075,-0.0149020401006075
1.997,0.341627614550448,-0.0166232243835059,-0.01485394809823,-0.01485394809823
1.998,0.340676470571407,-0.0165779837121197,-0.0148060113619415,-0.0148060113619415
1.999,0.339727915273171,-0.0165328623267645,-0.0147582293902044,-0.0147582293902044
2,0.338781941829753,-0.0164878599274238,-0.0147106016831023,-0.0147106016831023
2.001,0.337838543432334,-0.0164429762147792,-0.0146631277423352,-0.0146631277423352
2.002,0.336897713289226,-0.0163982108902086,-0.0146158070712138,-0.0146158070712138
2.003,0.335959444625829,-0.0163535636557854,-0.0145686391746544,-0.0145686391746544
2.004,0.335023730684597,-0.0163090342142764,-0.0145216235591738,-0.0145216235591738
2.005,0.334090564724989,-0.0162646222691408,-0.0144747597328841,-0.0144747597328841
2.006,0.333159940023439,-0.016220327524529,-0.0144280472054874,-0.0144280472054874
2.007,0.332231849873311,-0.0161761496852809,-0.0143814854882708,-0.0143814854882708
2.008,0.331306287584859,-0.0161320884569244,-0.0143350740941013,-0.0143350740941013
2.009,0.330383246485191,-0.0160881435456746,-0.0142888125374204,-0.0142888125374204
2.01,0.329462719918228,-0.0160443146584318,-0.0142427003342393,-0.0142427003342393
2.011,0.328544701244665,-0.0160006015027805,-0.0141967370021339,-0.0141967370021339
2.012,0.32762918384193,-0.0159570037869879,-0.0141509220602393,-0.0141509220602393
2.013,0.326716161104147,-0.0159135212200024,-0.0141052550292451,-0.0141052550292451
2.014,0.325805626442099,-0.0158701535114526,-0.0140597354313903,-0.0140597354313903
2.015,0.324897573283184,-0.0158269003716456,-0.0140143627904584,-0.0140143627904584
2.016,0.323991995071379,-0.0157837615115658,-0.0139691366317719,-0.0139691366317719
2.017,0.323088885267202,-0.0157407366428732,-0.0139240564821881,-0.0139240564821881
2.018,0.32218823734767,-0.0156978254779027,-0.0138791218700934,-0.0138791218700934
2.019,0.321290044806268,-0.0156550277296621,-0.0138343323253988,-0.0138343323253988
2.02,0.320394301152899,-0.015612343111831,-0.0137896873795349,-0.0137896873795349
2.021,0.319500999913856,-0.0155697713387596,-0.0137451865654467,-0.0137451865654467
2.022,0.318610134631777,-0.0155273121254669,-0.0137008294175891,-0.0137008294175891
2.023,0.31772169886561,-0.0154849651876399,-0.0136566154719218,-0.0136566154719218
2.024,0.316835686190573,-0.0154427302416318,-0.0136125442659044,-0.0136125442659044
2.025,0.315952090198119,-0.0154006070044609,-0.0135686153384915,-0.0135686153384915
2.026,0.315070904495893,-0.0153585951938091,-0.0135248282301282,-0.0135248282301282
2.027,0.314192122707699,-0.0153166945280207,-0.0134811824827449,-0.0134811824827449
2.028,0.313315738473456,-0.0152749047261009,-0.0134376776397525,-0.0134376776397525
2.029,0.312441745449169,-0.0152332255077146,-0.013394313246038,-0.013394313246038
2.03,0.311570137306882,-0.015191656593185,-0.0133510888479592,-0.0133510888479592
2.031,0.310700907734646,-0.0151501977034921,-0.0133080039933403,-0.0133080039933403
2.032,0.309834050436481,-0.0151088485602718,-0.0132650582314672,-0.0132650582314672
2.033,0.308969559132335,-0.0150676088858141,-0.0132222511130824,-0.0132222511130824
2.034,0.308107427558051,-0.0150264784030618,-0.0131795821903806,-0.0131795821903806
2.035,0.307247649465327,-0.0149854568356097,-0.0131370510170039,-0.0131370510170039
2.036,0.306390218621677,-0.0149445439077026,-0.0130946571480371,-0.0130946571480371
2.037,0.3055351288104,-0.0149037393442344,-0.013052400140003,-0.013052400140003
2.038,0.304682373830535,-0.0148630428707463,-0.013010279550858,-0.013010279550858
2.039,0.303831947496832,-0.0148224542134264,-0.0129682949399871,-0.0129682949399871
2.04,0.302983843639705,-0.0147819730991072,-0.0129264458681994,-0.0129264458681994
2.041,0.302138056105207,-0.0147415992552653,-0.0128847318977236,-0.0128847318977236
2.042,0.301294578754983,-0.0147013324100192,-0.0128431525922032,-0.0128431525922032
2.043,0.300453405466239,-0.0146611722921289,-0.0128017075166924,-0.0128017075166924
2.044,0.299614530131703,-0.0146211186309938,-0.0127603962376509,-0.0127603962376509
2.045,0.298777946659589,-0.0145811711566518,-0.0127192183229396,-0.0127192183229396
2.046,0.29794364897356,-0.0145413295997778,-0.0126781733418162,-0.0126781733418162
2.047,0.297111631012694,-0.0145015936916825,-0.0126372608649307,-0.0126372608649307
2.048,0.296281886731443,-0.0144619631643112,-0.0125964804643205,-0.0125964804643205
2.049,0.295454410099601,-0.0144224377502423,-0.0125558317134065,-0.0125558317134065
2.05,0.294629195102265,-0.0143830171826858,-0.0125153141869882,-0.0125153141869882
2.051,0.293806235739799,-0.0143437011954825,-0.0124749274612392,-0.0124749274612392
2.052,0.292985526027802,-0.0143044895231025,-0.0124346711137031,-0.0124346711137031
2.053,0.292167059997067,-0.0142653819006437,-0.0123945447232887,-0.0123945447232887
2.054,0.291350831693545,-0.0142263780638307,-0.012354547870266,-0.012354547870266
2.055,0.290536835178312,-0.0141874777490135,-0.0123146801362613,-0.0123146801362613
2.056,0.289725064527535,-0.014148680693166,-0.0122749411042532,-0.0122749411042532
2.057,0.28891551383243,-0.0141099866338852,-0.012235330358568,-0.012235330358568
2.058,0.28810817719923,-0.0140713953093891,-0.0121958474848755,-0.0121958474848755
2.059,0.287303048749152,-0.0140329064585164,-0.0121564920701846,-0.0121564920701846
2.06,0.286500122618355,-0.0139945198207245,-0.0121172637028387,-0.0121172637028387
2.061,0.285699392957911,-0.0139562351360882,-0.0120781619725121,-0.0120781619725121
2.062,0.284900853933766,-0.013918052145299,-0.0120391864702048,-0.0120391864702048
2.063,0.284104499726705,-0.0138799705896632,-0.0120003367882386,-0.0120003367882386
2.064,0.283310324532319,-0.0138419902111011,-0.0119616125202533,-0.0119616125202533
2.065,0.282518322560968,-0.0138041107521453,-0.0119230132612016,-0.0119230132612016
2.066,0.281728488037744,-0.0137663319559399,-0.0118845386073452,-0.0118845386073452
2.067,0.280940815202442,-0.0137286535662385,-0.0118461881562509,-0.0118461881562509
2.068,0.280155298309518,-0.0136910753274039,-0.0118079615067859,-0.0118079615067859
2.069,0.27937193162806,-0.013653596984406,-0.0117698582591139,-0.0117698582591139
2.07,0.27859070944175,-0.013616218282821,-0.0117318780146905,-0.0117318780146905
2.071,0.277811626048828,-0.0135789389688298,-0.0116940203762596,-0.0116940203762596
2.072,0.277034675762063,-0.0135417587892172,-0.0116562849478487,-0.0116562849478487
2.073,0.276259852908713,-0.0135046774913702,-0.0116186713347652,-0.0116186713347652
2.074,0.275487151830493,-0.0134676948232767,-0.011581179143592,-0.011581179143592
2.075,0.274716566883538,-0.0134308105335249,-0.0115438079821832,-0.0115438079821832
2.076,0.273948092438373,-0.0133940243713012,-0.0115065574596603,-0.0115065574596603
2.077,0.273181722879877,-0.0133573360863894,-0.0114694271864083,-0.0114694271864083
2.078,0.272417452607246,-0.0133207454291696,-0.0114324167740707,-0.0114324167740707
2.079,0.271655276033962,-0.0132842521506166,-0.0113955258355467,-0.0113955258355467
2.08,0.27089518758776,-0.0132478560022986,-0.0113587539849859,-0.0113587539849859
2.081,0.270137181710588,-0.0132115567363763,-0.0113221008377853,-0.0113221008377853
2.082,0.26938125285858,-0.0131753541056016,-0.0112855660105845,-0.0112855660105845
2.083,0.268627395502021,-0.013139247863316,-0.011249149121262,-0.011249149121262
2.084,0.267875604125307,-0.0131032377634499,-0.0112128497889313,-0.0112128497889313
2.085,0.26712587322692,-0.0130673235605207,-0.0111766676339366,-0.0111766676339366
2.086,0.266378197319389,-0.0130315050096323,-0.0111406022778492,-0.0111406022778492
2.087,0.265632570929256,-0.0129957818664732,-0.0111046533434632,-0.0111046533434632
2.088,0.264888988597047,-0.0129601538873157,-0.0110688204547916,-0.0110688204547916
2.089,0.264147444877235,-0.0129246208290146,-0.0110331032370625,-0.0110331032370625
2.09,0.263407934338206,-0.0128891824490056,-0.0109975013167152,-0.0109975013167152
2.091,0.26267045156223,-0.0128538385053048,-0.0109620143213958,-0.0109620143213958
2.092,0.261934991145423,-0.0128185887565068,-0.0109266418799542,-0.0109266418799542
2.093,0.261201547697716,-0.0127834329617837,-0.0108913836224392,-0.0108913836224392
2.094,0.260470115842824,-0.0127483708808839,-0.0108562391800954,-0.0108562391800954
2.095,0.259740690218207,-0.012713402274131,-0.0108212081853588,-0.0108212081853588
2.096,0.259013265475046,-0.0126785269024223,-0.0107862902718534,-0.0107862902718534
2.097,0.258287836278201,-0.012643744527228,-0.010751485074387,-0.010751485074387
2.098,0.257564397306185,-0.0126090549105894,-0.0107167922289474,-0.0107167922289474
2.099,0.256842943251126,-0.0125744578151183,-0.0106822113726989,-0.0106822113726989
2.1,0.256123468818741,-0.0125399530039953,-0.0106477421439781,-0.0106477421439781
2.101,0.255405968728295,-0.012505540240969,-0.0106133841822905,-0.0106133841822905
2.102,0.254690437712576,-0.0124712192903544,-0.0105791371283063,-0.0105791371283063
2.103,0.253976870517859,-0.0124369899170319,-0.0105450006238568,-0.0105450006238568
2.104,0.253265261903873,-0.0124028518864464,-0.010510974311931,-0.010510974311931
2.105,0.252555606643772,-0.0123688049646053,-0.0104770578366711,-0.0104770578366711
2.106,0.251847899524098,-0.0123348489180781,-0.0104432508433695,-0.0104432508433695
2.107,0.251142135344754,-0.0123009835139949,-0.0104095529784647,-0.0104095529784647
2.108,0.250438308918968,-0.0122672085200449,-0.0103759638895377,-0.0103759638895377
2.109,0.249736415073263,-0.0122335237044759,-0.0103424832253084,-0.0103424832253084
2.11,0.249036448647424,-0.0121999288360924,-0.0103091106356314,-0.0103091106356314
2.111,0.248338404494467,-0.0121664236842547,-0.0102758457714932,-0.0102758457714932
2.112,0.247642277480607,-0.0121330080188781,-0.0102426882850078,-0.0102426882850078
2.113,0.246948062485225,-0.0120996816104309,-0.0102096378294134,-0.0102096378294134
2.114,0.246255754400839,-0.012066444229934,-0.0101766940590687,-0.0101766940590687
2.115,0.245565348133069,-0.012033295648959,-0.0101438566294492,-0.0101438566294492
2.116,0.244876838600608,-0.0120002356396278,-0.0101111251971437,-0.0101111251971437
2.117,0.244190220735191,-0.0119672639746107,-0.0100784994198505,-0.0100784994198505
2.118,0.24350548948156,-0.0119343804271258,-0.0100459789563742,-0.0100459789563742
2.119,0.242822639797435,-0.0119015847709374,-0.0100135634666218,-0.0100135634666218
2.12,0.242141666653486,-0.011868876780355,-0.00998125261159903,-0.00998125261159903
2.121,0.241462565033295,-0.0118362562302322,-0.00994904605340723,-0.00994904605340723
2.122,0.240785329933331,-0.0118037228959654,-0.00991694345523943,-0.00991694345523943
2.123,0.240109956362913,-0.0117712765534927,-0.00988494448137694,-0.00988494448137694
2.124,0.239436439344186,-0.0117389169792926,-0.00985304879718592,-0.00985304879718592
2.125,0.238764773912084,-0.0117066439503833,-0.00982125606911369,-0.00982125606911369
2.126,0.238094955114303,-0.0116744572443208,-0.00978956596468539,-0.00978956596468539
2.127,0.237426978011266,-0.0116423566391984,-0.00975797815250042,-0.00975797815250042
2.128,0.2367608376761,-0.0116103419136452,-0.00972649230222895,-0.00972649230222895
2.129,0.236096529194594,-0.0115784128468249,-0.00969510808460859,-0.00969510808460859
2.13,0.23543404766518,-0.0115465692184351,-0.0096638251714407,-0.0096638251714407
2.131,0.234773388198894,-0.0115148108087054,-0.00963264323558714,-0.00963264323558714
2.132,0.23411454591935,-0.011483137398397,-0.00960156195096683,-0.00960156195096683
2.133,0.233457515962708,-0.0114515487688012,-0.00957058099255223,-0.00957058099255223
2.134,0.232802293477644,-0.0114200447017379,-0.00953970003636602,-0.00953970003636602
2.135,0.232148873625319,-0.0113886249795554,-0.00950891875947762,-0.00950891875947762
2.136,0.23149725157935,-0.0113572893851282,-0.00947823683999993,-0.00947823683999993
2.137,0.230847422525781,-0.0113260377018567,-0.00944765395708587,-0.00944765395708587
2.138,0.230199381663047,-0.0112948697136654,-0.00941716979092498,-0.00941716979092498
2.139,0.229553124201953,-0.0112637852050024,-0.00938678402274015,-0.00938678402274015
2.14,0.228908645365636,-0.0112327839608377,-0.00935649633478426,-0.00935649633478426
2.141,0.228265940389539,-0.0112018657666624,-0.00932630641033678,-0.00932630641033678
2.142,0.227625004521381,-0.0111710304084874,-0.00929621393370057,-0.00929621393370057
2.143,0.226985833021127,-0.0111402776728425,-0.00926621859019845,-0.00926621859019845
2.144,0.226348421160959,-0.0111096073467749,-0.00923632006617003,-0.00923632006617003
2.145,0.225712764225242,-0.0110790192178486,-0.00920651804896827,-0.00920651804896827
2.146,0.225078857510503,-0.0110485130741426,-0.00917681222695629,-0.00917681222695629
2.147,0.224446696325391,-0.0110180887042504,-0.00914720228950412,-0.00914720228950412
2.148,0.223816275990657,-0.0109877458972787,-0.00911768792698545,-0.00911768792698545
2.149,0.22318759183912,-0.0109574844428459,-0.00908826883077427,-0.00908826883077427
2.15,0.222560639215636,-0.0109273041310816,-0.00905894469324178,-0.00905894469324178
2.151,0.221935413477074,-0.010897204752625,-0.0090297152077531,-0.0090297152077531
2.152,0.221311909992282,-0.0108671860986241,-0.00900058006866401,-0.00900058006866401
2.153,0.220690124142061,-0.0108372479607344,-0.00897153897131786,-0.00897153897131786
2.154,0.220070051319133,-0.0108073901311177,-0.00894259161204226,-0.00894259161204226
2.155,0.219451686928117,-0.0107776124024414,-0.00891373768814598,-0.00891373768814598
2.156,0.218835026385493,-0.0107479145678771,-0.00888497689791573,-0.00888497689791573
2.157,0.218220065119579,-0.0107182964210994,-0.00885630894061303,-0.00885630894061303
2.158,0.217606798570501,-0.010688757756285,-0.008827733516471,-0.008827733516471
2.159,0.216995222190161,-0.0106592983681116,-0.00879925032669132,-0.00879925032669132
2.16,0.216385331442214,-0.0106299180517567,-0.008770859073441,-0.008770859073441
2.161,0.215777121802032,-0.0106006166028965,-0.00874255945984932,-0.00874255945984932
2.162,0.215170588756684,-0.0105713938177049,-0.00871435119000466,-0.00871435119000466
2.163,0.2145657278049,-0.0105422494928524,-0.00868623396895146,-0.00868623396895146
2.164,0.213962534457047,-0.010513183425505,-0.0086582075026871,-0.0086582075026871
2.165,0.2133610042351,-0.0104841954133229,-0.00863027149815881,-0.00863027149815881
2.166,0.212761132672611,-0.0104552852544599,-0.00860242566326062,-0.00860242566326062
2.167,0.212162915314685,-0.0104264527475616,-0.00857466970683027,-0.00857466970683027
2.168,0.211566347717948,-0.0103976976917652,-0.00854700333864619,-0.00854700333864619
2.169,0.210971425450523,-0.0103690198866977,-0.00851942626942445,-0.00851942626942445
2.17,0.210378144091996,-0.010340419132475,-0.00849193821081574,-0.00849193821081574
2.171,0.209786499233394,-0.0103118952297011,-0.00846453887540227,-0.00846453887540227
2.172,0.209196486477154,-0.0102834479794668,-0.00843722797669486,-0.00843722797669486
2.173,0.208608101437096,-0.0102550771833485,-0.00841000522912991,-0.00841000522912991
2.174,0.208021339738395,-0.0102267826434075,-0.0083828703480664,-0.0083828703480664
2.175,0.207436197017552,-0.0101985641621884,-0.00835582304978279,-0.00835582304978279
2.176,0.206852668922369,-0.0101704215427188,-0.00832886305147432,-0.00832886305147432
2.177,0.206270751111919,-0.0101423545885074,-0.00830199007124978,-0.00830199007124978
2.178,0.20569043925652,-0.0101143631035434,-0.0082752038281287,-0.0082752038281287
2.179,0.205111729037705,-0.0100864468922955,-0.00824850404203831,-0.00824850404203831
2.18,0.2045346161482,-0.0100586057597106,-0.00822189043381075,-0.00822189043381075
2.181,0.20395909629189,-0.0100308395112128,-0.00819536272517998,-0.00819536272517998
2.182,0.203385165183796,-0.0100031479527026,-0.00816892063877898,-0.00816892063877898
2.183,0.202812818550045,-0.00997553089055525,-0.00814256389813675,-0.00814256389813675
2.184,0.202242052127846,-0.00994798813162043,-0.0081162922276755,-0.0081162922276755
2.185,0.201672861665462,-0.00992051948322073,-0.00809010535270779,-0.00809010535270779
2.186,0.201105242922179,-0.0098931247531507,-0.00806400299943345,-0.00806400299943345
2.187,0.200539191668284,-0.00986580374967583,-0.00803798489493695,-0.00803798489493695
2.188,0.199974703685036,-0.00983855628153153,-0.00801205076718441,-0.00801205076718441
2.189,0.199411774764639,-0.00981138215792206,-0.00798620034502077,-0.00798620034502077
2.19,0.198850400710216,-0.00978428118851946,-0.00796043335816698,-0.00796043335816698
2.191,0.198290577335781,-0.00975725318346256,-0.00793474953721714,-0.00793474953721714
2.192,0.197732300466211,-0.0097302979533559,-0.00790914861363563,-0.00790914861363563
2.193,0.197175565937226,-0.00970341530926875,-0.00788363031975442,-0.00788363031975442
2.194,0.196620369595353,-0.00967660506273403,-0.00785819438877017,-0.00785819438877017
2.195,0.196066707297906,-0.00964986702574729,-0.00783284055474144,-0.00783284055474144
2.196,0.195514574912958,-0.00962320101076566,-0.00780756855258594,-0.00780756855258594
2.197,0.194963968319314,-0.00959660683070689,-0.00778237811807771,-0.00778237811807771
2.198,0.194414883406485,-0.00957008429894825,-0.0077572689878444,-0.0077572689878444
2.199,0.19386731607466,-0.00954363322932554,-0.00773224089936451,-0.00773224089936451
2.2,0.193321262234683,-0.00951725343613205,-0.00770729359096453,-0.00770729359096453
2.201,0.192776717808025,-0.00949094473411759,-0.00768242680181636,-0.00768242680181636
2.202,0.192233678726757,-0.00946470693848738,-0.00765764027193448,-0.00765764027193448
2.203,0.191692140933527,-0.00943853986490114,-0.00763293374217322,-0.00763293374217322
2.204,0.191152100381528,-0.00941244332947196,-0.00760830695422408,-0.00760830695422408
2.205,0.190613553034481,-0.00938641714876543,-0.00758375965061306,-0.00758375965061306
2.206,0.1900764948666,-0.00936046113979846,-0.00755929157469785,-0.00755929157469785
2.207,0.189540921862572,-0.00933457512003842,-0.00753490247066527,-0.00753490247066527
2.208,0.18900683001753,-0.00930875890740203,-0.00751059208352847,-0.00751059208352847
2.209,0.188474215337026,-0.00928301232025444,-0.00748636015912434,-0.00748636015912434
2.21,0.187943073837005,-0.00925733517740813,-0.00746220644411084,-0.00746220644411084
2.211,0.187413401543782,-0.00923172729812198,-0.00743813068596431,-0.00743813068596431
2.212,0.186885194494016,-0.00920618850210025,-0.0074141326329768,-0.0074141326329768
2.213,0.18635844873468,-0.0091807186094916,-0.00739021203425357,-0.00739021203425357
2.214,0.185833160323042,-0.00915531744088803,-0.0073663686397103,-0.0073663686397103
2.215,0.185309325326635,-0.00912998481732395,-0.00734260220007059,-0.00734260220007059
2.216,0.184786939823235,-0.00910472056027515,-0.00731891246686318,-0.00731891246686318
2.217,0.184265999900833,-0.00907952449165786,-0.0072952991924196,-0.0072952991924196
2.218,0.18374650165761,-0.0090543964338277,-0.00727176212987136,-0.00727176212987136
2.219,0.183228441201914,-0.0090293362095787,-0.00724830103314748,-0.00724830103314748
2.22,0.182711814652233,-0.00900434364214235,-0.00722491565697182,-0.00722491565697182
2.221,0.182196618137171,-0.00897941855518662,-0.0072016057568606,-0.0072016057568606
2.222,0.181682847795423,-0.00895456077281491,-0.0071783710891198,-0.0071783710891198
2.223,0.181170499775748,-0.00892977011956515,-0.00715521141084263,-0.00715521141084263
2.224,0.180659570236948,-0.00890504642040875,-0.00713212647990689,-0.00713212647990689
2.225,0.180150055347839,-0.0088803895007497,-0.00710911605497261,-0.00710911605497261
2.226,0.17964195128723,-0.00885579918642353,-0.00708617989547933,-0.00708617989547933
2.227,0.179135254243894,-0.00883127530369637,-0.00706331776164374,-0.00706331776164374
2.228,0.17862996041655,-0.00880681767926395,-0.00704052941445702,-0.00704052941445702
2.229,0.17812606601383,-0.0087824261402507,-0.00701781461568248,-0.00701781461568248
2.23,0.177623567254261,-0.00875810051420868,-0.006995173127853,-0.006995173127853
2.231,0.177122460366239,-0.0087338406291167,-0.00697260471426848,-0.00697260471426848
2.232,0.176622741588002,-0.00870964631337929,-0.00695010913899347,-0.00695010913899347
2.233,0.176124407167609,-0.00868551739582582,-0.00692768616685462,-0.00692768616685462
2.234,0.175627453362914,-0.00866145370570946,-0.00690533556343827,-0.00690533556343827
2.235,0.17513187644154,-0.00863745507270625,-0.00688305709508798,-0.00688305709508798
2.236,0.17463767268086,-0.00861352132691414,-0.006860850528902,-0.006860850528902
2.237,0.174144838367966,-0.00858965229885207,-0.00683871563273099,-0.00683871563273099
2.238,0.173653369799653,-0.00856584781945895,-0.00681665217517546,-0.00681665217517546
2.239,0.173163263282386,-0.00854210772009278,-0.0067946599255834,-0.0067946599255834
2.24,0.172674515132283,-0.00851843183252962,-0.00677273865404782,-0.00677273865404782
2.241,0.172187121675088,-0.00849481998896273,-0.00675088813140442,-0.00675088813140442
2.242,0.171701079246148,-0.00847127202200158,-0.00672910812922907,-0.00672910812922907
2.243,0.171216384190388,-0.00844778776467087,-0.00670739841983557,-0.00670739841983557
2.244,0.170733032862289,-0.00842436705040964,-0.00668575877627315,-0.00668575877627315
2.245,0.170251021625863,-0.00840100971307034,-0.0066641889723241,-0.0066641889723241
2.246,0.16977034685463,-0.00837771558691783,-0.00664268878250147,-0.00664268878250147
2.247,0.169291004931593,-0.00835448450662849,-0.00662125798204664,-0.00662125798204664
2.248,0.168812992249218,-0.00833131630728927,-0.006599896346927,-0.006599896346927
2.249,0.168336305209405,-0.00830821082439677,-0.00657860365383359,-0.00657860365383359
2.25,0.167860940223471,-0.00828516789385627,-0.00655737968017876,-0.00655737968017876
2.251,0.167386893712119,-0.00826218735198085,-0.00653622420409385,-0.00653622420409385
2.252,0.166914162105424,-0.0082392690354904,-0.00651513700442686,-0.00651513700442686
2.253,0.1664427418428,-0.00821641278151079,-0.00649411786074014,-0.00649411786074014
2.254,0.165972629372984,-0.00819361842757284,-0.00647316655330804,-0.00647316655330804
2.255,0.16550382115401,-0.00817088581161144,-0.00645228286311472,-0.00645228286311472
2.256,0.165036313653186,-0.00814821477196463,-0.00643146657185168,-0.00643146657185168
2.257,0.16457010334707,-0.00812560514737273,-0.00641071746191567,-0.00641071746191567
2.258,0.164105186721449,-0.00810305677697732,-0.0063900353164062,-0.0063900353164062
2.259,0.163641560271314,-0.00808056950032039,-0.00636941991912349,-0.00636941991912349
2.26,0.16317922050084,-0.0080581431573434,-0.00634887105456604,-0.00634887105456604
2.261,0.16271816392336,-0.00803577758838643,-0.00632838850792845,-0.00632838850792845
2.262,0.162258387061343,-0.00801347263418715,-0.00630797206509914,-0.00630797206509914
2.263,0.161799886446373,-0.00799122813588004,-0.0062876215126581,-0.0062876215126581
2.264,0.161342658619123,-0.00796904393499536,-0.00626733663787469,-0.00626733663787469
2.265,0.160886700129337,-0.00794691987345837,-0.00624711722870543,-0.00624711722870543
2.266,0.160432007535802,-0.00792485579358833,-0.00622696307379168,-0.00622696307379168
2.267,0.159978577406331,-0.00790285153809762,-0.00620687396245752,-0.00620687396245752
2.268,0.159526406317734,-0.00788090695009087,-0.00618684968470751,-0.00618684968470751
2.269,0.159075490855804,-0.00785902187306403,-0.00616689003122451,-0.00616689003122451
2.27,0.158625827615285,-0.00783719615090349,-0.00614699479336742,-0.00614699479336742
2.271,0.158177413199858,-0.00781542962788518,-0.00612716376316911,-0.00612716376316911
2.272,0.157730244222113,-0.00779372214867366,-0.00610739673333414,-0.00610739673333414
2.273,0.15728431730353,-0.00777207355832126,-0.00608769349723664,-0.00608769349723664
2.274,0.156839629074456,-0.00775048370226717,-0.00606805384891813,-0.00606805384891813
2.275,0.156396176174083,-0.00772895242633654,-0.00604847758308537,-0.00604847758308537
2.276,0.155953955250423,-0.00770747957673962,-0.00602896449510817,-0.00602896449510817
2.277,0.155512962960291,-0.00768606500007087,-0.00600951438101735,-0.00600951438101735
2.278,0.15507319596928,-0.00766470854330806,-0.00599012703750249,-0.00599012703750249
2.279,0.154634650951739,-0.0076434100538114,-0.00597080226190985,-0.00597080226190985
2.28,0.154197324590752,-0.00762216937932264,-0.00595153985224026,-0.00595153985224026
2.281,0.153761213578116,-0.00760098636796425,-0.005932339607147,-0.005932339607147
2.282,0.15332631461432,-0.00757986086823848,-0.00591320132593363,-0.00591320132593363
2.283,0.152892624408519,-0.0075587927290265,-0.005894124808552,-0.005894124808552
2.284,0.152460139678519,-0.00753778179958755,-0.00587510985560005,-0.00587510985560005
2.285,0.152028857150751,-0.00751682792955805,-0.00585615626831981,-0.00585615626831981
2.286,0.151598773560249,-0.00749593096895075,-0.00583726384859522,-0.00583726384859522
2.287,0.151169885650634,-0.00747509076815382,-0.00581843239895016,-0.00581843239895016
2.288,0.150742190174082,-0.00745430717793001,-0.00579966172254631,-0.00579966172254631
2.289,0.150315683891316,-0.00743358004941584,-0.0057809516231811,-0.0057809516231811
2.29,0.149890363571571,-0.00741290923412063,-0.00576230190528568,-0.00576230190528568
2.291,0.149466225992584,-0.0073922945839257,-0.00574371237392286,-0.00574371237392286
2.292,0.149043267940566,-0.00737173595108351,-0.00572518283478506,-0.00572518283478506
2.293,0.148621486210182,-0.00735123318821682,-0.00570671309419228,-0.00570671309419228
2.294,0.148200877604533,-0.00733078614831777,-0.00568830295909008,-0.00568830295909008
2.295,0.14778143893513,-0.00731039468474708,-0.00566995223704754,-0.00566995223704754
2.296,0.147363167021875,-0.00729005865123319,-0.00565166073625527,-0.00565166073625527
2.297,0.146946058693043,-0.0072697779018714,-0.0056334282655234,-0.0056334282655234
2.298,0.146530110785256,-0.00724955229112302,-0.00561525463427952,-0.00561525463427952
2.299,0.146115320143465,-0.00722938167381452,-0.00559713965256678,-0.00559713965256678
2.3,0.145701683620927,-0.00720926590513668,-0.00557908313104182,-0.00557908313104182
2.301,0.145289198079188,-0.00718920484064379,-0.00556108488097283,-0.00556108488097283
2.302,0.144877860388058,-0.00716919833625273,-0.00554314471423757,-0.00554314471423757
2.303,0.144467667425593,-0.0071492462482422,-0.00552526244332139,-0.00552526244332139
2.304,0.144058616078072,-0.00712934843325183,-0.00550743788131523,-0.00550743788131523
2.305,0.143650703239979,-0.00710950474828138,-0.00548967084191378,-0.00548967084191378
2.306,0.143243925813979,-0.00708971505068988,-0.00547196113941337,-0.00547196113941337
2.307,0.142838280710903,-0.00706997919819481,-0.00545430858871017,-0.00545430858871017
2.308,0.142433764849721,-0.00705029704887125,-0.00543671300529813,-0.00543671300529813
2.309,0.142030375157524,-0.00703066846115106,-0.00541917420526714,-0.00541917420526714
2.31,0.141628108569507,-0.00701109329382207,-0.00540169200530108,-0.00540169200530108
2.311,0.141226962028944,-0.00699157140602721,-0.00538426622267589,-0.00538426622267589
2.312,0.140826932487167,-0.00697210265726372,-0.0053668966752576,-0.0053668966752576
2.313,0.140428016903553,-0.0069526869073823,-0.00534958318150056,-0.00534958318150056
2.314,0.140030212245496,-0.00693332401658632,-0.00533232556044542,-0.00533232556044542
2.315,0.139633515488388,-0.00691401384543096,-0.00531512363171726,-0.00531512363171726
2.316,0.139237923615605,-0.00689475625482242,-0.00529797721552374,-0.00529797721552374
2.317,0.138843433618478,-0.00687555110601706,-0.00528088613265318,-0.00528088613265318
2.318,0.138450042496281,-0.00685639826062068,-0.00526385020447273,-0.00526385020447273
2.319,0.138057747256205,-0.00683729758058759,-0.00524686925292643,-0.00524686925292643
2.32,0.13766654491334,-0.00681824892821984,-0.00522994310053339,-0.00522994310053339
2.321,0.137276432490659,-0.00679925216616645,-0.00521307157038591,-0.00521307157038591
2.322,0.136887407018992,-0.00678030715742255,-0.00519625448614768,-0.00519625448614768
2.323,0.136499465537009,-0.00676141376532859,-0.00517949167205187,-0.00517949167205187
2.324,0.1361126050912,-0.00674257185356953,-0.00516278295289931,-0.00516278295289931
2.325,0.135726822735857,-0.00672378128617403,-0.00514612815405666,-0.00514612815405666
2.326,0.135342115533052,-0.00670504192751368,-0.00512952710145462,-0.00512952710145462
2.327,0.134958480552617,-0.00668635364230215,-0.00511297962158602,-0.00511297962158602
2.328,0.134575914872127,-0.00666771629559442,-0.00509648554150408,-0.00509648554150408
2.329,0.134194415576878,-0.00664912975278595,-0.00508004468882054,-0.00508004468882054
2.33,0.133813979759869,-0.00663059387961196,-0.00506365689170395,-0.00506365689170395
2.331,0.133434604521783,-0.00661210854214654,-0.00504732197887776,-0.00504732197887776
2.332,0.133056286970965,-0.00659367360680191,-0.00503103977961857,-0.00503103977961857
2.333,0.132679024223405,-0.00657528894032761,-0.00501481012375438,-0.00501481012375438
2.334,0.132302813402719,-0.00655695440980973,-0.00499863284166276,-0.00499863284166276
2.335,0.131927651640128,-0.00653866988267011,-0.00498250776426906,-0.00498250776426906
2.336,0.131553536074438,-0.00652043522666553,-0.00496643472304473,-0.00496643472304473
2.337,0.131180463852026,-0.00650225030988696,-0.00495041355000544,-0.00495041355000544
2.338,0.130808432126814,-0.00648411500075877,-0.0049344440777094,-0.0049344440777094
2.339,0.130437438060254,-0.00646602916803792,-0.00491852613925561,-0.00491852613925561
2.34,0.13006747882131,-0.0064479926808132,-0.00490265956828204,-0.00490265956828204
2.341,0.129698551586435,-0.00643000540850447,-0.00488684419896394,-0.00488684419896394
2.342,0.129330653539555,-0.00641206722086184,-0.00487107986601214,-0.00487107986601214
2.343,0.128963781872049,-0.00639417798796492,-0.00485536640467123,-0.00485536640467123
2.344,0.128597933782732,-0.00637633758022206,-0.0048397036507179,-0.0048397036507179
2.345,0.128233106477831,-0.00635854586836952,-0.00482409144045919,-0.00482409144045919
2.346,0.127869297170975,-0.00634080272347078,-0.00480852961073085,-0.00480852961073085
2.347,0.127506503083168,-0.00632310801691569,-0.00479301799889549,-0.00479301799889549
2.348,0.127144721442772,-0.00630546162041978,-0.004777556442841,-0.004777556442841
2.349,0.126783949485494,-0.0062878634060234,-0.00476214478097883,-0.00476214478097883
2.35,0.12642418445436,-0.00627031324609107,-0.00474678285224223,-0.00474678285224223
2.351,0.126065423599701,-0.0062528110133106,-0.00473147049608465,-0.00473147049608465
2.352,0.125707664179133,-0.00623535658069242,-0.00471620755247802,-0.00471620755247802
2.353,0.125350903457539,-0.00621794982156875,-0.00470099386191106,-0.00470099386191106
2.354,0.124995138707049,-0.00620059060959291,-0.00468582926538765,-0.00468582926538765
2.355,0.124640367207026,-0.00618327881873851,-0.00467071360442513,-0.00467071360442513
2.356,0.124286586244041,-0.0061660143232987,-0.00465564672105265,-0.00465564672105265
2.357,0.12393379311186,-0.00614879699788544,-0.00464062845780953,-0.00464062845780953
2.358,0.123581985111425,-0.00613162671742873,-0.00462565865774361,-0.00462565865774361
2.359,0.123231159550834,-0.00611450335717587,-0.00461073716440957,-0.00461073716440957
2.36,0.122881313745323,-0.0060974267926907,-0.00459586382186735,-0.00459586382186735
2.361,0.122532445017249,-0.00608039689985284,-0.00458103847468048,-0.00458103847468048
2.362,0.122184550696072,-0.00606341355485701,-0.00456626096791447,-0.00456626096791447
2.363,0.121837628118338,-0.00604647663421217,-0.00455153114713513,-0.00455153114713513
2.364,0.121491674627656,-0.00602958601474089,-0.00453684885840708,-0.00453684885840708
2.365,0.121146687574686,-0.00601274157357854,-0.00452221394829203,-0.00452221394829203
2.366,0.120802664317118,-0.00599594318817258,-0.00450762626384716,-0.00450762626384716
2.367,0.120459602219655,-0.00597919073628181,-0.00449308565262363,-0.00449308565262363
2.368,0.120117498653996,-0.00596248409597562,-0.00447859196266489,-0.00447859196266489
2.369,0.119776350998815,-0.00594582314563328,-0.0044641450425051,-0.0044641450425051
2.37,0.119436156639747,-0.00592920776394321,-0.00444974474116759,-0.00444974474116759
2.371,0.119096912969368,-0.00591263782990221,-0.00443539090816326,-0.00443539090816326
2.372,0.11875861738718,-0.00589611322281476,-0.00442108339348896,-0.00442108339348896
2.373,0.11842126729959,-0.00587963382229227,-0.00440682204762597,-0.00440682204762597
2.374,0.118084860119893,-0.00586319950825241,-0.00439260672153845,-0.00439260672153845
2.375,0.117749393268257,-0.00584681016091827,-0.00437843726667181,-0.00437843726667181
2.376,0.117414864171704,-0.00583046566081776,-0.00436431353495121,-0.00436431353495121
2.377,0.117081270264092,-0.00581416588878279,-0.00435023537877999,-0.00435023537877999
2.378,0.116748608986099,-0.00579791072594861,-0.00433620265103815,-0.00433620265103815
2.379,0.116416877785203,-0.00578170005375306,-0.00432221520508077,-0.00432221520508077
2.38,0.116086074115668,-0.00576553375393586,-0.00430827289473652,-0.00430827289473652
2.381,0.115756195438524,-0.00574941170853788,-0.00429437557430606,-0.00429437557430606
2.382,0.115427239221553,-0.00573333379990046,-0.00428052309856063,-0.00428052309856063
2.383,0.115099202939268,-0.00571729991066464,-0.0042667153227404,-0.0042667153227404
2.384,0.114772084072897,-0.00570130992377051,-0.00425295210255303,-0.00425295210255303
2.385,0.114445880110369,-0.00568536372245641,-0.00423923329417213,-0.00423923329417213
2.386,0.114120588546291,-0.00566946119025836,-0.00422555875423583,-0.00422555875423583
2.387,0.113796206881939,-0.00565360221100919,-0.00421192833984516,-0.00421192833984516
2.388,0.113472732625231,-0.00563778666883795,-0.00419834190856263,-0.00419834190856263
2.389,0.11315016329072,-0.00562201444816916,-0.00418479931841071,-0.00418479931841071
2.39,0.11282849639957,-0.0056062854337221,-0.00417130042787039,-0.00417130042787039
2.391,0.112507729479542,-0.00559059951051014,-0.00415784509587962,-0.00415784509587962
2.392,0.112187860064978,-0.00557495656383999,-0.00414443318183191,-0.00414443318183191
2.393,0.111868885696782,-0.00555935647931104,-0.00413106454557481,-0.00413106454557481
2.394,0.111550803922405,-0.00554379914281467,-0.00411773904740847,-0.00411773904740847
2.395,0.111233612295826,-0.0055282844405335,-0.00410445654808415,-0.00410445654808415
2.396,0.110917308377539,-0.00551281225894074,-0.0040912169088028,-0.0040912169088028
2.397,0.110601889734533,-0.00549738248479949,-0.00407801999121356,-0.00407801999121356
2.398,0.110287353940277,-0.00548199500516204,-0.00406486565741238,-0.00406486565741238
2.399,0.109973698574704,-0.00546664970736918,-0.00405175376994049,-0.00405175376994049
2.4,0.109660921224192,-0.00545134647904951,-0.00403868419178304,-0.00403868419178304
2.401,0.109349019481551,-0.00543608520811875,-0.00402565678636759,-0.00402565678636759
2.402,0.109037990946003,-0.00542086578277908,-0.00401267141756278,-0.00401267141756278
2.403,0.108727833223168,-0.0054056880915184,-0.00399972794967679,-0.00399972794967679
2.404,0.108418543925049,-0.0053905520231097,-0.00398682624745603,-0.00398682624745603
2.405,0.108110120670009,-0.00537545746661034,-0.00397396617608362,-0.00397396617608362
2.406,0.107802561082765,-0.00536040431136141,-0.00396114760117809,-0.00396114760117809
2.407,0.107495862794363,-0.00534539244698702,-0.00394837038879187,-0.00394837038879187
2.408,0.107190023442164,-0.00533042176339361,-0.00393563440540992,-0.00393563440540992
2.409,0.106885040669831,-0.00531549215076931,-0.00392293951794839,-0.00392293951794839
2.41,0.10658091212731,-0.00530060349958325,-0.00391028559375316,-0.00391028559375316
2.411,0.106277635470815,-0.00528575570058488,-0.00389767250059848,-0.00389767250059848
2.412,0.10597520836281,-0.00527094864480329,-0.00388510010668557,-0.00388510010668557
2.413,0.105673628471998,-0.00525618222354658,-0.00387256828064122,-0.00387256828064122
2.414,0.105372893473297,-0.00524145632840114,-0.00386007689151652,-0.00386007689151652
2.415,0.105073001047832,-0.00522677085123102,-0.00384762580878536,-0.00384762580878536
2.416,0.104773948882916,-0.00521212568417723,-0.00383521490234313,-0.00383521490234313
2.417,0.10447573467203,-0.0051975207196571,-0.00382284404250535,-0.00382284404250535
2.418,0.104178356114817,-0.00518295585036364,-0.00381051310000629,-0.00381051310000629
2.419,0.103881810917055,-0.00516843096926481,-0.00379822194599768,-0.00379822194599768
2.42,0.103586096790651,-0.0051539459696029,-0.00378597045204728,-0.00378597045204728
2.421,0.103291211453616,-0.00513950074489389,-0.00377375849013759,-0.00377375849013759
2.422,0.10299715263006,-0.00512509518892677,-0.00376158593266447,-0.00376158593266447
2.423,0.102703918050166,-0.00511072919576286,-0.00374945265243588,-0.00374945265243588
2.424,0.102411505450181,-0.00509640265973521,-0.00373735852267044,-0.00373735852267044
2.425,0.102119912572399,-0.00508211547544788,-0.00372530341699619,-0.00372530341699619
2.426,0.101829137165144,-0.00506786753777535,-0.00371328720944926,-0.00371328720944926
2.427,0.101539176982755,-0.00505365874186185,-0.00370130977447247,-0.00370130977447247
2.428,0.101250029785573,-0.00503948898312067,-0.00368937098691413,-0.00368937098691413
2.429,0.100961693339921,-0.00502535815723356,-0.00367747072202664,-0.00367747072202664
2.43,0.100674165418095,-0.00501126616015009,-0.00366560885546525,-0.00366560885546525
2.431,0.100387443798341,-0.00499721288808695,-0.0036537852632867,-0.0036537852632867
2.432,0.100101526264847,-0.00498319823752737,-0.00364199982194797,-0.00364199982194797
2.433,0.0998164106077223,-0.00496922210522041,-0.00363025240830497,-0.00363025240830497
2.434,0.099532094622985,-0.00495528438818038,-0.00361854289961122,-0.00361854289961122
2.435,0.099248576112547,-0.00494138498368619,-0.00360687117351665,-0.00360687117351665
2.436,0.0989658528841972,-0.00492752378928066,-0.00359523710806622,-0.00359523710806622
2.437,0.0986839227515878,-0.00491370070276995,-0.0035836405816987,-0.0035836405816987
2.438,0.0984027835342184,-0.00489991562222287,-0.00357208147324539,-0.00357208147324539
2.439,0.0981224330574219,-0.0048861684459703,-0.00356055966192885,-0.00356055966192885
2.44,0.0978428691523484,-0.00487245907260451,-0.00354907502736163,-0.00354907502736163
2.441,0.097564089655951,-0.00485878740097855,-0.00353762744954502,-0.00353762744954502
2.442,0.0972860924109703,-0.00484515333020561,-0.00352621680886778,-0.00352621680886778
2.443,0.0970088752659204,-0.00483155675965841,-0.00351484298610489,-0.00351484298610489
2.444,0.0967324360750731,-0.00481799758896855,-0.00350350586241635,-0.00350350586241635
2.445,0.0964567726984436,-0.00480447571802589,-0.00349220531934585,-0.00349220531934585
2.446,0.0961818830017755,-0.00479099104697793,-0.00348094123881958,-0.00348094123881958
2.447,0.0959077648565266,-0.00477754347622921,-0.00346971350314504,-0.00346971350314504
2.448,0.095634416139853,-0.00476413290644063,-0.00345852199500968,-0.00345852199500968
2.449,0.0953618347345959,-0.00475075923852889,-0.00344736659747981,-0.00344736659747981
2.45,0.0950900185292657,-0.00473742237366581,-0.00343624719399929,-0.00343624719399929
2.451,0.0948189654180283,-0.00472412221327779,-0.00342516366838835,-0.00342516366838835
2.452,0.0945486733006901,-0.00471085865904511,-0.00341411590484239,-0.00341411590484239
2.453,0.0942791400826834,-0.00469763161290138,-0.00340310378793066,-0.00340310378793066
2.454,0.0940103636750521,-0.00468444097703288,-0.0033921272025952,-0.0033921272025952
2.455,0.0937423419944375,-0.00467128665387799,-0.00338118603414957,-0.00338118603414957
2.456,0.093475072963063,-0.00465816854612653,-0.00337028016827759,-0.00337028016827759
2.457,0.0932085545087208,-0.00464508655671919,-0.00335940949103226,-0.00335940949103226
2.458,0.0929427845647565,-0.0046320405888469,-0.00334857388883448,-0.00334857388883448
2.459,0.0926777610700559,-0.00461903054595025,-0.00333777324847189,-0.00333777324847189
2.46,0.0924134819690296,-0.00460605633171885,-0.0033270074570977,-0.0033270074570977
2.461,0.0921499452115996,-0.00459311785009072,-0.00331627640222949,-0.00331627640222949
2.462,0.0918871487531843,-0.00458021500525173,-0.00330557997174803,-0.00330557997174803
2.463,0.0916250905546854,-0.00456734770163499,-0.00329491805389612,-0.00329491805389612
2.464,0.0913637685824727,-0.00455451584392019,-0.00328429053727741,-0.00328429053727741
2.465,0.0911031808083703,-0.00454171933703306,-0.00327369731085524,-0.00327369731085524
2.466,0.0908433252096429,-0.00452895808614478,-0.0032631382639515,-0.0032631382639515
2.467,0.0905841997689813,-0.00451623199667132,-0.00325261328624542,-0.00325261328624542
2.468,0.0903258024744888,-0.00450354097427292,-0.00324212226777245,-0.00324212226777245
2.469,0.0900681313196666,-0.00449088492485344,-0.00323166509892312,-0.00323166509892312
2.47,0.0898111843034006,-0.00447826375455977,-0.00322124167044185,-0.00322124167044185
2.471,0.0895549594299469,-0.00446567736978128,-0.00321085187342587,-0.00321085187342587
2.472,0.0892994547089184,-0.00445312567714921,-0.003200495599324,-0.003200495599324
2.473,0.0890446681552705,-0.00444060858353606,-0.00319017273993561,-0.00319017273993561
2.474,0.0887905977892875,-0.004428125996055,-0.00317988318740939,-0.00317988318740939
2.475,0.0885372416365692,-0.00441567782205933,-0.00316962683424231,-0.00316962683424231
2.476,0.0882845977280163,-0.00440326396914187,-0.0031594035732784,-0.0031594035732784
2.477,0.0880326640998176,-0.00439088434513435,-0.00314921329770772,-0.00314921329770772
2.478,0.0877814387934355,-0.00437853885810685,-0.00313905590106522,-0.00313905590106522
2.479,0.0875309198555934,-0.00436622741636723,-0.00312893127722956,-0.00312893127722956
2.48,0.0872811053382609,-0.00435394992846055,-0.00311883932042209,-0.00311883932042209
2.481,0.0870319932986411,-0.00434170630316845,-0.00310877992520566,-0.00310877992520566
2.482,0.0867835817991565,-0.00432949644950861,-0.00309875298648362,-0.00309875298648362
2.483,0.0865358689074362,-0.00431732027673419,-0.0030887583994986,-0.0030887583994986
2.484,0.0862888526963015,-0.00430517769433321,-0.00307879605983152,-0.00307879605983152
2.485,0.0860425312437533,-0.00429306861202799,-0.00306886586340042,-0.00306886586340042
2.486,0.085796902632958,-0.0042809929397746,-0.00305896770645941,-0.00305896770645941
2.487,0.0855519649522348,-0.00426895058776228,-0.00304910148559758,-0.00304910148559758
2.488,0.0853077162950419,-0.00425694146641284,-0.00303926709773791,-0.00303926709773791
2.489,0.0850641547599631,-0.00424496548638013,-0.00302946444013621,-0.00302946444013621
2.49,0.0848212784506948,-0.00423302255854946,-0.00301969341038,-0.00301969341038
2.491,0.084579085476033,-0.00422111259403703,-0.00300995390638751,-0.00300995390638751
2.492,0.0843375739498594,-0.00420923550418937,-0.00300024582640652,-0.00300024582640652
2.493,0.0840967419911288,-0.00419739120058276,-0.0029905690690134,-0.0029905690690134
2.494,0.0838565877238553,-0.00418557959502268,-0.00298092353311195,-0.00298092353311195
2.495,0.0836171092771004,-0.00417380059954329,-0.00297130911793242,-0.00297130911793242
2.496,0.0833783047849585,-0.00416205412640677,-0.00296172572303041,-0.00296172572303041
2.497,0.0831401723865446,-0.00415034008810287,-0.00295217324828582,-0.00295217324828582
2.498,0.0829027102259813,-0.00413865839734827,-0.00294265159390182,-0.00294265159390182
2.499,0.0826659164523858,-0.00412700896708609,-0.00293316066040383,-0.00293316066040383
2.5,0.0824297892198564,-0.00411539171048528,-0.00292370034863841,-0.00292370034863841
2.501,0.0821943266874604,-0.00410380654094009,-0.00291427055977228,-0.00291427055977228
2.502,0.0819595270192205,-0.00409225337206952,-0.00290487119529127,-0.00290487119529127
2.503,0.0817253883841026,-0.00408073211771679,-0.00289550215699927,-0.00289550215699927
2.504,0.0814919089560022,-0.00406924269194872,-0.00288616334701722,-0.00288616334701722
2.505,0.0812590869137323,-0.00405778500905525,-0.00287685466778213,-0.00287685466778213
2.506,0.08102692044101,-0.00404635898354889,-0.00286757602204596,-0.00286757602204596
2.507,0.0807954077264448,-0.00403496453016411,-0.00285832731287466,-0.00285832731287466
2.508,0.0805645469635245,-0.00402360156385688,-0.00284910844364722,-0.00284910844364722
2.509,0.0803343363506036,-0.00401226999980406,-0.00283991931805449,-0.00283991931805449
2.51,0.08010477409089,-0.00400096975340287,-0.00283075984009835,-0.00283075984009835
2.511,0.0798758583924331,-0.0039897007402704,-0.00282162991409061,-0.00282162991409061
2.512,0.0796475874681106,-0.00397846287624299,-0.00281252944465203,-0.00281252944465203
2.513,0.079419959535616,-0.00396725607737575,-0.0028034583367113,-0.0028034583367113
2.514,0.0791929728174463,-0.00395608025994199,-0.00279441649550409,-0.00279441649550409
2.515,0.0789666255408898,-0.00394493534043271,-0.00278540382657203,-0.00278540382657203
2.516,0.0787409159380127,-0.00393382123555604,-0.00277642023576173,-0.00277642023576173
2.517,0.0785158422456478,-0.00392273786223673,-0.00276746562922377,-0.00276746562922377
2.518,0.0782914027053811,-0.00391168513761559,-0.00275853991341175,-0.00275853991341175
2.519,0.0780675955635403,-0.00390066297904896,-0.00274964299508134,-0.00274964299508134
2.52,0.077844419071182,-0.00388967130410822,-0.00274077478128919,-0.00274077478128919
2.521,0.0776218714840792,-0.00387871003057922,-0.00273193517939211,-0.00273193517939211
2.522,0.0773999510627094,-0.00386777907646173,-0.00272312409704594,-0.00272312409704594
2.523,0.0771786560722426,-0.00385687835996901,-0.00271434144220475,-0.00271434144220475
2.524,0.0769579847825283,-0.00384600779952716,-0.00270558712311976,-0.00270558712311976
2.525,0.0767379354680839,-0.00383516731377468,-0.00269686104833839,-0.00269686104833839
2.526,0.0765185064080823,-0.00382435682156192,-0.00268816312670335,-0.00268816312670335
2.527,0.0762996958863402,-0.00381357624195057,-0.00267949326735169,-0.00267949326735169
2.528,0.0760815021913053,-0.0038028254942131,-0.00267085137971377,-0.00267085137971377
2.529,0.0758639236160449,-0.00379210449783229,-0.00266223737351241,-0.00266223737351241
2.53,0.0756469584582333,-0.00378141317250067,-0.00265365115876186,-0.00265365115876186
2.531,0.0754306050201405,-0.00377075143812005,-0.00264509264576696,-0.00264509264576696
2.532,0.0752148616086194,-0.00376011921480094,-0.00263656174512207,-0.00263656174512207
2.533,0.0749997265350944,-0.00374951642286209,-0.00262805836771027,-0.00262805836771027
2.534,0.0747851981155493,-0.00373894298282994,-0.00261958242470231,-0.00261958242470231
2.535,0.0745712746705158,-0.00372839881543815,-0.00261113382755577,-0.00261113382755577
2.536,0.0743579545250608,-0.00371788384162702,-0.00260271248801408,-0.00260271248801408
2.537,0.0741452360087753,-0.00370739798254305,-0.00259431831810564,-0.00259431831810564
2.538,0.0739331174557625,-0.00369694115953838,-0.00258595123014283,-0.00258595123014283
2.539,0.0737215972046258,-0.00368651329417031,-0.00257761113672119,-0.00257761113672119
2.54,0.0735106735984571,-0.00367611430820078,-0.0025692979507184,-0.0025692979507184
2.541,0.0733003449848252,-0.00366574412359587,-0.00256101158529346,-0.00256101158529346
2.542,0.0730906097157642,-0.00365540266252528,-0.00255275195388573,-0.00255275195388573
2.543,0.0728814661477616,-0.00364508984736186,-0.00254451897021403,-0.00254451897021403
2.544,0.0726729126417468,-0.00363480560068107,-0.00253631254827576,-0.00253631254827576
2.545,0.0724649475630796,-0.00362454984526049,-0.00252813260234596,-0.00252813260234596
2.546,0.0722575692815384,-0.00361432250407932,-0.00251997904697646,-0.00251997904697646
2.547,0.072050776171309,-0.00360412350031791,-0.00251185179699497,-0.00251185179699497
2.548,0.0718445666109727,-0.00359395275735722,-0.00250375076750415,-0.00250375076750415
2.549,0.0716389389834952,-0.00358381019877832,-0.00249567587388078,-0.00249567587388078
2.55,0.0714338916762145,-0.00357369574836193,-0.00248762703177484,-0.00248762703177484
2.551,0.0712294230808307,-0.00356360933008791,-0.00247960415710866,-0.00247960415710866
2.552,0.0710255315933933,-0.00355355086813477,-0.00247160716607598,-0.00247160716607598
2.553,0.0708222156142904,-0.00354352028687915,-0.00246363597514113,-0.00246363597514113
2.554,0.0706194735482374,-0.00353351751089536,-0.00245569050103813,-0.00245569050103813
2.555,0.0704173038042659,-0.00352354246495488,-0.00244777066076986,-0.00244777066076986
2.556,0.0702157047957117,-0.00351359507402587,-0.0024398763716071,-0.0024398763716071
2.557,0.0700146749402042,-0.00350367526327269,-0.00243200755108776,-0.00243200755108776
2.558,0.0698142126596548,-0.00349378295805537,-0.00242416411701597,-0.00242416411701597
2.559,0.0696143163802463,-0.00348391808392921,-0.00241634598746123,-0.00241634598746123
2.56,0.0694149845324209,-0.00347408056664421,-0.00240855308075755,-0.00240855308075755
2.561,0.0692162155508694,-0.00346427033214462,-0.00240078531550261,-0.00240078531550261
2.562,0.0690180078745203,-0.00345448730656848,-0.00239304261055688,-0.00239304261055688
2.563,0.0688203599465285,-0.00344473141624709,-0.00238532488504279,-0.00238532488504279
2.564,0.0686232702142643,-0.00343500258770458,-0.00237763205834389,-0.00237763205834389
2.565,0.0684267371293023,-0.00342530074765737,-0.00236996405010399,-0.00236996405010399
2.566,0.0682307591474105,-0.00341562582301378,-0.00236232078022635,-0.00236232078022635
2.567,0.0680353347285391,-0.00340597774087345,-0.00235470216887277,-0.00235470216887277
2.568,0.06784046233681,-0.00339635642852694,-0.00234710813646287,-0.00234710813646287
2.569,0.0676461404405054,-0.00338676181345524,-0.00233953860367314,-0.00233953860367314
2.57,0.067452367512057,-0.00337719382332926,-0.00233199349143618,-0.00233199349143618
2.571,0.0672591420280354,-0.00336765238600939,-0.00232447272093986,-0.00232447272093986
2.572,0.067066462469139,-0.00335813742954505,-0.0023169762136265,-0.0023169762136265
2.573,0.0668743273201833,-0.00334864888217414,-0.00230950389119201,-0.00230950389119201
2.574,0.06668273507009,-0.00333918667232266,-0.00230205567558512,-0.00230205567558512
2.575,0.0664916842118763,-0.00332975072860418,-0.00229463148900654,-0.00229463148900654
2.576,0.0663011732426444,-0.00332034097981941,-0.00228723125390816,-0.00228723125390816
2.577,0.0661112006635703,-0.00331095735495573,-0.0022798548929922,-0.0022798548929922
2.578,0.0659217649798935,-0.00330159978318667,-0.00227250232921046,-0.00227250232921046
2.579,0.0657328647009062,-0.00329226819387153,-0.00226517348576346,-0.00226517348576346
2.58,0.0655444983399428,-0.00328296251655486,-0.00225786828609969,-0.00225786828609969
2.581,0.0653566644143692,-0.00327368268096602,-0.00225058665391474,-0.00225058665391474
2.582,0.065169361445572,-0.0032644286170187,-0.00224332851315059,-0.00224332851315059
2.583,0.0649825879589484,-0.00325520025481047,-0.00223609378799471,-0.00223609378799471
2.584,0.0647963424838954,-0.00324599752462236,-0.00222888240287937,-0.00222888240287937
2.585,0.0646106235537995,-0.00323682035691832,-0.00222169428248079,-0.00222169428248079
2.586,0.0644254297060257,-0.00322766868234484,-0.00221452935171833,-0.00221452935171833
2.587,0.0642407594819078,-0.00321854243173044,-0.0022073875357538,-0.0022073875357538
2.588,0.0640566114267377,-0.00320944153608527,-0.00220026875999057,-0.00220026875999057
2.589,0.0638729840897545,-0.00320036592660058,-0.00219317295007286,-0.00219317295007286
2.59,0.063689876024135,-0.00319131553464836,-0.00218610003188492,-0.00218610003188492
2.591,0.0635072857869826,-0.00318229029178081,-0.00217904993155028,-0.00217904993155028
2.592,0.0633252119393177,-0.00317329012972992,-0.00217202257543098,-0.00217202257543098
2.593,0.0631436530460667,-0.00316431498040704,-0.00216501789012677,-0.00216501789012677
2.594,0.0629626076760522,-0.00315536477590239,-0.00215803580247439,-0.00215803580247439
2.595,0.0627820744019825,-0.00314643944848464,-0.00215107623954675,-0.00215107623954675
2.596,0.0626020518004418,-0.00313753893060048,-0.00214413912865221,-0.00214413912865221
2.597,0.0624225384518794,-0.00312866315487413,-0.0021372243973338,-0.0021372243973338
2.598,0.0622435329406001,-0.00311981205410691,-0.00213033197336846,-0.00213033197336846
2.599,0.0620650338547537,-0.00311098556127683,-0.0021234617847663,-0.0021234617847663
2.6,0.0618870397863253,-0.0031021836095381,-0.00211661375976983,-0.00211661375976983
2.601,0.0617095493311244,-0.00309340613222073,-0.00210978782685321,-0.00210978782685321
2.602,0.061532561088776,-0.00308465306283006,-0.00210298391472154,-0.00210298391472154
2.603,0.0613560736627095,-0.00307592433504633,-0.00209620195231003,-0.00209620195231003
2.604,0.0611800856601494,-0.00306721988272426,-0.00208944186878336,-0.00208944186878336
2.605,0.061004595692105,-0.00305853963989256,-0.00208270359353487,-0.00208270359353487
2.606,0.0608296023733603,-0.00304988354075357,-0.00207598705618583,-0.00207598705618583
2.607,0.0606551043224646,-0.00304125151968276,-0.00206929218658473,-0.00206929218658473
2.608,0.060481100161722,-0.00303264351122834,-0.00206261891480652,-0.00206261891480652
2.609,0.060307588517182,-0.00302405945011078,-0.00205596717115189,-0.00205596717115189
2.61,0.0601345680186292,-0.00301549927122242,-0.00204933688614655,-0.00204933688614655
2.611,0.0599620372995736,-0.00300696290962702,-0.00204272799054047,-0.00204272799054047
2.612,0.0597899949972413,-0.00299845030055936,-0.00203614041530721,-0.00203614041530721
2.613,0.059618439752564,-0.00298996137942474,-0.00202957409164313,-0.00202957409164313
2.614,0.0594473702101694,-0.00298149608179862,-0.00202302895096674,-0.00202302895096674
2.615,0.0592767850183717,-0.00297305434342617,-0.00201650492491793,-0.00201650492491793
2.616,0.059106682829162,-0.00296463610022184,-0.00201000194535728,-0.00201000194535728
2.617,0.0589370622981982,-0.00295624128826893,-0.00200351994436536,-0.00200351994436536
2.618,0.0587679220847954,-0.00294786984381919,-0.00199705885424197,-0.00199705885424197
2.619,0.0585992608519166,-0.00293952170329235,-0.00199061860750548,-0.00199061860750548
2.62,0.0584310772661629,-0.00293119680327576,-0.0019841991368921,-0.0019841991368921
2.621,0.0582633699977637,-0.00292289508052393,-0.00197780037535521,-0.00197780037535521
2.622,0.0580961377205674,-0.00291461647195809,-0.0019714222560646,-0.0019714222560646
2.623,0.0579293791120318,-0.00290636091466582,-0.00196506471240582,-0.00196506471240582
2.624,0.0577630928532147,-0.00289812834590061,-0.00195872767797946,-0.00195872767797946
2.625,0.0575972776287639,-0.00288991870308143,-0.00195241108660048,-0.00195241108660048
2.626,0.0574319321269085,-0.00288173192379232,-0.00194611487229748,-0.00194611487229748
2.627,0.0572670550394488,-0.002873567945782,-0.00193983896931203,-0.00193983896931203
2.628,0.0571026450617472,-0.00286542670696341,-0.00193358331209801,-0.00193358331209801
2.629,0.0569387008927188,-0.00285730814541334,-0.00192734783532086,-0.00192734783532086
2.63,0.0567752212348219,-0.00284921219937199,-0.00192113247385696,-0.00192113247385696
2.631,0.0566122047940485,-0.00284113880724256,-0.0019149371627929,-0.0019149371627929
2.632,0.0564496502799155,-0.00283308790759086,-0.00190876183742486,-0.00190876183742486
2.633,0.0562875564054551,-0.00282505943914487,-0.00190260643325788,-0.00190260643325788
2.634,0.0561259218872051,-0.00281705334079437,-0.00189647088600516,-0.00189647088600516
2.635,0.0559647454452003,-0.00280906955159048,-0.0018903551315875,-0.0018903551315875
2.636,0.0558040258029631,-0.00280110801074531,-0.00188425910613252,-0.00188425910613252
2.637,0.055643761687494,-0.00279316865763152,-0.00187818274597404,-0.00187818274597404
2.638,0.0554839518292626,-0.0027852514317819,-0.0018721259876514,-0.0018721259876514
2.639,0.0553245949621984,-0.00277735627288903,-0.00186608876790881,-0.00186608876790881
2.64,0.0551656898236821,-0.0027694831208048,-0.00186007102369468,-0.00186007102369468
2.641,0.0550072351545355,-0.00276163191554005,-0.00185407269216095,-0.00185407269216095
2.642,0.0548492296990133,-0.00275380259726418,-0.00184809371066247,-0.00184809371066247
2.643,0.0546916722047937,-0.00274599510630471,-0.00184213401675628,-0.00184213401675628
2.644,0.0545345614229693,-0.00273820938314692,-0.00183619354820104,-0.00183619354820104
2.645,0.0543778961080381,-0.00273044536843341,-0.00183027224295629,-0.00183027224295629
2.646,0.0542216750178947,-0.00272270300296376,-0.00182437003918188,-0.00182437003918188
2.647,0.0540658969138209,-0.00271498222769406,-0.00181848687523728,-0.00181848687523728
2.648,0.0539105605604772,-0.0027072829837366,-0.00181262268968094,-0.00181262268968094
2.649,0.0537556647258935,-0.0026996052123594,-0.00180677742126964,-0.00180677742126964
2.65,0.0536012081814605,-0.00269194885498584,-0.00180095100895788,-0.00180095100895788
2.651,0.0534471897019205,-0.00268431385319431,-0.00179514339189722,-0.00179514339189722
2.652,0.0532936080653587,-0.00267670014871774,-0.00178935450943565,-0.00178935450943565
2.653,0.0531404620531945,-0.00266910768344328,-0.00178358430111694,-0.00178358430111694
2.654,0.0529877504501724,-0.00266153639941186,-0.00177783270668002,-0.00177783270668002
2.655,0.0528354720443532,-0.00265398623881784,-0.00177209966605835,-0.00177209966605835
2.656,0.0526836256271055,-0.0026464571440086,-0.00176638511937931,-0.00176638511937931
2.657,0.0525322099930967,-0.00263894905748415,-0.00176068900696354,-0.00176068900696354
2.658,0.0523812239402844,-0.00263146192189675,-0.00175501126932432,-0.00175501126932432
2.659,0.0522306662699075,-0.00262399568005052,-0.00174935184716699,-0.00174935184716699
2.66,0.0520805357864779,-0.00261655027490108,-0.00174371068138826,-0.00174371068138826
2.661,0.0519308312977713,-0.00260912564955512,-0.00173808771307566,-0.00173808771307566
2.662,0.051781551614819,-0.00260172174727007,-0.00173248288350689,-0.00173248288350689
2.663,0.0516326955518989,-0.00259433851145367,-0.0017268961341492,-0.0017268961341492
2.664,0.0514842619265274,-0.00258697588566363,-0.0017213274066588,-0.0017213274066588
2.665,0.0513362495594503,-0.00257963381360721,-0.00171577664288021,-0.00171577664288021
2.666,0.0511886572746345,-0.00257231223914087,-0.00171024378484574,-0.00171024378484574
2.667,0.0510414838992594,-0.0025650111062699,-0.00170472877477476,-0.00170472877477476
2.668,0.0508947282637086,-0.002557730359148,-0.00169923155507319,-0.00169923155507319
2.669,0.0507483892015608,-0.00255046994207694,-0.00169375206833286,-0.00169375206833286
2.67,0.0506024655495822,-0.00254322979950619,-0.00168829025733093,-0.00168829025733093
2.671,0.0504569561477173,-0.0025360098760325,-0.00168284606502925,-0.00168284606502925
2.672,0.050311859839081,-0.00252881011639958,-0.00167741943457383,-0.00167741943457383
2.673,0.0501671754699496,-0.00252163046549769,-0.00167201030929418,-0.00167201030929418
2.674,0.0500229018897531,-0.00251447086836329,-0.00166661863270273,-0.00166661863270273
2.675,0.0498790379510662,-0.00250733127017865,-0.00166124434849431,-0.00166124434849431
2.676,0.0497355825096006,-0.00250021161627149,-0.00165588740054544,-0.00165588740054544
2.677,0.0495925344241962,-0.00249311185211463,-0.00165054773291386,-0.00165054773291386
2.678,0.0494498925568127,-0.00248603192332556,-0.00164522528983785,-0.00164522528983785
2.679,0.0493076557725217,-0.00247897177566616,-0.00163992001573573,-0.00163992001573573
2.68,0.0491658229394986,-0.00247193135504225,-0.00163463185520521,-0.00163463185520521
2.681,0.0490243929290136,-0.0024649106075033,-0.00162936075302286,-0.00162936075302286
2.682,0.0488833646154242,-0.00245790947924198,-0.00162410665414348,-0.00162410665414348
2.683,0.0487427368761664,-0.00245092791659386,-0.00161886950369959,-0.00161886950369959
2.684,0.0486025085917475,-0.00244396586603706,-0.00161364924700081,-0.00161364924700081
2.685,0.0484626786457366,-0.00243702327419182,-0.00160844582953331,-0.00160844582953331
2.686,0.0483232459247576,-0.00243010008782017,-0.00160325919695919,-0.00160325919695919
2.687,0.0481842093184805,-0.0024231962538256,-0.00159808929511601,-0.00159808929511601
2.688,0.0480455677196136,-0.00241631171925266,-0.00159293607001612,-0.00159293607001612
2.689,0.0479073200238951,-0.00240944643128661,-0.00158779946784617,-0.00158779946784617
2.69,0.0477694651300854,-0.00240260033725309,-0.0015826794349665,-0.0015826794349665
2.691,0.0476320019399588,-0.0023957733846177,-0.00157757591791061,-0.00157757591791061
2.692,0.0474949293582956,-0.00238896552098572,-0.00157248886338458,-0.00157248886338458
2.693,0.0473582462928743,-0.0023821766941017,-0.00156741821826653,-0.00156741821826653
2.694,0.0472219516544631,-0.00237540685184913,-0.00156236392960604,-0.00156236392960604
2.695,0.0470860443568125,-0.00236865594225007,-0.00155732594462362,-0.00155732594462362
2.696,0.0469505233166471,-0.0023619239134648,-0.00155230421071016,-0.00155230421071016
2.697,0.0468153874536578,-0.0023552107137915,-0.00154729867542635,-0.00154729867542635
2.698,0.0466806356904939,-0.00234851629166584,-0.00154230928650217,-0.00154230928650217
2.699,0.046546266952755,-0.00234184059566069,-0.00153733599183632,-0.00153733599183632
2.7,0.0464122801689834,-0.00233518357448571,-0.00153237873949567,-0.00153237873949567
2.701,0.0462786742706564,-0.00232854517698706,-0.00152743747771474,-0.00152743747771474
2.702,0.0461454481921781,-0.00232192535214702,-0.00152251215489512,-0.00152251215489512
2.703,0.0460126008708717,-0.00231532404908363,-0.001517602719605,-0.001517602719605
2.704,0.0458801312469721,-0.00230874121705037,-0.00151270912057854,-0.00151270912057854
2.705,0.0457480382636179,-0.00230217680543582,-0.00150783130671542,-0.00150783130671542
2.706,0.0456163208668434,-0.00229563076376329,-0.00150296922708026,-0.00150296922708026
2.707,0.0454849780055714,-0.00228910304169047,-0.00149812283090206,-0.00149812283090206
2.708,0.0453540086316049,-0.00228259358900912,-0.00149329206757375,-0.00149329206757375
2.709,0.0452234116996204,-0.00227610235564472,-0.00148847688665159,-0.00148847688665159
2.71,0.045093186167159,-0.0022696292916561,-0.00148367723785468,-0.00148367723785468
2.711,0.0449633309946199,-0.00226317434723514,-0.00147889307106442,-0.00147889307106442
2.712,0.0448338451452518,-0.00225673747270637,-0.00147412433632397,-0.00147412433632397
2.713,0.0447047275851464,-0.00225031861852673,-0.00146937098383776,-0.00146937098383776
2.714,0.0445759772832297,-0.00224391773528511,-0.00146463296397096,-0.00146463296397096
2.715,0.0444475932112552,-0.00223753477370213,-0.00145991022724894,-0.00145991022724894
2.716,0.0443195743437962,-0.00223116968462969,-0.00145520272435678,-0.00145520272435678
2.717,0.044191919658238,-0.00222482241905075,-0.00145051040613874,-0.00145051040613874
2.718,0.0440646281347709,-0.00221849292807889,-0.00144583322359776,-0.00144583322359776
2.719,0.0439376987563822,-0.00221218116295805,-0.00144117112789489,-0.00144117112789489
2.72,0.0438111305088491,-0.00220588707506216,-0.00143652407034888,-0.00143652407034888
2.721,0.0436849223807312,-0.00219961061589482,-0.0014318920024356,-0.0014318920024356
2.722,0.0435590733633631,-0.00219335173708896,-0.00142727487578753,-0.00142727487578753
2.723,0.0434335824508467,-0.00218711039040652,-0.0014226726421933,-0.0014226726421933
2.724,0.0433084486400441,-0.00218088652773811,-0.00141808525359713,-0.00141808525359713
2.725,0.0431836709305703,-0.00217468010110268,-0.00141351266209838,-0.00141351266209838
2.726,0.0430592483247858,-0.0021684910626472,-0.00140895481995102,-0.00140895481995102
2.727,0.0429351798277891,-0.00216231936464634,-0.00140441167956314,-0.00140441167956314
2.728,0.0428114644474093,-0.0021561649595021,-0.00139988319349643,-0.00139988319349643
2.729,0.0426881011941996,-0.00215002779974355,-0.00139536931446572,-0.00139536931446572
2.73,0.0425650890814288,-0.00214390783802644,-0.00139086999533848,-0.00139086999533848
2.731,0.0424424271250752,-0.00213780502713291,-0.00138638518913427,-0.00138638518913427
2.732,0.0423201143438185,-0.00213171931997118,-0.00138191484902435,-0.00138191484902435
2.733,0.0421981497590333,-0.00212565066957519,-0.0013774589283311,-0.0013774589283311
2.734,0.0420765323947813,-0.0021195990291043,-0.00137301738052758,-0.00137301738052758
2.735,0.0419552612778045,-0.00211356435184295,-0.00136859015923701,-0.00136859015923701
2.736,0.0418343354375179,-0.00210754659120036,-0.00136417721823233,-0.00136417721823233
2.737,0.0417137539060024,-0.00210154570071022,-0.00135977851143569,-0.00135977851143569
2.738,0.0415935157179977,-0.00209556163403033,-0.00135539399291795,-0.00135539399291795
2.739,0.0414736199108951,-0.00208959434494231,-0.00135102361689823,-0.00135102361689823
2.74,0.0413540655247305,-0.00208364378735128,-0.00134666733774343,-0.00134666733774343
2.741,0.0412348516021773,-0.00207770991528555,-0.00134232510996774,-0.00134232510996774
2.742,0.0411159771885395,-0.00207179268289626,-0.00133799688823215,-0.00133799688823215
2.743,0.0409974413317442,-0.00206589204445714,-0.00133368262734403,-0.00133368262734403
2.744,0.0408792430823353,-0.00206000795436411,-0.00132938228225658,-0.00132938228225658
2.745,0.0407613814934659,-0.00205414036713506,-0.00132509580806843,-0.00132509580806843
2.746,0.0406438556208916,-0.00204828923740943,-0.00132082316002313,-0.00132082316002313
2.747,0.0405266645229635,-0.00204245451994801,-0.00131656429350869,-0.00131656429350869
2.748,0.0404098072606213,-0.00203663616963251,-0.00131231916405714,-0.00131231916405714
2.749,0.0402932828973862,-0.00203083414146538,-0.00130808772734401,-0.00130808772734401
2.75,0.0401770904993543,-0.00202504839056937,-0.00130386993918791,-0.00130386993918791
2.751,0.0400612291351894,-0.00201927887218732,-0.00129966575555007,-0.00129966575555007
2.752,0.0399456978761161,-0.00201352554168179,-0.00129547513253384,-0.00129547513253384
2.753,0.0398304957959136,-0.0020077883545348,-0.00129129802638428,-0.00129129802638428
2.754,0.039715621970908,-0.00200206726634746,-0.00128713439348767,-0.00128713439348767
2.755,0.0396010754799659,-0.00199636223283975,-0.00128298419037106,-0.00128298419037106
2.756,0.0394868554044876,-0.00199067320985011,-0.00127884737370183,-0.00127884737370183
2.757,0.0393729608284004,-0.00198500015333524,-0.0012747239002872,-0.0012747239002872
2.758,0.0392593908381515,-0.00197934301936972,-0.00127061372707385,-0.00127061372707385
2.759,0.0391461445227017,-0.00197370176414574,-0.00126651681114738,-0.00126651681114738
2.76,0.0390332209735182,-0.00196807634397278,-0.00126243310973193,-0.00126243310973193
2.761,0.0389206192845684,-0.00196246671527734,-0.00125836258018969,-0.00125836258018969
2.762,0.0388083385523126,-0.00195687283460259,-0.00125430518002049,-0.00125430518002049
2.763,0.0386963778756981,-0.00195129465860812,-0.00125026086686133,-0.00125026086686133
2.764,0.0385847363561516,-0.0019457321440696,-0.00124622959848595,-0.00124622959848595
2.765,0.0384734130975734,-0.00194018524787851,-0.00124221133280436,-0.00124221133280436
2.766,0.0383624072063303,-0.00193465392704181,-0.00123820602786247,-0.00123820602786247
2.767,0.0382517177912492,-0.00192913813868168,-0.00123421364184155,-0.00123421364184155
2.768,0.0381413439636102,-0.00192363784003519,-0.00123023413305789,-0.00123023413305789
2.769,0.0380312848371406,-0.00191815298845404,-0.00122626745996231,-0.00122626745996231
2.77,0.0379215395280078,-0.00191268354140421,-0.00122231358113973,-0.00122231358113973
2.771,0.0378121071548128,-0.00190722945646573,-0.00121837245530874,-0.00121837245530874
2.772,0.037702986838584,-0.00190179069133233,-0.00121444404132118,-0.00121444404132118
2.773,0.0375941777027707,-0.00189636720381119,-0.00121052829816171,-0.00121052829816171
2.774,0.0374856788732361,-0.0018909589518226,-0.00120662518494738,-0.00120662518494738
2.775,0.0373774894782512,-0.00188556589339973,-0.00120273466092715,-0.00120273466092715
2.776,0.0372696086484885,-0.00188018798668828,-0.00119885668548157,-0.00119885668548157
2.777,0.0371620355170152,-0.00187482518994621,-0.00119499121812226,-0.00119499121812226
2.778,0.037054769219287,-0.00186947746154349,-0.00119113821849154,-0.00119113821849154
2.779,0.0369478088931416,-0.00186414475996173,-0.00118729764636196,-0.00118729764636196
2.78,0.0368411536787922,-0.00185882704379396,-0.00118346946163594,-0.00118346946163594
2.781,0.0367348027188216,-0.00185352427174433,-0.00117965362434532,-0.00117965362434532
2.782,0.0366287551581752,-0.00184823640262779,-0.00117585009465093,-0.00117585009465093
2.783,0.0365230101441551,-0.00184296339536983,-0.00117205883284219,-0.00117205883284219
2.784,0.0364175668264134,-0.00183770520900619,-0.00116827979933667,-0.00116827979933667
2.785,0.0363124243569466,-0.0018324618026826,-0.00116451295467975,-0.00116451295467975
2.786,0.0362075818900884,-0.00182723313565443,-0.0011607582595441,-0.0011607582595441
2.787,0.036103038582504,-0.00182201916728648,-0.00115701567472935,-0.00115701567472935
2.788,0.0359987935931838,-0.00181681985705265,-0.00115328516116164,-0.00115328516116164
2.789,0.0358948460834369,-0.00181163516453566,-0.00114956667989326,-0.00114956667989326
2.79,0.0357911952168851,-0.00180646504942682,-0.00114586019210215,-0.00114586019210215
2.791,0.0356878401594566,-0.00180130947152568,-0.0011421656590916,-0.0011421656590916
2.792,0.0355847800793799,-0.00179616839073978,-0.00113848304228978,-0.00113848304228978
2.793,0.0354820141471774,-0.00179104176708437,-0.00113481230324935,-0.00113481230324935
2.794,0.0353795415356595,-0.00178592956068216,-0.00113115340364708,-0.00113115340364708
2.795,0.0352773614199183,-0.00178083173176299,-0.0011275063052834,-0.0011275063052834
2.796,0.0351754729773214,-0.00177574824066356,-0.00112387097008205,-0.00112387097008205
2.797,0.035073875387506,-0.00177067904782721,-0.00112024736008968,-0.00112024736008968
2.798,0.0349725678323727,-0.00176562411380359,-0.00111663543747541,-0.00111663543747541
2.799,0.0348715494960793,-0.00176058339924837,-0.00111303516453049,-0.00111303516453049
2.8,0.0347708195650348,-0.00175555686492304,-0.00110944650366783,-0.00110944650366783
2.801,0.0346703772278936,-0.00175054447169455,-0.00110586941742172,-0.00110586941742172
2.802,0.0345702216755491,-0.00174554618053511,-0.00110230386844731,-0.00110230386844731
2.803,0.0344703521011277,-0.00174056195252186,-0.00109874981952033,-0.00109874981952033
2.804,0.0343707676999831,-0.00173559174883663,-0.00109520723353662,-0.00109520723353662
2.805,0.03427146766969,-0.00173063553076567,-0.0010916760735118,-0.0010916760735118
2.806,0.0341724512100384,-0.00172569325969935,-0.00108815630258084,-0.00108815630258084
2.807,0.0340737175230274,-0.00172076489713193,-0.0010846478839977,-0.0010846478839977
2.808,0.0339752658128593,-0.00171585040466126,-0.00108115078113495,-0.00108115078113495
2.809,0.0338770952859338,-0.00171094974398853,-0.00107766495748336,-0.00107766495748336
2.81,0.0337792051508419,-0.00170606287691799,-0.00107419037665155,-0.00107419037665155
2.811,0.0336815946183602,-0.00170118976535668,-0.00107072700236557,-0.00107072700236557
2.812,0.033584262901445,-0.00169633037131417,-0.00106727479846857,-0.00106727479846857
2.813,0.0334872092152263,-0.00169148465690232,-0.00106383372892038,-0.00106383372892038
2.814,0.0333904327770018,-0.00168665258433496,-0.00106040375779717,-0.00106040375779717
2.815,0.0332939328062315,-0.00168183411592766,-0.00105698484929103,-0.00105698484929103
2.816,0.0331977085245318,-0.00167702921409747,-0.00105357696770964,-0.00105357696770964
2.817,0.033101759155669,-0.00167223784136263,-0.00105018007747586,-0.00105018007747586
2.818,0.0330060839255547,-0.00166745996034235,-0.00104679414312739,-0.00104679414312739
2.819,0.032910682062239,-0.0016626955337565,-0.00104341912931638,-0.00104341912931638
2.82,0.0328155527959051,-0.00165794452442536,-0.00104005500080906,-0.00104005500080906
2.821,0.0327206953588637,-0.00165320689526941,-0.00103670172248538,-0.00103670172248538
2.822,0.0326261089855471,-0.00164848260930898,-0.00103335925933864,-0.00103335925933864
2.823,0.0325317929125036,-0.00164377162966408,-0.00103002757647512,-0.00103002757647512
2.824,0.0324377463783916,-0.00163907391955408,-0.00102670663911373,-0.00102670663911373
2.825,0.0323439686239739,-0.00163438944229747,-0.00102339641258561,-0.00102339641258561
2.826,0.0322504588921126,-0.00162971816131162,-0.00102009686233383,-0.00102009686233383
2.827,0.0321572164277626,-0.0016250600401125,-0.00101680795391296,-0.00101680795391296
2.828,0.0320642404779665,-0.00162041504231441,-0.00101352965298875,-0.00101352965298875
2.829,0.0319715302918489,-0.00161578313162978,-0.00101026192533776,-0.00101026192533776
2.83,0.0318790851206107,-0.00161116427186886,-0.00100700473684703,-0.00100700473684703
2.831,0.0317869042175233,-0.00160655842693949,-0.00100375805351365,-0.00100375805351365
2.832,0.0316949868379236,-0.00160196556084685,-0.0010005218414445,-0.0010005218414445
2.833,0.0316033322392077,-0.00159738563769318,-0.000997296066855809,-0.000997296066855809
2.834,0.0315119396808261,-0.00159281862167755,-0.000994080696072869,-0.000994080696072869
2.835,0.0314208084242776,-0.00158826447709563,-0.00099087569552965,-0.00099087569552965
2.836,0.0313299377331037,-0.00158372316833939,-0.000987681031768446,-0.000987681031768446
2.837,0.0312393268728837,-0.00157919465989685,-0.000984496671439532,-0.000984496671439532
2.838,0.0311489751112288,-0.00157467891635191,-0.000981322581300825,-0.000981322581300825
2.839,0.0310588817177764,-0.00157017590238398,-0.000978158728217529,-0.000978158728217529
2.84,0.0309690459641851,-0.00156568558276783,-0.000975005079161779,-0.000975005079161779
2.841,0.0308794671241289,-0.0015612079223733,-0.000971861601212303,-0.000971861601212303
2.842,0.0307901444732922,-0.00155674288616505,-0.000968728261554103,-0.000968728261554103
2.843,0.0307010772893636,-0.00155229043920232,-0.000965605027478059,-0.000965605027478059
2.844,0.0306122648520312,-0.00154785054663869,-0.00096249186638063,-0.00096249186638063
2.845,0.0305237064429771,-0.00154342317372182,-0.000959388745763502,-0.000959388745763502
2.846,0.0304354013458717,-0.00153900828579322,-0.000956295633233238,-0.000956295633233238
2.847,0.0303473488463684,-0.00153460584828799,-0.000953212496500955,-0.000953212496500955
2.848,0.0302595482320985,-0.00153021582673458,-0.000950139303381973,-0.000950139303381973
2.849,0.0301719987926657,-0.00152583818675458,-0.000947076021795487,-0.000947076021795487
2.85,0.0300846998196409,-0.0015214728940624,-0.00094402261976423,-0.00094402261976423
2.851,0.0299976506065563,-0.00151711991446511,-0.000940979065414137,-0.000940979065414137
2.852,0.0299108504489012,-0.00151277921386216,-0.000937945326974011,-0.000937945326974011
2.853,0.0298242986441155,-0.00150845075824512,-0.000934921372775191,-0.000934921372775191
2.854,0.0297379944915855,-0.0015041345136975,-0.000931907171251229,-0.000931907171251229
2.855,0.0296519372926377,-0.00149983044639443,-0.000928902690937549,-0.000928902690937549
2.856,0.0295661263505343,-0.00149553852260249,-0.00092590790047112,-0.00092590790047112
2.857,0.0294805609704675,-0.00149125870867943,-0.000922922768590134,-0.000922922768590134
2.858,0.0293952404595547,-0.00148699097107397,-0.000919947264133678,-0.000919947264133678
2.859,0.0293101641268328,-0.0014827352763255,-0.000916981356041402,-0.000916981356041402
2.86,0.0292253312832533,-0.00147849159106392,-0.000914025013353201,-0.000914025013353201
2.861,0.029140741241677,-0.00147425988200934,-0.000911078205208882,-0.000911078205208882
2.862,0.0290563933168693,-0.00147004011597188,-0.000908140900847862,-0.000908140900847862
2.863,0.0289722868254942,-0.00146583225985143,-0.000905213069608817,-0.000905213069608817
2.864,0.0288884210861099,-0.00146163628063739,-0.000902294680929391,-0.000902294680929391
2.865,0.0288047954191633,-0.00145745214540847,-0.000899385704345855,-0.000899385704345855
2.866,0.0287214091469851,-0.00145327982133245,-0.000896486109492799,-0.000896486109492799
2.867,0.0286382615937846,-0.00144911927566593,-0.000893595866102806,-0.000893595866102806
2.868,0.0285553520856444,-0.0014449704757541,-0.00089071494400615,-0.00089071494400615
2.869,0.0284726799505157,-0.00144083338903052,-0.000887843313130469,-0.000887843313130469
2.87,0.0283902445182133,-0.00143670798301691,-0.000884980943500452,-0.000884980943500452
2.871,0.02830804512041,-0.00143259422532286,-0.000882127805237531,-0.000882127805237531
2.872,0.0282260810906322,-0.00142849208364565,-0.000879283868559563,-0.000879283868559563
2.873,0.0281443517642542,-0.00142440152576999,-0.000876449103780513,-0.000876449103780513
2.874,0.0280628564784942,-0.00142032251956784,-0.000873623481310168,-0.000873623481310168
2.875,0.0279815945724083,-0.00141625503299811,-0.000870806971653801,-0.000870806971653801
2.876,0.0279005653868859,-0.00141219903410649,-0.000867999545411873,-0.000867999545411873
2.877,0.0278197682646449,-0.00140815449102521,-0.000865201173279723,-0.000865201173279723
2.878,0.0277392025502268,-0.00140412137197278,-0.000862411826047276,-0.000862411826047276
2.879,0.0276588675899911,-0.00140009964525382,-0.000859631474598718,-0.000859631474598718
2.88,0.0275787627321113,-0.00139608927925878,-0.000856860089912193,-0.000856860089912193
2.881,0.0274988873265694,-0.00139209024246376,-0.000854097643059519,-0.000854097643059519
2.882,0.027419240725151,-0.00138810250343026,-0.000851344105205867,-0.000851344105205867
2.883,0.0273398222814407,-0.00138412603080496,-0.000848599447609465,-0.000848599447609465
2.884,0.027260631350817,-0.0013801607933195,-0.0008458636416213,-0.0008458636416213
2.885,0.0271816672904476,-0.00137620675979025,-0.000843136658684811,-0.000843136658684811
2.886,0.0271029294592845,-0.0013722638991181,-0.000840418470335608,-0.000840418470335608
2.887,0.0270244172180589,-0.00136833218028824,-0.00083770904820115,-0.00083770904820115
2.888,0.0269461299292769,-0.00136441157236993,-0.00083500836400047,-0.00083500836400047
2.889,0.0268680669572141,-0.00136050204451627,-0.000832316389543864,-0.000832316389543864
2.89,0.0267902276679114,-0.001356603565964,-0.00082963309673261,-0.00082963309673261
2.891,0.0267126114291697,-0.00135271610603327,-0.000826958457558659,-0.000826958457558659
2.892,0.0266352176105454,-0.00134883963412742,-0.000824292444104353,-0.000824292444104353
2.893,0.0265580455833457,-0.00134497411973279,-0.000821635028542137,-0.000821635028542137
2.894,0.0264810947206236,-0.00134111953241843,-0.000818986183134255,-0.000818986183134255
2.895,0.0264043643971732,-0.00133727584183599,-0.000816345880232465,-0.000816345880232465
2.896,0.0263278539895254,-0.00133344301771938,-0.000813714092277762,-0.000813714092277762
2.897,0.0262515628759425,-0.00132962102988468,-0.000811090791800067,-0.000811090791800067
2.898,0.0261754904364141,-0.00132580984822981,-0.000808475951417958,-0.000808475951417958
2.899,0.0260996360526522,-0.00132200944273441,-0.000805869543838385,-0.000805869543838385
2.9,0.0260239991080862,-0.00131821978345955,-0.000803271541856367,-0.000803271541856367
2.901,0.025948578987859,-0.00131444084054757,-0.000800681918354723,-0.000800681918354723
2.902,0.0258733750788215,-0.00131067258422184,-0.000798100646303791,-0.000798100646303791
2.903,0.0257983867695286,-0.00130691498478654,-0.00079552769876113,-0.00079552769876113
2.904,0.0257236134502342,-0.00130316801262648,-0.00079296304887125,-0.00079296304887125
2.905,0.0256490545128868,-0.00129943163820687,-0.000790406669865329,-0.000790406669865329
2.906,0.0255747093511248,-0.00129570583207308,-0.000787858535060934,-0.000787858535060934
2.907,0.0255005773602719,-0.00129199056485049,-0.000785318617861736,-0.000785318617861736
2.908,0.0254266579373326,-0.00128828580724423,-0.000782786891757243,-0.000782786891757243
2.909,0.0253529504809876,-0.00128459153003899,-0.000780263330322516,-0.000780263330322516
2.91,0.0252794543915892,-0.00128090770409881,-0.00077774790721789,-0.00077774790721789
2.911,0.0252061690711568,-0.00127723430036686,-0.000775240596188704,-0.000775240596188704
2.912,0.0251330939233724,-0.00127357128986525,-0.000772741371065026,-0.000772741371065026
2.913,0.0250602283535761,-0.00126991864369481,-0.00077025020576138,-0.00077025020576138
2.914,0.0249875717687614,-0.0012662763330349,-0.000767767074276463,-0.000767767074276463
2.915,0.0249151235775709,-0.00126264432914317,-0.000765291950692892,-0.000765291950692892
2.916,0.024842883190292,-0.00125902260335539,-0.00076282480917692,-0.00076282480917692
2.917,0.0247708500188519,-0.00125541112708521,-0.000760365623978167,-0.000760365623978167
2.918,0.0246990234768137,-0.00125180987182399,-0.000757914369429354,-0.000757914369429354
2.919,0.0246274029793714,-0.00124821880914058,-0.000755471019946035,-0.000755471019946035
2.92,0.0245559879433461,-0.00124463791068111,-0.000753035550026329,-0.000753035550026329
2.921,0.0244847777871811,-0.00124106714816879,-0.000750607934250648,-0.000750607934250648
2.922,0.0244137719309376,-0.00123750649340371,-0.000748188147281437,-0.000748188147281437
2.923,0.0243429697962904,-0.00123395591826263,-0.000745776163862921,-0.000745776163862921
2.924,0.0242723708065234,-0.0012304153946988,-0.000743371958820808,-0.000743371958820808
2.925,0.0242019743865253,-0.00122688489474174,-0.000740975507062057,-0.000740975507062057
2.926,0.0241317799627852,-0.00122336439049703,-0.000738586783574605,-0.000738586783574605
2.927,0.0240617869633884,-0.00121985385414613,-0.000736205763427105,-0.000736205763427105
2.928,0.0239919948180117,-0.00121635325794617,-0.000733832421768663,-0.000733832421768663
2.929,0.0239224029579193,-0.00121286257422975,-0.000731466733828585,-0.000731466733828585
2.93,0.0238530108159587,-0.00120938177540476,-0.000729108674916111,-0.000729108674916111
2.931,0.0237838178265559,-0.00120591083395414,-0.000726758220420166,-0.000726758220420166
2.932,0.0237148234257116,-0.00120244972243573,-0.00072441534580909,-0.00072441534580909
2.933,0.0236460270509963,-0.00119899841348203,-0.00072208002663039,-0.00072208002663039
2.934,0.0235774281415468,-0.00119555687980004,-0.000719752238510488,-0.000719752238510488
2.935,0.0235090261380615,-0.00119212509417104,-0.000717431957154459,-0.000717431957154459
2.936,0.0234408204827959,-0.0011887030294504,-0.000715119158345773,-0.000715119158345773
2.937,0.023372810619559,-0.00118529065856739,-0.000712813817946056,-0.000712813817946056
2.938,0.0233049959937085,-0.00118188795452497,-0.000710515911894831,-0.000710515911894831
2.939,0.0232373760521469,-0.00117849489039962,-0.000708225416209259,-0.000708225416209259
2.94,0.0231699502433172,-0.00117511143934112,-0.000705942306983899,-0.000705942306983899
2.941,0.0231027180171987,-0.00117173757457238,-0.000703666560390456,-0.000703666560390456
2.942,0.0230356788253028,-0.00116837326938922,-0.000701398152677525,-0.000701398152677525
2.943,0.0229688321206689,-0.00116501849716021,-0.000699137060170352,-0.000699137060170352
2.944,0.0229021773578602,-0.00116167323132645,-0.000696883259270579,-0.000696883259270579
2.945,0.0228357139929594,-0.0011583374454014,-0.000694636726456005,-0.000694636726456005
2.946,0.0227694414835648,-0.00115501111297066,-0.00069239743828033,-0.00069239743828033
2.947,0.0227033592887862,-0.00115169420769183,-0.000690165371372923,-0.000690165371372923
2.948,0.0226374668692405,-0.00114838670329425,-0.000687940502438568,-0.000687940502438568
2.949,0.0225717636870476,-0.00114508857357888,-0.000685722808257218,-0.000685722808257218
2.95,0.0225062492058268,-0.00114179979241806,-0.000683512265683765,-0.000683512265683765
2.951,0.0224409228906921,-0.00113852033375536,-0.000681308851647788,-0.000681308851647788
2.952,0.0223757842082485,-0.00113525017160534,-0.000679112543153313,-0.000679112543153313
2.953,0.0223108326265878,-0.00113198928005342,-0.000676923317278573,-0.000676923317278573
2.954,0.0222460676152845,-0.00112873763325567,-0.000674741151175776,-0.000674741151175776
2.955,0.022181488645392,-0.00112549520543862,-0.000672566022070856,-0.000672566022070856
2.956,0.0221170951894382,-0.00112226197089905,-0.000670397907263234,-0.000670397907263234
2.957,0.0220528867214218,-0.00111903790400387,-0.000668236784125593,-0.000668236784125593
2.958,0.0219888627168081,-0.00111582297918985,-0.000666082630103632,-0.000666082630103632
2.959,0.0219250226525252,-0.0011126171709635,-0.000663935422715832,-0.000663935422715832
2.96,0.0218613660069598,-0.00110942045390088,-0.000661795139553222,-0.000661795139553222
2.961,0.0217978922599531,-0.00110623280264738,-0.000659661758279142,-0.000659661758279142
2.962,0.0217346008927972,-0.00110305419191755,-0.000657535256629015,-0.000657535256629015
2.963,0.0216714913882312,-0.00109988459649495,-0.00065541561241011,-0.00065541561241011
2.964,0.0216085632304367,-0.00109672399123192,-0.000653302803501312,-0.000653302803501312
2.965,0.0215458159050342,-0.00109357235104943,-0.000651196807852887,-0.000651196807852887
2.966,0.0214832488990793,-0.00109042965093688,-0.000649097603486254,-0.000649097603486254
2.967,0.0214208617010586,-0.00108729586595193,-0.000647005168493768,-0.000647005168493768
2.968,0.0213586538008858,-0.00108417097122032,-0.000644919481038465,-0.000644919481038465
2.969,0.021296624689898,-0.00108105494193568,-0.000642840519353849,-0.000642840519353849
2.97,0.0212347738608514,-0.00107794775335936,-0.000640768261743669,-0.000640768261743669
2.971,0.0211731008079179,-0.00107484938082024,-0.000638702686581688,-0.000638702686581688
2.972,0.0211116050266809,-0.00107175979971458,-0.000636643772311451,-0.000636643772311451
2.973,0.0210502860141317,-0.00106867898550578,-0.000634591497446063,-0.000634591497446063
2.974,0.0209891432686653,-0.00106560691372428,-0.000632545840567969,-0.000632545840567969
2.975,0.020928176290077,-0.00106254355996731,-0.000630506780328728,-0.000630506780328728
2.976,0.0208673845795583,-0.00105948889989879,-0.000628474295448786,-0.000628474295448786
2.977,0.020806767639693,-0.00105644290924906,-0.000626448364717258,-0.000626448364717258
2.978,0.0207463249744538,-0.00105340556381478,-0.000624428966991704,-0.000624428966991704
2.979,0.0206860560891982,-0.00105037683945875,-0.000622416081197908,-0.000622416081197908
2.98,0.0206259604906646,-0.00104735671210966,-0.000620409686329665,-0.000620409686329665
2.981,0.0205660376869688,-0.00104434515776202,-0.000618409761448545,-0.000618409761448545
2.982,0.0205062871876002,-0.00104134215247589,-0.000616416285683689,-0.000616416285683689
2.983,0.0204467085034179,-0.0010383476723768,-0.000614429238231591,-0.000614429238231591
2.984,0.020387301146647,-0.00103536169365547,-0.000612448598355866,-0.000612448598355866
2.985,0.0203280646308751,-0.00103238419256773,-0.000610474345387052,-0.000610474345387052
2.986,0.0202689984710481,-0.00102941514543431,-0.00060850645872238,-0.00060850645872238
2.987,0.020210102183467,-0.00102645452864066,-0.000606544917825569,-0.000606544917825569
2.988,0.0201513752857839,-0.00102350231863677,-0.000604589702226599,-0.000604589702226599
2.989,0.0200928172969982,-0.00102055849193705,-0.000602640791521506,-0.000602640791521506
2.99,0.0200344277374534,-0.0010176230251201,-0.000600698165372172,-0.000600698165372172
2.991,0.0199762061288329,-0.00101469589482857,-0.000598761803506106,-0.000598761803506106
2.992,0.0199181519941566,-0.00101177707776899,-0.000596831685716229,-0.000596831685716229
2.993,0.0198602648577771,-0.00100886655071158,-0.00059490779186067,-0.00059490779186067
2.994,0.0198025442453763,-0.00100596429049011,-0.000592990101862555,-0.000592990101862555
2.995,0.0197449896839615,-0.00100307027400172,-0.000591078595709795,-0.000591078595709795
2.996,0.019687600701862,-0.00100018447820673,-0.000589173253454878,-0.000589173253454878
2.997,0.0196303768287252,-0.000997306880128496,-0.00058727405521465,-0.00058727405521465
2.998,0.0195733175955133,-0.000994437456853252,-0.000585380981170133,-0.000585380981170133
2.999,0.0195164225344996,-0.000991576185529915,-0.000583494011566287,-0.000583494011566287
3,0.0194596911792647,-0.000988723043369933,-0.000581613126711828,-0.000581613126711828
3.001,0.0194031230646932,-0.000985878007647118,-0.000579738306979009,-0.000579738306979009
3.002,0.0193467177269701,-0.000983041055697479,-0.000577869532803419,-0.000577869532803419
3.003,0.0192904747035771,-0.000980212164919062,-0.000576006784683777,-0.000576006784683777
3.004,0.0192343935332891,-0.000977391312771774,-0.000574150043181731,-0.000574150043181731
3.005,0.0191784737561707,-0.000974578476777228,-0.000572299288921651,-0.000572299288921651
3.006,0.0191227149135728,-0.000971773634518575,-0.00057045450259043,-0.00057045450259043
3.007,0.0190671165481286,-0.000968976763640343,-0.00056861566493728,-0.00056861566493728
3.008,0.0190116782037508,-0.000966187841848271,-0.000566782756773534,-0.000566782756773534
3.009,0.0189563994256274,-0.000963406846909146,-0.000564955758972441,-0.000564955758972441
3.01,0.0189012797602187,-0.000960633756650642,-0.000563134652468967,-0.000563134652468967
3.011,0.0188463187552537,-0.000957868548961162,-0.0005613194182596,-0.0005613194182596
3.012,0.0187915159597263,-0.000955111201789666,-0.000559510037402147,-0.000559510037402147
3.013,0.0187368709238924,-0.000952361693145521,-0.000557706491015539,-0.000557706491015539
3.014,0.018682383199266,-0.000949620001098331,-0.000555908760279627,-0.000555908760279627
3.015,0.0186280523386158,-0.000946886103777787,-0.000554116826434999,-0.000554116826434999
3.016,0.0185738778959621,-0.000944159979373497,-0.000552330670782771,-0.000552330670782771
3.017,0.018519859426573,-0.000941441606134831,-0.000550550274684396,-0.000550550274684396
3.018,0.018465996486961,-0.000938730962370761,-0.000548775619561466,-0.000548775619561466
3.019,0.0184122886348799,-0.000936028026449706,-0.000547006686895532,-0.000547006686895532
3.02,0.018358735429321,-0.000933332776799368,-0.000545243458227886,-0.000545243458227886
3.021,0.0183053364305101,-0.000930645191906578,-0.000543485915159395,-0.000543485915159395
3.022,0.0182520911999039,-0.000927965250317133,-0.000541734039350285,-0.000541734039350285
3.023,0.0181989993001865,-0.000925292930635652,-0.000539987812519968,-0.000539987812519968
3.024,0.0181460602952663,-0.000922628211525401,-0.000538247216446835,-0.000538247216446835
3.025,0.0180932737502725,-0.000919971071708153,-0.000536512232968083,-0.000536512232968083
3.026,0.0180406392315517,-0.000917321489964019,-0.000534782843979504,-0.000534782843979504
3.027,0.0179881563066649,-0.000914679445131306,-0.000533059031435323,-0.000533059031435323
3.028,0.0179358245443836,-0.00091204491610635,-0.000531340777347979,-0.000531340777347979
3.029,0.017883643514687,-0.000909417881843367,-0.000529628063787963,-0.000529628063787963
3.03,0.0178316127887584,-0.000906798321354297,-0.00052792087288361,-0.00052792087288361
3.031,0.0177797319389819,-0.000904186213708653,-0.000526219186820931,-0.000526219186820931
3.032,0.0177280005389394,-0.000901581538033364,-0.000524522987843416,-0.000524522987843416
3.033,0.0176764181634069,-0.000898984273512623,-0.000522832258251845,-0.000522832258251845
3.034,0.0176249843883514,-0.000896394399387733,-0.000521146980404115,-0.000521146980404115
3.035,0.0175736987909279,-0.000893811894956961,-0.000519467136715042,-0.000519467136715042
3.036,0.0175225609494757,-0.000891236739575378,-0.000517792709656192,-0.000517792709656192
3.037,0.0174715704435153,-0.000888668912654709,-0.000516123681755684,-0.000516123681755684
3.038,0.0174207268537454,-0.000886108393663186,-0.00051446003559802,-0.00051446003559802
3.039,0.0173700297620392,-0.000883555162125397,-0.000512801753823888,-0.000512801753823888
3.04,0.0173194787514417,-0.000881009197622127,-0.000511148819129997,-0.000511148819129997
3.041,0.0172690734061661,-0.000878470479790221,-0.000509501214268885,-0.000509501214268885
3.042,0.0172188133115907,-0.000875938988322422,-0.000507858922048741,-0.000507858922048741
3.043,0.0171686980542558,-0.000873414702967233,-0.00050622192533323,-0.00050622192533323
3.044,0.0171187272218605,-0.000870897603528759,-0.000504590207041309,-0.000504590207041309
3.045,0.0170689004032591,-0.000868387669866563,-0.000502963750147046,-0.000502963750147046
3.046,0.0170192171884587,-0.000865884881895517,-0.000501342537679456,-0.000501342537679456
3.047,0.0169696771686154,-0.000863389219585656,-0.000499726552722303,-0.000499726552722303
3.048,0.0169202799360314,-0.000860900662962027,-0.00049811577841394,-0.00049811577841394
3.049,0.0168710250841518,-0.000858419192104545,-0.000496510197947127,-0.000496510197947127
3.05,0.0168219122075614,-0.000855944787147844,-0.000494909794568851,-0.000494909794568851
3.051,0.0167729409019818,-0.000853477428281137,-0.000493314551580163,-0.000493314551580163
3.052,0.016724110764268,-0.000851017095748061,-0.000491724452335986,-0.000491724452335986
3.053,0.0166754213924054,-0.000848563769846536,-0.000490139480244961,-0.000490139480244961
3.054,0.0166268723855066,-0.000846117430928623,-0.000488559618769254,-0.000488559618769254
3.055,0.0165784633438087,-0.000843678059400374,-0.000486984851424398,-0.000486984851424398
3.056,0.0165301938686696,-0.000841245635721691,-0.000485415161779116,-0.000485415161779116
3.057,0.0164820635625655,-0.000838820140406181,-0.000483850533455147,-0.000483850533455147
3.058,0.0164340720290871,-0.00083640155402101,-0.000482290950127074,-0.000482290950127074
3.059,0.0163862188729376,-0.000833989857186768,-0.000480736395522163,-0.000480736395522163
3.06,0.0163385036999285,-0.000831585030577313,-0.00047918685342018,-0.00047918685342018
3.061,0.0162909261169774,-0.000829187054919641,-0.000477642307653232,-0.000477642307653232
3.062,0.0162434857321045,-0.000826795910993735,-0.000476102742105587,-0.000476102742105587
3.063,0.0161961821544298,-0.000824411579632432,-0.000474568140713519,-0.000474568140713519
3.064,0.0161490149941699,-0.000822034041721272,-0.000473038487465131,-0.000473038487465131
3.065,0.0161019838626351,-0.000819663278198364,-0.000471513766400189,-0.000471513766400189
3.066,0.0160550883722264,-0.00081729927005424,-0.000469993961609958,-0.000469993961609958
3.067,0.0160083281364325,-0.000814941998331722,-0.000468479057237034,-0.000468479057237034
3.068,0.0159617027698266,-0.000812591444125773,-0.000466969037475178,-0.000466969037475178
3.069,0.0159152118880638,-0.000810247588583366,-0.000465463886569147,-0.000465463886569147
3.07,0.0158688551078777,-0.000807910412903337,-0.000463963588814544,-0.000463963588814544
3.071,0.0158226320470778,-0.000805579898336254,-0.000462468128557636,-0.000462468128557636
3.072,0.0157765423245464,-0.000803256026184271,-0.000460977490195198,-0.000460977490195198
3.073,0.0157305855602356,-0.000800938777800995,-0.000459491658174356,-0.000459491658174356
3.074,0.0156847613751642,-0.000798628134591346,-0.000458010616992407,-0.000458010616992407
3.075,0.0156390693914152,-0.00079632407801142,-0.000456534351196682,-0.000456534351196682
3.076,0.0155935092321327,-0.000794026589568353,-0.000455062845384363,-0.000455062845384363
3.077,0.0155480805215185,-0.000791735650820182,-0.000453596084202332,-0.000453596084202332
3.078,0.0155027828848299,-0.00078945124337571,-0.000452134052347009,-0.000452134052347009
3.079,0.0154576159483765,-0.000787173348894369,-0.000450676734564191,-0.000450676734564191
3.08,0.0154125793395171,-0.000784901949086088,-0.000449224115648897,-0.000449224115648897
3.081,0.0153676726866573,-0.000782637025711153,-0.000447776180445203,-0.000447776180445203
3.082,0.015322895619246,-0.000780378560580072,-0.000446332913846082,-0.000446332913846082
3.083,0.0152782477677729,-0.000778126535553445,-0.000444894300793258,-0.000444894300793258
3.084,0.0152337287637658,-0.000775880932541827,-0.000443460326277038,-0.000443460326277038
3.085,0.0151893382397874,-0.000773641733505591,-0.000442030975336159,-0.000442030975336159
3.086,0.0151450758294324,-0.000771408920454801,-0.00044060623305763,-0.00044060623305763
3.087,0.0151009411673251,-0.000769182475449072,-0.000439186084576575,-0.000439186084576575
3.088,0.0150569338891161,-0.000766962380597443,-0.000437770515076086,-0.000437770515076086
3.089,0.0150130536314798,-0.000764748618058239,-0.000436359509787055,-0.000436359509787055
3.09,0.0149693000321113,-0.000762541170038944,-0.000434953053988034,-0.000434953053988034
3.091,0.0149256727297238,-0.000760340018796063,-0.000433551133005068,-0.000433551133005068
3.092,0.0148821713640458,-0.000758145146635,-0.00043215373221155,-0.00043215373221155
3.093,0.0148387955758182,-0.000755956535909915,-0.000430760837028068,-0.000430760837028068
3.094,0.0147955450067914,-0.000753774169023601,-0.000429372432922247,-0.000429372432922247
3.095,0.0147524192997228,-0.000751598028427352,-0.000427988505408601,-0.000427988505408601
3.096,0.0147094180983738,-0.000749428096620832,-0.000426609040048384,-0.000426609040048384
3.097,0.0146665410475071,-0.000747264356151946,-0.000425234022449436,-0.000425234022449436
3.098,0.0146237877928842,-0.000745106789616708,-0.000423863438266034,-0.000423863438266034
3.099,0.014581157981262,-0.000742955379659115,-0.000422497273198734,-0.000422497273198734
3.1,0.0145386512603908,-0.000740810108971019,-0.000421135512994236,-0.000421135512994236
3.101,0.014496267279011,-0.000738670960291992,-0.00041977814344523,-0.00041977814344523
3.102,0.0144540056868506,-0.000736537916409205,-0.000418425150390239,-0.000418425150390239
3.103,0.0144118661346226,-0.000734410960157297,-0.000417076519713482,-0.000417076519713482
3.104,0.014369848274022,-0.000732290074418248,-0.00041573223734472,-0.00041573223734472
3.105,0.0143279517577234,-0.000730175242121252,-0.000414392289259112,-0.000414392289259112
3.106,0.014286176239378,-0.000728066446242588,-0.000413056661477067,-0.000413056661477067
3.107,0.014244521373611,-0.000725963669805496,-0.000411725340064103,-0.000411725340064103
3.108,0.0142029868160191,-0.000723866895880052,-0.000410398311130687,-0.000410398311130687
3.109,0.0141615722231676,-0.000721776107583039,-0.000409075560832113,-0.000409075560832113
3.11,0.0141202772525878,-0.000719691288077821,-0.00040775707536833,-0.00040775707536833
3.111,0.0140791015627744,-0.00071761242057422,-0.000406442840983822,-0.000406442840983822
3.112,0.0140380448131826,-0.000715539488328394,-0.000405132843967454,-0.000405132843967454
3.113,0.0139971066642259,-0.000713472474642706,-0.000403827070652325,-0.000403827070652325
3.114,0.0139562867772729,-0.000711411362865602,-0.000402525507415631,-0.000402525507415631
3.115,0.0139155848146452,-0.000709356136391487,-0.000401228140678522,-0.000401228140678522
3.116,0.0138750004396143,-0.000707306778660608,-0.000399934956905958,-0.000399934956905958
3.117,0.0138345333163994,-0.000705263273158919,-0.00039864594260657,-0.00039864594260657
3.118,0.0137941831101644,-0.000703225603417966,-0.000397361084332514,-0.000397361084332514
3.119,0.0137539494870155,-0.000701193753014762,-0.00039608036867934,-0.00039608036867934
3.12,0.0137138321139986,-0.000699167705571665,-0.000394803782285843,-0.000394803782285843
3.121,0.0136738306590968,-0.000697147444756256,-0.000393531311833928,-0.000393531311833928
3.122,0.0136339447912275,-0.000695132954281217,-0.000392262944048466,-0.000392262944048466
3.123,0.0135941741802401,-0.00069312421790421,-0.000390998665697165,-0.000390998665697165
3.124,0.0135545184969133,-0.000691121219427758,-0.000389738463590421,-0.000389738463590421
3.125,0.0135149774129525,-0.000689123942699117,-0.000388482324581186,-0.000388482324581186
3.126,0.0134755506009875,-0.000687132371610165,-0.000387230235564829,-0.000387230235564829
3.127,0.0134362377345695,-0.000685146490097274,-0.000385982183479002,-0.000385982183479002
3.128,0.013397038488169,-0.000683166282141198,-0.0003847381553035,-0.0003847381553035
3.129,0.013357952537173,-0.000681191731766945,-0.000383498138060124,-0.000383498138060124
3.13,0.0133189795578825,-0.000679222823043665,-0.00038226211881255,-0.00038226211881255
3.131,0.0132801192275101,-0.000677259540084525,-0.00038103008466619,-0.00038103008466619
3.132,0.0132413712241773,-0.000675301867046596,-0.00037980202276806,-0.00037980202276806
3.133,0.0132027352269121,-0.000673349788130732,-0.000378577920306645,-0.000378577920306645
3.134,0.0131642109156465,-0.000671403287581451,-0.000377357764511761,-0.000377357764511761
3.135,0.013125797971214,-0.000669462349686818,-0.000376141542654429,-0.000376141542654429
3.136,0.013087496075347,-0.000667526958778332,-0.000374929242046735,-0.000374929242046735
3.137,0.0130493049106744,-0.000665597099230801,-0.000373720850041705,-0.000373720850041705
3.138,0.0130112241607192,-0.000663672755462231,-0.000372516354033165,-0.000372516354033165
3.139,0.012973253509896,-0.000661753911933709,-0.000371315741455612,-0.000371315741455612
3.14,0.0129353926435082,-0.000659840553149284,-0.000370118999784087,-0.000370118999784087
3.141,0.0128976412477462,-0.000657932663655856,-0.000368926116534041,-0.000368926116534041
3.142,0.0128599990096842,-0.000656030228043054,-0.0003677370792612,-0.0003677370792612
3.143,0.0128224656172785,-0.000654133230943125,-0.000366551875561443,-0.000366551875561443
3.144,0.0127850407593644,-0.000652241657030822,-0.000365370493070668,-0.000365370493070668
3.145,0.0127477241256542,-0.000650355491023282,-0.000364192919464662,-0.000364192919464662
3.146,0.0127105154067345,-0.000648474717679916,-0.000363019142458974,-0.000363019142458974
3.147,0.0126734142940641,-0.000646599321802296,-0.00036184914980879,-0.00036184914980879
3.148,0.0126364204799714,-0.000644729288234037,-0.000360682929308799,-0.000360682929308799
3.149,0.0125995336576517,-0.00064286460186069,-0.000359520468793069,-0.000359520468793069
3.15,0.0125627535211654,-0.000641005247609621,-0.000358361756134915,-0.000358361756134915
3.151,0.0125260797654352,-0.000639151210449904,-0.000357206779246781,-0.000357206779246781
3.152,0.0124895120862438,-0.000637302475392207,-0.000356055526080109,-0.000356055526080109
3.153,0.0124530501802316,-0.000635459027488681,-0.000354907984625212,-0.000354907984625212
3.154,0.0124166937448942,-0.000633620851832842,-0.000353764142911148,-0.000353764142911148
3.155,0.01238044247858,-0.000631787933559466,-0.000352623989005599,-0.000352623989005599
3.156,0.0123442960804882,-0.000629960257844478,-0.000351487511014744,-0.000351487511014744
3.157,0.0123082542506659,-0.000628137809904835,-0.000350354697083134,-0.000350354697083134
3.158,0.0122723166900063,-0.000626320574998419,-0.00034922553539357,-0.00034922553539357
3.159,0.0122364831002459,-0.000624508538423924,-0.000348100014166975,-0.000348100014166975
3.16,0.0122007531839624,-0.000622701685520754,-0.000346978121662279,-0.000346978121662279
3.161,0.0121651266445723,-0.0006209000016689,-0.000345859846176291,-0.000345859846176291
3.162,0.0121296031863286,-0.00061910347228884,-0.000344745176043577,-0.000344745176043577
3.163,0.0120941825143187,-0.000617312082841427,-0.000343634099636334,-0.000343634099636334
3.164,0.0120588643344616,-0.000615525818827779,-0.000342526605364282,-0.000342526605364282
3.165,0.012023648353506,-0.00061374466578917,-0.000341422681674528,-0.000341422681674528
3.166,0.0119885342790278,-0.000611968609306925,-0.000340322317051453,-0.000340322317051453
3.167,0.011953521819428,-0.000610197635002305,-0.000339225500016591,-0.000339225500016591
3.168,0.0119186106839302,-0.000608431728536408,-0.000338132219128508,-0.000338132219128508
3.169,0.0118838005825785,-0.000606670875610052,-0.000337042462982682,-0.000337042462982682
3.17,0.0118490912262352,-0.000604915061963675,-0.000335956220211384,-0.000335956220211384
3.171,0.0118144823265781,-0.000603164273377223,-0.000334873479483564,-0.000334873479483564
3.172,0.0117799735960992,-0.000601418495670046,-0.000333794229504724,-0.000333794229504724
3.173,0.0117455647481015,-0.000599677714700792,-0.000332718459016805,-0.000332718459016805
3.174,0.0117112554966971,-0.000597941916367297,-0.000331646156798073,-0.000331646156798073
3.175,0.0116770455568051,-0.000596211086606481,-0.000330577311662993,-0.000330577311662993
3.176,0.0116429346441493,-0.000594485211394246,-0.00032951191246212,-0.00032951191246212
3.177,0.0116089224752557,-0.000592764276745364,-0.000328449948081977,-0.000328449948081977
3.178,0.0115750087674506,-0.000591048268713376,-0.000327391407444943,-0.000327391407444943
3.179,0.0115411932388583,-0.000589337173390486,-0.000326336279509135,-0.000326336279509135
3.18,0.0115074756083988,-0.000587630976907457,-0.000325284553268296,-0.000325284553268296
3.181,0.0114738555957856,-0.000585929665433506,-0.000324236217751672,-0.000324236217751672
3.182,0.0114403329215237,-0.000584233225176198,-0.000323191262023908,-0.000323191262023908
3.183,0.0114069073069071,-0.000582541642381348,-0.000322149675184924,-0.000322149675184924
3.184,0.0113735784740168,-0.000580854903332911,-0.00032111144636981,-0.00032111144636981
3.185,0.0113403461457187,-0.000579172994352883,-0.000320076564748706,-0.000320076564748706
3.186,0.0113072100456611,-0.000577495901801195,-0.000319045019526689,-0.000319045019526689
3.187,0.0112741698982729,-0.000575823612075613,-0.000318016799943666,-0.000318016799943666
3.188,0.0112412254287611,-0.000574156111611634,-0.000316991895274257,-0.000316991895274257
3.189,0.0112083763631091,-0.000572493386882385,-0.000315970294827682,-0.000315970294827682
3.19,0.011175622428074,-0.000570835424398518,-0.000314951987947653,-0.000314951987947653
3.191,0.0111429633511847,-0.000569182210708112,-0.000313936964012259,-0.000313936964012259
3.192,0.0111103988607399,-0.000567533732396572,-0.00031292521243386,-0.00031292521243386
3.193,0.0110779286858058,-0.000565889976086524,-0.00031191672265897,-0.00031191672265897
3.194,0.0110455525562141,-0.000564250928437715,-0.000310911484168153,-0.000310911484168153
3.195,0.0110132702025595,-0.000562616576146917,-0.000309909486475908,-0.000309909486475908
3.196,0.0109810813561981,-0.000560986905947822,-0.000308910719130563,-0.000308910719130563
3.197,0.010948985749245,-0.000559361904610943,-0.000307915171714165,-0.000307915171714165
3.198,0.0109169831145722,-0.000557741558943514,-0.000306922833842368,-0.000306922833842368
3.199,0.0108850731858065,-0.000556125855789391,-0.00030593369516433,-0.00030593369516433
3.2,0.0108532556973276,-0.000554514782028956,-0.000304947745362602,-0.000304947745362602
3.201,0.0108215303842657,-0.00055290832457901,-0.000303964974153019,-0.000303964974153019
3.202,0.0107898969824997,-0.000551306470392682,-0.000302985371284595,-0.000302985371284595
3.203,0.0107583552286549,-0.000549709206459325,-0.000302008926539415,-0.000302008926539415
3.204,0.0107269048601009,-0.000548116519804424,-0.000301035629732524,-0.000301035629732524
3.205,0.01069554561495,-0.000546528397489491,-0.000300065470711833,-0.000300065470711833
3.206,0.0106642772320545,-0.000544944826611971,-0.000299098439357998,-0.000299098439357998
3.207,0.010633099451005,-0.000543365794305146,-0.000298134525584324,-0.000298134525584324
3.208,0.0106020120121283,-0.000541791287738033,-0.000297173719336655,-0.000297173719336655
3.209,0.0105710146564854,-0.000540221294115294,-0.000296216010593272,-0.000296216010593272
3.21,0.0105401071258694,-0.00053865580067713,-0.000295261389364787,-0.000295261389364787
3.211,0.0105092891628032,-0.000537094794699194,-0.000294309845694037,-0.000294309845694037
3.212,0.0104785605105381,-0.000535538263492487,-0.000293361369655982,-0.000293361369655982
3.213,0.0104479209130513,-0.00053398619440327,-0.000292415951357606,-0.000292415951357606
3.214,0.0104173701150438,-0.000532438574812961,-0.0002914735809378,-0.0002914735809378
3.215,0.010386907861939,-0.000530895392138043,-0.000290534248567274,-0.000290534248567274
3.216,0.0103565338998798,-0.000529356633829968,-0.000289597944448446,-0.000289597944448446
3.217,0.0103262479757274,-0.000527822287375064,-0.000288664658815342,-0.000288664658815342
3.218,0.0102960498370589,-0.000526292340294436,-0.000287734381933493,-0.000287734381933493
3.219,0.0102659392321653,-0.000524766780143878,-0.000286807104099836,-0.000286807104099836
3.22,0.0102359159100499,-0.00052324559451377,-0.000285882815642605,-0.000285882815642605
3.221,0.0102059796204256,-0.000521728771028995,-0.000284961506921244,-0.000284961506921244
3.222,0.0101761301137137,-0.000520216297348835,-0.00028404316832629,-0.00028404316832629
3.223,0.0101463671410415,-0.000518708161166885,-0.000283127790279287,-0.000283127790279287
3.224,0.0101166904542403,-0.000517204350210953,-0.000282215363232677,-0.000282215363232677
3.225,0.0100870998058437,-0.000515704852242975,-0.000281305877669699,-0.000281305877669699
3.226,0.0100575949490855,-0.000514209655058917,-0.0002803993241043,-0.0002803993241043
3.227,0.0100281756378977,-0.000512718746488682,-0.000279495693081023,-0.000279495693081023
3.228,0.00999884162690872,-0.00051123211439602,-0.00027859497517492,-0.00027859497517492
3.229,0.00996959267144129,-0.000509749746678437,-0.000277697160991447,-0.000277697160991447
3.23,0.00994042852751061,-0.0005082716312671,-0.000276802241166363,-0.000276802241166363
3.231,0.00991134895182243,-0.000506797756126748,-0.000275910206365641,-0.000275910206365641
3.232,0.00988235370177109,-0.0005053281092556,-0.000275021047285361,-0.000275021047285361
3.233,0.00985344253543768,-0.000503862678685265,-0.000274134754651624,-0.000274134754651624
3.234,0.009824615211588,-0.000502401452480647,-0.000273251319220442,-0.000273251319220442
3.235,0.00979587148967077,-0.000500944418739861,-0.000272370731777654,-0.000272370731777654
3.236,0.00976721112981567,-0.000499491565594137,-0.000271492983138817,-0.000271492983138817
3.237,0.00973863389283149,-0.000498042881207735,-0.000270618064149125,-0.000270618064149125
3.238,0.00971013954020419,-0.000496598353777848,-0.000269745965683299,-0.000269745965683299
3.239,0.00968172783409505,-0.000495157971534522,-0.000268876678645499,-0.000268876678645499
3.24,0.00965339853733876,-0.000493721722740557,-0.000268010193969232,-0.000268010193969232
3.241,0.0096251514134416,-0.000492289595691426,-0.000267146502617249,-0.000267146502617249
3.242,0.00959698622657953,-0.00049086157871518,-0.000266285595581458,-0.000266285595581458
3.243,0.00956890274159629,-0.000489437660172364,-0.000265427463882824,-0.000265427463882824
3.244,0.00954090072400163,-0.000488017828455923,-0.000264572098571281,-0.000264572098571281
3.245,0.0095129799399694,-0.000486602071991121,-0.000263719490725633,-0.000263719490725633
3.246,0.0094851401563357,-0.000485190379235448,-0.000262869631453465,-0.000262869631453465
3.247,0.00945738114059704,-0.000483782738678532,-0.000262022511891049,-0.000262022511891049
3.248,0.00942970266090851,-0.000482379138842055,-0.000261178123203249,-0.000261178123203249
3.249,0.00940210448608197,-0.000480979568279664,-0.000260336456583434,-0.000260336456583434
3.25,0.00937458638558417,-0.000479584015576883,-0.00025949750325338,-0.00025949750325338
3.251,0.00934714812953494,-0.000478192469351026,-0.00025866125446318,-0.00025866125446318
3.252,0.00931978948870538,-0.000476804918251113,-0.000257827701491157,-0.000257827701491157
3.253,0.0092925102345161,-0.000475421350957783,-0.000256996835643769,-0.000256996835643769
3.254,0.0092653101390353,-0.000474041756183204,-0.000256168648255518,-0.000256168648255518
3.255,0.00923818897497705,-0.000472666122670993,-0.000255343130688858,-0.000255343130688858
3.256,0.00921114651569943,-0.000471294439196125,-0.00025452027433411,-0.00025452027433411
3.257,0.00918418253520284,-0.000469926694564853,-0.000253700070609371,-0.000253700070609371
3.258,0.00915729680812807,-0.000468562877614617,-0.000252882510960418,-0.000252882510960418
3.259,0.00913048910975463,-0.000467202977213964,-0.000252067586860625,-0.000252067586860625
3.26,0.00910375921599888,-0.000465846982262459,-0.000251255289810873,-0.000251255289810873
3.261,0.00907710690341237,-0.000464494881690604,-0.000250445611339461,-0.000250445611339461
3.262,0.00905053194917995,-0.000463146664459753,-0.000249638543002014,-0.000249638543002014
3.263,0.00902403413111807,-0.000461802319562025,-0.000248834076381401,-0.000248834076381401
3.264,0.00899761322767298,-0.000460461836020223,-0.00024803220308764,-0.00024803220308764
3.265,0.00897126901791907,-0.000459125202887752,-0.000247232914757819,-0.000247232914757819
3.266,0.00894500128155697,-0.000457792409248531,-0.000246436203056002,-0.000246436203056002
3.267,0.00891880979891194,-0.000456463444216911,-0.00024564205967314,-0.00024564205967314
3.268,0.00889269435093201,-0.000455138296937594,-0.000244850476326993,-0.000244850476326993
3.269,0.0088666547191864,-0.000453816956585553,-0.000244061444762037,-0.000244061444762037
3.27,0.0088406906858636,-0.00045249941236594,-0.000243274956749379,-0.000243274956749379
3.271,0.00881480203376978,-0.000451185653514013,-0.000242491004086672,-0.000242491004086672
3.272,0.00878898854632702,-0.000449875669295049,-0.000241709578598027,-0.000241709578598027
3.273,0.0087632500075716,-0.000448569449004264,-0.000240930672133931,-0.000240930672133931
3.274,0.00873758620215227,-0.00044726698196673,-0.000240154276571159,-0.000240154276571159
3.275,0.00871199691532857,-0.000445968257537296,-0.000239380383812694,-0.000239380383812694
3.276,0.00868648193296909,-0.000444673265100503,-0.000238608985787632,-0.000238608985787632
3.277,0.00866104104154982,-0.000443381994070507,-0.000237840074451111,-0.000237840074451111
3.278,0.00863567402815241,-0.000442094433890995,-0.000237073641784218,-0.000237073641784218
3.279,0.00861038068046251,-0.000440810574035106,-0.000236309679793907,-0.000236309679793907
3.28,0.00858516078676803,-0.000439530404005349,-0.000235548180512917,-0.000235548180512917
3.281,0.00856001413595758,-0.000438253913333527,-0.00023478913599969,-0.00023478913599969
3.282,0.00853494051751866,-0.000436981091580652,-0.000234032538338282,-0.000234032538338282
3.283,0.00850993972153604,-0.000435711928336867,-0.000233278379638288,-0.000233278379638288
3.284,0.00848501153869012,-0.000434446413221369,-0.000232526652034754,-0.000232526652034754
3.285,0.00846015576025527,-0.000433184535882325,-0.000231777347688101,-0.000231777347688101
3.286,0.00843537217809811,-0.000431926285996798,-0.000231030458784033,-0.000231030458784033
3.287,0.00841066058467588,-0.000430671653270663,-0.000230285977533465,-0.000230285977533465
3.288,0.00838602077303485,-0.000429420627438532,-0.000229543896172439,-0.000229543896172439
3.289,0.00836145253680862,-0.000428173198263675,-0.00022880420696204,-0.00022880420696204
3.29,0.00833695567021648,-0.00042692935553794,-0.000228066902188318,-0.000228066902188318
3.291,0.0083125299680618,-0.000425689089081676,-0.000227331974162206,-0.000227331974162206
3.292,0.00828817522573035,-0.000424452388743655,-0.000226599415219443,-0.000226599415219443
3.293,0.00826389123918878,-0.000423219244400997,-0.000225869217720486,-0.000225869217720486
3.294,0.00823967780498287,-0.000421989645959086,-0.000225141374050442,-0.000225141374050442
3.295,0.00821553472023599,-0.000420763583351499,-0.000224415876618979,-0.000224415876618979
3.296,0.00819146178264745,-0.000419541046539926,-0.000223692717860248,-0.000223692717860248
3.297,0.00816745879049095,-0.000418322025514094,-0.00022297189023281,-0.00022297189023281
3.298,0.00814352554261291,-0.000417106510291692,-0.000222253386219548,-0.000222253386219548
3.299,0.00811966183843088,-0.000415894490918291,-0.000221537198327597,-0.000221537198327597
3.3,0.00809586747793199,-0.000414685957467267,-0.000220823319088263,-0.000220823319088263
3.301,0.0080721422616713,-0.000413480900039734,-0.000220111741056941,-0.000220111741056941
3.302,0.00804848599077028,-0.000412279308764456,-0.000219402456813043,-0.000219402456813043
3.303,0.00802489846691514,-0.00041108117379778,-0.000218695458959917,-0.000218695458959917
3.304,0.00800137949235533,-0.000409886485323556,-0.00021799074012477,-0.00021799074012477
3.305,0.00797792886990196,-0.000408695233553065,-0.000217288292958595,-0.000217288292958595
3.306,0.00795454640292617,-0.000407507408724942,-0.000216588110136089,-0.000216588110136089
3.307,0.0079312318953576,-0.0004063230011051,-0.000215890184355576,-0.000215890184355576
3.308,0.00790798515168287,-0.00040514200098666,-0.000215194508338938,-0.000215194508338938
3.309,0.00788480597694396,-0.000403964398689872,-0.000214501074831532,-0.000214501074831532
3.31,0.00786169417673668,-0.000402790184562041,-0.000213809876602116,-0.000213809876602116
3.311,0.00783864955720915,-0.000401619348977456,-0.000213120906442776,-0.000213120906442776
3.312,0.00781567192506019,-0.000400451882337314,-0.000212434157168846,-0.000212434157168846
3.313,0.00779276108753787,-0.000399287775069647,-0.000211749621618837,-0.000211749621618837
3.314,0.0077699168524379,-0.000398127017629249,-0.000211067292654364,-0.000211067292654364
3.315,0.00774713902810212,-0.000396969600497601,-0.000210387163160063,-0.000210387163160063
3.316,0.00772442742341698,-0.000395815514182798,-0.000209709226043527,-0.000209709226043527
3.317,0.00770178184781204,-0.000394664749219481,-0.000209033474235224,-0.000209033474235224
3.318,0.00767920211125839,-0.000393517296168756,-0.000208359900688426,-0.000208359900688426
3.319,0.00765668802426721,-0.000392373145618131,-0.000207688498379138,-0.000207688498379138
3.32,0.00763423939788817,-0.000391232288181434,-0.000207019260306021,-0.000207019260306021
3.321,0.00761185604370805,-0.000390094714498749,-0.000206352179490321,-0.000206352179490321
3.322,0.00758953777384909,-0.00038896041523634,-0.000205687248975794,-0.000205687248975794
3.323,0.00756728440096761,-0.000387829381086579,-0.000205024461828635,-0.000205024461828635
3.324,0.00754509573825244,-0.000386701602767876,-0.000204363811137406,-0.000204363811137406
3.325,0.0075229715994235,-0.00038557707102461,-0.000203705290012962,-0.000203705290012962
3.326,0.00750091179873026,-0.000384455776627051,-0.000203048891588382,-0.000203048891588382
3.327,0.00747891615095024,-0.000383337710371297,-0.000202394609018895,-0.000202394609018895
3.328,0.00745698447138762,-0.000382222863079195,-0.000201742435481806,-0.000201742435481806
3.329,0.00743511657587169,-0.00038111122559828,-0.000201092364176431,-0.000201092364176431
3.33,0.00741331228075539,-0.000380002788801696,-0.000200444388324022,-0.000200444388324022
3.331,0.00739157140291388,-0.000378897543588131,-0.000199798501167696,-0.000199798501167696
3.332,0.00736989375974305,-0.000377795480881745,-0.000199154695972368,-0.000199154695972368
3.333,0.00734827916915805,-0.000376696591632098,-0.000198512966024675,-0.000198512966024675
3.334,0.0073267274495919,-0.000375600866814087,-0.00019787330463291,-0.00019787330463291
3.335,0.00730523841999395,-0.000374508297427871,-0.000197235705126951,-0.000197235705126951
3.336,0.00728381189982851,-0.000373418874498802,-0.000196600160858193,-0.000196600160858193
3.337,0.00726244770907336,-0.000372332589077357,-0.000195966665199474,-0.000195966665199474
3.338,0.00724114566821836,-0.000371249432239072,-0.000195335211545011,-0.000195335211545011
3.339,0.00721990559826396,-0.000370169395084467,-0.000194705793310329,-0.000194705793310329
3.34,0.0071987273207198,-0.000369092468738983,-0.000194078403932191,-0.000194078403932191
3.341,0.00717761065760329,-0.00036801864435291,-0.00019345303686853,-0.00019345303686853
3.342,0.00715655543143819,-0.000366947913101323,-0.000192829685598384,-0.000192829685598384
3.343,0.00713556146525318,-0.00036588026618401,-0.000192208343621822,-0.000192208343621822
3.344,0.00711462858258043,-0.000364815694825405,-0.000191589004459881,-0.000191589004459881
3.345,0.00709375660745422,-0.000363754190274521,-0.000190971661654496,-0.000190971661654496
3.346,0.00707294536440953,-0.000362695743804886,-0.000190356308768433,-0.000190356308768433
3.347,0.00705219467848062,-0.000361640346714468,-0.000189742939385224,-0.000189742939385224
3.348,0.00703150437519965,-0.000360587990325614,-0.000189131547109095,-0.000189131547109095
3.349,0.00701087428059525,-0.000359538665984981,-0.000188522125564903,-0.000188522125564903
3.35,0.00699030422119119,-0.000358492365063472,-0.000187914668398069,-0.000187914668398069
3.351,0.00696979402400495,-0.000357449078956165,-0.000187309169274515,-0.000187309169274515
3.352,0.00694934351654633,-0.000356408799082248,-0.000186705621880585,-0.000186705621880585
3.353,0.00692895252681607,-0.000355371516884954,-0.000186104019922997,-0.000186104019922997
3.354,0.00690862088330455,-0.000354337223831497,-0.000185504357128765,-0.000185504357128765
3.355,0.0068883484149903,-0.000353305911413002,-0.000184906627245136,-0.000184906627245136
3.356,0.00686813495133871,-0.000352277571144439,-0.000184310824039529,-0.000184310824039529
3.357,0.00684798032230063,-0.000351252194564563,-0.000183716941299462,-0.000183716941299462
3.358,0.00682788435831106,-0.000350229773235845,-0.000183124972832496,-0.000183124972832496
3.359,0.00680784689028772,-0.000349210298744405,-0.000182534912466164,-0.000182534912466164
3.36,0.00678786774962976,-0.000348193762699949,-0.000181946754047908,-0.000181946754047908
3.361,0.00676794676821635,-0.000347180156735708,-0.000181360491445018,-0.000181360491445018
3.362,0.00674808377840541,-0.000346169472508366,-0.000180776118544563,-0.000180776118544563
3.363,0.0067282786130322,-0.000345161701698001,-0.00018019362925333,-0.00018019362925333
3.364,0.00670853110540801,-0.00034415683600802,-0.000179613017497761,-0.000179613017497761
3.365,0.00668884108931883,-0.000343154867165091,-0.000179034277223887,-0.000179034277223887
3.366,0.00666920839902402,-0.000342155786919085,-0.000178457402397267,-0.000178457402397267
3.367,0.00664963286925495,-0.000341159587043009,-0.000177882387002926,-0.000177882387002926
3.368,0.00663011433521372,-0.000340166259332941,-0.000177309225045287,-0.000177309225045287
3.369,0.00661065263257181,-0.000339175795607969,-0.000176737910548115,-0.000176737910548115
3.37,0.00659124759746879,-0.000338188187710128,-0.000176168437554448,-0.000176168437554448
3.371,0.00657189906651097,-0.000337203427504336,-0.000175600800126543,-0.000175600800126543
3.372,0.00655260687677013,-0.000336221506878329,-0.000175034992345806,-0.000175034992345806
3.373,0.00653337086578218,-0.000335242417742602,-0.000174471008312734,-0.000174471008312734
3.374,0.0065141908715459,-0.000334266152030345,-0.000173908842146854,-0.000173908842146854
3.375,0.00649506673252158,-0.00033329270169738,-0.000173348487986658,-0.000173348487986658
3.376,0.00647599828762979,-0.000332322058722099,-0.000172789939989547,-0.000172789939989547
3.377,0.00645698537625003,-0.000331354215105401,-0.000172233192331765,-0.000172233192331765
3.378,0.00643802783821951,-0.000330389162870634,-0.000171678239208344,-0.000171678239208344
3.379,0.00641912551383179,-0.000329426894063527,-0.000171125074833036,-0.000171125074833036
3.38,0.00640027824383557,-0.000328467400752135,-0.000170573693438259,-0.000170573693438259
3.381,0.00638148586943334,-0.000327510675026771,-0.000170024089275032,-0.000170024089275032
3.382,0.00636274823228019,-0.000326556708999952,-0.000169476256612919,-0.000169476256612919
3.383,0.00634406517448245,-0.000325605494806331,-0.000168930189739967,-0.000168930189739967
3.384,0.00632543653859651,-0.000324657024602641,-0.000168385882962648,-0.000168385882962648
3.385,0.00630686216762747,-0.000323711290567632,-0.000167843330605793,-0.000167843330605793
3.386,0.00628834190502798,-0.00032276828490201,-0.000167302527012547,-0.000167302527012547
3.387,0.00626987559469689,-0.000321827999828378,-0.000166763466544291,-0.000166763466544291
3.388,0.00625146308097803,-0.000320890427591177,-0.000166226143580602,-0.000166226143580602
3.389,0.00623310420865899,-0.00031995556045662,-0.000165690552519181,-0.000165690552519181
3.39,0.00621479882296986,-0.00031902339071264,-0.000165156687775798,-0.000165156687775798
3.391,0.00619654676958194,-0.000318093910668825,-0.000164624543784236,-0.000164624543784236
3.392,0.00617834789460658,-0.000317167112656358,-0.000164094114996232,-0.000164094114996232
3.393,0.00616020204459386,-0.000316242989027962,-0.000163565395881419,-0.000163565395881419
3.394,0.00614210906653144,-0.000315321532157836,-0.000163038380927267,-0.000163038380927267
3.395,0.00612406880784329,-0.000314402734441598,-0.000162513064639025,-0.000162513064639025
3.396,0.00610608111638843,-0.000313486588296227,-0.000161989441539666,-0.000161989441539666
3.397,0.00608814584045978,-0.000312573086160002,-0.000161467506169831,-0.000161467506169831
3.398,0.0060702628287829,-0.000311662220492445,-0.000160947253087766,-0.000160947253087766
3.399,0.00605243193051477,-0.00031075398377426,-0.000160428676869272,-0.000160428676869272
3.4,0.0060346529952426,-0.000309848368507279,-0.000159911772107643,-0.000159911772107643
3.401,0.00601692587298259,-0.0003089453672144,-0.000159396533413613,-0.000159396533413613
3.402,0.00599925041417877,-0.000308044972439529,-0.0001588829554153,-0.0001588829554153
3.403,0.00598162646970176,-0.000307147176747525,-0.000158371032758144,-0.000158371032758144
3.404,0.00596405389084757,-0.00030625197272414,-0.00015786076010486,-0.00015786076010486
3.405,0.00594653252933644,-0.000305359352975961,-0.000157352132135377,-0.000157352132135377
3.406,0.00592906223731163,-0.000304469310130357,-0.000156845143546781,-0.000156845143546781
3.407,0.0059116428673382,-0.000303581836835415,-0.000156339789053265,-0.000156339789053265
3.408,0.00589427427240186,-0.000302696925759886,-0.00015583606338607,-0.00015583606338607
3.409,0.00587695630590778,-0.000301814569593129,-0.000155333961293428,-0.000155333961293428
3.41,0.00585968882167944,-0.000300934761045056,-0.000154833477540514,-0.000154833477540514
3.411,0.00584247167395738,-0.000300057492846069,-0.000154334606909384,-0.000154334606909384
3.412,0.0058253047173981,-0.000299182757747008,-0.000153837344198927,-0.000153837344198927
3.413,0.00580818780707283,-0.000298310548519096,-0.000153341684224803,-0.000153341684224803
3.414,0.00579112079846644,-0.000297440857953879,-0.0001528476218194,-0.0001528476218194
3.415,0.00577410354747619,-0.000296573678863172,-0.000152355151831766,-0.000152355151831766
3.416,0.00575713591041066,-0.000295709004079002,-0.000151864269127567,-0.000151864269127567
3.417,0.00574021774398849,-0.000294846826453554,-0.00015137496858903,-0.00015137496858903
3.418,0.00572334890533735,-0.000293987138859114,-0.000150887245114884,-0.000150887245114884
3.419,0.00570652925199266,-0.000293129934188015,-0.000150401093620317,-0.000150401093620317
3.42,0.00568975864189654,-0.00029227520535258,-0.000149916509036913,-0.000149916509036913
3.421,0.00567303693339662,-0.000291422945285065,-0.000149433486312605,-0.000149433486312605
3.422,0.00565636398524494,-0.000290573146937611,-0.00014895202041162,-0.00014895202041162
3.423,0.00563973965659675,-0.000289725803282181,-0.000148472106314429,-0.000148472106314429
3.424,0.00562316380700943,-0.000288880907310511,-0.00014799373901769,-0.00014799373901769
3.425,0.00560663629644131,-0.000288038452034052,-0.000147516913534198,-0.000147516913534198
3.426,0.00559015698525062,-0.000287198430483918,-0.000147041624892839,-0.000147041624892839
3.427,0.00557372573419427,-0.000286360835710831,-0.000146567868138524,-0.000146567868138524
3.428,0.00555734240442681,-0.000285525660785065,-0.000146095638332154,-0.000146095638332154
3.429,0.00554100685749924,-0.000284692898796394,-0.000145624930550552,-0.000145624930550552
3.43,0.00552471895535796,-0.000283862542854039,-0.000145155739886428,-0.000145155739886428
3.431,0.00550847856034361,-0.000283034586086612,-0.000144688061448312,-0.000144688061448312
3.432,0.00549228553518998,-0.000282209021642063,-0.000144221890360517,-0.000144221890360517
3.433,0.0054761397430229,-0.000281385842687629,-0.000143757221763075,-0.000143757221763075
3.434,0.00546004104735914,-0.000280565042409777,-0.000143294050811699,-0.000143294050811699
3.435,0.00544398931210532,-0.000279746614014155,-0.000142832372677723,-0.000142832372677723
3.436,0.00542798440155677,-0.000278930550725533,-0.000142372182548054,-0.000142372182548054
3.437,0.00541202618039647,-0.000278116845787757,-0.000141913475625125,-0.000141913475625125
3.438,0.005396114513694,-0.000277305492463693,-0.000141456247126842,-0.000141456247126842
3.439,0.00538024926690435,-0.000276496484035174,-0.000141000492286533,-0.000141000492286533
3.44,0.00536443030586691,-0.000275689813802949,-0.000140546206352901,-0.000140546206352901
3.441,0.00534865749680436,-0.000274885475086628,-0.000140093384589972,-0.000140093384589972
3.442,0.00533293070632164,-0.000274083461224636,-0.00013964202227705,-0.00013964202227705
3.443,0.00531724980140478,-0.000273283765574153,-0.000139192114708661,-0.000139192114708661
3.444,0.0053016146494199,-0.000272486381511067,-0.000138743657194508,-0.000138743657194508
3.445,0.00528602511811212,-0.000271691302429924,-0.000138296645059423,-0.000138296645059423
3.446,0.0052704810756045,-0.000270898521743871,-0.000137851073643315,-0.000137851073643315
3.447,0.00525498239039695,-0.000270108032884608,-0.000137406938301124,-0.000137406938301124
3.448,0.0052395289313652,-0.000269319829302338,-0.000136964234402771,-0.000136964234402771
3.449,0.00522412056775971,-0.000268533904465711,-0.000136522957333109,-0.000136522957333109
3.45,0.00520875716920465,-0.000267750251861779,-0.000136083102491879,-0.000136083102491879
3.451,0.00519343860569682,-0.000266968864995941,-0.000135644665293656,-0.000135644665293656
3.452,0.00517816474760461,-0.000266189737391892,-0.000135207641167804,-0.000135207641167804
3.453,0.00516293546566694,-0.000265412862591576,-0.000134772025558431,-0.000134772025558431
3.454,0.00514775063099225,-0.000264638234155132,-0.000134337813924336,-0.000134337813924336
3.455,0.00513261011505744,-0.000263865845660845,-0.000133905001738966,-0.000133905001738966
3.456,0.00511751378970679,-0.000263095690705098,-0.000133473584490367,-0.000133473584490367
3.457,0.005102461527151,-0.000262327762902317,-0.000133043557681136,-0.000133043557681136
3.458,0.00508745319996609,-0.000261562055884925,-0.000132614916828375,-0.000132614916828375
3.459,0.00507248868109245,-0.000260798563303292,-0.000132187657463646,-0.000132187657463646
3.46,0.00505756784383372,-0.000260037278825683,-0.000131761775132921,-0.000131761775132921
3.461,0.00504269056185581,-0.000259278196138211,-0.000131337265396537,-0.000131337265396537
3.462,0.0050278567091859,-0.000258521308944786,-0.000130914123829152,-0.000130914123829152
3.463,0.00501306616021141,-0.000257766610967067,-0.000130492346019694,-0.000130492346019694
3.464,0.00499831878967894,-0.00025701409594441,-0.000130071927571319,-0.000130071927571319
3.465,0.00498361447269331,-0.000256263757633826,-0.000129652864101362,-0.000129652864101362
3.466,0.00496895308471654,-0.000255515589809921,-0.000129235151241295,-0.000129235151241295
3.467,0.00495433450156683,-0.000254769586264859,-0.000128818784636678,-0.000128818784636678
3.468,0.00493975859941755,-0.000254025740808307,-0.000128403759947115,-0.000128403759947115
3.469,0.00492522525479628,-0.000253284047267384,-0.000127990072846209,-0.000127990072846209
3.47,0.00491073434458373,-0.000252544499486621,-0.000127577719021515,-0.000127577719021515
3.471,0.00489628574601286,-0.000251807091327906,-0.000127166694174499,-0.000127166694174499
3.472,0.00488187933666776,-0.000251071816670438,-0.000126756994020487,-0.000126756994020487
3.473,0.00486751499448277,-0.000250338669410679,-0.000126348614288626,-0.000126348614288626
3.474,0.0048531925977414,-0.000249607643462306,-0.000125941550721837,-0.000125941550721837
3.475,0.00483891202507543,-0.000248878732756166,-0.00012553579907677,-0.00012553579907677
3.476,0.00482467315546386,-0.000248151931240224,-0.00012513135512376,-0.00012513135512376
3.477,0.00481047586823196,-0.000247427232879516,-0.000124728214646786,-0.000124728214646786
3.478,0.0047963200430503,-0.000246704631656108,-0.00012432637344342,-0.00012432637344342
3.479,0.00478220555993375,-0.000245984121569041,-0.000123925827324791,-0.000123925827324791
3.48,0.00476813229924055,-0.000245265696634287,-0.000123526572115536,-0.000123526572115536
3.481,0.00475410014167129,-0.000244549350884704,-0.000123128603653758,-0.000123128603653758
3.482,0.00474010896826797,-0.000243835078369986,-0.000122731917790984,-0.000122731917790984
3.483,0.00472615866041307,-0.000243122873156619,-0.000122336510392117,-0.000122336510392117
3.484,0.0047122490998285,-0.000242412729327833,-0.000121942377335401,-0.000121942377335401
3.485,0.00469838016857475,-0.000241704640983555,-0.00012154951451237,-0.00012154951451237
3.486,0.00468455174904984,-0.000240998602240365,-0.000121157917827807,-0.000121157917827807
3.487,0.00467076372398846,-0.000240294607231448,-0.000120767583199706,-0.000120767583199706
3.488,0.00465701597646091,-0.000239592650106549,-0.000120378506559224,-0.000120378506559224
3.489,0.00464330838987224,-0.000238892725031925,-0.00011999068385064,-0.00011999068385064
3.49,0.00462964084796129,-0.000238194826190301,-0.000119604111031314,-0.000119604111031314
3.491,0.00461601323479972,-0.000237498947780827,-0.000119218784071644,-0.000119218784071644
3.492,0.00460242543479109,-0.000236805084019027,-0.000118834698955023,-0.000118834698955023
3.493,0.0045888773326699,-0.000236113229136756,-0.000118451851677797,-0.000118451851677797
3.494,0.00457536881350069,-0.000235423377382155,-0.000118070238249228,-0.000118070238249228
3.495,0.0045618997626771,-0.000234735523019609,-0.000117689854691444,-0.000117689854691444
3.496,0.00454847006592092,-0.000234049660329694,-0.000117310697039404,-0.000117310697039404
3.497,0.00453507960928117,-0.00023336578360914,-0.000116932761340854,-0.000116932761340854
3.498,0.00452172827913318,-0.000232683887170782,-0.000116556043656287,-0.000116556043656287
3.499,0.00450841596217771,-0.000232003965343516,-0.000116180540058901,-0.000116180540058901
3.5,0.00449514254543994,-0.000231326012472255,-0.000115806246634557,-0.000115806246634557
3.501,0.00448190791626863,-0.000230650022917884,-0.000115433159481741,-0.000115433159481741
3.502,0.00446871196233516,-0.000229975991057218,-0.000115061274711519,-0.000115061274711519
3.503,0.00445555457163269,-0.000229303911282954,-0.000114690588447503,-0.000114690588447503
3.504,0.00444243563247515,-0.000228633778003629,-0.000114321096825803,-0.000114321096825803
3.505,0.0044293550334964,-0.000227965585643576,-0.000113952795994991,-0.000113952795994991
3.506,0.0044163126636493,-0.000227299328642879,-0.000113585682116061,-0.000113585682116061
3.507,0.00440330841220486,-0.000226635001457333,-0.000113219751362388,-0.000113219751362388
3.508,0.00439034216875125,-0.000225972598558395,-0.000112854999919686,-0.000112854999919686
3.509,0.00437741382319299,-0.000225312114433144,-0.000112491423985973,-0.000112491423985973
3.51,0.00436452326574999,-0.000224653543584238,-0.000112129019771525,-0.000112129019771525
3.511,0.00435167038695673,-0.000223996880529868,-0.000111767783498844,-0.000111767783498844
3.512,0.00433885507766129,-0.000223342119803717,-0.00011140771140261,-0.00011140771140261
3.513,0.00432607722902454,-0.000222689255954917,-0.000111048799729652,-0.000111048799729652
3.514,0.00431333673251917,-0.000222038283548004,-0.000110691044738896,-0.000110691044738896
3.515,0.00430063347992892,-0.00022138919716288,-0.000110334442701339,-0.000110334442701339
3.516,0.00428796736334759,-0.000220741991394763,-0.0001099789899,-0.0001099789899
3.517,0.00427533827517825,-0.000220096660854153,-0.000109624682629888,-0.000109624682629888
3.518,0.0042627461081323,-0.00021945320016678,-0.000109271517197959,-0.000109271517197959
3.519,0.00425019075522865,-0.000218811603973572,-0.000108919489923079,-0.000108919489923079
3.52,0.00423767210979281,-0.000218171866930604,-0.000108568597135986,-0.000108568597135986
3.521,0.00422519006545605,-0.000217533983709062,-0.000108218835179253,-0.000108218835179253
3.522,0.00421274451615452,-0.000216897948995197,-0.000107870200407244,-0.000107870200407244
3.523,0.00420033535612842,-0.000216263757490285,-0.000107522689186085,-0.000107522689186085
3.524,0.00418796247992108,-0.000215631403910586,-0.000107176297893617,-0.000107176297893617
3.525,0.00417562578237816,-0.0002150008829873,-0.000106831022919365,-0.000106831022919365
3.526,0.00416332515864675,-0.000214372189466527,-0.000106486860664496,-0.000106486860664496
3.527,0.00415106050417458,-0.000213745318109228,-0.000106143807541784,-0.000106143807541784
3.528,0.0041388317147091,-0.000213120263691177,-0.000105801859975572,-0.000105801859975572
3.529,0.00412663868629666,-0.000212497021002927,-0.000105461014401733,-0.000105461014401733
3.53,0.00411448131528168,-0.000211875584849765,-0.000105121267267635,-0.000105121267267635
3.531,0.0041023594983058,-0.000211255950051672,-0.000104782615032103,-0.000104782615032103
3.532,0.00409027313230702,-0.000210638111443282,-0.000104445054165383,-0.000104445054165383
3.533,0.00407822211451887,-0.000210022063873842,-0.000104108581149102,-0.000104108581149102
3.534,0.0040662063424696,-0.000209407802207169,-0.000103773192476236,-0.000103773192476236
3.535,0.0040542257139813,-0.000208795321321613,-0.000103438884651068,-0.000103438884651068
3.536,0.00404228012716912,-0.000208184616110014,-0.000103105654189158,-0.000103105654189158
3.537,0.00403036948044039,-0.000207575681479664,-0.0001027734976173,-0.0001027734976173
3.538,0.00401849367249383,-0.000206968512352263,-0.000102442411473491,-0.000102442411473491
3.539,0.00400665260231871,-0.000206363103663883,-0.000102112392306891,-0.000102112392306891
3.54,0.00399484616919404,-0.000205759450364926,-0.00010178343667779,-0.00010178343667779
3.541,0.00398307427268774,-0.000205157547420083,-0.000101455541157569,-0.000101455541157569
3.542,0.00397133681265579,-0.000204557389808299,-0.000101128702328669,-0.000101128702328669
3.543,0.0039596336892415,-0.000203958972522726,-0.000100802916784548,-0.000100802916784548
3.544,0.00394796480287462,-0.000203362290570692,-0.000100478181129654,-0.000100478181129654
3.545,0.00393633005427054,-0.000202767338973652,-0.000100154491979383,-0.000100154491979383
3.546,0.00392472934442951,-0.000202174112767159,-9.98318459600456e-05,-9.98318459600456e-05
3.547,0.00391316257463583,-0.000201582607000815,-9.95102397088347e-05,-9.95102397088347e-05
3.548,0.00390162964645703,-0.000200992816738241,-9.91896698737853e-05,-9.91896698737853e-05
3.549,0.00389013046174305,-0.000200404737057028,-9.88701331137425e-05,-9.88701331137425e-05
3.55,0.00387866492262549,-0.000199818363048709,-9.85516260983274e-05,-9.85516260983274e-05
3.551,0.00386723293151678,-0.000199233689818712,-9.82341455079002e-05,-9.82341455079002e-05
3.552,0.00385583439110938,-0.000198650712486325,-9.79176880335267e-05,-9.79176880335267e-05
3.553,0.00384446920437501,-0.000198069426184655,-9.7602250376944e-05,-9.7602250376944e-05
3.554,0.00383313727456384,-0.000197489826060593,-9.72878292505245e-05,-9.72878292505245e-05
3.555,0.00382183850520373,-0.000196911907274773,-9.69744213772448e-05,-9.69744213772448e-05
3.556,0.00381057280009939,-0.000196335665001534,-9.66620234906471e-05,-9.66620234906471e-05
3.557,0.00379934006333164,-0.000195761094428883,-9.63506323348089e-05,-9.63506323348089e-05
3.558,0.00378814019925663,-0.000195188190758456,-9.60402446643074e-05,-9.60402446643074e-05
3.559,0.00377697311250503,-0.00019461694920548,-9.57308572441852e-05,-9.57308572441852e-05
3.56,0.00376583870798129,-0.000194047364998736,-9.54224668499178e-05,-9.54224668499178e-05
3.561,0.0037547368908628,-0.00019347943338052,-9.51150702673787e-05,-9.51150702673787e-05
3.562,0.00374366756659921,-0.000192913149606607,-9.48086642928068e-05,-9.48086642928068e-05
3.563,0.00373263064091158,-0.000192348508946211,-9.45032457327726e-05,-9.45032457327726e-05
3.564,0.00372162601979165,-0.000191785506681951,-9.41988114041444e-05,-9.41988114041444e-05
3.565,0.00371065360950106,-0.00019122413810981,-9.38953581340561e-05,-9.38953581340561e-05
3.566,0.00369971331657058,-0.000190664398539101,-9.35928827598734e-05,-9.35928827598734e-05
3.567,0.00368880504779938,-0.000190106283292427,-9.32913821291605e-05,-9.32913821291605e-05
3.568,0.00367792871025422,-0.000189549787705647,-9.29908530996489e-05,-9.29908530996489e-05
3.569,0.00366708421126872,-0.000188994907127836,-9.2691292539201e-05,-9.2691292539201e-05
3.57,0.00365627145844261,-0.00018844163692125,-9.23926973257824e-05,-9.23926973257824e-05
3.571,0.00364549035964097,-0.000187889972461289,-9.2095064347424e-05,-9.2095064347424e-05
3.572,0.00363474082299347,-0.00018733990913646,-9.17983905021952e-05,-9.17983905021952e-05
3.573,0.00362402275689361,-0.000186791442348342,-9.15026726981654e-05,-9.15026726981654e-05
3.574,0.003613336069998,-0.000186244567511545,-9.12079078533767e-05,-9.12079078533767e-05
3.575,0.00360268067122561,-0.000185699280053681,-9.09140928958096e-05,-9.09140928958096e-05
3.576,0.003592056469757,-0.000185155575415321,-9.06212247633509e-05,-9.06212247633509e-05
3.577,0.00358146337503359,-0.000184613449049963,-9.03293004037623e-05,-9.03293004037623e-05
3.578,0.00357090129675696,-0.000184072896423994,-9.00383167746479e-05,-9.00383167746479e-05
3.579,0.00356037014488804,-0.000183533913016654,-8.97482708434232e-05,-8.97482708434232e-05
3.58,0.00354986982964644,-0.000182996494320002,-8.94591595872831e-05,-8.94591595872831e-05
3.581,0.00353940026150968,-0.000182460635838879,-8.91709799931701e-05,-8.91709799931701e-05
3.582,0.00352896135121245,-0.00018192633309087,-8.88837290577433e-05,-8.88837290577433e-05
3.583,0.00351855300974594,-0.000181393581606275,-8.8597403787347e-05,-8.8597403787347e-05
3.584,0.00350817514835703,-0.000180862376928066,-8.83120011979787e-05,-8.83120011979787e-05
3.585,0.00349782767854763,-0.000180332714611856,-8.80275183152595e-05,-8.80275183152595e-05
3.586,0.00348751051207394,-0.000179804590225864,-8.77439521744007e-05,-8.77439521744007e-05
3.587,0.00347722356094569,-0.000179277999350876,-8.74612998201759e-05,-8.74612998201759e-05
3.588,0.00346696673742549,-0.000178752937580217,-8.71795583068876e-05,-8.71795583068876e-05
3.589,0.00345673995402806,-0.000178229400519706,-8.68987246983375e-05,-8.68987246983375e-05
3.59,0.00344654312351951,-0.000177707383787631,-8.66187960677962e-05,-8.66187960677962e-05
3.591,0.00343637615891669,-0.000177186883014709,-8.6339769497972e-05,-8.6339769497972e-05
3.592,0.0034262389734864,-0.000176667893844051,-8.60616420809803e-05,-8.60616420809803e-05
3.593,0.00341613148074473,-0.00017615041193113,-8.57844109183139e-05,-8.57844109183139e-05
3.594,0.00340605359445635,-0.000175634432943746,-8.55080731208123e-05,-8.55080731208123e-05
3.595,0.00339600522863378,-0.000175119952561987,-8.52326258086323e-05,-8.52326258086323e-05
3.596,0.0033859862975367,-0.000174606966478203,-8.49580661112168e-05,-8.49580661112168e-05
3.597,0.00337599671567127,-0.000174095470396966,-8.46843911672655e-05,-8.46843911672655e-05
3.598,0.00336603639778938,-0.000173585460035035,-8.44115981247053e-05,-8.44115981247053e-05
3.599,0.003356105258888,-0.000173076931121327,-8.41396841406591e-05,-8.41396841406591e-05
3.6,0.00334620321420849,-0.000172569879396878,-8.38686463814195e-05,-8.38686463814195e-05
3.601,0.00333633017923584,-0.000172064300614813,-8.35984820224144e-05,-8.35984820224144e-05
3.602,0.00332648606969805,-0.000171560190540311,-8.33291882481812e-05,-8.33291882481812e-05
3.603,0.0033166708015654,-0.000171057544950568,-8.30607622523366e-05,-8.30607622523366e-05
3.604,0.0033068842910498,-0.00017055635963477,-8.27932012375464e-05,-8.27932012375464e-05
3.605,0.00329712645460405,-0.000170056630394054,-8.25265024154973e-05,-8.25265024154973e-05
3.606,0.0032873972089212,-0.000169558353041477,-8.22606630068673e-05,-8.22606630068673e-05
3.607,0.00327769647093384,-0.000169061523401982,-8.1995680241297e-05,-8.1995680241297e-05
3.608,0.00326802415781346,-0.000168566137312367,-8.17315513573598e-05,-8.17315513573598e-05
3.609,0.00325838018696972,-0.000168072190621246,-8.14682736025342e-05,-8.14682736025342e-05
3.61,0.00324876447604981,-0.000167579679189024,-8.12058442331753e-05,-8.12058442331753e-05
3.611,0.00323917694293776,-0.000167088598887858,-8.09442605144847e-05,-8.09442605144847e-05
3.612,0.00322961750575378,-0.000166598945601626,-8.0683519720483e-05,-8.0683519720483e-05
3.613,0.00322008608285357,-0.000166110715225897,-8.04236191339811e-05,-8.04236191339811e-05
3.614,0.00321058259282767,-0.000165623903667891,-8.01645560465517e-05,-8.01645560465517e-05
3.615,0.00320110695450079,-0.000165138506846457,-7.99063277585016e-05,-7.99063277585016e-05
3.616,0.00319165908693113,-0.000164654520692031,-7.9648931578843e-05,-7.9648931578843e-05
3.617,0.00318223890940974,-0.000164171941146608,-7.93923648252659e-05,-7.93923648252659e-05
3.618,0.00317284634145983,-0.000163690764163709,-7.91366248241092e-05,-7.91366248241092e-05
3.619,0.00316348130283613,-0.00016321098570835,-7.88817089103333e-05,-7.88817089103333e-05
3.62,0.00315414371352425,-0.000162732601757008,-7.8627614427493e-05,-7.8627614427493e-05
3.621,0.00314483349373998,-0.00016225560829759,-7.83743387277086e-05,-7.83743387277086e-05
3.622,0.00313555056392867,-0.0001617800013294,-7.81218791716391e-05,-7.81218791716391e-05
3.623,0.00312629484476455,-0.000161305776863109,-7.78702331284541e-05,-7.78702331284541e-05
3.624,0.00311706625715013,-0.000160832930920721,-7.76193979758069e-05,-7.76193979758069e-05
3.625,0.00310786472221549,-0.000160361459535543,-7.73693710998066e-05,-7.73693710998066e-05
3.626,0.00309869016131768,-0.000159891358752153,-7.71201498949916e-05,-7.71201498949916e-05
3.627,0.00308954249604004,-0.000159422624626368,-7.68717317643005e-05,-7.68717317643005e-05
3.628,0.00308042164819158,-0.000158955253225214,-7.66241141190479e-05,-7.66241141190479e-05
3.629,0.00307132753980635,-0.000158489240626892,-7.63772943788957e-05,-7.63772943788957e-05
3.63,0.00306226009314275,-0.000158024582920749,-7.61312699718252e-05,-7.61312699718252e-05
3.631,0.00305321923068294,-0.000157561276207246,-7.58860383341126e-05,-7.58860383341126e-05
3.632,0.00304420487513222,-0.000157099316597927,-7.56415969103e-05,-7.56415969103e-05
3.633,0.00303521694941831,-0.000156638700215389,-7.53979431531711e-05,-7.53979431531711e-05
3.634,0.00302625537669081,-0.000156179423193248,-7.51550745237224e-05,-7.51550745237224e-05
3.635,0.00301732008032052,-0.000155721481676113,-7.49129884911371e-05,-7.49129884911371e-05
3.636,0.00300841098389884,-0.000155264871819552,-7.46716825327605e-05,-7.46716825327605e-05
3.637,0.0029995280112371,-0.000154809589790059,-7.44311541340712e-05,-7.44311541340712e-05
3.638,0.00299067108636598,-0.000154355631765029,-7.41914007886569e-05,-7.41914007886569e-05
3.639,0.00298184013353486,-0.000153902993932726,-7.39524199981866e-05,-7.39524199981866e-05
3.64,0.00297303507721121,-0.000153451672492248,-7.37142092723862e-05,-7.37142092723862e-05
3.641,0.00296425584207996,-0.000153001663653503,-7.34767661290113e-05,-7.34767661290113e-05
3.642,0.00295550235304289,-0.000152552963637174,-7.32400880938211e-05,-7.32400880938211e-05
3.643,0.00294677453521802,-0.000152105568674691,-7.30041727005531e-05,-7.30041727005531e-05
3.644,0.00293807231393898,-0.000151659475008203,-7.27690174908984e-05,-7.27690174908984e-05
3.645,0.00292939561475439,-0.000151214678890542,-7.25346200144733e-05,-7.25346200144733e-05
3.646,0.00292074436342728,-0.000150771176585199,-7.23009778287977e-05,-7.23009778287977e-05
3.647,0.00291211848593445,-0.00015032896436629,-7.20680884992652e-05,-7.20680884992652e-05
3.648,0.00290351790846589,-0.000149888038518532,-7.18359495991215e-05,-7.18359495991215e-05
3.649,0.00289494255742412,-0.000149448395337205,-7.16045587094361e-05,-7.16045587094361e-05
3.65,0.00288639235942367,-0.00014901003112813,-7.1373913419079e-05,-7.1373913419079e-05
3.651,0.0028778672412904,-0.000148572942207633,-7.11440113246952e-05,-7.11440113246952e-05
3.652,0.00286936713006093,-0.000148137124902524,-7.09148500306791e-05,-7.09148500306791e-05
3.653,0.00286089195298206,-0.000147702575550058,-7.06864271491494e-05,-7.06864271491494e-05
3.654,0.00285244163751012,-0.000147269290497912,-7.04587402999249e-05,-7.04587402999249e-05
3.655,0.00284401611131043,-0.000146837266104155,-7.02317871104992e-05,-7.02317871104992e-05
3.656,0.00283561530225667,-0.000146406498737217,-7.00055652160164e-05,-7.00055652160164e-05
3.657,0.00282723913843029,-0.000145976984775861,-6.97800722592455e-05,-6.97800722592455e-05
3.658,0.00281888754811995,-0.000145548720609155,-6.95553058905567e-05,-6.95553058905567e-05
3.659,0.00281056045982087,-0.000145121702636441,-6.93312637678959e-05,-6.93312637678959e-05
3.66,0.00280225780223433,-0.000144695927267308,-6.91079435567626e-05,-6.91079435567626e-05
3.661,0.00279397950426698,-0.000144271390921565,-6.88853429301818e-05,-6.88853429301818e-05
3.662,0.00278572549503034,-0.000143848090029205,-6.8663459568683e-05,-6.8663459568683e-05
3.663,0.00277749570384017,-0.000143426021030386,-6.84422911602742e-05,-6.84422911602742e-05
3.664,0.00276929006021591,-0.000143005180375397,-6.82218354004191e-05,-6.82218354004191e-05
3.665,0.0027611084938801,-0.00014258556452463,-6.80020899920117e-05,-6.80020899920117e-05
3.666,0.00275295093475779,-0.000142167169948553,-6.77830526453528e-05,-6.77830526453528e-05
3.667,0.00274481731297595,-0.00014174999312768,-6.75647210781262e-05,-6.75647210781262e-05
3.668,0.00273670755886295,-0.000141334030552546,-6.73470930153759e-05,-6.73470930153759e-05
3.669,0.00272862160294794,-0.000140919278723675,-6.71301661894806e-05,-6.71301661894806e-05
3.67,0.00272055937596027,-0.000140505734151555,-6.69139383401302e-05,-6.69139383401302e-05
3.671,0.00271252080882895,-0.000140093393356609,-6.66984072143044e-05,-6.66984072143044e-05
3.672,0.00270450583268208,-0.000139682252869167,-6.64835705662463e-05,-6.64835705662463e-05
3.673,0.00269651437884628,-0.000139272309229438,-6.62694261574406e-05,-6.62694261574406e-05
3.674,0.0026885463788461,-0.000138863558987482,-6.60559717565908e-05,-6.60559717565908e-05
3.675,0.00268060176440347,-0.000138455998703185,-6.58432051395937e-05,-6.58432051395937e-05
3.676,0.00267268046743717,-0.000138049624946229,-6.56311240895184e-05,-6.56311240895184e-05
3.677,0.00266478242006224,-0.000137644434296063,-6.54197263965829e-05,-6.54197263965829e-05
3.678,0.00265690755458939,-0.00013724042334188,-6.52090098581287e-05,-6.52090098581287e-05
3.679,0.0026490558035245,-0.000136837588682586,-6.4998972278601e-05,-6.4998972278601e-05
3.68,0.00264122709956806,-0.000136435926926774,-6.47896114695241e-05,-6.47896114695241e-05
3.681,0.00263342137561457,-0.000136035434692699,-6.45809252494787e-05,-6.45809252494787e-05
3.682,0.00262563856475202,-0.000135636108608246,-6.4372911444079e-05,-6.4372911444079e-05
3.683,0.00261787860026131,-0.000135237945310908,-6.41655678859509e-05,-6.41655678859509e-05
3.684,0.00261014141561578,-0.000134840941447754,-6.3958892414708e-05,-6.3958892414708e-05
3.685,0.00260242694448056,-0.000134445093675409,-6.37528828769307e-05,-6.37528828769307e-05
3.686,0.00259473512071207,-0.000134050398660019,-6.35475371261428e-05,-6.35475371261428e-05
3.687,0.00258706587835749,-0.000133656853077232,-6.33428530227878e-05,-6.33428530227878e-05
3.688,0.00257941915165418,-0.000133264453612166,-6.31388284342098e-05,-6.31388284342098e-05
3.689,0.0025717948750292,-0.000132873196959383,-6.29354612346284e-05,-6.29354612346284e-05
3.69,0.00256419298309867,-0.000132483079822867,-6.27327493051176e-05,-6.27327493051176e-05
3.691,0.00255661341066732,-0.000132094098915991,-6.25306905335835e-05,-6.25306905335835e-05
3.692,0.00254905609272793,-0.000131706250961496,-6.23292828147431e-05,-6.23292828147431e-05
3.693,0.00254152096446077,-0.000131319532691462,-6.21285240501005e-05,-6.21285240501005e-05
3.694,0.00253400796123309,-0.000130933940847283,-6.19284121479266e-05,-6.19284121479266e-05
3.695,0.00252651701859855,-0.000130549472179639,-6.17289450232371e-05,-6.17289450232371e-05
3.696,0.00251904807229677,-0.000130166123448473,-6.15301205977703e-05,-6.15301205977703e-05
3.697,0.0025116010582527,-0.00012978389142296,-6.13319367999653e-05,-6.13319367999653e-05
3.698,0.00250417591257616,-0.000129402772881489,-6.11343915649405e-05,-6.11343915649405e-05
3.699,0.00249677257156128,-0.000129022764611628,-6.09374828344727e-05,-6.09374828344727e-05
3.7,0.002489390971686,-0.000128643863410105,-6.07412085569743e-05,-6.07412085569743e-05
3.701,0.00248203104961153,-0.000128266066082781,-6.05455666874741e-05,-6.05455666874741e-05
3.702,0.00247469274218181,-0.00012788936944462,-6.03505551875933e-05,-6.03505551875933e-05
3.703,0.00246737598642304,-0.000127513770319668,-6.01561720255257e-05,-6.01561720255257e-05
3.704,0.00246008071954311,-0.000127139265541029,-5.99624151760165e-05,-5.99624151760165e-05
3.705,0.00245280687893109,-0.000126765851950833,-5.97692826203414e-05,-5.97692826203414e-05
3.706,0.00244555440215676,-0.000126393526400217,-5.95767723462845e-05,-5.95767723462845e-05
3.707,0.00243832322697002,-0.000126022285749295,-5.93848823481176e-05,-5.93848823481176e-05
3.708,0.00243111329130045,-0.000125652126867136,-5.91936106265809e-05,-5.91936106265809e-05
3.709,0.00242392453325673,-0.000125283046631739,-5.90029551888597e-05,-5.90029551888597e-05
3.71,0.0024167568911262,-0.000124915041930005,-5.88129140485646e-05,-5.88129140485646e-05
3.711,0.00240961030337426,-0.000124548109657713,-5.86234852257121e-05,-5.86234852257121e-05
3.712,0.00240248470864398,-0.000124182246719499,-5.84346667467017e-05,-5.84346667467017e-05
3.713,0.00239538004575548,-0.000123817450028824,-5.82464566442968e-05,-5.82464566442968e-05
3.714,0.00238829625370549,-0.000123453716507956,-5.80588529576034e-05,-5.80588529576034e-05
3.715,0.00238123327166683,-0.00012309104308794,-5.78718537320505e-05,-5.78718537320505e-05
3.716,0.0023741910389879,-0.000122729426708577,-5.76854570193684e-05,-5.76854570193684e-05
3.717,0.0023671694951922,-0.000122368864318399,-5.74996608775704e-05,-5.74996608775704e-05
3.718,0.0023601685799778,-0.00012200935287464,-5.731446337093e-05,-5.731446337093e-05
3.719,0.00235318823321688,-0.00012165088934322,-5.71298625699627e-05,-5.71298625699627e-05
3.72,0.00234622839495518,-0.00012129347069871,-5.69458565514051e-05,-5.69458565514051e-05
3.721,0.00233928900541157,-0.000120937093924319,-5.67624433981949e-05,-5.67624433981949e-05
3.722,0.0023323700049775,-0.000120581756011859,-5.65796211994508e-05,-5.65796211994508e-05
3.723,0.00232547133421655,-0.00012022745396173,-5.63973880504526e-05,-5.63973880504526e-05
3.724,0.00231859293386389,-0.000119874184782888,-5.62157420526218e-05,-5.62157420526218e-05
3.725,0.00231173474482586,-0.000119521945492828,-5.60346813135008e-05,-5.60346813135008e-05
3.726,0.00230489670817941,-0.000119170733117554,-5.58542039467342e-05,-5.58542039467342e-05
3.727,0.00229807876517164,-0.000118820544691559,-5.56743080720488e-05,-5.56743080720488e-05
3.728,0.00229128085721935,-0.0001184713772578,-5.5494991815233e-05,-5.5494991815233e-05
3.729,0.0022845029259085,-0.000118123227867673,-5.53162533081192e-05,-5.53162533081192e-05
3.73,0.00227774491299375,-0.000117776093580992,-5.51380906885623e-05,-5.51380906885623e-05
3.731,0.00227100676039799,-0.000117429971465961,-5.49605021004217e-05,-5.49605021004217e-05
3.732,0.00226428841021185,-0.000117084858599156,-5.47834856935414e-05,-5.47834856935414e-05
3.733,0.00225758980469321,-0.000116740752065496,-5.46070396237302e-05,-5.46070396237302e-05
3.734,0.00225091088626675,-0.000116397648958224,-5.44311620527438e-05,-5.44311620527438e-05
3.735,0.00224425159752344,-0.000116055546378881,-5.42558511482642e-05,-5.42558511482642e-05
3.736,0.00223761188122008,-0.000115714441437281,-5.40811050838813e-05,-5.40811050838813e-05
3.737,0.00223099168027886,-0.000115374331251493,-5.39069220390736e-05,-5.39069220390736e-05
3.738,0.00222439093778683,-0.000115035212947814,-5.37333001991897e-05,-5.37333001991897e-05
3.739,0.00221780959699544,-0.000114697083660747,-5.35602377554286e-05,-5.35602377554286e-05
3.74,0.00221124760132013,-0.000114359940532975,-5.33877329048214e-05,-5.33877329048214e-05
3.741,0.00220470489433979,-0.000114023780715343,-5.32157838502124e-05,-5.32157838502124e-05
3.742,0.00219818141979633,-0.000113688601366832,-5.30443888002402e-05,-5.30443888002402e-05
3.743,0.00219167712159419,-0.000113354399654537,-5.28735459693188e-05,-5.28735459693188e-05
3.744,0.00218519194379992,-0.000113021172753642,-5.27032535776196e-05,-5.27032535776196e-05
3.745,0.00217872583064166,-0.000112688917847401,-5.25335098510528e-05,-5.25335098510528e-05
3.746,0.00217227872650873,-0.000112357632127112,-5.23643130212477e-05,-5.23643130212477e-05
3.747,0.00216585057595113,-0.000112027312792098,-5.21956613255357e-05,-5.21956613255357e-05
3.748,0.00215944132367911,-0.000111697957049678,-5.20275530069313e-05,-5.20275530069313e-05
3.749,0.00215305091456269,-0.000111369562115152,-5.18599863141137e-05,-5.18599863141137e-05
3.75,0.00214667929363123,-0.000111042125211775,-5.16929595014087e-05,-5.16929595014087e-05
3.751,0.00214032640607294,-0.000110715643570732,-5.15264708287703e-05,-5.15264708287703e-05
3.752,0.00213399219723444,-0.000110390114431121,-5.13605185617627e-05,-5.13605185617627e-05
3.753,0.00212767661262034,-0.000110065535039927,-5.11951009715425e-05,-5.11951009715425e-05
3.754,0.00212137959789274,-0.000109741902652002,-5.103021633484e-05,-5.103021633484e-05
3.755,0.0021151010988708,-0.000109419214530039,-5.08658629339415e-05,-5.08658629339415e-05
3.756,0.00210884106153031,-0.000109097467944556,-5.07020390566718e-05,-5.07020390566718e-05
3.757,0.00210259943200319,-0.000108776660173868,-5.05387429963754e-05,-5.05387429963754e-05
3.758,0.00209637615657712,-0.000108456788504071,-5.03759730519001e-05,-5.03759730519001e-05
3.759,0.00209017118169502,-0.000108137850229012,-5.02137275275778e-05,-5.02137275275778e-05
3.76,0.00208398445395465,-0.000107819842650275,-5.00520047332076e-05,-5.00520047332076e-05
3.761,0.00207781592010817,-0.000107502763077156,-4.98908029840381e-05,-4.98908029840381e-05
3.762,0.00207166552706166,-0.000107186608826642,-4.97301206007494e-05,-4.97301206007494e-05
3.763,0.00206553322187473,-0.000106871377223385,-4.95699559094366e-05,-4.95699559094366e-05
3.764,0.00205941895176005,-0.000106557065599689,-4.94103072415912e-05,-4.94103072415912e-05
3.765,0.0020533226640829,-0.000106243671295481,-4.92511729340837e-05,-4.92511729340837e-05
3.766,0.00204724430636079,-0.000105931191658292,-4.90925513291475e-05,-4.90925513291475e-05
3.767,0.00204118382626295,-0.000105619624043237,-4.89344407743606e-05,-4.89344407743606e-05
3.768,0.00203514117160995,-0.00010530896581299,-4.87768396226282e-05,-4.87768396226282e-05
3.769,0.00202911629037326,-0.000104999214337767,-4.86197462321662e-05,-4.86197462321662e-05
3.77,0.0020231091306748,-0.000104690366995302,-4.84631589664837e-05,-4.84631589664837e-05
3.771,0.00201711964078652,-0.000104382421170828,-4.8307076194366e-05,-4.8307076194366e-05
3.772,0.00201114776912998,-0.000104075374257051,-4.81514962898574e-05,-4.81514962898574e-05
3.773,0.0020051934642759,-0.000103769223654137,-4.79964176322446e-05,-4.79964176322446e-05
3.774,0.00199925667494376,-0.000103463966769681,-4.78418386060397e-05,-4.78418386060397e-05
3.775,0.00199333735000134,-0.000103159601018696,-4.76877576009627e-05,-4.76877576009627e-05
3.776,0.00198743543846434,-0.000102856123823585,-4.75341730119259e-05,-4.75341730119259e-05
3.777,0.00198155088949593,-0.000102553532614123,-4.7381083239016e-05,-4.7381083239016e-05
3.778,0.00197568365240632,-0.000102251824827437,-4.72284866874781e-05,-4.72284866874781e-05
3.779,0.00196983367665237,-0.000101950997907983,-4.70763817676997e-05,-4.70763817676997e-05
3.78,0.00196400091183712,-0.000101651049307526,-4.69247668951913e-05,-4.69247668951913e-05
3.781,0.00195818530770944,-0.000101351976485121,-4.67736404905737e-05,-4.67736404905737e-05
3.782,0.00195238681416357,-0.00010105377690709,-4.66230009795591e-05,-4.66230009795591e-05
3.783,0.0019466053812387,-0.000100756448047005,-4.64728467929351e-05,-4.64728467929351e-05
3.784,0.00194084095911855,-0.000100459987385663,-4.63231763665483e-05,-4.63231763665483e-05
3.785,0.00193509349813103,-0.00010016439241107,-4.61739881412889e-05,-4.61739881412889e-05
3.786,0.00192936294874771,-9.9869660618416e-05,-4.60252805630735e-05,-4.60252805630735e-05
3.787,0.00192364926158349,-9.95757895100598e-05,-4.58770520828284e-05,-4.58770520828284e-05
3.788,0.00191795238739619,-9.92827765955051e-05,-4.57293011564749e-05,-4.57293011564749e-05
3.789,0.00191227227708611,-9.89906193913823e-05,-4.55820262449122e-05,-4.55820262449122e-05
3.79,0.0019066088816956,-9.86993154214272e-05,-4.54352258140016e-05,-4.54352258140016e-05
3.791,0.00190096215240874,-9.84088622164617e-05,-4.52888983345505e-05,-4.52888983345505e-05
3.792,0.00189533204055084,-9.81192573143731e-05,-4.51430422822962e-05,-4.51430422822962e-05
3.793,0.00188971849758809,-9.78304982600953e-05,-4.49976561378904e-05,-4.49976561378904e-05
3.794,0.00188412147512716,-9.75425826055878e-05,-4.48527383868834e-05,-4.48527383868834e-05
3.795,0.00187854092491476,-9.72555079098163e-05,-4.47082875197078e-05,-4.47082875197078e-05
3.796,0.00187297679883725,-9.69692717387329e-05,-4.45643020316631e-05,-4.45643020316631e-05
3.797,0.0018674290489203,-9.66838716652568e-05,-4.44207804229e-05,-4.44207804229e-05
3.798,0.00186189762732838,-9.63993052692539e-05,-4.42777211984047e-05,-4.42777211984047e-05
3.799,0.00185638248636448,-9.61155701375176e-05,-4.4135122867983e-05,-4.4135122867983e-05
3.8,0.00185088357846962,-9.5832663863749e-05,-4.39929839462453e-05,-4.39929839462453e-05
3.801,0.00184540085622251,-9.55505840485382e-05,-4.38513029525912e-05,-4.38513029525912e-05
3.802,0.00183993427233914,-9.52693282993436e-05,-4.37100784111931e-05,-4.37100784111931e-05
3.803,0.00183448377967238,-9.49888942304735e-05,-4.35693088509816e-05,-4.35693088509816e-05
3.804,0.00182904933121159,-9.47092794630663e-05,-4.34289928056301e-05,-4.34289928056301e-05
3.805,0.00182363088008226,-9.44304816250715e-05,-4.32891288135398e-05,-4.32891288135398e-05
3.806,0.00181822837954556,-9.41524983512301e-05,-4.31497154178228e-05,-4.31497154178228e-05
3.807,0.001812841782998,-9.38753272830556e-05,-4.30107511662893e-05,-4.30107511662893e-05
3.808,0.00180747104397104,-9.35989660688151e-05,-4.28722346114309e-05,-4.28722346114309e-05
3.809,0.00180211611613066,-9.33234123635101e-05,-4.27341643104057e-05,-4.27341643104057e-05
3.81,0.00179677695327704,-9.30486638288572e-05,-4.2596538825024e-05,-4.2596538825024e-05
3.811,0.00179145350934412,-9.27747181332693e-05,-4.24593567217319e-05,-4.24593567217319e-05
3.812,0.00178614573839924,-9.25015729518369e-05,-4.23226165715977e-05,-4.23226165715977e-05
3.813,0.00178085359464278,-9.22292259663091e-05,-4.21863169502967e-05,-4.21863169502967e-05
3.814,0.00177557703240772,-9.19576748650748e-05,-4.20504564380958e-05,-4.20504564380958e-05
3.815,0.00177031600615932,-9.16869173431436e-05,-4.19150336198386e-05,-4.19150336198386e-05
3.816,0.00176507047049471,-9.14169511021278e-05,-4.17800470849319e-05,-4.17800470849319e-05
3.817,0.00175984038014253,-9.11477738502232e-05,-4.16454954273298e-05,-4.16454954273298e-05
3.818,0.00175462568996252,-9.08793833021907e-05,-4.15113772455192e-05,-4.15113772455192e-05
3.819,0.00174942635494518,-9.06117771793377e-05,-4.13776911425052e-05,-4.13776911425052e-05
3.82,0.00174424233021139,-9.03449532094993e-05,-4.12444357257971e-05,-4.12444357257971e-05
3.821,0.00173907357101201,-9.0078909127021e-05,-4.11116096073932e-05,-4.11116096073932e-05
3.822,0.00173392003272754,-8.98136426727385e-05,-4.09792114037669e-05,-4.09792114037669e-05
3.823,0.00172878167086774,-8.95491515939611e-05,-4.08472397358515e-05,-4.08472397358515e-05
3.824,0.00172365844107124,-8.9285433644452e-05,-4.07156932290266e-05,-4.07156932290266e-05
3.825,0.0017185502991052,-8.90224865844113e-05,-4.05845705131031e-05,-4.05845705131031e-05
3.826,0.0017134572008649,-8.8760308180457e-05,-4.04538702223096e-05,-4.04538702223096e-05
3.827,0.00170837910237344,-8.84988962056067e-05,-4.03235909952776e-05,-4.03235909952776e-05
3.828,0.0017033159597813,-8.82382484392604e-05,-4.0193731475027e-05,-4.0193731475027e-05
3.829,0.00169826772936603,-8.79783626671817e-05,-4.00642903089539e-05,-4.00642903089539e-05
3.83,0.00169323436753185,-8.77192366814802e-05,-3.99352661488131e-05,-3.99352661488131e-05
3.831,0.00168821583080932,-8.74608682805932e-05,-3.98066576507074e-05,-3.98066576507074e-05
3.832,0.00168321207585492,-8.72032552692679e-05,-3.96784634750713e-05,-3.96784634750713e-05
3.833,0.00167822305945078,-8.69463954585443e-05,-3.95506822866586e-05,-3.95506822866586e-05
3.834,0.00167324873850424,-8.66902866657362e-05,-3.9423312754527e-05,-3.9423312754527e-05
3.835,0.00166828907004752,-8.64349267144143e-05,-3.92963535520257e-05,-3.92963535520257e-05
3.836,0.00166334401123735,-8.6180313434388e-05,-3.91698033567799e-05,-3.91698033567799e-05
3.837,0.00165841351935467,-8.59264446616885e-05,-3.9043660850679e-05,-3.9043660850679e-05
3.838,0.00165349755180417,-8.56733182385503e-05,-3.89179247198608e-05,-3.89179247198608e-05
3.839,0.00164859606611403,-8.54209320133943e-05,-3.87925936546995e-05,-3.87925936546995e-05
3.84,0.00164370901993552,-8.516928384081e-05,-3.86676663497909e-05,-3.86676663497909e-05
3.841,0.00163883637104266,-8.4918371581538e-05,-3.85431415039392e-05,-3.85431415039392e-05
3.842,0.00163397807733186,-8.46681931024531e-05,-3.84190178201439e-05,-3.84190178201439e-05
3.843,0.00162913409682158,-8.44187462765462e-05,-3.82952940055853e-05,-3.82952940055853e-05
3.844,0.00162430438765196,-8.41700289829077e-05,-3.81719687716117e-05,-3.81719687716117e-05
3.845,0.00161948890808451,-8.39220391067095e-05,-3.80490408337255e-05,-3.80490408337255e-05
3.846,0.0016146876165017,-8.36747745391888e-05,-3.79265089115706e-05,-3.79265089115706e-05
3.847,0.00160990047140668,-8.342823317763e-05,-3.78043717289181e-05,-3.78043717289181e-05
3.848,0.00160512743142291,-8.3182412925348e-05,-3.76826280136536e-05,-3.76826280136536e-05
3.849,0.00160036845529377,-8.2937311691671e-05,-3.75612764977638e-05,-3.75612764977638e-05
3.85,0.00159562350188229,-8.26929273919238e-05,-3.74403159173232e-05,-3.74403159173232e-05
3.851,0.00159089253017076,-8.24492579474106e-05,-3.73197450124806e-05,-3.73197450124806e-05
3.852,0.00158617549926041,-8.22063012853978e-05,-3.71995625274466e-05,-3.71995625274466e-05
3.853,0.00158147236837103,-8.19640553390975e-05,-3.70797672104803e-05,-3.70797672104803e-05
3.854,0.00157678309684068,-8.17225180476511e-05,-3.6960357813876e-05,-3.6960357813876e-05
3.855,0.00157210764412534,-8.14816873561113e-05,-3.68413330939503e-05,-3.68413330939503e-05
3.856,0.00156744596979854,-8.12415612154263e-05,-3.6722691811029e-05,-3.6722691811029e-05
3.857,0.00156279803355104,-8.10021375824231e-05,-3.66044327294346e-05,-3.66044327294346e-05
3.858,0.00155816379519052,-8.07634144197905e-05,-3.64865546174733e-05,-3.64865546174733e-05
3.859,0.0015535432146412,-8.05253896960626e-05,-3.63690562474213e-05,-3.63690562474213e-05
3.86,0.00154893625194355,-8.02880613856023e-05,-3.62519363955134e-05,-3.62519363955134e-05
3.861,0.0015443428672539,-8.00514274685848e-05,-3.6135193841929e-05,-3.6135193841929e-05
3.862,0.00153976302084418,-7.98154859309814e-05,-3.60188273707801e-05,-3.60188273707801e-05
3.863,0.00153519667310153,-7.95802347645424e-05,-3.59028357700991e-05,-3.59028357700991e-05
3.864,0.00153064378452798,-7.93456719667816e-05,-3.57872178318241e-05,-3.57872178318241e-05
3.865,0.00152610431574014,-7.9111795540959e-05,-3.56719723517889e-05,-3.56719723517889e-05
3.866,0.00152157822746887,-7.88786034960658e-05,-3.55570981297084e-05,-3.55570981297084e-05
3.867,0.00151706548055892,-7.86460938468069e-05,-3.54425939691673e-05,-3.54425939691673e-05
3.868,0.00151256603596866,-7.84142646135854e-05,-3.53284586776073e-05,-3.53284586776073e-05
3.869,0.00150807985476968,-7.81831138224863e-05,-3.52146910663143e-05,-3.52146910663143e-05
3.87,0.00150360689814652,-7.79526395052606e-05,-3.51012899504067e-05,-3.51012899504067e-05
3.871,0.00149914712739635,-7.7722839699309e-05,-3.49882541488221e-05,-3.49882541488221e-05
3.872,0.0014947005039286,-7.7493712447666e-05,-3.48755824843055e-05,-3.48755824843055e-05
3.873,0.00149026698926467,-7.72652557989835e-05,-3.4763273783398e-05,-3.4763273783398e-05
3.874,0.00148584654503763,-7.70374678075161e-05,-3.46513268764225e-05,-3.46513268764225e-05
3.875,0.00148143913299183,-7.68103465331039e-05,-3.4539740597473e-05,-3.4539740597473e-05
3.876,0.00147704471498265,-7.65838900411573e-05,-3.44285137844018e-05,-3.44285137844018e-05
3.877,0.00147266325297616,-7.6358096402641e-05,-3.43176452788082e-05,-3.43176452788082e-05
3.878,0.00146829470904877,-7.61329636940588e-05,-3.42071339260253e-05,-3.42071339260253e-05
3.879,0.00146393904538698,-7.59084899974372e-05,-3.40969785751089e-05,-3.40969785751089e-05
3.88,0.00145959622428697,-7.568467340031e-05,-3.39871780788245e-05,-3.39871780788245e-05
3.881,0.00145526620815439,-7.54615119957028e-05,-3.38777312936364e-05,-3.38777312936364e-05
3.882,0.00145094895950398,-7.52390038821175e-05,-3.37686370796952e-05,-3.37686370796952e-05
3.883,0.00144664444095924,-7.50171471635166e-05,-3.3659894300826e-05,-3.3659894300826e-05
3.884,0.0014423526152522,-7.47959399493076e-05,-3.35515018245164e-05,-3.35515018245164e-05
3.885,0.00143807344522301,-7.45753803543278e-05,-3.3443458521905e-05,-3.3443458521905e-05
3.886,0.00143380689381971,-7.43554664988292e-05,-3.33357632677696e-05,-3.33357632677696e-05
3.887,0.00142955292409788,-7.41361965084624e-05,-3.32284149405151e-05,-3.32284149405151e-05
3.888,0.00142531149922032,-7.39175685142618e-05,-3.3121412422162e-05,-3.3121412422162e-05
3.889,0.00142108258245677,-7.36995806526302e-05,-3.3014754598335e-05,-3.3014754598335e-05
3.89,0.00141686613718362,-7.3482231065324e-05,-3.29084403582511e-05,-3.29084403582511e-05
3.891,0.00141266212688353,-7.32655178994371e-05,-3.2802468594708e-05,-3.2802468594708e-05
3.892,0.0014084705151452,-7.30494393073866e-05,-3.26968382040726e-05,-3.26968382040726e-05
3.893,0.00140429126566303,-7.28339934468973e-05,-3.25915480862697e-05,-3.25915480862697e-05
3.894,0.00140012434223682,-7.26191784809869e-05,-3.24865971447701e-05,-3.24865971447701e-05
3.895,0.00139596970877148,-7.24049925779508e-05,-3.23819842865797e-05,-3.23819842865797e-05
3.896,0.0013918273292767,-7.2191433911347e-05,-3.22777084222276e-05,-3.22777084222276e-05
3.897,0.00138769716786669,-7.19785006599816e-05,-3.21737684657547e-05,-3.21737684657547e-05
3.898,0.00138357918875984,-7.17661910078937e-05,-3.20701633347032e-05,-3.20701633347032e-05
3.899,0.00137947335627844,-7.15545031443404e-05,-3.19668919501045e-05,-3.19668919501045e-05
3.9,0.00137537963484839,-7.1343435263782e-05,-3.1863953236468e-05,-3.1863953236468e-05
3.901,0.00137129798899887,-7.11329855658677e-05,-3.17613461217702e-05,-3.17613461217702e-05
3.902,0.00136722838336208,-7.09231522554204e-05,-3.16590695374434e-05,-3.16590695374434e-05
3.903,0.00136317078267293,-7.07139335424221e-05,-3.15571224183645e-05,-3.15571224183645e-05
3.904,0.00135912515176873,-7.05053276419996e-05,-3.14555037028438e-05,-3.14555037028438e-05
3.905,0.00135509145558891,-7.02973327744092e-05,-3.13542123326145e-05,-3.13542123326145e-05
3.906,0.00135106965917475,-7.00899471650231e-05,-3.12532472528207e-05,-3.12532472528207e-05
3.907,0.00134705972766904,-6.98831690443141e-05,-3.11526074120071e-05,-3.11526074120071e-05
3.908,0.0013430616263158,-6.96769966478414e-05,-3.10522917621081e-05,-3.10522917621081e-05
3.909,0.00133907532046002,-6.94714282162362e-05,-3.09522992584364e-05,-3.09522992584364e-05
3.91,0.00133510077554735,-6.92664619951875e-05,-3.08526288596724e-05,-3.08526288596724e-05
3.911,0.0013311379571238,-6.90620962354272e-05,-3.07532795278531e-05,-3.07532795278531e-05
3.912,0.00132718683083547,-6.88583291927163e-05,-3.06542502283617e-05,-3.06542502283617e-05
3.913,0.00132324736242824,-6.86551591278302e-05,-3.05555399299164e-05,-3.05555399299164e-05
3.914,0.00131931951774751,-6.84525843065452e-05,-3.04571476045598e-05,-3.04571476045598e-05
3.915,0.00131540326273789,-6.82506029996234e-05,-3.03590722276484e-05,-3.03590722276484e-05
3.916,0.00131149856344295,-6.80492134827991e-05,-3.02613127778416e-05,-3.02613127778416e-05
3.917,0.00130760538600488,-6.78484140367644e-05,-3.01638682370906e-05,-3.01638682370906e-05
3.918,0.00130372369666425,-6.76482029471557e-05,-3.00667375906296e-05,-3.00667375906296e-05
3.919,0.00129985346175971,-6.74485785045388e-05,-2.99699198269622e-05,-2.99699198269622e-05
3.92,0.00129599464772774,-6.72495390043954e-05,-2.98734139378544e-05,-2.98734139378544e-05
3.921,0.00129214722110229,-6.70510827471093e-05,-2.9777218918321e-05,-2.9777218918321e-05
3.922,0.0012883111485146,-6.68532080379522e-05,-2.96813337666167e-05,-2.96813337666167e-05
3.923,0.00128448639669285,-6.66559131870698e-05,-2.95857574842259e-05,-2.95857574842259e-05
3.924,0.00128067293246189,-6.64591965094681e-05,-2.94904890758513e-05,-2.94904890758513e-05
3.925,0.001276870722743,-6.62630563249994e-05,-2.93955275494038e-05,-2.93955275494038e-05
3.926,0.00127307973455356,-6.60674909583491e-05,-2.93008719159926e-05,-2.93008719159926e-05
3.927,0.00126929993500683,-6.58724987390211e-05,-2.92065211899147e-05,-2.92065211899147e-05
3.928,0.00126553129131162,-6.56780780013248e-05,-2.91124743886442e-05,-2.91124743886442e-05
3.929,0.00126177377077204,-6.54842270843612e-05,-2.90187305328227e-05,-2.90187305328227e-05
3.93,0.00125802734078725,-6.52909443320094e-05,-2.89252886462484e-05,-2.89252886462484e-05
3.931,0.00125429196885114,-6.50982280929127e-05,-2.88321477558667e-05,-2.88321477558667e-05
3.932,0.00125056762255209,-6.49060767204656e-05,-2.87393068917595e-05,-2.87393068917595e-05
3.933,0.00124685426957267,-6.47144885727998e-05,-2.86467650871348e-05,-2.86467650871348e-05
3.934,0.00124315187768942,-6.45234620127711e-05,-2.8554521378318e-05,-2.8554521378318e-05
3.935,0.00123946041477251,-6.43329954079457e-05,-2.846257480474e-05,-2.846257480474e-05
3.936,0.00123577984878553,-6.41430871305871e-05,-2.83709244089283e-05,-2.83709244089283e-05
3.937,0.0012321101477852,-6.39537355576424e-05,-2.82795692364971e-05,-2.82795692364971e-05
3.938,0.00122845127992107,-6.37649390707295e-05,-2.81885083361366e-05,-2.81885083361366e-05
3.939,0.00122480321343533,-6.35766960561233e-05,-2.80977407596041e-05,-2.80977407596041e-05
3.94,0.00122116591666246,-6.33890049047428e-05,-2.80072655617131e-05,-2.80072655617131e-05
3.941,0.00121753935802901,-6.32018640121376e-05,-2.79170818003238e-05,-2.79170818003238e-05
3.942,0.00121392350605334,-6.30152717784753e-05,-2.78271885363335e-05,-2.78271885363335e-05
3.943,0.00121031832934532,-6.28292266085276e-05,-2.7737584833667e-05,-2.7737584833667e-05
3.944,0.00120672379660609,-6.2643726911658e-05,-2.76482697592658e-05,-2.76482697592658e-05
3.945,0.00120313987662782,-6.2458771101808e-05,-2.75592423830797e-05,-2.75592423830797e-05
3.946,0.00119956653829341,-6.22743575974849e-05,-2.7470501778056e-05,-2.7470501778056e-05
3.947,0.00119600375057622,-6.2090484821748e-05,-2.73820470201308e-05,-2.73820470201308e-05
3.948,0.00119245148253987,-6.19071512021962e-05,-2.72938771882184e-05,-2.72938771882184e-05
3.949,0.00118890970333792,-6.17243551709549e-05,-2.72059913642024e-05,-2.72059913642024e-05
3.95,0.00118537838221363,-6.15420951646634e-05,-2.71183886329258e-05,-2.71183886329258e-05
3.951,0.00118185748849971,-6.13603696244614e-05,-2.70310680821816e-05,-2.70310680821816e-05
3.952,0.00117834699161808,-6.1179176995977e-05,-2.69440288027033e-05,-2.69440288027033e-05
3.953,0.00117484686107954,-6.09985157293134e-05,-2.68572698881551e-05,-2.68572698881551e-05
3.954,0.00117135706648363,-6.08183842790366e-05,-2.67707904351231e-05,-2.67707904351231e-05
3.955,0.00116787757751824,-6.0638781104162e-05,-2.66845895431051e-05,-2.66845895431051e-05
3.956,0.00116440836395949,-6.04597046681428e-05,-2.65986663145017e-05,-2.65986663145017e-05
3.957,0.00116094939567135,-6.02811534388561e-05,-2.65130198546069e-05,-2.65130198546069e-05
3.958,0.0011575006426055,-6.01031258885918e-05,-2.64276492715986e-05,-2.64276492715986e-05
3.959,0.00115406207480099,-5.99256204940387e-05,-2.63425536765296e-05,-2.63425536765296e-05
3.96,0.00115063366238405,-5.97486357362727e-05,-2.6257732183318e-05,-2.6257732183318e-05
3.961,0.00114721537556779,-5.95721701007441e-05,-2.6173183908738e-05,-2.6173183908738e-05
3.962,0.00114380718465197,-5.93962220772655e-05,-2.60889079724109e-05,-2.60889079724109e-05
3.963,0.00114040906002279,-5.92207901599988e-05,-2.60049034967957e-05,-2.60049034967957e-05
3.964,0.00113702097215255,-5.90458728474433e-05,-2.59211696071803e-05,-2.59211696071803e-05
3.965,0.00113364289159951,-5.88714686424231e-05,-2.58377054316718e-05,-2.58377054316718e-05
3.966,0.00113027478900754,-5.86975760520751e-05,-2.57545101011878e-05,-2.57545101011878e-05
3.967,0.00112691663510596,-5.85241935878365e-05,-2.56715827494477e-05,-2.56715827494477e-05
3.968,0.00112356840070922,-5.83513197654323e-05,-2.55889225129627e-05,-2.55889225129627e-05
3.969,0.00112023005671673,-5.81789531048638e-05,-2.55065285310275e-05,-2.55065285310275e-05
3.97,0.00111690157411253,-5.80070921303957e-05,-2.54243999457113e-05,-2.54243999457113e-05
3.971,0.00111358292396514,-5.78357353705446e-05,-2.53425359018485e-05,-2.53425359018485e-05
3.972,0.00111027407742723,-5.76648813580663e-05,-2.52609355470303e-05,-2.52609355470303e-05
3.973,0.00110697500573544,-5.74945286299443e-05,-2.51795980315952e-05,-2.51795980315952e-05
3.974,0.00110368568021009,-5.73246757273772e-05,-2.50985225086208e-05,-2.50985225086208e-05
3.975,0.00110040607225498,-5.71553211957673e-05,-2.50177081339141e-05,-2.50177081339141e-05
3.976,0.00109713615335714,-5.69864635847083e-05,-2.49371540660039e-05,-2.49371540660039e-05
3.977,0.00109387589508657,-5.68181014479733e-05,-2.48568594661308e-05,-2.48568594661308e-05
3.978,0.00109062526909599,-5.66502333435029e-05,-2.47768234982391e-05,-2.47768234982391e-05
3.979,0.00108738424712068,-5.64828578333938e-05,-2.46970453289682e-05,-2.46970453289682e-05
3.98,0.00108415280097814,-5.63159734838863e-05,-2.46175241276436e-05,-2.46175241276436e-05
3.981,0.00108093090256791,-5.6149578865353e-05,-2.45382590662682e-05,-2.45382590662682e-05
3.982,0.00107771852387135,-5.59836725522867e-05,-2.44592493195138e-05,-2.44592493195138e-05
3.983,0.00107451563695134,-5.58182531232891e-05,-2.43804940647128e-05,-2.43804940647128e-05
3.984,0.0010713222139521,-5.56533191610586e-05,-2.43019924818488e-05,-2.43019924818488e-05
3.985,0.00106813822709895,-5.54888692523788e-05,-2.42237437535493e-05,-2.42237437535493e-05
3.986,0.00106496364869805,-5.53249019881072e-05,-2.41457470650755e-05,-2.41457470650755e-05
3.987,0.00106179845113617,-5.51614159631631e-05,-2.40680016043156e-05,-2.40680016043156e-05
3.988,0.0010586426068805,-5.49984097765165e-05,-2.3990506561775e-05,-2.3990506561775e-05
3.989,0.00105549608847837,-5.4835882031176e-05,-2.39132611305684e-05,-2.39132611305684e-05
3.99,0.00105235886855702,-5.46738313341778e-05,-2.38362645064115e-05,-2.38362645064115e-05
3.991,0.00104923091982343,-5.45122562965743e-05,-2.37595158876122e-05,-2.37595158876122e-05
3.992,0.00104611221506399,-5.43511555334219e-05,-2.36830144750627e-05,-2.36830144750627e-05
3.993,0.00104300272714438,-5.41905276637706e-05,-2.36067594722308e-05,-2.36067594722308e-05
3.994,0.00103990242900925,-5.40303713106518e-05,-2.35307500851518e-05,-2.35307500851518e-05
3.995,0.00103681129368205,-5.38706851010674e-05,-2.34549855224201e-05,-2.34549855224201e-05
3.996,0.00103372929426478,-5.37114676659786e-05,-2.33794649951812e-05,-2.33794649951812e-05
3.997,0.00103065640393776,-5.3552717640294e-05,-2.3304187717123e-05,-2.3304187717123e-05
3.998,0.00102759259595943,-5.3394433662859e-05,-2.32291529044682e-05,-2.32291529044682e-05
3.999,0.00102453784366607,-5.32366143764444e-05,-2.31543597759654e-05,-2.31543597759654e-05
4,0.00102149212047166,-5.30792584277351e-05,-2.30798075528818e-05,-2.30798075528818e-05
4.001,0.00101845539986756,-5.29223644673188e-05,-2.30054954589944e-05,-2.30054954589944e-05
4.002,0.00101542765542237,-5.27659311496755e-05,-2.29314227205824e-05,-2.29314227205824e-05
4.003,0.00101240886078165,-5.26099571331655e-05,-2.28575885664185e-05,-2.28575885664185e-05
4.004,0.00100939898966773,-5.24544410800191e-05,-2.27839922277616e-05,-2.27839922277616e-05
4.005,0.00100639801587947,-5.22993816563256e-05,-2.27106329383481e-05,-2.27106329383481e-05
4.006,0.00100340591329206,-5.21447775320213e-05,-2.26375099343848e-05,-2.26375099343848e-05
4.007,0.00100042265585676,-5.19906273808799e-05,-2.25646224545396e-05,-2.25646224545396e-05
4.008,0.000997448217600746,-5.18369298805004e-05,-2.24919697399351e-05,-2.24919697399351e-05
4.009,0.00099448257262682,-5.16836837122972e-05,-2.24195510341394e-05,-2.24195510341394e-05
4.01,0.000991525695113244,-5.15308875614885e-05,-2.2347365583159e-05,-2.2347365583159e-05
4.011,0.000988577559313491,-5.13785401170854e-05,-2.22754126354307e-05,-2.22754126354307e-05
4.012,0.000985638139556046,-5.12266400718817e-05,-2.22036914418135e-05,-2.22036914418135e-05
4.013,0.000982707410244185,-5.1075186122443e-05,-2.21322012555813e-05,-2.21322012555813e-05
4.014,0.000979785345855749,-5.09241769690951e-05,-2.20609413324147e-05,-2.20609413324147e-05
4.015,0.000976871920942948,-5.07736113159146e-05,-2.19899109303935e-05,-2.19899109303935e-05
4.016,0.000973967110132125,-5.06234878707169e-05,-2.19191093099887e-05,-2.19191093099887e-05
4.017,0.00097107088812356,-5.04738053450466e-05,-2.18485357340551e-05,-2.18485357340551e-05
4.018,0.000968183229691252,-5.03245624541663e-05,-2.17781894678233e-05,-2.17781894678233e-05
4.019,0.000965304109682693,-5.0175757917046e-05,-2.17080697788924e-05,-2.17080697788924e-05
4.02,0.000962433503018675,-5.00273904563527e-05,-2.16381759372219e-05,-2.16381759372219e-05
4.021,0.000959571384693073,-4.98794587984402e-05,-2.15685072151246e-05,-2.15685072151246e-05
4.022,0.00095671772977262,-4.97319616733374e-05,-2.14990628872586e-05,-2.14990628872586e-05
4.023,0.00095387251339672,-4.95848978147395e-05,-2.14298422306201e-05,-2.14298422306201e-05
4.024,0.000951035710777215,-4.94382659599958e-05,-2.13608445245353e-05,-2.13608445245353e-05
4.025,0.000948207297198196,-4.92920648501009e-05,-2.12920690506534e-05,-2.12920690506534e-05
4.026,0.000945387248015783,-4.91462932296831e-05,-2.12235150929393e-05,-2.12235150929393e-05
4.027,0.000942575538657916,-4.90009498469944e-05,-2.11551819376655e-05,-2.11551819376655e-05
4.028,0.000939772144624155,-4.88560334539006e-05,-2.10870688734047e-05,-2.10870688734047e-05
4.029,0.000936977041485472,-4.87115428058704e-05,-2.1019175191023e-05,-2.1019175191023e-05
4.03,0.000934190204884034,-4.85674766619652e-05,-2.09515001836719e-05,-2.09515001836719e-05
4.031,0.000931411610533016,-4.84238337848294e-05,-2.08840431467818e-05,-2.08840431467818e-05
4.032,0.000928641234216375,-4.82806129406792e-05,-2.0816803378053e-05,-2.0816803378053e-05
4.033,0.000925879051788666,-4.81378128992936e-05,-2.074978017745e-05,-2.074978017745e-05
4.034,0.000923125039174827,-4.79954324340033e-05,-2.06829728471939e-05,-2.06829728471939e-05
4.035,0.00092037917236997,-4.78534703216808e-05,-2.0616380691754e-05,-2.0616380691754e-05
4.036,0.000917641427439195,-4.77119253427304e-05,-2.05500030178421e-05,-2.05500030178421e-05
4.037,0.000914911780517376,-4.75707962810785e-05,-2.04838391344045e-05,-2.04838391344045e-05
4.038,0.000912190207808957,-4.74300819241625e-05,-2.04178883526141e-05,-2.04178883526141e-05
4.039,0.000909476685587766,-4.72897810629219e-05,-2.0352149985865e-05,-2.0352149985865e-05
4.04,0.000906771190196795,-4.71498924917876e-05,-2.02866233497636e-05,-2.02866233497636e-05
4.041,0.000904073698048016,-4.70104150086722e-05,-2.02213077621223e-05,-2.02213077621223e-05
4.042,0.000901384185622178,-4.68713474149602e-05,-2.01562025429525e-05,-2.01562025429525e-05
4.043,0.000898702629468598,-4.67326885154975e-05,-2.00913070144571e-05,-2.00913070144571e-05
4.044,0.000896029006204979,-4.65944371185824e-05,-2.00266205010234e-05,-2.00266205010234e-05
4.045,0.000893363292517206,-4.64565920359552e-05,-1.99621423292168e-05,-1.99621423292168e-05
4.046,0.000890705465159139,-4.6319152082788e-05,-1.98978718277726e-05,-1.98978718277726e-05
4.047,0.000888055500952434,-4.6182116077676e-05,-1.98338083275901e-05,-1.98338083275901e-05
4.048,0.000885413376786333,-4.60454828426265e-05,-1.9769951161725e-05,-1.9769951161725e-05
4.049,0.000882779069617479,-4.590925120305e-05,-1.97062996653825e-05,-1.97062996653825e-05
4.05,0.000880152556469716,-4.57734199877505e-05,-1.96428531759107e-05,-1.96428531759107e-05
4.051,0.000877533814433891,-4.5637988028915e-05,-1.95796110327935e-05,-1.95796110327935e-05
4.052,0.00087492282066767,-4.55029541621046e-05,-1.95165725776433e-05,-1.95165725776433e-05
4.053,0.000872319552395341,-4.53683172262449e-05,-1.94537371541949e-05,-1.94537371541949e-05
4.054,0.000869723986907613,-4.52340760636156e-05,-1.93911041082983e-05,-1.93911041082983e-05
4.055,0.000867136101561442,-4.51002295198419e-05,-1.93286727879114e-05,-1.93286727879114e-05
4.056,0.000864555873779819,-4.49667764438843e-05,-1.92664425430942e-05,-1.92664425430942e-05
4.057,0.000861983281051597,-4.48337156880292e-05,-1.92044127260013e-05,-1.92044127260013e-05
4.058,0.000859418300931291,-4.47010461078797e-05,-1.91425826908751e-05,-1.91425826908751e-05
4.059,0.000856860911038886,-4.45687665623456e-05,-1.90809517940397e-05,-1.90809517940397e-05
4.06,0.000854311089059658,-4.44368759136345e-05,-1.90195193938934e-05,-1.90195193938934e-05
4.061,0.00085176881274398,-4.43053730272422e-05,-1.89582848509029e-05,-1.89582848509029e-05
4.062,0.000849234059907126,-4.41742567719427e-05,-1.88972475275954e-05,-1.88972475275954e-05
4.063,0.000846706808429098,-4.404352601978e-05,-1.88364067885534e-05,-1.88364067885534e-05
4.064,0.000844187036254426,-4.39131796460577e-05,-1.87757620004068e-05,-1.87757620004068e-05
4.065,0.000841674721391993,-4.37832165293303e-05,-1.87153125318276e-05,-1.87153125318276e-05
4.066,0.000839169841914841,-4.36536355513939e-05,-1.86550577535218e-05,-1.86550577535218e-05
4.067,0.000836672375959984,-4.35244355972763e-05,-1.85949970382239e-05,-1.85949970382239e-05
4.068,0.000834182301728231,-4.33956155552286e-05,-1.85351297606901e-05,-1.85351297606901e-05
4.069,0.000831699597484,-4.32671743167156e-05,-1.8475455297692e-05,-1.8475455297692e-05
4.07,0.000829224241555122,-4.31391107764063e-05,-1.84159730280094e-05,-1.84159730280094e-05
4.071,0.000826756212332678,-4.30114238321657e-05,-1.83566823324246e-05,-1.83566823324246e-05
4.072,0.000824295488270796,-4.28841123850443e-05,-1.82975825937155e-05,-1.82975825937155e-05
4.073,0.000821842047886486,-4.27571753392702e-05,-1.82386731966495e-05,-1.82386731966495e-05
4.074,0.000819395869759447,-4.26306116022397e-05,-1.81799535279767e-05,-1.81799535279767e-05
4.075,0.000816956932531885,-4.25044200845075e-05,-1.81214229764236e-05,-1.81214229764236e-05
4.076,0.000814525214908344,-4.23785996997788e-05,-1.80630809326872e-05,-1.80630809326872e-05
4.077,0.000812100695655514,-4.22531493648998e-05,-1.80049267894277e-05,-1.80049267894277e-05
4.078,0.000809683353602054,-4.21280679998482e-05,-1.79469599412632e-05,-1.79469599412632e-05
4.079,0.000807273167638418,-4.20033545277253e-05,-1.78891797847628e-05,-1.78891797847628e-05
4.08,0.000804870116716668,-4.1879007874746e-05,-1.78315857184405e-05,-1.78315857184405e-05
4.081,0.000802474179850303,-4.17550269702307e-05,-1.77741771427485e-05,-1.77741771427485e-05
4.082,0.000800085336114082,-4.16314107465962e-05,-1.77169534600719e-05,-1.77169534600719e-05
4.083,0.000797703564643835,-4.15081581393466e-05,-1.76599140747213e-05,-1.76599140747213e-05
4.084,0.000795328844636302,-4.13852680870645e-05,-1.76030583929277e-05,-1.76030583929277e-05
4.085,0.000792961155348949,-4.12627395314029e-05,-1.75463858228353e-05,-1.75463858228353e-05
4.086,0.000790600476099789,-4.11405714170752e-05,-1.74898957744961e-05,-1.74898957744961e-05
4.087,0.000788246786267217,-4.10187626918477e-05,-1.74335876598636e-05,-1.74335876598636e-05
4.088,0.000785900065289822,-4.08973123065296e-05,-1.7377460892786e-05,-1.7377460892786e-05
4.089,0.000783560292666226,-4.07762192149657e-05,-1.73215148890013e-05,-1.73215148890013e-05
4.09,0.000781227447954905,-4.06554823740266e-05,-1.72657490661301e-05,-1.72657490661301e-05
4.091,0.000778901510774008,-4.05351007436004e-05,-1.72101628436698e-05,-1.72101628436698e-05
4.092,0.000776582460801201,-4.04150732865843e-05,-1.71547556429893e-05,-1.71547556429893e-05
4.093,0.000774270277773482,-4.02953989688758e-05,-1.7099526887322e-05,-1.7099526887322e-05
4.094,0.000771964941487009,-4.01760767593639e-05,-1.704447600176e-05,-1.704447600176e-05
4.095,0.00076966643179694,-4.00571056299212e-05,-1.69896024132488e-05,-1.69896024132488e-05
4.096,0.000767374728617248,-3.99384845553943e-05,-1.69349055505803e-05,-1.69349055505803e-05
4.097,0.000765089811920563,-3.98202125135964e-05,-1.68803848443875e-05,-1.68803848443875e-05
4.098,0.000762811661737997,-3.97022884852984e-05,-1.68260397271385e-05,-1.68260397271385e-05
4.099,0.000760540258158971,-3.95847114542199e-05,-1.67718696331306e-05,-1.67718696331306e-05
4.1,0.000758275581331056,-3.94674804070218e-05,-1.67178739984839e-05,-1.67178739984839e-05
4.101,0.000756017611459792,-3.93505943332967e-05,-1.6664052261136e-05,-1.6664052261136e-05
4.102,0.000753766328808533,-3.92340522255617e-05,-1.66104038608362e-05,-1.66104038608362e-05
4.103,0.000751521713698274,-3.91178530792493e-05,-1.65569282391393e-05,-1.65569282391393e-05
4.104,0.000749283746507478,-3.90019958926989e-05,-1.65036248393996e-05,-1.65036248393996e-05
4.105,0.000747052407671924,-3.88864796671491e-05,-1.64504931067659e-05,-1.64504931067659e-05
4.106,0.000744827677684529,-3.87713034067293e-05,-1.63975324881746e-05,-1.63975324881746e-05
4.107,0.000742609537095183,-3.86564661184508e-05,-1.63447424323452e-05,-1.63447424323452e-05
4.108,0.000740397966510596,-3.85419668121992e-05,-1.62921223897734e-05,-1.62921223897734e-05
4.109,0.000738192946594116,-3.84278045007259e-05,-1.6239671812726e-05,-1.6239671812726e-05
4.11,0.000735994458065581,-3.83139781996399e-05,-1.61873901552353e-05,-1.61873901552353e-05
4.111,0.000733802481701149,-3.82004869274e-05,-1.61352768730929e-05,-1.61352768730929e-05
4.112,0.000731616998333128,-3.80873297053058e-05,-1.60833314238444e-05,-1.60833314238444e-05
4.113,0.000729437988849826,-3.79745055574905e-05,-1.60315532667836e-05,-1.60315532667836e-05
4.114,0.000727265434195384,-3.78620135109123e-05,-1.5979941862947e-05,-1.5979941862947e-05
4.115,0.000725099315369608,-3.77498525953461e-05,-1.5928496675108e-05,-1.5928496675108e-05
4.116,0.000722939613427819,-3.76380218433761e-05,-1.58772171677714e-05,-1.58772171677714e-05
4.117,0.000720786309480681,-3.75265202903871e-05,-1.58261028071678e-05,-1.58261028071678e-05
4.118,0.000718639384694051,-3.74153469745568e-05,-1.5775153061248e-05,-1.5775153061248e-05
4.119,0.000716498820288814,-3.73045009368481e-05,-1.57243673996779e-05,-1.57243673996779e-05
4.12,0.000714364597540719,-3.71939812210002e-05,-1.56737452938319e-05,-1.56737452938319e-05
4.121,0.000712236697780233,-3.70837868735217e-05,-1.56232862167885e-05,-1.56232862167885e-05
4.122,0.000710115102392372,-3.6973916943682e-05,-1.55729896433243e-05,-1.55729896433243e-05
4.123,0.000707999792816541,-3.68643704835037e-05,-1.55228550499085e-05,-1.55228550499085e-05
4.124,0.00070589075054639,-3.67551465477545e-05,-1.54728819146976e-05,-1.54728819146976e-05
4.125,0.00070378795712964,-3.66462441939395e-05,-1.54230697175299e-05,-1.54230697175299e-05
4.126,0.00070169139416794,-3.65376624822933e-05,-1.537341793992e-05,-1.537341793992e-05
4.127,0.000699601043316707,-3.64294004757723e-05,-1.53239260650536e-05,-1.53239260650536e-05
4.128,0.000697516886284963,-3.63214572400466e-05,-1.52745935777819e-05,-1.52745935777819e-05
4.129,0.000695438904835189,-3.62138318434927e-05,-1.52254199646163e-05,-1.52254199646163e-05
4.13,0.000693367080783169,-3.61065233571852e-05,-1.5176404713723e-05,-1.5176404713723e-05
4.131,0.000691301395997828,-3.59995308548893e-05,-1.51275473149179e-05,-1.51275473149179e-05
4.132,0.000689241832401089,-3.58928534130536e-05,-1.50788472596611e-05,-1.50788472596611e-05
4.133,0.000687188371967708,-3.57864901108014e-05,-1.50303040410512e-05,-1.50303040410512e-05
4.134,0.000685140996725132,-3.56804400299237e-05,-1.49819171538211e-05,-1.49819171538211e-05
4.135,0.000683099688753341,-3.55747022548719e-05,-1.49336860943314e-05,-1.49336860943314e-05
4.136,0.000681064430184691,-3.54692758727491e-05,-1.48856103605664e-05,-1.48856103605664e-05
4.137,0.000679035203203773,-3.53641599733034e-05,-1.48376894521277e-05,-1.48376894521277e-05
4.138,0.000677011990047255,-3.52593536489201e-05,-1.47899228702299e-05,-1.47899228702299e-05
4.139,0.000674994773003727,-3.51548559946139e-05,-1.47423101176951e-05,-1.47423101176951e-05
4.14,0.000672983534413565,-3.50506661080218e-05,-1.46948506989475e-05,-1.46948506989475e-05
4.141,0.000670978256668761,-3.4946783089395e-05,-1.46475441200084e-05,-1.46475441200084e-05
4.142,0.000668978922212791,-3.48432060415921e-05,-1.46003898884912e-05,-1.46003898884912e-05
4.143,0.00066698551354046,-3.4739934070071e-05,-1.45533875135961e-05,-1.45533875135961e-05
4.144,0.000664998013197746,-3.46369662828817e-05,-1.4506536506105e-05,-1.4506536506105e-05
4.145,0.000663016403781663,-3.45343017906591e-05,-1.44598363783763e-05,-1.44598363783763e-05
4.146,0.000661040667940107,-3.44319397066153e-05,-1.441328664434e-05,-1.441328664434e-05
4.147,0.000659070788371707,-3.43298791465322e-05,-1.43668868194927e-05,-1.43668868194927e-05
4.148,0.000657106747825684,-3.42281192287543e-05,-1.43206364208923e-05,-1.43206364208923e-05
4.149,0.000655148529101698,-3.41266590741812e-05,-1.4274534967153e-05,-1.4274534967153e-05
4.15,0.000653196115049707,-3.40254978062605e-05,-1.42285819784404e-05,-1.42285819784404e-05
4.151,0.000651249488569819,-3.39246345509803e-05,-1.41827769764668e-05,-1.41827769764668e-05
4.152,0.000649308632612142,-3.38240684368617e-05,-1.41371194844853e-05,-1.41371194844853e-05
4.153,0.00064737353017665,-3.37237985949522e-05,-1.40916090272858e-05,-1.40916090272858e-05
4.154,0.000645444164313031,-3.36238241588179e-05,-1.40462451311896e-05,-1.40462451311896e-05
4.155,0.000643520518120538,-3.35241442645363e-05,-1.40010273240444e-05,-1.40010273240444e-05
4.156,0.00064160257474786,-3.34247580506895e-05,-1.39559551352196e-05,-1.39559551352196e-05
4.157,0.000639690317392961,-3.33256646583564e-05,-1.39110280956013e-05,-1.39110280956013e-05
4.158,0.000637783729302955,-3.32268632311062e-05,-1.38662457375872e-05,-1.38662457375872e-05
4.159,0.00063588279377395,-3.3128352914991e-05,-1.38216075950823e-05,-1.38216075950823e-05
4.16,0.000633987494150909,-3.30301328585381e-05,-1.37771132034933e-05,-1.37771132034933e-05
4.161,0.000632097813827514,-3.29322022127441e-05,-1.37327620997244e-05,-1.37327620997244e-05
4.162,0.00063021373624602,-3.28345601310668e-05,-1.36885538221722e-05,-1.36885538221722e-05
4.163,0.000628335244897112,-3.27372057694185e-05,-1.36444879107205e-05,-1.36444879107205e-05
4.164,0.000626462323319772,-3.2640138286159e-05,-1.36005639067364e-05,-1.36005639067364e-05
4.165,0.000624594955101128,-3.25433568420884e-05,-1.35567813530646e-05,-1.35567813530646e-05
4.166,0.000622733123876329,-3.24468606004405e-05,-1.35131397940234e-05,-1.35131397940234e-05
4.167,0.000620876813328392,-3.23506487268753e-05,-1.34696387753994e-05,-1.34696387753994e-05
4.168,0.000619026007188069,-3.22547203894724e-05,-1.34262778444429e-05,-1.34262778444429e-05
4.169,0.000617180689233712,-3.21590747587238e-05,-1.33830565498635e-05,-1.33830565498635e-05
4.17,0.000615340843291129,-3.20637110075275e-05,-1.33399744418248e-05,-1.33399744418248e-05
4.171,0.000613506453233446,-3.19686283111797e-05,-1.32970310719405e-05,-1.32970310719405e-05
4.172,0.000611677502980979,-3.18738258473688e-05,-1.32542259932689e-05,-1.32542259932689e-05
4.173,0.000609853976501083,-3.1779302796168e-05,-1.32115587603086e-05,-1.32115587603086e-05
4.174,0.000608035857808029,-3.16850583400287e-05,-1.31690289289943e-05,-1.31690289289943e-05
4.175,0.000606223130962862,-3.15910916637738e-05,-1.31266360566913e-05,-1.31266360566913e-05
4.176,0.00060441578007326,-3.14974019545902e-05,-1.30843797021915e-05,-1.30843797021915e-05
4.177,0.00060261378929341,-3.14039884020229e-05,-1.30422594257088e-05,-1.30422594257088e-05
4.178,0.000600817142823867,-3.1310850197968e-05,-1.30002747888742e-05,-1.30002747888742e-05
4.179,0.000599025824911413,-3.12179865366653e-05,-1.29584253547313e-05,-1.29584253547313e-05
4.18,0.000597239819848939,-3.11253966146925e-05,-1.29167106877321e-05,-1.29167106877321e-05
4.181,0.000595459111975295,-3.10330796309577e-05,-1.28751303537318e-05,-1.28751303537318e-05
4.182,0.000593683685675165,-3.09410347866935e-05,-1.2833683919985e-05,-1.2833683919985e-05
4.183,0.000591913525378938,-3.08492612854497e-05,-1.27923709551409e-05,-1.27923709551409e-05
4.184,0.00059014861556256,-3.07577583330866e-05,-1.27511910292384e-05,-1.27511910292384e-05
4.185,0.000588388940747421,-3.0666525137769e-05,-1.27101437137023e-05,-1.27101437137023e-05
4.186,0.00058663448550021,-3.05755609099591e-05,-1.26692285813385e-05,-1.26692285813385e-05
4.187,0.000584885234432786,-3.04848648624099e-05,-1.26284452063294e-05,-1.26284452063294e-05
4.188,0.000583141172202054,-3.03944362101588e-05,-1.25877931642297e-05,-1.25877931642297e-05
4.189,0.00058140228350982,-3.03042741705209e-05,-1.25472720319618e-05,-1.25472720319618e-05
4.19,0.000579668553102678,-3.02143779630827e-05,-1.25068813878118e-05,-1.25068813878118e-05
4.191,0.000577939965771868,-3.01247468096953e-05,-1.24666208114245e-05,-1.24666208114245e-05
4.192,0.000576216506353148,-3.00353799344679e-05,-1.24264898837994e-05,-1.24264898837994e-05
4.193,0.00057449815972667,-2.99462765637615e-05,-1.23864881872863e-05,-1.23864881872863e-05
4.194,0.000572784910816848,-2.98574359261827e-05,-1.23466153055809e-05,-1.23466153055809e-05
4.195,0.000571076744592225,-2.97688572525762e-05,-1.23068708237202e-05,-1.23068708237202e-05
4.196,0.000569373646065355,-2.96805397760198e-05,-1.22672543280789e-05,-1.22672543280789e-05
4.197,0.000567675600292664,-2.95924827318167e-05,-1.22277654063642e-05,-1.22277654063642e-05
4.198,0.000565982592374333,-2.950468535749e-05,-1.21884036476121e-05,-1.21884036476121e-05
4.199,0.000564294607454166,-2.94171468927759e-05,-1.21491686421831e-05,-1.21491686421831e-05
4.2,0.000562611630719459,-2.93298665796175e-05,-1.21100599817574e-05,-1.21100599817574e-05
4.201,0.000560933647400884,-2.92428436621583e-05,-1.20710772593313e-05,-1.20710772593313e-05
4.202,0.000559260642772355,-2.91560773867362e-05,-1.20322200692127e-05,-1.20322200692127e-05
4.203,0.000557592602150904,-2.90695670018765e-05,-1.19934880070166e-05,-1.19934880070166e-05
4.204,0.000555929510896558,-2.89833117582868e-05,-1.19548806696614e-05,-1.19548806696614e-05
4.205,0.000554271354412213,-2.88973109088493e-05,-1.19163976553641e-05,-1.19163976553641e-05
4.206,0.000552618118143508,-2.88115637086157e-05,-1.18780385636369e-05,-1.18780385636369e-05
4.207,0.000550969787578707,-2.87260694148007e-05,-1.18398029952823e-05,-1.18398029952823e-05
4.208,0.000549326348248563,-2.86408272867751e-05,-1.18016905523891e-05,-1.18016905523891e-05
4.209,0.000547687785726209,-2.85558365860605e-05,-1.17637008383286e-05,-1.17637008383286e-05
4.21,0.000546054085627028,-2.84710965763227e-05,-1.172583345775e-05,-1.172583345775e-05
4.211,0.000544425233608524,-2.83866065233656e-05,-1.16880880165768e-05,-1.16880880165768e-05
4.212,0.000542801215370214,-2.83023656951251e-05,-1.16504641220022e-05,-1.16504641220022e-05
4.213,0.000541182016653493,-2.82183733616626e-05,-1.16129613824853e-05,-1.16129613824853e-05
4.214,0.00053956762324152,-2.81346287951596e-05,-1.15755794077468e-05,-1.15755794077468e-05
4.215,0.000537958020959096,-2.80511312699112e-05,-1.15383178087651e-05,-1.15383178087651e-05
4.216,0.000536353195672535,-2.79678800623197e-05,-1.15011761977724e-05,-1.15011761977724e-05
4.217,0.000534753133289558,-2.78848744508892e-05,-1.14641541882503e-05,-1.14641541882503e-05
4.218,0.00053315781975916,-2.78021137162193e-05,-1.14272513949259e-05,-1.14272513949259e-05
4.219,0.000531567241071494,-2.77195971409987e-05,-1.13904674337678e-05,-1.13904674337678e-05
4.22,0.000529981383257757,-2.76373240099999e-05,-1.13538019219823e-05,-1.13538019219823e-05
4.221,0.000528400232390058,-2.75552936100724e-05,-1.13172544780092e-05,-1.13172544780092e-05
4.222,0.000526823774581315,-2.74735052301376e-05,-1.12808247215176e-05,-1.12808247215176e-05
4.223,0.000525251995985125,-2.73919581611822e-05,-1.12445122734026e-05,-1.12445122734026e-05
4.224,0.00052368488279565,-2.73106516962523e-05,-1.12083167557806e-05,-1.12083167557806e-05
4.225,0.000522122421247498,-2.72295851304481e-05,-1.11722377919858e-05,-1.11722377919858e-05
4.226,0.000520564597615606,-2.7148757760917e-05,-1.11362750065662e-05,-1.11362750065662e-05
4.227,0.000519011398215125,-2.70681688868486e-05,-1.11004280252797e-05,-1.11004280252797e-05
4.228,0.000517462809401299,-2.69878178094685e-05,-1.10646964750902e-05,-1.10646964750902e-05
4.229,0.000515918817569351,-2.69077038320322e-05,-1.10290799841635e-05,-1.10290799841635e-05
4.23,0.000514379409154366,-2.68278262598197e-05,-1.09935781818638e-05,-1.09935781818638e-05
4.231,0.00051284457063118,-2.67481844001294e-05,-1.09581906987495e-05,-1.09581906987495e-05
4.232,0.000511314288514253,-2.66687775622722e-05,-1.09229171665695e-05,-1.09229171665695e-05
4.233,0.000509788549357566,-2.65896050575662e-05,-1.08877572182595e-05,-1.08877572182595e-05
4.234,0.0005082673397545,-2.65106661993303e-05,-1.08527104879379e-05,-1.08527104879379e-05
4.235,0.000506750646337722,-2.6431960302879e-05,-1.08177766109021e-05,-1.08177766109021e-05
4.236,0.000505238455779074,-2.63534866855163e-05,-1.07829552236247e-05,-1.07829552236247e-05
4.237,0.000503730754789453,-2.627524466653e-05,-1.07482459637499e-05,-1.07482459637499e-05
4.238,0.000502227530118703,-2.61972335671861e-05,-1.07136484700893e-05,-1.07136484700893e-05
4.239,0.000500728768555504,-2.61194527107234e-05,-1.06791623826186e-05,-1.06791623826186e-05
4.24,0.000499234456927246,-2.60419014223471e-05,-1.06447873424735e-05,-1.06447873424735e-05
4.241,0.000497744582099937,-2.59645790292237e-05,-1.06105229919461e-05,-1.06105229919461e-05
4.242,0.000496259130978068,-2.58874848604754e-05,-1.05763689744812e-05,-1.05763689744812e-05
4.243,0.000494778090504521,-2.5810618247174e-05,-1.05423249346727e-05,-1.05423249346727e-05
4.244,0.000493301447660447,-2.57339785223358e-05,-1.05083905182595e-05,-1.05083905182595e-05
4.245,0.000491829189465154,-2.56575650209157e-05,-1.04745653721221e-05,-1.04745653721221e-05
4.246,0.000490361302976002,-2.55813770798018e-05,-1.04408491442789e-05,-1.04408491442789e-05
4.247,0.000488897775288289,-2.55054140378096e-05,-1.04072414838828e-05,-1.04072414838828e-05
4.248,0.000487438593535138,-2.54296752356767e-05,-1.03737420412167e-05,-1.03737420412167e-05
4.249,0.000485983744887395,-2.53541600160572e-05,-1.03403504676908e-05,-1.03403504676908e-05
4.25,0.000484533216553508,-2.5278867723516e-05,-1.03070664158384e-05,-1.03070664158384e-05
4.251,0.00048308699577943,-2.52037977045236e-05,-1.02738895393127e-05,-1.02738895393127e-05
4.252,0.000481645069848502,-2.51289493074506e-05,-1.02408194928827e-05,-1.02408194928827e-05
4.253,0.000480207426081344,-2.50543218825617e-05,-1.02078559324299e-05,-1.02078559324299e-05
4.254,0.000478774051835752,-2.4979914782011e-05,-1.01749985149445e-05,-1.01749985149445e-05
4.255,0.000477344934506588,-2.49057273598363e-05,-1.01422468985226e-05,-1.01422468985226e-05
4.256,0.000475920061525664,-2.48317589719532e-05,-1.01096007423611e-05,-1.01096007423611e-05
4.257,0.00047449942036165,-2.47580089761503e-05,-1.00770597067558e-05,-1.00770597067558e-05
4.258,0.000473082998519954,-2.46844767320837e-05,-1.00446234530969e-05,-1.00446234530969e-05
4.259,0.000471670783542619,-2.46111616012714e-05,-1.00122916438657e-05,-1.00122916438657e-05
4.26,0.000470262763008223,-2.45380629470881e-05,-9.98006394263098e-06,-9.98006394263098e-06
4.261,0.000468858924531757,-2.44651801347597e-05,-9.94794001404577e-06,-9.94794001404577e-06
4.262,0.000467459255764538,-2.43925125313584e-05,-9.91591952384367e-06,-9.91591952384367e-06
4.263,0.000466063744394091,-2.43200595057967e-05,-9.88400213883527e-06,-9.88400213883527e-06
4.264,0.000464672378144045,-2.42478204288227e-05,-9.85218752690487e-06,-9.85218752690487e-06
4.265,0.000463285144774034,-2.41757946730145e-05,-9.82047535700694e-06,-9.82047535700694e-06
4.266,0.000461902032079584,-2.41039816127751e-05,-9.78886529916261e-06,-9.78886529916261e-06
4.267,0.000460523027892016,-2.40323806243271e-05,-9.75735702445641e-06,-9.75735702445641e-06
4.268,0.00045914812007834,-2.39609910857072e-05,-9.72595020503264e-06,-9.72595020503264e-06
4.269,0.000457777296541145,-2.38898123767614e-05,-9.694644514092e-06,-9.694644514092e-06
4.27,0.000456410545218505,-2.38188438791396e-05,-9.6634396258883e-06,-9.6634396258883e-06
4.271,0.000455047854083871,-2.37480849762903e-05,-9.63233521572506e-06,-9.63233521572506e-06
4.272,0.000453689211145964,-2.36775350534556e-05,-9.60133095995183e-06,-9.60133095995183e-06
4.273,0.000452334604448684,-2.36071934976659e-05,-9.57042653596129e-06,-9.57042653596129e-06
4.274,0.000450984022070992,-2.35370596977348e-05,-9.53962162218548e-06,-9.53962162218548e-06
4.275,0.000449637452126824,-2.3467133044254e-05,-9.50891589809262e-06,-9.50891589809262e-06
4.276,0.000448294882764978,-2.33974129295882e-05,-9.47830904418387e-06,-9.47830904418387e-06
4.277,0.000446956302169016,-2.33278987478697e-05,-9.44780074198974e-06,-9.44780074198974e-06
4.278,0.000445621698557164,-2.32585898949938e-05,-9.41739067406705e-06,-9.41739067406705e-06
4.279,0.000444291060182213,-2.31894857686135e-05,-9.38707852399554e-06,-9.38707852399554e-06
4.28,0.000442964375331409,-2.31205857681342e-05,-9.35686397637433e-06,-9.35686397637433e-06
4.281,0.000441641632326366,-2.30518892947089e-05,-9.32674671681895e-06,-9.32674671681895e-06
4.282,0.000440322819522955,-2.29833957512332e-05,-9.29672643195799e-06,-9.29672643195799e-06
4.283,0.000439007925311212,-2.29151045423402e-05,-9.26680280942974e-06,-9.26680280942974e-06
4.284,0.000437696938115235,-2.28470150743955e-05,-9.23697553787889e-06,-9.23697553787889e-06
4.285,0.000436389846393081,-2.2779126755492e-05,-9.20724430695358e-06,-9.20724430695358e-06
4.286,0.000435086638636678,-2.27114389954455e-05,-9.1776088073018e-06,-9.1776088073018e-06
4.287,0.000433787303371715,-2.2643951205789e-05,-9.14806873056841e-06,-9.14806873056841e-06
4.288,0.000432491829157549,-2.25766627997684e-05,-9.1186237693919e-06,-9.1186237693919e-06
4.289,0.00043120020458711,-2.25095731923371e-05,-9.089273617401e-06,-9.089273617401e-06
4.29,0.000429912418286796,-2.24426818001512e-05,-9.06001796921176e-06,-9.06001796921176e-06
4.291,0.00042862845891638,-2.23759880415649e-05,-9.03085652042413e-06,-9.03085652042413e-06
4.292,0.000427348315168917,-2.23094913366252e-05,-9.00178896761901e-06,-9.00178896761901e-06
4.293,0.000426071975770634,-2.22431911070671e-05,-8.97281500835485e-06,-8.97281500835485e-06
4.294,0.00042479942948085,-2.2177086776309e-05,-8.94393434116471e-06,-8.94393434116471e-06
4.295,0.000423530665091869,-2.21111777694476e-05,-8.91514666555293e-06,-8.91514666555293e-06
4.296,0.000422265671428883,-2.2045463513253e-05,-8.88645168199223e-06,-8.88645168199223e-06
4.297,0.000421004437349885,-2.19799434361641e-05,-8.85784909192036e-06,-8.85784909192036e-06
4.298,0.000419746951745565,-2.19146169682838e-05,-8.82933859773711e-06,-8.82933859773711e-06
4.299,0.000418493203539219,-2.18494835413738e-05,-8.80091990280115e-06,-8.80091990280115e-06
4.3,0.000417243181686654,-2.17845425888504e-05,-8.77259271142713e-06,-8.77259271142713e-06
4.301,0.000415996875176092,-2.17197935457794e-05,-8.74435672888217e-06,-8.74435672888217e-06
4.302,0.000414754273028076,-2.16552358488711e-05,-8.71621166138333e-06,-8.71621166138333e-06
4.303,0.000413515364295377,-2.15908689364763e-05,-8.68815721609414e-06,-8.68815721609414e-06
4.304,0.000412280138062897,-2.15266922485808e-05,-8.6601931011217e-06,-8.6601931011217e-06
4.305,0.000411048583447582,-2.1462705226801e-05,-8.63231902551367e-06,-8.63231902551367e-06
4.306,0.000409820689598318,-2.13989073143793e-05,-8.60453469925512e-06,-8.60453469925512e-06
4.307,0.000408596445695851,-2.13352979561794e-05,-8.57683983326564e-06,-8.57683983326564e-06
4.308,0.000407375840952685,-2.12718765986814e-05,-8.5492341393964e-06,-8.5492341393964e-06
4.309,0.00040615886461299,-2.12086426899772e-05,-8.52171733042677e-06,-8.52171733042677e-06
4.31,0.000404945505952515,-2.11455956797661e-05,-8.49428912006164e-06,-8.49428912006164e-06
4.311,0.000403735754278492,-2.10827350193499e-05,-8.46694922292861e-06,-8.46694922292861e-06
4.312,0.000402529598929544,-2.10200601616284e-05,-8.43969735457451e-06,-8.43969735457451e-06
4.313,0.000401327029275598,-2.09575705610948e-05,-8.41253323146285e-06,-8.41253323146285e-06
4.314,0.000400128034717786,-2.08952656738309e-05,-8.38545657097061e-06,-8.38545657097061e-06
4.315,0.000398932604688362,-2.08331449575029e-05,-8.35846709138548e-06,-8.35846709138548e-06
4.316,0.000397740728650611,-2.07712078713566e-05,-8.33156451190295e-06,-8.33156451190295e-06
4.317,0.000396552396098749,-2.07094538762126e-05,-8.30474855262306e-06,-8.30474855262306e-06
4.318,0.000395367596557843,-2.06478824344622e-05,-8.27801893454796e-06,-8.27801893454796e-06
4.319,0.000394186319583721,-2.05864930100629e-05,-8.2513753795786e-06,-8.2513753795786e-06
4.32,0.000393008554762874,-2.05252850685331e-05,-8.22481761051196e-06,-8.22481761051196e-06
4.321,0.000391834291712374,-2.04642580769488e-05,-8.19834535103838e-06,-8.19834535103838e-06
4.322,0.000390663520079783,-2.04034115039381e-05,-8.17195832573822e-06,-8.17195832573822e-06
4.323,0.000389496229543065,-2.0342744819677e-05,-8.14565626007949e-06,-8.14565626007949e-06
4.324,0.000388332409810495,-2.02822574958854e-05,-8.11943888041468e-06,-8.11943888041468e-06
4.325,0.00038717205062057,-2.02219490058219e-05,-8.09330591397799e-06,-8.09330591397799e-06
4.326,0.000386015141741929,-2.016181882428e-05,-8.06725708888241e-06,-8.06725708888241e-06
4.327,0.000384861672973255,-2.01018664275833e-05,-8.04129213411711e-06,-8.04129213411711e-06
4.328,0.00038371163414319,-2.00420912935812e-05,-8.01541077954438e-06,-8.01541077954438e-06
4.329,0.000382565015110256,-1.99824929016444e-05,-7.98961275589691e-06,-7.98961275589691e-06
4.33,0.000381421805762753,-1.99230707326607e-05,-7.96389779477501e-06,-7.96389779477501e-06
4.331,0.000380281996018687,-1.98638242690304e-05,-7.93826562864379e-06,-7.93826562864379e-06
4.332,0.000379145575825677,-1.98047529946623e-05,-7.91271599083029e-06,-7.91271599083029e-06
4.333,0.000378012535160862,-1.97458563949688e-05,-7.88724861552087e-06,-7.88724861552087e-06
4.334,0.00037688286403083,-1.9687133956862e-05,-7.86186323775828e-06,-7.86186323775828e-06
4.335,0.00037575655247152,-1.96285851687493e-05,-7.83655959343913e-06,-7.83655959343913e-06
4.336,0.000374633590548139,-1.95702095205289e-05,-7.81133741931071e-06,-7.81133741931071e-06
4.337,0.000373513968355081,-1.95120065035857e-05,-7.78619645296872e-06,-7.78619645296872e-06
4.338,0.000372397676015837,-1.94539756107867e-05,-7.7611364328542e-06,-7.7611364328542e-06
4.339,0.000371284703682913,-1.93961163364773e-05,-7.73615709825107e-06,-7.73615709825107e-06
4.34,0.000370175041537747,-1.93384281764764e-05,-7.71125818928325e-06,-7.71125818928325e-06
4.341,0.000369068679790616,-1.92809106280724e-05,-7.68643944691185e-06,-7.68643944691185e-06
4.342,0.000367965608680564,-1.92235631900192e-05,-7.66170061293276e-06,-7.66170061293276e-06
4.343,0.000366865818475312,-1.91663853625317e-05,-7.63704142997373e-06,-7.63704142997373e-06
4.344,0.000365769299471172,-1.91093766472814e-05,-7.61246164149171e-06,-7.61246164149171e-06
4.345,0.000364676041992968,-1.90525365473927e-05,-7.58796099177041e-06,-7.58796099177041e-06
4.346,0.000363586036393951,-1.89958645674382e-05,-7.56353922591718e-06,-7.56353922591718e-06
4.347,0.000362499273055716,-1.89393602134349e-05,-7.5391960898609e-06,-7.5391960898609e-06
4.348,0.000361415742388124,-1.88830229928399e-05,-7.51493133034892e-06,-7.51493133034892e-06
4.349,0.000360335434829208,-1.8826852414546e-05,-7.49074469494456e-06,-7.49074469494456e-06
4.35,0.000359258340845105,-1.87708479888781e-05,-7.46663593202453e-06,-7.46663593202453e-06
4.351,0.000358184450929965,-1.87150092275884e-05,-7.44260479077627e-06,-7.44260479077627e-06
4.352,0.00035711375560587,-1.86593356438529e-05,-7.41865102119522e-06,-7.41865102119522e-06
4.353,0.000356046245422757,-1.86038267522668e-05,-7.39477437408249e-06,-7.39477437408249e-06
4.354,0.000354981910958332,-1.85484820688406e-05,-7.37097460104195e-06,-7.37097460104195e-06
4.355,0.000353920742817992,-1.84933011109963e-05,-7.34725145447791e-06,-7.34725145447791e-06
4.356,0.000352862731634746,-1.84382833975626e-05,-7.32360468759233e-06,-7.32360468759233e-06
4.357,0.000351807868069125,-1.83834284487717e-05,-7.30003405438235e-06,-7.30003405438235e-06
4.358,0.000350756142809117,-1.83287357862546e-05,-7.27653930963783e-06,-7.27653930963783e-06
4.359,0.000349707546570072,-1.82742049330372e-05,-7.25312020893849e-06,-7.25312020893849e-06
4.36,0.000348662070094631,-1.82198354135365e-05,-7.2297765086517e-06,-7.2297765086517e-06
4.361,0.000347619704152646,-1.81656267535565e-05,-7.2065079659298e-06,-7.2065079659298e-06
4.362,0.000346580439541095,-1.8111578480284e-05,-7.18331433870746e-06,-7.18331433870746e-06
4.363,0.000345544267084009,-1.80576901222846e-05,-7.16019538569932e-06,-7.16019538569932e-06
4.364,0.000344511177632393,-1.80039612094992e-05,-7.13715086639752e-06,-7.13715086639752e-06
4.365,0.00034348116206414,-1.79503912732394e-05,-7.1141805410689e-06,-7.1141805410689e-06
4.366,0.000342454211283962,-1.78969798461839e-05,-7.09128417075289e-06,-7.09128417075289e-06
4.367,0.000341430316223304,-1.78437264623745e-05,-7.06846151725868e-06,-7.06846151725868e-06
4.368,0.000340409467840272,-1.7790630657212e-05,-7.04571234316292e-06,-7.04571234316292e-06
4.369,0.000339391657119554,-1.77376919674526e-05,-7.02303641180737e-06,-7.02303641180737e-06
4.37,0.000338376875072336,-1.76849099312035e-05,-7.00043348729606e-06,-7.00043348729606e-06
4.371,0.000337365112736235,-1.76322840879197e-05,-6.97790333449317e-06,-6.97790333449317e-06
4.372,0.000336356361175215,-1.75798139783992e-05,-6.95544571902045e-06,-6.95544571902045e-06
4.373,0.000335350611479511,-1.752749914478e-05,-6.93306040725472e-06,-6.93306040725472e-06
4.374,0.000334347854765555,-1.74753391305355e-05,-6.91074716632566e-06,-6.91074716632566e-06
4.375,0.000333348082175895,-1.74233334804713e-05,-6.88850576411305e-06,-6.88850576411305e-06
4.376,0.000332351284879125,-1.73714817407207e-05,-6.86633596924466e-06,-6.86633596924466e-06
4.377,0.000331357454069805,-1.73197834587416e-05,-6.84423755109365e-06,-6.84423755109365e-06
4.378,0.000330366580968384,-1.72682381833117e-05,-6.82221027977621e-06,-6.82221027977621e-06
4.379,0.000329378656821128,-1.72168454645256e-05,-6.8002539261493e-06,-6.8002539261493e-06
4.38,0.000328393672900044,-1.71656048537907e-05,-6.77836826180807e-06,-6.77836826180807e-06
4.381,0.0003274116205028,-1.71145159038231e-05,-6.75655305908344e-06,-6.75655305908344e-06
4.382,0.000326432490952658,-1.70635781686441e-05,-6.73480809104005e-06,-6.73480809104005e-06
4.383,0.000325456275598394,-1.70127912035766e-05,-6.71313313147358e-06,-6.71313313147358e-06
4.384,0.000324482965814226,-1.69621545652408e-05,-6.69152795490849e-06,-6.69152795490849e-06
4.385,0.000323512552999737,-1.69116678115511e-05,-6.66999233659582e-06,-6.66999233659582e-06
4.386,0.000322545028579802,-1.68613305017117e-05,-6.64852605251055e-06,-6.64852605251055e-06
4.387,0.000321580384004517,-1.68111421962133e-05,-6.62712887934947e-06,-6.62712887934947e-06
4.388,0.000320618610749125,-1.67611024568296e-05,-6.60580059452893e-06,-6.60580059452893e-06
4.389,0.000319659700313935,-1.67112108466127e-05,-6.5845409761822e-06,-6.5845409761822e-06
4.39,0.00031870364422426,-1.66614669298904e-05,-6.56334980315762e-06,-6.56334980315762e-06
4.391,0.000317750434030336,-1.66118702722619e-05,-6.54222685501579e-06,-6.54222685501579e-06
4.392,0.000316800061307253,-1.65624204405944e-05,-6.52117191202769e-06,-6.52117191202769e-06
4.393,0.000315852517654882,-1.65131170030193e-05,-6.50018475517223e-06,-6.50018475517223e-06
4.394,0.0003149077946978,-1.64639595289285e-05,-6.47926516613382e-06,-6.47926516613382e-06
4.395,0.000313965884085222,-1.64149475889709e-05,-6.45841292730038e-06,-6.45841292730038e-06
4.396,0.000313026777490928,-1.63660807550488e-05,-6.43762782176091e-06,-6.43762782176091e-06
4.397,0.000312090466613186,-1.63173586003141e-05,-6.41690963330317e-06,-6.41690963330317e-06
4.398,0.00031115694317469,-1.62687806991647e-05,-6.39625814641158e-06,-6.39625814641158e-06
4.399,0.000310226198922479,-1.62203466272409e-05,-6.3756731462649e-06,-6.3756731462649e-06
4.4,0.000309298225627875,-1.61720559614222e-05,-6.35515441873397e-06,-6.35515441873397e-06
4.401,0.000308373015086406,-1.6123908279823e-05,-6.33470175037959e-06,-6.33470175037959e-06
4.402,0.000307450559117734,-1.60759031617896e-05,-6.31431492845009e-06,-6.31431492845009e-06
4.403,0.00030653084956559,-1.60280401878964e-05,-6.2939937408793e-06,-6.2939937408793e-06
4.404,0.000305613878297704,-1.59803189399425e-05,-6.27373797628436e-06,-6.27373797628436e-06
4.405,0.000304699637205726,-1.59327390009478e-05,-6.25354742396324e-06,-6.25354742396324e-06
4.406,0.000303788118205168,-1.588529995515e-05,-6.23342187389294e-06,-6.23342187389294e-06
4.407,0.000302879313235324,-1.58380013880005e-05,-6.21336111672698e-06,-6.21336111672698e-06
4.408,0.000301973214259209,-1.57908428861615e-05,-6.19336494379343e-06,-6.19336494379343e-06
4.409,0.000301069813263484,-1.5743824037502e-05,-6.17343314709254e-06,-6.17343314709254e-06
4.41,0.000300169102258388,-1.56969444310944e-05,-6.15356551929481e-06,-6.15356551929481e-06
4.411,0.000299271073277673,-1.56502036572113e-05,-6.1337618537386e-06,-6.1337618537386e-06
4.412,0.00029837571837853,-1.56036013073218e-05,-6.11402194442814e-06,-6.11402194442814e-06
4.413,0.000297483029641522,-1.55571369740878e-05,-6.09434558603127e-06,-6.09434558603127e-06
4.414,0.00029659299917052,-1.55108102513613e-05,-6.07473257387745e-06,-6.07473257387745e-06
4.415,0.000295705619092628,-1.54646207341801e-05,-6.05518270395542e-06,-6.05518270395542e-06
4.416,0.000294820881558121,-1.54185680187647e-05,-6.03569577291126e-06,-6.03569577291126e-06
4.417,0.000293938778740376,-1.53726517025154e-05,-6.01627157804622e-06,-6.01627157804622e-06
4.418,0.0002930593028358,-1.53268713840078e-05,-5.99690991731444e-06,-5.99690991731444e-06
4.419,0.000292182446063768,-1.52812266629903e-05,-5.97761058932125e-06,-5.97761058932125e-06
4.42,0.000291308200666558,-1.52357171403806e-05,-5.95837339332056e-06,-5.95837339332056e-06
4.421,0.000290436558909272,-1.51903424182616e-05,-5.93919812921322e-06,-5.93919812921322e-06
4.422,0.000289567513079787,-1.51451020998791e-05,-5.9200845975446e-06,-5.9200845975446e-06
4.423,0.000288701055488671,-1.50999957896376e-05,-5.90103259950268e-06,-5.90103259950268e-06
4.424,0.000287837178469131,-1.50550230930972e-05,-5.88204193691605e-06,-5.88204193691605e-06
4.425,0.000286975874376937,-1.50101836169705e-05,-5.86311241225168e-06,-5.86311241225168e-06
4.426,0.000286117135590362,-1.49654769691188e-05,-5.84424382861285e-06,-5.84424382861285e-06
4.427,0.000285260954510111,-1.49209027585491e-05,-5.82543598973735e-06,-5.82543598973735e-06
4.428,0.000284407323559263,-1.48764605954109e-05,-5.80668869999511e-06,-5.80668869999511e-06
4.429,0.000283556235183197,-1.48321500909924e-05,-5.7880017643864e-06,-5.7880017643864e-06
4.43,0.000282707681849533,-1.47879708577178e-05,-5.76937498853972e-06,-5.76937498853972e-06
4.431,0.000281861656048065,-1.47439225091434e-05,-5.7508081787097e-06,-5.7508081787097e-06
4.432,0.000281018150290696,-1.47000046599549e-05,-5.73230114177526e-06,-5.73230114177526e-06
4.433,0.000280177157111373,-1.46562169259637e-05,-5.71385368523737e-06,-5.71385368523737e-06
4.434,0.000279338669066024,-1.46125589241039e-05,-5.69546561721726e-06,-5.69546561721726e-06
4.435,0.000278502678732493,-1.45690302724288e-05,-5.6771367464543e-06,-5.6771367464543e-06
4.436,0.000277669178710475,-1.45256305901082e-05,-5.65886688230401e-06,-5.65886688230401e-06
4.437,0.000276838161621454,-1.44823594974243e-05,-5.64065583473616e-06,-5.64065583473616e-06
4.438,0.000276009620108639,-1.44392166157692e-05,-5.62250341433265e-06,-5.62250341433265e-06
4.439,0.000275183546836898,-1.43962015676414e-05,-5.60440943228564e-06,-5.60440943228564e-06
4.44,0.000274359934492697,-1.43533139766427e-05,-5.58637370039564e-06,-5.58637370039564e-06
4.441,0.000273538775784039,-1.43105534674749e-05,-5.56839603106937e-06,-5.56839603106937e-06
4.442,0.000272720063440396,-1.42679196659367e-05,-5.55047623731795e-06,-5.55047623731795e-06
4.443,0.000271903790212649,-1.42254121989203e-05,-5.5326141327549e-06,-5.5326141327549e-06
4.444,0.000271089948873027,-1.41830306944086e-05,-5.51480953159425e-06,-5.51480953159425e-06
4.445,0.000270278532215039,-1.41407747814719e-05,-5.49706224864845e-06,-5.49706224864845e-06
4.446,0.000269469533053422,-1.40986440902645e-05,-5.4793720993267e-06,-5.4793720993267e-06
4.447,0.000268662944224067,-1.40566382520219e-05,-5.46173889963273e-06,-5.46173889963273e-06
4.448,0.000267858758583963,-1.40147568990574e-05,-5.44416246616315e-06,-5.44416246616315e-06
4.449,0.00026705696901114,-1.39729996647594e-05,-5.42664261610537e-06,-5.42664261610537e-06
4.45,0.000266257568404597,-1.39313661835877e-05,-5.40917916723579e-06,-5.40917916723579e-06
4.451,0.00026546054968425,-1.38898560910708e-05,-5.39177193791779e-06,-5.39177193791779e-06
4.452,0.000264665905790865,-1.38484690238027e-05,-5.37442074710001e-06,-5.37442074710001e-06
4.453,0.000263873629685999,-1.38072046194397e-05,-5.35712541431421e-06,-5.35712541431421e-06
4.454,0.000263083714351942,-1.37660625166977e-05,-5.33988575967375e-06,-5.33988575967375e-06
4.455,0.000262296152791651,-1.37250423553485e-05,-5.32270160387131e-06,-5.32270160387131e-06
4.456,0.000261510938028694,-1.36841437762174e-05,-5.30557276817739e-06,-5.30557276817739e-06
4.457,0.000260728063107188,-1.36433664211797e-05,-5.28849907443812e-06,-5.28849907443812e-06
4.458,0.000259947521091737,-1.36027099331577e-05,-5.27148034507369e-06,-5.27148034507369e-06
4.459,0.000259169305067377,-1.35621739561181e-05,-5.25451640307633e-06,-5.25451640307633e-06
4.46,0.000258393408139513,-1.35217581350683e-05,-5.23760707200853e-06,-5.23760707200853e-06
4.461,0.000257619823433856,-1.34814621160539e-05,-5.22075217600115e-06,-5.22075217600115e-06
4.462,0.000256848544096373,-1.34412855461554e-05,-5.20395153975168e-06,-5.20395153975168e-06
4.463,0.000256079563293218,-1.34012280734856e-05,-5.18720498852223e-06,-5.18720498852223e-06
4.464,0.000255312874210679,-1.33612893471859e-05,-5.17051234813798e-06,-5.17051234813798e-06
4.465,0.000254548470055118,-1.33214690174241e-05,-5.1538734449852e-06,-5.1538734449852e-06
4.466,0.00025378634405291,-1.32817667353908e-05,-5.13728810600935e-06,-5.13728810600935e-06
4.467,0.000253026489450385,-1.3242182153297e-05,-5.12075615871356e-06,-5.12075615871356e-06
4.468,0.000252268899513776,-1.32027149243705e-05,-5.1042774311565e-06,-5.1042774311565e-06
4.469,0.000251513567529148,-1.31633647028537e-05,-5.08785175195087e-06,-5.08785175195087e-06
4.47,0.000250760486802354,-1.31241311439999e-05,-5.0714789502615e-06,-5.0714789502615e-06
4.471,0.000250009650658967,-1.30850139040708e-05,-5.05515885580341e-06,-5.05515885580341e-06
4.472,0.000249261052444226,-1.30460126403338e-05,-5.03889129884044e-06,-5.03889129884044e-06
4.473,0.000248514685522982,-1.30071270110583e-05,-5.02267611018305e-06,-5.02267611018305e-06
4.474,0.000247770543279631,-1.29683566755136e-05,-5.00651312118682e-06,-5.00651312118682e-06
4.475,0.000247028619118068,-1.29297012939657e-05,-4.99040216375059e-06,-4.99040216375059e-06
4.476,0.000246288906461624,-1.28911605276744e-05,-4.97434307031484e-06,-4.97434307031484e-06
4.477,0.000245551398753007,-1.285273403889e-05,-4.95833567385967e-06,-4.95833567385967e-06
4.478,0.000244816089454252,-1.28144214908515e-05,-4.94237980790334e-06,-4.94237980790334e-06
4.479,0.000244082972046658,-1.27762225477825e-05,-4.92647530650044e-06,-4.92647530650044e-06
4.48,0.000243352040030736,-1.27381368748892e-05,-4.91062200424014e-06,-4.91062200424014e-06
4.481,0.000242623286926152,-1.27001641383573e-05,-4.89481973624443e-06,-4.89481973624443e-06
4.482,0.000241896706271666,-1.2662304005349e-05,-4.8790683381665e-06,-4.8790683381665e-06
4.483,0.000241172291625086,-1.26245561440003e-05,-4.86336764618899e-06,-4.86336764618899e-06
4.484,0.000240450036563202,-1.25869202234183e-05,-4.84771749702222e-06,-4.84771749702222e-06
4.485,0.000239729934681737,-1.2549395913678e-05,-4.83211772790256e-06,-4.83211772790256e-06
4.486,0.000239011979595291,-1.25119828858201e-05,-4.81656817659081e-06,-4.81656817659081e-06
4.487,0.000238296164937281,-1.24746808118476e-05,-4.80106868137025e-06,-4.80106868137025e-06
4.488,0.000237582484359891,-1.24374893647232e-05,-4.78561908104525e-06,-4.78561908104525e-06
4.489,0.000236870931534017,-1.24004082183667e-05,-4.77021921493946e-06,-4.77021921493946e-06
4.49,0.000236161500149209,-1.23634370476522e-05,-4.75486892289405e-06,-4.75486892289405e-06
4.491,0.000235454183913617,-1.2326575528405e-05,-4.73956804526623e-06,-4.73956804526623e-06
4.492,0.00023474897655394,-1.22898233373992e-05,-4.72431642292743e-06,-4.72431642292743e-06
4.493,0.000234045871815369,-1.22531801523548e-05,-4.70911389726174e-06,-4.70911389726174e-06
4.494,0.000233344863461531,-1.22166456519349e-05,-4.69396031016424e-06,-4.69396031016424e-06
4.495,0.00023264594527444,-1.2180219515743e-05,-4.67885550403923e-06,-4.67885550403923e-06
4.496,0.000231949111054439,-1.21439014243206e-05,-4.66379932179885e-06,-4.66379932179885e-06
4.497,0.000231254354620149,-1.21076910591438e-05,-4.64879160686116e-06,-4.64879160686116e-06
4.498,0.000230561669808412,-1.20715881026212e-05,-4.63383220314869e-06,-4.63383220314869e-06
4.499,0.000229871050474243,-1.20355922380909e-05,-4.61892095508676e-06,-4.61892095508676e-06
4.5,0.000229182490490771,-1.19997031498179e-05,-4.60405770760184e-06,-4.60405770760184e-06
4.501,0.00022849598374919,-1.19639205229914e-05,-4.58924230611993e-06,-4.58924230611993e-06
4.502,0.000227811524158708,-1.19282440437219e-05,-4.57447459656509e-06,-4.57447459656509e-06
4.503,0.000227129105646485,-1.1892673399039e-05,-4.5597544253576e-06,-4.5597544253576e-06
4.504,0.000226448722157592,-1.18572082768884e-05,-4.54508163941255e-06,-4.54508163941255e-06
4.505,0.00022577036765495,-1.18218483661291e-05,-4.53045608613813e-06,-4.53045608613813e-06
4.506,0.000225094036119283,-1.17865933565311e-05,-4.51587761343412e-06,-4.51587761343412e-06
4.507,0.000224419721549062,-1.17514429387726e-05,-4.50134606969028e-06,-4.50134606969028e-06
4.508,0.000223747417960456,-1.17163968044374e-05,-4.48686130378475e-06,-4.48686130378475e-06
4.509,0.00022307711938728,-1.16814546460121e-05,-4.47242316508249e-06,-4.47242316508249e-06
4.51,0.00022240881988094,-1.16466161568839e-05,-4.45803150343372e-06,-4.45803150343372e-06
4.511,0.000221742513510385,-1.16118810313373e-05,-4.44368616917234e-06,-4.44368616917234e-06
4.512,0.000221078194362056,-1.15772489645522e-05,-4.42938701311438e-06,-4.42938701311438e-06
4.513,0.000220415856539831,-1.15427196526009e-05,-4.41513388655648e-06,-4.41513388655648e-06
4.514,0.000219755494164978,-1.15082927924457e-05,-4.40092664127425e-06,-4.40092664127425e-06
4.515,0.000219097101376102,-1.1473968081936e-05,-4.38676512952081e-06,-4.38676512952081e-06
4.516,0.000218440672329093,-1.14397452198063e-05,-4.37264920402527e-06,-4.37264920402527e-06
4.517,0.000217786201197079,-1.14056239056729e-05,-4.35857871799106e-06,-4.35857871799106e-06
4.518,0.000217133682170373,-1.1371603840032e-05,-4.34455352509459e-06,-4.34455352509459e-06
4.519,0.000216483109456423,-1.13376847242568e-05,-4.33057347948354e-06,-4.33057347948354e-06
4.52,0.00021583447727976,-1.1303866260595e-05,-4.3166384357755e-06,-4.3166384357755e-06
4.521,0.000215187779881955,-1.12701481521662e-05,-4.30274824905637e-06,-4.30274824905637e-06
4.522,0.000214543011521559,-1.12365301029595e-05,-4.28890277487883e-06,-4.28890277487883e-06
4.523,0.00021390016647406,-1.12030118178311e-05,-4.27510186926091e-06,-4.27510186926091e-06
4.524,0.000213259239031833,-1.11695930025013e-05,-4.26134538868443e-06,-4.26134538868443e-06
4.525,0.000212620223504087,-1.11362733635525e-05,-4.24763319009355e-06,-4.24763319009355e-06
4.526,0.000211983114216821,-1.11030526084265e-05,-4.23396513089327e-06,-4.23396513089327e-06
4.527,0.000211347905512768,-1.10699304454219e-05,-4.22034106894788e-06,-4.22034106894788e-06
4.528,0.000210714591751353,-1.10369065836918e-05,-4.20676086257957e-06,-4.20676086257957e-06
4.529,0.00021008316730864,-1.10039807332412e-05,-4.19322437056693e-06,-4.19322437056693e-06
4.53,0.000209453626577283,-1.09711526049245e-05,-4.17973145214343e-06,-4.17973145214343e-06
4.531,0.00020882596396648,-1.09384219104431e-05,-4.16628196699606e-06,-4.16628196699606e-06
4.532,0.000208200173901921,-1.0905788362343e-05,-4.15287577526368e-06,-4.15287577526368e-06
4.533,0.000207576250825745,-1.08732516740122e-05,-4.13951273753577e-06,-4.13951273753577e-06
4.534,0.000206954189196486,-1.08408115596784e-05,-4.12619271485095e-06,-4.12619271485095e-06
4.535,0.000206333983489028,-1.08084677344064e-05,-4.11291556869534e-06,-4.11291556869534e-06
4.536,0.000205715628194557,-1.07762199140959e-05,-4.0996811610013e-06,-4.0996811610013e-06
4.537,0.000205099117820514,-1.07440678154787e-05,-4.08648935414605e-06,-4.08648935414605e-06
4.538,0.000204484446890544,-1.07120111561168e-05,-4.07334001094991e-06,-4.07334001094991e-06
4.539,0.000203871609944453,-1.06800496543994e-05,-4.06023299467532e-06,-4.06023299467532e-06
4.54,0.000203260601538156,-1.06481830295411e-05,-4.04716816902505e-06,-4.04716816902505e-06
4.541,0.000202651416243635,-1.0616411001579e-05,-4.03414539814098e-06,-4.03414539814098e-06
4.542,0.000202044048648887,-1.05847332913706e-05,-4.02116454660262e-06,-4.02116454660262e-06
4.543,0.000201438493357881,-1.05531496205912e-05,-4.00822547942564e-06,-4.00822547942564e-06
4.544,0.000200834744990507,-1.05216597117319e-05,-3.99532806206061e-06,-3.99532806206061e-06
4.545,0.000200232798182535,-1.04902632880967e-05,-3.98247216039149e-06,-3.98247216039149e-06
4.546,0.000199632647585563,-1.04589600738006e-05,-3.96965764073424e-06,-3.96965764073424e-06
4.547,0.000199034287866974,-1.04277497937671e-05,-3.95688436983549e-06,-3.95688436983549e-06
4.548,0.000198437713709886,-1.03966321737256e-05,-3.94415221487107e-06,-3.94415221487107e-06
4.549,0.000197842919813113,-1.03656069402095e-05,-3.93146104344465e-06,-3.93146104344465e-06
4.55,0.000197249900891111,-1.03346738205535e-05,-3.91881072358648e-06,-3.91881072358648e-06
4.551,0.000196658651673937,-1.03038325428915e-05,-3.90620112375179e-06,-3.90620112375179e-06
4.552,0.000196069166907201,-1.0273082836154e-05,-3.89363211281962e-06,-3.89363211281962e-06
4.553,0.000195481441352024,-1.02424244300663e-05,-3.88110356009138e-06,-3.88110356009138e-06
4.554,0.000194895469784986,-1.02118570551455e-05,-3.86861533528945e-06,-3.86861533528945e-06
4.555,0.000194311246998088,-1.01813804426989e-05,-3.85616730855591e-06,-3.85616730855591e-06
4.556,0.000193728767798701,-1.01509943248209e-05,-3.84375935045106e-06,-3.84375935045106e-06
4.557,0.000193148027009524,-1.01206984343917e-05,-3.83139133195225e-06,-3.83139133195225e-06
4.558,0.00019256901946854,-1.00904925050741e-05,-3.81906312445237e-06,-3.81906312445237e-06
4.559,0.000191991740028968,-1.00603762713118e-05,-3.8067745997586e-06,-3.8067745997586e-06
4.56,0.000191416183559219,-1.0030349468327e-05,-3.79452563009105e-06,-3.79452563009105e-06
4.561,0.000190842344942856,-1.00004118321179e-05,-3.78231608808149e-06,-3.78231608808149e-06
4.562,0.000190270219078542,-9.97056309945661e-06,-3.77014584677183e-06,-3.77014584677183e-06
4.563,0.000189699800880001,-9.94080300788718e-06,-3.75801477961308e-06,-3.75801477961308e-06
4.564,0.000189131085275975,-9.91113129572283e-06,-3.7459227604638e-06,-3.7459227604638e-06
4.565,0.000188564067210173,-9.8815477020441e-06,-3.7338696635889e-06,-3.7338696635889e-06
4.566,0.000187998741641236,-9.85205196669648e-06,-3.72185536365834e-06,-3.72185536365834e-06
4.567,0.000187435103542687,-9.82264383028815e-06,-3.70987973574571e-06,-3.70987973574571e-06
4.568,0.000186873147902888,-9.79332303418786e-06,-3.69794265532706e-06,-3.69794265532706e-06
4.569,0.000186312869725001,-9.76408932052268e-06,-3.68604399827955e-06,-3.68604399827955e-06
4.57,0.000185754264026939,-9.73494243217573e-06,-3.67418364088018e-06,-3.67418364088018e-06
4.571,0.000185197325841324,-9.7058821127841e-06,-3.66236145980438e-06,-3.66236145980438e-06
4.572,0.000184642050215448,-9.67690810673653e-06,-3.65057733212499e-06,-3.65057733212499e-06
4.573,0.000184088432211225,-9.64802015917135e-06,-3.63883113531067e-06,-3.63883113531067e-06
4.574,0.000183536466905151,-9.61921801597424e-06,-3.62712274722483e-06,-3.62712274722483e-06
4.575,0.000182986149388259,-9.59050142377597e-06,-3.61545204612433e-06,-3.61545204612433e-06
4.576,0.000182437474766079,-9.56187012995041e-06,-3.60381891065812e-06,-3.60381891065812e-06
4.577,0.000181890438158595,-9.53332388261227e-06,-3.59222321986606e-06,-3.59222321986606e-06
4.578,0.000181345034700199,-9.50486243061489e-06,-3.58066485317766e-06,-3.58066485317766e-06
4.579,0.000180801259539653,-9.47648552354823e-06,-3.56914369041079e-06,-3.56914369041079e-06
4.58,0.000180259107840046,-9.44819291173657e-06,-3.55765961177041e-06,-3.55765961177041e-06
4.581,0.000179718574778752,-9.41998434623653e-06,-3.5462124978474e-06,-3.5462124978474e-06
4.582,0.000179179655547384,-9.39185957883486e-06,-3.53480222961726e-06,-3.53480222961726e-06
4.583,0.00017864234535176,-9.36381836204625e-06,-3.52342868843883e-06,-3.52342868843883e-06
4.584,0.000178106639411854,-9.33586044911137e-06,-3.51209175605319e-06,-3.51209175605319e-06
4.585,0.000177572532961759,-9.30798559399464e-06,-3.50079131458229e-06,-3.50079131458229e-06
4.586,0.000177040021249643,-9.28019355138213e-06,-3.48952724652777e-06,-3.48952724652777e-06
4.587,0.000176509099537712,-9.25248407667955e-06,-3.4782994347698e-06,-3.4782994347698e-06
4.588,0.00017597976310216,-9.22485692601001e-06,-3.46710776256572e-06,-3.46710776256572e-06
4.589,0.000175452007233138,-9.19731185621208e-06,-3.45595211354896e-06,-3.45595211354896e-06
4.59,0.000174925827234709,-9.16984862483766e-06,-3.44483237172778e-06,-3.44483237172778e-06
4.591,0.000174401218424803,-9.14246699014982e-06,-3.43374842148405e-06,-3.43374842148405e-06
4.592,0.000173878176135184,-9.11516671112084e-06,-3.42270014757205e-06,-3.42270014757205e-06
4.593,0.000173356695711404,-9.08794754743014e-06,-3.41168743511727e-06,-3.41168743511727e-06
4.594,0.000172836772512764,-9.06080925946212e-06,-3.40071016961522e-06,-3.40071016961522e-06
4.595,0.000172318401912275,-9.03375160830424e-06,-3.38976823693025e-06,-3.38976823693025e-06
4.596,0.000171801579296614,-9.00677435574485e-06,-3.37886152329434e-06,-3.37886152329434e-06
4.597,0.00017128630006609,-8.97987726427127e-06,-3.36798991530591e-06,-3.36798991530591e-06
4.598,0.000170772559634598,-8.9530600970677e-06,-3.3571532999287e-06,-3.3571532999287e-06
4.599,0.000170260353429581,-8.92632261801312e-06,-3.34635156449047e-06,-3.34635156449047e-06
4.6,0.000169749676891994,-8.8996645916794e-06,-3.33558459668196e-06,-3.33558459668196e-06
4.601,0.00016924052547626,-8.87308578332924e-06,-3.32485228455565e-06,-3.32485228455565e-06
4.602,0.000168732894650229,-8.84658595891406e-06,-3.3141545165246e-06,-3.3141545165246e-06
4.603,0.000168226779895144,-8.82016488507216e-06,-3.3034911813613e-06,-3.3034911813613e-06
4.604,0.0001677221767056,-8.79382232912656e-06,-3.29286216819648e-06,-3.29286216819648e-06
4.605,0.000167219080589501,-8.76755805908315e-06,-3.28226736651803e-06,-3.28226736651803e-06
4.606,0.000166717487068025,-8.74137184362863e-06,-3.2717066661698e-06,-3.2717066661698e-06
4.607,0.000166217391675585,-8.71526345212848e-06,-3.26117995735041e-06,-3.26117995735041e-06
4.608,0.000165718789959786,-8.68923265462509e-06,-3.25068713061217e-06,-3.25068713061217e-06
4.609,0.000165221677481394,-8.66327922183574e-06,-3.24022807685996e-06,-3.24022807685996e-06
4.61,0.000164726049814287,-8.63740292515059e-06,-3.22980268734998e-06,-3.22980268734998e-06
4.611,0.000164231902545427,-8.61160353663083e-06,-3.21941085368879e-06,-3.21941085368879e-06
4.612,0.000163739231274813,-8.58588082900657e-06,-3.20905246783201e-06,-3.20905246783201e-06
4.613,0.000163248031615449,-8.56023457567506e-06,-3.19872742208329e-06,-3.19872742208329e-06
4.614,0.000162758299193303,-8.53466455069867e-06,-3.18843560909319e-06,-3.18843560909319e-06
4.615,0.000162270029647268,-8.5091705288029e-06,-3.17817692185801e-06,-3.17817692185801e-06
4.616,0.000161783218629127,-8.48375228537457e-06,-3.16795125371877e-06,-3.16795125371877e-06
4.617,0.000161297861803511,-8.45840959645974e-06,-3.15775849835993e-06,-3.15775849835993e-06
4.618,0.000160813954847867,-8.43314223876198e-06,-3.14759854980848e-06,-3.14759854980848e-06
4.619,0.000160331493452415,-8.40794998964032e-06,-3.13747130243272e-06,-3.13747130243272e-06
4.62,0.000159850473320112,-8.38283262710732e-06,-3.12737665094119e-06,-3.12737665094119e-06
4.621,0.000159370890166618,-8.35778992982728e-06,-3.11731449038153e-06,-3.11731449038153e-06
4.622,0.000158892739720254,-8.33282167711429e-06,-3.10728471613952e-06,-3.10728471613952e-06
4.623,0.000158416017721967,-8.30792764893029e-06,-3.09728722393779e-06,-3.09728722393779e-06
4.624,0.000157940719925294,-8.28310762588327e-06,-3.08732190983493e-06,-3.08732190983493e-06
4.625,0.00015746684209632,-8.25836138922529e-06,-3.07738867022424e-06,-3.07738867022424e-06
4.626,0.000156994380013651,-8.23368872085071e-06,-3.0674874018328e-06,-3.0674874018328e-06
4.627,0.000156523329468365,-8.20908940329426e-06,-3.0576180017203e-06,-3.0576180017203e-06
4.628,0.000156053686263986,-8.18456321972914e-06,-3.04778036727801e-06,-3.04778036727801e-06
4.629,0.000155585446216441,-8.16010995396524e-06,-3.03797439622766e-06,-3.03797439622766e-06
4.63,0.000155118605154027,-8.13572939044727e-06,-3.02819998662048e-06,-3.02819998662048e-06
4.631,0.00015465315891737,-8.11142131425281e-06,-3.01845703683595e-06,-3.01845703683595e-06
4.632,0.000154189103359396,-8.08718551109065e-06,-3.00874544558098e-06,-3.00874544558098e-06
4.633,0.000153726434345288,-8.06302176729873e-06,-2.99906511188872e-06,-2.99906511188872e-06
4.634,0.000153265147752456,-8.03892986984251e-06,-2.98941593511743e-06,-2.98941593511743e-06
4.635,0.000152805239470495,-8.01490960631305e-06,-2.97979781494968e-06,-2.97979781494968e-06
4.636,0.000152346705401153,-7.99096076492514e-06,-2.97021065139102e-06,-2.97021065139102e-06
4.637,0.000151889541458296,-7.96708313451558e-06,-2.96065434476913e-06,-2.96065434476913e-06
4.638,0.00015143374356787,-7.94327650454134e-06,-2.95112879573272e-06,-2.95112879573272e-06
4.639,0.000150979307667866,-7.91954066507767e-06,-2.94163390525051e-06,-2.94163390525051e-06
4.64,0.000150526229708287,-7.89587540681644e-06,-2.93216957461018e-06,-2.93216957461018e-06
4.641,0.000150074505651108,-7.87228052106419e-06,-2.92273570541735e-06,-2.92273570541735e-06
4.642,0.000149624131470245,-7.84875579974048e-06,-2.91333219959455e-06,-2.91333219959455e-06
4.643,0.000149175103151521,-7.82530103537605e-06,-2.90395895938024e-06,-2.90395895938024e-06
4.644,0.000148727416692625,-7.80191602111097e-06,-2.89461588732771e-06,-2.89461588732771e-06
4.645,0.000148281068103082,-7.77860055069296e-06,-2.88530288630414e-06,-2.88530288630414e-06
4.646,0.000147836053404218,-7.75535441847562e-06,-2.87601985948957e-06,-2.87601985948957e-06
4.647,0.000147392368629123,-7.73217741941654e-06,-2.86676671037588e-06,-2.86676671037588e-06
4.648,0.000146950009822619,-7.70906934907572e-06,-2.85754334276578e-06,-2.85754334276578e-06
4.649,0.000146508973041224,-7.68603000361365e-06,-2.84834966077181e-06,-2.84834966077181e-06
4.65,0.000146069254353117,-7.66305917978969e-06,-2.83918556881536e-06,-2.83918556881536e-06
4.651,0.000145630849838106,-7.64015667496025e-06,-2.83005097162571e-06,-2.83005097162571e-06
4.652,0.000145193755587592,-7.61732228707701e-06,-2.82094577423892e-06,-2.82094577423892e-06
4.653,0.000144757967704535,-7.59455581468534e-06,-2.81186988199694e-06,-2.81186988199694e-06
4.654,0.000144323482303422,-7.57185705692243e-06,-2.80282320054663e-06,-2.80282320054663e-06
4.655,0.00014389029551023,-7.54922581351555e-06,-2.79380563583869e-06,-2.79380563583869e-06
4.656,0.000143458403462396,-7.52666188478049e-06,-2.78481709412679e-06,-2.78481709412679e-06
4.657,0.000143027802308778,-7.50416507161964e-06,-2.7758574819665e-06,-2.7758574819665e-06
4.658,0.000142598488209628,-7.48173517552045e-06,-2.7669267062144e-06,-2.7669267062144e-06
4.659,0.000142170457336554,-7.45937199855366e-06,-2.75802467402705e-06,-2.75802467402705e-06
4.66,0.000141743705872486,-7.43707534337152e-06,-2.74915129286003e-06,-2.74915129286003e-06
4.661,0.000141318230011648,-7.41484501320625e-06,-2.740306470467e-06,-2.740306470467e-06
4.662,0.000140894025959518,-7.39268081186825e-06,-2.73149011489872e-06,-2.73149011489872e-06
4.663,0.000140471089932802,-7.37058254374438e-06,-2.7227021345021e-06,-2.7227021345021e-06
4.664,0.000140049418159394,-7.34855001379642e-06,-2.71394243791929e-06,-2.71394243791929e-06
4.665,0.000139629006878347,-7.32658302755921e-06,-2.70521093408662e-06,-2.70521093408662e-06
4.666,0.000139209852339842,-7.30468139113916e-06,-2.69650753223374e-06,-2.69650753223374e-06
4.667,0.000138791950805151,-7.28284491121247e-06,-2.68783214188271e-06,-2.68783214188271e-06
4.668,0.000138375298546605,-7.26107339502347e-06,-2.67918467284691e-06,-2.67918467284691e-06
4.669,0.000137959891847566,-7.23936665038301e-06,-2.67056503523022e-06,-2.67056503523022e-06
4.67,0.000137545727002391,-7.21772448566682e-06,-2.6619731394261e-06,-2.6619731394261e-06
4.671,0.000137132800316397,-7.19614670981377e-06,-2.65340889611659e-06,-2.65340889611659e-06
4.672,0.000136721108105834,-7.17463313232436e-06,-2.64487221627139e-06,-2.64487221627139e-06
4.673,0.000136310646697853,-7.15318356325893e-06,-2.63636301114694e-06,-2.63636301114694e-06
4.674,0.000135901412430467,-7.13179781323617e-06,-2.62788119228552e-06,-2.62788119228552e-06
4.675,0.000135493401652528,-7.11047569343143e-06,-2.61942667151431e-06,-2.61942667151431e-06
4.676,0.000135086610723687,-7.08921701557505e-06,-2.61099936094447e-06,-2.61099936094447e-06
4.677,0.000134681036014371,-7.06802159195084e-06,-2.60259917297023e-06,-2.60259917297023e-06
4.678,0.000134276673905744,-7.04688923539439e-06,-2.59422602026799e-06,-2.59422602026799e-06
4.679,0.000133873520789675,-7.02581975929146e-06,-2.58587981579535e-06,-2.58587981579535e-06
4.68,0.000133471573068716,-7.00481297757647e-06,-2.57756047279032e-06,-2.57756047279032e-06
4.681,0.000133070827156057,-6.98386870473073e-06,-2.56926790477029e-06,-2.56926790477029e-06
4.682,0.000132671279475508,-6.96298675578103e-06,-2.56100202553122e-06,-2.56100202553122e-06
4.683,0.000132272926461458,-6.94216694629795e-06,-2.55276274914673e-06,-2.55276274914673e-06
4.684,0.000131875764558848,-6.92140909239422e-06,-2.54454998996712e-06,-2.54454998996712e-06
4.685,0.000131479790223141,-6.90071301072328e-06,-2.5363636626186e-06,-2.5363636626186e-06
4.686,0.000131084999920287,-6.88007851847761e-06,-2.52820368200233e-06,-2.52820368200233e-06
4.687,0.000130691390126696,-6.85950543338714e-06,-2.52006996329354e-06,-2.52006996329354e-06
4.688,0.000130298957329208,-6.83899357371777e-06,-2.51196242194068e-06,-2.51196242194068e-06
4.689,0.000129907698025056,-6.81854275826968e-06,-2.50388097366447e-06,-2.50388097366447e-06
4.69,0.000129517608721843,-6.79815280637593e-06,-2.49582553445715e-06,-2.49582553445715e-06
4.691,0.000129128685937508,-6.77782353790077e-06,-2.48779602058143e-06,-2.48779602058143e-06
4.692,0.000128740926200294,-6.75755477323813e-06,-2.47979234856978e-06,-2.47979234856978e-06
4.693,0.000128354326048721,-6.73734633331011e-06,-2.47181443522345e-06,-2.47181443522345e-06
4.694,0.000127968882031554,-6.71719803956543e-06,-2.46386219761171e-06,-2.46386219761171e-06
4.695,0.000127584590707773,-6.6971097139778e-06,-2.45593555307085e-06,-2.45593555307085e-06
4.696,0.000127201448646543,-6.67708117904457e-06,-2.44803441920344e-06,-2.44803441920344e-06
4.697,0.000126819452427185,-6.657112257785e-06,-2.44015871387742e-06,-2.44015871387742e-06
4.698,0.000126438598639145,-6.63720277373888e-06,-2.43230835522523e-06,-2.43230835522523e-06
4.699,0.000126058883881963,-6.61735255096498e-06,-2.424483261643e-06,-2.424483261643e-06
4.7,0.000125680304765248,-6.59756141403947e-06,-2.41668335178969e-06,-2.41668335178969e-06
4.701,0.000125302857908642,-6.5778291880545e-06,-2.40890854458618e-06,-2.40890854458618e-06
4.702,0.000124926539941796,-6.55815569861666e-06,-2.40115875921456e-06,-2.40115875921456e-06
4.703,0.000124551347504337,-6.5385407718454e-06,-2.39343391511714e-06,-2.39343391511714e-06
4.704,0.000124177277245841,-6.51898423437171e-06,-2.3857339319957e-06,-2.3857339319957e-06
4.705,0.000123804325825802,-6.49948591333643e-06,-2.37805872981062e-06,-2.37805872981062e-06
4.706,0.000123432489913603,-6.4800456363889e-06,-2.37040822878011e-06,-2.37040822878011e-06
4.707,0.00012306176618849,-6.46066323168544e-06,-2.36278234937927e-06,-2.36278234937927e-06
4.708,0.000122692151339536,-6.44133852788782e-06,-2.35518101233933e-06,-2.35518101233933e-06
4.709,0.000122323642065621,-6.42207135416185e-06,-2.34760413864686e-06,-2.34760413864686e-06
4.71,0.000121956235075396,-6.40286154017589e-06,-2.34005164954287e-06,-2.34005164954287e-06
4.711,0.000121589927087257,-6.38370891609933e-06,-2.33252346652201e-06,-2.33252346652201e-06
4.712,0.000121224714829319,-6.36461331260125e-06,-2.3250195113318e-06,-2.3250195113318e-06
4.713,0.00012086059503938,-6.3455745608488e-06,-2.31753970597175e-06,-2.31753970597175e-06
4.714,0.000120497564464901,-6.32659249250588e-06,-2.31008397269261e-06,-2.31008397269261e-06
4.715,0.000120135619862973,-6.30766693973165e-06,-2.30265223399551e-06,-2.30265223399551e-06
4.716,0.000119774758000288,-6.28879773517901e-06,-2.29524441263118e-06,-2.29524441263118e-06
4.717,0.000119414975653114,-6.2699847119933e-06,-2.28786043159915e-06,-2.28786043159915e-06
4.718,0.000119056269607264,-6.25122770381074e-06,-2.28050021414692e-06,-2.28050021414692e-06
4.719,0.000118698636658068,-6.23252654475703e-06,-2.27316368376919e-06,-2.27316368376919e-06
4.72,0.000118342073610347,-6.21388106944598e-06,-2.26585076420706e-06,-2.26585076420706e-06
4.721,0.000117986577278385,-6.19529111297797e-06,-2.2585613794472e-06,-2.2585613794472e-06
4.722,0.000117632144485899,-6.17675651093864e-06,-2.25129545372112e-06,-2.25129545372112e-06
4.723,0.000117278772066012,-6.15827709939746e-06,-2.24405291150435e-06,-2.24405291150435e-06
4.724,0.000116926456861225,-6.13985271490618e-06,-2.23683367751562e-06,-2.23683367751562e-06
4.725,0.000116575195723393,-6.12148319449763e-06,-2.22963767671613e-06,-2.22963767671613e-06
4.726,0.000116224985513692,-6.10316837568418e-06,-2.22246483430876e-06,-2.22246483430876e-06
4.727,0.000115875823102595,-6.08490809645634e-06,-2.21531507573727e-06,-2.21531507573727e-06
4.728,0.000115527705369845,-6.06670219528143e-06,-2.20818832668551e-06,-2.20818832668551e-06
4.729,0.000115180629204423,-6.04855051110213e-06,-2.20108451307671e-06,-2.20108451307671e-06
4.73,0.000114834591504528,-6.03045288333513e-06,-2.19400356107262e-06,-2.19400356107262e-06
4.731,0.000114489589177545,-6.01240915186975e-06,-2.18694539707286e-06,-2.18694539707286e-06
4.732,0.000114145619140018,-5.99441915706647e-06,-2.17990994771402e-06,-2.17990994771402e-06
4.733,0.000113802678317626,-5.97648273975568e-06,-2.17289713986899e-06,-2.17289713986899e-06
4.734,0.000113460763645153,-5.95859974123625e-06,-2.16590690064618e-06,-2.16590690064618e-06
4.735,0.000113119872066464,-5.94077000327413e-06,-2.1589391573887e-06,-2.1589391573887e-06
4.736,0.000112780000534474,-5.92299336810104e-06,-2.15199383767371e-06,-2.15199383767371e-06
4.737,0.000112441146011128,-5.90526967841307e-06,-2.1450708693116e-06,-2.1450708693116e-06
4.738,0.000112103305467366,-5.88759877736935e-06,-2.13817018034519e-06,-2.13817018034519e-06
4.739,0.000111766475883107,-5.8699805085907e-06,-2.13129169904915e-06,-2.13129169904915e-06
4.74,0.00011143065424721,-5.85241471615823e-06,-2.12443535392903e-06,-2.12443535392903e-06
4.741,0.00011109583755746,-5.83490124461209e-06,-2.11760107372072e-06,-2.11760107372072e-06
4.742,0.000110762022820532,-5.81743993894999e-06,-2.11078878738956e-06,-2.11078878738956e-06
4.743,0.000110429207051971,-5.80003064462602e-06,-2.10399842412966e-06,-2.10399842412966e-06
4.744,0.000110097387276165,-5.78267320754924e-06,-2.09722991336321e-06,-2.09722991336321e-06
4.745,0.000109766560526314,-5.76536747408227e-06,-2.09048318473964e-06,-2.09048318473964e-06
4.746,0.00010943672384441,-5.74811329104015e-06,-2.08375816813499e-06,-2.08375816813499e-06
4.747,0.000109107874281211,-5.73091050568885e-06,-2.07705479365108e-06,-2.07705479365108e-06
4.748,0.00010878000889621,-5.71375896574404e-06,-2.07037299161489e-06,-2.07037299161489e-06
4.749,0.000108453124757612,-5.69665851936975e-06,-2.06371269257775e-06,-2.06371269257775e-06
4.75,0.000108127218942312,-5.67960901517705e-06,-2.05707382731467e-06,-2.05707382731467e-06
4.751,0.000107802288535863,-5.66261030222277e-06,-2.05045632682357e-06,-2.05045632682357e-06
4.752,0.000107478330632456,-5.6456622300082e-06,-2.04386012232462e-06,-2.04386012232462e-06
4.753,0.000107155342334891,-5.62876464847774e-06,-2.03728514525947e-06,-2.03728514525947e-06
4.754,0.000106833320754552,-5.61191740801765e-06,-2.03073132729058e-06,-2.03073132729058e-06
4.755,0.000106512263011386,-5.59512035945477e-06,-2.02419860030046e-06,-2.02419860030046e-06
4.756,0.00010619216623387,-5.57837335405518e-06,-2.01768689639102e-06,-2.01768689639102e-06
4.757,0.000105873027558994,-5.56167624352299e-06,-2.01119614788283e-06,-2.01119614788283e-06
4.758,0.000105554844132229,-5.54502887999893e-06,-2.0047262873144e-06,-2.0047262873144e-06
4.759,0.000105237613107507,-5.52843111605927e-06,-1.99827724744152e-06,-1.99827724744152e-06
4.76,0.000104921331647196,-5.51188280471437e-06,-1.9918489612365e-06,-1.9918489612365e-06
4.761,0.00010460599692207,-5.49538379940747e-06,-1.98544136188755e-06,-1.98544136188755e-06
4.762,0.00010429160611129,-5.47893395401347e-06,-1.97905438279804e-06,-1.97905438279804e-06
4.763,0.000103978156402376,-5.46253312283763e-06,-1.97268795758576e-06,-1.97268795758576e-06
4.764,0.000103665644991184,-5.44618116061428e-06,-1.96634202008235e-06,-1.96634202008235e-06
4.765,0.000103354069081881,-5.42987792250562e-06,-1.96001650433248e-06,-1.96001650433248e-06
4.766,0.000103043425886919,-5.41362326410044e-06,-1.95371134459328e-06,-1.95371134459328e-06
4.767,0.000102733712627014,-5.39741704141288e-06,-1.94742647533354e-06,-1.94742647533354e-06
4.768,0.000102424926531118,-5.38125911088121e-06,-1.94116183123316e-06,-1.94116183123316e-06
4.769,0.000102117064836396,-5.36514932936652e-06,-1.93491734718231e-06,-1.93491734718231e-06
4.77,0.000101810124788205,-5.34908755415157e-06,-1.92869295828093e-06,-1.92869295828093e-06
4.771,0.000101504103640064,-5.33307364293951e-06,-1.92248859983789e-06,-1.92248859983789e-06
4.772,0.000101198998653634,-5.31710745385264e-06,-1.91630420737043e-06,-1.91630420737043e-06
4.773,0.000100894807098694,-5.30118884543122e-06,-1.91013971660347e-06,-1.91013971660347e-06
4.774,0.000100591526253115,-5.28531767663222e-06,-1.90399506346888e-06,-1.90399506346888e-06
4.775,0.000100289153402836,-5.26949380682811e-06,-1.89787018410485e-06,-1.89787018410485e-06
4.776,9.99876858418456e-05,-5.25371709580568e-06,-1.89176501485529e-06,-1.89176501485529e-06
4.777,9.96871208721496e-05,-5.23798740376473e-06,-1.88567949226903e-06,-1.88567949226903e-06
4.778,9.93874558037547e-05,-5.22230459131699e-06,-1.87961355309928e-06,-1.87961355309928e-06
4.779,9.90886879546417e-05,-5.20666851948483e-06,-1.87356713430296e-06,-1.87356713430296e-06
4.78,9.87908146507415e-05,-5.19107904970006e-06,-1.86754017303994e-06,-1.86754017303994e-06
4.781,9.84938332259141e-05,-5.17553604380279e-06,-1.8615326066725e-06,-1.8615326066725e-06
4.782,9.81977410219226e-05,-5.16003936404017e-06,-1.85554437276465e-06,-1.85554437276465e-06
4.783,9.79025353884118e-05,-5.14458887306524e-06,-1.84957540908141e-06,-1.84957540908141e-06
4.784,9.76082136828844e-05,-5.12918443393575e-06,-1.8436256535883e-06,-1.8436256535883e-06
4.785,9.73147732706771e-05,-5.11382591011293e-06,-1.83769504445053e-06,-1.83769504445053e-06
4.786,9.70222115249387e-05,-5.09851316546035e-06,-1.83178352003251e-06,-1.83178352003251e-06
4.787,9.67305258266067e-05,-5.08324606424274e-06,-1.82589101889709e-06,-1.82589101889709e-06
4.788,9.64397135643833e-05,-5.06802447112479e-06,-1.82001747980499e-06,-1.82001747980499e-06
4.789,9.61497721347147e-05,-5.05284825117003e-06,-1.81416284171414e-06,-1.81416284171414e-06
4.79,9.58606989417655e-05,-5.03771726983957e-06,-1.80832704377904e-06,-1.80832704377904e-06
4.791,9.55724913973988e-05,-5.02263139299106e-06,-1.80251002535014e-06,-1.80251002535014e-06
4.792,9.52851469211517e-05,-5.00759048687745e-06,-1.79671172597322e-06,-1.79671172597322e-06
4.793,9.49986629402125e-05,-4.99259441814582e-06,-1.79093208538867e-06,-1.79093208538867e-06
4.794,9.47130368893997e-05,-4.97764305383631e-06,-1.78517104353102e-06,-1.78517104353102e-06
4.795,9.44282662111385e-05,-4.96273626138089e-06,-1.77942854052821e-06,-1.77942854052821e-06
4.796,9.41443483554376e-05,-4.94787390860222e-06,-1.77370451670092e-06,-1.77370451670092e-06
4.797,9.3861280779869e-05,-4.93305586371259e-06,-1.76799891256212e-06,-1.76799891256212e-06
4.798,9.35790609495433e-05,-4.91828199531264e-06,-1.76231166881628e-06,-1.76231166881628e-06
4.799,9.32976863370894e-05,-4.90355217239036e-06,-1.75664272635883e-06,-1.75664272635883e-06
4.8,9.30171544226315e-05,-4.8888662643199e-06,-1.75099202627554e-06,-1.75099202627554e-06
4.801,9.27374626937666e-05,-4.87422414086039e-06,-1.7453595098419e-06,-1.7453595098419e-06
4.802,9.24586086455432e-05,-4.85962567215492e-06,-1.73974511852252e-06,-1.73974511852252e-06
4.803,9.21805897804396e-05,-4.84507072872933e-06,-1.73414879397051e-06,-1.73414879397051e-06
4.804,9.19034036083405e-05,-4.83055918149111e-06,-1.72857047802683e-06,-1.72857047802683e-06
4.805,9.1627047646517e-05,-4.81609090172831e-06,-1.7230101127198e-06,-1.7230101127198e-06
4.806,9.13515194196032e-05,-4.80166576110839e-06,-1.71746764026437e-06,-1.71746764026437e-06
4.807,9.1076816459576e-05,-4.78728363167715e-06,-1.7119430030616e-06,-1.7119430030616e-06
4.808,9.08029363057327e-05,-4.77294438585761e-06,-1.70643614369803e-06,-1.70643614369803e-06
4.809,9.05298765046686e-05,-4.75864789644883e-06,-1.70094700494507e-06,-1.70094700494507e-06
4.81,9.02576346102572e-05,-4.74439403662495e-06,-1.69547552975845e-06,-1.69547552975845e-06
4.811,8.99862081836278e-05,-4.730182679934e-06,-1.69002166127759e-06,-1.69002166127759e-06
4.812,8.97155947931434e-05,-4.71601370029679e-06,-1.68458534282497e-06,-1.68458534282497e-06
4.813,8.94457920143812e-05,-4.70188697200589e-06,-1.67916651790566e-06,-1.67916651790566e-06
4.814,8.91767974301094e-05,-4.68780236972448e-06,-1.6737651302066e-06,-1.6737651302066e-06
4.815,8.89086086302674e-05,-4.6737597684853e-06,-1.6683811235961e-06,-1.6683811235961e-06
4.816,8.86412232119442e-05,-4.65975904368957e-06,-1.66301444212324e-06,-1.66301444212324e-06
4.817,8.83746387793567e-05,-4.64580007110587e-06,-1.65766503001723e-06,-1.65766503001723e-06
4.818,8.81088529438297e-05,-4.63188272686912e-06,-1.65233283168689e-06,-1.65233283168689e-06
4.819,8.78438633237746e-05,-4.61800688747947e-06,-1.64701779172011e-06,-1.64701779172011e-06
4.82,8.75796675446678e-05,-4.60417242980123e-06,-1.64171985488315e-06,-1.64171985488315e-06
4.821,8.73162632390312e-05,-4.59037923106184e-06,-1.63643896612017e-06,-1.63643896612017e-06
4.822,8.70536480464098e-05,-4.57662716885076e-06,-1.6311750705526e-06,-1.6311750705526e-06
4.823,8.67918196133525e-05,-4.56291612111845e-06,-1.62592811347861e-06,-1.62592811347861e-06
4.824,8.65307755933909e-05,-4.54924596617529e-06,-1.62069804037253e-06,-1.62069804037253e-06
4.825,8.62705136470179e-05,-4.53561658269052e-06,-1.61548479688423e-06,-1.61548479688423e-06
4.826,8.60110314416686e-05,-4.52202784969121e-06,-1.61028832883865e-06,-1.61028832883865e-06
4.827,8.57523266516991e-05,-4.50847964656123e-06,-1.60510858223517e-06,-1.60510858223517e-06
4.828,8.54943969583652e-05,-4.49497185304011e-06,-1.59994550324704e-06,-1.59994550324704e-06
4.829,8.52372400498043e-05,-4.48150434922215e-06,-1.59479903822086e-06,-1.59479903822086e-06
4.83,8.49808536210124e-05,-4.46807701555522e-06,-1.589669133676e-06,-1.589669133676e-06
4.831,8.47252353738262e-05,-4.45468973283987e-06,-1.58455573630406e-06,-1.58455573630406e-06
4.832,8.44703830169019e-05,-4.44134238222819e-06,-1.57945879296828e-06,-1.57945879296828e-06
4.833,8.42162942656943e-05,-4.42803484522282e-06,-1.57437825070302e-06,-1.57437825070302e-06
4.834,8.39629668424384e-05,-4.41476700367594e-06,-1.56931405671321e-06,-1.56931405671321e-06
4.835,8.37103984761286e-05,-4.40153873978824e-06,-1.56426615837378e-06,-1.56426615837378e-06
4.836,8.3458586902498e-05,-4.38834993610784e-06,-1.5592345032291e-06,-1.5592345032291e-06
4.837,8.32075298640002e-05,-4.37520047552939e-06,-1.55421903899252e-06,-1.55421903899252e-06
4.838,8.29572251097876e-05,-4.36209024129293e-06,-1.54921971354568e-06,-1.54921971354568e-06
4.839,8.27076703956933e-05,-4.34901911698296e-06,-1.5442364749381e-06,-1.5442364749381e-06
4.84,8.24588634842106e-05,-4.33598698652742e-06,-1.53926927138658e-06,-1.53926927138658e-06
4.841,8.22108021444729e-05,-4.32299373419662e-06,-1.53431805127464e-06,-1.53431805127464e-06
4.842,8.19634841522351e-05,-4.31003924460235e-06,-1.52938276315208e-06,-1.52938276315208e-06
4.843,8.17169072898539e-05,-4.29712340269678e-06,-1.5244633557343e-06,-1.5244633557343e-06
4.844,8.1471069346267e-05,-4.2842460937715e-06,-1.51955977790187e-06,-1.51955977790187e-06
4.845,8.12259681169759e-05,-4.27140720345655e-06,-1.51467197870002e-06,-1.51467197870002e-06
4.846,8.09816014040242e-05,-4.25860661771937e-06,-1.50979990733799e-06,-1.50979990733799e-06
4.847,8.07379670159804e-05,-4.24584422286387e-06,-1.5049435131886e-06,-1.5049435131886e-06
4.848,8.04950627679173e-05,-4.23311990552942e-06,-1.50010274578772e-06,-1.50010274578772e-06
4.849,8.02528864813931e-05,-4.22043355268985e-06,-1.49527755483368e-06,-1.49527755483368e-06
4.85,8.00114359844323e-05,-4.2077850516525e-06,-1.49046789018681e-06,-1.49046789018681e-06
4.851,7.97707091115074e-05,-4.19517429005724e-06,-1.4856737018689e-06,-1.4856737018689e-06
4.852,7.95307037035179e-05,-4.18260115587546e-06,-1.48089494006265e-06,-1.48089494006265e-06
4.853,7.9291417607774e-05,-4.17006553740915e-06,-1.4761315551112e-06,-1.4761315551112e-06
4.854,7.9052848677975e-05,-4.15756732328987e-06,-1.47138349751759e-06,-1.47138349751759e-06
4.855,7.88149947741925e-05,-4.14510640247788e-06,-1.46665071794423e-06,-1.46665071794423e-06
4.856,7.85778537628509e-05,-4.13268266426106e-06,-1.46193316721241e-06,-1.46193316721241e-06
4.857,7.83414235167078e-05,-4.12029599825403e-06,-1.45723079630177e-06,-1.45723079630177e-06
4.858,7.81057019148368e-05,-4.10794629439717e-06,-1.45254355634983e-06,-1.45254355634983e-06
4.859,7.78706868426082e-05,-4.09563344295567e-06,-1.44787139865142e-06,-1.44787139865142e-06
4.86,7.76363761916695e-05,-4.08335733451855e-06,-1.4432142746582e-06,-1.4432142746582e-06
4.861,7.74027678599289e-05,-4.07111785999777e-06,-1.4385721359782e-06,-1.4385721359782e-06
4.862,7.71698597515346e-05,-4.05891491062721e-06,-1.43394493437523e-06,-1.43394493437523e-06
4.863,7.6937649776858e-05,-4.04674837796179e-06,-1.42933262176844e-06,-1.42933262176844e-06
4.864,7.67061358524749e-05,-4.0346181538765e-06,-1.42473515023182e-06,-1.42473515023182e-06
4.865,7.64753159011465e-05,-4.02252413056544e-06,-1.42015247199366e-06,-1.42015247199366e-06
4.866,7.62451878518025e-05,-4.01046620054096e-06,-1.4155845394361e-06,-1.4155845394361e-06
4.867,7.6015749639521e-05,-3.99844425663262e-06,-1.41103130509458e-06,-1.41103130509458e-06
4.868,7.57869992055125e-05,-3.98645819198635e-06,-1.40649272165741e-06,-1.40649272165741e-06
4.869,7.55589344971004e-05,-3.9745079000635e-06,-1.40196874196524e-06,-1.40196874196524e-06
4.87,7.53315534677028e-05,-3.96259327463987e-06,-1.39745931901055e-06,-1.39745931901055e-06
4.871,7.51048540768158e-05,-3.95071420980485e-06,-1.39296440593722e-06,-1.39296440593722e-06
4.872,7.48788342899944e-05,-3.93887059996048e-06,-1.38848395603998e-06,-1.38848395603998e-06
4.873,7.46534920788348e-05,-3.92706233982049e-06,-1.38401792276397e-06,-1.38401792276397e-06
4.874,7.44288254209571e-05,-3.91528932440947e-06,-1.37956625970425e-06,-1.37956625970425e-06
4.875,7.42048322999868e-05,-3.90355144906188e-06,-1.37512892060526e-06,-1.37512892060526e-06
4.876,7.39815107055378e-05,-3.8918486094212e-06,-1.37070585936041e-06,-1.37070585936041e-06
4.877,7.37588586331943e-05,-3.88018070143898e-06,-1.36629703001161e-06,-1.36629703001161e-06
4.878,7.35368740844928e-05,-3.86854762137394e-06,-1.36190238674867e-06,-1.36190238674867e-06
4.879,7.33155550669055e-05,-3.85694926579113e-06,-1.357521883909e-06,-1.357521883909e-06
4.88,7.30948995938222e-05,-3.84538553156097e-06,-1.35315547597699e-06,-1.35315547597699e-06
4.881,7.28749056845324e-05,-3.83385631585832e-06,-1.3488031175836e-06,-1.3488031175836e-06
4.882,7.26555713642088e-05,-3.82236151616173e-06,-1.34446476350588e-06,-1.34446476350588e-06
4.883,7.24368946638891e-05,-3.81090103025237e-06,-1.3401403686665e-06,-1.3401403686665e-06
4.884,7.22188736204594e-05,-3.79947475621329e-06,-1.33582988813328e-06,-1.33582988813328e-06
4.885,7.20015062766366e-05,-3.78808259242847e-06,-1.33153327711872e-06,-1.33153327711872e-06
4.886,7.17847906809506e-05,-3.77672443758189e-06,-1.32725049097952e-06,-1.32725049097952e-06
4.887,7.15687248877285e-05,-3.76540019065676e-06,-1.32298148521615e-06,-1.32298148521615e-06
4.888,7.13533069570762e-05,-3.75410975093458e-06,-1.31872621547237e-06,-1.31872621547237e-06
4.889,7.11385349548618e-05,-3.74285301799424e-06,-1.31448463753474e-06,-1.31448463753474e-06
4.89,7.0924406952699e-05,-3.73162989171121e-06,-1.31025670733221e-06,-1.31025670733221e-06
4.891,7.07109210279291e-05,-3.72044027225662e-06,-1.30604238093561e-06,-1.30604238093561e-06
4.892,7.04980752636052e-05,-3.70928406009641e-06,-1.30184161455727e-06,-1.30184161455727e-06
4.893,7.02858677484751e-05,-3.6981611559905e-06,-1.29765436455047e-06,-1.29765436455047e-06
4.894,7.00742965769634e-05,-3.68707146099184e-06,-1.29348058740903e-06,-1.29348058740903e-06
4.895,6.98633598491563e-05,-3.67601487644566e-06,-1.28932023976688e-06,-1.28932023976688e-06
4.896,6.96530556707841e-05,-3.66499130398853e-06,-1.28517327839758e-06,-1.28517327839758e-06
4.897,6.94433821532039e-05,-3.65400064554754e-06,-1.28103966021387e-06,-1.28103966021387e-06
4.898,6.92343374133846e-05,-3.64304280333943e-06,-1.27691934226723e-06,-1.27691934226723e-06
4.899,6.90259195738887e-05,-3.63211767986977e-06,-1.27281228174743e-06,-1.27281228174743e-06
4.9,6.88181267628567e-05,-3.62122517793209e-06,-1.2687184359821e-06,-1.2687184359821e-06
4.901,6.86109571139907e-05,-3.61036520060703e-06,-1.26463776243625e-06,-1.26463776243625e-06
4.902,6.84044087665369e-05,-3.59953765126152e-06,-1.26057021871186e-06,-1.26057021871186e-06
4.903,6.81984798652707e-05,-3.58874243354792e-06,-1.25651576254742e-06,-1.25651576254742e-06
4.904,6.79931685604796e-05,-3.57797945140321e-06,-1.25247435181751e-06,-1.25247435181751e-06
4.905,6.77884730079464e-05,-3.5672486090481e-06,-1.24844594453236e-06,-1.24844594453236e-06
4.906,6.75843913689343e-05,-3.55654981098626e-06,-1.24443049883737e-06,-1.24443049883737e-06
4.907,6.73809218101692e-05,-3.54588296200345e-06,-1.24042797301274e-06,-1.24042797301274e-06
4.908,6.71780625038249e-05,-3.53524796716672e-06,-1.23643832547298e-06,-1.23643832547298e-06
4.909,6.69758116275062e-05,-3.52464473182356e-06,-1.23246151476651e-06,-1.23246151476651e-06
4.91,6.67741673642329e-05,-3.51407316160108e-06,-1.22849749957522e-06,-1.22849749957522e-06
4.911,6.65731279024243e-05,-3.50353316240522e-06,-1.22454623871405e-06,-1.22454623871405e-06
4.912,6.6372691435883e-05,-3.49302464041989e-06,-1.22060769113054e-06,-1.22060769113054e-06
4.913,6.61728561637782e-05,-3.48254750210616e-06,-1.21668181590439e-06,-1.21668181590439e-06
4.914,6.59736202906315e-05,-3.47210165420151e-06,-1.21276857224711e-06,-1.21276857224711e-06
4.915,6.57749820262994e-05,-3.46168700371891e-06,-1.20886791950151e-06,-1.20886791950151e-06
4.916,6.55769395859587e-05,-3.4513034579461e-06,-1.2049798171413e-06,-1.2049798171413e-06
4.917,6.53794911900906e-05,-3.44095092444477e-06,-1.20110422477072e-06,-1.20110422477072e-06
4.918,6.51826350644639e-05,-3.43062931104969e-06,-1.19724110212404e-06,-1.19724110212404e-06
4.919,6.49863694401212e-05,-3.420338525868e-06,-1.1933904090652e-06,-1.1933904090652e-06
4.92,6.47906925533621e-05,-3.41007847727838e-06,-1.18955210558736e-06,-1.18955210558736e-06
4.921,6.45956026457276e-05,-3.39984907393019e-06,-1.18572615181251e-06,-1.18572615181251e-06
4.922,6.44010979639857e-05,-3.38965022474278e-06,-1.18191250799104e-06,-1.18191250799104e-06
4.923,6.42071767601142e-05,-3.37948183890461e-06,-1.17811113450131e-06,-1.17811113450131e-06
4.924,6.40138372912873e-05,-3.36934382587251e-06,-1.17432199184925e-06,-1.17432199184925e-06
4.925,6.38210778198589e-05,-3.3592360953709e-06,-1.170545040668e-06,-1.170545040668e-06
4.926,6.36288966133474e-05,-3.34915855739092e-06,-1.16678024171742e-06,-1.16678024171742e-06
4.927,6.34372919444211e-05,-3.33911112218978e-06,-1.16302755588371e-06,-1.16302755588371e-06
4.928,6.32462620908826e-05,-3.32909370028987e-06,-1.15928694417903e-06,-1.15928694417903e-06
4.929,6.3055805335653e-05,-3.31910620247803e-06,-1.15555836774106e-06,-1.15555836774106e-06
4.93,6.28659199667584e-05,-3.30914853980476e-06,-1.15184178783262e-06,-1.15184178783262e-06
4.931,6.26766042773126e-05,-3.29922062358345e-06,-1.14813716584124e-06,-1.14813716584124e-06
4.932,6.24878565655042e-05,-3.28932236538961e-06,-1.14444446327878e-06,-1.14444446327878e-06
4.933,6.22996751345805e-05,-3.27945367706011e-06,-1.14076364178106e-06,-1.14076364178106e-06
4.934,6.21120582928322e-05,-3.26961447069237e-06,-1.13709466310737e-06,-1.13709466310737e-06
4.935,6.19250043535794e-05,-3.25980465864367e-06,-1.13343748914015e-06,-1.13343748914015e-06
4.936,6.17385116351565e-05,-3.25002415353031e-06,-1.12979208188458e-06,-1.12979208188458e-06
4.937,6.15525784608967e-05,-3.24027286822689e-06,-1.12615840346816e-06,-1.12615840346816e-06
4.938,6.13672031591184e-05,-3.23055071586556e-06,-1.12253641614036e-06,-1.12253641614036e-06
4.939,6.11823840631089e-05,-3.22085760983523e-06,-1.11892608227215e-06,-1.11892608227215e-06
4.94,6.09981195111114e-05,-3.21119346378083e-06,-1.1153273643557e-06,-1.1153273643557e-06
4.941,6.08144078463095e-05,-3.20155819160259e-06,-1.11174022500393e-06,-1.11174022500393e-06
4.942,6.06312474168121e-05,-3.19195170745525e-06,-1.10816462695013e-06,-1.10816462695013e-06
4.943,6.044863657564e-05,-3.18237392574731e-06,-1.1046005330476e-06,-1.1046005330476e-06
4.944,6.02665736807105e-05,-3.17282476114032e-06,-1.10104790626923e-06,-1.10104790626923e-06
4.945,6.0085057094823e-05,-3.16330412854812e-06,-1.09750670970711e-06,-1.09750670970711e-06
4.946,5.99040851856454e-05,-3.15381194313609e-06,-1.09397690657222e-06,-1.09397690657222e-06
4.947,5.97236563256984e-05,-3.1443481203204e-06,-1.09045846019393e-06,-1.09045846019393e-06
4.948,5.95437688923421e-05,-3.13491257576731e-06,-1.08695133401971e-06,-1.08695133401971e-06
4.949,5.93644212677616e-05,-3.12550522539245e-06,-1.08345549161473e-06,-1.08345549161473e-06
4.95,5.91856118389522e-05,-3.11612598535998e-06,-1.07997089666144e-06,-1.07997089666144e-06
4.951,5.90073389977059e-05,-3.10677477208199e-06,-1.07649751295926e-06,-1.07649751295926e-06
4.952,5.88296011405966e-05,-3.09745150221771e-06,-1.07303530442413e-06,-1.07303530442413e-06
4.953,5.86523966689662e-05,-3.08815609267278e-06,-1.06958423508819e-06,-1.06958423508819e-06
4.954,5.84757239889108e-05,-3.07888846059854e-06,-1.06614426909939e-06,-1.06614426909939e-06
4.955,5.82995815112659e-05,-3.0696485233913e-06,-1.0627153707211e-06,-1.0627153707211e-06
4.956,5.81239676515931e-05,-3.06043619869164e-06,-1.05929750433176e-06,-1.05929750433176e-06
4.957,5.79488808301662e-05,-3.05125140438368e-06,-1.0558906344245e-06,-1.0558906344245e-06
4.958,5.77743194719563e-05,-3.04209405859432e-06,-1.05249472560677e-06,-1.05249472560677e-06
4.959,5.76002820066188e-05,-3.03296407969264e-06,-1.04910974259997e-06,-1.04910974259997e-06
4.96,5.74267668684796e-05,-3.02386138628907e-06,-1.04573565023911e-06,-1.04573565023911e-06
4.961,5.72537724965204e-05,-3.01478589723473e-06,-1.0423724134724e-06,-1.0423724134724e-06
4.962,5.70812973343661e-05,-3.00573753162075e-06,-1.03901999736089e-06,-1.03901999736089e-06
4.963,5.690933983027e-05,-2.99671620877751e-06,-1.03567836707816e-06,-1.03567836707816e-06
4.964,5.67378984371007e-05,-2.98772184827398e-06,-1.03234748790989e-06,-1.03234748790989e-06
4.965,5.65669716123288e-05,-2.978754369917e-06,-1.02902732525355e-06,-1.02902732525355e-06
4.966,5.63965578180121e-05,-2.96981369375058e-06,-1.02571784461799e-06,-1.02571784461799e-06
4.967,5.62266555207832e-05,-2.96089974005522e-06,-1.02241901162316e-06,-1.02241901162316e-06
4.968,5.60572631918357e-05,-2.9520124293472e-06,-1.01913079199965e-06,-1.01913079199965e-06
4.969,5.588837930691e-05,-2.94315168237787e-06,-1.01585315158841e-06,-1.01585315158841e-06
4.97,5.57200023462809e-05,-2.93431742013301e-06,-1.01258605634038e-06,-1.01258605634038e-06
4.971,5.55521307947432e-05,-2.92550956383207e-06,-1.0093294723161e-06,-1.0093294723161e-06
4.972,5.53847631415993e-05,-2.91672803492758e-06,-1.00608336568541e-06,-1.00608336568541e-06
4.973,5.52178978806453e-05,-2.90797275510437e-06,-1.00284770272707e-06,-1.00284770272707e-06
4.974,5.50515335101574e-05,-2.89924364627892e-06,-9.99622449828383e-07,-9.99622449828383e-07
4.975,5.48856685328793e-05,-2.89054063059872e-06,-9.96407573484899e-07,-9.96407573484899e-07
4.976,5.4720301456009e-05,-2.88186363044154e-06,-9.93203040300036e-07,-9.93203040300036e-07
4.977,5.45554307911847e-05,-2.87321256841476e-06,-9.90008816984715e-07,-9.90008816984715e-07
4.978,5.4391055054473e-05,-2.86458736735472e-06,-9.86824870357071e-07,-9.86824870357071e-07
4.979,5.42271727663544e-05,-2.85598795032603e-06,-9.83651167342053e-07,-9.83651167342053e-07
4.98,5.40637824517116e-05,-2.84741424062089e-06,-9.80487674971095e-07,-9.80487674971095e-07
4.981,5.39008826398156e-05,-2.83886616175845e-06,-9.7733436038179e-07,-9.7733436038179e-07
4.982,5.37384718643127e-05,-2.83034363748412e-06,-9.74191190817526e-07,-9.74191190817526e-07
4.983,5.3576548663212e-05,-2.82184659176891e-06,-9.71058133627152e-07,-9.71058133627152e-07
4.984,5.34151115788726e-05,-2.81337494880877e-06,-9.67935156264664e-07,-9.67935156264664e-07
4.985,5.32541591579898e-05,-2.80492863302391e-06,-9.64822226288807e-07,-9.64822226288807e-07
4.986,5.30936899515834e-05,-2.7965075690582e-06,-9.6171931136281e-07,-9.6171931136281e-07
4.987,5.29337025149839e-05,-2.78811168177841e-06,-9.58626379253977e-07,-9.58626379253977e-07
4.988,5.27741954078209e-05,-2.77974089627367e-06,-9.5554339783342e-07,-9.5554339783342e-07
4.989,5.26151671940093e-05,-2.77139513785473e-06,-9.52470335075689e-07,-9.52470335075689e-07
4.99,5.2456616441737e-05,-2.76307433205335e-06,-9.49407159058419e-07,-9.49407159058419e-07
4.991,5.22985417234524e-05,-2.75477840462164e-06,-9.46353837962044e-07,-9.46353837962044e-07
4.992,5.2140941615852e-05,-2.74650728153142e-06,-9.4331034006944e-07,-9.4331034006944e-07
4.993,5.19838146998669e-05,-2.73826088897354e-06,-9.40276633765585e-07,-9.40276633765585e-07
4.994,5.18271595606515e-05,-2.73003915335729e-06,-9.37252687537271e-07,-9.37252687537271e-07
4.995,5.16709747875699e-05,-2.72184200130972e-06,-9.3423846997272e-07,-9.3423846997272e-07
4.996,5.15152589741843e-05,-2.71366935967502e-06,-9.31233949761299e-07,-9.31233949761299e-07
4.997,5.13600107182421e-05,-2.70552115551385e-06,-9.2823909569319e-07,-9.2823909569319e-07
4.998,5.12052286216635e-05,-2.69739731610275e-06,-9.25253876659047e-07,-9.25253876659047e-07
4.999,5.10509112905295e-05,-2.68929776893346e-06,-9.22278261649676e-07,-9.22278261649676e-07
5,5.08970573350692e-05,-2.68122244171232e-06,-9.19312219755738e-07,-9.19312219755738e-07
5.001,5.07436653696476e-05,-2.67317126235962e-06,-9.16355720167389e-07,-9.16355720167389e-07
5.002,5.05907340127539e-05,-2.665144159009e-06,-9.13408732173984e-07,-9.13408732173984e-07
5.003,5.04382618869883e-05,-2.65714106000676e-06,-9.10471225163758e-07,-9.10471225163758e-07
5.004,5.02862476190508e-05,-2.64916189391132e-06,-9.07543168623503e-07,-9.07543168623503e-07
5.005,5.01346898397281e-05,-2.6412065894925e-06,-9.04624532138228e-07,-9.04624532138228e-07
5.006,4.99835871838827e-05,-2.633275075731e-06,-9.01715285390895e-07,-9.01715285390895e-07
5.007,4.98329382904399e-05,-2.62536728181771e-06,-8.98815398162053e-07,-8.98815398162053e-07
5.008,4.96827418023758e-05,-2.6174831371531e-06,-8.95924840329547e-07,-8.95924840329547e-07
5.009,4.95329963667061e-05,-2.60962257134664e-06,-8.9304358186821e-07,-8.9304358186821e-07
5.01,4.93837006344729e-05,-2.60178551421613e-06,-8.90171592849518e-07,-8.90171592849518e-07
5.011,4.92348532607343e-05,-2.59397189578713e-06,-8.8730884344132e-07,-8.8730884344132e-07
5.012,4.90864529045511e-05,-2.58618164629237e-06,-8.84455303907522e-07,-8.84455303907522e-07
5.013,4.89384982289758e-05,-2.57841469617104e-06,-8.81610944607737e-07,-8.81610944607737e-07
5.014,4.87909879010404e-05,-2.57067097606831e-06,-8.78775735997018e-07,-8.78775735997018e-07
5.015,4.8643920591745e-05,-2.56295041683465e-06,-8.75949648625549e-07,-8.75949648625549e-07
5.016,4.84972949760455e-05,-2.55525294952522e-06,-8.73132653138308e-07,-8.73132653138308e-07
5.017,4.83511097328426e-05,-2.54757850539931e-06,-8.70324720274795e-07,-8.70324720274795e-07
5.018,4.82053635449691e-05,-2.53992701591969e-06,-8.67525820868699e-07,-8.67525820868699e-07
5.019,4.80600550991794e-05,-2.53229841275208e-06,-8.64735925847633e-07,-8.64735925847633e-07
5.02,4.79151830861375e-05,-2.52469262776449e-06,-8.61955006232783e-07,-8.61955006232783e-07
5.021,4.77707462004045e-05,-2.51710959302665e-06,-8.59183033138657e-07,-8.59183033138657e-07
5.022,4.76267431404287e-05,-2.5095492408094e-06,-8.56419977772723e-07,-8.56419977772723e-07
5.023,4.7483172608533e-05,-2.50201150358415e-06,-8.53665811435181e-07,-8.53665811435181e-07
5.024,4.73400333109032e-05,-2.4944963140222e-06,-8.50920505518614e-07,-8.50920505518614e-07
5.025,4.71973239575778e-05,-2.48700360499426e-06,-8.48184031507704e-07,-8.48184031507704e-07
5.026,4.70550432624352e-05,-2.47953330956976e-06,-8.45456360978937e-07,-8.45456360978937e-07
5.027,4.69131899431832e-05,-2.47208536101635e-06,-8.42737465600312e-07,-8.42737465600312e-07
5.028,4.67717627213477e-05,-2.46465969279925e-06,-8.40027317131039e-07,-8.40027317131039e-07
5.029,4.66307603222606e-05,-2.45725623858072e-06,-8.37325887421248e-07,-8.37325887421248e-07
5.03,4.64901814750492e-05,-2.44987493221945e-06,-8.34633148411686e-07,-8.34633148411686e-07
5.031,4.63500249126252e-05,-2.44251570777e-06,-8.31949072133453e-07,-8.31949072133453e-07
5.032,4.62102893716725e-05,-2.43517849948219e-06,-8.29273630707677e-07,-8.29273630707677e-07
5.033,4.60709735926371e-05,-2.42786324180058e-06,-8.26606796345255e-07,-8.26606796345255e-07
5.034,4.59320763197151e-05,-2.42056986936384e-06,-8.23948541346531e-07,-8.23948541346531e-07
5.035,4.57935963008423e-05,-2.41329831700424e-06,-8.2129883810104e-07,-8.2129883810104e-07
5.036,4.56555322876828e-05,-2.40604851974701e-06,-8.18657659087207e-07,-8.18657659087207e-07
5.037,4.55178830356175e-05,-2.39882041280983e-06,-8.16024976872045e-07,-8.16024976872045e-07
5.038,4.53806473037342e-05,-2.39161393160223e-06,-8.134007641109e-07,-8.134007641109e-07
5.039,4.52438238548157e-05,-2.38442901172506e-06,-8.1078499354715e-07,-8.1078499354715e-07
5.04,4.51074114553289e-05,-2.37726558896987e-06,-8.08177638011915e-07,-8.08177638011915e-07
5.041,4.49714088754145e-05,-2.37012359931841e-06,-8.05578670423792e-07,-8.05578670423792e-07
5.042,4.48358148888754e-05,-2.36300297894203e-06,-8.0298806378855e-07,-8.0298806378855e-07
5.043,4.47006282731665e-05,-2.35590366420114e-06,-8.0040579119888e-07,-8.0040579119888e-07
5.044,4.45658478093835e-05,-2.34882559164466e-06,-7.97831825834089e-07,-7.97831825834089e-07
5.045,4.4431472282252e-05,-2.34176869800944e-06,-7.95266140959829e-07,-7.95266140959829e-07
5.046,4.42975004801172e-05,-2.33473292021971e-06,-7.92708709927819e-07,-7.92708709927819e-07
5.047,4.41639311949327e-05,-2.32771819538657e-06,-7.90159506175584e-07,-7.90159506175584e-07
5.048,4.40307632222501e-05,-2.32072446080738e-06,-7.87618503226131e-07,-7.87618503226131e-07
5.049,4.38979953612086e-05,-2.31375165396527e-06,-7.85085674687746e-07,-7.85085674687746e-07
5.05,4.37656264145233e-05,-2.30679971252854e-06,-7.82560994253642e-07,-7.82560994253642e-07
5.051,4.36336551884759e-05,-2.29986857435014e-06,-7.80044435701754e-07,-7.80044435701754e-07
5.052,4.35020804929039e-05,-2.29295817746715e-06,-7.77535972894421e-07,-7.77535972894421e-07
5.053,4.33709011411888e-05,-2.28606846010019e-06,-7.75035579778122e-07,-7.75035579778122e-07
5.054,4.32401159502473e-05,-2.27919936065291e-06,-7.72543230383227e-07,-7.72543230383227e-07
5.055,4.310972374052e-05,-2.27235081771145e-06,-7.70058898823694e-07,-7.70058898823694e-07
5.056,4.29797233359607e-05,-2.26552277004389e-06,-7.67582559296833e-07,-7.67582559296833e-07
5.057,4.28501135640267e-05,-2.25871515659973e-06,-7.65114186083008e-07,-7.65114186083008e-07
5.058,4.27208932556677e-05,-2.25192791650933e-06,-7.62653753545401e-07,-7.62653753545401e-07
5.059,4.25920612453162e-05,-2.24516098908342e-06,-7.60201236129698e-07,-7.60201236129698e-07
5.06,4.24636163708765e-05,-2.23841431381254e-06,-7.57756608363889e-07,-7.57756608363889e-07
5.061,4.23355574737147e-05,-2.23168783036648e-06,-7.55319844857937e-07,-7.55319844857937e-07
5.062,4.22078833986486e-05,-2.22498147859384e-06,-7.52890920303556e-07,-7.52890920303556e-07
5.063,4.20805929939373e-05,-2.21829519852141e-06,-7.50469809473939e-07,-7.50469809473939e-07
5.064,4.19536851112707e-05,-2.2116289303537e-06,-7.48056487223482e-07,-7.48056487223482e-07
5.065,4.18271586057603e-05,-2.20498261447241e-06,-7.45650928487541e-07,-7.45650928487541e-07
5.066,4.17010123359276e-05,-2.19835619143589e-06,-7.43253108282154e-07,-7.43253108282154e-07
5.067,4.15752451636955e-05,-2.19174960197863e-06,-7.40863001703799e-07,-7.40863001703799e-07
5.068,4.14498559543772e-05,-2.18516278701076e-06,-7.38480583929123e-07,-7.38480583929123e-07
5.069,4.13248435766664e-05,-2.17859568761748e-06,-7.36105830214681e-07,-7.36105830214681e-07
5.07,4.12002069026277e-05,-2.17204824505861e-06,-7.3373871589669e-07,-7.3373871589669e-07
5.071,4.1075944807686e-05,-2.16552040076804e-06,-7.31379216390774e-07,-7.31379216390774e-07
5.072,4.09520561706168e-05,-2.1590120963532e-06,-7.29027307191679e-07,-7.29027307191679e-07
5.073,4.08285398735365e-05,-2.15252327359461e-06,-7.26682963873065e-07,-7.26682963873065e-07
5.074,4.07053948018921e-05,-2.14605387444529e-06,-7.24346162087202e-07,-7.24346162087202e-07
5.075,4.05826198444515e-05,-2.13960384103033e-06,-7.2201687756477e-07,-7.2201687756477e-07
5.076,4.0460213893294e-05,-2.13317311564632e-06,-7.19695086114554e-07,-7.19695086114554e-07
5.077,4.03381758437997e-05,-2.12676164076087e-06,-7.17380763623234e-07,-7.17380763623234e-07
5.078,4.02165045946404e-05,-2.12036935901214e-06,-7.15073886055105e-07,-7.15073886055105e-07
5.079,4.00951990477698e-05,-2.11399621320828e-06,-7.12774429451845e-07,-7.12774429451845e-07
5.08,3.99742581084131e-05,-2.10764214632694e-06,-7.1048236993226e-07,-7.1048236993226e-07
5.081,3.98536806850584e-05,-2.10130710151483e-06,-7.08197683692038e-07,-7.08197683692038e-07
5.082,3.97334656894458e-05,-2.09499102208714e-06,-7.05920347003485e-07,-7.05920347003485e-07
5.083,3.96136120365589e-05,-2.08869385152709e-06,-7.03650336215312e-07,-7.03650336215312e-07
5.084,3.94941186446146e-05,-2.08241553348543e-06,-7.01387627752349e-07,-7.01387627752349e-07
5.085,3.93749844350532e-05,-2.07615601177995e-06,-6.99132198115335e-07,-6.99132198115335e-07
5.086,3.92562083325295e-05,-2.06991523039496e-06,-6.96884023880657e-07,-6.96884023880657e-07
5.087,3.91377892649033e-05,-2.06369313348084e-06,-6.94643081700103e-07,-6.94643081700103e-07
5.088,3.9019726163229e-05,-2.05748966535353e-06,-6.92409348300622e-07,-6.92409348300622e-07
5.089,3.89020179617472e-05,-2.05130477049403e-06,-6.90182800484094e-07,-6.90182800484094e-07
5.09,3.87846635978744e-05,-2.04513839354793e-06,-6.87963415127063e-07,-6.87963415127063e-07
5.091,3.86676620121943e-05,-2.03899047932493e-06,-6.8575116918053e-07,-6.8575116918053e-07
5.092,3.85510121484481e-05,-2.03286097279834e-06,-6.83546039669687e-07,-6.83546039669687e-07
5.093,3.84347129535248e-05,-2.02674981910462e-06,-6.8134800369368e-07,-6.8134800369368e-07
5.094,3.83187633774525e-05,-2.02065696354286e-06,-6.79157038425388e-07,-6.79157038425388e-07
5.095,3.82031623733886e-05,-2.01458235157436e-06,-6.76973121111168e-07,-6.76973121111168e-07
5.096,3.80879088976107e-05,-2.00852592882208e-06,-6.74796229070631e-07,-6.74796229070631e-07
5.097,3.79730019095076e-05,-2.00248764107025e-06,-6.72626339696396e-07,-6.72626339696396e-07
5.098,3.78584403715694e-05,-1.99646743426379e-06,-6.7046343045386e-07,-6.7046343045386e-07
5.099,3.77442232493792e-05,-1.99046525450795e-06,-6.68307478880967e-07,-6.68307478880967e-07
5.1,3.76303495116031e-05,-1.98448104806774e-06,-6.66158462587966e-07,-6.66158462587966e-07
5.101,3.75168181299816e-05,-1.97851476136751e-06,-6.64016359257183e-07,-6.64016359257183e-07
5.102,3.74036280793202e-05,-1.97256634099048e-06,-6.61881146642787e-07,-6.61881146642787e-07
5.103,3.72907783374807e-05,-1.96663573367827e-06,-6.59752802570562e-07,-6.59752802570562e-07
5.104,3.71782678853713e-05,-1.9607228863304e-06,-6.57631304937677e-07,-6.57631304937677e-07
5.105,3.70660957069388e-05,-1.95482774600387e-06,-6.5551663171245e-07,-6.5551663171245e-07
5.106,3.69542607891583e-05,-1.94895025991266e-06,-6.53408760934121e-07,-6.53408760934121e-07
5.107,3.68427621220251e-05,-1.94309037542731e-06,-6.51307670712625e-07,-6.51307670712625e-07
5.108,3.67315986985458e-05,-1.93724804007441e-06,-6.49213339228373e-07,-6.49213339228373e-07
5.109,3.66207695147283e-05,-1.93142320153615e-06,-6.47125744732004e-07,-6.47125744732004e-07
5.11,3.65102735695742e-05,-1.92561580764992e-06,-6.45044865544178e-07,-6.45044865544178e-07
5.111,3.64001098650694e-05,-1.91982580640776e-06,-6.42970680055342e-07,-6.42970680055342e-07
5.112,3.62902774061748e-05,-1.91405314595597e-06,-6.40903166725506e-07,-6.40903166725506e-07
5.113,3.61807752008183e-05,-1.90829777459464e-06,-6.38842304084028e-07,-6.38842304084028e-07
5.114,3.60716022598852e-05,-1.90255964077719e-06,-6.36788070729366e-07,-6.36788070729366e-07
5.115,3.59627575972102e-05,-1.8968386931099e-06,-6.34740445328889e-07,-6.34740445328889e-07
5.116,3.58542402295681e-05,-1.89113488035151e-06,-6.32699406618634e-07,-6.32699406618634e-07
5.117,3.57460491766652e-05,-1.88544815141272e-06,-6.30664933403076e-07,-6.30664933403076e-07
5.118,3.56381834611307e-05,-1.87977845535577e-06,-6.28637004554942e-07,-6.28637004554942e-07
5.119,3.55306421085083e-05,-1.87412574139399e-06,-6.26615599014952e-07,-6.26615599014952e-07
5.12,3.54234241472465e-05,-1.86848995889134e-06,-6.24600695791627e-07,-6.24600695791627e-07
5.121,3.53165286086915e-05,-1.86287105736198e-06,-6.2259227396106e-07,-6.2259227396106e-07
5.122,3.52099545270774e-05,-1.85726898646983e-06,-6.20590312666696e-07,-6.20590312666696e-07
5.123,3.51037009395181e-05,-1.85168369602811e-06,-6.18594791119125e-07,-6.18594791119125e-07
5.124,3.4997766885999e-05,-1.84611513599893e-06,-6.16605688595857e-07,-6.16605688595857e-07
5.125,3.48921514093678e-05,-1.8405632564928e-06,-6.1462298444111e-07,-6.1462298444111e-07
5.126,3.47868535553268e-05,-1.83502800776826e-06,-6.12646658065596e-07,-6.12646658065596e-07
5.127,3.46818723724238e-05,-1.8295093402314e-06,-6.10676688946301e-07,-6.10676688946301e-07
5.128,3.45772069120439e-05,-1.82400720443541e-06,-6.08713056626277e-07,-6.08713056626277e-07
5.129,3.44728562284014e-05,-1.81852155108021e-06,-6.06755740714438e-07,-6.06755740714438e-07
5.13,3.43688193785305e-05,-1.81305233101193e-06,-6.0480472088532e-07,-6.0480472088532e-07
5.131,3.42650954222781e-05,-1.80759949522257e-06,-6.02859976878904e-07,-6.02859976878904e-07
5.132,3.41616834222947e-05,-1.8021629948495e-06,-6.00921488500386e-07,-6.00921488500386e-07
5.133,3.40585824440262e-05,-1.79674278117506e-06,-5.98989235619958e-07,-5.98989235619958e-07
5.134,3.39557915557056e-05,-1.79133880562615e-06,-5.97063198172626e-07,-5.97063198172626e-07
5.135,3.38533098283452e-05,-1.78595101977376e-06,-5.95143356157982e-07,-5.95143356157982e-07
5.136,3.37511363357273e-05,-1.78057937533257e-06,-5.93229689639998e-07,-5.93229689639998e-07
5.137,3.36492701543974e-05,-1.77522382416054e-06,-5.91322178746814e-07,-5.91322178746814e-07
5.138,3.35477103636545e-05,-1.76988431825845e-06,-5.89420803670554e-07,-5.89420803670554e-07
5.139,3.34464560455442e-05,-1.76456080976953e-06,-5.87525544667085e-07,-5.87525544667085e-07
5.14,3.33455062848499e-05,-1.75925325097899e-06,-5.85636382055854e-07,-5.85636382055854e-07
5.141,3.32448601690846e-05,-1.75396159431363e-06,-5.83753296219638e-07,-5.83753296219638e-07
5.142,3.31445167884833e-05,-1.74868579234141e-06,-5.81876267604374e-07,-5.81876267604374e-07
5.143,3.30444752359943e-05,-1.74342579777103e-06,-5.80005276718942e-07,-5.80005276718942e-07
5.144,3.29447346072718e-05,-1.73818156345155e-06,-5.78140304134962e-07,-5.78140304134962e-07
5.145,3.28452940006673e-05,-1.73295304237193e-06,-5.76281330486597e-07,-5.76281330486597e-07
5.146,3.27461525172218e-05,-1.72774018766064e-06,-5.74428336470347e-07,-5.74428336470347e-07
5.147,3.26473092606581e-05,-1.72254295258523e-06,-5.72581302844845e-07,-5.72581302844845e-07
5.148,3.25487633373725e-05,-1.71736129055197e-06,-5.70740210430672e-07,-5.70740210430672e-07
5.149,3.24505138564268e-05,-1.71219515510536e-06,-5.68905040110142e-07,-5.68905040110142e-07
5.15,3.23525599295408e-05,-1.70704449992782e-06,-5.6707577282711e-07,-5.6707577282711e-07
5.151,3.22549006710838e-05,-1.70190927883918e-06,-5.65252389586765e-07,-5.65252389586765e-07
5.152,3.21575351980676e-05,-1.69678944579636e-06,-5.6343487145545e-07,-5.6343487145545e-07
5.153,3.20604626301378e-05,-1.69168495489292e-06,-5.61623199560454e-07,-5.61623199560454e-07
5.154,3.19636820895663e-05,-1.68659576035867e-06,-5.59817355089811e-07,-5.59817355089811e-07
5.155,3.18671927012439e-05,-1.68152181655925e-06,-5.58017319292109e-07,-5.58017319292109e-07
5.156,3.17709935926718e-05,-1.67646307799578e-06,-5.5622307347631e-07,-5.5622307347631e-07
5.157,3.16750838939545e-05,-1.67141949930438e-06,-5.5443459901152e-07,-5.5443459901152e-07
5.158,3.15794627377916e-05,-1.66639103525586e-06,-5.5265187732684e-07,-5.5265187732684e-07
5.159,3.14841292594703e-05,-1.66137764075526e-06,-5.50874889911126e-07,-5.50874889911126e-07
5.16,3.13890825968578e-05,-1.65637927084147e-06,-5.49103618312846e-07,-5.49103618312846e-07
5.161,3.12943218903938e-05,-1.65139588068686e-06,-5.4733804413984e-07,-5.4733804413984e-07
5.162,3.1199846283082e-05,-1.64642742559682e-06,-5.45578149059169e-07,-5.45578149059169e-07
5.163,3.11056549204836e-05,-1.64147386100947e-06,-5.43823914796892e-07,-5.43823914796892e-07
5.164,3.10117469507093e-05,-1.63653514249517e-06,-5.42075323137898e-07,-5.42075323137898e-07
5.165,3.09181215244111e-05,-1.63161122575619e-06,-5.40332355925709e-07,-5.40332355925709e-07
5.166,3.08247777947759e-05,-1.62670206662629e-06,-5.38594995062294e-07,-5.38594995062294e-07
5.167,3.07317149175169e-05,-1.62180762107036e-06,-5.36863222507866e-07,-5.36863222507866e-07
5.168,3.06389320508669e-05,-1.61692784518398e-06,-5.35137020280722e-07,-5.35137020280722e-07
5.169,3.05464283555706e-05,-1.61206269519313e-06,-5.33416370457035e-07,-5.33416370457035e-07
5.17,3.04542029948765e-05,-1.60721212745369e-06,-5.31701255170671e-07,-5.31701255170671e-07
5.171,3.03622551345306e-05,-1.60237609845114e-06,-5.29991656612997e-07,-5.29991656612997e-07
5.172,3.02705839427681e-05,-1.59755456480014e-06,-5.2828755703273e-07,-5.2828755703273e-07
5.173,3.01791885903062e-05,-1.59274748324418e-06,-5.26588938735699e-07,-5.26588938735699e-07
5.174,3.00880682503373e-05,-1.58795481065515e-06,-5.2489578408471e-07,-5.2489578408471e-07
5.175,2.99972220985206e-05,-1.58317650403299e-06,-5.23208075499317e-07,-5.23208075499317e-07
5.176,2.99066493129757e-05,-1.57841252050535e-06,-5.21525795455688e-07,-5.21525795455688e-07
5.177,2.9816349074275e-05,-1.57366281732714e-06,-5.1984892648639e-07,-5.1984892648639e-07
5.178,2.97263205654362e-05,-1.56892735188019e-06,-5.18177451180205e-07,-5.18177451180205e-07
5.179,2.96365629719152e-05,-1.56420608167288e-06,-5.16511352181977e-07,-5.16511352181977e-07
5.18,2.95470754815992e-05,-1.55949896433978e-06,-5.14850612192401e-07,-5.14850612192401e-07
5.181,2.94578572847988e-05,-1.55480595764123e-06,-5.13195213967858e-07,-5.13195213967858e-07
5.182,2.93689075742412e-05,-1.55012701946302e-06,-5.11545140320239e-07,-5.11545140320239e-07
5.183,2.92802255450631e-05,-1.54546210781597e-06,-5.09900374116763e-07,-5.09900374116763e-07
5.184,2.91918103948033e-05,-1.54081118083562e-06,-5.08260898279784e-07,-5.08260898279784e-07
5.185,2.9103661323396e-05,-1.5361741967818e-06,-5.06626695786643e-07,-5.06626695786643e-07
5.186,2.9015777533163e-05,-1.53155111403832e-06,-5.04997749669461e-07,-5.04997749669461e-07
5.187,2.89281582288072e-05,-1.52694189111256e-06,-5.03374043014982e-07,-5.03374043014982e-07
5.188,2.88408026174053e-05,-1.52234648663512e-06,-5.01755558964392e-07,-5.01755558964392e-07
5.189,2.87537099084006e-05,-1.51776485935947e-06,-5.00142280713141e-07,-5.00142280713141e-07
5.19,2.86668793135965e-05,-1.51319696816158e-06,-4.98534191510773e-07,-4.98534191510773e-07
5.191,2.85803100471488e-05,-1.50864277203951e-06,-4.96931274660742e-07,-4.96931274660742e-07
5.192,2.84940013255591e-05,-1.50410223011316e-06,-4.95333513520255e-07,-4.95333513520255e-07
5.193,2.84079523676681e-05,-1.4995753016238e-06,-4.93740891500079e-07,-4.93740891500079e-07
5.194,2.83221623946477e-05,-1.49506194593376e-06,-4.92153392064383e-07,-4.92153392064383e-07
5.195,2.82366306299954e-05,-1.49056212252607e-06,-4.90570998730564e-07,-4.90570998730564e-07
5.196,2.81513562995262e-05,-1.48607579100412e-06,-4.88993695069079e-07,-4.88993695069079e-07
5.197,2.80663386313665e-05,-1.48160291109126e-06,-4.87421464703251e-07,-4.87421464703251e-07
5.198,2.79815768559469e-05,-1.47714344263048e-06,-4.85854291309129e-07,-4.85854291309129e-07
5.199,2.78970702059951e-05,-1.47269734558406e-06,-4.8429215861531e-07,-4.8429215861531e-07
5.2,2.781281791653e-05,-1.46826458003319e-06,-4.8273505040275e-07,-4.8273505040275e-07
5.201,2.77288192248537e-05,-1.46384510617765e-06,-4.81182950504626e-07,-4.81182950504626e-07
5.202,2.76450733705456e-05,-1.45943888433543e-06,-4.7963584280614e-07,-4.7963584280614e-07
5.203,2.75615795954552e-05,-1.4550458749424e-06,-4.78093711244376e-07,-4.78093711244376e-07
5.204,2.74783371436957e-05,-1.45066603855197e-06,-4.76556539808113e-07,-4.76556539808113e-07
5.205,2.73953452616367e-05,-1.44629933583472e-06,-4.7502431253767e-07,-4.7502431253767e-07
5.206,2.73126031978982e-05,-1.44194572757806e-06,-4.73497013524736e-07,-4.73497013524736e-07
5.207,2.72301102033434e-05,-1.4376051746859e-06,-4.71974626912204e-07,-4.71974626912204e-07
5.208,2.71478655310723e-05,-1.43327763817829e-06,-4.70457136894006e-07,-4.70457136894006e-07
5.209,2.7065868436415e-05,-1.42896307919108e-06,-4.68944527714957e-07,-4.68944527714957e-07
5.21,2.69841181769248e-05,-1.42466145897559e-06,-4.67436783670572e-07,-4.67436783670572e-07
5.211,2.69026140123721e-05,-1.42037273889825e-06,-4.65933889106926e-07,-4.65933889106926e-07
5.212,2.68213552047375e-05,-1.41609688044027e-06,-4.64435828420478e-07,-4.64435828420478e-07
5.213,2.67403410182051e-05,-1.41183384519731e-06,-4.62942586057905e-07,-4.62942586057905e-07
5.214,2.66595707191565e-05,-1.40758359487912e-06,-4.61454146515957e-07,-4.61454146515957e-07
5.215,2.65790435761635e-05,-1.40334609130921e-06,-4.59970494341269e-07,-4.59970494341269e-07
5.216,2.64987588599822e-05,-1.39912129642455e-06,-4.58491614130233e-07,-4.58491614130233e-07
5.217,2.64187158435464e-05,-1.39490917227517e-06,-4.57017490528812e-07,-4.57017490528812e-07
5.218,2.63389138019608e-05,-1.39070968102388e-06,-4.55548108232392e-07,-4.55548108232392e-07
5.219,2.62593520124951e-05,-1.3865227849459e-06,-4.54083451985615e-07,-4.54083451985615e-07
5.22,2.6180029754577e-05,-1.38234844642857e-06,-4.52623506582234e-07,-4.52623506582234e-07
5.221,2.6100946309786e-05,-1.37818662797097e-06,-4.51168256864944e-07,-4.51168256864944e-07
5.222,2.60221009618475e-05,-1.37403729218363e-06,-4.49717687725225e-07,-4.49717687725225e-07
5.223,2.59434929966253e-05,-1.36990040178816e-06,-4.48271784103188e-07,-4.48271784103188e-07
5.224,2.58651217021164e-05,-1.36577591961698e-06,-4.46830530987414e-07,-4.46830530987414e-07
5.225,2.57869863684442e-05,-1.36166380861294e-06,-4.45393913414811e-07,-4.45393913414811e-07
5.226,2.57090862878519e-05,-1.35756403182901e-06,-4.43961916470438e-07,-4.43961916470438e-07
5.227,2.56314207546965e-05,-1.35347655242796e-06,-4.42534525287365e-07,-4.42534525287365e-07
5.228,2.55539890654427e-05,-1.34940133368203e-06,-4.41111725046516e-07,-4.41111725046516e-07
5.229,2.54767905186561e-05,-1.34533833897262e-06,-4.39693500976513e-07,-4.39693500976513e-07
5.23,2.53998244149976e-05,-1.34128753178995e-06,-4.38279838353517e-07,-4.38279838353517e-07
5.231,2.53230900572167e-05,-1.33724887573274e-06,-4.36870722501083e-07,-4.36870722501083e-07
5.232,2.52465867501452e-05,-1.33322233450791e-06,-4.35466138790007e-07,-4.35466138790007e-07
5.233,2.51703138006919e-05,-1.32920787193022e-06,-4.34066072638173e-07,-4.34066072638173e-07
5.234,2.50942705178349e-05,-1.325205451922e-06,-4.32670509510394e-07,-4.32670509510394e-07
5.235,2.50184562126171e-05,-1.32121503851279e-06,-4.31279434918269e-07,-4.31279434918269e-07
5.236,2.49428701981388e-05,-1.31723659583906e-06,-4.29892834420038e-07,-4.29892834420038e-07
5.237,2.48675117895524e-05,-1.31327008814386e-06,-4.2851069362041e-07,-4.2851069362041e-07
5.238,2.47923803040557e-05,-1.30931547977653e-06,-4.27132998170439e-07,-4.27132998170439e-07
5.239,2.47174750608863e-05,-1.30537273519237e-06,-4.25759733767357e-07,-4.25759733767357e-07
5.24,2.46427953813151e-05,-1.30144181895234e-06,-4.24390886154438e-07,-4.24390886154438e-07
5.241,2.45683405886409e-05,-1.29752269572273e-06,-4.23026441120836e-07,-4.23026441120836e-07
5.242,2.44941100081835e-05,-1.29361533027487e-06,-4.21666384501445e-07,-4.21666384501445e-07
5.243,2.44201029672783e-05,-1.2897196874848e-06,-4.20310702176758e-07,-4.20310702176758e-07
5.244,2.43463187952705e-05,-1.28583573233299e-06,-4.18959380072709e-07,-4.18959380072709e-07
5.245,2.42727568235083e-05,-1.28196342990398e-06,-4.17612404160531e-07,-4.17612404160531e-07
5.246,2.41994163853377e-05,-1.27810274538613e-06,-4.16269760456614e-07,-4.16269760456614e-07
5.247,2.41262968160961e-05,-1.27425364407128e-06,-4.14931435022347e-07,-4.14931435022347e-07
5.248,2.40533974531069e-05,-1.27041609135444e-06,-4.13597413963991e-07,-4.13597413963991e-07
5.249,2.3980717635673e-05,-1.2665900527335e-06,-4.12267683432526e-07,-4.12267683432526e-07
5.25,2.39082567050712e-05,-1.26277549380894e-06,-4.10942229623495e-07,-4.10942229623495e-07
5.251,2.38360140045464e-05,-1.25897238028348e-06,-4.0962103877689e-07,-4.0962103877689e-07
5.252,2.37639888793058e-05,-1.25518067796183e-06,-4.08304097176975e-07,-4.08304097176975e-07
5.253,2.36921806765126e-05,-1.25140035275034e-06,-4.06991391152168e-07,-4.06991391152168e-07
5.254,2.36205887452808e-05,-1.24763137065676e-06,-4.05682907074887e-07,-4.05682907074887e-07
5.255,2.35492124366689e-05,-1.24387369778987e-06,-4.04378631361412e-07,-4.04378631361412e-07
5.256,2.34780511036745e-05,-1.24012730035922e-06,-4.03078550471745e-07,-4.03078550471745e-07
5.257,2.34071041012284e-05,-1.23639214467486e-06,-4.01782650909467e-07,-4.01782650909467e-07
5.258,2.33363707861886e-05,-1.23266819714698e-06,-4.00490919221598e-07,-4.00490919221598e-07
5.259,2.3265850517335e-05,-1.22895542428564e-06,-3.99203341998452e-07,-3.99203341998452e-07
5.26,2.31955426553635e-05,-1.22525379270051e-06,-3.97919905873519e-07,-3.97919905873519e-07
5.261,2.312544656288e-05,-1.22156326910052e-06,-3.96640597523289e-07,-3.96640597523289e-07
5.262,2.30555616043953e-05,-1.2178838202936e-06,-3.9536540366715e-07,-3.9536540366715e-07
5.263,2.2985887146319e-05,-1.21421541318637e-06,-3.94094311067226e-07,-3.94094311067226e-07
5.264,2.2916422556954e-05,-1.21055801478388e-06,-3.92827306528257e-07,-3.92827306528257e-07
5.265,2.28471672064909e-05,-1.20691159218927e-06,-3.9156437689744e-07,-3.9156437689744e-07
5.266,2.27781204670023e-05,-1.20327611260352e-06,-3.90305509064318e-07,-3.90305509064318e-07
5.267,2.27092817124373e-05,-1.19965154332515e-06,-3.89050689960621e-07,-3.89050689960621e-07
5.268,2.26406503186158e-05,-1.1960378517499e-06,-3.87799906560141e-07,-3.87799906560141e-07
5.269,2.25722256632231e-05,-1.19243500537052e-06,-3.86553145878601e-07,-3.86553145878601e-07
5.27,2.25040071258042e-05,-1.1888429717764e-06,-3.8531039497351e-07,-3.8531039497351e-07
5.271,2.24359940877582e-05,-1.18526171865331e-06,-3.84071640944033e-07,-3.84071640944033e-07
5.272,2.23681859323332e-05,-1.18169121378314e-06,-3.82836870930856e-07,-3.82836870930856e-07
5.273,2.23005820446204e-05,-1.17813142504362e-06,-3.81606072116058e-07,-3.81606072116058e-07
5.274,2.22331818115485e-05,-1.17458232040796e-06,-3.80379231722964e-07,-3.80379231722964e-07
5.275,2.21659846218789e-05,-1.17104386794468e-06,-3.79156337016032e-07,-3.79156337016032e-07
5.276,2.20989898661993e-05,-1.16751603581724e-06,-3.77937375300697e-07,-3.77937375300697e-07
5.277,2.20321969369193e-05,-1.16399879228378e-06,-3.76722333923261e-07,-3.76722333923261e-07
5.278,2.19656052282643e-05,-1.16049210569689e-06,-3.75511200270749e-07,-3.75511200270749e-07
5.279,2.18992141362699e-05,-1.15699594450325e-06,-3.74303961770782e-07,-3.74303961770782e-07
5.28,2.18330230587774e-05,-1.15351027724342e-06,-3.73100605891441e-07,-3.73100605891441e-07
5.281,2.17670313954277e-05,-1.15003507255153e-06,-3.71901120141146e-07,-3.71901120141146e-07
5.282,2.1701238547656e-05,-1.146570299155e-06,-3.70705492068516e-07,-3.70705492068516e-07
5.283,2.16356439186869e-05,-1.14311592587427e-06,-3.69513709262249e-07,-3.69513709262249e-07
5.284,2.15702469135287e-05,-1.13967192162253e-06,-3.68325759350987e-07,-3.68325759350987e-07
5.285,2.1505046938968e-05,-1.13623825540546e-06,-3.67141630003189e-07,-3.67141630003189e-07
5.286,2.1440043403565e-05,-1.13281489632092e-06,-3.65961308927002e-07,-3.65961308927002e-07
5.287,2.13752357176473e-05,-1.12940181355871e-06,-3.64784783870133e-07,-3.64784783870133e-07
5.288,2.13106232933057e-05,-1.12599897640026e-06,-3.63612042619726e-07,-3.63612042619726e-07
5.289,2.12462055443882e-05,-1.12260635421841e-06,-3.62443073002231e-07,-3.62443073002231e-07
5.29,2.11819818864948e-05,-1.11922391647711e-06,-3.61277862883275e-07,-3.61277862883275e-07
5.291,2.11179517369728e-05,-1.11585163273114e-06,-3.60116400167542e-07,-3.60116400167542e-07
5.292,2.10541145149111e-05,-1.11248947262586e-06,-3.58958672798639e-07,-3.58958672798639e-07
5.293,2.09904696411352e-05,-1.10913740589695e-06,-3.57804668758981e-07,-3.57804668758981e-07
5.294,2.09270165382022e-05,-1.10579540237011e-06,-3.56654376069663e-07,-3.56654376069663e-07
5.295,2.08637546303953e-05,-1.10246343196082e-06,-3.55507782790327e-07,-3.55507782790327e-07
5.296,2.0800683343719e-05,-1.09914146467408e-06,-3.54364877019046e-07,-3.54364877019046e-07
5.297,2.07378021058937e-05,-1.09582947060412e-06,-3.53225646892206e-07,-3.53225646892206e-07
5.298,2.06751103463508e-05,-1.09252741993415e-06,-3.5209008058436e-07,-3.5209008058436e-07
5.299,2.06126074962275e-05,-1.08923528293609e-06,-3.50958166308138e-07,-3.50958166308138e-07
5.3,2.05502929883618e-05,-1.08595302997034e-06,-3.49829892314089e-07,-3.49829892314089e-07
5.301,2.04881662572874e-05,-1.08268063148546e-06,-3.48705246890593e-07,-3.48705246890593e-07
5.302,2.04262267392286e-05,-1.07941805801795e-06,-3.47584218363713e-07,-3.47584218363713e-07
5.303,2.03644738720953e-05,-1.076165280192e-06,-3.46466795097083e-07,-3.46466795097083e-07
5.304,2.0302907095478e-05,-1.07292226871917e-06,-3.45352965491794e-07,-3.45352965491794e-07
5.305,2.0241525850643e-05,-1.06968899439822e-06,-3.44242717986262e-07,-3.44242717986262e-07
5.306,2.0180329580527e-05,-1.06646542811476e-06,-3.43136041056115e-07,-3.43136041056115e-07
5.307,2.01193177297325e-05,-1.06325154084108e-06,-3.42032923214071e-07,-3.42032923214071e-07
5.308,2.00584897445225e-05,-1.06004730363581e-06,-3.40933353009813e-07,-3.40933353009813e-07
5.309,1.99978450728158e-05,-1.05685268764373e-06,-3.39837319029884e-07,-3.39837319029884e-07
5.31,1.99373831641823e-05,-1.05366766409549e-06,-3.38744809897559e-07,-3.38744809897559e-07
5.311,1.98771034698374e-05,-1.05049220430734e-06,-3.37655814272717e-07,-3.37655814272717e-07
5.312,1.98170054426378e-05,-1.04732627968091e-06,-3.36570320851747e-07,-3.36570320851747e-07
5.313,1.97570885370762e-05,-1.04416986170294e-06,-3.3548831836741e-07,-3.3548831836741e-07
5.314,1.96973522092765e-05,-1.04102292194501e-06,-3.34409795588733e-07,-3.34409795588733e-07
5.315,1.96377959169893e-05,-1.03788543206333e-06,-3.33334741320881e-07,-3.33334741320881e-07
5.316,1.95784191195863e-05,-1.03475736379844e-06,-3.32263144405056e-07,-3.32263144405056e-07
5.317,1.95192212780564e-05,-1.03163868897502e-06,-3.31194993718371e-07,-3.31194993718371e-07
5.318,1.94602018550001e-05,-1.02852937950158e-06,-3.30130278173738e-07,-3.30130278173738e-07
5.319,1.94013603146251e-05,-1.02542940737025e-06,-3.29068986719741e-07,-3.29068986719741e-07
5.32,1.93426961227415e-05,-1.02233874465653e-06,-3.28011108340543e-07,-3.28011108340543e-07
5.321,1.92842087467571e-05,-1.01925736351903e-06,-3.26956632055757e-07,-3.26956632055757e-07
5.322,1.92258976556722e-05,-1.01618523619922e-06,-3.2590554692033e-07,-3.2590554692033e-07
5.323,1.91677623200754e-05,-1.0131223350212e-06,-3.24857842024441e-07,-3.24857842024441e-07
5.324,1.91098022121386e-05,-1.01006863239147e-06,-3.23813506493371e-07,-3.23813506493371e-07
5.325,1.90520168056124e-05,-1.00702410079863e-06,-3.22772529487408e-07,-3.22772529487408e-07
5.326,1.89944055758213e-05,-1.0039887128132e-06,-3.21734900201727e-07,-3.21734900201727e-07
5.327,1.89369679996588e-05,-1.00096244108733e-06,-3.20700607866261e-07,-3.20700607866261e-07
5.328,1.88797035555835e-05,-9.97945258354604e-07,-3.19669641745623e-07,-3.19669641745623e-07
5.329,1.88226117236135e-05,-9.94937137429756e-07,-3.18641991138966e-07,-3.18641991138966e-07
5.33,1.87656919853224e-05,-9.91938051208446e-07,-3.17617645379881e-07,-3.17617645379881e-07
5.331,1.87089438238343e-05,-9.88947972667031e-07,-3.16596593836293e-07,-3.16596593836293e-07
5.332,1.86523667238194e-05,-9.85966874862307e-07,-3.15578825910342e-07,-3.15578825910342e-07
5.333,1.85959601714893e-05,-9.82994730931289e-07,-3.14564331038268e-07,-3.14564331038268e-07
5.334,1.85397236545927e-05,-9.80031514090963e-07,-3.13553098690319e-07,-3.13553098690319e-07
5.335,1.84836566624101e-05,-9.77077197638046e-07,-3.12545118370621e-07,-3.12545118370621e-07
5.336,1.84277586857501e-05,-9.74131754948761e-07,-3.11540379617088e-07,-3.11540379617088e-07
5.337,1.83720292169443e-05,-9.71195159478597e-07,-3.10538872001297e-07,-3.10538872001297e-07
5.338,1.83164677498428e-05,-9.68267384762066e-07,-3.09540585128388e-07,-3.09540585128388e-07
5.339,1.82610737798103e-05,-9.65348404412485e-07,-3.08545508636957e-07,-3.08545508636957e-07
5.34,1.82058468037203e-05,-9.62438192121725e-07,-3.07553632198942e-07,-3.07553632198942e-07
5.341,1.81507863199521e-05,-9.59536721659993e-07,-3.06564945519521e-07,-3.06564945519521e-07
5.342,1.80958918283854e-05,-9.56643966875595e-07,-3.05579438337007e-07,-3.05579438337007e-07
5.343,1.80411628303958e-05,-9.53759901694697e-07,-3.04597100422732e-07,-3.04597100422732e-07
5.344,1.79865988288509e-05,-9.5088450012111e-07,-3.03617921580951e-07,-3.03617921580951e-07
5.345,1.79321993281055e-05,-9.48017736236048e-07,-3.0264189164873e-07,-3.0264189164873e-07
5.346,1.78779638339971e-05,-9.45159584197897e-07,-3.01669000495837e-07,-3.01669000495837e-07
5.347,1.78238918538417e-05,-9.42310018242003e-07,-3.00699238024651e-07,-3.00699238024651e-07
5.348,1.77699828964293e-05,-9.3946901268042e-07,-2.99732594170041e-07,-2.99732594170041e-07
5.349,1.77162364720196e-05,-9.36636541901704e-07,-2.98769058899268e-07,-2.98769058899268e-07
5.35,1.76626520923374e-05,-9.33812580370679e-07,-2.97808622211882e-07,-2.97808622211882e-07
5.351,1.76092292705683e-05,-9.30997102628202e-07,-2.96851274139619e-07,-2.96851274139619e-07
5.352,1.75559675213548e-05,-9.28190083290954e-07,-2.9589700474629e-07,-2.9589700474629e-07
5.353,1.75028663607912e-05,-9.25391497051205e-07,-2.94945804127689e-07,-2.94945804127689e-07
5.354,1.74499253064198e-05,-9.22601318676587e-07,-2.93997662411479e-07,-2.93997662411479e-07
5.355,1.73971438772266e-05,-9.19819523009888e-07,-2.93052569757095e-07,-2.93052569757095e-07
5.356,1.73445215936366e-05,-9.17046084968804e-07,-2.92110516355642e-07,-2.92110516355642e-07
5.357,1.729205797751e-05,-9.1428097954574e-07,-2.91171492429793e-07,-2.91171492429793e-07
5.358,1.72397525521375e-05,-9.1152418180758e-07,-2.90235488233686e-07,-2.90235488233686e-07
5.359,1.71876048422364e-05,-9.08775666895458e-07,-2.8930249405282e-07,-2.8930249405282e-07
5.36,1.7135614373946e-05,-9.06035410024553e-07,-2.88372500203959e-07,-2.88372500203959e-07
5.361,1.70837806748238e-05,-9.03303386483862e-07,-2.87445497035034e-07,-2.87445497035034e-07
5.362,1.70321032738408e-05,-9.00579571635977e-07,-2.8652147492503e-07,-2.8652147492503e-07
5.363,1.69805817013777e-05,-8.97863940916878e-07,-2.85600424283901e-07,-2.85600424283901e-07
5.364,1.69292154892203e-05,-8.95156469835703e-07,-2.84682335552459e-07,-2.84682335552459e-07
5.365,1.68780041705556e-05,-8.92457133974544e-07,-2.83767199202281e-07,-2.83767199202281e-07
5.366,1.68269472799679e-05,-8.89765908988223e-07,-2.82855005735612e-07,-2.82855005735612e-07
5.367,1.67760443534337e-05,-8.87082770604074e-07,-2.81945745685252e-07,-2.81945745685252e-07
5.368,1.67252949283186e-05,-8.84407694621737e-07,-2.81039409614478e-07,-2.81039409614478e-07
5.369,1.66746985433726e-05,-8.8174065691294e-07,-2.80135988116934e-07,-2.80135988116934e-07
5.37,1.6624254738726e-05,-8.79081633421277e-07,-2.79235471816527e-07,-2.79235471816527e-07
5.371,1.65739630558855e-05,-8.76430600162014e-07,-2.78337851367349e-07,-2.78337851367349e-07
5.372,1.65238230377298e-05,-8.73787533221852e-07,-2.77443117453563e-07,-2.77443117453563e-07
5.373,1.64738342285059e-05,-8.7115240875874e-07,-2.7655126078931e-07,-2.7655126078931e-07
5.374,1.64239961738247e-05,-8.6852520300165e-07,-2.75662272118619e-07,-2.75662272118619e-07
5.375,1.6374308420657e-05,-8.65905892250362e-07,-2.74776142215302e-07,-2.74776142215302e-07
5.376,1.63247705173296e-05,-8.63294452875268e-07,-2.73892861882863e-07,-2.73892861882863e-07
5.377,1.62753820135212e-05,-8.60690861317158e-07,-2.73012421954403e-07,-2.73012421954403e-07
5.378,1.62261424602582e-05,-8.58095094087001e-07,-2.72134813292521e-07,-2.72134813292521e-07
5.379,1.61770514099108e-05,-8.55507127765754e-07,-2.71260026789226e-07,-2.71260026789226e-07
5.38,1.61281084161891e-05,-8.52926939004138e-07,-2.70388053365829e-07,-2.70388053365829e-07
5.381,1.60793130341391e-05,-8.50354504522446e-07,-2.69518883972864e-07,-2.69518883972864e-07
5.382,1.60306648201385e-05,-8.4778980111033e-07,-2.68652509589986e-07,-2.68652509589986e-07
5.383,1.59821633318929e-05,-8.45232805626588e-07,-2.67788921225879e-07,-2.67788921225879e-07
5.384,1.59338081284318e-05,-8.42683494998975e-07,-2.66928109918159e-07,-2.66928109918159e-07
5.385,1.58855987701048e-05,-8.4014184622399e-07,-2.66070066733286e-07,-2.66070066733286e-07
5.386,1.58375348185774e-05,-8.37607836366665e-07,-2.65214782766468e-07,-2.65214782766468e-07
5.387,1.57896158368273e-05,-8.35081442560378e-07,-2.64362249141572e-07,-2.64362249141572e-07
5.388,1.57418413891402e-05,-8.32562642006635e-07,-2.63512457011023e-07,-2.63512457011023e-07
5.389,1.56942110411065e-05,-8.3005141197488e-07,-2.62665397555729e-07,-2.62665397555729e-07
5.39,1.56467243596167e-05,-8.27547729802289e-07,-2.61821061984968e-07,-2.61821061984968e-07
5.391,1.5599380912858e-05,-8.25051572893562e-07,-2.60979441536311e-07,-2.60979441536311e-07
5.392,1.55521802703103e-05,-8.22562918720739e-07,-2.60140527475529e-07,-2.60140527475529e-07
5.393,1.55051220027421e-05,-8.20081744822983e-07,-2.59304311096496e-07,-2.59304311096496e-07
5.394,1.54582056822071e-05,-8.17608028806395e-07,-2.58470783721108e-07,-2.58470783721108e-07
5.395,1.54114308820403e-05,-8.1514174834381e-07,-2.57639936699184e-07,-2.57639936699184e-07
5.396,1.53647971768537e-05,-8.12682881174591e-07,-2.5681176140838e-07,-2.5681176140838e-07
5.397,1.53183041425331e-05,-8.10231405104448e-07,-2.55986249254103e-07,-2.55986249254103e-07
5.398,1.52719513562339e-05,-8.07787298005234e-07,-2.55163391669413e-07,-2.55163391669413e-07
5.399,1.52257383963776e-05,-8.05350537814739e-07,-2.54343180114939e-07,-2.54343180114939e-07
5.4,1.51796648426477e-05,-8.02921102536513e-07,-2.53525606078795e-07,-2.53525606078795e-07
5.401,1.51337302759863e-05,-8.00498970239654e-07,-2.52710661076481e-07,-2.52710661076481e-07
5.402,1.50879342785901e-05,-7.98084119058627e-07,-2.51898336650803e-07,-2.51898336650803e-07
5.403,1.50422764339067e-05,-7.95676527193065e-07,-2.51088624371785e-07,-2.51088624371785e-07
5.404,1.4996756326631e-05,-7.93276172907567e-07,-2.50281515836573e-07,-2.50281515836573e-07
5.405,1.49513735427013e-05,-7.90883034531523e-07,-2.49477002669357e-07,-2.49477002669357e-07
5.406,1.49061276692957e-05,-7.88497090458912e-07,-2.48675076521281e-07,-2.48675076521281e-07
5.407,1.48610182948284e-05,-7.86118319148101e-07,-2.47875729070356e-07,-2.47875729070356e-07
5.408,1.48160450089461e-05,-7.83746699121679e-07,-2.47078952021369e-07,-2.47078952021369e-07
5.409,1.4771207402524e-05,-7.81382208966237e-07,-2.46284737105806e-07,-2.46284737105806e-07
5.41,1.47265050676626e-05,-7.79024827332205e-07,-2.45493076081759e-07,-2.45493076081759e-07
5.411,1.46819375976838e-05,-7.76674532933647e-07,-2.44703960733844e-07,-2.44703960733844e-07
5.412,1.4637504587127e-05,-7.74331304548071e-07,-2.43917382873112e-07,-2.43917382873112e-07
5.413,1.45932056317461e-05,-7.71995121016252e-07,-2.43133334336967e-07,-2.43133334336967e-07
5.414,1.45490403285054e-05,-7.69665961242039e-07,-2.4235180698908e-07,-2.4235180698908e-07
5.415,1.45050082755759e-05,-7.6734380419216e-07,-2.41572792719302e-07,-2.41572792719302e-07
5.416,1.44611090723323e-05,-7.65028628896053e-07,-2.40796283443589e-07,-2.40796283443589e-07
5.417,1.44173423193488e-05,-7.6272041444566e-07,-2.40022271103904e-07,-2.40022271103904e-07
5.418,1.43737076183957e-05,-7.60419139995258e-07,-2.39250747668144e-07,-2.39250747668144e-07
5.419,1.43302045724362e-05,-7.58124784761269e-07,-2.38481705130054e-07,-2.38481705130054e-07
5.42,1.42868327856221e-05,-7.55837328022066e-07,-2.37715135509141e-07,-2.37715135509141e-07
5.421,1.4243591863291e-05,-7.53556749117806e-07,-2.36951030850594e-07,-2.36951030850594e-07
5.422,1.42004814119625e-05,-7.51283027450238e-07,-2.36189383225198e-07,-2.36189383225198e-07
5.423,1.41575010393343e-05,-7.49016142482514e-07,-2.35430184729255e-07,-2.35430184729255e-07
5.424,1.41146503542794e-05,-7.46756073739022e-07,-2.34673427484505e-07,-2.34673427484505e-07
5.425,1.4071928966842e-05,-7.44502800805188e-07,-2.33919103638034e-07,-2.33919103638034e-07
5.426,1.40293364882342e-05,-7.42256303327311e-07,-2.33167205362197e-07,-2.33167205362197e-07
5.427,1.39868725308327e-05,-7.40016561012372e-07,-2.32417724854548e-07,-2.32417724854548e-07
5.428,1.3944536708175e-05,-7.37783553627852e-07,-2.31670654337735e-07,-2.31670654337735e-07
5.429,1.39023286349562e-05,-7.35557261001562e-07,-2.30925986059444e-07,-2.30925986059444e-07
5.43,1.38602479270255e-05,-7.33337663021461e-07,-2.30183712292303e-07,-2.30183712292303e-07
5.431,1.38182942013827e-05,-7.31124739635468e-07,-2.29443825333804e-07,-2.29443825333804e-07
5.432,1.37764670761747e-05,-7.28918470851301e-07,-2.28706317506231e-07,-2.28706317506231e-07
5.433,1.37347661706921e-05,-7.26718836736282e-07,-2.27971181156569e-07,-2.27971181156569e-07
5.434,1.36931911053661e-05,-7.24525817417175e-07,-2.27238408656429e-07,-2.27238408656429e-07
5.435,1.36517415017648e-05,-7.22339393080003e-07,-2.26507992401976e-07,-2.26507992401976e-07
5.436,1.36104169825895e-05,-7.20159543969869e-07,-2.25779924813836e-07,-2.25779924813836e-07
5.437,1.35692171716723e-05,-7.17986250390786e-07,-2.25054198337029e-07,-2.25054198337029e-07
5.438,1.35281416939716e-05,-7.15819492705505e-07,-2.24330805440886e-07,-2.24330805440886e-07
5.439,1.34871901755695e-05,-7.13659251335327e-07,-2.23609738618968e-07,-2.23609738618968e-07
5.44,1.34463622436681e-05,-7.1150550675995e-07,-2.22890990388995e-07,-2.22890990388995e-07
5.441,1.34056575265863e-05,-7.09358239517273e-07,-2.22174553292761e-07,-2.22174553292761e-07
5.442,1.33650756537564e-05,-7.07217430203245e-07,-2.21460419896059e-07,-2.21460419896059e-07
5.443,1.3324616255721e-05,-7.05083059471677e-07,-2.20748582788609e-07,-2.20748582788609e-07
5.444,1.32842789641292e-05,-7.02955108034075e-07,-2.20039034583972e-07,-2.20039034583972e-07
5.445,1.32440634117338e-05,-7.00833556659474e-07,-2.19331767919478e-07,-2.19331767919478e-07
5.446,1.32039692323878e-05,-6.98718386174262e-07,-2.18626775456152e-07,-2.18626775456152e-07
5.447,1.3163996061041e-05,-6.96609577462006e-07,-2.17924049878628e-07,-2.17924049878628e-07
5.448,1.31241435337371e-05,-6.94507111463296e-07,-2.17223583895092e-07,-2.17223583895092e-07
5.449,1.30844112876098e-05,-6.92410969175556e-07,-2.1652537023718e-07,-2.1652537023718e-07
5.45,1.30447989608803e-05,-6.90321131652897e-07,-2.15829401659928e-07,-2.15829401659928e-07
5.451,1.30053061928537e-05,-6.88237580005934e-07,-2.15135670941678e-07,-2.15135670941678e-07
5.452,1.29659326239154e-05,-6.86160295401619e-07,-2.14444170884012e-07,-2.14444170884012e-07
5.453,1.29266778955287e-05,-6.84089259063083e-07,-2.13754894311676e-07,-2.13754894311676e-07
5.454,1.28875416502308e-05,-6.82024452269462e-07,-2.13067834072507e-07,-2.13067834072507e-07
5.455,1.28485235316302e-05,-6.7996585635573e-07,-2.1238298303735e-07,-2.1238298303735e-07
5.456,1.28096231844029e-05,-6.77913452712541e-07,-2.11700334099997e-07,-2.11700334099997e-07
5.457,1.27708402542898e-05,-6.75867222786052e-07,-2.11019880177104e-07,-2.11019880177104e-07
5.458,1.27321743880932e-05,-6.73827148077769e-07,-2.1034161420812e-07,-2.1034161420812e-07
5.459,1.26936252336737e-05,-6.71793210144381e-07,-2.09665529155213e-07,-2.09665529155213e-07
5.46,1.2655192439947e-05,-6.69765390597587e-07,-2.08991618003198e-07,-2.08991618003198e-07
5.461,1.26168756568809e-05,-6.67743671103944e-07,-2.08319873759463e-07,-2.08319873759463e-07
5.462,1.25786745354921e-05,-6.65728033384702e-07,-2.07650289453899e-07,-2.07650289453899e-07
5.463,1.25405887278428e-05,-6.63718459215634e-07,-2.06982858138821e-07,-2.06982858138821e-07
5.464,1.25026178870379e-05,-6.61714930426885e-07,-2.06317572888908e-07,-2.06317572888908e-07
5.465,1.2464761667222e-05,-6.59717428902799e-07,-2.05654426801111e-07,-2.05654426801111e-07
5.466,1.2427019723576e-05,-6.5772593658177e-07,-2.04993412994606e-07,-2.04993412994606e-07
5.467,1.23893917123139e-05,-6.55740435456077e-07,-2.04334524610703e-07,-2.04334524610703e-07
5.468,1.23518772906801e-05,-6.53760907571716e-07,-2.03677754812786e-07,-2.03677754812786e-07
5.469,1.23144761169463e-05,-6.51787335028254e-07,-2.03023096786232e-07,-2.03023096786232e-07
5.47,1.2277187850408e-05,-6.49819699978663e-07,-2.02370543738352e-07,-2.02370543738352e-07
5.471,1.22400121513819e-05,-6.47857984629158e-07,-2.01720088898309e-07,-2.01720088898309e-07
5.472,1.22029486812027e-05,-6.45902171239049e-07,-2.01071725517058e-07,-2.01071725517058e-07
5.473,1.216599710222e-05,-6.43952242120571e-07,-2.00425446867267e-07,-2.00425446867267e-07
5.474,1.21291570777953e-05,-6.42008179638738e-07,-1.99781246243252e-07,-1.99781246243252e-07
5.475,1.2092428272299e-05,-6.40069966211183e-07,-1.99139116960907e-07,-1.99139116960907e-07
5.476,1.20558103511075e-05,-6.38137584307994e-07,-1.98499052357635e-07,-1.98499052357635e-07
5.477,1.20193029805999e-05,-6.36211016451571e-07,-1.97861045792273e-07,-1.97861045792273e-07
5.478,1.19829058281554e-05,-6.34290245216464e-07,-1.97225090645034e-07,-1.97225090645034e-07
5.479,1.194661856215e-05,-6.32375253229213e-07,-1.96591180317424e-07,-1.96591180317424e-07
5.48,1.19104408519537e-05,-6.30466023168208e-07,-1.95959308232189e-07,-1.95959308232189e-07
5.481,1.18743723679273e-05,-6.28562537763518e-07,-1.95329467833234e-07,-1.95329467833234e-07
5.482,1.183841278142e-05,-6.26664779796751e-07,-1.9470165258556e-07,-1.9470165258556e-07
5.483,1.18025617647656e-05,-6.24772732100896e-07,-1.940758559752e-07,-1.940758559752e-07
5.484,1.17668189912803e-05,-6.22886377560168e-07,-1.93452071509141e-07,-1.93452071509141e-07
5.485,1.17311841352595e-05,-6.2100569910986e-07,-1.92830292715266e-07,-1.92830292715266e-07
5.486,1.16956568719748e-05,-6.1913067973619e-07,-1.92210513142285e-07,-1.92210513142285e-07
5.487,1.16602368776712e-05,-6.17261302476148e-07,-1.91592726359665e-07,-1.91592726359665e-07
5.488,1.16249238295642e-05,-6.15397550417349e-07,-1.90976925957561e-07,-1.90976925957561e-07
5.489,1.15897174058367e-05,-6.13539406697877e-07,-1.90363105546757e-07,-1.90363105546757e-07
5.49,1.15546172856364e-05,-6.11686854506141e-07,-1.89751258758597e-07,-1.89751258758597e-07
5.491,1.15196231490729e-05,-6.09839877080726e-07,-1.89141379244914e-07,-1.89141379244914e-07
5.492,1.14847346772144e-05,-6.07998457710234e-07,-1.88533460677965e-07,-1.88533460677965e-07
5.493,1.14499515520856e-05,-6.06162579733149e-07,-1.87927496750375e-07,-1.87927496750375e-07
5.494,1.1415273456664e-05,-6.04332226537681e-07,-1.87323481175061e-07,-1.87323481175061e-07
5.495,1.13807000748777e-05,-6.02507381561616e-07,-1.86721407685166e-07,-1.86721407685166e-07
5.496,1.13462310916023e-05,-6.00688028292179e-07,-1.86121270034003e-07,-1.86121270034003e-07
5.497,1.1311866192658e-05,-5.98874150265875e-07,-1.85523061994982e-07,-1.85523061994982e-07
5.498,1.12776050648069e-05,-5.97065731068353e-07,-1.84926777361549e-07,-1.84926777361549e-07
5.499,1.12434473957504e-05,-5.95262754334254e-07,-1.8433240994712e-07,-1.8433240994712e-07
5.5,1.12093928741258e-05,-5.93465203747065e-07,-1.83739953585018e-07,-1.83739953585018e-07
5.501,1.11754411895042e-05,-5.91673063038978e-07,-1.83149402128407e-07,-1.83149402128407e-07
5.502,1.11415920323872e-05,-5.89886315990746e-07,-1.82560749450233e-07,-1.82560749450233e-07
5.503,1.11078450942042e-05,-5.88104946431529e-07,-1.81973989443151e-07,-1.81973989443151e-07
5.504,1.10742000673101e-05,-5.86328938238767e-07,-1.81389116019472e-07,-1.81389116019472e-07
5.505,1.10406566449818e-05,-5.84558275338016e-07,-1.80806123111093e-07,-1.80806123111093e-07
5.506,1.1007214521416e-05,-5.82792941702825e-07,-1.80225004669436e-07,-1.80225004669436e-07
5.507,1.09738733917263e-05,-5.81032921354581e-07,-1.79645754665386e-07,-1.79645754665386e-07
5.508,1.09406329519405e-05,-5.7927819836237e-07,-1.79068367089226e-07,-1.79068367089226e-07
5.509,1.09074928989975e-05,-5.77528756842837e-07,-1.78492835950577e-07,-1.78492835950577e-07
5.51,1.08744529307452e-05,-5.75784580960044e-07,-1.77919155278336e-07,-1.77919155278336e-07
5.511,1.08415127459374e-05,-5.74045654925326e-07,-1.7734731912061e-07,-1.7734731912061e-07
5.512,1.08086720442311e-05,-5.72311962997156e-07,-1.76777321544659e-07,-1.76777321544659e-07
5.513,1.07759305261839e-05,-5.70583489481e-07,-1.76209156636831e-07,-1.76209156636831e-07
5.514,1.07432878932514e-05,-5.68860218729181e-07,-1.75642818502501e-07,-1.75642818502501e-07
5.515,1.07107438477843e-05,-5.67142135140741e-07,-1.75078301266016e-07,-1.75078301266016e-07
5.516,1.06782980930258e-05,-5.65429223161293e-07,-1.74515599070621e-07,-1.74515599070621e-07
5.517,1.06459503331091e-05,-5.63721467282895e-07,-1.7395470607841e-07,-1.7395470607841e-07
5.518,1.06137002730544e-05,-5.62018852043907e-07,-1.73395616470261e-07,-1.73395616470261e-07
5.519,1.05815476187668e-05,-5.60321362028846e-07,-1.72838324445773e-07,-1.72838324445773e-07
5.52,1.05494920770329e-05,-5.58628981868263e-07,-1.72282824223213e-07,-1.72282824223213e-07
5.521,1.0517533355519e-05,-5.56941696238595e-07,-1.71729110039444e-07,-1.71729110039444e-07
5.522,1.04856711627677e-05,-5.55259489862033e-07,-1.71177176149878e-07,-1.71177176149878e-07
5.523,1.0453905208196e-05,-5.53582347506389e-07,-1.70627016828412e-07,-1.70627016828412e-07
5.524,1.0422235202092e-05,-5.51910253984951e-07,-1.7007862636736e-07,-1.7007862636736e-07
5.525,1.03906608556129e-05,-5.5024319415636e-07,-1.69531999077408e-07,-1.69531999077408e-07
5.526,1.0359181880782e-05,-5.48581152924465e-07,-1.68987129287543e-07,-1.68987129287543e-07
5.527,1.03277979904863e-05,-5.46924115238195e-07,-1.68444011345001e-07,-1.68444011345001e-07
5.528,1.02965088984738e-05,-5.45272066091425e-07,-1.67902639615208e-07,-1.67902639615208e-07
5.529,1.02653143193512e-05,-5.43624990522834e-07,-1.67363008481714e-07,-1.67363008481714e-07
5.53,1.02342139685808e-05,-5.41982873615785e-07,-1.66825112346145e-07,-1.66825112346145e-07
5.531,1.02032075624787e-05,-5.40345700498184e-07,-1.66288945628138e-07,-1.66288945628138e-07
5.532,1.01722948182115e-05,-5.38713456342345e-07,-1.65754502765287e-07,-1.65754502765287e-07
5.533,1.01414754537942e-05,-5.37086126364869e-07,-1.6522177821308e-07,-1.6522177821308e-07
5.534,1.01107491880876e-05,-5.354636958265e-07,-1.64690766444845e-07,-1.64690766444845e-07
5.535,1.00801157407958e-05,-5.33846150032002e-07,-1.64161461951697e-07,-1.64161461951697e-07
5.536,1.00495748324635e-05,-5.32233474330027e-07,-1.6363385924247e-07,-1.6363385924247e-07
5.537,1.00191261844736e-05,-5.30625654112979e-07,-1.6310795284367e-07,-1.6310795284367e-07
5.538,9.98876951904466e-06,-5.29022674816893e-07,-1.62583737299411e-07,-1.62583737299411e-07
5.539,9.95850455922869e-06,-5.27424521921298e-07,-1.62061207171366e-07,-1.62061207171366e-07
5.54,9.92833102890816e-06,-5.25831180949089e-07,-1.61540357038699e-07,-1.61540357038699e-07
5.541,9.89824865279392e-06,-5.24242637466404e-07,-1.61021181498021e-07,-1.61021181498021e-07
5.542,9.86825715642249e-06,-5.22658877082486e-07,-1.60503675163327e-07,-1.60503675163327e-07
5.543,9.83835626615376e-06,-5.21079885449562e-07,-1.59987832665941e-07,-1.59987832665941e-07
5.544,9.80854570916847e-06,-5.19505648262715e-07,-1.59473648654461e-07,-1.59473648654461e-07
5.545,9.77882521346565e-06,-5.17936151259751e-07,-1.58961117794702e-07,-1.58961117794702e-07
5.546,9.74919450786036e-06,-5.16371380221077e-07,-1.58450234769644e-07,-1.58450234769644e-07
5.547,9.71965332198117e-06,-5.14811320969577e-07,-1.57940994279374e-07,-1.57940994279374e-07
5.548,9.69020138626764e-06,-5.13255959370474e-07,-1.57433391041027e-07,-1.57433391041027e-07
5.549,9.66083843196809e-06,-5.11705281331221e-07,-1.56927419788743e-07,-1.56927419788743e-07
5.55,9.63156419113697e-06,-5.10159272801358e-07,-1.56423075273597e-07,-1.56423075273597e-07
5.551,9.60237839663264e-06,-5.08617919772401e-07,-1.55920352263558e-07,-1.55920352263558e-07
5.552,9.57328078211488e-06,-5.07081208277711e-07,-1.55419245543425e-07,-1.55419245543425e-07
5.553,9.54427108204245e-06,-5.05549124392368e-07,-1.54919749914781e-07,-1.54919749914781e-07
5.554,9.5153490316708e-06,-5.04021654233051e-07,-1.54421860195931e-07,-1.54421860195931e-07
5.555,9.48651436704967e-06,-5.02498783957913e-07,-1.53925571221852e-07,-1.53925571221852e-07
5.556,9.45776682502062e-06,-5.00980499766455e-07,-1.53430877844141e-07,-1.53430877844141e-07
5.557,9.42910614321482e-06,-4.99466787899408e-07,-1.52937774930959e-07,-1.52937774930959e-07
5.558,9.40053206005052e-06,-4.97957634638606e-07,-1.52446257366977e-07,-1.52446257366977e-07
5.559,9.37204431473087e-06,-4.96453026306866e-07,-1.51956320053328e-07,-1.51956320053328e-07
5.56,9.34364264724149e-06,-4.94952949267868e-07,-1.51467957907546e-07,-1.51467957907546e-07
5.561,9.31532679834806e-06,-4.93457389926026e-07,-1.50981165863518e-07,-1.50981165863518e-07
5.562,9.28709650959413e-06,-4.91966334726379e-07,-1.50495938871436e-07,-1.50495938871436e-07
5.563,9.25895152329875e-06,-4.90479770154459e-07,-1.50012271897731e-07,-1.50012271897731e-07
5.564,9.23089158255405e-06,-4.88997682736175e-07,-1.49530159925037e-07,-1.49530159925037e-07
5.565,9.20291643122311e-06,-4.87520059037696e-07,-1.49049597952126e-07,-1.49049597952126e-07
5.566,9.17502581393748e-06,-4.86046885665325e-07,-1.48570580993863e-07,-1.48570580993863e-07
5.567,9.14721947609501e-06,-4.84578149265384e-07,-1.4809310408115e-07,-1.4809310408115e-07
5.568,9.11949716385754e-06,-4.83113836524098e-07,-1.47617162260882e-07,-1.47617162260882e-07
5.569,9.09185862414851e-06,-4.81653934167464e-07,-1.47142750595881e-07,-1.47142750595881e-07
5.57,9.06430360465084e-06,-4.80198428961149e-07,-1.46669864164863e-07,-1.46669864164863e-07
5.571,9.0368318538046e-06,-4.78747307710362e-07,-1.46198498062372e-07,-1.46198498062372e-07
5.572,9.00944312080465e-06,-4.77300557259734e-07,-1.45728647398738e-07,-1.45728647398738e-07
5.573,8.98213715559856e-06,-4.75858164493213e-07,-1.45260307300022e-07,-1.45260307300022e-07
5.574,8.9549137088842e-06,-4.74420116333932e-07,-1.44793472907965e-07,-1.44793472907965e-07
5.575,8.92777253210763e-06,-4.72986399744106e-07,-1.44328139379939e-07,-1.44328139379939e-07
5.576,8.90071337746078e-06,-4.71557001724906e-07,-1.43864301888899e-07,-1.43864301888899e-07
5.577,8.87373599787921e-06,-4.70131909316348e-07,-1.43401955623327e-07,-1.43401955623327e-07
5.578,8.84684014703997e-06,-4.68711109597177e-07,-1.42941095787188e-07,-1.42941095787188e-07
5.579,8.82002557935935e-06,-4.67294589684751e-07,-1.42481717599877e-07,-1.42481717599877e-07
5.58,8.79329204999057e-06,-4.65882336734924e-07,-1.42023816296169e-07,-1.42023816296169e-07
5.581,8.76663931482178e-06,-4.64474337941939e-07,-1.41567387126171e-07,-1.41567387126171e-07
5.582,8.74006713047363e-06,-4.63070580538302e-07,-1.41112425355272e-07,-1.41112425355272e-07
5.583,8.71357525429731e-06,-4.6167105179468e-07,-1.40658926264094e-07,-1.40658926264094e-07
5.584,8.68716344437221e-06,-4.60275739019782e-07,-1.40206885148443e-07,-1.40206885148443e-07
5.585,8.66083145950375e-06,-4.58884629560243e-07,-1.39756297319259e-07,-1.39756297319259e-07
5.586,8.63457905922131e-06,-4.57497710800518e-07,-1.39307158102569e-07,-1.39307158102569e-07
5.587,8.60840600377601e-06,-4.56114970162765e-07,-1.38859462839439e-07,-1.38859462839439e-07
5.588,8.58231205413848e-06,-4.54736395106733e-07,-1.38413206885921e-07,-1.38413206885921e-07
5.589,8.55629697199688e-06,-4.53361973129652e-07,-1.37968385613012e-07,-1.37968385613012e-07
5.59,8.53036051975453e-06,-4.51991691766119e-07,-1.37524994406599e-07,-1.37524994406599e-07
5.591,8.50450246052801e-06,-4.5062553858799e-07,-1.37083028667416e-07,-1.37083028667416e-07
5.592,8.47872255814489e-06,-4.4926350120427e-07,-1.36642483810992e-07,-1.36642483810992e-07
5.593,8.45302057714157e-06,-4.47905567260993e-07,-1.36203355267609e-07,-1.36203355267609e-07
5.594,8.42739628276128e-06,-4.46551724441126e-07,-1.35765638482247e-07,-1.35765638482247e-07
5.595,8.40184944095192e-06,-4.45201960464451e-07,-1.35329328914545e-07,-1.35329328914545e-07
5.596,8.37637981836386e-06,-4.43856263087451e-07,-1.34894422038746e-07,-1.34894422038746e-07
5.597,8.35098718234804e-06,-4.42514620103214e-07,-1.34460913343656e-07,-1.34460913343656e-07
5.598,8.32567130095365e-06,-4.41177019341311e-07,-1.34028798332595e-07,-1.34028798332595e-07
5.599,8.30043194292621e-06,-4.39843448667696e-07,-1.33598072523349e-07,-1.33598072523349e-07
5.6,8.27526887770545e-06,-4.38513895984595e-07,-1.33168731448125e-07,-1.33168731448125e-07
5.601,8.25018187542314e-06,-4.37188349230394e-07,-1.32740770653503e-07,-1.32740770653503e-07
5.602,8.22517070690115e-06,-4.3586679637954e-07,-1.32314185700394e-07,-1.32314185700394e-07
5.603,8.20023514364936e-06,-4.34549225442427e-07,-1.31888972163986e-07,-1.31888972163986e-07
5.604,8.17537495786349e-06,-4.33235624465291e-07,-1.31465125633707e-07,-1.31465125633707e-07
5.605,8.15058992242322e-06,-4.31925981530104e-07,-1.31042641713173e-07,-1.31042641713173e-07
5.606,8.12587981089e-06,-4.30620284754465e-07,-1.30621516020145e-07,-1.30621516020145e-07
5.607,8.1012443975051e-06,-4.29318522291499e-07,-1.30201744186481e-07,-1.30201744186481e-07
5.608,8.07668345718759e-06,-4.28020682329749e-07,-1.29783321858096e-07,-1.29783321858096e-07
5.609,8.05219676553219e-06,-4.26726753093066e-07,-1.2936624469491e-07,-1.2936624469491e-07
5.61,8.0277840988074e-06,-4.25436722840511e-07,-1.28950508370806e-07,-1.28950508370806e-07
5.611,8.00344523395341e-06,-4.24150579866248e-07,-1.28536108573588e-07,-1.28536108573588e-07
5.612,7.97917994858007e-06,-4.22868312499436e-07,-1.2812304100493e-07,-1.2812304100493e-07
5.613,7.95498802096496e-06,-4.2158990910413e-07,-1.27711301380338e-07,-1.27711301380338e-07
5.614,7.93086923005131e-06,-4.20315358079172e-07,-1.27300885429099e-07,-1.27300885429099e-07
5.615,7.9068233554461e-06,-4.19044647858094e-07,-1.26891788894241e-07,-1.26891788894241e-07
5.616,7.88285017741802e-06,-4.17777766909011e-07,-1.2648400753249e-07,-1.2648400753249e-07
5.617,7.85894947689545e-06,-4.16514703734513e-07,-1.2607753711422e-07,-1.2607753711422e-07
5.618,7.83512103546459e-06,-4.15255446871574e-07,-1.25672373423414e-07,-1.25672373423414e-07
5.619,7.81136463536745e-06,-4.1399998489144e-07,-1.2526851225762e-07,-1.2526851225762e-07
5.62,7.78768005949981e-06,-4.12748306399529e-07,-1.24865949427902e-07,-1.24865949427902e-07
5.621,7.76406709140943e-06,-4.11500400035335e-07,-1.24464680758808e-07,-1.24464680758808e-07
5.622,7.7405255152939e-06,-4.10256254472317e-07,-1.24064702088311e-07,-1.24064702088311e-07
5.623,7.71705511599889e-06,-4.09015858417807e-07,-1.2366600926778e-07,-1.2366600926778e-07
5.624,7.69365567901611e-06,-4.07779200612906e-07,-1.23268598161929e-07,-1.23268598161929e-07
5.625,7.67032699048134e-06,-4.06546269832378e-07,-1.22872464648774e-07,-1.22872464648774e-07
5.626,7.6470688371726e-06,-4.05317054884559e-07,-1.22477604619596e-07,-1.22477604619596e-07
5.627,7.6238810065082e-06,-4.04091544611251e-07,-1.22084013978892e-07,-1.22084013978892e-07
5.628,7.60076328654474e-06,-4.02869727887624e-07,-1.21691688644334e-07,-1.21691688644334e-07
5.629,7.57771546597538e-06,-4.01651593622119e-07,-1.21300624546731e-07,-1.21300624546731e-07
5.63,7.55473733412771e-06,-4.00437130756342e-07,-1.2091081762998e-07,-1.2091081762998e-07
5.631,7.53182868096206e-06,-3.99226328264975e-07,-1.20522263851028e-07,-1.20522263851028e-07
5.632,7.50898929706952e-06,-3.98019175155672e-07,-1.20134959179831e-07,-1.20134959179831e-07
5.633,7.48621897366996e-06,-3.96815660468957e-07,-1.19748899599307e-07,-1.19748899599307e-07
5.634,7.46351750261033e-06,-3.95615773278135e-07,-1.19364081105301e-07,-1.19364081105301e-07
5.635,7.44088467636271e-06,-3.94419502689191e-07,-1.18980499706537e-07,-1.18980499706537e-07
5.636,7.41832028802232e-06,-3.93226837840687e-07,-1.18598151424581e-07,-1.18598151424581e-07
5.637,7.3958241313059e-06,-3.92037767903675e-07,-1.18217032293799e-07,-1.18217032293799e-07
5.638,7.37339600054959e-06,-3.90852282081591e-07,-1.17837138361314e-07,-1.17837138361314e-07
5.639,7.35103569070729e-06,-3.89670369610164e-07,-1.17458465686963e-07,-1.17458465686963e-07
5.64,7.3287429973487e-06,-3.88492019757322e-07,-1.17081010343267e-07,-1.17081010343267e-07
5.641,7.30651771665746e-06,-3.87317221823086e-07,-1.16704768415371e-07,-1.16704768415371e-07
5.642,7.28435964542942e-06,-3.86145965139487e-07,-1.16329736001025e-07,-1.16329736001025e-07
5.643,7.26226858107074e-06,-3.84978239070463e-07,-1.15955909210527e-07,-1.15955909210527e-07
5.644,7.24024432159599e-06,-3.83814033011765e-07,-1.15583284166691e-07,-1.15583284166691e-07
5.645,7.21828666562651e-06,-3.82653336390866e-07,-1.15211857004802e-07,-1.15211857004802e-07
5.646,7.19639541238842e-06,-3.81496138666859e-07,-1.14841623872582e-07,-1.14841623872582e-07
5.647,7.17457036171094e-06,-3.80342429330371e-07,-1.14472580930142e-07,-1.14472580930142e-07
5.648,7.15281131402452e-06,-3.79192197903468e-07,-1.1410472434995e-07,-1.1410472434995e-07
5.649,7.131118070359e-06,-3.78045433939553e-07,-1.13738050316783e-07,-1.13738050316783e-07
5.65,7.10949043234195e-06,-3.76902127023285e-07,-1.13372555027697e-07,-1.13372555027697e-07
5.651,7.08792820219674e-06,-3.75762266770474e-07,-1.13008234691979e-07,-1.13008234691979e-07
5.652,7.06643118274085e-06,-3.74625842827999e-07,-1.12645085531113e-07,-1.12645085531113e-07
5.653,7.04499917738407e-06,-3.7349284487371e-07,-1.12283103778737e-07,-1.12283103778737e-07
5.654,7.02363199012668e-06,-3.72363262616333e-07,-1.11922285680607e-07,-1.11922285680607e-07
5.655,7.00232942555777e-06,-3.71237085795384e-07,-1.11562627494555e-07,-1.11562627494555e-07
5.656,6.98109128885343e-06,-3.70114304181074e-07,-1.11204125490455e-07,-1.11204125490455e-07
5.657,6.95991738577493e-06,-3.68994907574219e-07,-1.10846775950177e-07,-1.10846775950177e-07
5.658,6.93880752266715e-06,-3.67878885806147e-07,-1.10490575167557e-07,-1.10490575167557e-07
5.659,6.91776150645659e-06,-3.66766228738609e-07,-1.10135519448348e-07,-1.10135519448348e-07
5.66,6.89677914464986e-06,-3.65656926263688e-07,-1.09781605110193e-07,-1.09781605110193e-07
5.661,6.87586024533183e-06,-3.64550968303709e-07,-1.09428828482581e-07,-1.09428828482581e-07
5.662,6.85500461716384e-06,-3.63448344811146e-07,-1.09077185906805e-07,-1.09077185906805e-07
5.663,6.83421206938214e-06,-3.62349045768536e-07,-1.08726673735931e-07,-1.08726673735931e-07
5.664,6.81348241179605e-06,-3.61253061188391e-07,-1.08377288334756e-07,-1.08377288334756e-07
5.665,6.79281545478623e-06,-3.60160381113099e-07,-1.08029026079776e-07,-1.08029026079776e-07
5.666,6.77221100930309e-06,-3.5907099561485e-07,-1.07681883359138e-07,-1.07681883359138e-07
5.667,6.75166888686494e-06,-3.57984894795531e-07,-1.07335856572611e-07,-1.07335856572611e-07
5.668,6.7311888995564e-06,-3.56902068786651e-07,-1.06990942131546e-07,-1.06990942131546e-07
5.669,6.71077086002669e-06,-3.55822507749247e-07,-1.06647136458839e-07,-1.06647136458839e-07
5.67,6.69041458148784e-06,-3.54746201873794e-07,-1.06304435988894e-07,-1.06304435988894e-07
5.671,6.67011987771315e-06,-3.53673141380122e-07,-1.05962837167584e-07,-1.05962837167584e-07
5.672,6.64988656303545e-06,-3.52603316517325e-07,-1.05622336452217e-07,-1.05622336452217e-07
5.673,6.62971445234535e-06,-3.51536717563676e-07,-1.05282930311497e-07,-1.05282930311497e-07
5.674,6.60960336108971e-06,-3.50473334826539e-07,-1.04944615225488e-07,-1.04944615225488e-07
5.675,6.58955310526986e-06,-3.49413158642282e-07,-1.04607387685579e-07,-1.04607387685579e-07
5.676,6.56956350144002e-06,-3.48356179376193e-07,-1.04271244194443e-07,-1.04271244194443e-07
5.677,6.5496343667056e-06,-3.47302387422391e-07,-1.0393618126601e-07,-1.0393618126601e-07
5.678,6.52976551872154e-06,-3.4625177320374e-07,-1.03602195425419e-07,-1.03602195425419e-07
5.679,6.50995677569072e-06,-3.45204327171767e-07,-1.03269283208988e-07,-1.03269283208988e-07
5.68,6.4902079563623e-06,-3.44160039806574e-07,-1.0293744116418e-07,-1.0293744116418e-07
5.681,6.47051888003e-06,-3.4311890161675e-07,-1.02606665849563e-07,-1.02606665849563e-07
5.682,6.45088936653063e-06,-3.42080903139294e-07,-1.02276953834778e-07,-1.02276953834778e-07
5.683,6.43131923624232e-06,-3.41046034939522e-07,-1.01948301700498e-07,-1.01948301700498e-07
5.684,6.41180831008299e-06,-3.40014287610987e-07,-1.016207060384e-07,-1.016207060384e-07
5.685,6.3923564095087e-06,-3.38985651775396e-07,-1.01294163451121e-07,-1.01294163451121e-07
5.686,6.37296335651202e-06,-3.37960118082521e-07,-1.0096867055223e-07,-1.0096867055223e-07
5.687,6.35362897362046e-06,-3.36937677210122e-07,-1.0064422396619e-07,-1.0064422396619e-07
5.688,6.33435308389488e-06,-3.3591831986386e-07,-1.00320820328322e-07,-1.00320820328322e-07
5.689,6.31513551092781e-06,-3.34902036777211e-07,-9.99984562847702e-08,-9.99984562847702e-08
5.69,6.29597607884199e-06,-3.33888818711391e-07,-9.96771284924689e-08,-9.96771284924689e-08
5.691,6.27687461228864e-06,-3.32878656455263e-07,-9.93568336191081e-08,-9.93568336191081e-08
5.692,6.25783093644599e-06,-3.31871540825265e-07,-9.90375683430963e-08,-9.90375683430963e-08
5.693,6.23884487701768e-06,-3.30867462665322e-07,-9.87193293535271e-08,-9.87193293535271e-08
5.694,6.21991626023111e-06,-3.29866412846764e-07,-9.84021133501441e-08,-9.84021133501441e-08
5.695,6.20104491283598e-06,-3.28868382268247e-07,-9.80859170433101e-08,-9.80859170433101e-08
5.696,6.18223066210268e-06,-3.27873361855671e-07,-9.77707371539692e-08,-9.77707371539692e-08
5.697,6.16347333582068e-06,-3.26881342562094e-07,-9.74565704136118e-08,-9.74565704136118e-08
5.698,6.14477276229708e-06,-3.2589231536766e-07,-9.71434135642465e-08,-9.71434135642465e-08
5.699,6.12612877035495e-06,-3.24906271279509e-07,-9.68312633583602e-08,-9.68312633583602e-08
5.7,6.1075411893319e-06,-3.23923201331705e-07,-9.65201165588875e-08,-9.65201165588875e-08
5.701,6.08900984907846e-06,-3.2294309658515e-07,-9.62099699391758e-08,-9.62099699391758e-08
5.702,6.07053457995654e-06,-3.21965948127504e-07,-9.59008202829533e-08,-9.59008202829533e-08
5.703,6.05211521283796e-06,-3.2099174707311e-07,-9.55926643842917e-08,-9.55926643842917e-08
5.704,6.03375157910288e-06,-3.2002048456291e-07,-9.5285499047581e-08,-9.5285499047581e-08
5.705,6.01544351063825e-06,-3.19052151764367e-07,-9.49793210874868e-08,-9.49793210874868e-08
5.706,5.99719083983639e-06,-3.18086739871387e-07,-9.46741273289215e-08,-9.46741273289215e-08
5.707,5.97899339959336e-06,-3.17124240104238e-07,-9.43699146070141e-08,-9.43699146070141e-08
5.708,5.96085102330755e-06,-3.16164643709475e-07,-9.40666797670726e-08,-9.40666797670726e-08
5.709,5.94276354487812e-06,-3.15207941959859e-07,-9.37644196645537e-08,-9.37644196645537e-08
5.71,5.9247307987035e-06,-3.14254126154277e-07,-9.34631311650302e-08,-9.34631311650302e-08
5.711,5.90675261967993e-06,-3.1330318761767e-07,-9.31628111441562e-08,-9.31628111441562e-08
5.712,5.88882884319995e-06,-3.1235511770095e-07,-9.28634564876386e-08,-9.28634564876386e-08
5.713,5.87095930515089e-06,-3.11409907780923e-07,-9.2565064091201e-08,-9.2565064091201e-08
5.714,5.85314384191346e-06,-3.10467549260219e-07,-9.22676308605529e-08,-9.22676308605529e-08
5.715,5.83538229036016e-06,-3.09528033567202e-07,-9.1971153711359e-08,-9.1971153711359e-08
5.716,5.81767448785391e-06,-3.08591352155905e-07,-9.16756295692039e-08,-9.16756295692039e-08
5.717,5.80002027224658e-06,-3.0765749650595e-07,-9.13810553695648e-08,-9.13810553695648e-08
5.718,5.78241948187742e-06,-3.06726458122468e-07,-9.10874280577736e-08,-9.10874280577736e-08
5.719,5.7648719555717e-06,-3.05798228536027e-07,-9.07947445889912e-08,-9.07947445889912e-08
5.72,5.74737753263926e-06,-3.04872799302556e-07,-9.05030019281724e-08,-9.05030019281724e-08
5.721,5.72993605287297e-06,-3.03950162003267e-07,-9.02121970500335e-08,-9.02121970500335e-08
5.722,5.71254735654737e-06,-3.03030308244584e-07,-8.9922326939025e-08,-8.9922326939025e-08
5.723,5.69521128441719e-06,-3.02113229658059e-07,-8.96333885892977e-08,-8.96333885892977e-08
5.724,5.67792767771591e-06,-3.01198917900309e-07,-8.93453790046704e-08,-8.93453790046704e-08
5.725,5.66069637815436e-06,-3.00287364652933e-07,-8.90582951986001e-08,-8.90582951986001e-08
5.726,5.64351722791923e-06,-2.9937856162244e-07,-8.87721341941516e-08,-8.87721341941516e-08
5.727,5.6263900696717e-06,-2.98472500540174e-07,-8.84868930239652e-08,-8.84868930239652e-08
5.728,5.60931474654601e-06,-2.97569173162242e-07,-8.82025687302276e-08,-8.82025687302276e-08
5.729,5.59229110214801e-06,-2.96668571269438e-07,-8.79191583646387e-08,-8.79191583646387e-08
5.73,5.57531898055379e-06,-2.95770686667169e-07,-8.76366589883841e-08,-8.76366589883841e-08
5.731,5.55839822630822e-06,-2.94875511185385e-07,-8.73550676721018e-08,-8.73550676721018e-08
5.732,5.54152868442361e-06,-2.93983036678501e-07,-8.70743814958532e-08,-8.70743814958532e-08
5.733,5.5247102003783e-06,-2.93093255025331e-07,-8.67945975490924e-08,-8.67945975490924e-08
5.734,5.50794262011516e-06,-2.92206158129005e-07,-8.65157129306359e-08,-8.65157129306359e-08
5.735,5.49122579004036e-06,-2.91321737916908e-07,-8.62377247486331e-08,-8.62377247486331e-08
5.736,5.47455955702189e-06,-2.90439986340599e-07,-8.59606301205358e-08,-8.59606301205358e-08
5.737,5.45794376838815e-06,-2.89560895375742e-07,-8.56844261730674e-08,-8.56844261730674e-08
5.738,5.44137827192666e-06,-2.88684457022036e-07,-8.5409110042195e-08,-8.5409110042195e-08
5.739,5.4248629158826e-06,-2.8781066330314e-07,-8.51346788730981e-08,-8.51346788730981e-08
5.74,5.40839754895749e-06,-2.86939506266603e-07,-8.48611298201388e-08,-8.48611298201388e-08
5.741,5.39198202030784e-06,-2.86070977983796e-07,-8.4588460046834e-08,-8.4588460046834e-08
5.742,5.37561617954369e-06,-2.85205070549832e-07,-8.43166667258241e-08,-8.43166667258241e-08
5.743,5.35929987672738e-06,-2.84341776083507e-07,-8.40457470388449e-08,-8.40457470388449e-08
5.744,5.34303296237211e-06,-2.8348108672722e-07,-8.37756981766975e-08,-8.37756981766975e-08
5.745,5.32681528744058e-06,-2.82622994646907e-07,-8.35065173392189e-08,-8.35065173392189e-08
5.746,5.31064670334376e-06,-2.81767492031969e-07,-8.32382017352545e-08,-8.32382017352545e-08
5.747,5.29452706193936e-06,-2.80914571095205e-07,-8.29707485826275e-08,-8.29707485826275e-08
5.748,5.27845621553066e-06,-2.80064224072737e-07,-8.27041551081096e-08,-8.27041551081096e-08
5.749,5.26243401686513e-06,-2.79216443223948e-07,-8.24384185473953e-08,-8.24384185473953e-08
5.75,5.246460319133e-06,-2.78371220831403e-07,-8.21735361450696e-08,-8.21735361450696e-08
5.751,5.23053497596609e-06,-2.77528549200789e-07,-8.19095051545813e-08,-8.19095051545813e-08
5.752,5.21465784143639e-06,-2.76688420660842e-07,-8.16463228382137e-08,-8.16463228382137e-08
5.753,5.19882877005473e-06,-2.75850827563274e-07,-8.13839864670562e-08,-8.13839864670562e-08
5.754,5.18304761676954e-06,-2.75015762282716e-07,-8.1122493320978e-08,-8.1122493320978e-08
5.755,5.16731423696546e-06,-2.74183217216635e-07,-8.08618406885954e-08,-8.08618406885954e-08
5.756,5.1516284864621e-06,-2.73353184785279e-07,-8.0602025867249e-08,-8.0602025867249e-08
5.757,5.13599022151271e-06,-2.72525657431603e-07,-8.03430461629712e-08,-8.03430461629712e-08
5.758,5.12039929880285e-06,-2.71700627621197e-07,-8.00848988904613e-08,-8.00848988904613e-08
5.759,5.10485557544913e-06,-2.70878087842228e-07,-7.98275813730545e-08,-7.98275813730545e-08
5.76,5.08935890899795e-06,-2.70058030605368e-07,-7.95710909426985e-08,-7.95710909426985e-08
5.761,5.0739091574241e-06,-2.69240448443723e-07,-7.9315424939921e-08,-7.9315424939921e-08
5.762,5.05850617912963e-06,-2.68425333912775e-07,-7.90605807138063e-08,-7.90605807138063e-08
5.763,5.04314983294242e-06,-2.67612679590304e-07,-7.88065556219627e-08,-7.88065556219627e-08
5.764,5.02783997811503e-06,-2.66802478076333e-07,-7.85533470305015e-08,-7.85533470305015e-08
5.765,5.01257647432335e-06,-2.65994721993055e-07,-7.83009523140051e-08,-7.83009523140051e-08
5.766,4.99735918166534e-06,-2.65189403984765e-07,-7.80493688555002e-08,-7.80493688555002e-08
5.767,4.98218796065979e-06,-2.64386516717802e-07,-7.77985940464319e-08,-7.77985940464319e-08
5.768,4.96706267224508e-06,-2.63586052880475e-07,-7.75486252866368e-08,-7.75486252866368e-08
5.769,4.95198317777782e-06,-2.62788005183003e-07,-7.72994599843134e-08,-7.72994599843134e-08
5.77,4.93694933903175e-06,-2.61992366357447e-07,-7.70510955559996e-08,-7.70510955559996e-08
5.771,4.92196101819632e-06,-2.61199129157644e-07,-7.68035294265413e-08,-7.68035294265413e-08
5.772,4.90701807787561e-06,-2.60408286359145e-07,-7.6556759029068e-08,-7.6556759029068e-08
5.773,4.89212038108699e-06,-2.59619830759149e-07,-7.63107818049672e-08,-7.63107818049672e-08
5.774,4.87726779125986e-06,-2.58833755176437e-07,-7.6065595203854e-08,-7.6065595203854e-08
5.775,4.8624601722345e-06,-2.5805005245131e-07,-7.58211966835503e-08,-7.58211966835503e-08
5.776,4.84769738826079e-06,-2.57268715445524e-07,-7.55775837100528e-08,-7.55775837100528e-08
5.777,4.83297930399697e-06,-2.56489737042221e-07,-7.53347537575097e-08,-7.53347537575097e-08
5.778,4.81830578450847e-06,-2.55713110145877e-07,-7.50927043081939e-08,-7.50927043081939e-08
5.779,4.80367669526659e-06,-2.54938827682224e-07,-7.4851432852477e-08,-7.4851432852477e-08
5.78,4.78909190214741e-06,-2.54166882598199e-07,-7.46109368888029e-08,-7.46109368888029e-08
5.781,4.7745512714305e-06,-2.53397267861873e-07,-7.43712139236616e-08,-7.43712139236616e-08
5.782,4.76005466979771e-06,-2.52629976462391e-07,-7.41322614715643e-08,-7.41322614715643e-08
5.783,4.74560196433199e-06,-2.51865001409908e-07,-7.38940770550176e-08,-7.38940770550176e-08
5.784,4.73119302251617e-06,-2.51102335735526e-07,-7.36566582044944e-08,-7.36566582044944e-08
5.785,4.71682771223178e-06,-2.50341972491235e-07,-7.34200024584146e-08,-7.34200024584146e-08
5.786,4.70250590175787e-06,-2.49583904749846e-07,-7.31841073631138e-08,-7.31841073631138e-08
5.787,4.68822745976971e-06,-2.48828125604931e-07,-7.29489704728195e-08,-7.29489704728195e-08
5.788,4.67399225533779e-06,-2.48074628170761e-07,-7.27145893496284e-08,-7.27145893496284e-08
5.789,4.65980015792647e-06,-2.47323405582245e-07,-7.24809615634768e-08,-7.24809615634768e-08
5.79,4.64565103739285e-06,-2.46574450994866e-07,-7.22480846921185e-08,-7.22480846921185e-08
5.791,4.63154476398567e-06,-2.45827757584623e-07,-7.20159563210981e-08,-7.20159563210981e-08
5.792,4.61748120834399e-06,-2.45083318547966e-07,-7.17845740437256e-08,-7.17845740437256e-08
5.793,4.60346024149615e-06,-2.44341127101739e-07,-7.15539354610548e-08,-7.15539354610548e-08
5.794,4.58948173485856e-06,-2.43601176483116e-07,-7.13240381818538e-08,-7.13240381818538e-08
5.795,4.57554556023448e-06,-2.42863459949541e-07,-7.10948798225821e-08,-7.10948798225821e-08
5.796,4.56165158981297e-06,-2.42127970778668e-07,-7.08664580073666e-08,-7.08664580073666e-08
5.797,4.54779969616765e-06,-2.41394702268303e-07,-7.06387703679759e-08,-7.06387703679759e-08
5.798,4.53398975225554e-06,-2.40663647736337e-07,-7.04118145437963e-08,-7.04118145437963e-08
5.799,4.520221631416e-06,-2.39934800520696e-07,-7.01855881818076e-08,-7.01855881818076e-08
5.8,4.50649520736949e-06,-2.3920815397927e-07,-6.99600889365569e-08,-6.99600889365569e-08
5.801,4.49281035421646e-06,-2.38483701489863e-07,-6.97353144701358e-08,-6.97353144701358e-08
5.802,4.47916694643625e-06,-2.3776143645013e-07,-6.95112624521573e-08,-6.95112624521573e-08
5.803,4.46556485888587e-06,-2.37041352277515e-07,-6.92879305597276e-08,-6.92879305597276e-08
5.804,4.45200396679895e-06,-2.36323442409196e-07,-6.90653164774262e-08,-6.90653164774262e-08
5.805,4.4384841457846e-06,-2.35607700302025e-07,-6.88434178972799e-08,-6.88434178972799e-08
5.806,4.4250052718262e-06,-2.34894119432466e-07,-6.86222325187387e-08,-6.86222325187387e-08
5.807,4.4115672212804e-06,-2.34182693296544e-07,-6.8401758048653e-08,-6.8401758048653e-08
5.808,4.39816987087589e-06,-2.33473415409778e-07,-6.81819922012478e-08,-6.81819922012478e-08
5.809,4.38481309771238e-06,-2.32766279307127e-07,-6.79629326981015e-08,-6.79629326981015e-08
5.81,4.37149677925943e-06,-2.32061278542935e-07,-6.77445772681211e-08,-6.77445772681211e-08
5.811,4.35822079335534e-06,-2.31358406690865e-07,-6.75269236475168e-08,-6.75269236475168e-08
5.812,4.34498501820607e-06,-2.30657657343851e-07,-6.73099695797814e-08,-6.73099695797814e-08
5.813,4.33178933238415e-06,-2.29959024114032e-07,-6.70937128156669e-08,-6.70937128156669e-08
5.814,4.3186336148275e-06,-2.292625006327e-07,-6.68781511131577e-08,-6.68781511131577e-08
5.815,4.30551774483847e-06,-2.28568080550241e-07,-6.66632822374506e-08,-6.66632822374506e-08
5.816,4.2924416020826e-06,-2.27875757536078e-07,-6.64491039609305e-08,-6.64491039609305e-08
5.817,4.27940506658764e-06,-2.27185525278614e-07,-6.62356140631466e-08,-6.62356140631466e-08
5.818,4.26640801874244e-06,-2.26497377485177e-07,-6.60228103307924e-08,-6.60228103307924e-08
5.819,4.25345033929579e-06,-2.2581130788196e-07,-6.58106905576771e-08,-6.58106905576771e-08
5.82,4.24053190935547e-06,-2.25127310213968e-07,-6.55992525447084e-08,-6.55992525447084e-08
5.821,4.22765261038709e-06,-2.24445378244962e-07,-6.53884940998661e-08,-6.53884940998661e-08
5.822,4.21481232421299e-06,-2.23765505757399e-07,-6.51784130381806e-08,-6.51784130381806e-08
5.823,4.20201093301128e-06,-2.23087686552383e-07,-6.49690071817107e-08,-6.49690071817107e-08
5.824,4.18924831931466e-06,-2.22411914449599e-07,-6.47602743595196e-08,-6.47602743595196e-08
5.825,4.17652436600943e-06,-2.2173818328727e-07,-6.45522124076539e-08,-6.45522124076539e-08
5.826,4.16383895633441e-06,-2.21066486922092e-07,-6.43448191691199e-08,-6.43448191691199e-08
5.827,4.15119197387983e-06,-2.20396819229183e-07,-6.41380924938613e-08,-6.41380924938613e-08
5.828,4.13858330258638e-06,-2.19729174102027e-07,-6.39320302387382e-08,-6.39320302387382e-08
5.829,4.12601282674408e-06,-2.19063545452421e-07,-6.37266302675035e-08,-6.37266302675035e-08
5.83,4.11348043099125e-06,-2.18399927210416e-07,-6.35218904507809e-08,-6.35218904507809e-08
5.831,4.10098600031349e-06,-2.17738313324268e-07,-6.33178086660433e-08,-6.33178086660433e-08
5.832,4.08852942004257e-06,-2.17078697760379e-07,-6.31143827975899e-08,-6.31143827975899e-08
5.833,4.07611057585551e-06,-2.16421074503245e-07,-6.29116107365257e-08,-6.29116107365257e-08
5.834,4.06372935377344e-06,-2.15765437555403e-07,-6.27094903807385e-08,-6.27094903807385e-08
5.835,4.05138564016058e-06,-2.15111780937373e-07,-6.25080196348766e-08,-6.25080196348766e-08
5.836,4.03907932172328e-06,-2.14460098687612e-07,-6.23071964103285e-08,-6.23071964103285e-08
5.837,4.02681028550895e-06,-2.1381038486245e-07,-6.21070186252002e-08,-6.21070186252002e-08
5.838,4.01457841890497e-06,-2.13162633536046e-07,-6.19074842042936e-08,-6.19074842042936e-08
5.839,4.00238360963782e-06,-2.1251683880033e-07,-6.17085910790861e-08,-6.17085910790861e-08
5.84,3.99022574577192e-06,-2.1187299476495e-07,-6.15103371877066e-08,-6.15103371877066e-08
5.841,3.9781047157087e-06,-2.1123109555722e-07,-6.13127204749173e-08,-6.13127204749173e-08
5.842,3.96602040818558e-06,-2.10591135322069e-07,-6.11157388920901e-08,-6.11157388920901e-08
5.843,3.95397271227492e-06,-2.09953108221985e-07,-6.0919390397186e-08,-6.0919390397186e-08
5.844,3.94196151738304e-06,-2.09317008436965e-07,-6.07236729547336e-08,-6.07236729547336e-08
5.845,3.92998671324927e-06,-2.08682830164461e-07,-6.05285845358091e-08,-6.05285845358091e-08
5.846,3.91804818994483e-06,-2.0805056761933e-07,-6.03341231180132e-08,-6.03341231180132e-08
5.847,3.90614583787197e-06,-2.0742021503378e-07,-6.01402866854532e-08,-6.01402866854532e-08
5.848,3.89427954776287e-06,-2.06791766657318e-07,-5.99470732287184e-08,-5.99470732287184e-08
5.849,3.88244921067873e-06,-2.06165216756702e-07,-5.97544807448616e-08,-5.97544807448616e-08
5.85,3.87065471800873e-06,-2.05540559615885e-07,-5.95625072373779e-08,-5.95625072373779e-08
5.851,3.85889596146905e-06,-2.04917789535965e-07,-5.93711507161837e-08,-5.93711507161837e-08
5.852,3.84717283310192e-06,-2.04296900835135e-07,-5.9180409197596e-08,-5.9180409197596e-08
5.853,3.83548522527465e-06,-2.03677887848632e-07,-5.89902807043122e-08,-5.89902807043122e-08
5.854,3.82383303067857e-06,-2.03060744928683e-07,-5.88007632653889e-08,-5.88007632653889e-08
5.855,3.81221614232818e-06,-2.0244546644446e-07,-5.86118549162224e-08,-5.86118549162224e-08
5.856,3.80063445356006e-06,-2.01832046782021e-07,-5.84235536985279e-08,-5.84235536985279e-08
5.857,3.78908785803201e-06,-2.0122048034427e-07,-5.82358576603177e-08,-5.82358576603177e-08
5.858,3.77757624972203e-06,-2.00610761550897e-07,-5.8048764855884e-08,-5.8048764855884e-08
5.859,3.76609952292734e-06,-2.00002884838333e-07,-5.78622733457755e-08,-5.78622733457755e-08
5.86,3.75465757226347e-06,-1.99396844659701e-07,-5.767638119678e-08,-5.767638119678e-08
5.861,3.74325029266331e-06,-1.98792635484762e-07,-5.74910864819022e-08,-5.74910864819022e-08
5.862,3.73187757937608e-06,-1.98190251799868e-07,-5.73063872803445e-08,-5.73063872803445e-08
5.863,3.72053932796649e-06,-1.97589688107913e-07,-5.7122281677488e-08,-5.7122281677488e-08
5.864,3.70923543431369e-06,-1.9699093892828e-07,-5.69387677648703e-08,-5.69387677648703e-08
5.865,3.69796579461041e-06,-1.96393998796796e-07,-5.67558436401685e-08,-5.67558436401685e-08
5.866,3.68673030536198e-06,-1.95798862265682e-07,-5.65735074071778e-08,-5.65735074071778e-08
5.867,3.67552886338536e-06,-1.95205523903501e-07,-5.6391757175791e-08,-5.6391757175791e-08
5.868,3.66436136580829e-06,-1.94613978295113e-07,-5.62105910619814e-08,-5.62105910619814e-08
5.869,3.65322771006829e-06,-1.94024220041624e-07,-5.60300071877809e-08,-5.60300071877809e-08
5.87,3.64212779391174e-06,-1.93436243760337e-07,-5.58500036812614e-08,-5.58500036812614e-08
5.871,3.63106151539298e-06,-1.92850044084707e-07,-5.56705786765167e-08,-5.56705786765167e-08
5.872,3.62002877287335e-06,-1.92265615664288e-07,-5.54917303136396e-08,-5.54917303136396e-08
5.873,3.60902946502029e-06,-1.91682953164689e-07,-5.53134567387068e-08,-5.53134567387068e-08
5.874,3.59806349080646e-06,-1.91102051267525e-07,-5.51357561037563e-08,-5.51357561037563e-08
5.875,3.58713074950871e-06,-1.90522904670367e-07,-5.49586265667704e-08,-5.49586265667704e-08
5.876,3.5762311407073e-06,-1.89945508086696e-07,-5.47820662916553e-08,-5.47820662916553e-08
5.877,3.56536456428492e-06,-1.89369856245856e-07,-5.46060734482225e-08,-5.46060734482225e-08
5.878,3.55453092042577e-06,-1.88795943893005e-07,-5.44306462121702e-08,-5.44306462121702e-08
5.879,3.54373010961471e-06,-1.88223765789072e-07,-5.42557827650636e-08,-5.42557827650636e-08
5.88,3.53296203263629e-06,-1.87653316710701e-07,-5.40814812943157e-08,-5.40814812943157e-08
5.881,3.52222659057392e-06,-1.87084591450214e-07,-5.39077399931707e-08,-5.39077399931707e-08
5.882,3.51152368480892e-06,-1.8651758481556e-07,-5.3734557060683e-08,-5.3734557060683e-08
5.883,3.50085321701965e-06,-1.85952291630264e-07,-5.35619307016977e-08,-5.35619307016977e-08
5.884,3.49021508918063e-06,-1.85388706733389e-07,-5.33898591268361e-08,-5.33898591268361e-08
5.885,3.47960920356161e-06,-1.84826824979483e-07,-5.3218340552473e-08,-5.3218340552473e-08
5.886,3.46903546272673e-06,-1.84266641238535e-07,-5.30473732007195e-08,-5.30473732007195e-08
5.887,3.45849376953362e-06,-1.83708150395929e-07,-5.28769552994053e-08,-5.28769552994053e-08
5.888,3.44798402713248e-06,-1.83151347352398e-07,-5.27070850820594e-08,-5.27070850820594e-08
5.889,3.43750613896528e-06,-1.82596227023977e-07,-5.25377607878917e-08,-5.25377607878917e-08
5.89,3.42706000876484e-06,-1.82042784341959e-07,-5.23689806617765e-08,-5.23689806617765e-08
5.891,3.41664554055392e-06,-1.81491014252847e-07,-5.22007429542312e-08,-5.22007429542312e-08
5.892,3.40626263864443e-06,-1.80940911718313e-07,-5.20330459214008e-08,-5.20330459214008e-08
5.893,3.39591120763651e-06,-1.80392471715147e-07,-5.1865887825039e-08,-5.1865887825039e-08
5.894,3.38559115241767e-06,-1.79845689235216e-07,-5.1699266932489e-08,-5.1699266932489e-08
5.895,3.37530237816193e-06,-1.79300559285417e-07,-5.15331815166673e-08,-5.15331815166673e-08
5.896,3.36504479032898e-06,-1.78757076887632e-07,-5.13676298560446e-08,-5.13676298560446e-08
5.897,3.35481829466329e-06,-1.78215237078684e-07,-5.12026102346281e-08,-5.12026102346281e-08
5.898,3.3446227971933e-06,-1.77675034910295e-07,-5.10381209419449e-08,-5.10381209419449e-08
5.899,3.3344582042305e-06,-1.77136465449034e-07,-5.08741602730221e-08,-5.08741602730221e-08
5.9,3.32432442236865e-06,-1.7659952377628e-07,-5.07107265283704e-08,-5.07107265283704e-08
5.901,3.31422135848291e-06,-1.76064204988175e-07,-5.05478180139665e-08,-5.05478180139665e-08
5.902,3.30414891972894e-06,-1.75530504195578e-07,-5.03854330412354e-08,-5.03854330412354e-08
5.903,3.29410701354216e-06,-1.74998416524027e-07,-5.02235699270327e-08,-5.02235699270327e-08
5.904,3.28409554763683e-06,-1.74467937113685e-07,-5.00622269936268e-08,-5.00622269936268e-08
5.905,3.27411443000525e-06,-1.73939061119306e-07,-4.99014025686822e-08,-4.99014025686822e-08
5.906,3.26416356891691e-06,-1.73411783710189e-07,-4.97410949852422e-08,-4.97410949852422e-08
5.907,3.25424287291766e-06,-1.7288610007013e-07,-4.95813025817105e-08,-4.95813025817105e-08
5.908,3.2443522508289e-06,-1.72362005397384e-07,-4.9422023701835e-08,-4.9422023701835e-08
5.909,3.2344916117467e-06,-1.71839494904617e-07,-4.92632566946901e-08,-4.92632566946901e-08
5.91,3.22466086504107e-06,-1.7131856381887e-07,-4.910499991466e-08,-4.910499991466e-08
5.911,3.21485992035503e-06,-1.70799207381507e-07,-4.89472517214216e-08,-4.89472517214216e-08
5.912,3.20508868760384e-06,-1.7028142084818e-07,-4.87900104799259e-08,-4.87900104799259e-08
5.913,3.19534707697423e-06,-1.69765199488781e-07,-4.86332745603841e-08,-4.86332745603841e-08
5.914,3.1856349989235e-06,-1.69250538587403e-07,-4.8477042338248e-08,-4.8477042338248e-08
5.915,3.17595236417874e-06,-1.68737433442295e-07,-4.83213121941938e-08,-4.83213121941938e-08
5.916,3.16629908373606e-06,-1.68225879365822e-07,-4.81660825141067e-08,-4.81660825141067e-08
5.917,3.15667506885971e-06,-1.67715871684419e-07,-4.80113516890613e-08,-4.80113516890613e-08
5.918,3.14708023108134e-06,-1.67207405738555e-07,-4.7857118115308e-08,-4.7857118115308e-08
5.919,3.13751448219917e-06,-1.66700476882685e-07,-4.77033801942545e-08,-4.77033801942545e-08
5.92,3.12797773427717e-06,-1.6619508048521e-07,-4.75501363324496e-08,-4.75501363324496e-08
5.921,3.1184698996443e-06,-1.6569121192844e-07,-4.73973849415669e-08,-4.73973849415669e-08
5.922,3.10899089089369e-06,-1.65188866608544e-07,-4.72451244383882e-08,-4.72451244383882e-08
5.923,3.09954062088186e-06,-1.64688039935515e-07,-4.70933532447867e-08,-4.70933532447867e-08
5.924,3.09011900272792e-06,-1.64188727333128e-07,-4.69420697877107e-08,-4.69420697877107e-08
5.925,3.08072594981277e-06,-1.63690924238893e-07,-4.6791272499168e-08,-4.6791272499168e-08
5.926,3.07136137577835e-06,-1.63194626104024e-07,-4.66409598162087e-08,-4.66409598162087e-08
5.927,3.06202519452684e-06,-1.62699828393389e-07,-4.64911301809107e-08,-4.64911301809107e-08
5.928,3.05271732021984e-06,-1.62206526585472e-07,-4.63417820403601e-08,-4.63417820403601e-08
5.929,3.04343766727766e-06,-1.61714716172335e-07,-4.61929138466383e-08,-4.61929138466383e-08
5.93,3.03418615037849e-06,-1.61224392659576e-07,-4.60445240568054e-08,-4.60445240568054e-08
5.931,3.02496268445764e-06,-1.60735551566284e-07,-4.58966111328827e-08,-4.58966111328827e-08
5.932,3.01576718470679e-06,-1.60248188425007e-07,-4.57491735418377e-08,-4.57491735418377e-08
5.933,3.00659956657318e-06,-1.59762298781702e-07,-4.56022097555687e-08,-4.56022097555687e-08
5.934,2.99745974575887e-06,-1.59277878195705e-07,-4.54557182508879e-08,-4.54557182508879e-08
5.935,2.98834763822e-06,-1.58794922239685e-07,-4.53096975095066e-08,-4.53096975095066e-08
5.936,2.97926316016593e-06,-1.58313426499603e-07,-4.51641460180183e-08,-4.51641460180183e-08
5.937,2.97020622805862e-06,-1.57833386574676e-07,-4.50190622678838e-08,-4.50190622678838e-08
5.938,2.96117675861176e-06,-1.57354798077337e-07,-4.48744447554156e-08,-4.48744447554156e-08
5.939,2.95217466879003e-06,-1.56877656633192e-07,-4.47302919817614e-08,-4.47302919817614e-08
5.94,2.94319987580842e-06,-1.56401957880985e-07,-4.45866024528902e-08,-4.45866024528902e-08
5.941,2.93425229713137e-06,-1.55927697472554e-07,-4.44433746795749e-08,-4.44433746795749e-08
5.942,2.92533185047214e-06,-1.55454871072799e-07,-4.43006071773779e-08,-4.43006071773779e-08
5.943,2.91643845379194e-06,-1.54983474359634e-07,-4.4158298466636e-08,-4.4158298466636e-08
5.944,2.90757202529929e-06,-1.54513503023954e-07,-4.40164470724431e-08,-4.40164470724431e-08
5.945,2.89873248344919e-06,-1.54044952769596e-07,-4.38750515246386e-08,-4.38750515246386e-08
5.946,2.88991974694247e-06,-1.53577819313297e-07,-4.37341103577882e-08,-4.37341103577882e-08
5.947,2.88113373472497e-06,-1.53112098384659e-07,-4.35936221111706e-08,-4.35936221111706e-08
5.948,2.87237436598684e-06,-1.52647785726108e-07,-4.34535853287622e-08,-4.34535853287622e-08
5.949,2.86364156016183e-06,-1.52184877092856e-07,-4.33139985592224e-08,-4.33139985592224e-08
5.95,2.85493523692649e-06,-1.51723368252866e-07,-4.31748603558776e-08,-4.31748603558776e-08
5.951,2.84625531619955e-06,-1.51263254986808e-07,-4.30361692767065e-08,-4.30361692767065e-08
5.952,2.83760171814104e-06,-1.50804533088026e-07,-4.28979238843252e-08,-4.28979238843252e-08
5.953,2.82897436315173e-06,-1.50347198362497e-07,-4.27601227459727e-08,-4.27601227459727e-08
5.954,2.82037317187229e-06,-1.49891246628797e-07,-4.26227644334955e-08,-4.26227644334955e-08
5.955,2.81179806518259e-06,-1.49436673718058e-07,-4.24858475233329e-08,-4.24858475233329e-08
5.956,2.80324896420107e-06,-1.48983475473935e-07,-4.2349370596502e-08,-4.2349370596502e-08
5.957,2.79472579028386e-06,-1.48531647752566e-07,-4.22133322385841e-08,-4.22133322385841e-08
5.958,2.78622846502423e-06,-1.48081186422535e-07,-4.20777310397076e-08,-4.20777310397076e-08
5.959,2.77775691025179e-06,-1.47632087364837e-07,-4.19425655945368e-08,-4.19425655945368e-08
5.96,2.76931104803177e-06,-1.47184346472837e-07,-4.18078345022532e-08,-4.18078345022532e-08
5.961,2.76089080066437e-06,-1.46737959652236e-07,-4.16735363665455e-08,-4.16735363665455e-08
5.962,2.75249609068402e-06,-1.46292922821035e-07,-4.15396697955916e-08,-4.15396697955916e-08
5.963,2.74412684085865e-06,-1.45849231909493e-07,-4.14062334020448e-08,-4.14062334020448e-08
5.964,2.73578297418907e-06,-1.45406882860097e-07,-4.12732258030214e-08,-4.12732258030214e-08
5.965,2.72746441390818e-06,-1.44965871627519e-07,-4.11406456200839e-08,-4.11406456200839e-08
5.966,2.71917108348031e-06,-1.44526194178585e-07,-4.10084914792277e-08,-4.10084914792277e-08
5.967,2.71090290660055e-06,-1.44087846492235e-07,-4.08767620108669e-08,-4.08767620108669e-08
5.968,2.70265980719403e-06,-1.4365082455949e-07,-4.07454558498206e-08,-4.07454558498206e-08
5.969,2.6944417094152e-06,-1.43215124383412e-07,-4.06145716352974e-08,-4.06145716352974e-08
5.97,2.68624853764723e-06,-1.42780741979071e-07,-4.04841080108825e-08,-4.04841080108825e-08
5.971,2.67808021650122e-06,-1.42347673373507e-07,-4.03540636245224e-08,-4.03540636245224e-08
5.972,2.66993667081557e-06,-1.41915914605697e-07,-4.02244371285128e-08,-4.02244371285128e-08
5.973,2.6618178256553e-06,-1.41485461726514e-07,-4.00952271794824e-08,-4.00952271794824e-08
5.974,2.65372360631136e-06,-1.410563107987e-07,-3.99664324383802e-08,-3.99664324383802e-08
5.975,2.64565393829995e-06,-1.40628457896822e-07,-3.9838051570462e-08,-3.9838051570462e-08
5.976,2.63760874736181e-06,-1.40201899107239e-07,-3.97100832452752e-08,-3.97100832452752e-08
5.977,2.62958795946162e-06,-1.3977663052807e-07,-3.95825261366458e-08,-3.95825261366458e-08
5.978,2.62159150078728e-06,-1.39352648269157e-07,-3.94553789226652e-08,-3.94553789226652e-08
5.979,2.61361929774922e-06,-1.38929948452028e-07,-3.93286402856749e-08,-3.93286402856749e-08
5.98,2.60567127697977e-06,-1.38508527209863e-07,-3.92023089122544e-08,-3.92023089122544e-08
5.981,2.59774736533248e-06,-1.3808838068746e-07,-3.90763834932066e-08,-3.90763834932066e-08
5.982,2.58984748988146e-06,-1.37669505041202e-07,-3.89508627235449e-08,-3.89508627235449e-08
5.983,2.5819715779207e-06,-1.37251896439018e-07,-3.88257453024789e-08,-3.88257453024789e-08
5.984,2.57411955696343e-06,-1.3683555106035e-07,-3.87010299334015e-08,-3.87010299334015e-08
5.985,2.56629135474146e-06,-1.36420465096121e-07,-3.85767153238751e-08,-3.85767153238751e-08
5.986,2.5584868992045e-06,-1.36006634748699e-07,-3.84528001856186e-08,-3.84528001856186e-08
5.987,2.55070611851951e-06,-1.35594056231861e-07,-3.83292832344934e-08,-3.83292832344934e-08
5.988,2.54294894107011e-06,-1.35182725770762e-07,-3.82061631904909e-08,-3.82061631904909e-08
5.989,2.53521529545582e-06,-1.34772639601897e-07,-3.80834387777183e-08,-3.80834387777183e-08
5.99,2.52750511049149e-06,-1.34363793973072e-07,-3.79611087243856e-08,-3.79611087243856e-08
5.991,2.51981831520666e-06,-1.33956185143367e-07,-3.78391717627933e-08,-3.78391717627933e-08
5.992,2.51215483884484e-06,-1.33549809383103e-07,-3.77176266293182e-08,-3.77176266293182e-08
5.993,2.50451461086294e-06,-1.33144662973806e-07,-3.75964720644005e-08,-3.75964720644005e-08
5.994,2.4968975609306e-06,-1.32740742208179e-07,-3.74757068125311e-08,-3.74757068125311e-08
5.995,2.48930361892955e-06,-1.32338043390064e-07,-3.73553296222379e-08,-3.73553296222379e-08
5.996,2.48173271495298e-06,-1.31936562834409e-07,-3.72353392460739e-08,-3.72353392460739e-08
5.997,2.47418477930488e-06,-1.31536296867237e-07,-3.7115734440603e-08,-3.7115734440603e-08
5.998,2.46665974249947e-06,-1.31137241825609e-07,-3.69965139663878e-08,-3.69965139663878e-08
5.999,2.45915753526048e-06,-1.30739394057598e-07,-3.68776765879767e-08,-3.68776765879767e-08
6,2.45167808852059e-06,-1.30342749922248e-07,-3.67592210738914e-08,-3.67592210738914e-08
6.001,2.44422133342079e-06,-1.29947305789545e-07,-3.66411461966134e-08,-3.66411461966134e-08
6.002,2.43678720130969e-06,-1.29553058040385e-07,-3.6523450732571e-08,-3.6523450732571e-08
6.003,2.42937562374301e-06,-1.29160003066539e-07,-3.64061334621279e-08,-3.64061334621279e-08
6.004,2.42198653248286e-06,-1.28768137270624e-07,-3.62891931695699e-08,-3.62891931695699e-08
6.005,2.41461985949716e-06,-1.28377457066067e-07,-3.61726286430918e-08,-3.61726286430918e-08
6.006,2.40727553695902e-06,-1.27987958877072e-07,-3.6056438674785e-08,-3.6056438674785e-08
6.007,2.39995349724612e-06,-1.27599639138594e-07,-3.59406220606264e-08,-3.59406220606264e-08
6.008,2.3926536729401e-06,-1.27212494296297e-07,-3.58251776004631e-08,-3.58251776004631e-08
6.009,2.38537599682592e-06,-1.26826520806533e-07,-3.57101040980027e-08,-3.57101040980027e-08
6.01,2.37812040189132e-06,-1.264417151363e-07,-3.55954003607994e-08,-3.55954003607994e-08
6.011,2.37088682132609e-06,-1.26058073763218e-07,-3.54810652002417e-08,-3.54810652002417e-08
6.012,2.36367518852159e-06,-1.25675593175491e-07,-3.53670974315406e-08,-3.53670974315406e-08
6.013,2.35648543707009e-06,-1.2529426987188e-07,-3.52534958737169e-08,-3.52534958737169e-08
6.014,2.34931750076412e-06,-1.24914100361668e-07,-3.51402593495893e-08,-3.51402593495893e-08
6.015,2.34217131359594e-06,-1.2453508116463e-07,-3.50273866857616e-08,-3.50273866857616e-08
6.016,2.33504680975692e-06,-1.24157208811004e-07,-3.49148767126111e-08,-3.49148767126111e-08
6.017,2.32794392363694e-06,-1.23780479841455e-07,-3.48027282642762e-08,-3.48027282642762e-08
6.018,2.32086258982374e-06,-1.23404890807046e-07,-3.46909401786441e-08,-3.46909401786441e-08
6.019,2.31380274310242e-06,-1.23030438269208e-07,-3.45795112973396e-08,-3.45795112973396e-08
6.02,2.3067643184548e-06,-1.22657118799708e-07,-3.44684404657118e-08,-3.44684404657118e-08
6.021,2.29974725105879e-06,-1.22284928980615e-07,-3.4357726532823e-08,-3.4357726532823e-08
6.022,2.29275147628786e-06,-1.21913865404276e-07,-3.42473683514367e-08,-3.42473683514367e-08
6.023,2.28577692971045e-06,-1.2154392467328e-07,-3.41373647780054e-08,-3.41373647780054e-08
6.024,2.27882354708933e-06,-1.21175103400427e-07,-3.40277146726587e-08,-3.40277146726587e-08
6.025,2.27189126438107e-06,-1.20807398208702e-07,-3.39184168991914e-08,-3.39184168991914e-08
6.026,2.26498001773544e-06,-1.20440805731238e-07,-3.3809470325053e-08,-3.3809470325053e-08
6.027,2.2580897434948e-06,-1.20075322611292e-07,-3.37008738213338e-08,-3.37008738213338e-08
6.028,2.25122037819359e-06,-1.19710945502211e-07,-3.35926262627545e-08,-3.35926262627545e-08
6.029,2.24437185855769e-06,-1.19347671067404e-07,-3.34847265276548e-08,-3.34847265276548e-08
6.03,2.23754412150386e-06,-1.18985495980307e-07,-3.33771734979805e-08,-3.33771734979805e-08
6.031,2.23073710413916e-06,-1.18624416924359e-07,-3.32699660592729e-08,-3.32699660592729e-08
6.032,2.22395074376043e-06,-1.18264430592971e-07,-3.31631031006577e-08,-3.31631031006577e-08
6.033,2.21718497785365e-06,-1.17905533689492e-07,-3.30565835148319e-08,-3.30565835148319e-08
6.034,2.21043974409339e-06,-1.17547722927182e-07,-3.29504061980533e-08,-3.29504061980533e-08
6.035,2.20371498034227e-06,-1.17190995029185e-07,-3.2844570050129e-08,-3.2844570050129e-08
6.036,2.19701062465039e-06,-1.16835346728493e-07,-3.27390739744041e-08,-3.27390739744041e-08
6.037,2.19032661525472e-06,-1.16480774767924e-07,-3.26339168777496e-08,-3.26339168777496e-08
6.038,2.1836628905786e-06,-1.16127275900085e-07,-3.2529097670552e-08,-3.2529097670552e-08
6.039,2.17701938923115e-06,-1.1577484688735e-07,-3.2424615266702e-08,-3.2424615266702e-08
6.04,2.1703960500067e-06,-1.15423484501824e-07,-3.23204685835815e-08,-3.23204685835815e-08
6.041,2.16379281188424e-06,-1.15073185525319e-07,-3.22166565420548e-08,-3.22166565420548e-08
6.042,2.15720961402692e-06,-1.14723946749323e-07,-3.21131780664557e-08,-3.21131780664557e-08
6.043,2.15064639578138e-06,-1.1437576497497e-07,-3.20100320845771e-08,-3.20100320845771e-08
6.044,2.1441030966773e-06,-1.14028637013012e-07,-3.19072175276595e-08,-3.19072175276595e-08
6.045,2.13757965642683e-06,-1.13682559683792e-07,-3.18047333303804e-08,-3.18047333303804e-08
6.046,2.131076014924e-06,-1.13337529817213e-07,-3.17025784308427e-08,-3.17025784308427e-08
6.047,2.12459211224421e-06,-1.12993544252707e-07,-3.16007517705636e-08,-3.16007517705636e-08
6.048,2.11812788864368e-06,-1.12650599839215e-07,-3.14992522944645e-08,-3.14992522944645e-08
6.049,2.11168328455889e-06,-1.12308693435148e-07,-3.1398078950859e-08,-3.1398078950859e-08
6.05,2.10525824060606e-06,-1.11967821908365e-07,-3.12972306914428e-08,-3.12972306914428e-08
6.051,2.0988526975806e-06,-1.11627982136145e-07,-3.11967064712823e-08,-3.11967064712823e-08
6.052,2.09246659645655e-06,-1.11289171005156e-07,-3.10965052488041e-08,-3.10965052488041e-08
6.053,2.08609987838608e-06,-1.10951385411426e-07,-3.09966259857837e-08,-3.09966259857837e-08
6.054,2.07975248469893e-06,-1.1061462226032e-07,-3.08970676473352e-08,-3.08970676473352e-08
6.055,2.0734243569019e-06,-1.10278878466507e-07,-3.07978292019004e-08,-3.07978292019004e-08
6.056,2.06711543667827e-06,-1.09944150953935e-07,-3.06989096212386e-08,-3.06989096212386e-08
6.057,2.06082566588732e-06,-1.09610436655802e-07,-3.06003078804145e-08,-3.06003078804145e-08
6.058,2.05455498656378e-06,-1.09277732514528e-07,-3.05020229577894e-08,-3.05020229577894e-08
6.059,2.04830334091729e-06,-1.08946035481728e-07,-3.0404053835009e-08,-3.0404053835009e-08
6.06,2.0420706713319e-06,-1.08615342518186e-07,-3.03063994969939e-08,-3.03063994969939e-08
6.061,2.03585692036554e-06,-1.08285650593824e-07,-3.02090589319286e-08,-3.02090589319286e-08
6.062,2.02966203074946e-06,-1.07956956687678e-07,-3.01120311312515e-08,-3.01120311312515e-08
6.063,2.02348594538777e-06,-1.07629257787868e-07,-3.00153150896432e-08,-3.00153150896432e-08
6.064,2.01732860735686e-06,-1.07302550891573e-07,-2.99189098050178e-08,-2.99189098050178e-08
6.065,2.01118995990493e-06,-1.06976833005003e-07,-2.98228142785109e-08,-2.98228142785109e-08
6.066,2.00506994645145e-06,-1.0665210114337e-07,-2.97270275144703e-08,-2.97270275144703e-08
6.067,1.99896851058665e-06,-1.06328352330866e-07,-2.96315485204454e-08,-2.96315485204454e-08
6.068,1.992885596071e-06,-1.06005583600631e-07,-2.95363763071768e-08,-2.95363763071768e-08
6.069,1.98682114683469e-06,-1.05683791994728e-07,-2.94415098885853e-08,-2.94415098885853e-08
6.07,1.98077510697715e-06,-1.05362974564117e-07,-2.93469482817636e-08,-2.93469482817636e-08
6.071,1.97474742076654e-06,-1.05043128368628e-07,-2.92526905069641e-08,-2.92526905069641e-08
6.072,1.96873803263918e-06,-1.04724250476934e-07,-2.91587355875898e-08,-2.91587355875898e-08
6.073,1.96274688719912e-06,-1.04406337966525e-07,-2.90650825501837e-08,-2.90650825501837e-08
6.074,1.95677392921761e-06,-1.0408938792368e-07,-2.89717304244197e-08,-2.89717304244197e-08
6.075,1.95081910363258e-06,-1.03773397443445e-07,-2.88786782430905e-08,-2.88786782430905e-08
6.076,1.94488235554815e-06,-1.034583636296e-07,-2.87859250420998e-08,-2.87859250420998e-08
6.077,1.93896363023414e-06,-1.03144283594639e-07,-2.8693469860451e-08,-2.8693469860451e-08
6.078,1.93306287312557e-06,-1.02831154459741e-07,-2.86013117402375e-08,-2.86013117402375e-08
6.079,1.92718002982212e-06,-1.02518973354744e-07,-2.85094497266325e-08,-2.85094497266325e-08
6.08,1.9213150460877e-06,-1.02207737418119e-07,-2.84178828678802e-08,-2.84178828678802e-08
6.081,1.91546786784995e-06,-1.01897443796947e-07,-2.83266102152842e-08,-2.83266102152842e-08
6.082,1.90963844119966e-06,-1.01588089646887e-07,-2.82356308231993e-08,-2.82356308231993e-08
6.083,1.90382671239041e-06,-1.01279672132157e-07,-2.81449437490203e-08,-2.81449437490203e-08
6.084,1.89803262783797e-06,-1.00972188425505e-07,-2.80545480531735e-08,-2.80545480531735e-08
6.085,1.89225613411987e-06,-1.00665635708183e-07,-2.79644427991057e-08,-2.79644427991057e-08
6.086,1.8864971779749e-06,-1.00360011169923e-07,-2.7874627053276e-08,-2.7874627053276e-08
6.087,1.88075570630263e-06,-1.00055312008911e-07,-2.77850998851439e-08,-2.77850998851439e-08
6.088,1.87503166616291e-06,-9.97515354317626e-08,-2.76958603671623e-08,-2.76958603671623e-08
6.089,1.8693250047754e-06,-9.94486786534946e-08,-2.76069075747658e-08,-2.76069075747658e-08
6.09,1.86363566951909e-06,-9.9146738897504e-08,-2.7518240586362e-08,-2.7518240586362e-08
6.091,1.85796360793182e-06,-9.88457133955399e-08,-2.74298584833217e-08,-2.74298584833217e-08
6.092,1.85230876770979e-06,-9.85455993876795e-08,-2.73417603499697e-08,-2.73417603499697e-08
6.093,1.84667109670712e-06,-9.82463941223042e-08,-2.72539452735751e-08,-2.72539452735751e-08
6.094,1.84105054293532e-06,-9.79480948560726e-08,-2.71664123443414e-08,-2.71664123443414e-08
6.095,1.83544705456286e-06,-9.76506988538967e-08,-2.70791606553974e-08,-2.70791606553974e-08
6.096,1.82986057991467e-06,-9.73542033889178e-08,-2.69921893027883e-08,-2.69921893027883e-08
6.097,1.82429106747171e-06,-9.70586057424814e-08,-2.69054973854658e-08,-2.69054973854658e-08
6.098,1.81873846587044e-06,-9.67639032041115e-08,-2.68190840052783e-08,-2.68190840052783e-08
6.099,1.81320272390241e-06,-9.64700930714878e-08,-2.67329482669626e-08,-2.67329482669626e-08
6.1,1.80768379051375e-06,-9.61771726504207e-08,-2.66470892781341e-08,-2.66470892781341e-08
6.101,1.80218161480474e-06,-9.58851392548258e-08,-2.6561506149277e-08,-2.6561506149277e-08
6.102,1.79669614602931e-06,-9.55939902067014e-08,-2.64761979937361e-08,-2.64761979937361e-08
6.103,1.79122733359463e-06,-9.53037228361035e-08,-2.6391163927707e-08,-2.6391163927707e-08
6.104,1.78577512706057e-06,-9.50143344811206e-08,-2.63064030702268e-08,-2.63064030702268e-08
6.105,1.78033947613933e-06,-9.47258224878515e-08,-2.62219145431657e-08,-2.62219145431657e-08
6.106,1.77492033069492e-06,-9.44381842103803e-08,-2.61376974712171e-08,-2.61376974712171e-08
6.107,1.76951764074272e-06,-9.41514170107522e-08,-2.60537509818887e-08,-2.60537509818887e-08
6.108,1.76413135644901e-06,-9.38655182589497e-08,-2.59700742054936e-08,-2.59700742054936e-08
6.109,1.75876142813058e-06,-9.35804853328704e-08,-2.58866662751411e-08,-2.58866662751411e-08
6.11,1.75340780625418e-06,-9.32963156183006e-08,-2.58035263267286e-08,-2.58035263267286e-08
6.111,1.74807044143614e-06,-9.30130065088935e-08,-2.57206534989308e-08,-2.57206534989308e-08
6.112,1.7427492844419e-06,-9.27305554061452e-08,-2.56380469331921e-08,-2.56380469331921e-08
6.113,1.73744428618556e-06,-9.24489597193716e-08,-2.55557057737184e-08,-2.55557057737184e-08
6.114,1.73215539772941e-06,-9.21682168656834e-08,-2.54736291674659e-08,-2.54736291674659e-08
6.115,1.72688257028353e-06,-9.18883242699647e-08,-2.53918162641344e-08,-2.53918162641344e-08
6.116,1.72162575520532e-06,-9.16092793648489e-08,-2.53102662161573e-08,-2.53102662161573e-08
6.117,1.71638490399905e-06,-9.13310795906946e-08,-2.52289781786935e-08,-2.52289781786935e-08
6.118,1.71115996831541e-06,-9.10537223955638e-08,-2.51479513096178e-08,-2.51479513096178e-08
6.119,1.70595089995113e-06,-9.07772052351986e-08,-2.50671847695136e-08,-2.50671847695136e-08
6.12,1.70075765084845e-06,-9.05015255729968e-08,-2.49866777216623e-08,-2.49866777216623e-08
6.121,1.69558017309474e-06,-9.02266808799909e-08,-2.49064293320358e-08,-2.49064293320358e-08
6.122,1.69041841892208e-06,-8.9952668634824e-08,-2.48264387692883e-08,-2.48264387692883e-08
6.123,1.68527234070675e-06,-8.96794863237272e-08,-2.47467052047461e-08,-2.47467052047461e-08
6.124,1.68014189096887e-06,-8.94071314404962e-08,-2.46672278124006e-08,-2.46672278124006e-08
6.125,1.67502702237195e-06,-8.91356014864712e-08,-2.45880057688986e-08,-2.45880057688986e-08
6.126,1.66992768772241e-06,-8.88648939705107e-08,-2.45090382535342e-08,-2.45090382535342e-08
6.127,1.66484383996921e-06,-8.85950064089711e-08,-2.44303244482408e-08,-2.44303244482408e-08
6.128,1.65977543220339e-06,-8.83259363256842e-08,-2.43518635375813e-08,-2.43518635375813e-08
6.129,1.65472241765767e-06,-8.80576812519343e-08,-2.42736547087414e-08,-2.42736547087414e-08
6.13,1.64968474970598e-06,-8.77902387264354e-08,-2.41956971515192e-08,-2.41956971515192e-08
6.131,1.64466238186307e-06,-8.752360629531e-08,-2.41179900583186e-08,-2.41179900583186e-08
6.132,1.63965526778408e-06,-8.72577815120665e-08,-2.40405326241395e-08,-2.40405326241395e-08
6.133,1.6346633612641e-06,-8.69927619375761e-08,-2.39633240465703e-08,-2.39633240465703e-08
6.134,1.62968661623776e-06,-8.67285451400524e-08,-2.38863635257798e-08,-2.38863635257798e-08
6.135,1.62472498677883e-06,-8.64651286950282e-08,-2.38096502645076e-08,-2.38096502645076e-08
6.136,1.61977842709976e-06,-8.62025101853336e-08,-2.37331834680572e-08,-2.37331834680572e-08
6.137,1.61484689155131e-06,-8.59406872010746e-08,-2.36569623442872e-08,-2.36569623442872e-08
6.138,1.60993033462209e-06,-8.56796573396114e-08,-2.35809861036031e-08,-2.35809861036031e-08
6.139,1.60502871093817e-06,-8.54194182055358e-08,-2.35052539589486e-08,-2.35052539589486e-08
6.14,1.60014197526265e-06,-8.51599674106497e-08,-2.34297651257989e-08,-2.34297651257989e-08
6.141,1.59527008249528e-06,-8.49013025739454e-08,-2.33545188221509e-08,-2.33545188221509e-08
6.142,1.590412987672e-06,-8.46434213215808e-08,-2.32795142685161e-08,-2.32795142685161e-08
6.143,1.58557064596458e-06,-8.438632128686e-08,-2.3204750687912e-08,-2.3204750687912e-08
6.144,1.58074301268017e-06,-8.41300001102117e-08,-2.31302273058541e-08,-2.31302273058541e-08
6.145,1.57593004326092e-06,-8.38744554391678e-08,-2.30559433503487e-08,-2.30559433503487e-08
6.146,1.57113169328356e-06,-8.36196849283411e-08,-2.29818980518835e-08,-2.29818980518835e-08
6.147,1.566347918459e-06,-8.33656862394053e-08,-2.29080906434208e-08,-2.29080906434208e-08
6.148,1.56157867463192e-06,-8.31124570410736e-08,-2.28345203603885e-08,-2.28345203603885e-08
6.149,1.55682391778038e-06,-8.28599950090767e-08,-2.27611864406734e-08,-2.27611864406734e-08
6.15,1.55208360401539e-06,-8.26082978261428e-08,-2.26880881246123e-08,-2.26880881246123e-08
6.151,1.54735768958057e-06,-8.23573631819765e-08,-2.26152246549844e-08,-2.26152246549844e-08
6.152,1.54264613085167e-06,-8.21071887732368e-08,-2.25425952770035e-08,-2.25425952770035e-08
6.153,1.53794888433623e-06,-8.18577723035176e-08,-2.24701992383101e-08,-2.24701992383101e-08
6.154,1.53326590667317e-06,-8.16091114833265e-08,-2.23980357889641e-08,-2.23980357889641e-08
6.155,1.52859715463238e-06,-8.13612040300634e-08,-2.23261041814361e-08,-2.23261041814361e-08
6.156,1.52394258511433e-06,-8.1114047668e-08,-2.22544036705998e-08,-2.22544036705998e-08
6.157,1.51930215514973e-06,-8.0867640128261e-08,-2.21829335137256e-08,-2.21829335137256e-08
6.158,1.51467582189903e-06,-8.06219791488006e-08,-2.2111692970471e-08,-2.2111692970471e-08
6.159,1.51006354265212e-06,-8.03770624743838e-08,-2.20406813028741e-08,-2.20406813028741e-08
6.16,1.50546527482792e-06,-8.01328878565661e-08,-2.19698977753458e-08,-2.19698977753458e-08
6.161,1.50088097597395e-06,-7.98894530536726e-08,-2.18993416546618e-08,-2.18993416546618e-08
6.162,1.49631060376602e-06,-7.9646755830777e-08,-2.18290122099554e-08,-2.18290122099554e-08
6.163,1.49175411600775e-06,-7.94047939596831e-08,-2.17589087127094e-08,-2.17589087127094e-08
6.164,1.48721147063027e-06,-7.91635652189034e-08,-2.16890304367492e-08,-2.16890304367492e-08
6.165,1.4826826256918e-06,-7.89230673936387e-08,-2.16193766582346e-08,-2.16193766582346e-08
6.166,1.47816753937723e-06,-7.86832982757591e-08,-2.15499466556531e-08,-2.15499466556531e-08
6.167,1.47366616999782e-06,-7.84442556637835e-08,-2.14807397098117e-08,-2.14807397098117e-08
6.168,1.46917847599076e-06,-7.82059373628592e-08,-2.14117551038293e-08,-2.14117551038293e-08
6.169,1.46470441591878e-06,-7.79683411847422e-08,-2.13429921231301e-08,-2.13429921231301e-08
6.17,1.46024394846986e-06,-7.77314649477789e-08,-2.12744500554358e-08,-2.12744500554358e-08
6.171,1.45579703245672e-06,-7.74953064768837e-08,-2.1206128190758e-08,-2.1206128190758e-08
6.172,1.45136362681656e-06,-7.72598636035208e-08,-2.11380258213906e-08,-2.11380258213906e-08
6.173,1.44694369061063e-06,-7.70251341656849e-08,-2.10701422419032e-08,-2.10701422419032e-08
6.174,1.44253718302388e-06,-7.67911160078811e-08,-2.10024767491337e-08,-2.10024767491337e-08
6.175,1.43814406336453e-06,-7.65578069811046e-08,-2.09350286421799e-08,-2.09350286421799e-08
6.176,1.43376429106381e-06,-7.63252049428228e-08,-2.0867797222394e-08,-2.0867797222394e-08
6.177,1.42939782567546e-06,-7.60933077569549e-08,-2.08007817933737e-08,-2.08007817933737e-08
6.178,1.42504462687547e-06,-7.5862113293852e-08,-2.07339816609559e-08,-2.07339816609559e-08
6.179,1.42070465446164e-06,-7.56316194302795e-08,-2.06673961332093e-08,-2.06673961332093e-08
6.18,1.41637786835325e-06,-7.54018240493966e-08,-2.06010245204274e-08,-2.06010245204274e-08
6.181,1.41206422859068e-06,-7.51727250407367e-08,-2.05348661351208e-08,-2.05348661351208e-08
6.182,1.40776369533505e-06,-7.49443203001898e-08,-2.04689202920104e-08,-2.04689202920104e-08
6.183,1.40347622886785e-06,-7.47166077299824e-08,-2.04031863080206e-08,-2.04031863080206e-08
6.184,1.3992017895906e-06,-7.44895852386585e-08,-2.03376635022716e-08,-2.03376635022716e-08
6.185,1.39494033802444e-06,-7.42632507410604e-08,-2.02723511960729e-08,-2.02723511960729e-08
6.186,1.39069183480983e-06,-7.40376021583115e-08,-2.0207248712916e-08,-2.0207248712916e-08
6.187,1.38645624070614e-06,-7.3812637417795e-08,-2.01423553784673e-08,-2.01423553784673e-08
6.188,1.38223351659134e-06,-7.35883544531366e-08,-2.0077670520561e-08,-2.0077670520561e-08
6.189,1.37802362346158e-06,-7.33647512041857e-08,-2.00131934691929e-08,-2.00131934691929e-08
6.19,1.3738265224309e-06,-7.31418256169965e-08,-1.99489235565122e-08,-1.99489235565122e-08
6.191,1.36964217473084e-06,-7.29195756438089e-08,-1.98848601168156e-08,-1.98848601168156e-08
6.192,1.36547054171007e-06,-7.2697999243031e-08,-1.982100248654e-08,-1.982100248654e-08
6.193,1.36131158483409e-06,-7.24770943792199e-08,-1.97573500042561e-08,-1.97573500042561e-08
6.194,1.35716526568482e-06,-7.22568590230627e-08,-1.96939020106599e-08,-1.96939020106599e-08
6.195,1.3530315459603e-06,-7.20372911513597e-08,-1.96306578485685e-08,-1.96306578485685e-08
6.196,1.34891038747428e-06,-7.18183887470047e-08,-1.95676168629108e-08,-1.95676168629108e-08
6.197,1.34480175215595e-06,-7.16001497989668e-08,-1.9504778400722e-08,-1.9504778400722e-08
6.198,1.34070560204953e-06,-7.13825723022729e-08,-1.94421418111369e-08,-1.94421418111369e-08
6.199,1.33662189931393e-06,-7.11656542579894e-08,-1.93797064453826e-08,-1.93797064453826e-08
6.2,1.33255060622245e-06,-7.09493936732031e-08,-1.93174716567719e-08,-1.93174716567719e-08
6.201,1.32849168516236e-06,-7.07337885610038e-08,-1.92554368006967e-08,-1.92554368006967e-08
6.202,1.32444509863465e-06,-7.05188369404675e-08,-1.91936012346217e-08,-1.91936012346217e-08
6.203,1.3204108092536e-06,-7.03045368366358e-08,-1.91319643180766e-08,-1.91319643180766e-08
6.204,1.31638877974649e-06,-7.00908862805002e-08,-1.90705254126507e-08,-1.90705254126507e-08
6.205,1.31237897295324e-06,-6.98778833089833e-08,-1.90092838819856e-08,-1.90092838819856e-08
6.206,1.30838135182609e-06,-6.96655259649214e-08,-1.89482390917688e-08,-1.89482390917688e-08
6.207,1.30439587942924e-06,-6.94538122970462e-08,-1.88873904097272e-08,-1.88873904097272e-08
6.208,1.30042251893851e-06,-6.92427403599676e-08,-1.88267372056204e-08,-1.88267372056204e-08
6.209,1.29646123364104e-06,-6.90323082141561e-08,-1.87662788512339e-08,-1.87662788512339e-08
6.21,1.2925119869349e-06,-6.88225139259246e-08,-1.87060147203731e-08,-1.87060147203731e-08
6.211,1.28857474232881e-06,-6.86133555674117e-08,-1.86459441888566e-08,-1.86459441888566e-08
6.212,1.28464946344177e-06,-6.84048312165636e-08,-1.85860666345098e-08,-1.85860666345098e-08
6.213,1.28073611400273e-06,-6.81969389571166e-08,-1.85263814371578e-08,-1.85263814371578e-08
6.214,1.27683465785029e-06,-6.79896768785805e-08,-1.84668879786202e-08,-1.84668879786202e-08
6.215,1.27294505893235e-06,-6.77830430762206e-08,-1.84075856427037e-08,-1.84075856427037e-08
6.216,1.26906728130574e-06,-6.75770356510403e-08,-1.8348473815196e-08,-1.8348473815196e-08
6.217,1.26520128913597e-06,-6.7371652709764e-08,-1.82895518838592e-08,-1.82895518838592e-08
6.218,1.26134704669685e-06,-6.7166892364821e-08,-1.82308192384243e-08,-1.82308192384243e-08
6.219,1.25750451837018e-06,-6.69627527343267e-08,-1.81722752705839e-08,-1.81722752705839e-08
6.22,1.25367366864541e-06,-6.67592319420662e-08,-1.8113919373986e-08,-1.8113919373986e-08
6.221,1.24985446211933e-06,-6.65563281174778e-08,-1.80557509442283e-08,-1.80557509442283e-08
6.222,1.24604686349578e-06,-6.63540393956356e-08,-1.79977693788515e-08,-1.79977693788515e-08
6.223,1.24225083758522e-06,-6.61523639172321e-08,-1.79399740773332e-08,-1.79399740773332e-08
6.224,1.23846634930455e-06,-6.59512998285623e-08,-1.78823644410815e-08,-1.78823644410815e-08
6.225,1.23469336367669e-06,-6.57508452815063e-08,-1.7824939873429e-08,-1.7824939873429e-08
6.226,1.23093184583027e-06,-6.55509984335124e-08,-1.77676997796263e-08,-1.77676997796263e-08
6.227,1.22718176099936e-06,-6.53517574475809e-08,-1.77106435668363e-08,-1.77106435668363e-08
6.228,1.22344307452312e-06,-6.51531204922471e-08,-1.76537706441278e-08,-1.76537706441278e-08
6.229,1.21971575184548e-06,-6.49550857415644e-08,-1.75970804224691e-08,-1.75970804224691e-08
6.23,1.21599975851483e-06,-6.47576513750885e-08,-1.75405723147224e-08,-1.75405723147224e-08
6.231,1.21229506018371e-06,-6.45608155778604e-08,-1.74842457356374e-08,-1.74842457356374e-08
6.232,1.2086016226085e-06,-6.43645765403898e-08,-1.74281001018452e-08,-1.74281001018452e-08
6.233,1.20491941164907e-06,-6.41689324586385e-08,-1.73721348318525e-08,-1.73721348318525e-08
6.234,1.20124839326855e-06,-6.39738815340056e-08,-1.73163493460353e-08,-1.73163493460353e-08
6.235,1.19758853353293e-06,-6.37794219733087e-08,-1.72607430666332e-08,-1.72607430666332e-08
6.236,1.19393979861078e-06,-6.35855519887694e-08,-1.72053154177427e-08,-1.72053154177427e-08
6.237,1.19030215477297e-06,-6.33922697979966e-08,-1.71500658253122e-08,-1.71500658253122e-08
6.238,1.18667556839233e-06,-6.31995736239706e-08,-1.70949937171357e-08,-1.70949937171357e-08
6.239,1.18306000594335e-06,-6.30074616950259e-08,-1.70400985228461e-08,-1.70400985228461e-08
6.24,1.17945543400189e-06,-6.28159322448365e-08,-1.69853796739107e-08,-1.69853796739107e-08
6.241,1.17586181924485e-06,-6.26249835123994e-08,-1.69308366036238e-08,-1.69308366036238e-08
6.242,1.17227912844986e-06,-6.24346137420178e-08,-1.68764687471022e-08,-1.68764687471022e-08
6.243,1.16870732849503e-06,-6.22448211832864e-08,-1.68222755412783e-08,-1.68222755412783e-08
6.244,1.16514638635857e-06,-6.20556040910751e-08,-1.67682564248947e-08,-1.67682564248947e-08
6.245,1.16159626911856e-06,-6.18669607255123e-08,-1.67144108384985e-08,-1.67144108384985e-08
6.246,1.15805694395259e-06,-6.16788893519705e-08,-1.6660738224435e-08,-1.6660738224435e-08
6.247,1.1545283781375e-06,-6.14913882410499e-08,-1.66072380268426e-08,-1.66072380268426e-08
6.248,1.15101053904909e-06,-6.13044556685623e-08,-1.65539096916467e-08,-1.65539096916467e-08
6.249,1.14750339416174e-06,-6.11180899155155e-08,-1.65007526665535e-08,-1.65007526665535e-08
6.25,1.14400691104825e-06,-6.09322892680994e-08,-1.64477664010451e-08,-1.64477664010451e-08
6.251,1.1405210573794e-06,-6.07470520176679e-08,-1.63949503463733e-08,-1.63949503463733e-08
6.252,1.13704580092375e-06,-6.05623764607246e-08,-1.6342303955554e-08,-1.6342303955554e-08
6.253,1.13358110954732e-06,-6.03782608989079e-08,-1.62898266833614e-08,-1.62898266833614e-08
6.254,1.13012695121328e-06,-6.01947036389747e-08,-1.62375179863227e-08,-1.62375179863227e-08
6.255,1.12668329398168e-06,-6.00117029927851e-08,-1.6185377322712e-08,-1.6185377322712e-08
6.256,1.12325010600913e-06,-5.98292572772877e-08,-1.61334041525452e-08,-1.61334041525452e-08
6.257,1.11982735554855e-06,-5.96473648145037e-08,-1.60815979375739e-08,-1.60815979375739e-08
6.258,1.11641501094884e-06,-5.94660239315118e-08,-1.60299581412799e-08,-1.60299581412799e-08
6.259,1.11301304065461e-06,-5.92852329604331e-08,-1.59784842288702e-08,-1.59784842288702e-08
6.26,1.1096214132059e-06,-5.91049902384162e-08,-1.59271756672707e-08,-1.59271756672707e-08
6.261,1.10624009723785e-06,-5.89252941076215e-08,-1.58760319251211e-08,-1.58760319251211e-08
6.262,1.10286906148048e-06,-5.87461429152067e-08,-1.58250524727693e-08,-1.58250524727693e-08
6.263,1.09950827475834e-06,-5.85675350133116e-08,-1.57742367822657e-08,-1.57742367822657e-08
6.264,1.09615770599028e-06,-5.83894687590431e-08,-1.57235843273584e-08,-1.57235843273584e-08
6.265,1.09281732418911e-06,-5.82119425144598e-08,-1.56730945834865e-08,-1.56730945834865e-08
6.266,1.08948709846138e-06,-5.80349546465587e-08,-1.56227670277762e-08,-1.56227670277762e-08
6.267,1.08616699800702e-06,-5.78585035272585e-08,-1.55726011390341e-08,-1.55726011390341e-08
6.268,1.08285699211913e-06,-5.76825875333855e-08,-1.55225963977425e-08,-1.55225963977425e-08
6.269,1.07955705018367e-06,-5.75072050466595e-08,-1.54727522860536e-08,-1.54727522860536e-08
6.27,1.07626714167918e-06,-5.73323544536786e-08,-1.54230682877845e-08,-1.54230682877845e-08
6.271,1.07298723617649e-06,-5.71580341459038e-08,-1.53735438884117e-08,-1.53735438884117e-08
6.272,1.06971730333846e-06,-5.69842425196459e-08,-1.53241785750656e-08,-1.53241785750656e-08
6.273,1.0664573129197e-06,-5.68109779760499e-08,-1.52749718365254e-08,-1.52749718365254e-08
6.274,1.0632072347663e-06,-5.66382389210804e-08,-1.52259231632138e-08,-1.52259231632138e-08
6.275,1.0599670388155e-06,-5.6466023765508e-08,-1.51770320471914e-08,-1.51770320471914e-08
6.276,1.05673669509552e-06,-5.6294330924894e-08,-1.51282979821519e-08,-1.51282979821519e-08
6.277,1.05351617372518e-06,-5.61231588195762e-08,-1.50797204634166e-08,-1.50797204634166e-08
6.278,1.05030544491368e-06,-5.5952505874655e-08,-1.50312989879288e-08,-1.50312989879288e-08
6.279,1.04710447896034e-06,-5.57823705199787e-08,-1.49830330542495e-08,-1.49830330542495e-08
6.28,1.04391324625428e-06,-5.56127511901292e-08,-1.49349221625513e-08,-1.49349221625513e-08
6.281,1.04073171727419e-06,-5.54436463244076e-08,-1.48869658146139e-08,-1.48869658146139e-08
6.282,1.03755986258805e-06,-5.52750543668212e-08,-1.48391635138182e-08,-1.48391635138182e-08
6.283,1.03439765285286e-06,-5.51069737660676e-08,-1.47915147651418e-08,-1.47915147651418e-08
6.284,1.03124505881433e-06,-5.49394029755217e-08,-1.47440190751536e-08,-1.47440190751536e-08
6.285,1.02810205130672e-06,-5.47723404532217e-08,-1.46966759520087e-08,-1.46966759520087e-08
6.286,1.02496860125245e-06,-5.46057846618547e-08,-1.46494849054433e-08,-1.46494849054433e-08
6.287,1.0218446796619e-06,-5.44397340687427e-08,-1.46024454467696e-08,-1.46024454467696e-08
6.288,1.01873025763315e-06,-5.42741871458289e-08,-1.45555570888709e-08,-1.45555570888709e-08
6.289,1.01562530635169e-06,-5.4109142369664e-08,-1.45088193461962e-08,-1.45088193461962e-08
6.29,1.01252979709016e-06,-5.39445982213918e-08,-1.44622317347554e-08,-1.44622317347554e-08
6.291,1.0094437012081e-06,-5.37805531867357e-08,-1.44157937721143e-08,-1.44157937721143e-08
6.292,1.00636699015167e-06,-5.36170057559854e-08,-1.43695049773898e-08,-1.43695049773898e-08
6.293,1.00329963545342e-06,-5.34539544239821e-08,-1.43233648712441e-08,-1.43233648712441e-08
6.294,1.00024160873199e-06,-5.32913976901056e-08,-1.42773729758806e-08,-1.42773729758806e-08
6.295,9.97192881691878e-07,-5.31293340582613e-08,-1.42315288150387e-08,-1.42315288150387e-08
6.296,9.94153426123171e-07,-5.29677620368647e-08,-1.41858319139887e-08,-1.41858319139887e-08
6.297,9.91123213901285e-07,-5.28066801388294e-08,-1.41402817995269e-08,-1.41402817995269e-08
6.298,9.88102216986718e-07,-5.26460868815534e-08,-1.40948779999709e-08,-1.40948779999709e-08
6.299,9.85090407424786e-07,-5.24859807869054e-08,-1.40496200451546e-08,-1.40496200451546e-08
6.3,9.82087757345359e-07,-5.23263603812107e-08,-1.4004507466423e-08,-1.4004507466423e-08
6.301,9.79094238962625e-07,-5.21672241952392e-08,-1.39595397966279e-08,-1.39595397966279e-08
6.302,9.76109824574825e-07,-5.20085707641912e-08,-1.39147165701227e-08,-1.39147165701227e-08
6.303,9.73134486563991e-07,-5.18503986276835e-08,-1.38700373227576e-08,-1.38700373227576e-08
6.304,9.70168197395712e-07,-5.16927063297376e-08,-1.38255015918751e-08,-1.38255015918751e-08
6.305,9.67210929618871e-07,-5.15354924187655e-08,-1.37811089163046e-08,-1.37811089163046e-08
6.306,9.64262655865391e-07,-5.13787554475564e-08,-1.37368588363581e-08,-1.37368588363581e-08
6.307,9.61323348849992e-07,-5.12224939732641e-08,-1.36927508938254e-08,-1.36927508938254e-08
6.308,9.58392981369943e-07,-5.10667065573937e-08,-1.36487846319692e-08,-1.36487846319692e-08
6.309,9.55471526304799e-07,-5.09113917657882e-08,-1.36049595955203e-08,-1.36049595955203e-08
6.31,9.52558956616161e-07,-5.07565481686154e-08,-1.3561275330673e-08,-1.3561275330673e-08
6.311,9.49655245347448e-07,-5.06021743403564e-08,-1.35177313850805e-08,-1.35177313850805e-08
6.312,9.46760365623612e-07,-5.04482688597902e-08,-1.34743273078502e-08,-1.34743273078502e-08
6.313,9.43874290650918e-07,-5.02948303099824e-08,-1.34310626495384e-08,-1.34310626495384e-08
6.314,9.40996993716696e-07,-5.01418572782723e-08,-1.33879369621467e-08,-1.33879369621467e-08
6.315,9.38128448189096e-07,-4.99893483562595e-08,-1.33449497991166e-08,-1.33449497991166e-08
6.316,9.35268627516831e-07,-4.98373021397911e-08,-1.3302100715325e-08,-1.3302100715325e-08
6.317,9.32417505228953e-07,-4.96857172289495e-08,-1.32593892670798e-08,-1.32593892670798e-08
6.318,9.29575054934605e-07,-4.95345922280391e-08,-1.32168150121151e-08,-1.32168150121151e-08
6.319,9.26741250322765e-07,-4.93839257455737e-08,-1.31743775095866e-08,-1.31743775095866e-08
6.32,9.23916065162028e-07,-4.92337163942643e-08,-1.31320763200671e-08,-1.31320763200671e-08
6.321,9.21099473300353e-07,-4.9083962791006e-08,-1.30899110055423e-08,-1.30899110055423e-08
6.322,9.18291448664818e-07,-4.89346635568654e-08,-1.30478811294052e-08,-1.30478811294052e-08
6.323,9.15491965261399e-07,-4.87858173170685e-08,-1.3005986256453e-08,-1.3005986256453e-08
6.324,9.12700997174717e-07,-4.86374227009881e-08,-1.29642259528814e-08,-1.29642259528814e-08
6.325,9.09918518567806e-07,-4.84894783421308e-08,-1.29225997862808e-08,-1.29225997862808e-08
6.326,9.07144503681869e-07,-4.83419828781247e-08,-1.28811073256312e-08,-1.28811073256312e-08
6.327,9.04378926836069e-07,-4.81949349507083e-08,-1.28397481412987e-08,-1.28397481412987e-08
6.328,9.01621762427254e-07,-4.80483332057162e-08,-1.279852180503e-08,-1.279852180503e-08
6.329,8.9887298492975e-07,-4.79021762930678e-08,-1.27574278899486e-08,-1.27574278899486e-08
6.33,8.96132568895123e-07,-4.77564628667554e-08,-1.27164659705501e-08,-1.27164659705501e-08
6.331,8.93400488951942e-07,-4.76111915848312e-08,-1.26756356226978e-08,-1.26756356226978e-08
6.332,8.90676719805544e-07,-4.7466361109395e-08,-1.26349364236185e-08,-1.26349364236185e-08
6.333,8.87961236237812e-07,-4.73219701065832e-08,-1.25943679518983e-08,-1.25943679518983e-08
6.334,8.85254013106936e-07,-4.71780172465553e-08,-1.25539297874772e-08,-1.25539297874772e-08
6.335,8.82555025347181e-07,-4.70345012034824e-08,-1.2513621511646e-08,-1.2513621511646e-08
6.336,8.79864247968669e-07,-4.68914206555354e-08,-1.24734427070411e-08,-1.24734427070411e-08
6.337,8.77181656057141e-07,-4.67487742848727e-08,-1.2433392957641e-08,-1.2433392957641e-08
6.338,8.74507224773726e-07,-4.66065607776277e-08,-1.23934718487608e-08,-1.23934718487608e-08
6.339,8.71840929354723e-07,-4.64647788238981e-08,-1.23536789670491e-08,-1.23536789670491e-08
6.34,8.69182745111371e-07,-4.63234271177328e-08,-1.2314013900483e-08,-1.2314013900483e-08
6.341,8.66532647429617e-07,-4.61825043571205e-08,-1.22744762383639e-08,-1.22744762383639e-08
6.342,8.63890611769893e-07,-4.60420092439777e-08,-1.22350655713137e-08,-1.22350655713137e-08
6.343,8.61256613666907e-07,-4.59019404841377e-08,-1.21957814912698e-08,-1.21957814912698e-08
6.344,8.58630628729391e-07,-4.57622967873373e-08,-1.21566235914817e-08,-1.21566235914817e-08
6.345,8.56012632639894e-07,-4.56230768672062e-08,-1.2117591466506e-08,-1.2117591466506e-08
6.346,8.53402601154565e-07,-4.54842794412552e-08,-1.20786847122027e-08,-1.20786847122027e-08
6.347,8.50800510102919e-07,-4.53459032308642e-08,-1.20399029257311e-08,-1.20399029257311e-08
6.348,8.48206335387617e-07,-4.52079469612707e-08,-1.2001245705545e-08,-1.2001245705545e-08
6.349,8.45620052984252e-07,-4.50704093615581e-08,-1.19627126513891e-08,-1.19627126513891e-08
6.35,8.43041638941127e-07,-4.49332891646445e-08,-1.19243033642948e-08,-1.19243033642948e-08
6.351,8.40471069379027e-07,-4.47965851072706e-08,-1.18860174465759e-08,-1.18860174465759e-08
6.352,8.37908320491013e-07,-4.46602959299887e-08,-1.18478545018242e-08,-1.18478545018242e-08
6.353,8.35353368542199e-07,-4.45244203771513e-08,-1.18098141349062e-08,-1.18098141349062e-08
6.354,8.32806189869527e-07,-4.43889571968989e-08,-1.17718959519581e-08,-1.17718959519581e-08
6.355,8.30266760881564e-07,-4.42539051411494e-08,-1.17340995603825e-08,-1.17340995603825e-08
6.356,8.27735058058276e-07,-4.41192629655868e-08,-1.16964245688436e-08,-1.16964245688436e-08
6.357,8.25211057950817e-07,-4.39850294296492e-08,-1.16588705872638e-08,-1.16588705872638e-08
6.358,8.22694737181303e-07,-4.38512032965175e-08,-1.1621437226819e-08,-1.1621437226819e-08
6.359,8.20186072442627e-07,-4.37177833331056e-08,-1.15841240999354e-08,-1.15841240999354e-08
6.36,8.1768504049821e-07,-4.35847683100472e-08,-1.15469308202845e-08,-1.15469308202845e-08
6.361,8.15191618181807e-07,-4.34521570016857e-08,-1.15098570027798e-08,-1.15098570027798e-08
6.362,8.12705782397295e-07,-4.3319948186063e-08,-1.14729022635729e-08,-1.14729022635729e-08
6.363,8.1022751011846e-07,-4.31881406449083e-08,-1.14360662200489e-08,-1.14360662200489e-08
6.364,8.07756778388777e-07,-4.30567331636267e-08,-1.13993484908225e-08,-1.13993484908225e-08
6.365,8.05293564321215e-07,-4.29257245312885e-08,-1.13627486957349e-08,-1.13627486957349e-08
6.366,8.02837845098017e-07,-4.27951135406184e-08,-1.13262664558489e-08,-1.13262664558489e-08
6.367,8.00389597970489e-07,-4.26648989879835e-08,-1.12899013934454e-08,-1.12899013934454e-08
6.368,7.97948800258802e-07,-4.25350796733835e-08,-1.12536531320194e-08,-1.12536531320194e-08
6.369,7.95515429351777e-07,-4.24056544004394e-08,-1.12175212962761e-08,-1.12175212962761e-08
6.37,7.93089462706674e-07,-4.22766219763822e-08,-1.11815055121272e-08,-1.11815055121272e-08
6.371,7.90670877848997e-07,-4.21479812120424e-08,-1.11456054066864e-08,-1.11456054066864e-08
6.372,7.88259652372279e-07,-4.20197309218396e-08,-1.11098206082665e-08,-1.11098206082665e-08
6.373,7.85855763937878e-07,-4.18918699237706e-08,-1.10741507463746e-08,-1.10741507463746e-08
6.374,7.83459190274769e-07,-4.17643970393993e-08,-1.10385954517089e-08,-1.10385954517089e-08
6.375,7.8106990917936e-07,-4.16373110938468e-08,-1.10031543561546e-08,-1.10031543561546e-08
6.376,7.78687898515258e-07,-4.1510610915779e-08,-1.09678270927802e-08,-1.09678270927802e-08
6.377,7.76313136213084e-07,-4.13842953373969e-08,-1.09326132958334e-08,-1.09326132958334e-08
6.378,7.73945600270272e-07,-4.12583631944263e-08,-1.08975126007378e-08,-1.08975126007378e-08
6.379,7.71585268750863e-07,-4.11328133261065e-08,-1.08625246440887e-08,-1.08625246440887e-08
6.38,7.692321197853e-07,-4.10076445751798e-08,-1.08276490636495e-08,-1.08276490636495e-08
6.381,7.66886131570234e-07,-4.08828557878814e-08,-1.0792885498348e-08,-1.0792885498348e-08
6.382,7.64547282368327e-07,-4.07584458139289e-08,-1.07582335882725e-08,-1.07582335882725e-08
6.383,7.62215550508037e-07,-4.0634413506511e-08,-1.07236929746681e-08,-1.07236929746681e-08
6.384,7.59890914383441e-07,-4.05107577222781e-08,-1.06892632999332e-08,-1.06892632999332e-08
6.385,7.57573352454022e-07,-4.03874773213313e-08,-1.06549442076157e-08,-1.06549442076157e-08
6.386,7.55262843244472e-07,-4.02645711672119e-08,-1.06207353424089e-08,-1.06207353424089e-08
6.387,7.52959365344505e-07,-4.01420381268917e-08,-1.05866363501482e-08,-1.05866363501482e-08
6.388,7.50662897408653e-07,-4.00198770707623e-08,-1.05526468778079e-08,-1.05526468778079e-08
6.389,7.48373418156071e-07,-3.98980868726244e-08,-1.05187665734961e-08,-1.05187665734961e-08
6.39,7.46090906370338e-07,-3.9776666409678e-08,-1.04849950864529e-08,-1.04849950864529e-08
6.391,7.43815340899281e-07,-3.96556145625127e-08,-1.04513320670451e-08,-1.04513320670451e-08
6.392,7.41546700654757e-07,-3.95349302150962e-08,-1.04177771667638e-08,-1.04177771667638e-08
6.393,7.39284964612469e-07,-3.94146122547652e-08,-1.038433003822e-08,-1.038433003822e-08
6.394,7.37030111811782e-07,-3.9294659572215e-08,-1.03509903351414e-08,-1.03509903351414e-08
6.395,7.34782121355521e-07,-3.91750710614892e-08,-1.03177577123687e-08,-1.03177577123687e-08
6.396,7.32540972409778e-07,-3.90558456199697e-08,-1.02846318258519e-08,-1.02846318258519e-08
6.397,7.3030664420373e-07,-3.89369821483667e-08,-1.02516123326471e-08,-1.02516123326471e-08
6.398,7.28079116029442e-07,-3.88184795507091e-08,-1.02186988909124e-08,-1.02186988909124e-08
6.399,7.25858367241676e-07,-3.87003367343335e-08,-1.01858911599048e-08,-1.01858911599048e-08
6.4,7.23644377257708e-07,-3.85825526098752e-08,-1.01531887999766e-08,-1.01531887999766e-08
6.401,7.21437125557137e-07,-3.84651260912582e-08,-1.01205914725717e-08,-1.01205914725717e-08
6.402,7.19236591681689e-07,-3.83480560956843e-08,-1.0088098840222e-08,-1.0088098840222e-08
6.403,7.17042755235041e-07,-3.82313415436246e-08,-1.00557105665445e-08,-1.00557105665445e-08
6.404,7.14855595882631e-07,-3.81149813588091e-08,-1.00234263162371e-08,-1.00234263162371e-08
6.405,7.12675093351465e-07,-3.79989744682165e-08,-9.99124575507541e-09,-9.99124575507541e-09
6.406,7.10501227429933e-07,-3.78833198020646e-08,-9.95916854990942e-09,-9.95916854990942e-09
6.407,7.0833397796764e-07,-3.77680162938015e-08,-9.9271943686601e-09,-9.9271943686601e-09
6.408,7.06173324875193e-07,-3.76530628800945e-08,-9.89532288031517e-09,-9.89532288031517e-09
6.409,7.04019248124037e-07,-3.7538458500821e-08,-9.86355375492704e-09,-9.86355375492704e-09
6.41,7.01871727746266e-07,-3.74242020990591e-08,-9.83188666360806e-09,-9.83188666360806e-09
6.411,6.99730743834443e-07,-3.73102926210778e-08,-9.80032127852801e-09,-9.80032127852801e-09
6.412,6.97596276541407e-07,-3.71967290163269e-08,-9.7688572729101e-09,-9.7688572729101e-09
6.413,6.95468306080102e-07,-3.70835102374285e-08,-9.73749432102805e-09,-9.73749432102805e-09
6.414,6.93346812723395e-07,-3.69706352401664e-08,-9.70623209820247e-09,-9.70623209820247e-09
6.415,6.91231776803885e-07,-3.68581029834769e-08,-9.67507028079749e-09,-9.67507028079749e-09
6.416,6.89123178713734e-07,-3.67459124294398e-08,-9.64400854621751e-09,-9.64400854621751e-09
6.417,6.87020998904483e-07,-3.66340625432685e-08,-9.61304657290379e-09,-9.61304657290379e-09
6.418,6.8492521788687e-07,-3.65225522933002e-08,-9.58218404033102e-09,-9.58218404033102e-09
6.419,6.82835816230651e-07,-3.64113806509873e-08,-9.5514206290042e-09,-9.5514206290042e-09
6.42,6.80752774564435e-07,-3.63005465908879e-08,-9.52075602045533e-09,-9.52075602045533e-09
6.421,6.78676073575485e-07,-3.61900490906557e-08,-9.49018989723975e-09,-9.49018989723975e-09
6.422,6.76605694009554e-07,-3.60798871310314e-08,-9.45972194293322e-09,-9.45972194293322e-09
6.423,6.74541616670708e-07,-3.59700596958333e-08,-9.42935184212863e-09,-9.42935184212863e-09
6.424,6.72483822421151e-07,-3.58605657719479e-08,-9.3990792804325e-09,-9.3990792804325e-09
6.425,6.70432292181038e-07,-3.57514043493207e-08,-9.36890394446188e-09,-9.36890394446188e-09
6.426,6.68387006928316e-07,-3.5642574420947e-08,-9.33882552184115e-09,-9.33882552184115e-09
6.427,6.6634794769854e-07,-3.55340749828629e-08,-9.30884370119847e-09,-9.30884370119847e-09
6.428,6.64315095584697e-07,-3.54259050341356e-08,-9.27895817216299e-09,-9.27895817216299e-09
6.429,6.62288431737043e-07,-3.53180635768551e-08,-9.24916862536136e-09,-9.24916862536136e-09
6.43,6.60267937362921e-07,-3.52105496161245e-08,-9.2194747524146e-09,-9.2194747524146e-09
6.431,6.58253593726587e-07,-3.51033621600509e-08,-9.18987624593479e-09,-9.18987624593479e-09
6.432,6.56245382149049e-07,-3.49965002197368e-08,-9.16037279952206e-09,-9.16037279952206e-09
6.433,6.54243284007888e-07,-3.4889962809271e-08,-9.13096410776131e-09,-9.13096410776131e-09
6.434,6.52247280737084e-07,-3.4783748945719e-08,-9.10164986621916e-09,-9.10164986621916e-09
6.435,6.5025735382685e-07,-3.46778576491146e-08,-9.07242977144054e-09,-9.07242977144054e-09
6.436,6.48273484823471e-07,-3.45722879424514e-08,-9.04330352094585e-09,-9.04330352094585e-09
6.437,6.46295655329116e-07,-3.44670388516727e-08,-9.0142708132276e-09,-9.0142708132276e-09
6.438,6.44323847001681e-07,-3.43621094056636e-08,-8.98533134774729e-09,-8.98533134774729e-09
6.439,6.42358041554621e-07,-3.42574986362417e-08,-8.95648482493251e-09,-8.95648482493251e-09
6.44,6.40398220756782e-07,-3.41532055781487e-08,-8.92773094617364e-09,-8.92773094617364e-09
6.441,6.38444366432223e-07,-3.40492292690409e-08,-8.89906941382072e-09,-8.89906941382072e-09
6.442,6.36496460460068e-07,-3.39455687494809e-08,-8.87049993118062e-09,-8.87049993118062e-09
6.443,6.34554484774327e-07,-3.38422230629292e-08,-8.84202220251371e-09,-8.84202220251371e-09
6.444,6.32618421363726e-07,-3.37391912557344e-08,-8.81363593303084e-09,-8.81363593303084e-09
6.445,6.30688252271556e-07,-3.36364723771257e-08,-8.78534082889021e-09,-8.78534082889021e-09
6.446,6.28763959595502e-07,-3.35340654792035e-08,-8.75713659719478e-09,-8.75713659719478e-09
6.447,6.26845525487469e-07,-3.34319696169308e-08,-8.72902294598847e-09,-8.72902294598847e-09
6.448,6.24932932153435e-07,-3.3330183848125e-08,-8.70099958425396e-09,-8.70099958425396e-09
6.449,6.23026161853278e-07,-3.32287072334491e-08,-8.67306622190896e-09,-8.67306622190896e-09
6.45,6.21125196900612e-07,-3.31275388364027e-08,-8.64522256980361e-09,-8.64522256980361e-09
6.451,6.19230019662625e-07,-3.30266777233139e-08,-8.61746833971734e-09,-8.61746833971734e-09
6.452,6.17340612559931e-07,-3.29261229633313e-08,-8.58980324435606e-09,-8.58980324435606e-09
6.453,6.15456958066386e-07,-3.28258736284143e-08,-8.56222699734889e-09,-8.56222699734889e-09
6.454,6.13579038708941e-07,-3.27259287933255e-08,-8.53473931324541e-09,-8.53473931324541e-09
6.455,6.11706837067481e-07,-3.2626287535622e-08,-8.50733990751266e-09,-8.50733990751266e-09
6.456,6.09840335774664e-07,-3.25269489356472e-08,-8.48002849653207e-09,-8.48002849653207e-09
6.457,6.07979517515758e-07,-3.2427912076522e-08,-8.45280479759662e-09,-8.45280479759662e-09
6.458,6.06124365028487e-07,-3.23291760441367e-08,-8.42566852890811e-09,-8.42566852890811e-09
6.459,6.04274861102871e-07,-3.2230739927143e-08,-8.39861940957382e-09,-8.39861940957382e-09
6.46,6.02430988581063e-07,-3.21326028169447e-08,-8.37165715960384e-09,-8.37165715960384e-09
6.461,6.00592730357201e-07,-3.20347638076906e-08,-8.34478149990811e-09,-8.34478149990811e-09
6.462,5.98760069377247e-07,-3.19372219962655e-08,-8.31799215229378e-09,-8.31799215229378e-09
6.463,5.96932988638824e-07,-3.1839976482282e-08,-8.29128883946187e-09,-8.29128883946187e-09
6.464,5.95111471191068e-07,-3.17430263680725e-08,-8.26467128500467e-09,-8.26467128500467e-09
6.465,5.93295500134473e-07,-3.16463707586811e-08,-8.23813921340286e-09,-8.23813921340286e-09
6.466,5.91485058620729e-07,-3.15500087618552e-08,-8.21169235002267e-09,-8.21169235002267e-09
6.467,5.89680129852567e-07,-3.14539394880371e-08,-8.18533042111285e-09,-8.18533042111285e-09
6.468,5.87880697083622e-07,-3.1358162050357e-08,-8.15905315380207e-09,-8.15905315380207e-09
6.469,5.86086743618254e-07,-3.12626755646233e-08,-8.13286027609611e-09,-8.13286027609611e-09
6.47,5.84298252811409e-07,-3.11674791493158e-08,-8.10675151687462e-09,-8.10675151687462e-09
6.471,5.82515208068468e-07,-3.10725719255771e-08,-8.0807266058889e-09,-8.0807266058889e-09
6.472,5.8073759284509e-07,-3.09779530172051e-08,-8.05478527375866e-09,-8.05478527375866e-09
6.473,5.78965390647056e-07,-3.08836215506438e-08,-8.02892725196935e-09,-8.02892725196935e-09
6.474,5.77198585030128e-07,-3.0789576654977e-08,-8.00315227286954e-09,-8.00315227286954e-09
6.475,5.75437159599892e-07,-3.0695817461919e-08,-7.97746006966792e-09,-7.97746006966792e-09
6.476,5.73681098011602e-07,-3.06023431058073e-08,-7.95185037643063e-09,-7.95185037643063e-09
6.477,5.71930383970043e-07,-3.05091527235945e-08,-7.92632292807843e-09,-7.92632292807843e-09
6.478,5.70185001229373e-07,-3.04162454548409e-08,-7.90087746038421e-09,-7.90087746038421e-09
6.479,5.68444933592969e-07,-3.03236204417057e-08,-7.8755137099698e-09,-7.8755137099698e-09
6.48,5.6671016491329e-07,-3.023127682894e-08,-7.85023141430374e-09,-7.85023141430374e-09
6.481,5.64980679091726e-07,-3.01392137638788e-08,-7.82503031169823e-09,-7.82503031169823e-09
6.482,5.63256460078438e-07,-3.00474303964331e-08,-7.79991014130648e-09,-7.79991014130648e-09
6.483,5.61537491872225e-07,-2.9955925879082e-08,-7.77487064311988e-09,-7.77487064311988e-09
6.484,5.59823758520377e-07,-2.98646993668654e-08,-7.74991155796585e-09,-7.74991155796585e-09
6.485,5.58115244118515e-07,-2.9773750017376e-08,-7.72503262750444e-09,-7.72503262750444e-09
6.486,5.56411932810456e-07,-2.96830769907515e-08,-7.70023359422593e-09,-7.70023359422593e-09
6.487,5.54713808788066e-07,-2.95926794496671e-08,-7.6755142014485e-09,-7.6755142014485e-09
6.488,5.53020856291117e-07,-2.95025565593283e-08,-7.65087419331503e-09,-7.65087419331503e-09
6.489,5.51333059607131e-07,-2.94127074874621e-08,-7.6263133147907e-09,-7.6263133147907e-09
6.49,5.49650403071249e-07,-2.93231314043108e-08,-7.60183131166047e-09,-7.60183131166047e-09
6.491,5.47972871066084e-07,-2.92338274826233e-08,-7.57742793052626e-09,-7.57742793052626e-09
6.492,5.46300448021567e-07,-2.91447948976483e-08,-7.55310291880421e-09,-7.55310291880421e-09
6.493,5.4463311841482e-07,-2.90560328271264e-08,-7.52885602472242e-09,-7.52885602472242e-09
6.494,5.42970866770005e-07,-2.89675404512826e-08,-7.5046869973182e-09,-7.5046869973182e-09
6.495,5.41313677658178e-07,-2.88793169528191e-08,-7.48059558643516e-09,-7.48059558643516e-09
6.496,5.39661535697155e-07,-2.87913615169073e-08,-7.45658154272106e-09,-7.45658154272106e-09
6.497,5.3801442555137e-07,-2.87036733311812e-08,-7.43264461762497e-09,-7.43264461762497e-09
6.498,5.36372331931727e-07,-2.8616251585729e-08,-7.40878456339475e-09,-7.40878456339475e-09
6.499,5.34735239595465e-07,-2.85290954730864e-08,-7.38500113307453e-09,-7.38500113307453e-09
6.5,5.33103133346024e-07,-2.84422041882292e-08,-7.36129408050213e-09,-7.36129408050213e-09
6.501,5.3147599803289e-07,-2.83555769285655e-08,-7.33766316030636e-09,-7.33766316030636e-09
6.502,5.29853818551468e-07,-2.82692128939287e-08,-7.31410812790481e-09,-7.31410812790481e-09
6.503,5.28236579842942e-07,-2.81831112865703e-08,-7.29062873950093e-09,-7.29062873950093e-09
6.504,5.26624266894133e-07,-2.80972713111524e-08,-7.26722475208177e-09,-7.26722475208177e-09
6.505,5.25016864737361e-07,-2.80116921747403e-08,-7.24389592341536e-09,-7.24389592341536e-09
6.506,5.2341435845031e-07,-2.79263730867957e-08,-7.22064201204812e-09,-7.22064201204812e-09
6.507,5.21816733155894e-07,-2.78413132591693e-08,-7.1974627773027e-09,-7.1974627773027e-09
6.508,5.20223974022109e-07,-2.77565119060933e-08,-7.17435797927499e-09,-7.17435797927499e-09
6.509,5.18636066261909e-07,-2.76719682441747e-08,-7.15132737883189e-09,-7.15132737883189e-09
6.51,5.17052995133067e-07,-2.75876814923878e-08,-7.1283707376091e-09,-7.1283707376091e-09
6.511,5.15474745938032e-07,-2.75036508720671e-08,-7.10548781800794e-09,-7.10548781800794e-09
6.512,5.13901304023803e-07,-2.74198756069006e-08,-7.08267838319369e-09,-7.08267838319369e-09
6.513,5.12332654781794e-07,-2.73363549229222e-08,-7.05994219709259e-09,-7.05994219709259e-09
6.514,5.10768783647692e-07,-2.72530880485047e-08,-7.03727902438951e-09,-7.03727902438951e-09
6.515,5.09209676101327e-07,-2.71700742143529e-08,-7.01468863052571e-09,-7.01468863052571e-09
6.516,5.07655317666549e-07,-2.70873126534971e-08,-6.99217078169626e-09,-6.99217078169626e-09
6.517,5.06105693911076e-07,-2.70048026012848e-08,-6.96972524484742e-09,-6.96972524484742e-09
6.518,5.04560790446375e-07,-2.69225432953748e-08,-6.94735178767464e-09,-6.94735178767464e-09
6.519,5.03020592927525e-07,-2.68405339757301e-08,-6.92505017861989e-09,-6.92505017861989e-09
6.52,5.0148508705309e-07,-2.67587738846105e-08,-6.90282018686921e-09,-6.90282018686921e-09
6.521,4.99954258564976e-07,-2.66772622665659e-08,-6.88066158235051e-09,-6.88066158235051e-09
6.522,4.98428093248314e-07,-2.65959983684297e-08,-6.85857413573111e-09,-6.85857413573111e-09
6.523,4.96906576931322e-07,-2.65149814393117e-08,-6.83655761841519e-09,-6.83655761841519e-09
6.524,4.95389695485173e-07,-2.64342107305908e-08,-6.81461180254179e-09,-6.81461180254179e-09
6.525,4.9387743482387e-07,-2.6353685495909e-08,-6.79273646098206e-09,-6.79273646098206e-09
6.526,4.92369780904117e-07,-2.62734049911641e-08,-6.77093136733719e-09,-6.77093136733719e-09
6.527,4.90866719725181e-07,-2.61933684745026e-08,-6.74919629593581e-09,-6.74919629593581e-09
6.528,4.89368237328775e-07,-2.61135752063138e-08,-6.72753102183193e-09,-6.72753102183193e-09
6.529,4.87874319798924e-07,-2.60340244492224e-08,-6.70593532080252e-09,-6.70593532080252e-09
6.53,4.86384953261836e-07,-2.59547154680815e-08,-6.68440896934488e-09,-6.68440896934488e-09
6.531,4.84900123885775e-07,-2.58756475299667e-08,-6.66295174467475e-09,-6.66295174467475e-09
6.532,4.8341981788094e-07,-2.5796819904169e-08,-6.64156342472399e-09,-6.64156342472399e-09
6.533,4.81944021499329e-07,-2.57182318621879e-08,-6.62024378813779e-09,-6.62024378813779e-09
6.534,4.80472721034616e-07,-2.56398826777249e-08,-6.59899261427281e-09,-6.59899261427281e-09
6.535,4.79005902822029e-07,-2.55617716266773e-08,-6.57780968319498e-09,-6.57780968319498e-09
6.536,4.77543553238221e-07,-2.5483897987131e-08,-6.5566947756768e-09,-6.5566947756768e-09
6.537,4.76085658701143e-07,-2.54062610393539e-08,-6.53564767319539e-09,-6.53564767319539e-09
6.538,4.74632205669922e-07,-2.53288600657899e-08,-6.51466815793016e-09,-6.51466815793016e-09
6.539,4.73183180644738e-07,-2.52516943510518e-08,-6.49375601276039e-09,-6.49375601276039e-09
6.54,4.71738570166694e-07,-2.51747631819149e-08,-6.47291102126328e-09,-6.47291102126328e-09
6.541,4.70298360817699e-07,-2.50980658473106e-08,-6.45213296771144e-09,-6.45213296771144e-09
6.542,4.68862539220341e-07,-2.50216016383201e-08,-6.43142163707077e-09,-6.43142163707077e-09
6.543,4.67431092037762e-07,-2.49453698481671e-08,-6.41077681499824e-09,-6.41077681499824e-09
6.544,4.66004005973541e-07,-2.48693697722123e-08,-6.39019828783961e-09,-6.39019828783961e-09
6.545,4.6458126777157e-07,-2.47936007079466e-08,-6.36968584262723e-09,-6.36968584262723e-09
6.546,4.63162864215928e-07,-2.47180619549845e-08,-6.34923926707795e-09,-6.34923926707795e-09
6.547,4.6174878213076e-07,-2.46427528150577e-08,-6.32885834959066e-09,-6.32885834959066e-09
6.548,4.60339008380165e-07,-2.45676725920092e-08,-6.30854287924443e-09,-6.30854287924443e-09
6.549,4.58933529868065e-07,-2.44928205917864e-08,-6.28829264579609e-09,-6.28829264579609e-09
6.55,4.57532333538087e-07,-2.44181961224349e-08,-6.26810743967789e-09,-6.26810743967789e-09
6.551,4.56135406373446e-07,-2.43437984940924e-08,-6.24798705199601e-09,-6.24798705199601e-09
6.552,4.54742735396824e-07,-2.42696270189823e-08,-6.22793127452754e-09,-6.22793127452754e-09
6.553,4.53354307670247e-07,-2.41956810114071e-08,-6.20793989971889e-09,-6.20793989971889e-09
6.554,4.51970110294972e-07,-2.41219597877426e-08,-6.18801272068342e-09,-6.18801272068342e-09
6.555,4.50590130411366e-07,-2.40484626664312e-08,-6.16814953119939e-09,-6.16814953119939e-09
6.556,4.49214355198783e-07,-2.39751889679762e-08,-6.14835012570764e-09,-6.14835012570764e-09
6.557,4.47842771875456e-07,-2.39021380149351e-08,-6.1286142993098e-09,-6.1286142993098e-09
6.558,4.46475367698371e-07,-2.38293091319138e-08,-6.10894184776586e-09,-6.10894184776586e-09
6.559,4.45112129963152e-07,-2.37567016455599e-08,-6.08933256749202e-09,-6.08933256749202e-09
6.56,4.43753046003944e-07,-2.3684314884557e-08,-6.06978625555888e-09,-6.06978625555888e-09
6.561,4.42398103193304e-07,-2.36121481796188e-08,-6.05030270968919e-09,-6.05030270968919e-09
6.562,4.41047288942071e-07,-2.35402008634822e-08,-6.03088172825558e-09,-6.03088172825558e-09
6.563,4.39700590699259e-07,-2.34684722709018e-08,-6.01152311027877e-09,-6.01152311027877e-09
6.564,4.38357995951942e-07,-2.33969617386436e-08,-5.99222665542522e-09,-5.99222665542522e-09
6.565,4.37019492225138e-07,-2.33256686054791e-08,-5.9729921640054e-09,-5.9729921640054e-09
6.566,4.35685067081688e-07,-2.32545922121789e-08,-5.95381943697115e-09,-5.95381943697115e-09
6.567,4.34354708122153e-07,-2.31837319015071e-08,-5.93470827591424e-09,-5.93470827591424e-09
6.568,4.33028402984693e-07,-2.31130870182152e-08,-5.91565848306394e-09,-5.91565848306394e-09
6.569,4.31706139344948e-07,-2.30426569090357e-08,-5.896669861285e-09,-5.896669861285e-09
6.57,4.30387904915938e-07,-2.29724409226768e-08,-5.87774221407578e-09,-5.87774221407578e-09
6.571,4.29073687447941e-07,-2.29024384098159e-08,-5.85887534556612e-09,-5.85887534556612e-09
6.572,4.27763474728379e-07,-2.28326487230938e-08,-5.8400690605152e-09,-5.8400690605152e-09
6.573,4.26457254581712e-07,-2.27630712171089e-08,-5.82132316430956e-09,-5.82132316430956e-09
6.574,4.25155014869324e-07,-2.26937052484114e-08,-5.80263746296139e-09,-5.80263746296139e-09
6.575,4.23856743489407e-07,-2.26245501754971e-08,-5.78401176310599e-09,-5.78401176310599e-09
6.576,4.22562428376852e-07,-2.25556053588014e-08,-5.76544587200019e-09,-5.76544587200019e-09
6.577,4.21272057503144e-07,-2.24868701606944e-08,-5.74693959752022e-09,-5.74693959752022e-09
6.578,4.19985618876243e-07,-2.2418343945474e-08,-5.72849274815955e-09,-5.72849274815955e-09
6.579,4.18703100540475e-07,-2.23500260793603e-08,-5.71010513302727e-09,-5.71010513302727e-09
6.58,4.17424490576428e-07,-2.22819159304904e-08,-5.69177656184569e-09,-5.69177656184569e-09
6.581,4.16149777100837e-07,-2.22140128689122e-08,-5.67350684494881e-09,-5.67350684494881e-09
6.582,4.14878948266473e-07,-2.21463162665784e-08,-5.65529579327978e-09,-5.65529579327978e-09
6.583,4.13611992262042e-07,-2.20788254973412e-08,-5.63714321838966e-09,-5.63714321838966e-09
6.584,4.12348897312068e-07,-2.20115399369464e-08,-5.61904893243489e-09,-5.61904893243489e-09
6.585,4.11089651676789e-07,-2.19444589630276e-08,-5.60101274817556e-09,-5.60101274817556e-09
6.586,4.09834243652047e-07,-2.18775819551007e-08,-5.58303447897344e-09,-5.58303447897344e-09
6.587,4.08582661569184e-07,-2.18109082945581e-08,-5.56511393879017e-09,-5.56511393879017e-09
6.588,4.07334893794929e-07,-2.1744437364663e-08,-5.547250942185e-09,-5.547250942185e-09
6.589,4.06090928731295e-07,-2.16781685505439e-08,-5.52944530431331e-09,-5.52944530431331e-09
6.59,4.04850754815473e-07,-2.1612101239189e-08,-5.5116968409244e-09,-5.5116968409244e-09
6.591,4.03614360519721e-07,-2.15462348194402e-08,-5.49400536835957e-09,-5.49400536835957e-09
6.592,4.02381734351261e-07,-2.14805686819879e-08,-5.47637070355039e-09,-5.47637070355039e-09
6.593,4.01152864852177e-07,-2.14151022193657e-08,-5.45879266401669e-09,-5.45879266401669e-09
6.594,3.99927740599301e-07,-2.13498348259441e-08,-5.44127106786471e-09,-5.44127106786471e-09
6.595,3.98706350204113e-07,-2.12847658979253e-08,-5.42380573378511e-09,-5.42380573378511e-09
6.596,3.97488682312638e-07,-2.1219894833338e-08,-5.40639648105134e-09,-5.40639648105134e-09
6.597,3.9627472560534e-07,-2.11552210320315e-08,-5.38904312951745e-09,-5.38904312951745e-09
6.598,3.95064468797013e-07,-2.10907438956701e-08,-5.37174549961641e-09,-5.37174549961641e-09
6.599,3.93857900636684e-07,-2.10264628277282e-08,-5.35450341235833e-09,-5.35450341235833e-09
6.6,3.92655009907508e-07,-2.09623772334844e-08,-5.3373166893283e-09,-5.3373166893283e-09
6.601,3.91455785426658e-07,-2.08984865200159e-08,-5.32018515268492e-09,-5.32018515268492e-09
6.602,3.90260216045234e-07,-2.08347900961936e-08,-5.30310862515815e-09,-5.30310862515815e-09
6.603,3.89068290648151e-07,-2.07712873726764e-08,-5.28608693004756e-09,-5.28608693004756e-09
6.604,3.87879998154039e-07,-2.07079777619056e-08,-5.26911989122067e-09,-5.26911989122067e-09
6.605,3.86695327515142e-07,-2.06448606781001e-08,-5.25220733311094e-09,-5.25220733311094e-09
6.606,3.85514267717219e-07,-2.05819355372505e-08,-5.23534908071589e-09,-5.23534908071589e-09
6.607,3.84336807779436e-07,-2.05192017571138e-08,-5.21854495959553e-09,-5.21854495959553e-09
6.608,3.83162936754266e-07,-2.04566587572085e-08,-5.20179479587035e-09,-5.20179479587035e-09
6.609,3.81992643727401e-07,-2.03943059588091e-08,-5.18509841621956e-09,-5.18509841621956e-09
6.61,3.80825917817631e-07,-2.03321427849403e-08,-5.16845564787943e-09,-5.16845564787943e-09
6.611,3.79662748176759e-07,-2.02701686603724e-08,-5.15186631864115e-09,-5.15186631864115e-09
6.612,3.78503123989494e-07,-2.02083830116158e-08,-5.13533025684959e-09,-5.13533025684959e-09
6.613,3.77347034473359e-07,-2.01467852669157e-08,-5.11884729140097e-09,-5.11884729140097e-09
6.614,3.76194468878579e-07,-2.00853748562468e-08,-5.10241725174147e-09,-5.10241725174147e-09
6.615,3.75045416487995e-07,-2.00241512113084e-08,-5.08603996786525e-09,-5.08603996786525e-09
6.616,3.73899866616959e-07,-1.99631137655189e-08,-5.06971527031278e-09,-5.06971527031278e-09
6.617,3.72757808613236e-07,-1.99022619540105e-08,-5.05344299016908e-09,-5.05344299016908e-09
6.618,3.71619231856905e-07,-1.98415952136244e-08,-5.03722295906193e-09,-5.03722295906193e-09
6.619,3.70484125760267e-07,-1.97811129829056e-08,-5.0210550091602e-09,-5.0210550091602e-09
6.62,3.69352479767739e-07,-1.97208147020974e-08,-5.00493897317195e-09,-5.00493897317195e-09
6.621,3.68224283355763e-07,-1.96606998131366e-08,-4.98887468434294e-09,-4.98887468434294e-09
6.622,3.67099526032708e-07,-1.96007677596485e-08,-4.97286197645468e-09,-4.97286197645468e-09
6.623,3.65978197338772e-07,-1.95410179869414e-08,-4.95690068382287e-09,-4.95690068382287e-09
6.624,3.64860286845883e-07,-1.94814499420016e-08,-4.94099064129548e-09,-4.94099064129548e-09
6.625,3.63745784157614e-07,-1.94220630734889e-08,-4.92513168425132e-09,-4.92513168425132e-09
6.626,3.62634678909073e-07,-1.93628568317309e-08,-4.90932364859808e-09,-4.90932364859808e-09
6.627,3.61526960766816e-07,-1.93038306687181e-08,-4.89356637077081e-09,-4.89356637077081e-09
6.628,3.60422619428752e-07,-1.92449840380993e-08,-4.87785968773002e-09,-4.87785968773002e-09
6.629,3.59321644624046e-07,-1.91863163951759e-08,-4.86220343696032e-09,-4.86220343696032e-09
6.63,3.5822402611302e-07,-1.91278271968977e-08,-4.84659745646829e-09,-4.84659745646829e-09
6.631,3.5712975368707e-07,-1.90695159018571e-08,-4.83104158478124e-09,-4.83104158478124e-09
6.632,3.56038817168562e-07,-1.90113819702851e-08,-4.81553566094522e-09,-4.81553566094522e-09
6.633,3.5495120641074e-07,-1.89534248640454e-08,-4.80007952452355e-09,-4.80007952452355e-09
6.634,3.53866911297638e-07,-1.889564404663e-08,-4.78467301559507e-09,-4.78467301559507e-09
6.635,3.52785921743982e-07,-1.88380389831544e-08,-4.76931597475244e-09,-4.76931597475244e-09
6.636,3.51708227695096e-07,-1.87806091403523e-08,-4.75400824310058e-09,-4.75400824310058e-09
6.637,3.50633819126814e-07,-1.8723353986571e-08,-4.73874966225498e-09,-4.73874966225498e-09
6.638,3.49562686045387e-07,-1.86662729917665e-08,-4.72354007434007e-09,-4.72354007434007e-09
6.639,3.48494818487384e-07,-1.86093656274985e-08,-4.70837932198757e-09,-4.70837932198757e-09
6.64,3.47430206519608e-07,-1.85526313669257e-08,-4.6932672483349e-09,-4.6932672483349e-09
6.641,3.46368840239006e-07,-1.8496069684801e-08,-4.67820369702343e-09,-4.67820369702343e-09
6.642,3.45310709772568e-07,-1.84396800574666e-08,-4.66318851219708e-09,-4.66318851219708e-09
6.643,3.44255805277245e-07,-1.83834619628491e-08,-4.64822153850045e-09,-4.64822153850045e-09
6.644,3.43204116939855e-07,-1.83274148804552e-08,-4.63330262107744e-09,-4.63330262107744e-09
6.645,3.42155634976994e-07,-1.82715382913663e-08,-4.61843160556946e-09,-4.61843160556946e-09
6.646,3.41110349634942e-07,-1.82158316782341e-08,-4.60360833811399e-09,-4.60360833811399e-09
6.647,3.40068251189577e-07,-1.81602945252758e-08,-4.58883266534286e-09,-4.58883266534286e-09
6.648,3.39029329946288e-07,-1.81049263182695e-08,-4.57410443438071e-09,-4.57410443438071e-09
6.649,3.37993576239876e-07,-1.80497265445493e-08,-4.55942349284337e-09,-4.55942349284337e-09
6.65,3.36960980434476e-07,-1.79946946930007e-08,-4.54478968883644e-09,-4.54478968883644e-09
6.651,3.35931532923462e-07,-1.79398302540558e-08,-4.53020287095347e-09,-4.53020287095347e-09
6.652,3.34905224129358e-07,-1.78851327196888e-08,-4.51566288827454e-09,-4.51566288827454e-09
6.653,3.33882044503754e-07,-1.78306015834114e-08,-4.50116959036468e-09,-4.50116959036468e-09
6.654,3.32861984527217e-07,-1.77762363402679e-08,-4.48672282727236e-09,-4.48672282727236e-09
6.655,3.31845034709198e-07,-1.77220364868307e-08,-4.47232244952776e-09,-4.47232244952776e-09
6.656,3.30831185587948e-07,-1.76680015211958e-08,-4.4579683081414e-09,-4.4579683081414e-09
6.657,3.2982042773044e-07,-1.76141309429783e-08,-4.44366025460255e-09,-4.44366025460255e-09
6.658,3.28812751732264e-07,-1.75604242533072e-08,-4.42939814087768e-09,-4.42939814087768e-09
6.659,3.27808148217552e-07,-1.75068809548215e-08,-4.41518181940885e-09,-4.41518181940885e-09
6.66,3.26806607838894e-07,-1.74535005516654e-08,-4.40101114311229e-09,-4.40101114311229e-09
6.661,3.25808121277245e-07,-1.74002825494839e-08,-4.38688596537694e-09,-4.38688596537694e-09
6.662,3.24812679241838e-07,-1.73472264554179e-08,-4.37280614006265e-09,-4.37280614006265e-09
6.663,3.23820272470107e-07,-1.72943317781e-08,-4.35877152149894e-09,-4.35877152149894e-09
6.664,3.22830891727595e-07,-1.72415980276501e-08,-4.34478196448341e-09,-4.34478196448341e-09
6.665,3.21844527807869e-07,-1.71890247156704e-08,-4.33083732428022e-09,-4.33083732428022e-09
6.666,3.20861171532438e-07,-1.71366113552416e-08,-4.31693745661852e-09,-4.31693745661852e-09
6.667,3.19880813750669e-07,-1.70843574609179e-08,-4.3030822176911e-09,-4.3030822176911e-09
6.668,3.18903445339698e-07,-1.70322625487229e-08,-4.28927146415281e-09,-4.28927146415281e-09
6.669,3.1792905720435e-07,-1.69803261361449e-08,-4.27550505311906e-09,-4.27550505311906e-09
6.67,3.16957640277054e-07,-1.69285477421326e-08,-4.26178284216442e-09,-4.26178284216442e-09
6.671,3.1598918551776e-07,-1.68769268870909e-08,-4.24810468932106e-09,-4.24810468932106e-09
6.672,3.15023683913853e-07,-1.6825463092876e-08,-4.23447045307728e-09,-4.23447045307728e-09
6.673,3.14061126480074e-07,-1.67741558827916e-08,-4.22087999237617e-09,-4.22087999237617e-09
6.674,3.13101504258437e-07,-1.67230047815841e-08,-4.20733316661401e-09,-4.20733316661401e-09
6.675,3.12144808318141e-07,-1.66720093154384e-08,-4.19382983563882e-09,-4.19382983563882e-09
6.676,3.11191029755495e-07,-1.66211690119737e-08,-4.18036985974897e-09,-4.18036985974897e-09
6.677,3.10240159693829e-07,-1.6570483400239e-08,-4.16695309969176e-09,-4.16695309969176e-09
6.678,3.09292189283419e-07,-1.65199520107086e-08,-4.15357941666187e-09,-4.15357941666187e-09
6.679,3.08347109701399e-07,-1.64695743752783e-08,-4.14024867229999e-09,-4.14024867229999e-09
6.68,3.07404912151686e-07,-1.64193500272608e-08,-4.12696072869141e-09,-4.12696072869141e-09
6.681,3.06465587864892e-07,-1.63692785013812e-08,-4.11371544836447e-09,-4.11371544836447e-09
6.682,3.05529128098251e-07,-1.63193593337732e-08,-4.10051269428929e-09,-4.10051269428929e-09
6.683,3.04595524135533e-07,-1.62695920619748e-08,-4.0873523298763e-09,-4.0873523298763e-09
6.684,3.03664767286962e-07,-1.62199762249236e-08,-4.07423421897476e-09,-4.07423421897476e-09
6.685,3.02736848889141e-07,-1.61705113629529e-08,-4.06115822587138e-09,-4.06115822587138e-09
6.686,3.01811760304972e-07,-1.61211970177878e-08,-4.04812421528899e-09,-4.04812421528899e-09
6.687,3.00889492923574e-07,-1.60720327325403e-08,-4.03513205238504e-09,-4.03513205238504e-09
6.688,2.99970038160199e-07,-1.60230180517056e-08,-4.02218160275024e-09,-4.02218160275024e-09
6.689,2.99053387456164e-07,-1.59741525211578e-08,-4.00927273240716e-09,-4.00927273240716e-09
6.69,2.98139532278766e-07,-1.5925435688146e-08,-3.99640530780893e-09,-3.99640530780893e-09
6.691,2.97228464121198e-07,-1.58768671012894e-08,-3.98357919583762e-09,-3.98357919583762e-09
6.692,2.9632017450248e-07,-1.58284463105741e-08,-3.97079426380318e-09,-3.97079426380318e-09
6.693,2.95414654967379e-07,-1.57801728673483e-08,-3.95805037944181e-09,-3.95805037944181e-09
6.694,2.94511897086323e-07,-1.57320463243185e-08,-3.94534741091472e-09,-3.94534741091472e-09
6.695,2.93611892455334e-07,-1.56840662355454e-08,-3.93268522680665e-09,-3.93268522680665e-09
6.696,2.92714632695945e-07,-1.56362321564397e-08,-3.92006369612471e-09,-3.92006369612471e-09
6.697,2.9182010945512e-07,-1.55885436437579e-08,-3.90748268829679e-09,-3.90748268829679e-09
6.698,2.90928314405186e-07,-1.55410002555986e-08,-3.89494207317036e-09,-3.89494207317036e-09
6.699,2.90039239243747e-07,-1.54936015513982e-08,-3.88244172101107e-09,-3.88244172101107e-09
6.7,2.89152875693612e-07,-1.5446347091927e-08,-3.86998150250143e-09,-3.86998150250143e-09
6.701,2.88269215502716e-07,-1.53992364392847e-08,-3.8575612887394e-09,-3.8575612887394e-09
6.702,2.87388250444052e-07,-1.53522691568973e-08,-3.84518095123715e-09,-3.84518095123715e-09
6.703,2.86509972315583e-07,-1.53054448095124e-08,-3.83284036191968e-09,-3.83284036191968e-09
6.704,2.85634372940173e-07,-1.52587629631951e-08,-3.82053939312348e-09,-3.82053939312348e-09
6.705,2.84761444165513e-07,-1.52122231853247e-08,-3.80827791759525e-09,-3.80827791759525e-09
6.706,2.83891177864044e-07,-1.51658250445901e-08,-3.79605580849056e-09,-3.79605580849056e-09
6.707,2.8302356593288e-07,-1.51195681109862e-08,-3.78387293937248e-09,-3.78387293937248e-09
6.708,2.82158600293735e-07,-1.50734519558097e-08,-3.77172918421038e-09,-3.77172918421038e-09
6.709,2.81296272892852e-07,-1.50274761516555e-08,-3.75962441737858e-09,-3.75962441737858e-09
6.71,2.80436575700921e-07,-1.49816402724126e-08,-3.74755851365491e-09,-3.74755851365491e-09
6.711,2.79579500713012e-07,-1.49359438932599e-08,-3.73553134821974e-09,-3.73553134821974e-09
6.712,2.787250399485e-07,-1.48903865906629e-08,-3.72354279665429e-09,-3.72354279665429e-09
6.713,2.77873185450985e-07,-1.48449679423695e-08,-3.71159273493964e-09,-3.71159273493964e-09
6.714,2.77023929288229e-07,-1.47996875274059e-08,-3.69968103945536e-09,-3.69968103945536e-09
6.715,2.76177263552075e-07,-1.47545449260732e-08,-3.68780758697812e-09,-3.68780758697812e-09
6.716,2.75333180358376e-07,-1.47095397199433e-08,-3.67597225468062e-09,-3.67597225468062e-09
6.717,2.74491671846922e-07,-1.4664671491855e-08,-3.66417492013006e-09,-3.66417492013006e-09
6.718,2.73652730181374e-07,-1.46199398259104e-08,-3.65241546128715e-09,-3.65241546128715e-09
6.719,2.72816347549179e-07,-1.45753443074709e-08,-3.6406937565046e-09,-3.6406937565046e-09
6.72,2.71982516161508e-07,-1.45308845231534e-08,-3.62900968452607e-09,-3.62900968452607e-09
6.721,2.71151228253183e-07,-1.44865600608266e-08,-3.61736312448472e-09,-3.61736312448472e-09
6.722,2.70322476082601e-07,-1.44423705096073e-08,-3.60575395590211e-09,-3.60575395590211e-09
6.723,2.69496251931666e-07,-1.43983154598564e-08,-3.59418205868682e-09,-3.59418205868682e-09
6.724,2.68672548105718e-07,-1.43543945031752e-08,-3.58264731313337e-09,-3.58264731313337e-09
6.725,2.67851356933459e-07,-1.4310607232402e-08,-3.57114959992084e-09,-3.57114959992084e-09
6.726,2.67032670766887e-07,-1.42669532416077e-08,-3.55968880011166e-09,-3.55968880011166e-09
6.727,2.6621648198122e-07,-1.42234321260928e-08,-3.54826479515042e-09,-3.54826479515042e-09
6.728,2.65402782974831e-07,-1.41800434823832e-08,-3.53687746686266e-09,-3.53687746686266e-09
6.729,2.64591566169174e-07,-1.41367869082265e-08,-3.52552669745354e-09,-3.52552669745354e-09
6.73,2.63782824008714e-07,-1.40936620025889e-08,-3.51421236950669e-09,-3.51421236950669e-09
6.731,2.62976548960863e-07,-1.40506683656506e-08,-3.50293436598302e-09,-3.50293436598302e-09
6.732,2.62172733515902e-07,-1.40078055988029e-08,-3.49169257021952e-09,-3.49169257021952e-09
6.733,2.61371370186917e-07,-1.39650733046441e-08,-3.48048686592791e-09,-3.48048686592791e-09
6.734,2.60572451509731e-07,-1.39224710869763e-08,-3.46931713719358e-09,-3.46931713719358e-09
6.735,2.59775970042832e-07,-1.38799985508011e-08,-3.45818326847438e-09,-3.45818326847438e-09
6.736,2.58981918367303e-07,-1.38376553023167e-08,-3.44708514459928e-09,-3.44708514459928e-09
6.737,2.58190289086759e-07,-1.37954409489136e-08,-3.43602265076739e-09,-3.43602265076739e-09
6.738,2.57401074827276e-07,-1.37533550991717e-08,-3.42499567254662e-09,-3.42499567254662e-09
6.739,2.56614268237319e-07,-1.37113973628562e-08,-3.41400409587256e-09,-3.41400409587256e-09
6.74,2.55829861987684e-07,-1.3669567350914e-08,-3.40304780704725e-09,-3.40304780704725e-09
6.741,2.55047848771418e-07,-1.36278646754707e-08,-3.392126692738e-09,-3.392126692738e-09
6.742,2.54268221303763e-07,-1.35862889498264e-08,-3.38124063997629e-09,-3.38124063997629e-09
6.743,2.53490972322079e-07,-1.35448397884523e-08,-3.37038953615655e-09,-3.37038953615655e-09
6.744,2.52716094585787e-07,-1.35035168069875e-08,-3.35957326903501e-09,-3.35957326903501e-09
6.745,2.51943580876292e-07,-1.34623196222352e-08,-3.34879172672844e-09,-3.34879172672844e-09
6.746,2.51173423996923e-07,-1.3421247852159e-08,-3.33804479771321e-09,-3.33804479771321e-09
6.747,2.50405616772868e-07,-1.338030111588e-08,-3.32733237082389e-09,-3.32733237082389e-09
6.748,2.496401520511e-07,-1.33394790336726e-08,-3.31665433525223e-09,-3.31665433525223e-09
6.749,2.48877022700316e-07,-1.32987812269613e-08,-3.30601058054603e-09,-3.30601058054603e-09
6.75,2.48116221610876e-07,-1.32582073183177e-08,-3.29540099660793e-09,-3.29540099660793e-09
6.751,2.47357741694728e-07,-1.32177569314563e-08,-3.28482547369429e-09,-3.28482547369429e-09
6.752,2.46601575885346e-07,-1.31774296912312e-08,-3.27428390241405e-09,-3.27428390241405e-09
6.753,2.45847717137668e-07,-1.31372252236331e-08,-3.26377617372761e-09,-3.26377617372761e-09
6.754,2.4509615842803e-07,-1.30971431557856e-08,-3.25330217894576e-09,-3.25330217894576e-09
6.755,2.44346892754096e-07,-1.30571831159414e-08,-3.24286180972837e-09,-3.24286180972837e-09
6.756,2.435999131348e-07,-1.30173447334796e-08,-3.2324549580835e-09,-3.2324549580835e-09
6.757,2.42855212610279e-07,-1.29776276389019e-08,-3.22208151636607e-09,-3.22208151636607e-09
6.758,2.42112784241806e-07,-1.29380314638291e-08,-3.21174137727693e-09,-3.21174137727693e-09
6.759,2.41372621111732e-07,-1.2898555840998e-08,-3.20143443386165e-09,-3.20143443386165e-09
6.76,2.40634716323416e-07,-1.28592004042579e-08,-3.19116057950935e-09,-3.19116057950935e-09
6.761,2.39899063001166e-07,-1.28199647885672e-08,-3.18091970795172e-09,-3.18091970795172e-09
6.762,2.39165654290172e-07,-1.278084862999e-08,-3.17071171326187e-09,-3.17071171326187e-09
6.763,2.38434483356446e-07,-1.27418515656932e-08,-3.1605364898533e-09,-3.1605364898533e-09
6.764,2.37705543386756e-07,-1.27029732339425e-08,-3.15039393247857e-09,-3.15039393247857e-09
6.765,2.36978827588565e-07,-1.26642132740994e-08,-3.14028393622854e-09,-3.14028393622854e-09
6.766,2.36254329189968e-07,-1.26255713266181e-08,-3.13020639653102e-09,-3.13020639653102e-09
6.767,2.35532041439629e-07,-1.2587047033042e-08,-3.12016120914979e-09,-3.12016120914979e-09
6.768,2.34811957606719e-07,-1.25486400360001e-08,-3.11014827018361e-09,-3.11014827018361e-09
6.769,2.34094070980852e-07,-1.25103499792044e-08,-3.10016747606495e-09,-3.10016747606495e-09
6.77,2.3337837487203e-07,-1.2472176507446e-08,-3.09021872355909e-09,-3.09021872355909e-09
6.771,2.32664862610569e-07,-1.24341192665923e-08,-3.08030190976292e-09,-3.08030190976292e-09
6.772,2.31953527547051e-07,-1.23961779035834e-08,-3.07041693210395e-09,-3.07041693210395e-09
6.773,2.31244363052252e-07,-1.2358352066429e-08,-3.06056368833927e-09,-3.06056368833927e-09
6.774,2.30537362517086e-07,-1.23206414042053e-08,-3.05074207655438e-09,-3.05074207655438e-09
6.775,2.29832519352545e-07,-1.22830455670516e-08,-3.0409519951623e-09,-3.0409519951623e-09
6.776,2.29129826989634e-07,-1.22455642061671e-08,-3.03119334290234e-09,-3.03119334290234e-09
6.777,2.28429278879312e-07,-1.22081969738078e-08,-3.02146601883916e-09,-3.02146601883916e-09
6.778,2.27730868492435e-07,-1.21709435232831e-08,-3.01176992236169e-09,-3.01176992236169e-09
6.779,2.2703458931969e-07,-1.2133803508953e-08,-3.00210495318215e-09,-3.00210495318215e-09
6.78,2.26340434871538e-07,-1.20967765862246e-08,-2.99247101133486e-09,-2.99247101133486e-09
6.781,2.25648398678154e-07,-1.20598624115489e-08,-2.98286799717538e-09,-2.98286799717538e-09
6.782,2.24958474289371e-07,-1.20230606424181e-08,-2.97329581137941e-09,-2.97329581137941e-09
6.783,2.24270655274609e-07,-1.19863709373618e-08,-2.96375435494167e-09,-2.96375435494167e-09
6.784,2.23584935222829e-07,-1.19497929559442e-08,-2.95424352917504e-09,-2.95424352917504e-09
6.785,2.22901307742466e-07,-1.19133263587613e-08,-2.94476323570938e-09,-2.94476323570938e-09
6.786,2.22219766461373e-07,-1.18769708074372e-08,-2.93531337649065e-09,-2.93531337649065e-09
6.787,2.21540305026758e-07,-1.18407259646213e-08,-2.92589385377978e-09,-2.92589385377978e-09
6.788,2.20862917105133e-07,-1.18045914939851e-08,-2.91650457015175e-09,-2.91650457015175e-09
6.789,2.20187596382247e-07,-1.17685670602193e-08,-2.90714542849447e-09,-2.90714542849447e-09
6.79,2.19514336563035e-07,-1.17326523290305e-08,-2.89781633200793e-09,-2.89781633200793e-09
6.791,2.18843131371553e-07,-1.16968469671382e-08,-2.88851718420303e-09,-2.88851718420303e-09
6.792,2.18173974550927e-07,-1.16611506422718e-08,-2.87924788890068e-09,-2.87924788890068e-09
6.793,2.1750685986329e-07,-1.16255630231676e-08,-2.87000835023079e-09,-2.87000835023079e-09
6.794,2.16841781089727e-07,-1.15900837795653e-08,-2.86079847263133e-09,-2.86079847263133e-09
6.795,2.16178732030216e-07,-1.15547125822059e-08,-2.85161816084716e-09,-2.85161816084716e-09
6.796,2.15517706503572e-07,-1.15194491028276e-08,-2.84246731992923e-09,-2.84246731992923e-09
6.797,2.14858698347389e-07,-1.14842930141634e-08,-2.83334585523351e-09,-2.83334585523351e-09
6.798,2.14201701417986e-07,-1.14492439899384e-08,-2.82425367242009e-09,-2.82425367242009e-09
6.799,2.13546709590345e-07,-1.14143017048658e-08,-2.81519067745206e-09,-2.81519067745206e-09
6.8,2.12893716758058e-07,-1.13794658346449e-08,-2.80615677659464e-09,-2.80615677659464e-09
6.801,2.1224271683327e-07,-1.13447360559576e-08,-2.79715187641422e-09,-2.79715187641422e-09
6.802,2.11593703746624e-07,-1.13101120464655e-08,-2.78817588377731e-09,-2.78817588377731e-09
6.803,2.10946671447201e-07,-1.12755934848071e-08,-2.77922870584968e-09,-2.77922870584968e-09
6.804,2.10301613902469e-07,-1.12411800505947e-08,-2.77031025009527e-09,-2.77031025009527e-09
6.805,2.09658525098225e-07,-1.12068714244116e-08,-2.76142042427538e-09,-2.76142042427538e-09
6.806,2.09017399038537e-07,-1.11726672878088e-08,-2.75255913644761e-09,-2.75255913644761e-09
6.807,2.08378229745694e-07,-1.11385673233027e-08,-2.74372629496488e-09,-2.74372629496488e-09
6.808,2.07741011260148e-07,-1.11045712143716e-08,-2.73492180847465e-09,-2.73492180847465e-09
6.809,2.07105737640455e-07,-1.10706786454531e-08,-2.72614558591777e-09,-2.72614558591777e-09
6.81,2.06472402963228e-07,-1.1036889301941e-08,-2.71739753652764e-09,-2.71739753652764e-09
6.811,2.05841001323078e-07,-1.10032028701828e-08,-2.70867756982931e-09,-2.70867756982931e-09
6.812,2.05211526832557e-07,-1.09696190374763e-08,-2.69998559563842e-09,-2.69998559563842e-09
6.813,2.04583973622108e-07,-1.09361374920671e-08,-2.69132152406036e-09,-2.69132152406036e-09
6.814,2.0395833584001e-07,-1.09027579231455e-08,-2.68268526548937e-09,-2.68268526548937e-09
6.815,2.03334607652322e-07,-1.0869480020844e-08,-2.6740767306075e-09,-2.6740767306075e-09
6.816,2.02712783242829e-07,-1.08363034762339e-08,-2.66549583038373e-09,-2.66549583038373e-09
6.817,2.02092856812993e-07,-1.08032279813231e-08,-2.65694247607308e-09,-2.65694247607308e-09
6.818,2.01474822581893e-07,-1.07702532290528e-08,-2.64841657921569e-09,-2.64841657921569e-09
6.819,2.00858674786174e-07,-1.07373789132947e-08,-2.63991805163587e-09,-2.63991805163587e-09
6.82,2.00244407679997e-07,-1.07046047288484e-08,-2.63144680544118e-09,-2.63144680544118e-09
6.821,1.99632015534982e-07,-1.06719303714388e-08,-2.62300275302158e-09,-2.62300275302158e-09
6.822,1.99021492640154e-07,-1.06393555377125e-08,-2.61458580704844e-09,-2.61458580704844e-09
6.823,1.98412833301896e-07,-1.06068799252359e-08,-2.60619588047371e-09,-2.60619588047371e-09
6.824,1.97806031843891e-07,-1.0574503232492e-08,-2.59783288652899e-09,-2.59783288652899e-09
6.825,1.97201082607072e-07,-1.05422251588776e-08,-2.58949673872457e-09,-2.58949673872457e-09
6.826,1.96597979949568e-07,-1.05100454047005e-08,-2.58118735084868e-09,-2.58118735084868e-09
6.827,1.95996718246656e-07,-1.04779636711772e-08,-2.57290463696645e-09,-2.57290463696645e-09
6.828,1.95397291890703e-07,-1.04459796604295e-08,-2.56464851141908e-09,-2.56464851141908e-09
6.829,1.94799695291117e-07,-1.04140930754823e-08,-2.55641888882299e-09,-2.55641888882299e-09
6.83,1.94203922874299e-07,-1.03823036202605e-08,-2.54821568406888e-09,-2.54821568406888e-09
6.831,1.93609969083586e-07,-1.03506109995866e-08,-2.54003881232084e-09,-2.54003881232084e-09
6.832,1.93017828379201e-07,-1.03190149191775e-08,-2.53188818901552e-09,-2.53188818901552e-09
6.833,1.92427495238204e-07,-1.02875150856426e-08,-2.52376372986123e-09,-2.52376372986123e-09
6.834,1.91838964154439e-07,-1.02561112064802e-08,-2.51566535083707e-09,-2.51566535083707e-09
6.835,1.91252229638484e-07,-1.02248029900754e-08,-2.50759296819206e-09,-2.50759296819206e-09
6.836,1.906672862176e-07,-1.01935901456973e-08,-2.49954649844428e-09,-2.49954649844428e-09
6.837,1.90084128435681e-07,-1.01624723834962e-08,-2.49152585837998e-09,-2.49152585837998e-09
6.838,1.89502750853199e-07,-1.0131449414501e-08,-2.48353096505269e-09,-2.48353096505269e-09
6.839,1.88923148047164e-07,-1.01005209506166e-08,-2.47556173578251e-09,-2.47556173578251e-09
6.84,1.88345314611064e-07,-1.00696867046213e-08,-2.46761808815507e-09,-2.46761808815507e-09
6.841,1.87769245154818e-07,-1.0038946390164e-08,-2.4596999400208e-09,-2.4596999400208e-09
6.842,1.87194934304727e-07,-1.00082997217616e-08,-2.45180720949393e-09,-2.45180720949393e-09
6.843,1.86622376703428e-07,-9.9777464147964e-09,-2.44393981495195e-09,-2.44393981495195e-09
6.844,1.86051567009837e-07,-9.94728618551364e-09,-2.43609767503436e-09,-2.43609767503436e-09
6.845,1.85482499899102e-07,-9.91691875101862e-09,-2.42828070864209e-09,-2.42828070864209e-09
6.846,1.84915170062559e-07,-9.88664382927432e-09,-2.4204888349367e-09,-2.4204888349367e-09
6.847,1.84349572207677e-07,-9.85646113909872e-09,-2.41272197333927e-09,-2.41272197333927e-09
6.848,1.83785701058011e-07,-9.82637040016214e-09,-2.40498004352989e-09,-2.40498004352989e-09
6.849,1.83223551353153e-07,-9.79637133298483e-09,-2.39726296544655e-09,-2.39726296544655e-09
6.85,1.82663117848686e-07,-9.76646365893429e-09,-2.38957065928452e-09,-2.38957065928452e-09
6.851,1.82104395316129e-07,-9.73664710022267e-09,-2.38190304549542e-09,-2.38190304549542e-09
6.852,1.81547378542898e-07,-9.70692137990436e-09,-2.37426004478637e-09,-2.37426004478637e-09
6.853,1.8099206233225e-07,-9.67728622187336e-09,-2.36664157811931e-09,-2.36664157811931e-09
6.854,1.80438441503238e-07,-9.64774135086066e-09,-2.35904756671e-09,-2.35904756671e-09
6.855,1.79886510890661e-07,-9.61828649243187e-09,-2.35147793202728e-09,-2.35147793202728e-09
6.856,1.79336265345022e-07,-9.58892137298463e-09,-2.34393259579232e-09,-2.34393259579232e-09
6.857,1.78787699732474e-07,-9.55964571974603e-09,-2.33641147997778e-09,-2.33641147997778e-09
6.858,1.78240808934774e-07,-9.53045926077012e-09,-2.32891450680688e-09,-2.32891450680688e-09
6.859,1.77695587849241e-07,-9.50136172493564e-09,-2.32144159875275e-09,-2.32144159875275e-09
6.86,1.77152031388699e-07,-9.47235284194314e-09,-2.31399267853758e-09,-2.31399267853758e-09
6.861,1.7661013448144e-07,-9.44343234231273e-09,-2.30656766913178e-09,-2.30656766913178e-09
6.862,1.76069892071169e-07,-9.41459995738163e-09,-2.29916649375322e-09,-2.29916649375322e-09
6.863,1.75531299116965e-07,-9.3858554193016e-09,-2.29178907586645e-09,-2.29178907586645e-09
6.864,1.74994350593227e-07,-9.35719846103647e-09,-2.28443533918184e-09,-2.28443533918184e-09
6.865,1.74459041489632e-07,-9.32862881635977e-09,-2.27710520765485e-09,-2.27710520765485e-09
6.866,1.73925366811087e-07,-9.30014621985225e-09,-2.26979860548523e-09,-2.26979860548523e-09
6.867,1.73393321577685e-07,-9.27175040689936e-09,-2.26251545711622e-09,-2.26251545711622e-09
6.868,1.72862900824654e-07,-9.24344111368894e-09,-2.2552556872338e-09,-2.2552556872338e-09
6.869,1.72334099602319e-07,-9.21521807720876e-09,-2.24801922076588e-09,-2.24801922076588e-09
6.87,1.71806912976048e-07,-9.18708103524397e-09,-2.24080598288148e-09,-2.24080598288148e-09
6.871,1.7128133602621e-07,-9.15902972637492e-09,-2.23361589899007e-09,-2.23361589899007e-09
6.872,1.70757363848132e-07,-9.13106388997459e-09,-2.22644889474072e-09,-2.22644889474072e-09
6.873,1.7023499155205e-07,-9.10318326620621e-09,-2.21930489602133e-09,-2.21930489602133e-09
6.874,1.69714214263064e-07,-9.07538759602087e-09,-2.21218382895784e-09,-2.21218382895784e-09
6.875,1.69195027121095e-07,-9.04767662115531e-09,-2.20508561991359e-09,-2.20508561991359e-09
6.876,1.68677425280838e-07,-9.02005008412925e-09,-2.19801019548837e-09,-2.19801019548837e-09
6.877,1.6816140391172e-07,-8.99250772824322e-09,-2.19095748251781e-09,-2.19095748251781e-09
6.878,1.67646958197851e-07,-8.96504929757616e-09,-2.18392740807255e-09,-2.18392740807255e-09
6.879,1.67134083337984e-07,-8.9376745369831e-09,-2.17691989945755e-09,-2.17691989945755e-09
6.88,1.66622774545468e-07,-8.91038319209266e-09,-2.16993488421122e-09,-2.16993488421122e-09
6.881,1.66113027048203e-07,-8.88317500930494e-09,-2.16297229010476e-09,-2.16297229010476e-09
6.882,1.656048360886e-07,-8.85604973578902e-09,-2.15603204514146e-09,-2.15603204514146e-09
6.883,1.65098196923531e-07,-8.82900711948065e-09,-2.1491140775558e-09,-2.1491140775558e-09
6.884,1.64593104824289e-07,-8.80204690908002e-09,-2.14221831581281e-09,-2.14221831581281e-09
6.885,1.64089555076547e-07,-8.7751688540494e-09,-2.13534468860738e-09,-2.13534468860738e-09
6.886,1.63587542980305e-07,-8.74837270461075e-09,-2.12849312486338e-09,-2.12849312486338e-09
6.887,1.63087063849858e-07,-8.7216582117436e-09,-2.12166355373301e-09,-2.12166355373301e-09
6.888,1.62588113013745e-07,-8.69502512718262e-09,-2.1148559045961e-09,-2.1148559045961e-09
6.889,1.62090685814707e-07,-8.66847320341537e-09,-2.10807010705928e-09,-2.10807010705928e-09
6.89,1.61594777609645e-07,-8.64200219367998e-09,-2.10130609095532e-09,-2.10130609095532e-09
6.891,1.6110038376958e-07,-8.61561185196309e-09,-2.09456378634244e-09,-2.09456378634244e-09
6.892,1.60607499679605e-07,-8.58930193299728e-09,-2.08784312350346e-09,-2.08784312350346e-09
6.893,1.60116120738841e-07,-8.56307219225899e-09,-2.08114403294514e-09,-2.08114403294514e-09
6.894,1.59626242360405e-07,-8.53692238596628e-09,-2.07446644539758e-09,-2.07446644539758e-09
6.895,1.59137859971355e-07,-8.51085227107657e-09,-2.06781029181329e-09,-2.06781029181329e-09
6.896,1.58650969012656e-07,-8.48486160528429e-09,-2.06117550336663e-09,-2.06117550336663e-09
6.897,1.58165564939133e-07,-8.45895014701883e-09,-2.05456201145302e-09,-2.05456201145302e-09
6.898,1.57681643219433e-07,-8.43311765544224e-09,-2.04796974768827e-09,-2.04796974768827e-09
6.899,1.57199199335978e-07,-8.4073638904469e-09,-2.04139864390787e-09,-2.04139864390787e-09
6.9,1.56718228784931e-07,-8.38168861265354e-09,-2.03484863216625e-09,-2.03484863216625e-09
6.901,1.56238727076146e-07,-8.35609158340887e-09,-2.0283196447361e-09,-2.0283196447361e-09
6.902,1.55760689733131e-07,-8.33057256478339e-09,-2.02181161410768e-09,-2.02181161410768e-09
6.903,1.55284112293005e-07,-8.30513131956929e-09,-2.01532447298811e-09,-2.01532447298811e-09
6.904,1.54808990306459e-07,-8.27976761127823e-09,-2.00885815430066e-09,-2.00885815430066e-09
6.905,1.54335319337712e-07,-8.2544812041391e-09,-2.00241259118408e-09,-2.00241259118408e-09
6.906,1.53863094964471e-07,-8.22927186309588e-09,-1.99598771699185e-09,-1.99598771699185e-09
6.907,1.53392312777892e-07,-8.20413935380564e-09,-1.98958346529161e-09,-1.98958346529161e-09
6.908,1.52922968382535e-07,-8.17908344263611e-09,-1.98319976986434e-09,-1.98319976986434e-09
6.909,1.52455057396328e-07,-8.15410389666367e-09,-1.97683656470374e-09,-1.97683656470374e-09
6.91,1.51988575450523e-07,-8.12920048367126e-09,-1.97049378401553e-09,-1.97049378401553e-09
6.911,1.51523518189658e-07,-8.10437297214618e-09,-1.96417136221683e-09,-1.96417136221683e-09
6.912,1.51059881271513e-07,-8.07962113127789e-09,-1.95786923393533e-09,-1.95786923393533e-09
6.913,1.50597660367076e-07,-8.05494473095604e-09,-1.95158733400879e-09,-1.95158733400879e-09
6.914,1.50136851160497e-07,-8.03034354176825e-09,-1.94532559748427e-09,-1.94532559748427e-09
6.915,1.49677449349051e-07,-8.00581733499797e-09,-1.93908395961743e-09,-1.93908395961743e-09
6.916,1.49219450643098e-07,-7.98136588262248e-09,-1.93286235587196e-09,-1.93286235587196e-09
6.917,1.48762850766042e-07,-7.95698895731074e-09,-1.9266607219188e-09,-1.9266607219188e-09
6.918,1.48307645454293e-07,-7.93268633242123e-09,-1.92047899363558e-09,-1.92047899363558e-09
6.919,1.47853830457227e-07,-7.90845778199999e-09,-1.91431710710584e-09,-1.91431710710584e-09
6.92,1.47401401537146e-07,-7.88430308077849e-09,-1.90817499861849e-09,-1.90817499861849e-09
6.921,1.4695035446924e-07,-7.86022200417148e-09,-1.90205260466707e-09,-1.90205260466707e-09
6.922,1.46500685041546e-07,-7.836214328275e-09,-1.89594986194907e-09,-1.89594986194907e-09
6.923,1.46052389054913e-07,-7.81227982986439e-09,-1.88986670736541e-09,-1.88986670736541e-09
6.924,1.45605462322958e-07,-7.78841828639207e-09,-1.88380307801962e-09,-1.88380307801962e-09
6.925,1.45159900672029e-07,-7.76462947598557e-09,-1.8777589112173e-09,-1.8777589112173e-09
6.926,1.4471569994117e-07,-7.74091317744553e-09,-1.8717341444654e-09,-1.8717341444654e-09
6.927,1.44272855982078e-07,-7.71726917024364e-09,-1.86572871547164e-09,-1.86572871547164e-09
6.928,1.43831364659064e-07,-7.69369723452054e-09,-1.85974256214383e-09,-1.85974256214383e-09
6.929,1.43391221849021e-07,-7.67019715108388e-09,-1.85377562258921e-09,-1.85377562258921e-09
6.93,1.4295242344138e-07,-7.64676870140632e-09,-1.84782783511385e-09,-1.84782783511385e-09
6.931,1.42514965338073e-07,-7.62341166762337e-09,-1.84189913822197e-09,-1.84189913822197e-09
6.932,1.42078843453495e-07,-7.60012583253157e-09,-1.83598947061533e-09,-1.83598947061533e-09
6.933,1.41644053714469e-07,-7.57691097958641e-09,-1.8300987711926e-09,-1.8300987711926e-09
6.934,1.41210592060207e-07,-7.55376689290027e-09,-1.82422697904869e-09,-1.82422697904869e-09
6.935,1.40778454442267e-07,-7.53069335724051e-09,-1.81837403347415e-09,-1.81837403347415e-09
6.936,1.40347636824526e-07,-7.50769015802757e-09,-1.81253987395458e-09,-1.81253987395458e-09
6.937,1.39918135183133e-07,-7.48475708133279e-09,-1.8067244401699e-09,-1.8067244401699e-09
6.938,1.39489945506476e-07,-7.46189391387656e-09,-1.80092767199382e-09,-1.80092767199382e-09
6.939,1.39063063795147e-07,-7.43910044302639e-09,-1.79514950949315e-09,-1.79514950949315e-09
6.94,1.386374860619e-07,-7.41637645679493e-09,-1.78938989292726e-09,-1.78938989292726e-09
6.941,1.38213208331617e-07,-7.39372174383789e-09,-1.78364876274737e-09,-1.78364876274737e-09
6.942,1.3779022664127e-07,-7.37113609345231e-09,-1.77792605959599e-09,-1.77792605959599e-09
6.943,1.37368537039889e-07,-7.34861929557448e-09,-1.77222172430631e-09,-1.77222172430631e-09
6.944,1.36948135588515e-07,-7.32617114077799e-09,-1.76653569790154e-09,-1.76653569790154e-09
6.945,1.36529018360176e-07,-7.3037914202719e-09,-1.76086792159434e-09,-1.76086792159434e-09
6.946,1.36111181439842e-07,-7.28147992589876e-09,-1.75521833678621e-09,-1.75521833678621e-09
6.947,1.35694620924391e-07,-7.25923645013266e-09,-1.74958688506684e-09,-1.74958688506684e-09
6.948,1.35279332922574e-07,-7.2370607860774e-09,-1.74397350821359e-09,-1.74397350821359e-09
6.949,1.34865313554979e-07,-7.21495272746454e-09,-1.73837814819082e-09,-1.73837814819082e-09
6.95,1.34452558953993e-07,-7.19291206865148e-09,-1.73280074714926e-09,-1.73280074714926e-09
6.951,1.34041065263769e-07,-7.17093860461956e-09,-1.72724124742547e-09,-1.72724124742547e-09
6.952,1.33630828640187e-07,-7.14903213097231e-09,-1.72169959154129e-09,-1.72169959154129e-09
6.953,1.33221845250823e-07,-7.12719244393336e-09,-1.71617572220312e-09,-1.71617572220312e-09
6.954,1.32814111274908e-07,-7.10541934034467e-09,-1.71066958230141e-09,-1.71066958230141e-09
6.955,1.32407622903297e-07,-7.08371261766469e-09,-1.70518111491003e-09,-1.70518111491003e-09
6.956,1.32002376338432e-07,-7.06207207396647e-09,-1.69971026328574e-09,-1.69971026328574e-09
6.957,1.31598367794306e-07,-7.0404975079357e-09,-1.69425697086751e-09,-1.69425697086751e-09
6.958,1.31195593496431e-07,-7.01898871886903e-09,-1.68882118127604e-09,-1.68882118127604e-09
6.959,1.30794049681799e-07,-6.99754550667212e-09,-1.68340283831307e-09,-1.68340283831307e-09
6.96,1.30393732598849e-07,-6.97616767185775e-09,-1.67800188596089e-09,-1.67800188596089e-09
6.961,1.29994638507435e-07,-6.9548550155441e-09,-1.6726182683817e-09,-1.6726182683817e-09
6.962,1.29596763678787e-07,-6.93360733945288e-09,-1.66725192991706e-09,-1.66725192991706e-09
6.963,1.29200104395477e-07,-6.9124244459074e-09,-1.6619028150873e-09,-1.6619028150873e-09
6.964,1.28804656951389e-07,-6.89130613783092e-09,-1.65657086859095e-09,-1.65657086859095e-09
6.965,1.28410417651678e-07,-6.87025221874472e-09,-1.65125603530419e-09,-1.65125603530419e-09
6.966,1.28017382812743e-07,-6.8492624927663e-09,-1.64595826028022e-09,-1.64595826028022e-09
6.967,1.27625548762185e-07,-6.82833676460758e-09,-1.64067748874874e-09,-1.64067748874874e-09
6.968,1.27234911838781e-07,-6.80747483957322e-09,-1.6354136661154e-09,-1.6354136661154e-09
6.969,1.26845468392445e-07,-6.78667652355861e-09,-1.63016673796119e-09,-1.63016673796119e-09
6.97,1.26457214784194e-07,-6.7659416230482e-09,-1.62493665004189e-09,-1.62493665004189e-09
6.971,1.26070147386118e-07,-6.74526994511378e-09,-1.61972334828751e-09,-1.61972334828751e-09
6.972,1.25684262581343e-07,-6.72466129741262e-09,-1.61452677880173e-09,-1.61452677880173e-09
6.973,1.25299556763999e-07,-6.70411548818564e-09,-1.60934688786134e-09,-1.60934688786134e-09
6.974,1.24916026339186e-07,-6.6836323262558e-09,-1.6041836219157e-09,-1.6041836219157e-09
6.975,1.24533667722941e-07,-6.66321162102622e-09,-1.59903692758619e-09,-1.59903692758619e-09
6.976,1.24152477342206e-07,-6.64285318247845e-09,-1.5939067516656e-09,-1.5939067516656e-09
6.977,1.23772451634791e-07,-6.62255682117073e-09,-1.58879304111762e-09,-1.58879304111762e-09
6.978,1.23393587049348e-07,-6.60232234823629e-09,-1.58369574307634e-09,-1.58369574307634e-09
6.979,1.2301588004533e-07,-6.58214957538148e-09,-1.57861480484561e-09,-1.57861480484561e-09
6.98,1.22639327092963e-07,-6.56203831488418e-09,-1.57355017389853e-09,-1.57355017389853e-09
6.981,1.22263924673213e-07,-6.541988379592e-09,-1.56850179787695e-09,-1.56850179787695e-09
6.982,1.21889669277754e-07,-6.52199958292053e-09,-1.56346962459088e-09,-1.56346962459088e-09
6.983,1.2151655740893e-07,-6.50207173885166e-09,-1.55845360201792e-09,-1.55845360201792e-09
6.984,1.21144585579732e-07,-6.48220466193194e-09,-1.55345367830284e-09,-1.55345367830284e-09
6.985,1.20773750313757e-07,-6.46239816727068e-09,-1.54846980175687e-09,-1.54846980175687e-09
6.986,1.20404048145182e-07,-6.44265207053841e-09,-1.54350192085736e-09,-1.54350192085736e-09
6.987,1.20035475618726e-07,-6.42296618796512e-09,-1.53854998424707e-09,-1.53854998424707e-09
6.988,1.19668029289625e-07,-6.40334033633861e-09,-1.53361394073375e-09,-1.53361394073375e-09
6.989,1.19301705723592e-07,-6.38377433300271e-09,-1.52869373928956e-09,-1.52869373928956e-09
6.99,1.18936501496795e-07,-6.36426799585569e-09,-1.52378932905058e-09,-1.52378932905058e-09
6.991,1.18572413195815e-07,-6.34482114334856e-09,-1.51890065931624e-09,-1.51890065931624e-09
6.992,1.18209437417621e-07,-6.32543359448333e-09,-1.51402767954882e-09,-1.51402767954882e-09
6.993,1.17847570769537e-07,-6.30610516881143e-09,-1.50917033937291e-09,-1.50917033937291e-09
6.994,1.1748680986921e-07,-6.28683568643204e-09,-1.50432858857494e-09,-1.50432858857494e-09
6.995,1.17127151344579e-07,-6.26762496799034e-09,-1.49950237710256e-09,-1.49950237710256e-09
6.996,1.16768591833844e-07,-6.24847283467596e-09,-1.49469165506422e-09,-1.49469165506422e-09
6.997,1.16411127985433e-07,-6.22937910822131e-09,-1.48989637272864e-09,-1.48989637272864e-09
6.998,1.16054756457974e-07,-6.21034361089987e-09,-1.48511648052422e-09,-1.48511648052422e-09
6.999,1.15699473920262e-07,-6.19136616552461e-09,-1.4803519290386e-09,-1.4803519290386e-09
7,1.15345277051228e-07,-6.17244659544643e-09,-1.47560266901813e-09,-1.47560266901813e-09
7.001,1.14992162539911e-07,-6.15358472455235e-09,-1.47086865136736e-09,-1.47086865136736e-09
7.002,1.14640127085423e-07,-6.13478037726401e-09,-1.46614982714849e-09,-1.46614982714849e-09
7.003,1.14289167396921e-07,-6.11603337853607e-09,-1.46144614758096e-09,-1.46144614758096e-09
7.004,1.13939280193577e-07,-6.09734355385453e-09,-1.45675756404085e-09,-1.45675756404085e-09
7.005,1.13590462204547e-07,-6.07871072923513e-09,-1.45208402806041e-09,-1.45208402806041e-09
7.006,1.13242710168937e-07,-6.06013473122179e-09,-1.44742549132758e-09,-1.44742549132758e-09
7.007,1.12896020835782e-07,-6.04161538688499e-09,-1.44278190568546e-09,-1.44278190568546e-09
7.008,1.12550390964006e-07,-6.02315252382013e-09,-1.43815322313181e-09,-1.43815322313181e-09
7.009,1.12205817322396e-07,-6.00474597014601e-09,-1.4335393958186e-09,-1.4335393958186e-09
7.01,1.11862296689574e-07,-5.98639555450324e-09,-1.42894037605145e-09,-1.42894037605145e-09
7.011,1.11519825853964e-07,-5.96810110605256e-09,-1.42435611628916e-09,-1.42435611628916e-09
7.012,1.11178401613764e-07,-5.94986245447342e-09,-1.41978656914326e-09,-1.41978656914326e-09
7.013,1.10838020776916e-07,-5.93167942996232e-09,-1.41523168737746e-09,-1.41523168737746e-09
7.014,1.10498680161076e-07,-5.91355186323122e-09,-1.41069142390716e-09,-1.41069142390716e-09
7.015,1.10160376593585e-07,-5.89547958550599e-09,-1.40616573179904e-09,-1.40616573179904e-09
7.016,1.09823106911438e-07,-5.877462428525e-09,-1.40165456427048e-09,-1.40165456427048e-09
7.017,1.09486867961258e-07,-5.85950022453734e-09,-1.39715787468913e-09,-1.39715787468913e-09
7.018,1.09151656599264e-07,-5.84159280630139e-09,-1.39267561657242e-09,-1.39267561657242e-09
7.019,1.08817469691242e-07,-5.82374000708331e-09,-1.38820774358705e-09,-1.38820774358705e-09
7.02,1.08484304112518e-07,-5.80594166065545e-09,-1.38375420954858e-09,-1.38375420954858e-09
7.021,1.08152156747927e-07,-5.78819760129481e-09,-1.37931496842084e-09,-1.37931496842084e-09
7.022,1.07821024491784e-07,-5.77050766378156e-09,-1.37488997431557e-09,-1.37488997431557e-09
7.023,1.07490904247857e-07,-5.75287168339748e-09,-1.37047918149188e-09,-1.37047918149188e-09
7.024,1.07161792929337e-07,-5.73528949592441e-09,-1.36608254435577e-09,-1.36608254435577e-09
7.025,1.06833687458811e-07,-5.71776093764283e-09,-1.36170001745968e-09,-1.36170001745968e-09
7.026,1.0650658476823e-07,-5.70028584533028e-09,-1.35733155550206e-09,-1.35733155550206e-09
7.027,1.06180481798883e-07,-5.68286405625984e-09,-1.3529771133268e-09,-1.3529771133268e-09
7.028,1.05855375501371e-07,-5.6654954081987e-09,-1.34863664592286e-09,-1.34863664592286e-09
7.029,1.05531262835573e-07,-5.64817973940662e-09,-1.34431010842376e-09,-1.34431010842376e-09
7.03,1.05208140770623e-07,-5.63091688863441e-09,-1.33999745610711e-09,-1.33999745610711e-09
7.031,1.04886006284879e-07,-5.61370669512246e-09,-1.33569864439411e-09,-1.33569864439411e-09
7.032,1.04564856365895e-07,-5.59654899859938e-09,-1.33141362884927e-09,-1.33141362884927e-09
7.033,1.04244688010397e-07,-5.5794436392803e-09,-1.32714236517966e-09,-1.32714236517966e-09
7.034,1.03925498224248e-07,-5.56239045786554e-09,-1.3228848092347e-09,-1.3228848092347e-09
7.035,1.03607284022426e-07,-5.54538929553913e-09,-1.3186409170056e-09,-1.3186409170056e-09
7.036,1.03290042428998e-07,-5.52843999396735e-09,-1.31441064462488e-09,-1.31441064462488e-09
7.037,1.02973770477083e-07,-5.51154239529718e-09,-1.31019394836599e-09,-1.31019394836599e-09
7.038,1.02658465208835e-07,-5.49469634215496e-09,-1.30599078464277e-09,-1.30599078464277e-09
7.039,1.0234412367541e-07,-5.47790167764489e-09,-1.30180111000911e-09,-1.30180111000911e-09
7.04,1.02030742936939e-07,-5.46115824534755e-09,-1.29762488115836e-09,-1.29762488115836e-09
7.041,1.01718320062503e-07,-5.44446588931852e-09,-1.29346205492304e-09,-1.29346205492304e-09
7.042,1.01406852130102e-07,-5.42782445408692e-09,-1.28931258827426e-09,-1.28931258827426e-09
7.043,1.01096336226634e-07,-5.4112337846539e-09,-1.28517643832132e-09,-1.28517643832132e-09
7.044,1.0078676944786e-07,-5.39469372649136e-09,-1.28105356231132e-09,-1.28105356231132e-09
7.045,1.00478148898385e-07,-5.37820412554041e-09,-1.27694391762861e-09,-1.27694391762861e-09
7.046,1.00170471691626e-07,-5.36176482820996e-09,-1.27284746179446e-09,-1.27284746179446e-09
7.047,9.98637349497854e-08,-5.34537568137533e-09,-1.26876415246651e-09,-1.26876415246651e-09
7.048,9.95579358038285e-08,-5.32903653237689e-09,-1.26469394743846e-09,-1.26469394743846e-09
7.049,9.92530713934521e-08,-5.31274722901852e-09,-1.26063680463951e-09,-1.26063680463951e-09
7.05,9.89491388670602e-08,-5.29650761956628e-09,-1.25659268213401e-09,-1.25659268213401e-09
7.051,9.86461353817378e-08,-5.28031755274708e-09,-1.25256153812095e-09,-1.25256153812095e-09
7.052,9.8344058103224e-08,-5.26417687774715e-09,-1.24854333093363e-09,-1.24854333093363e-09
7.053,9.80429042058851e-08,-5.24808544421073e-09,-1.24453801903914e-09,-1.24453801903914e-09
7.054,9.77426708726899e-08,-5.23204310223868e-09,-1.24054556103793e-09,-1.24054556103793e-09
7.055,9.74433552951824e-08,-5.21604970238707e-09,-1.23656591566347e-09,-1.23656591566347e-09
7.056,9.71449546734558e-08,-5.20010509566581e-09,-1.23259904178172e-09,-1.23259904178172e-09
7.057,9.68474662161272e-08,-5.18420913353728e-09,-1.22864489839075e-09,-1.22864489839075e-09
7.058,9.65508871403115e-08,-5.16836166791498e-09,-1.22470344462035e-09,-1.22470344462035e-09
7.059,9.62552146715951e-08,-5.15256255116212e-09,-1.22077463973153e-09,-1.22077463973153e-09
7.06,9.596044604401e-08,-5.13681163609026e-09,-1.21685844311617e-09,-1.21685844311617e-09
7.061,9.56665785000103e-08,-5.12110877595805e-09,-1.21295481429653e-09,-1.21295481429653e-09
7.062,9.53736092904435e-08,-5.10545382446973e-09,-1.20906371292491e-09,-1.20906371292491e-09
7.063,9.50815356745267e-08,-5.08984663577384e-09,-1.20518509878315e-09,-1.20518509878315e-09
7.064,9.47903549198214e-08,-5.07428706446193e-09,-1.20131893178231e-09,-1.20131893178231e-09
7.065,9.45000643022078e-08,-5.05877496556716e-09,-1.19746517196215e-09,-1.19746517196215e-09
7.066,9.42106611058589e-08,-5.04331019456294e-09,-1.1936237794908e-09,-1.1936237794908e-09
7.067,9.39221426232163e-08,-5.02789260736167e-09,-1.18979471466429e-09,-1.18979471466429e-09
7.068,9.3634506154965e-08,-5.01252206031336e-09,-1.18597793790617e-09,-1.18597793790617e-09
7.069,9.3347749010007e-08,-4.99719841020429e-09,-1.18217340976711e-09,-1.18217340976711e-09
7.07,9.30618685054382e-08,-4.98192151425574e-09,-1.17838109092445e-09,-1.17838109092445e-09
7.071,9.27768619665228e-08,-4.96669123012265e-09,-1.17460094218184e-09,-1.17460094218184e-09
7.072,9.24927267266676e-08,-4.95150741589226e-09,-1.1708329244688e-09,-1.1708329244688e-09
7.073,9.22094601273987e-08,-4.9363699300829e-09,-1.16707699884033e-09,-1.16707699884033e-09
7.074,9.19270595183363e-08,-4.92127863164259e-09,-1.16333312647652e-09,-1.16333312647652e-09
7.075,9.16455222571694e-08,-4.90623337994777e-09,-1.1596012686821e-09,-1.1596012686821e-09
7.076,9.13648457096316e-08,-4.89123403480201e-09,-1.1558813868861e-09,-1.1558813868861e-09
7.077,9.10850272494788e-08,-4.87628045643476e-09,-1.15217344264143e-09,-1.15217344264143e-09
7.078,9.0806064258461e-08,-4.86137250549995e-09,-1.14847739762444e-09,-1.14847739762444e-09
7.079,9.05279541263006e-08,-4.84651004307478e-09,-1.14479321363459e-09,-1.14479321363459e-09
7.08,9.0250694250668e-08,-4.83169293065844e-09,-1.14112085259402e-09,-1.14112085259402e-09
7.081,8.9974282037157e-08,-4.81692103017085e-09,-1.13746027654713e-09,-1.13746027654713e-09
7.082,8.96987148992602e-08,-4.80219420395126e-09,-1.13381144766025e-09,-1.13381144766025e-09
7.083,8.94239902583461e-08,-4.78751231475716e-09,-1.13017432822122e-09,-1.13017432822122e-09
7.084,8.91501055436349e-08,-4.77287522576288e-09,-1.12654888063896e-09,-1.12654888063896e-09
7.085,8.88770581921735e-08,-4.75828280055838e-09,-1.12293506744313e-09,-1.12293506744313e-09
7.086,8.86048456488136e-08,-4.74373490314798e-09,-1.11933285128374e-09,-1.11933285128374e-09
7.087,8.83334653661867e-08,-4.72923139794912e-09,-1.11574219493073e-09,-1.11574219493073e-09
7.088,8.80629148046804e-08,-4.71477214979107e-09,-1.11216306127363e-09,-1.11216306127363e-09
7.089,8.77931914324158e-08,-4.70035702391374e-09,-1.10859541332111e-09,-1.10859541332111e-09
7.09,8.75242927252234e-08,-4.68598588596639e-09,-1.1050392142007e-09,-1.1050392142007e-09
7.091,8.72562161666195e-08,-4.67165860200638e-09,-1.10149442715828e-09,-1.10149442715828e-09
7.092,8.69889592477827e-08,-4.65737503849797e-09,-1.09796101555781e-09,-1.09796101555781e-09
7.093,8.67225194675323e-08,-4.64313506231112e-09,-1.0944389428809e-09,-1.0944389428809e-09
7.094,8.64568943323025e-08,-4.62893854072015e-09,-1.09092817272642e-09,-1.09092817272642e-09
7.095,8.61920813561209e-08,-4.6147853414026e-09,-1.08742866881018e-09,-1.08742866881018e-09
7.096,8.59280780605853e-08,-4.600675332438e-09,-1.08394039496445e-09,-1.08394039496445e-09
7.097,8.56648819748409e-08,-4.58660838230665e-09,-1.08046331513773e-09,-1.08046331513773e-09
7.098,8.54024906355559e-08,-4.57258435988835e-09,-1.07699739339425e-09,-1.07699739339425e-09
7.099,8.51409015869006e-08,-4.55860313446128e-09,-1.07354259391366e-09,-1.07354259391366e-09
7.1,8.48801123805236e-08,-4.54466457570074e-09,-1.07009888099066e-09,-1.07009888099066e-09
7.101,8.46201205755287e-08,-4.53076855367794e-09,-1.06666621903458e-09,-1.06666621903458e-09
7.102,8.43609237384533e-08,-4.51691493885882e-09,-1.06324457256908e-09,-1.06324457256908e-09
7.103,8.41025194432452e-08,-4.50310360210286e-09,-1.05983390623175e-09,-1.05983390623175e-09
7.104,8.38449052712398e-08,-4.48933441466187e-09,-1.05643418477373e-09,-1.05643418477373e-09
7.105,8.35880788111384e-08,-4.4756072481788e-09,-1.05304537305937e-09,-1.05304537305937e-09
7.106,8.33320376589855e-08,-4.46192197468658e-09,-1.04966743606585e-09,-1.04966743606585e-09
7.107,8.3076779418146e-08,-4.44827846660692e-09,-1.04630033888284e-09,-1.04630033888284e-09
7.108,8.28223016992833e-08,-4.43467659674908e-09,-1.0429440467121e-09,-1.0429440467121e-09
7.109,8.25686021203383e-08,-4.42111623830886e-09,-1.03959852486716e-09,-1.03959852486716e-09
7.11,8.2315678306505e-08,-4.40759726486721e-09,-1.03626373877294e-09,-1.03626373877294e-09
7.111,8.206352789021e-08,-4.39411955038922e-09,-1.03293965396538e-09,-1.03293965396538e-09
7.112,8.18121485110904e-08,-4.38068296922289e-09,-1.02962623609111e-09,-1.02962623609111e-09
7.113,8.15615378159719e-08,-4.36728739609802e-09,-1.02632345090711e-09,-1.02632345090711e-09
7.114,8.1311693458846e-08,-4.35393270612497e-09,-1.02303126428028e-09,-1.02303126428028e-09
7.115,8.10626131008496e-08,-4.34061877479358e-09,-1.01974964218717e-09,-1.01974964218717e-09
7.116,8.08142944102427e-08,-4.32734547797202e-09,-1.0164785507136e-09,-1.0164785507136e-09
7.117,8.0566735062386e-08,-4.31411269190556e-09,-1.01321795605424e-09,-1.01321795605424e-09
7.118,8.03199327397208e-08,-4.30092029321554e-09,-1.00996782451241e-09,-1.00996782451241e-09
7.119,8.00738851317467e-08,-4.28776815889817e-09,-1.00672812249957e-09,-1.00672812249957e-09
7.12,7.98285899349995e-08,-4.27465616632337e-09,-1.0034988165351e-09,-1.0034988165351e-09
7.121,7.95840448530313e-08,-4.26158419323368e-09,-1.00027987324589e-09,-1.00027987324589e-09
7.122,7.93402475963881e-08,-4.24855211774316e-09,-9.97071259365967e-10,-9.97071259365967e-10
7.123,7.90971958825886e-08,-4.23555981833617e-09,-9.93872941736218e-10,-9.93872941736218e-10
7.124,7.88548874361031e-08,-4.2226071738663e-09,-9.90684887304014e-10,-9.90684887304014e-10
7.125,7.86133199883336e-08,-4.20969406355531e-09,-9.87507063122871e-10,-9.87507063122871e-10
7.126,7.83724912775906e-08,-4.1968203669919e-09,-9.84339436352103e-10,-9.84339436352103e-10
7.127,7.81323990490733e-08,-4.18398596413067e-09,-9.81181974256484e-10,-9.81181974256484e-10
7.128,7.78930410548488e-08,-4.171190735291e-09,-9.78034644205933e-10,-9.78034644205933e-10
7.129,7.76544150538313e-08,-4.15843456115596e-09,-9.74897413675123e-10,-9.74897413675123e-10
7.13,7.74165188117601e-08,-4.14571732277113e-09,-9.71770250243222e-10,-9.71770250243222e-10
7.131,7.71793501011803e-08,-4.13303890154361e-09,-9.68653121593461e-10,-9.68653121593461e-10
7.132,7.69429067014218e-08,-4.12039917924087e-09,-9.655459955129e-10,-9.655459955129e-10
7.133,7.67071863985776e-08,-4.10779803798963e-09,-9.62448839892009e-10,-9.62448839892009e-10
7.134,7.64721869854847e-08,-4.09523536027482e-09,-9.59361622724393e-10,-9.59361622724393e-10
7.135,7.62379062617032e-08,-4.0827110289385e-09,-9.56284312106448e-10,-9.56284312106448e-10
7.136,7.60043420334947e-08,-4.07022492717869e-09,-9.53216876236997e-10,-9.53216876236997e-10
7.137,7.57714921138037e-08,-4.05777693854843e-09,-9.50159283416999e-10,-9.50159283416999e-10
7.138,7.55393543222365e-08,-4.04536694695458e-09,-9.47111502049227e-10,-9.47111502049227e-10
7.139,7.53079264850404e-08,-4.03299483665681e-09,-9.44073500637896e-10,-9.44073500637896e-10
7.14,7.5077206435084e-08,-4.0206604922665e-09,-9.41045247788368e-10,-9.41045247788368e-10
7.141,7.48471920118383e-08,-4.00836379874574e-09,-9.38026712206848e-10,-9.38026712206848e-10
7.142,7.46178810613541e-08,-3.99610464140618e-09,-9.3501786269999e-10,-9.3501786269999e-10
7.143,7.43892714362438e-08,-3.98388290590799e-09,-9.32018668174672e-10,-9.32018668174672e-10
7.144,7.41613609956612e-08,-3.97169847825887e-09,-9.29029097637588e-10,-9.29029097637588e-10
7.145,7.39341476052817e-08,-3.95955124481292e-09,-9.26049120194971e-10,-9.26049120194971e-10
7.146,7.37076291372814e-08,-3.94744109226961e-09,-9.23078705052262e-10,-9.23078705052262e-10
7.147,7.3481803470319e-08,-3.93536790767277e-09,-9.20117821513789e-10,-9.20117821513789e-10
7.148,7.32566684895151e-08,-3.92333157840951e-09,-9.17166438982456e-10,-9.17166438982456e-10
7.149,7.30322220864321e-08,-3.91133199220916e-09,-9.14224526959435e-10,-9.14224526959435e-10
7.15,7.2808462159056e-08,-3.89936903714229e-09,-9.11292055043799e-10,-9.11292055043799e-10
7.151,7.25853866117761e-08,-3.88744260161965e-09,-9.08368992932303e-10,-9.08368992932303e-10
7.152,7.23629933553649e-08,-3.8755525743911e-09,-9.05455310418967e-10,-9.05455310418967e-10
7.153,7.214128030696e-08,-3.86369884454464e-09,-9.02550977394835e-10,-9.02550977394835e-10
7.154,7.19202453900442e-08,-3.85188130150538e-09,-8.99655963847629e-10,-8.99655963847629e-10
7.155,7.16998865344257e-08,-3.84009983503446e-09,-8.96770239861457e-10,-8.96770239861457e-10
7.156,7.1480201676219e-08,-3.82835433522806e-09,-8.93893775616486e-10,-8.93893775616486e-10
7.157,7.12611887578275e-08,-3.81664469251648e-09,-8.91026541388652e-10,-8.91026541388652e-10
7.158,7.10428457279215e-08,-3.80497079766296e-09,-8.88168507549327e-10,-8.88168507549327e-10
7.159,7.08251705414208e-08,-3.79333254176277e-09,-8.85319644565031e-10,-8.85319644565031e-10
7.16,7.06081611594761e-08,-3.78172981624219e-09,-8.82479922997146e-10,-8.82479922997146e-10
7.161,7.03918155494493e-08,-3.77016251285754e-09,-8.79649313501564e-10,-8.79649313501564e-10
7.162,7.01761316848942e-08,-3.75863052369407e-09,-8.76827786828413e-10,-8.76827786828413e-10
7.163,6.99611075455389e-08,-3.7471337411651e-09,-8.7401531382175e-10,-8.7401531382175e-10
7.164,6.97467411172663e-08,-3.73567205801094e-09,-8.71211865419272e-10,-8.71211865419272e-10
7.165,6.95330303920949e-08,-3.72424536729789e-09,-8.68417412651975e-10,-8.68417412651975e-10
7.166,6.93199733681615e-08,-3.71285356241732e-09,-8.65631926643901e-10,-8.65631926643901e-10
7.167,6.91075680497017e-08,-3.70149653708464e-09,-8.62855378611822e-10,-8.62855378611822e-10
7.168,6.88958124470307e-08,-3.6901741853383e-09,-8.6008773986492e-10,-8.6008773986492e-10
7.169,6.86847045765267e-08,-3.67888640153885e-09,-8.57328981804516e-10,-8.57328981804516e-10
7.17,6.84742424606109e-08,-3.66763308036795e-09,-8.54579075923786e-10,-8.54579075923786e-10
7.171,6.82644241277296e-08,-3.65641411682739e-09,-8.51837993807419e-10,-8.51837993807419e-10
7.172,6.80552476123354e-08,-3.64522940623809e-09,-8.49105707131364e-10,-8.49105707131364e-10
7.173,6.78467109548709e-08,-3.63407884423924e-09,-8.46382187662528e-10,-8.46382187662528e-10
7.174,6.76388122017477e-08,-3.62296232678719e-09,-8.43667407258477e-10,-8.43667407258477e-10
7.175,6.74315494053298e-08,-3.61187975015459e-09,-8.40961337867147e-10,-8.40961337867147e-10
7.176,6.72249206239157e-08,-3.60083101092939e-09,-8.3826395152655e-10,-8.3826395152655e-10
7.177,6.70189239217201e-08,-3.58981600601391e-09,-8.35575220364494e-10,-8.35575220364494e-10
7.178,6.68135573688551e-08,-3.57883463262384e-09,-8.32895116598285e-10,-8.32895116598285e-10
7.179,6.66088190413134e-08,-3.56788678828735e-09,-8.30223612534453e-10,-8.30223612534453e-10
7.18,6.64047070209501e-08,-3.55697237084411e-09,-8.27560680568442e-10,-8.27560680568442e-10
7.181,6.62012193954643e-08,-3.54609127844432e-09,-8.24906293184357e-10,-8.24906293184357e-10
7.182,6.59983542583821e-08,-3.53524340954782e-09,-8.22260422954642e-10,-8.22260422954642e-10
7.183,6.57961097090388e-08,-3.52442866292315e-09,-8.1962304253983e-10,-8.1962304253983e-10
7.184,6.55944838525603e-08,-3.51364693764654e-09,-8.16994124688231e-10,-8.16994124688231e-10
7.185,6.53934747998469e-08,-3.50289813310106e-09,-8.1437364223568e-10,-8.1437364223568e-10
7.186,6.5193080667555e-08,-3.49218214897566e-09,-8.11761568105237e-10,-8.11761568105237e-10
7.187,6.49932995780791e-08,-3.48149888526424e-09,-8.09157875306895e-10,-8.09157875306895e-10
7.188,6.47941296595354e-08,-3.47084824226469e-09,-8.06562536937323e-10,-8.06562536937323e-10
7.189,6.45955690457437e-08,-3.46023012057807e-09,-8.03975526179594e-10,-8.03975526179594e-10
7.19,6.43976158762107e-08,-3.44964442110758e-09,-8.01396816302869e-10,-8.01396816302869e-10
7.191,6.42002682961116e-08,-3.43909104505769e-09,-7.98826380662169e-10,-7.98826380662169e-10
7.192,6.4003524456274e-08,-3.42856989393325e-09,-7.96264192698054e-10,-7.96264192698054e-10
7.193,6.38073825131606e-08,-3.41808086953853e-09,-7.93710225936398e-10,-7.93710225936398e-10
7.194,6.36118406288508e-08,-3.40762387397635e-09,-7.91164453988047e-10,-7.91164453988047e-10
7.195,6.34168969710254e-08,-3.39719880964715e-09,-7.88626850548615e-10,-7.88626850548615e-10
7.196,6.32225497129486e-08,-3.38680557924811e-09,-7.86097389398177e-10,-7.86097389398177e-10
7.197,6.30287970334507e-08,-3.37644408577223e-09,-7.83576044400993e-10,-7.83576044400993e-10
7.198,6.2835637116912e-08,-3.36611423250746e-09,-7.81062789505257e-10,-7.81062789505257e-10
7.199,6.26430681532458e-08,-3.35581592303576e-09,-7.78557598742819e-10,-7.78557598742819e-10
7.2,6.24510883378808e-08,-3.34554906123226e-09,-7.76060446228897e-10,-7.76060446228897e-10
7.201,6.22596958717449e-08,-3.33531355126431e-09,-7.73571306161858e-10,-7.73571306161858e-10
7.202,6.20688889612492e-08,-3.32510929759069e-09,-7.71090152822885e-10,-7.71090152822885e-10
7.203,6.187866581827e-08,-3.31493620496062e-09,-7.68616960575777e-10,-7.68616960575777e-10
7.204,6.16890246601324e-08,-3.30479417841292e-09,-7.66151703866631e-10,-7.66151703866631e-10
7.205,6.14999637095949e-08,-3.29468312327517e-09,-7.63694357223607e-10,-7.63694357223607e-10
7.206,6.13114811948317e-08,-3.2846029451628e-09,-7.61244895256668e-10,-7.61244895256668e-10
7.207,6.11235753494165e-08,-3.27455354997818e-09,-7.58803292657285e-10,-7.58803292657285e-10
7.208,6.09362444123063e-08,-3.26453484390982e-09,-7.56369524198217e-10,-7.56369524198217e-10
7.209,6.07494866278252e-08,-3.25454673343148e-09,-7.53943564733204e-10,-7.53943564733204e-10
7.21,6.05633002456473e-08,-3.24458912530126e-09,-7.51525389196756e-10,-7.51525389196756e-10
7.211,6.03776835207812e-08,-3.23466192656081e-09,-7.4911497260385e-10,-7.4911497260385e-10
7.212,6.01926347135539e-08,-3.22476504453441e-09,-7.46712290049711e-10,-7.46712290049711e-10
7.213,6.00081520895933e-08,-3.21489838682814e-09,-7.44317316709522e-10,-7.44317316709522e-10
7.214,5.98242339198139e-08,-3.20506186132902e-09,-7.4193002783818e-10,-7.4193002783818e-10
7.215,5.96408784803998e-08,-3.19525537620418e-09,-7.39550398770033e-10,-7.39550398770033e-10
7.216,5.94580840527881e-08,-3.18547883989996e-09,-7.3717840491865e-10,-7.3717840491865e-10
7.217,5.92758489236538e-08,-3.17573216114108e-09,-7.34814021776522e-10,-7.34814021776522e-10
7.218,5.90941713848944e-08,-3.16601524892988e-09,-7.32457224914862e-10,-7.32457224914862e-10
7.219,5.89130497336123e-08,-3.15632801254533e-09,-7.30107989983305e-10,-7.30107989983305e-10
7.22,5.87324822721001e-08,-3.1466703615423e-09,-7.27766292709668e-10,-7.27766292709668e-10
7.221,5.85524673078249e-08,-3.13704220575068e-09,-7.25432108899731e-10,-7.25432108899731e-10
7.222,5.83730031534124e-08,-3.12744345527459e-09,-7.23105414436948e-10,-7.23105414436948e-10
7.223,5.81940881266306e-08,-3.11787402049146e-09,-7.20786185282215e-10,-7.20786185282215e-10
7.224,5.80157205503752e-08,-3.10833381205129e-09,-7.18474397473604e-10,-7.18474397473604e-10
7.225,5.78378987526535e-08,-3.0988227408758e-09,-7.16170027126143e-10,-7.16170027126143e-10
7.226,5.76606210665682e-08,-3.08934071815755e-09,-7.13873050431556e-10,-7.13873050431556e-10
7.227,5.74838858303033e-08,-3.0798876553592e-09,-7.11583443658e-10,-7.11583443658e-10
7.228,5.73076913871076e-08,-3.07046346421265e-09,-7.09301183149854e-10,-7.09301183149854e-10
7.229,5.71320360852793e-08,-3.0610680567182e-09,-7.07026245327432e-10,-7.07026245327432e-10
7.23,5.69569182781515e-08,-3.05170134514379e-09,-7.04758606686784e-10,-7.04758606686784e-10
7.231,5.67823363240761e-08,-3.04236324202417e-09,-7.02498243799414e-10,-7.02498243799414e-10
7.232,5.66082885864087e-08,-3.03305366016004e-09,-7.00245133312062e-10,-7.00245133312062e-10
7.233,5.6434773433493e-08,-3.02377251261731e-09,-6.9799925194645e-10,-6.9799925194645e-10
7.234,5.62617892386473e-08,-3.01451971272629e-09,-6.95760576499053e-10,-6.95760576499053e-10
7.235,5.60893343801471e-08,-3.00529517408084e-09,-6.93529083840848e-10,-6.93529083840848e-10
7.236,5.59174072412111e-08,-2.99609881053759e-09,-6.91304750917062e-10,-6.91304750917062e-10
7.237,5.57460062099867e-08,-2.98693053621518e-09,-6.89087554746979e-10,-6.89087554746979e-10
7.238,5.55751296795343e-08,-2.97779026549343e-09,-6.86877472423648e-10,-6.86877472423648e-10
7.239,5.5404776047812e-08,-2.96867791301253e-09,-6.84674481113689e-10,-6.84674481113689e-10
7.24,5.52349437176619e-08,-2.9595933936723e-09,-6.82478558057019e-10,-6.82478558057019e-10
7.241,5.50656310967944e-08,-2.95053662263139e-09,-6.80289680566657e-10,-6.80289680566657e-10
7.242,5.48968365977731e-08,-2.94150751530643e-09,-6.78107826028455e-10,-6.78107826028455e-10
7.243,5.47285586380009e-08,-2.93250598737135e-09,-6.75932971900867e-10,-6.75932971900867e-10
7.244,5.4560795639705e-08,-2.92353195475653e-09,-6.73765095714764e-10,-6.73765095714764e-10
7.245,5.43935460299216e-08,-2.91458533364802e-09,-6.71604175073121e-10,-6.71604175073121e-10
7.246,5.42268082404823e-08,-2.90566604048682e-09,-6.69450187650854e-10,-6.69450187650854e-10
7.247,5.40605807079988e-08,-2.89677399196807e-09,-6.67303111194537e-10,-6.67303111194537e-10
7.248,5.38948618738485e-08,-2.88790910504024e-09,-6.65162923522228e-10,-6.65162923522228e-10
7.249,5.37296501841597e-08,-2.87907129690442e-09,-6.63029602523192e-10,-6.63029602523192e-10
7.25,5.35649440897986e-08,-2.87026048501357e-09,-6.60903126157693e-10,-6.60903126157693e-10
7.251,5.34007420463527e-08,-2.86147658707169e-09,-6.58783472456763e-10,-6.58783472456763e-10
7.252,5.32370425141179e-08,-2.85271952103307e-09,-6.56670619521967e-10,-6.56670619521967e-10
7.253,5.30738439580839e-08,-2.84398920510159e-09,-6.54564545525195e-10,-6.54564545525195e-10
7.254,5.291114484792e-08,-2.83528555772991e-09,-6.52465228708419e-10,-6.52465228708419e-10
7.255,5.27489436579603e-08,-2.82660849761872e-09,-6.50372647383459e-10,-6.50372647383459e-10
7.256,5.25872388671902e-08,-2.81795794371599e-09,-6.48286779931797e-10,-6.48286779931797e-10
7.257,5.2426028959232e-08,-2.80933381521624e-09,-6.46207604804316e-10,-6.46207604804316e-10
7.258,5.22653124223305e-08,-2.80073603155978e-09,-6.44135100521088e-10,-6.44135100521088e-10
7.259,5.21050877493394e-08,-2.79216451243194e-09,-6.42069245671168e-10,-6.42069245671168e-10
7.26,5.19453534377073e-08,-2.78361917776237e-09,-6.40010018912341e-10,-6.40010018912341e-10
7.261,5.17861079894631e-08,-2.77509994772427e-09,-6.37957398970926e-10,-6.37957398970926e-10
7.262,5.16273499112026e-08,-2.76660674273364e-09,-6.35911364641544e-10,-6.35911364641544e-10
7.263,5.14690777140747e-08,-2.7581394834486e-09,-6.33871894786921e-10,-6.33871894786921e-10
7.264,5.13112899137672e-08,-2.74969809076858e-09,-6.31838968337624e-10,-6.31838968337624e-10
7.265,5.11539850304928e-08,-2.74128248583362e-09,-6.29812564291893e-10,-6.29812564291893e-10
7.266,5.09971615889765e-08,-2.73289259002369e-09,-6.27792661715394e-10,-6.27792661715394e-10
7.267,5.08408181184402e-08,-2.72452832495788e-09,-6.25779239741e-10,-6.25779239741e-10
7.268,5.06849531525901e-08,-2.7161896124937e-09,-6.237722775686e-10,-6.237722775686e-10
7.269,5.05295652296032e-08,-2.70787637472639e-09,-6.21771754464856e-10,-6.21771754464856e-10
7.27,5.03746528921129e-08,-2.69958853398818e-09,-6.19777649763014e-10,-6.19777649763014e-10
7.271,5.02202146871959e-08,-2.69132601284755e-09,-6.17789942862653e-10,-6.17789942862653e-10
7.272,5.00662491663588e-08,-2.68308873410853e-09,-6.15808613229519e-10,-6.15808613229519e-10
7.273,4.99127548855246e-08,-2.67487662081e-09,-6.1383364039529e-10,-6.1383364039529e-10
7.274,4.97597304050187e-08,-2.66668959622495e-09,-6.11865003957347e-10,-6.11865003957347e-10
7.275,4.96071742895563e-08,-2.65852758385977e-09,-6.09902683578589e-10,-6.09902683578589e-10
7.276,4.94550851082287e-08,-2.65039050745359e-09,-6.07946658987216e-10,-6.07946658987216e-10
7.277,4.93034614344896e-08,-2.6422782909775e-09,-6.05996909976512e-10,-6.05996909976512e-10
7.278,4.91523018461427e-08,-2.63419085863389e-09,-6.04053416404643e-10,-6.04053416404643e-10
7.279,4.90016049253277e-08,-2.62612813485578e-09,-6.02116158194439e-10,-6.02116158194439e-10
7.28,4.88513692585075e-08,-2.61809004430602e-09,-6.00185115333202e-10,-6.00185115333202e-10
7.281,4.87015934364544e-08,-2.61007651187668e-09,-5.98260267872482e-10,-5.98260267872482e-10
7.282,4.85522760542387e-08,-2.60208746268836e-09,-5.96341595927893e-10,-5.96341595927893e-10
7.283,4.84034157112132e-08,-2.59412282208943e-09,-5.94429079678877e-10,-5.94429079678877e-10
7.284,4.8255011011002e-08,-2.58618251565536e-09,-5.92522699368523e-10,-5.92522699368523e-10
7.285,4.8107060561487e-08,-2.57826646918808e-09,-5.90622435303348e-10,-5.90622435303348e-10
7.286,4.79595629747947e-08,-2.57037460871525e-09,-5.88728267853112e-10,-5.88728267853112e-10
7.287,4.78125168672833e-08,-2.56250686048956e-09,-5.86840177450593e-10,-5.86840177450593e-10
7.288,4.76659208595303e-08,-2.55466315098809e-09,-5.84958144591391e-10,-5.84958144591391e-10
7.289,4.75197735763193e-08,-2.54684340691161e-09,-5.83082149833745e-10,-5.83082149833745e-10
7.29,4.73740736466268e-08,-2.53904755518387e-09,-5.81212173798302e-10,-5.81212173798302e-10
7.291,4.72288197036105e-08,-2.53127552295099e-09,-5.79348197167935e-10,-5.79348197167935e-10
7.292,4.70840103845957e-08,-2.52352723758073e-09,-5.77490200687542e-10,-5.77490200687542e-10
7.293,4.69396443310626e-08,-2.51580262666182e-09,-5.7563816516384e-10,-5.7563816516384e-10
7.294,4.67957201886345e-08,-2.50810161800334e-09,-5.73792071465175e-10,-5.73792071465175e-10
7.295,4.66522366070645e-08,-2.50042413963399e-09,-5.71951900521312e-10,-5.71951900521312e-10
7.296,4.65091922402226e-08,-2.49277011980144e-09,-5.70117633323245e-10,-5.70117633323245e-10
7.297,4.63665857460839e-08,-2.4851394869717e-09,-5.68289250923014e-10,-5.68289250923014e-10
7.298,4.62244157867163e-08,-2.47753216982843e-09,-5.66466734433479e-10,-5.66466734433479e-10
7.299,4.60826810282672e-08,-2.46994809727226e-09,-5.64650065028152e-10,-5.64650065028152e-10
7.3,4.59413801409513e-08,-2.46238719842015e-09,-5.62839223940984e-10,-5.62839223940984e-10
7.301,4.58005117990388e-08,-2.45484940260477e-09,-5.6103419246618e-10,-5.6103419246618e-10
7.302,4.56600746808427e-08,-2.44733463937379e-09,-5.59234951958006e-10,-5.59234951958006e-10
7.303,4.5520067468706e-08,-2.43984283848924e-09,-5.57441483830587e-10,-5.57441483830587e-10
7.304,4.53804888489904e-08,-2.43237392992688e-09,-5.55653769557732e-10,-5.55653769557732e-10
7.305,4.52413375120635e-08,-2.42492784387555e-09,-5.5387179067272e-10,-5.5387179067272e-10
7.306,4.51026121522864e-08,-2.41750451073647e-09,-5.52095528768134e-10,-5.52095528768134e-10
7.307,4.49643114680021e-08,-2.41010386112268e-09,-5.50324965495642e-10,-5.50324965495642e-10
7.308,4.48264341615233e-08,-2.40272582585836e-09,-5.48560082565836e-10,-5.48560082565836e-10
7.309,4.46889789391197e-08,-2.39537033597814e-09,-5.46800861748011e-10,-5.46800861748011e-10
7.31,4.45519445110067e-08,-2.38803732272653e-09,-5.45047284870016e-10,-5.45047284870016e-10
7.311,4.44153295913332e-08,-2.38072671755729e-09,-5.43299333818033e-10,-5.43299333818033e-10
7.312,4.42791328981693e-08,-2.37343845213269e-09,-5.41556990536402e-10,-5.41556990536402e-10
7.313,4.41433531534944e-08,-2.36617245832302e-09,-5.39820237027432e-10,-5.39820237027432e-10
7.314,4.40079890831861e-08,-2.35892866820584e-09,-5.38089055351224e-10,-5.38089055351224e-10
7.315,4.38730394170074e-08,-2.35170701406543e-09,-5.36363427625466e-10,-5.36363427625466e-10
7.316,4.37385028885952e-08,-2.34450742839212e-09,-5.34643336025267e-10,-5.34643336025267e-10
7.317,4.36043782354484e-08,-2.33732984388167e-09,-5.32928762782961e-10,-5.32928762782961e-10
7.318,4.34706641989169e-08,-2.33017419343467e-09,-5.31219690187941e-10,-5.31219690187941e-10
7.319,4.33373595241883e-08,-2.32304041015588e-09,-5.2951610058643e-10,-5.2951610058643e-10
7.32,4.3204462960278e-08,-2.31592842735365e-09,-5.27817976381363e-10,-5.27817976381363e-10
7.321,4.30719732600165e-08,-2.30883817853927e-09,-5.26125300032169e-10,-5.26125300032169e-10
7.322,4.29398891800377e-08,-2.30176959742636e-09,-5.2443805405457e-10,-5.2443805405457e-10
7.323,4.2808209480768e-08,-2.29472261793029e-09,-5.22756221020442e-10,-5.22756221020442e-10
7.324,4.26769329264145e-08,-2.28769717416753e-09,-5.21079783557611e-10,-5.21079783557611e-10
7.325,4.2546058284953e-08,-2.28069320045503e-09,-5.1940872434968e-10,-5.1940872434968e-10
7.326,4.2415584328117e-08,-2.27371063130963e-09,-5.17743026135843e-10,-5.17743026135843e-10
7.327,4.22855098313867e-08,-2.2667494014475e-09,-5.1608267171072e-10,-5.1608267171072e-10
7.328,4.21558335739766e-08,-2.25980944578345e-09,-5.14427643924167e-10,-5.14427643924167e-10
7.329,4.20265543388246e-08,-2.25289069943036e-09,-5.12777925681086e-10,-5.12777925681086e-10
7.33,4.18976709125809e-08,-2.24599309769862e-09,-5.11133499941288e-10,-5.11133499941288e-10
7.331,4.17691820855967e-08,-2.23911657609546e-09,-5.09494349719287e-10,-5.09494349719287e-10
7.332,4.16410866519122e-08,-2.2322610703244e-09,-5.07860458084119e-10,-5.07860458084119e-10
7.333,4.15133834092464e-08,-2.22542651628465e-09,-5.06231808159185e-10,-5.06231808159185e-10
7.334,4.13860711589852e-08,-2.21861285007051e-09,-5.04608383122072e-10,-5.04608383122072e-10
7.335,4.12591487061703e-08,-2.21182000797074e-09,-5.02990166204373e-10,-5.02990166204373e-10
7.336,4.11326148594885e-08,-2.20504792646806e-09,-5.01377140691514e-10,-5.01377140691514e-10
7.337,4.10064684312603e-08,-2.19829654223846e-09,-4.99769289922593e-10,-4.99769289922593e-10
7.338,4.08807082374287e-08,-2.19156579215068e-09,-4.98166597290187e-10,-4.98166597290187e-10
7.339,4.07553330975484e-08,-2.1848556132656e-09,-4.96569046240203e-10,-4.96569046240203e-10
7.34,4.06303418347751e-08,-2.17816594283566e-09,-4.94976620271688e-10,-4.94976620271688e-10
7.341,4.05057332758536e-08,-2.17149671830428e-09,-4.93389302936668e-10,-4.93389302936668e-10
7.342,4.03815062511077e-08,-2.16484787730526e-09,-4.91807077839979e-10,-4.91807077839979e-10
7.343,4.02576595944296e-08,-2.15821935766227e-09,-4.90229928639087e-10,-4.90229928639087e-10
7.344,4.01341921432677e-08,-2.15161109738818e-09,-4.88657839043931e-10,-4.88657839043931e-10
7.345,4.00111027386169e-08,-2.14502303468453e-09,-4.87090792816754e-10,-4.87090792816754e-10
7.346,3.98883902250077e-08,-2.13845510794099e-09,-4.8552877377192e-10,-4.8552877377192e-10
7.347,3.97660534504953e-08,-2.13190725573472e-09,-4.83971765775763e-10,-4.83971765775763e-10
7.348,3.96440912666482e-08,-2.12537941682987e-09,-4.82419752746411e-10,-4.82419752746411e-10
7.349,3.95225025285388e-08,-2.11887153017694e-09,-4.80872718653634e-10,-4.80872718653634e-10
7.35,3.94012860947318e-08,-2.1123835349123e-09,-4.79330647518651e-10,-4.79330647518651e-10
7.351,3.92804408272736e-08,-2.10591537035754e-09,-4.77793523413992e-10,-4.77793523413992e-10
7.352,3.91599655916822e-08,-2.09946697601895e-09,-4.76261330463314e-10,-4.76261330463314e-10
7.353,3.90398592569363e-08,-2.09303829158699e-09,-4.74734052841256e-10,-4.74734052841256e-10
7.354,3.89201206954648e-08,-2.08662925693564e-09,-4.73211674773256e-10,-4.73211674773256e-10
7.355,3.88007487831363e-08,-2.08023981212195e-09,-4.71694180535394e-10,-4.71694180535394e-10
7.356,3.86817423992487e-08,-2.07386989738541e-09,-4.70181554454238e-10,-4.70181554454238e-10
7.357,3.85631004265186e-08,-2.06751945314742e-09,-4.68673780906667e-10,-4.68673780906667e-10
7.358,3.8444821751071e-08,-2.06118842001073e-09,-4.67170844319725e-10,-4.67170844319725e-10
7.359,3.83269052624293e-08,-2.05487673875892e-09,-4.6567272917045e-10,-4.6567272917045e-10
7.36,3.8209349853504e-08,-2.0485843503558e-09,-4.64179419985715e-10,-4.64179419985715e-10
7.361,3.80921544205834e-08,-2.04231119594489e-09,-4.62690901342067e-10,-4.62690901342067e-10
7.362,3.79753178633227e-08,-2.0360572168489e-09,-4.61207157865577e-10,-4.61207157865577e-10
7.363,3.78588390847341e-08,-2.02982235456915e-09,-4.59728174231661e-10,-4.59728174231661e-10
7.364,3.77427169911762e-08,-2.023606550785e-09,-4.58253935164945e-10,-4.58253935164945e-10
7.365,3.76269504923442e-08,-2.0174097473534e-09,-4.56784425439091e-10,-4.56784425439091e-10
7.366,3.75115385012597e-08,-2.01123188630827e-09,-4.55319629876641e-10,-4.55319629876641e-10
7.367,3.739647993426e-08,-2.00507290985998e-09,-4.53859533348867e-10,-4.53859533348867e-10
7.368,3.72817737109889e-08,-1.99893276039485e-09,-4.52404120775615e-10,-4.52404120775615e-10
7.369,3.71674187543862e-08,-1.99281138047458e-09,-4.50953377125134e-10,-4.50953377125134e-10
7.37,3.70534139906772e-08,-1.98670871283571e-09,-4.49507287413942e-10,-4.49507287413942e-10
7.371,3.69397583493637e-08,-1.98062470038913e-09,-4.48065836706654e-10,-4.48065836706654e-10
7.372,3.68264507632132e-08,-1.97455928621952e-09,-4.46629010115828e-10,-4.46629010115828e-10
7.373,3.67134901682493e-08,-1.96851241358481e-09,-4.45196792801834e-10,-4.45196792801834e-10
7.374,3.66008755037414e-08,-1.96248402591568e-09,-4.43769169972667e-10,-4.43769169972667e-10
7.375,3.6488605712196e-08,-1.95647406681506e-09,-4.42346126883818e-10,-4.42346126883818e-10
7.376,3.63766797393452e-08,-1.95048248005753e-09,-4.40927648838115e-10,-4.40927648838115e-10
7.377,3.62650965341379e-08,-1.94450920958887e-09,-4.39513721185561e-10,-4.39513721185561e-10
7.378,3.61538550487298e-08,-1.9385541995255e-09,-4.38104329323204e-10,-4.38104329323204e-10
7.379,3.60429542384737e-08,-1.93261739415399e-09,-4.36699458694962e-10,-4.36699458694962e-10
7.38,3.59323930619096e-08,-1.92669873793051e-09,-4.35299094791485e-10,-4.35299094791485e-10
7.381,3.5822170480755e-08,-1.92079817548034e-09,-4.33903223150009e-10,-4.33903223150009e-10
7.382,3.57122854598956e-08,-1.91491565159736e-09,-4.32511829354203e-10,-4.32511829354203e-10
7.383,3.5602736967375e-08,-1.90905111124351e-09,-4.31124899034004e-10,-4.31124899034004e-10
7.384,3.54935239743856e-08,-1.90320449954832e-09,-4.29742417865497e-10,-4.29742417865497e-10
7.385,3.53846454552589e-08,-1.89737576180835e-09,-4.28364371570745e-10,-4.28364371570745e-10
7.386,3.52761003874559e-08,-1.89156484348673e-09,-4.26990745917644e-10,-4.26990745917644e-10
7.387,3.51678877515574e-08,-1.88577169021263e-09,-4.25621526719793e-10,-4.25621526719793e-10
7.388,3.5060006531255e-08,-1.87999624778076e-09,-4.24256699836324e-10,-4.24256699836324e-10
7.389,3.49524557133411e-08,-1.87423846215087e-09,-4.22896251171768e-10,-4.22896251171768e-10
7.39,3.48452342876993e-08,-1.86849827944724e-09,-4.21540166675907e-10,-4.21540166675907e-10
7.391,3.47383412472963e-08,-1.86277564595819e-09,-4.20188432343631e-10,-4.20188432343631e-10
7.392,3.46317755881707e-08,-1.85707050813558e-09,-4.18841034214788e-10,-4.18841034214788e-10
7.393,3.45255363094247e-08,-1.85138281259431e-09,-4.17497958374051e-10,-4.17497958374051e-10
7.394,3.44196224132148e-08,-1.84571250611183e-09,-4.16159190950751e-10,-4.16159190950751e-10
7.395,3.43140329047423e-08,-1.84005953562764e-09,-4.14824718118765e-10,-4.14824718118765e-10
7.396,3.42087667922436e-08,-1.83442384824279e-09,-4.13494526096343e-10,-4.13494526096343e-10
7.397,3.41038230869818e-08,-1.82880539121942e-09,-4.12168601145984e-10,-4.12168601145984e-10
7.398,3.3999200803237e-08,-1.82320411198023e-09,-4.10846929574291e-10,-4.10846929574291e-10
7.399,3.38948989582968e-08,-1.81761995810803e-09,-4.09529497731822e-10,-4.09529497731822e-10
7.4,3.3790916572448e-08,-1.81205287734522e-09,-4.08216292012953e-10,-4.08216292012953e-10
7.401,3.36872526689668e-08,-1.80650281759334e-09,-4.06907298855751e-10,-4.06907298855751e-10
7.402,3.35839062741097e-08,-1.80096972691255e-09,-4.05602504741804e-10,-4.05602504741804e-10
7.403,3.34808764171047e-08,-1.79545355352117e-09,-4.04301896196108e-10,-4.04301896196108e-10
7.404,3.33781621301423e-08,-1.78995424579521e-09,-4.03005459786911e-10,-4.03005459786911e-10
7.405,3.32757624483662e-08,-1.78447175226786e-09,-4.01713182125594e-10,-4.01713182125594e-10
7.406,3.31736764098643e-08,-1.77900602162902e-09,-4.00425049866497e-10,-4.00425049866497e-10
7.407,3.30719030556603e-08,-1.77355700272488e-09,-3.99141049706831e-10,-3.99141049706831e-10
7.408,3.29704414297039e-08,-1.76812464455735e-09,-3.97861168386486e-10,-3.97861168386486e-10
7.409,3.28692905788625e-08,-1.76270889628364e-09,-3.96585392687936e-10,-3.96585392687936e-10
7.41,3.27684495529121e-08,-1.75730970721581e-09,-3.9531370943608e-10,-3.9531370943608e-10
7.411,3.26679174045286e-08,-1.75192702682026e-09,-3.94046105498122e-10,-3.94046105498122e-10
7.412,3.25676931892786e-08,-1.74656080471726e-09,-3.92782567783415e-10,-3.92782567783415e-10
7.413,3.24677759656111e-08,-1.74121099068052e-09,-3.91523083243339e-10,-3.91523083243339e-10
7.414,3.23681647948486e-08,-1.73587753463668e-09,-3.90267638871169e-10,-3.90267638871169e-10
7.415,3.22688587411776e-08,-1.73056038666488e-09,-3.89016221701925e-10,-3.89016221701925e-10
7.416,3.21698568716411e-08,-1.72525949699628e-09,-3.87768818812257e-10,-3.87768818812257e-10
7.417,3.20711582561292e-08,-1.7199748160136e-09,-3.86525417320296e-10,-3.86525417320296e-10
7.418,3.19727619673702e-08,-1.71470629425065e-09,-3.85286004385535e-10,-3.85286004385535e-10
7.419,3.18746670809226e-08,-1.7094538823919e-09,-3.84050567208674e-10,-3.84050567208674e-10
7.42,3.17768726751662e-08,-1.70421753127199e-09,-3.82819093031514e-10,-3.82819093031514e-10
7.421,3.16793778312933e-08,-1.69899719187529e-09,-3.81591569136806e-10,-3.81591569136806e-10
7.422,3.15821816333002e-08,-1.69379281533544e-09,-3.80367982848129e-10,-3.80367982848129e-10
7.423,3.14852831679791e-08,-1.68860435293492e-09,-3.79148321529758e-10,-3.79148321529758e-10
7.424,3.13886815249092e-08,-1.68343175610454e-09,-3.77932572586525e-10,-3.77932572586525e-10
7.425,3.12923757964478e-08,-1.67827497642305e-09,-3.76720723463697e-10,-3.76720723463697e-10
7.426,3.1196365077723e-08,-1.67313396561666e-09,-3.75512761646849e-10,-3.75512761646849e-10
7.427,3.11006484666242e-08,-1.66800867555862e-09,-3.74308674661732e-10,-3.74308674661732e-10
7.428,3.10052250637939e-08,-1.6628990582687e-09,-3.73108450074125e-10,-3.73108450074125e-10
7.429,3.09100939726199e-08,-1.65780506591285e-09,-3.71912075489744e-10,-3.71912075489744e-10
7.43,3.08152542992262e-08,-1.65272665080268e-09,-3.70719538554081e-10,-3.70719538554081e-10
7.431,3.0720705152465e-08,-1.64766376539503e-09,-3.69530826952288e-10,-3.69530826952288e-10
7.432,3.06264456439085e-08,-1.64261636229155e-09,-3.68345928409055e-10,-3.68345928409055e-10
7.433,3.05324748878406e-08,-1.63758439423826e-09,-3.67164830688479e-10,-3.67164830688479e-10
7.434,3.0438792001248e-08,-1.63256781412508e-09,-3.65987521593926e-10,-3.65987521593926e-10
7.435,3.03453961038131e-08,-1.62756657498542e-09,-3.64813988967924e-10,-3.64813988967924e-10
7.436,3.0252286317905e-08,-1.62258062999575e-09,-3.6364422069203e-10,-3.6364422069203e-10
7.437,3.01594617685713e-08,-1.61760993247511e-09,-3.62478204686695e-10,-3.62478204686695e-10
7.438,3.00669215835302e-08,-1.61265443588477e-09,-3.61315928911156e-10,-3.61315928911156e-10
7.439,2.99746648931626e-08,-1.60771409382772e-09,-3.60157381363298e-10,-3.60157381363298e-10
7.44,2.98826908305035e-08,-1.60278886004827e-09,-3.59002550079534e-10,-3.59002550079534e-10
7.441,2.9790998531234e-08,-1.59787868843161e-09,-3.57851423134681e-10,-3.57851423134681e-10
7.442,2.96995871336735e-08,-1.59298353300339e-09,-3.56703988641845e-10,-3.56703988641845e-10
7.443,2.96084557787716e-08,-1.58810334792932e-09,-3.55560234752278e-10,-3.55560234752278e-10
7.444,2.95176036100998e-08,-1.58323808751467e-09,-3.54420149655278e-10,-3.54420149655278e-10
7.445,2.94270297738438e-08,-1.57838770620392e-09,-3.53283721578051e-10,-3.53283721578051e-10
7.446,2.93367334187957e-08,-1.57355215858031e-09,-3.52150938785604e-10,-3.52150938785604e-10
7.447,2.92467136963455e-08,-1.56873139936541e-09,-3.51021789580606e-10,-3.51021789580606e-10
7.448,2.91569697604736e-08,-1.56392538341869e-09,-3.49896262303275e-10,-3.49896262303275e-10
7.449,2.90675007677429e-08,-1.55913406573715e-09,-3.48774345331266e-10,-3.48774345331266e-10
7.45,2.89783058772909e-08,-1.55435740145486e-09,-3.47656027079541e-10,-3.47656027079541e-10
7.451,2.88893842508214e-08,-1.54959534584253e-09,-3.4654129600024e-10,-3.4654129600024e-10
7.452,2.88007350525978e-08,-1.54484785430714e-09,-3.45430140582587e-10,-3.45430140582587e-10
7.453,2.8712357449434e-08,-1.54011488239152e-09,-3.44322549352752e-10,-3.44322549352752e-10
7.454,2.86242506106875e-08,-1.53539638577387e-09,-3.43218510873733e-10,-3.43218510873733e-10
7.455,2.85364137082512e-08,-1.53069232026745e-09,-3.42118013745246e-10,-3.42118013745246e-10
7.456,2.84488459165462e-08,-1.52600264182009e-09,-3.41021046603602e-10,-3.41021046603602e-10
7.457,2.83615464125134e-08,-1.52132730651383e-09,-3.39927598121594e-10,-3.39927598121594e-10
7.458,2.82745143756062e-08,-1.51666627056448e-09,-3.38837657008366e-10,-3.38837657008366e-10
7.459,2.81877489877832e-08,-1.51201949032122e-09,-3.37751212009315e-10,-3.37751212009315e-10
7.46,2.81012494334997e-08,-1.50738692226621e-09,-3.36668251905969e-10,-3.36668251905969e-10
7.461,2.8015014899701e-08,-1.50276852301418e-09,-3.35588765515856e-10,-3.35588765515856e-10
7.462,2.79290445758141e-08,-1.49816424931203e-09,-3.34512741692412e-10,-3.34512741692412e-10
7.463,2.78433376537406e-08,-1.49357405803838e-09,-3.33440169324844e-10,-3.33440169324844e-10
7.464,2.7757893327849e-08,-1.48899790620326e-09,-3.32371037338036e-10,-3.32371037338036e-10
7.465,2.76727107949673e-08,-1.48443575094765e-09,-3.31305334692418e-10,-3.31305334692418e-10
7.466,2.75877892543751e-08,-1.47988754954308e-09,-3.30243050383852e-10,-3.30243050383852e-10
7.467,2.75031279077964e-08,-1.47535325939125e-09,-3.29184173443535e-10,-3.29184173443535e-10
7.468,2.74187259593929e-08,-1.47083283802365e-09,-3.2812869293787e-10,-3.2812869293787e-10
7.469,2.7334582615755e-08,-1.46632624310112e-09,-3.27076597968352e-10,-3.27076597968352e-10
7.47,2.72506970858956e-08,-1.4618334324135e-09,-3.26027877671465e-10,-3.26027877671465e-10
7.471,2.71670685812425e-08,-1.45735436387922e-09,-3.24982521218565e-10,-3.24982521218565e-10
7.472,2.70836963156307e-08,-1.45288899554493e-09,-3.23940517815771e-10,-3.23940517815771e-10
7.473,2.70005795052954e-08,-1.44843728558504e-09,-3.22901856703842e-10,-3.22901856703842e-10
7.474,2.69177173688646e-08,-1.44399919230144e-09,-3.21866527158083e-10,-3.21866527158083e-10
7.475,2.68351091273518e-08,-1.43957467412302e-09,-3.20834518488221e-10,-3.20834518488221e-10
7.476,2.67527540041486e-08,-1.43516368960534e-09,-3.198058200383e-10,-3.198058200383e-10
7.477,2.66706512250175e-08,-1.4307661974302e-09,-3.18780421186569e-10,-3.18780421186569e-10
7.478,2.65888000180852e-08,-1.42638215640531e-09,-3.17758311345373e-10,-3.17758311345373e-10
7.479,2.65071996138344e-08,-1.42201152546385e-09,-3.16739479961045e-10,-3.16739479961045e-10
7.48,2.64258492450974e-08,-1.41765426366415e-09,-3.15723916513793e-10,-3.15723916513793e-10
7.481,2.63447481470489e-08,-1.41331033018925e-09,-3.14711610517595e-10,-3.14711610517595e-10
7.482,2.62638955571984e-08,-1.40897968434655e-09,-3.13702551520086e-10,-3.13702551520086e-10
7.483,2.61832907153832e-08,-1.40466228556742e-09,-3.12696729102457e-10,-3.12696729102457e-10
7.484,2.61029328637622e-08,-1.40035809340688e-09,-3.11694132879341e-10,-3.11694132879341e-10
7.485,2.60228212468073e-08,-1.39606706754312e-09,-3.10694752498704e-10,-3.10694752498704e-10
7.486,2.59429551112975e-08,-1.39178916777721e-09,-3.09698577641749e-10,-3.09698577641749e-10
7.487,2.58633337063115e-08,-1.38752435403269e-09,-3.08705598022795e-10,-3.08705598022795e-10
7.488,2.57839562832207e-08,-1.38327258635522e-09,-3.07715803389188e-10,-3.07715803389188e-10
7.489,2.57048220956822e-08,-1.37903382491217e-09,-3.06729183521168e-10,-3.06729183521168e-10
7.49,2.5625930399632e-08,-1.3748080299923e-09,-3.05745728231796e-10,-3.05745728231796e-10
7.491,2.55472804532777e-08,-1.37059516200537e-09,-3.04765427366824e-10,-3.04765427366824e-10
7.492,2.54688715170918e-08,-1.36639518148172e-09,-3.03788270804598e-10,-3.03788270804598e-10
7.493,2.5390702853805e-08,-1.36220804907202e-09,-3.02814248455964e-10,-3.02814248455964e-10
7.494,2.53127737283991e-08,-1.35803372554679e-09,-3.01843350264136e-10,-3.01843350264136e-10
7.495,2.52350834080999e-08,-1.35387217179609e-09,-3.00875566204625e-10,-3.00875566204625e-10
7.496,2.51576311623709e-08,-1.34972334882915e-09,-2.99910886285115e-10,-2.99910886285115e-10
7.497,2.5080416262906e-08,-1.34558721777402e-09,-2.9894930054536e-10,-2.9894930054536e-10
7.498,2.50034379836231e-08,-1.34146373987718e-09,-2.97990799057093e-10,-2.97990799057093e-10
7.499,2.49266956006569e-08,-1.33735287650319e-09,-2.97035371923909e-10,-2.97035371923909e-10
7.5,2.48501883923526e-08,-1.33325458913435e-09,-2.96083009281176e-10,-2.96083009281176e-10
7.501,2.47739156392588e-08,-1.32916883937033e-09,-2.95133701295924e-10,-2.95133701295924e-10
7.502,2.46978766241208e-08,-1.32509558892778e-09,-2.94187438166743e-10,-2.94187438166743e-10
7.503,2.46220706318744e-08,-1.32103479964004e-09,-2.93244210123685e-10,-2.93244210123685e-10
7.504,2.45464969496386e-08,-1.31698643345675e-09,-2.92304007428169e-10,-2.92304007428169e-10
7.505,2.44711548667091e-08,-1.31295045244346e-09,-2.91366820372866e-10,-2.91366820372866e-10
7.506,2.4396043674552e-08,-1.30892681878136e-09,-2.9043263928161e-10,-2.9043263928161e-10
7.507,2.4321162666797e-08,-1.30491549476686e-09,-2.89501454509296e-10,-2.89501454509296e-10
7.508,2.42465111392304e-08,-1.30091644281126e-09,-2.88573256441774e-10,-2.88573256441774e-10
7.509,2.41720883897892e-08,-1.2969296254404e-09,-2.87648035495759e-10,-2.87648035495759e-10
7.51,2.40978937185542e-08,-1.29295500529435e-09,-2.86725782118721e-10,-2.86725782118721e-10
7.511,2.40239264277435e-08,-1.28899254512698e-09,-2.858064867888e-10,-2.858064867888e-10
7.512,2.39501858217058e-08,-1.28504220780569e-09,-2.84890140014697e-10,-2.84890140014697e-10
7.513,2.38766712069144e-08,-1.28110395631103e-09,-2.83976732335576e-10,-2.83976732335576e-10
7.514,2.38033818919603e-08,-1.27717775373637e-09,-2.83066254320969e-10,-2.83066254320969e-10
7.515,2.37303171875456e-08,-1.27326356328754e-09,-2.82158696570683e-10,-2.82158696570683e-10
7.516,2.36574764064779e-08,-1.2693613482825e-09,-2.81254049714692e-10,-2.81254049714692e-10
7.517,2.35848588636629e-08,-1.26547107215099e-09,-2.80352304413056e-10,-2.80352304413056e-10
7.518,2.35124638760984e-08,-1.26159269843422e-09,-2.79453451355804e-10,-2.79453451355804e-10
7.519,2.34402907628682e-08,-1.25772619078448e-09,-2.7855748126285e-10,-2.7855748126285e-10
7.52,2.33683388451354e-08,-1.25387151296485e-09,-2.77664384883904e-10,-2.77664384883904e-10
7.521,2.3296607446136e-08,-1.25002862884884e-09,-2.76774152998362e-10,-2.76774152998362e-10
7.522,2.3225095891173e-08,-1.24619750242004e-09,-2.75886776415212e-10,-2.75886776415212e-10
7.523,2.31538035076098e-08,-1.24237809777183e-09,-2.75002245972953e-10,-2.75002245972953e-10
7.524,2.30827296248637e-08,-1.238570379107e-09,-2.74120552539482e-10,-2.74120552539482e-10
7.525,2.30118735744001e-08,-1.23477431073745e-09,-2.73241687012015e-10,-2.73241687012015e-10
7.526,2.29412346897262e-08,-1.23098985708383e-09,-2.72365640316985e-10,-2.72365640316985e-10
7.527,2.28708123063843e-08,-1.22721698267523e-09,-2.71492403409944e-10,-2.71492403409944e-10
7.528,2.28006057619462e-08,-1.22345565214885e-09,-2.70621967275482e-10,-2.70621967275482e-10
7.529,2.27306143960068e-08,-1.21970583024966e-09,-2.69754322927123e-10,-2.69754322927123e-10
7.53,2.26608375501775e-08,-1.21596748183008e-09,-2.68889461407232e-10,-2.68889461407232e-10
7.531,2.25912745680807e-08,-1.21224057184965e-09,-2.68027373786934e-10,-2.68027373786934e-10
7.532,2.25219247953436e-08,-1.2085250653747e-09,-2.67168051166012e-10,-2.67168051166012e-10
7.533,2.24527875795916e-08,-1.20482092757805e-09,-2.6631148467281e-10,-2.6631148467281e-10
7.534,2.23838622704426e-08,-1.20112812373863e-09,-2.65457665464157e-10,-2.65457665464157e-10
7.535,2.23151482195008e-08,-1.19744661924124e-09,-2.64606584725259e-10,-2.64606584725259e-10
7.536,2.22466447803508e-08,-1.19377637957614e-09,-2.63758233669621e-10,-2.63758233669621e-10
7.537,2.21783513085513e-08,-1.19011737033881e-09,-2.62912603538949e-10,-2.62912603538949e-10
7.538,2.21102671616293e-08,-1.18646955722955e-09,-2.62069685603057e-10,-2.62069685603057e-10
7.539,2.20423916990742e-08,-1.18283290605324e-09,-2.61229471159791e-10,-2.61229471159791e-10
7.54,2.19747242823313e-08,-1.17920738271896e-09,-2.60391951534915e-10,-2.60391951534915e-10
7.541,2.19072642747963e-08,-1.17559295323972e-09,-2.59557118082042e-10,-2.59557118082042e-10
7.542,2.18400110418096e-08,-1.1719895837321e-09,-2.58724962182544e-10,-2.58724962182544e-10
7.543,2.17729639506494e-08,-1.16839724041596e-09,-2.57895475245448e-10,-2.57895475245448e-10
7.544,2.17061223705269e-08,-1.16481588961414e-09,-2.57068648707353e-10,-2.57068648707353e-10
7.545,2.16394856725799e-08,-1.16124549775211e-09,-2.56244474032357e-10,-2.56244474032357e-10
7.546,2.15730532298665e-08,-1.1576860313577e-09,-2.55422942711945e-10,-2.55422942711945e-10
7.547,2.15068244173601e-08,-1.15413745706073e-09,-2.54604046264913e-10,-2.54604046264913e-10
7.548,2.14407986119432e-08,-1.15059974159277e-09,-2.53787776237284e-10,-2.53787776237284e-10
7.549,2.13749751924012e-08,-1.14707285178678e-09,-2.52974124202219e-10,-2.52974124202219e-10
7.55,2.1309353539417e-08,-1.14355675457683e-09,-2.52163081759911e-10,-2.52163081759911e-10
7.551,2.12439330355655e-08,-1.14005141699777e-09,-2.51354640537533e-10,-2.51354640537533e-10
7.552,2.11787130653073e-08,-1.13655680618493e-09,-2.50548792189118e-10,-2.50548792189118e-10
7.553,2.11136930149827e-08,-1.13307288937383e-09,-2.49745528395495e-10,-2.49745528395495e-10
7.554,2.10488722728072e-08,-1.12959963389986e-09,-2.48944840864191e-10,-2.48944840864191e-10
7.555,2.09842502288643e-08,-1.12613700719798e-09,-2.48146721329354e-10,-2.48146721329354e-10
7.556,2.09198262751009e-08,-1.12268497680242e-09,-2.47351161551657e-10,-2.47351161551657e-10
7.557,2.08555998053209e-08,-1.11924351034637e-09,-2.46558153318223e-10,-2.46558153318223e-10
7.558,2.07915702151804e-08,-1.11581257556169e-09,-2.45767688442533e-10,-2.45767688442533e-10
7.559,2.07277369021807e-08,-1.11239214027859e-09,-2.44979758764347e-10,-2.44979758764347e-10
7.56,2.06640992656643e-08,-1.10898217242536e-09,-2.44194356149613e-10,-2.44194356149613e-10
7.561,2.06006567068079e-08,-1.10558264002807e-09,-2.4341147249039e-10,-2.4341147249039e-10
7.562,2.05374086286176e-08,-1.10219351121022e-09,-2.42631099704759e-10,-2.42631099704759e-10
7.563,2.04743544359231e-08,-1.09881475419251e-09,-2.4185322973674e-10,-2.4185322973674e-10
7.564,2.04114935353721e-08,-1.09544633729253e-09,-2.41077854556218e-10,-2.41077854556218e-10
7.565,2.03488253354249e-08,-1.09208822892442e-09,-2.40304966158838e-10,-2.40304966158838e-10
7.566,2.02863492463486e-08,-1.08874039759862e-09,-2.39534556565948e-10,-2.39534556565948e-10
7.567,2.02240646802119e-08,-1.08540281192159e-09,-2.38766617824499e-10,-2.38766617824499e-10
7.568,2.01619710508795e-08,-1.08207544059546e-09,-2.38001142006969e-10,-2.38001142006969e-10
7.569,2.01000677740065e-08,-1.07875825241779e-09,-2.37238121211285e-10,-2.37238121211285e-10
7.57,2.0038354267033e-08,-1.07545121628127e-09,-2.36477547560729e-10,-2.36477547560729e-10
7.571,1.99768299491789e-08,-1.07215430117341e-09,-2.35719413203869e-10,-2.35719413203869e-10
7.572,1.99154942414381e-08,-1.06886747617627e-09,-2.34963710314473e-10,-2.34963710314473e-10
7.573,1.98543465665733e-08,-1.06559071046616e-09,-2.34210431091431e-10,-2.34210431091431e-10
7.574,1.97933863491108e-08,-1.06232397331338e-09,-2.33459567758664e-10,-2.33459567758664e-10
7.575,1.97326130153344e-08,-1.0590672340819e-09,-2.32711112565061e-10,-2.32711112565061e-10
7.576,1.96720259932809e-08,-1.05582046222908e-09,-2.31965057784376e-10,-2.31965057784376e-10
7.577,1.96116247127346e-08,-1.05258362730543e-09,-2.31221395715176e-10,-2.31221395715176e-10
7.578,1.95514086052212e-08,-1.04935669895426e-09,-2.30480118680736e-10,-2.30480118680736e-10
7.579,1.94913771040034e-08,-1.04613964691143e-09,-2.29741219028976e-10,-2.29741219028976e-10
7.58,1.94315296440752e-08,-1.0429324410051e-09,-2.29004689132373e-10,-2.29004689132373e-10
7.581,1.93718656621569e-08,-1.03973505115539e-09,-2.28270521387887e-10,-2.28270521387887e-10
7.582,1.93123845966891e-08,-1.03654744737414e-09,-2.27538708216877e-10,-2.27538708216877e-10
7.583,1.92530858878286e-08,-1.03336959976461e-09,-2.26809242065027e-10,-2.26809242065027e-10
7.584,1.91939689774421e-08,-1.03020147852122e-09,-2.2608211540228e-10,-2.2608211540228e-10
7.585,1.91350333091015e-08,-1.02704305392925e-09,-2.25357320722726e-10,-2.25357320722726e-10
7.586,1.90762783280787e-08,-1.02389429636461e-09,-2.2463485054456e-10,-2.2463485054456e-10
7.587,1.90177034813406e-08,-1.02075517629349e-09,-2.23914697409985e-10,-2.23914697409985e-10
7.588,1.89593082175431e-08,-1.01762566427215e-09,-2.23196853885146e-10,-2.23196853885146e-10
7.589,1.8901091987027e-08,-1.01450573094663e-09,-2.22481312560039e-10,-2.22481312560039e-10
7.59,1.88430542418124e-08,-1.01139534705244e-09,-2.21768066048451e-10,-2.21768066048451e-10
7.591,1.87851944355932e-08,-1.00829448341436e-09,-2.21057106987868e-10,-2.21057106987868e-10
7.592,1.87275120237325e-08,-1.00520311094608e-09,-2.2034842803941e-10,-2.2034842803941e-10
7.593,1.86700064632578e-08,-1.00212120065001e-09,-2.19642021887755e-10,-2.19642021887755e-10
7.594,1.8612677212855e-08,-9.99048723616972e-10,-2.18937881241055e-10,-2.18937881241055e-10
7.595,1.85555237328639e-08,-9.95985651025912e-10,-2.18235998830864e-10,-2.18235998830864e-10
7.596,1.84985454852734e-08,-9.92931954143676e-10,-2.17536367412068e-10,-2.17536367412068e-10
7.597,1.8441741933716e-08,-9.89887604324718e-10,-2.1683897976281e-10,-2.1683897976281e-10
7.598,1.83851125434629e-08,-9.86852573010828e-10,-2.161438286844e-10,-2.161438286844e-10
7.599,1.83286567814192e-08,-9.83826831730882e-10,-2.15450907001265e-10,-2.15450907001265e-10
7.6,1.82723741161188e-08,-9.80810352100573e-10,-2.14760207560855e-10,-2.14760207560855e-10
7.601,1.82162640177191e-08,-9.77803105822132e-10,-2.14071723233577e-10,-2.14071723233577e-10
7.602,1.81603259579968e-08,-9.74805064684088e-10,-2.13385446912722e-10,-2.13385446912722e-10
7.603,1.81045594103424e-08,-9.71816200560992e-10,-2.1270137151439e-10,-2.1270137151439e-10
7.604,1.80489638497552e-08,-9.68836485413151e-10,-2.12019489977418e-10,-2.12019489977418e-10
7.605,1.79935387528388e-08,-9.65865891286379e-10,-2.11339795263298e-10,-2.11339795263298e-10
7.606,1.79382835977962e-08,-9.62904390311733e-10,-2.10662280356125e-10,-2.10662280356125e-10
7.607,1.78831978644242e-08,-9.59951954705246e-10,-2.09986938262501e-10,-2.09986938262501e-10
7.608,1.78282810341096e-08,-9.57008556767672e-10,-2.09313762011476e-10,-2.09313762011476e-10
7.609,1.77735325898236e-08,-9.54074168884247e-10,-2.08642744654474e-10,-2.08642744654474e-10
7.61,1.77189520161171e-08,-9.51148763524398e-10,-2.07973879265225e-10,-2.07973879265225e-10
7.611,1.76645387991162e-08,-9.48232313241507e-10,-2.07307158939678e-10,-2.07307158939678e-10
7.612,1.76102924265171e-08,-9.45324790672661e-10,-2.06642576795948e-10,-2.06642576795948e-10
7.613,1.75562123875813e-08,-9.42426168538387e-10,-2.05980125974239e-10,-2.05980125974239e-10
7.614,1.75022981731309e-08,-9.39536419642391e-10,-2.0531979963676e-10,-2.0531979963676e-10
7.615,1.74485492755441e-08,-9.36655516871326e-10,-2.0466159096768e-10,-2.0466159096768e-10
7.616,1.739496518875e-08,-9.33783433194523e-10,-2.04005493173037e-10,-2.04005493173037e-10
7.617,1.7341545408224e-08,-9.30920141663742e-10,-2.03351499480666e-10,-2.03351499480666e-10
7.618,1.72882894309834e-08,-9.28065615412927e-10,-2.02699603140151e-10,-2.02699603140151e-10
7.619,1.72351967555824e-08,-9.25219827657953e-10,-2.02049797422731e-10,-2.02049797422731e-10
7.62,1.71822668821073e-08,-9.22382751696371e-10,-2.01402075621245e-10,-2.01402075621245e-10
7.621,1.71294993121721e-08,-9.19554360907168e-10,-2.00756431050056e-10,-2.00756431050056e-10
7.622,1.7076893548914e-08,-9.1673462875052e-10,-2.00112857044986e-10,-2.00112857044986e-10
7.623,1.70244490969881e-08,-9.13923528767533e-10,-1.99471346963245e-10,-1.99471346963245e-10
7.624,1.69721654625633e-08,-9.11121034580002e-10,-1.98831894183359e-10,-1.98831894183359e-10
7.625,1.69200421533178e-08,-9.08327119890185e-10,-1.98194492105111e-10,-1.98194492105111e-10
7.626,1.68680786784339e-08,-9.05541758480523e-10,-1.97559134149464e-10,-1.97559134149464e-10
7.627,1.68162745485939e-08,-9.02764924213419e-10,-1.96925813758493e-10,-1.96925813758493e-10
7.628,1.67646292759754e-08,-8.99996591030993e-10,-1.96294524395323e-10,-1.96294524395323e-10
7.629,1.67131423742469e-08,-8.97236732954838e-10,-1.9566525954406e-10,-1.9566525954406e-10
7.63,1.66618133585627e-08,-8.94485324085768e-10,-1.95038012709719e-10,-1.95038012709719e-10
7.631,1.66106417455591e-08,-8.91742338603591e-10,-1.9441277741816e-10,-1.9441277741816e-10
7.632,1.65596270533494e-08,-8.89007750766866e-10,-1.93789547216023e-10,-1.93789547216023e-10
7.633,1.65087688015194e-08,-8.86281534912649e-10,-1.93168315670663e-10,-1.93168315670663e-10
7.634,1.64580665111232e-08,-8.83563665456276e-10,-1.92549076370069e-10,-1.92549076370069e-10
7.635,1.64075197046786e-08,-8.80854116891113e-10,-1.91931822922818e-10,-1.91931822922818e-10
7.636,1.63571279061625e-08,-8.78152863788311e-10,-1.91316548957997e-10,-1.91316548957997e-10
7.637,1.63068906410064e-08,-8.75459880796588e-10,-1.90703248125138e-10,-1.90703248125138e-10
7.638,1.62568074360924e-08,-8.72775142641979e-10,-1.90091914094156e-10,-1.90091914094156e-10
7.639,1.62068778197483e-08,-8.70098624127603e-10,-1.89482540555279e-10,-1.89482540555279e-10
7.64,1.61571013217434e-08,-8.67430300133426e-10,-1.88875121218988e-10,-1.88875121218988e-10
7.641,1.61074774732841e-08,-8.64770145616046e-10,-1.8826964981595e-10,-1.8826964981595e-10
7.642,1.60580058070094e-08,-8.62118135608429e-10,-1.87666120096948e-10,-1.87666120096948e-10
7.643,1.60086858569868e-08,-8.59474245219698e-10,-1.87064525832825e-10,-1.87064525832825e-10
7.644,1.59595171587075e-08,-8.56838449634898e-10,-1.86464860814412e-10,-1.86464860814412e-10
7.645,1.59104992490827e-08,-8.54210724114762e-10,-1.85867118852475e-10,-1.85867118852475e-10
7.646,1.58616316664386e-08,-8.51591043995476e-10,-1.85271293777634e-10,-1.85271293777634e-10
7.647,1.58129139505124e-08,-8.48979384688462e-10,-1.84677379440312e-10,-1.84677379440312e-10
7.648,1.57643456424481e-08,-8.46375721680138e-10,-1.84085369710672e-10,-1.84085369710672e-10
7.649,1.5715926284792e-08,-8.43780030531691e-10,-1.83495258478542e-10,-1.83495258478542e-10
7.65,1.56676554214884e-08,-8.41192286878856e-10,-1.82907039653365e-10,-1.82907039653365e-10
7.651,1.56195325978757e-08,-8.38612466431685e-10,-1.82320707164131e-10,-1.82320707164131e-10
7.652,1.55715573606817e-08,-8.36040544974316e-10,-1.81736254959312e-10,-1.81736254959312e-10
7.653,1.55237292580196e-08,-8.33476498364756e-10,-1.81153677006798e-10,-1.81153677006798e-10
7.654,1.54760478393837e-08,-8.30920302534654e-10,-1.80572967293844e-10,-1.80572967293844e-10
7.655,1.54285126556452e-08,-8.28371933489072e-10,-1.79994119826998e-10,-1.79994119826998e-10
7.656,1.5381123259048e-08,-8.2583136730626e-10,-1.79417128632042e-10,-1.79417128632042e-10
7.657,1.53338792032047e-08,-8.23298580137453e-10,-1.78841987753936e-10,-1.78841987753936e-10
7.658,1.5286780043092e-08,-8.20773548206621e-10,-1.78268691256746e-10,-1.78268691256746e-10
7.659,1.52398253350469e-08,-8.18256247810261e-10,-1.7769723322359e-10,-1.7769723322359e-10
7.66,1.51930146367625e-08,-8.15746655317181e-10,-1.77127607756575e-10,-1.77127607756575e-10
7.661,1.51463475072836e-08,-8.13244747168277e-10,-1.76559808976737e-10,-1.76559808976737e-10
7.662,1.50998235070031e-08,-8.107504998763e-10,-1.75993831023978e-10,-1.75993831023978e-10
7.663,1.50534421976572e-08,-8.08263890025659e-10,-1.75429668057007e-10,-1.75429668057007e-10
7.664,1.50072031423221e-08,-8.05784894272192e-10,-1.7486731425328e-10,-1.7486731425328e-10
7.665,1.49611059054089e-08,-8.03313489342939e-10,-1.74306763808935e-10,-1.74306763808935e-10
7.666,1.49151500526606e-08,-8.00849652035947e-10,-1.73748010938742e-10,-1.73748010938742e-10
7.667,1.48693351511474e-08,-7.98393359220037e-10,-1.73191049876034e-10,-1.73191049876034e-10
7.668,1.48236607692628e-08,-7.95944587834592e-10,-1.72635874872652e-10,-1.72635874872652e-10
7.669,1.47781264767194e-08,-7.93503314889346e-10,-1.72082480198882e-10,-1.72082480198882e-10
7.67,1.47327318445454e-08,-7.91069517464172e-10,-1.71530860143402e-10,-1.71530860143402e-10
7.671,1.46874764450797e-08,-7.88643172708856e-10,-1.70981009013214e-10,-1.70981009013214e-10
7.672,1.46423598519689e-08,-7.86224257842893e-10,-1.70432921133595e-10,-1.70432921133595e-10
7.673,1.45973816401627e-08,-7.83812750155285e-10,-1.6988659084803e-10,-1.6988659084803e-10
7.674,1.45525413859099e-08,-7.81408627004308e-10,-1.69342012518161e-10,-1.69342012518161e-10
7.675,1.45078386667547e-08,-7.79011865817313e-10,-1.68799180523717e-10,-1.68799180523717e-10
7.676,1.44632730615327e-08,-7.76622444090519e-10,-1.68258089262471e-10,-1.68258089262471e-10
7.677,1.44188441503669e-08,-7.74240339388797e-10,-1.67718733150175e-10,-1.67718733150175e-10
7.678,1.43745515146636e-08,-7.71865529345459e-10,-1.67181106620497e-10,-1.67181106620497e-10
7.679,1.43303947371088e-08,-7.69497991662059e-10,-1.6664520412497e-10,-1.6664520412497e-10
7.68,1.42863734016643e-08,-7.6713770410818e-10,-1.66111020132936e-10,-1.66111020132936e-10
7.681,1.42424870935634e-08,-7.64784644521219e-10,-1.65578549131484e-10,-1.65578549131484e-10
7.682,1.41987353993074e-08,-7.62438790806196e-10,-1.65047785625396e-10,-1.65047785625396e-10
7.683,1.41551179066616e-08,-7.60100120935541e-10,-1.64518724137087e-10,-1.64518724137087e-10
7.684,1.41116342046516e-08,-7.5776861294888e-10,-1.63991359206552e-10,-1.63991359206552e-10
7.685,1.4068283883559e-08,-7.55444244952845e-10,-1.6346568539131e-10,-1.6346568539131e-10
7.686,1.40250665349182e-08,-7.53126995120866e-10,-1.62941697266343e-10,-1.62941697266343e-10
7.687,1.39819817515122e-08,-7.50816841692959e-10,-1.62419389424042e-10,-1.62419389424042e-10
7.688,1.39390291273686e-08,-7.48513762975527e-10,-1.61898756474155e-10,-1.61898756474155e-10
7.689,1.38962082577564e-08,-7.46217737341174e-10,-1.61379793043728e-10,-1.61379793043728e-10
7.69,1.38535187391816e-08,-7.43928743228478e-10,-1.6086249377705e-10,-1.6086249377705e-10
7.691,1.38109601693839e-08,-7.41646759141803e-10,-1.60346853335592e-10,-1.60346853335592e-10
7.692,1.37685321473325e-08,-7.39371763651102e-10,-1.59832866397964e-10,-1.59832866397964e-10
7.693,1.37262342732229e-08,-7.37103735391713e-10,-1.59320527659852e-10,-1.59320527659852e-10
7.694,1.36840661484725e-08,-7.34842653064155e-10,-1.5880983183396e-10,-1.5880983183396e-10
7.695,1.36420273757175e-08,-7.32588495433939e-10,-1.58300773649961e-10,-1.58300773649961e-10
7.696,1.36001175588085e-08,-7.30341241331367e-10,-1.57793347854448e-10,-1.57793347854448e-10
7.697,1.35583363028077e-08,-7.28100869651326e-10,-1.57287549210863e-10,-1.57287549210863e-10
7.698,1.35166832139842e-08,-7.25867359353106e-10,-1.56783372499458e-10,-1.56783372499458e-10
7.699,1.34751578998112e-08,-7.23640689460197e-10,-1.56280812517236e-10,-1.56280812517236e-10
7.7,1.34337599689616e-08,-7.21420839060087e-10,-1.55779864077899e-10,-1.55779864077899e-10
7.701,1.33924890313048e-08,-7.19207787304074e-10,-1.55280522011784e-10,-1.55280522011784e-10
7.702,1.33513446979031e-08,-7.17001513407083e-10,-1.54782781165829e-10,-1.54782781165829e-10
7.703,1.33103265810077e-08,-7.14801996647445e-10,-1.542866364035e-10,-1.542866364035e-10
7.704,1.32694342940551e-08,-7.12609216366724e-10,-1.53792082604752e-10,-1.53792082604752e-10
7.705,1.32286674516639e-08,-7.10423151969526e-10,-1.53299114665969e-10,-1.53299114665969e-10
7.706,1.31880256696309e-08,-7.08243782923295e-10,-1.52807727499914e-10,-1.52807727499914e-10
7.707,1.31475085649274e-08,-7.06071088758127e-10,-1.52317916035671e-10,-1.52317916035671e-10
7.708,1.31071157556958e-08,-7.03905049066582e-10,-1.51829675218603e-10,-1.51829675218603e-10
7.709,1.3066846861246e-08,-7.01745643503494e-10,-1.51343000010291e-10,-1.51343000010291e-10
7.71,1.30267015020518e-08,-6.99592851785772e-10,-1.50857885388486e-10,-1.50857885388486e-10
7.711,1.29866792997474e-08,-6.97446653692223e-10,-1.50374326347052e-10,-1.50374326347052e-10
7.712,1.29467798771238e-08,-6.9530702906336e-10,-1.49892317895924e-10,-1.49892317895924e-10
7.713,1.29070028581252e-08,-6.93173957801206e-10,-1.49411855061047e-10,-1.49411855061047e-10
7.714,1.28673478678456e-08,-6.91047419869118e-10,-1.48932932884327e-10,-1.48932932884327e-10
7.715,1.28278145325255e-08,-6.88927395291597e-10,-1.48455546423582e-10,-1.48455546423582e-10
7.716,1.27884024795479e-08,-6.86813864154097e-10,-1.47979690752491e-10,-1.47979690752491e-10
7.717,1.2749111337435e-08,-6.84706806602839e-10,-1.47505360960541e-10,-1.47505360960541e-10
7.718,1.27099407358451e-08,-6.82606202844642e-10,-1.47032552152978e-10,-1.47032552152978e-10
7.719,1.26708903055687e-08,-6.80512033146713e-10,-1.46561259450754e-10,-1.46561259450754e-10
7.72,1.2631959678525e-08,-6.78424277836482e-10,-1.46091477990477e-10,-1.46091477990477e-10
7.721,1.2593148487759e-08,-6.76342917301414e-10,-1.45623202924365e-10,-1.45623202924365e-10
7.722,1.25544563674375e-08,-6.74267931988825e-10,-1.45156429420191e-10,-1.45156429420191e-10
7.723,1.25158829528457e-08,-6.72199302405694e-10,-1.44691152661234e-10,-1.44691152661234e-10
7.724,1.24774278803842e-08,-6.70137009118494e-10,-1.44227367846231e-10,-1.44227367846231e-10
7.725,1.24390907875654e-08,-6.68081032753002e-10,-1.4376507018933e-10,-1.4376507018933e-10
7.726,1.24008713130099e-08,-6.66031353994118e-10,-1.43304254920027e-10,-1.43304254920027e-10
7.727,1.23627690964433e-08,-6.6398795358569e-10,-1.42844917283138e-10,-1.42844917283138e-10
7.728,1.23247837786929e-08,-6.61950812330333e-10,-1.42387052538733e-10,-1.42387052538733e-10
7.729,1.22869150016843e-08,-6.59919911089242e-10,-1.41930655962089e-10,-1.41930655962089e-10
7.73,1.22491624084378e-08,-6.57895230782027e-10,-1.41475722843653e-10,-1.41475722843653e-10
7.731,1.22115256430654e-08,-6.55876752386529e-10,-1.41022248488977e-10,-1.41022248488977e-10
7.732,1.21740043507673e-08,-6.53864456938637e-10,-1.40570228218683e-10,-1.40570228218683e-10
7.733,1.21365981778285e-08,-6.51858325532117e-10,-1.40119657368407e-10,-1.40119657368407e-10
7.734,1.20993067716159e-08,-6.49858339318444e-10,-1.39670531288751e-10,-1.39670531288751e-10
7.735,1.20621297805743e-08,-6.47864479506606e-10,-1.39222845345242e-10,-1.39222845345242e-10
7.736,1.20250668542237e-08,-6.45876727362945e-10,-1.38776594918272e-10,-1.38776594918272e-10
7.737,1.19881176431559e-08,-6.43895064210979e-10,-1.38331775403065e-10,-1.38331775403065e-10
7.738,1.1951281799031e-08,-6.41919471431225e-10,-1.37888382209615e-10,-1.37888382209615e-10
7.739,1.19145589745744e-08,-6.39949930461026e-10,-1.37446410762648e-10,-1.37446410762648e-10
7.74,1.18779488235732e-08,-6.3798642279438e-10,-1.37005856501572e-10,-1.37005856501572e-10
7.741,1.18414510008737e-08,-6.36028929981768e-10,-1.36566714880431e-10,-1.36566714880431e-10
7.742,1.1805065162377e-08,-6.34077433629975e-10,-1.36128981367852e-10,-1.36128981367852e-10
7.743,1.1768790965037e-08,-6.32131915401928e-10,-1.35692651447009e-10,-1.35692651447009e-10
7.744,1.17326280668563e-08,-6.30192357016523e-10,-1.35257720615565e-10,-1.35257720615565e-10
7.745,1.16965761268836e-08,-6.28258740248443e-10,-1.34824184385638e-10,-1.34824184385638e-10
7.746,1.166063480521e-08,-6.26331046928008e-10,-1.34392038283738e-10,-1.34392038283738e-10
7.747,1.16248037629661e-08,-6.24409258940991e-10,-1.33961277850737e-10,-1.33961277850737e-10
7.748,1.1589082662319e-08,-6.2249335822845e-10,-1.33531898641812e-10,-1.33531898641812e-10
7.749,1.15534711664685e-08,-6.20583326786563e-10,-1.33103896226406e-10,-1.33103896226406e-10
7.75,1.15179689396449e-08,-6.18679146666467e-10,-1.32677266188179e-10,-1.32677266188179e-10
7.751,1.14825756471049e-08,-6.16780799974077e-10,-1.32252004124963e-10,-1.32252004124963e-10
7.752,1.1447290955129e-08,-6.14888268869923e-10,-1.31828105648712e-10,-1.31828105648712e-10
7.753,1.14121145310183e-08,-6.13001535568993e-10,-1.31405566385467e-10,-1.31405566385467e-10
7.754,1.13770460430915e-08,-6.11120582340559e-10,-1.30984381975301e-10,-1.30984381975301e-10
7.755,1.13420851606814e-08,-6.09245391508008e-10,-1.30564548072278e-10,-1.30564548072278e-10
7.756,1.1307231554132e-08,-6.07375945448687e-10,-1.30146060344408e-10,-1.30146060344408e-10
7.757,1.12724848947959e-08,-6.05512226593733e-10,-1.29728914473603e-10,-1.29728914473603e-10
7.758,1.12378448550303e-08,-6.03654217427908e-10,-1.29313106155628e-10,-1.29313106155628e-10
7.759,1.12033111081946e-08,-6.01801900489439e-10,-1.28898631100064e-10,-1.28898631100064e-10
7.76,1.11688833286473e-08,-5.99955258369856e-10,-1.28485485030258e-10,-1.28485485030258e-10
7.761,1.11345611917426e-08,-5.98114273713821e-10,-1.28073663683278e-10,-1.28073663683278e-10
7.762,1.11003443738275e-08,-5.9627892921898e-10,-1.27663162809874e-10,-1.27663162809874e-10
7.763,1.10662325522393e-08,-5.94449207635791e-10,-1.27253978174431e-10,-1.27253978174431e-10
7.764,1.10322254053015e-08,-5.92625091767364e-10,-1.26846105554925e-10,-1.26846105554925e-10
7.765,1.09983226123218e-08,-5.90806564469303e-10,-1.26439540742879e-10,-1.26439540742879e-10
7.766,1.09645238535887e-08,-5.88993608649555e-10,-1.26034279543323e-10,-1.26034279543323e-10
7.767,1.09308288103684e-08,-5.8718620726823e-10,-1.25630317774744e-10,-1.25630317774744e-10
7.768,1.08972371649017e-08,-5.85384343337458e-10,-1.25227651269051e-10,-1.25227651269051e-10
7.769,1.08637486004018e-08,-5.83587999921227e-10,-1.24826275871527e-10,-1.24826275871527e-10
7.77,1.08303628010503e-08,-5.81797160135226e-10,-1.24426187440783e-10,-1.24426187440783e-10
7.771,1.07970794519948e-08,-5.80011807146681e-10,-1.24027381848724e-10,-1.24027381848724e-10
7.772,1.07638982393462e-08,-5.78231924174207e-10,-1.236298549805e-10,-1.236298549805e-10
7.773,1.0730818850175e-08,-5.76457494487646e-10,-1.23233602734463e-10,-1.23233602734463e-10
7.774,1.0697840972509e-08,-5.74688501407909e-10,-1.22838621022128e-10,-1.22838621022128e-10
7.775,1.06649642953303e-08,-5.72924928306829e-10,-1.2244490576813e-10,-1.2244490576813e-10
7.776,1.06321885085721e-08,-5.71166758606998e-10,-1.2205245291018e-10,-1.2205245291018e-10
7.777,1.0599513303116e-08,-5.69413975781612e-10,-1.21661258399023e-10,-1.21661258399023e-10
7.778,1.0566938370789e-08,-5.67666563354325e-10,-1.212713181984e-10,-1.212713181984e-10
7.779,1.05344634043609e-08,-5.65924504899088e-10,-1.20882628285003e-10,-1.20882628285003e-10
7.78,1.0502088097541e-08,-5.64187784039995e-10,-1.20495184648433e-10,-1.20495184648433e-10
7.781,1.04698121449755e-08,-5.62456384451133e-10,-1.20108983291158e-10,-1.20108983291158e-10
7.782,1.04376352422446e-08,-5.60730289856438e-10,-1.19724020228476e-10,-1.19724020228476e-10
7.783,1.04055570858597e-08,-5.59009484029525e-10,-1.19340291488473e-10,-1.19340291488473e-10
7.784,1.03735773732603e-08,-5.57293950793549e-10,-1.18957793111975e-10,-1.18957793111975e-10
7.785,1.03416958028114e-08,-5.55583674021053e-10,-1.18576521152513e-10,-1.18576521152513e-10
7.786,1.03099120738008e-08,-5.5387863763382e-10,-1.18196471676287e-10,-1.18196471676287e-10
7.787,1.02782258864359e-08,-5.52178825602709e-10,-1.17817640762111e-10,-1.17817640762111e-10
7.788,1.02466369418411e-08,-5.50484221947524e-10,-1.1744002450139e-10,-1.1744002450139e-10
7.789,1.02151449420553e-08,-5.48794810736856e-10,-1.17063618998065e-10,-1.17063618998065e-10
7.79,1.01837495900283e-08,-5.4711057608793e-10,-1.16688420368579e-10,-1.16688420368579e-10
7.791,1.0152450589619e-08,-5.45431502166464e-10,-1.1631442474184e-10,-1.1631442474184e-10
7.792,1.0121247645592e-08,-5.43757573186522e-10,-1.15941628259174e-10,-1.15941628259174e-10
7.793,1.00901404636148e-08,-5.42088773410357e-10,-1.15570027074288e-10,-1.15570027074288e-10
7.794,1.00591287502554e-08,-5.40425087148278e-10,-1.15199617353235e-10,-1.15199617353235e-10
7.795,1.00282122129795e-08,-5.38766498758493e-10,-1.14830395274366e-10,-1.14830395274366e-10
7.796,9.99739056014734e-09,-5.37112992646965e-10,-1.14462357028298e-10,-1.14462357028298e-10
7.797,9.96666350101144e-09,-5.35464553267267e-10,-1.14095498817867e-10,-1.14095498817867e-10
7.798,9.93603074571378e-09,-5.33821165120446e-10,-1.13729816858097e-10,-1.13729816858097e-10
7.799,9.90549200528287e-09,-5.32182812754862e-10,-1.13365307376157e-10,-1.13365307376157e-10
7.8,9.8750469916312e-09,-5.30549480766052e-10,-1.1300196661132e-10,-1.1300196661132e-10
7.801,9.84469541755257e-09,-5.28921153796592e-10,-1.12639790814926e-10,-1.12639790814926e-10
7.802,9.81443699671936e-09,-5.27297816535946e-10,-1.12278776250345e-10,-1.12278776250345e-10
7.803,9.78427144367978e-09,-5.25679453720321e-10,-1.11918919192936e-10,-1.11918919192936e-10
7.804,9.75419847385529e-09,-5.24066050132533e-10,-1.1156021593001e-10,-1.1156021593001e-10
7.805,9.72421780353793e-09,-5.22457590601861e-10,-1.11202662760789e-10,-1.11202662760789e-10
7.806,9.69432914988754e-09,-5.20854060003903e-10,-1.10846255996372e-10,-1.10846255996372e-10
7.807,9.66453223092929e-09,-5.19255443260437e-10,-1.10490991959693e-10,-1.10490991959693e-10
7.808,9.63482676555095e-09,-5.17661725339283e-10,-1.10136866985487e-10,-1.10136866985487e-10
7.809,9.60521247350015e-09,-5.16072891254155e-10,-1.09783877420246e-10,-1.09783877420246e-10
7.81,9.57568907538197e-09,-5.14488926064532e-10,-1.09432019622188e-10,-1.09432019622188e-10
7.811,9.54625629265619e-09,-5.12909814875511e-10,-1.09081289961214e-10,-1.09081289961214e-10
7.812,9.51691384763466e-09,-5.11335542837667e-10,-1.08731684818877e-10,-1.08731684818877e-10
7.813,9.48766146347872e-09,-5.09766095146916e-10,-1.08383200588334e-10,-1.08383200588334e-10
7.814,9.45849886419676e-09,-5.08201457044387e-10,-1.08035833674323e-10,-1.08035833674323e-10
7.815,9.42942577464136e-09,-5.06641613816266e-10,-1.0768958049311e-10,-1.0768958049311e-10
7.816,9.40044192050687e-09,-5.05086550793669e-10,-1.07344437472465e-10,-1.07344437472465e-10
7.817,9.37154702832689e-09,-5.03536253352509e-10,-1.0700040105162e-10,-1.0700040105162e-10
7.818,9.34274082547161e-09,-5.01990706913352e-10,-1.0665746768123e-10,-1.0665746768123e-10
7.819,9.31402304014524e-09,-5.0044989694128e-10,-1.06315633823341e-10,-1.06315633823341e-10
7.82,9.28539340138355e-09,-4.98913808945764e-10,-1.05974895951348e-10,-1.05974895951348e-10
7.821,9.25685163905131e-09,-4.97382428480522e-10,-1.05635250549965e-10,-1.05635250549965e-10
7.822,9.22839748383965e-09,-4.95855741143382e-10,-1.05296694115184e-10,-1.05296694115184e-10
7.823,9.20003066726372e-09,-4.94333732576156e-10,-1.04959223154239e-10,-1.04959223154239e-10
7.824,9.17175092166004e-09,-4.92816388464501e-10,-1.04622834185573e-10,-1.04622834185573e-10
7.825,9.14355798018402e-09,-4.91303694537783e-10,-1.04287523738798e-10,-1.04287523738798e-10
7.826,9.1154515768074e-09,-4.89795636568944e-10,-1.03953288354662e-10,-1.03953288354662e-10
7.827,9.08743144631601e-09,-4.88292200374381e-10,-1.03620124585014e-10,-1.03620124585014e-10
7.828,9.05949732430693e-09,-4.86793371813795e-10,-1.03288028992765e-10,-1.03288028992765e-10
7.829,9.03164894718622e-09,-4.85299136790071e-10,-1.02956998151854e-10,-1.02956998151854e-10
7.83,9.00388605216646e-09,-4.83809481249145e-10,-1.02627028647215e-10,-1.02627028647215e-10
7.831,8.97620837726421e-09,-4.82324391179873e-10,-1.02298117074736e-10,-1.02298117074736e-10
7.832,8.94861566129755e-09,-4.80843852613892e-10,-1.01970260041231e-10,-1.01970260041231e-10
7.833,8.92110764388371e-09,-4.79367851625503e-10,-1.01643454164401e-10,-1.01643454164401e-10
7.834,8.89368406543661e-09,-4.77896374331533e-10,-1.01317696072798e-10,-1.01317696072798e-10
7.835,8.8663446671643e-09,-4.76429406891203e-10,-1.00992982405792e-10,-1.00992982405792e-10
7.836,8.83908919106673e-09,-4.74966935506005e-10,-1.00669309813534e-10,-1.00669309813534e-10
7.837,8.81191737993324e-09,-4.73508946419572e-10,-1.0034667495693e-10,-1.0034667495693e-10
7.838,8.78482897734005e-09,-4.72055425917545e-10,-1.0002507450759e-10,-1.0002507450759e-10
7.839,8.75782372764806e-09,-4.70606360327451e-10,-9.97045051478115e-11,-9.97045051478115e-11
7.84,8.73090137600033e-09,-4.69161736018571e-10,-9.93849635705337e-11,-9.93849635705337e-11
7.841,8.70406166831966e-09,-4.67721539401815e-10,-9.90664464793062e-11,-9.90664464793062e-11
7.842,8.67730435130623e-09,-4.6628575692959e-10,-9.87489505882573e-11,-9.87489505882573e-11
7.843,8.65062917243543e-09,-4.64854375095687e-10,-9.84324726220563e-11,-9.84324726220563e-11
7.844,8.62403587995512e-09,-4.63427380435139e-10,-9.81170093158838e-11,-9.81170093158838e-11
7.845,8.59752422288354e-09,-4.62004759524101e-10,-9.78025574153932e-11,-9.78025574153932e-11
7.846,8.5710939510069e-09,-4.60586498979731e-10,-9.74891136766824e-11,-9.74891136766824e-11
7.847,8.54474481487704e-09,-4.59172585460057e-10,-9.71766748662549e-11,-9.71766748662549e-11
7.848,8.51847656580899e-09,-4.57763005663854e-10,-9.6865237760991e-11,-9.6865237760991e-11
7.849,8.49228895587878e-09,-4.56357746330522e-10,-9.65547991481106e-11,-9.65547991481106e-11
7.85,8.46618173792108e-09,-4.54956794239964e-10,-9.6245355825145e-11,-9.6245355825145e-11
7.851,8.44015466552676e-09,-4.53560136212455e-10,-9.59369045998962e-11,-9.59369045998962e-11
7.852,8.41420749304078e-09,-4.52167759108526e-10,-9.56294422904135e-11,-9.56294422904135e-11
7.853,8.38833997555976e-09,-4.5077964982884e-10,-9.53229657249509e-11,-9.53229657249509e-11
7.854,8.36255186892965e-09,-4.49395795314067e-10,-9.50174717419423e-11,-9.50174717419423e-11
7.855,8.33684292974357e-09,-4.48016182544763e-10,-9.4712957189964e-11,-9.4712957189964e-11
7.856,8.31121291533946e-09,-4.46640798541254e-10,-9.44094189277049e-11,-9.44094189277049e-11
7.857,8.28566158379777e-09,-4.45269630363503e-10,-9.41068538239307e-11,-9.41068538239307e-11
7.858,8.26018869393917e-09,-4.43902665110999e-10,-9.38052587574553e-11,-9.38052587574553e-11
7.859,8.23479400532252e-09,-4.42539889922637e-10,-9.35046306171076e-11,-9.35046306171076e-11
7.86,8.20947727824229e-09,-4.41181291976591e-10,-9.32049663016971e-11,-9.32049663016971e-11
7.861,8.18423827372647e-09,-4.39826858490196e-10,-9.2906262719983e-11,-9.2906262719983e-11
7.862,8.1590767535344e-09,-4.38476576719835e-10,-9.2608516790644e-11,-9.2608516790644e-11
7.863,8.13399248015444e-09,-4.37130433960813e-10,-9.23117254422474e-11,-9.23117254422474e-11
7.864,8.1089852168017e-09,-4.3578841754724e-10,-9.20158856132089e-11,-9.20158856132089e-11
7.865,8.08405472741595e-09,-4.34450514851915e-10,-9.17209942517739e-11,-9.17209942517739e-11
7.866,8.05920077665934e-09,-4.33116713286208e-10,-9.14270483159739e-11,-9.14270483159739e-11
7.867,8.03442312991413e-09,-4.31787000299935e-10,-9.11340447736048e-11,-9.11340447736048e-11
7.868,8.00972155328061e-09,-4.30461363381253e-10,-9.08419806021873e-11,-9.08419806021873e-11
7.869,7.98509581357486e-09,-4.29139790056536e-10,-9.05508527889438e-11,-9.05508527889438e-11
7.87,7.96054567832649e-09,-4.27822267890255e-10,-9.02606583307591e-11,-9.02606583307591e-11
7.871,7.93607091577658e-09,-4.26508784484871e-10,-8.99713942341556e-11,-8.99713942341556e-11
7.872,7.91167129487546e-09,-4.25199327480714e-10,-8.96830575152607e-11,-8.96830575152607e-11
7.873,7.88734658528049e-09,-4.23893884555865e-10,-8.93956451997725e-11,-8.93956451997725e-11
7.874,7.86309655735392e-09,-4.22592443426044e-10,-8.91091543229349e-11,-8.91091543229349e-11
7.875,7.83892098216089e-09,-4.212949918445e-10,-8.88235819295033e-11,-8.88235819295033e-11
7.876,7.81481963146703e-09,-4.20001517601889e-10,-8.85389250737132e-11,-8.85389250737132e-11
7.877,7.79079227773647e-09,-4.18712008526159e-10,-8.82551808192528e-11,-8.82551808192528e-11
7.878,7.76683869412971e-09,-4.17426452482446e-10,-8.79723462392312e-11,-8.79723462392312e-11
7.879,7.74295865450149e-09,-4.16144837372952e-10,-8.76904184161484e-11,-8.76904184161484e-11
7.88,7.71915193339855e-09,-4.14867151136834e-10,-8.74093944418641e-11,-8.74093944418641e-11
7.881,7.69541830605768e-09,-4.13593381750094e-10,-8.71292714175689e-11,-8.71292714175689e-11
7.882,7.67175754840357e-09,-4.12323517225465e-10,-8.68500464537547e-11,-8.68500464537547e-11
7.883,7.64816943704658e-09,-4.11057545612294e-10,-8.65717166701831e-11,-8.65717166701831e-11
7.884,7.62465374928082e-09,-4.0979545499644e-10,-8.62942791958565e-11,-8.62942791958565e-11
7.885,7.601210263082e-09,-4.08537233500158e-10,-8.60177311689895e-11,-8.60177311689895e-11
7.886,7.57783875710526e-09,-4.07282869281985e-10,-8.57420697369786e-11,-8.57420697369786e-11
7.887,7.55453901068323e-09,-4.06032350536632e-10,-8.54672920563717e-11,-8.54672920563717e-11
7.888,7.53131080382391e-09,-4.04785665494879e-10,-8.5193395292839e-11,-8.5193395292839e-11
7.889,7.50815391720854e-09,-4.03542802423455e-10,-8.49203766211469e-11,-8.49203766211469e-11
7.89,7.48506813218959e-09,-4.02303749624931e-10,-8.46482332251213e-11,-8.46482332251213e-11
7.891,7.46205323078884e-09,-4.01068495437623e-10,-8.43769622976308e-11,-8.43769622976308e-11
7.892,7.43910899569509e-09,-3.99837028235464e-10,-8.4106561040544e-11,-8.4106561040544e-11
7.893,7.41623521026226e-09,-3.98609336427907e-10,-8.38370266647087e-11,-8.38370266647087e-11
7.894,7.39343165850741e-09,-3.97385408459816e-10,-8.35683563899233e-11,-8.35683563899233e-11
7.895,7.37069812510862e-09,-3.96165232811356e-10,-8.33005474449029e-11,-8.33005474449029e-11
7.896,7.34803439540295e-09,-3.94948797997884e-10,-8.30335970672566e-11,-8.30335970672566e-11
7.897,7.32544025538454e-09,-3.93736092569843e-10,-8.27675025034532e-11,-8.27675025034532e-11
7.898,7.30291549170253e-09,-3.9252710511266e-10,-8.25022610087999e-11,-8.25022610087999e-11
7.899,7.28045989165902e-09,-3.91321824246628e-10,-8.22378698474068e-11,-8.22378698474068e-11
7.9,7.25807324320717e-09,-3.90120238626811e-10,-8.19743262921616e-11,-8.19743262921616e-11
7.901,7.23575533494916e-09,-3.88922336942933e-10,-8.17116276247043e-11,-8.17116276247043e-11
7.902,7.21350595613418e-09,-3.87728107919271e-10,-8.14497711353918e-11,-8.14497711353918e-11
7.903,7.1913248966565e-09,-3.86537540314553e-10,-8.11887541232772e-11,-8.11887541232772e-11
7.904,7.16921194705352e-09,-3.85350622921851e-10,-8.09285738960816e-11,-8.09285738960816e-11
7.905,7.14716689850371e-09,-3.84167344568476e-10,-8.06692277701584e-11,-8.06692277701584e-11
7.906,7.1251895428247e-09,-3.82987694115873e-10,-8.04107130704735e-11,-8.04107130704735e-11
7.907,7.10327967247144e-09,-3.81811660459522e-10,-8.01530271305775e-11,-8.01530271305775e-11
7.908,7.08143708053404e-09,-3.80639232528828e-10,-7.98961672925723e-11,-7.98961672925723e-11
7.909,7.05966156073598e-09,-3.79470399287018e-10,-7.96401309070866e-11,-7.96401309070866e-11
7.91,7.03795290743213e-09,-3.78305149731043e-10,-7.93849153332536e-11,-7.93849153332536e-11
7.911,7.01631091560685e-09,-3.77143472891472e-10,-7.91305179386743e-11,-7.91305179386743e-11
7.912,6.994735380872e-09,-3.75985357832386e-10,-7.88769360993993e-11,-7.88769360993993e-11
7.913,6.97322609946508e-09,-3.74830793651283e-10,-7.86241671998936e-11,-7.86241671998936e-11
7.914,6.95178286824733e-09,-3.73679769478971e-10,-7.83722086330176e-11,-7.83722086330176e-11
7.915,6.93040548470175e-09,-3.72532274479467e-10,-7.81210577999919e-11,-7.81210577999919e-11
7.916,6.90909374693127e-09,-3.71388297849897e-10,-7.78707121103788e-11,-7.78707121103788e-11
7.917,6.88784745365687e-09,-3.70247828820397e-10,-7.76211689820488e-11,-7.76211689820488e-11
7.918,6.86666640421557e-09,-3.69110856654006e-10,-7.73724258411563e-11,-7.73724258411563e-11
7.919,6.84555039855869e-09,-3.67977370646571e-10,-7.71244801221158e-11,-7.71244801221158e-11
7.92,6.82449923724994e-09,-3.66847360126648e-10,-7.68773292675706e-11,-7.68773292675706e-11
7.921,6.80351272146347e-09,-3.65720814455397e-10,-7.66309707283701e-11,-7.66309707283701e-11
7.922,6.78259065298203e-09,-3.64597723026483e-10,-7.638540196354e-11,-7.638540196354e-11
7.923,6.76173283419528e-09,-3.63478075265988e-10,-7.61406204402607e-11,-7.61406204402607e-11
7.924,6.74093906809764e-09,-3.62361860632294e-10,-7.58966236338362e-11,-7.58966236338362e-11
7.925,6.72020915828666e-09,-3.61249068615999e-10,-7.56534090276715e-11,-7.56534090276715e-11
7.926,6.69954290896113e-09,-3.60139688739812e-10,-7.54109741132452e-11,-7.54109741132452e-11
7.927,6.67894012491922e-09,-3.59033710558459e-10,-7.51693163900843e-11,-7.51693163900843e-11
7.928,6.65840061155662e-09,-3.57931123658579e-10,-7.49284333657372e-11,-7.49284333657372e-11
7.929,6.63792417486479e-09,-3.56831917658634e-10,-7.46883225557489e-11,-7.46883225557489e-11
7.93,6.61751062142909e-09,-3.55736082208809e-10,-7.44489814836343e-11,-7.44489814836343e-11
7.931,6.59715975842695e-09,-3.54643606990912e-10,-7.42104076808551e-11,-7.42104076808551e-11
7.932,6.57687139362612e-09,-3.53554481718283e-10,-7.39725986867915e-11,-7.39725986867915e-11
7.933,6.55664533538283e-09,-3.52468696135696e-10,-7.37355520487184e-11,-7.37355520487184e-11
7.934,6.53648139263993e-09,-3.5138624001926e-10,-7.34992653217784e-11,-7.34992653217784e-11
7.935,6.51637937492524e-09,-3.50307103176329e-10,-7.32637360689585e-11,-7.32637360689585e-11
7.936,6.49633909234967e-09,-3.49231275445401e-10,-7.30289618610646e-11,-7.30289618610646e-11
7.937,6.47636035560541e-09,-3.48158746696028e-10,-7.27949402766954e-11,-7.27949402766954e-11
7.938,6.45644297596417e-09,-3.47089506828715e-10,-7.25616689022166e-11,-7.25616689022166e-11
7.939,6.43658676527558e-09,-3.46023545774836e-10,-7.23291453317409e-11,-7.23291453317409e-11
7.94,6.41679153596512e-09,-3.44960853496528e-10,-7.20973671670957e-11,-7.20973671670957e-11
7.941,6.39705710103256e-09,-3.43901419986604e-10,-7.18663320178034e-11,-7.18663320178034e-11
7.942,6.3773832740502e-09,-3.4284523526846e-10,-7.16360375010565e-11,-7.16360375010565e-11
7.943,6.35776986916109e-09,-3.41792289395979e-10,-7.14064812416911e-11,-7.14064812416911e-11
7.944,6.33821670107721e-09,-3.40742572453436e-10,-7.11776608721628e-11,-7.11776608721628e-11
7.945,6.31872358507787e-09,-3.39696074555412e-10,-7.09495740325237e-11,-7.09495740325237e-11
7.946,6.29929033700788e-09,-3.38652785846697e-10,-7.07222183703966e-11,-7.07222183703966e-11
7.947,6.27991677327582e-09,-3.37612696502196e-10,-7.04955915409507e-11,-7.04955915409507e-11
7.948,6.2606027108524e-09,-3.36575796726843e-10,-7.02696912068777e-11,-7.02696912068777e-11
7.949,6.24134796726867e-09,-3.35542076755504e-10,-7.00445150383682e-11,-7.00445150383682e-11
7.95,6.22215236061429e-09,-3.34511526852888e-10,-6.98200607130871e-11,-6.98200607130871e-11
7.951,6.2030157095359e-09,-3.33484137313457e-10,-6.95963259161496e-11,-6.95963259161496e-11
7.952,6.18393783323539e-09,-3.32459898461334e-10,-6.93733083400969e-11,-6.93733083400969e-11
7.953,6.16491855146813e-09,-3.31438800650211e-10,-6.91510056848738e-11,-6.91510056848738e-11
7.954,6.14595768454136e-09,-3.30420834263262e-10,-6.89294156578035e-11,-6.89294156578035e-11
7.955,6.1270550533125e-09,-3.2940598971305e-10,-6.87085359735635e-11,-6.87085359735635e-11
7.956,6.10821047918747e-09,-3.28394257441441e-10,-6.84883643541644e-11,-6.84883643541644e-11
7.957,6.08942378411893e-09,-3.27385627919511e-10,-6.82688985289237e-11,-6.82688985289237e-11
7.958,6.07069479060471e-09,-3.26380091647458e-10,-6.80501362344441e-11,-6.80501362344441e-11
7.959,6.05202332168614e-09,-3.25377639154517e-10,-6.78320752145889e-11,-6.78320752145889e-11
7.96,6.03340920094626e-09,-3.24378260998861e-10,-6.76147132204607e-11,-6.76147132204607e-11
7.961,6.01485225250836e-09,-3.23381947767528e-10,-6.73980480103748e-11,-6.73980480103748e-11
7.962,5.99635230103418e-09,-3.22388690076319e-10,-6.71820773498398e-11,-6.71820773498398e-11
7.963,5.9779091717223e-09,-3.21398478569717e-10,-6.69667990115316e-11,-6.69667990115316e-11
7.964,5.95952269030655e-09,-3.204113039208e-10,-6.67522107752723e-11,-6.67522107752723e-11
7.965,5.94119268305432e-09,-3.19427156831153e-10,-6.65383104280058e-11,-6.65383104280058e-11
7.966,5.92291897676494e-09,-3.18446028030776e-10,-6.63250957637763e-11,-6.63250957637763e-11
7.967,5.90470139876803e-09,-3.17467908278004e-10,-6.61125645837049e-11,-6.61125645837049e-11
7.968,5.886539776922e-09,-3.16492788359422e-10,-6.59007146959656e-11,-6.59007146959656e-11
7.969,5.86843393961225e-09,-3.1552065908977e-10,-6.56895439157659e-11,-6.56895439157659e-11
7.97,5.85038371574967e-09,-3.14551511311861e-10,-6.5479050065321e-11,-6.5479050065321e-11
7.971,5.83238893476906e-09,-3.13585335896502e-10,-6.52692309738321e-11,-6.52692309738321e-11
7.972,5.81444942662746e-09,-3.126221237424e-10,-6.50600844774659e-11,-6.50600844774659e-11
7.973,5.79656502180255e-09,-3.11661865776079e-10,-6.485160841933e-11,-6.485160841933e-11
7.974,5.77873555129113e-09,-3.10704552951798e-10,-6.46438006494512e-11,-6.46438006494512e-11
7.975,5.76096084660748e-09,-3.09750176251465e-10,-6.44366590247531e-11,-6.44366590247531e-11
7.976,5.74324073978175e-09,-3.08798726684549e-10,-6.42301814090363e-11,-6.42301814090363e-11
7.977,5.72557506335847e-09,-3.07850195288002e-10,-6.40243656729526e-11,-6.40243656729526e-11
7.978,5.70796365039493e-09,-3.06904573126173e-10,-6.38192096939848e-11,-6.38192096939848e-11
7.979,5.69040633445956e-09,-3.0596185129072e-10,-6.36147113564261e-11,-6.36147113564261e-11
7.98,5.67290294963047e-09,-3.05022020900533e-10,-6.34108685513555e-11,-6.34108685513555e-11
7.981,5.65545333049385e-09,-3.04085073101649e-10,-6.32076791766185e-11,-6.32076791766185e-11
7.982,5.63805731214236e-09,-3.03150999067168e-10,-6.30051411368039e-11,-6.30051411368039e-11
7.983,5.62071473017363e-09,-3.02219789997166e-10,-6.28032523432224e-11,-6.28032523432224e-11
7.984,5.6034254206888e-09,-3.01291437118627e-10,-6.26020107138861e-11,-6.26020107138861e-11
7.985,5.58618922029082e-09,-3.00365931685345e-10,-6.24014141734843e-11,-6.24014141734843e-11
7.986,5.569005966083e-09,-2.99443264977849e-10,-6.22014606533667e-11,-6.22014606533667e-11
7.987,5.55187549566749e-09,-2.98523428303323e-10,-6.20021480915159e-11,-6.20021480915159e-11
7.988,5.53479764714378e-09,-2.97606412995523e-10,-6.18034744325324e-11,-6.18034744325324e-11
7.989,5.51777225910706e-09,-2.96692210414695e-10,-6.16054376276097e-11,-6.16054376276097e-11
7.99,5.50079917064683e-09,-2.95780811947495e-10,-6.14080356345118e-11,-6.14080356345118e-11
7.991,5.48387822134537e-09,-2.94872209006909e-10,-6.12112664175566e-11,-6.12112664175566e-11
7.992,5.46700925127615e-09,-2.93966393032172e-10,-6.10151279475909e-11,-6.10151279475909e-11
7.993,5.45019210100241e-09,-2.93063355488686e-10,-6.08196182019721e-11,-6.08196182019721e-11
7.994,5.43342661157566e-09,-2.92163087867947e-10,-6.06247351645451e-11,-6.06247351645451e-11
7.995,5.41671262453413e-09,-2.91265581687455e-10,-6.04304768256237e-11,-6.04304768256237e-11
7.996,5.40004998190134e-09,-2.90370828490644e-10,-6.02368411819675e-11,-6.02368411819675e-11
7.997,5.3834385261846e-09,-2.89478819846798e-10,-6.00438262367627e-11,-6.00438262367627e-11
7.998,5.3668781003735e-09,-2.88589547350974e-10,-5.98514299996027e-11,-5.98514299996027e-11
7.999,5.35036854793846e-09,-2.87703002623918e-10,-5.96596504864629e-11,-5.96596504864629e-11
8,5.33390971282933e-09,-2.86819177312e-10,-5.94684857196868e-11,-5.94684857196868e-11
8.001,5.31750143947376e-09,-2.8593806308712e-10,-5.92779337279596e-11,-5.92779337279596e-11
8.002,5.30114357277587e-09,-2.85059651646637e-10,-5.90879925462917e-11,-5.90879925462917e-11
8.003,5.28483595811481e-09,-2.84183934713298e-10,-5.8898660215996e-11,-5.8898660215996e-11
8.004,5.2685784413432e-09,-2.83310904035148e-10,-5.87099347846705e-11,-5.87099347846705e-11
8.005,5.25237086878575e-09,-2.8244055138546e-10,-5.85218143061742e-11,-5.85218143061742e-11
8.006,5.23621308723778e-09,-2.81572868562658e-10,-5.833429684061e-11,-5.833429684061e-11
8.007,5.2201049439639e-09,-2.80707847390241e-10,-5.81473804543047e-11,-5.81473804543047e-11
8.008,5.20404628669638e-09,-2.79845479716699e-10,-5.79610632197878e-11,-5.79610632197878e-11
8.009,5.18803696363383e-09,-2.78985757415447e-10,-5.77753432157702e-11,-5.77753432157702e-11
8.01,5.17207682343987e-09,-2.78128672384745e-10,-5.75902185271286e-11,-5.75902185271286e-11
8.011,5.15616571524151e-09,-2.77274216547618e-10,-5.74056872448818e-11,-5.74056872448818e-11
8.012,5.1403034886278e-09,-2.76422381851783e-10,-5.72217474661724e-11,-5.72217474661724e-11
8.013,5.12448999364858e-09,-2.75573160269583e-10,-5.70383972942485e-11,-5.70383972942485e-11
8.014,5.10872508081281e-09,-2.74726543797893e-10,-5.68556348384409e-11,-5.68556348384409e-11
8.015,5.09300860108733e-09,-2.73882524458061e-10,-5.66734582141463e-11,-5.66734582141463e-11
8.016,5.07734040589548e-09,-2.73041094295829e-10,-5.64918655428079e-11,-5.64918655428079e-11
8.017,5.06172034711558e-09,-2.72202245381255e-10,-5.63108549518934e-11,-5.63108549518934e-11
8.018,5.04614827707959e-09,-2.71365969808641e-10,-5.61304245748776e-11,-5.61304245748776e-11
8.019,5.03062404857186e-09,-2.70532259696462e-10,-5.59505725512248e-11,-5.59505725512248e-11
8.02,5.0151475148275e-09,-2.69701107187287e-10,-5.57712970263663e-11,-5.57712970263663e-11
8.021,4.99971852953116e-09,-2.68872504447708e-10,-5.5592596151681e-11,-5.5592596151681e-11
8.022,4.9843369468157e-09,-2.6804644366827e-10,-5.54144680844805e-11,-5.54144680844805e-11
8.023,4.96900262126064e-09,-2.67222917063392e-10,-5.52369109879866e-11,-5.52369109879866e-11
8.024,4.95371540789094e-09,-2.66401916871296e-10,-5.5059923031312e-11,-5.5059923031312e-11
8.025,4.93847516217565e-09,-2.65583435353938e-10,-5.48835023894448e-11,-5.48835023894448e-11
8.026,4.92328174002641e-09,-2.6476746479693e-10,-5.47076472432254e-11,-5.47076472432254e-11
8.027,4.90813499779625e-09,-2.63953997509472e-10,-5.45323557793316e-11,-5.45323557793316e-11
8.028,4.89303479227811e-09,-2.63143025824278e-10,-5.43576261902565e-11,-5.43576261902565e-11
8.029,4.87798098070367e-09,-2.62334542097506e-10,-5.4183456674292e-11,-5.4183456674292e-11
8.03,4.86297342074179e-09,-2.61528538708685e-10,-5.40098454355099e-11,-5.40098454355099e-11
8.031,4.84801197049732e-09,-2.60725008060641e-10,-5.38367906837424e-11,-5.38367906837424e-11
8.032,4.83309648850978e-09,-2.59923942579433e-10,-5.3664290634564e-11,-5.3664290634564e-11
8.033,4.81822683375192e-09,-2.59125334714277e-10,-5.34923435092749e-11,-5.34923435092749e-11
8.034,4.80340286562844e-09,-2.58329176937473e-10,-5.3320947534879e-11,-5.3320947534879e-11
8.035,4.78862444397479e-09,-2.57535461744344e-10,-5.31501009440691e-11,-5.31501009440691e-11
8.036,4.77389142905563e-09,-2.56744181653154e-10,-5.29798019752069e-11,-5.29798019752069e-11
8.037,4.7592036815637e-09,-2.55955329205045e-10,-5.2810048872304e-11,-5.2810048872304e-11
8.038,4.74456106261841e-09,-2.55168896963966e-10,-5.26408398850059e-11,-5.26408398850059e-11
8.039,4.72996343376464e-09,-2.54384877516607e-10,-5.24721732685728e-11,-5.24721732685728e-11
8.04,4.7154106569713e-09,-2.53603263472319e-10,-5.23040472838623e-11,-5.23040472838623e-11
8.041,4.70090259463011e-09,-2.52824047463055e-10,-5.21364601973086e-11,-5.21364601973086e-11
8.042,4.68643910955439e-09,-2.520472221433e-10,-5.19694102809089e-11,-5.19694102809089e-11
8.043,4.67202006497757e-09,-2.51272780189996e-10,-5.18028958122026e-11,-5.18028958122026e-11
8.044,4.65764532455205e-09,-2.50500714302478e-10,-5.16369150742542e-11,-5.16369150742542e-11
8.045,4.64331475234796e-09,-2.49731017202407e-10,-5.14714663556368e-11,-5.14714663556368e-11
8.046,4.62902821285172e-09,-2.48963681633699e-10,-5.13065479504113e-11,-5.13065479504113e-11
8.047,4.61478557096488e-09,-2.48198700362456e-10,-5.11421581581126e-11,-5.11421581581126e-11
8.048,4.60058669200287e-09,-2.47436066176904e-10,-5.09782952837307e-11,-5.09782952837307e-11
8.049,4.58643144169366e-09,-2.46675771887318e-10,-5.08149576376912e-11,-5.08149576376912e-11
8.05,4.57231968617649e-09,-2.4591781032596e-10,-5.06521435358396e-11,-5.06521435358396e-11
8.051,4.55825129200074e-09,-2.45162174347011e-10,-5.04898512994251e-11,-5.04898512994251e-11
8.052,4.54422612612454e-09,-2.44408856826502e-10,-5.03280792550807e-11,-5.03280792550807e-11
8.053,4.53024405591353e-09,-2.43657850662249e-10,-5.01668257348065e-11,-5.01668257348065e-11
8.054,4.51630494913975e-09,-2.42909148773788e-10,-5.00060890759554e-11,-5.00060890759554e-11
8.055,4.50240867398022e-09,-2.42162744102305e-10,-4.98458676212112e-11,-4.98458676212112e-11
8.056,4.48855509901579e-09,-2.41418629610571e-10,-4.96861597185753e-11,-4.96861597185753e-11
8.057,4.47474409322996e-09,-2.40676798282881e-10,-4.95269637213479e-11,-4.95269637213479e-11
8.058,4.4609755260075e-09,-2.3993724312498e-10,-4.93682779881119e-11,-4.93682779881119e-11
8.059,4.44724926713337e-09,-2.39199957164004e-10,-4.92101008827141e-11,-4.92101008827141e-11
8.06,4.43356518679137e-09,-2.38464933448411e-10,-4.90524307742506e-11,-4.90524307742506e-11
8.061,4.41992315556309e-09,-2.3773216504792e-10,-4.88952660370485e-11,-4.88952660370485e-11
8.062,4.40632304442649e-09,-2.37001645053442e-10,-4.87386050506502e-11,-4.87386050506502e-11
8.063,4.3927647247548e-09,-2.36273366577015e-10,-4.85824461997948e-11,-4.85824461997948e-11
8.064,4.37924806831536e-09,-2.35547322751746e-10,-4.84267878744043e-11,-4.84267878744043e-11
8.065,4.3657729472683e-09,-2.34823506731738e-10,-4.82716284695644e-11,-4.82716284695644e-11
8.066,4.35233923416537e-09,-2.34101911692031e-10,-4.81169663855084e-11,-4.81169663855084e-11
8.067,4.33894680194885e-09,-2.33382530828538e-10,-4.7962800027602e-11,-4.7962800027602e-11
8.068,4.32559552395017e-09,-2.32665357357981e-10,-4.7809127806326e-11,-4.7809127806326e-11
8.069,4.31228527388888e-09,-2.31950384517824e-10,-4.76559481372589e-11,-4.76559481372589e-11
8.07,4.29901592587136e-09,-2.31237605566214e-10,-4.75032594410622e-11,-4.75032594410622e-11
8.071,4.28578735438974e-09,-2.30527013781919e-10,-4.73510601434639e-11,-4.73510601434639e-11
8.072,4.27259943432061e-09,-2.29818602464258e-10,-4.71993486752411e-11,-4.71993486752411e-11
8.073,4.25945204092388e-09,-2.29112364933045e-10,-4.70481234722032e-11,-4.70481234722032e-11
8.074,4.24634504984168e-09,-2.28408294528526e-10,-4.68973829751799e-11,-4.68973829751799e-11
8.075,4.23327833709709e-09,-2.27706384611311e-10,-4.67471256299993e-11,-4.67471256299993e-11
8.076,4.220251779093e-09,-2.27006628562317e-10,-4.65973498874764e-11,-4.65973498874764e-11
8.077,4.20726525261103e-09,-2.26309019782708e-10,-4.64480542033952e-11,-4.64480542033952e-11
8.078,4.19431863481025e-09,-2.25613551693825e-10,-4.62992370384923e-11,-4.62992370384923e-11
8.079,4.18141180322607e-09,-2.2492021773713e-10,-4.61508968584424e-11,-4.61508968584424e-11
8.08,4.16854463576919e-09,-2.24229011374149e-10,-4.60030321338413e-11,-4.60030321338413e-11
8.081,4.15571701072427e-09,-2.23539926086399e-10,-4.58556413401909e-11,-4.58556413401909e-11
8.082,4.1429288067489e-09,-2.22852955375335e-10,-4.57087229578826e-11,-4.57087229578826e-11
8.083,4.13017990287251e-09,-2.22168092762293e-10,-4.55622754721835e-11,-4.55622754721835e-11
8.084,4.11747017849506e-09,-2.21485331788418e-10,-4.54162973732171e-11,-4.54162973732171e-11
8.085,4.10479951338606e-09,-2.2080466601461e-10,-4.52707871559522e-11,-4.52707871559522e-11
8.086,4.09216778768341e-09,-2.20126089021468e-10,-4.51257433201837e-11,-4.51257433201837e-11
8.087,4.07957488189222e-09,-2.1944959440922e-10,-4.49811643705192e-11,-4.49811643705192e-11
8.088,4.06702067688372e-09,-2.18775175797671e-10,-4.4837048816363e-11,-4.4837048816363e-11
8.089,4.05450505389412e-09,-2.18102826826138e-10,-4.46933951718998e-11,-4.46933951718998e-11
8.09,4.04202789452359e-09,-2.17432541153396e-10,-4.45502019560816e-11,-4.45502019560816e-11
8.091,4.02958908073498e-09,-2.16764312457613e-10,-4.44074676926094e-11,-4.44074676926094e-11
8.092,4.01718849485283e-09,-2.16098134436294e-10,-4.42651909099206e-11,-4.42651909099206e-11
8.093,4.00482601956227e-09,-2.15434000806223e-10,-4.41233701411728e-11,-4.41233701411728e-11
8.094,3.99250153790785e-09,-2.14771905303399e-10,-4.39820039242281e-11,-4.39820039242281e-11
8.095,3.98021493329243e-09,-2.14111841682981e-10,-4.38410908016379e-11,-4.38410908016379e-11
8.096,3.96796608947623e-09,-2.13453803719235e-10,-4.37006293206306e-11,-4.37006293206306e-11
8.097,3.95575489057554e-09,-2.12797785205462e-10,-4.35606180330924e-11,-4.35606180330924e-11
8.098,3.94358122106176e-09,-2.12143779953952e-10,-4.34210554955549e-11,-4.34210554955549e-11
8.099,3.93144496576024e-09,-2.1149178179592e-10,-4.32819402691803e-11,-4.32819402691803e-11
8.1,3.91934600984932e-09,-2.10841784581453e-10,-4.31432709197456e-11,-4.31432709197456e-11
8.101,3.90728423885909e-09,-2.10193782179446e-10,-4.30050460176278e-11,-4.30050460176278e-11
8.102,3.89525953867039e-09,-2.0954776847755e-10,-4.28672641377901e-11,-4.28672641377901e-11
8.103,3.88327179551379e-09,-2.08903737382112e-10,-4.27299238597662e-11,-4.27299238597662e-11
8.104,3.87132089596842e-09,-2.08261682818119e-10,-4.25930237676461e-11,-4.25930237676461e-11
8.105,3.85940672696094e-09,-2.07621598729139e-10,-4.24565624500608e-11,-4.24565624500608e-11
8.106,3.84752917576455e-09,-2.0698347907727e-10,-4.23205385001696e-11,-4.23205385001696e-11
8.107,3.83568812999781e-09,-2.06347317843076e-10,-4.21849505156426e-11,-4.21849505156426e-11
8.108,3.82388347762363e-09,-2.05713109025532e-10,-4.20497970986493e-11,-4.20497970986493e-11
8.109,3.81211510694829e-09,-2.05080846641977e-10,-4.1915076855842e-11,-4.1915076855842e-11
8.11,3.80038290662029e-09,-2.04450524728044e-10,-4.17807883983432e-11,-4.17807883983432e-11
8.111,3.7886867656293e-09,-2.03822137337613e-10,-4.16469303417283e-11,-4.16469303417283e-11
8.112,3.77702657330526e-09,-2.03195678542756e-10,-4.15135013060151e-11,-4.15135013060151e-11
8.113,3.76540221931713e-09,-2.02571142433674e-10,-4.13804999156471e-11,-4.13804999156471e-11
8.114,3.75381359367199e-09,-2.01948523118649e-10,-4.12479247994792e-11,-4.12479247994792e-11
8.115,3.74226058671403e-09,-2.01327814723986e-10,-4.11157745907653e-11,-4.11157745907653e-11
8.116,3.7307430891234e-09,-2.00709011393958e-10,-4.09840479271423e-11,-4.09840479271423e-11
8.117,3.71926099191523e-09,-2.0009210729075e-10,-4.08527434506176e-11,-4.08527434506176e-11
8.118,3.7078141864387e-09,-1.99477096594407e-10,-4.07218598075536e-11,-4.07218598075536e-11
8.119,3.69640256437588e-09,-1.98863973502777e-10,-4.05913956486551e-11,-4.05913956486551e-11
8.12,3.68502601774077e-09,-1.98252732231458e-10,-4.04613496289542e-11,-4.04613496289542e-11
8.121,3.67368443887828e-09,-1.97643367013743e-10,-4.03317204077972e-11,-4.03317204077972e-11
8.122,3.66237772046329e-09,-1.97035872100568e-10,-4.02025066488303e-11,-4.02025066488303e-11
8.123,3.65110575549949e-09,-1.96430241760455e-10,-4.00737070199867e-11,-4.00737070199867e-11
8.124,3.63986843731847e-09,-1.95826470279458e-10,-3.99453201934708e-11,-3.99453201934708e-11
8.125,3.62866565957877e-09,-1.95224551961116e-10,-3.98173448457476e-11,-3.98173448457476e-11
8.126,3.61749731626474e-09,-1.94624481126391e-10,-3.96897796575257e-11,-3.96897796575257e-11
8.127,3.60636330168562e-09,-1.94026252113619e-10,-3.95626233137456e-11,-3.95626233137456e-11
8.128,3.59526351047461e-09,-1.93429859278461e-10,-3.94358745035667e-11,-3.94358745035667e-11
8.129,3.58419783758776e-09,-1.92835296993839e-10,-3.93095319203514e-11,-3.93095319203514e-11
8.13,3.57316617830303e-09,-1.92242559649895e-10,-3.91835942616547e-11,-3.91835942616547e-11
8.131,3.5621684282193e-09,-1.91651641653931e-10,-3.90580602292073e-11,-3.90580602292073e-11
8.132,3.55120448325547e-09,-1.91062537430361e-10,-3.89329285289058e-11,-3.89329285289058e-11
8.133,3.54027423964933e-09,-1.90475241420654e-10,-3.88081978707962e-11,-3.88081978707962e-11
8.134,3.52937759395668e-09,-1.89889748083287e-10,-3.86838669690626e-11,-3.86838669690626e-11
8.135,3.51851444305038e-09,-1.89306051893692e-10,-3.85599345420132e-11,-3.85599345420132e-11
8.136,3.5076846841193e-09,-1.88724147344199e-10,-3.84363993120664e-11,-3.84363993120664e-11
8.137,3.49688821466738e-09,-1.8814402894399e-10,-3.83132600057391e-11,-3.83132600057391e-11
8.138,3.48612493251274e-09,-1.87565691219049e-10,-3.81905153536321e-11,-3.81905153536321e-11
8.139,3.47539473578661e-09,-1.86989128712104e-10,-3.80681640904188e-11,-3.80681640904188e-11
8.14,3.46469752293241e-09,-1.8641433598258e-10,-3.794620495483e-11,-3.794620495483e-11
8.141,3.45403319270486e-09,-1.85841307606549e-10,-3.78246366896426e-11,-3.78246366896426e-11
8.142,3.44340164416893e-09,-1.85270038176677e-10,-3.77034580416647e-11,-3.77034580416647e-11
8.143,3.43280277669891e-09,-1.84700522302172e-10,-3.75826677617242e-11,-3.75826677617242e-11
8.144,3.42223648997757e-09,-1.8413275460874e-10,-3.7462264604658e-11,-3.7462264604658e-11
8.145,3.41170268399505e-09,-1.83566729738526e-10,-3.73422473292928e-11,-3.73422473292928e-11
8.146,3.40120125904803e-09,-1.83002442350069e-10,-3.72226146984389e-11,-3.72226146984389e-11
8.147,3.3907321157388e-09,-1.82439887118252e-10,-3.71033654788739e-11,-3.71033654788739e-11
8.148,3.38029515497424e-09,-1.8187905873425e-10,-3.69844984413301e-11,-3.69844984413301e-11
8.149,3.36989027796494e-09,-1.81319951905479e-10,-3.68660123604841e-11,-3.68660123604841e-11
8.15,3.35951738622432e-09,-1.80762561355555e-10,-3.67479060149415e-11,-3.67479060149415e-11
8.151,3.3491763815676e-09,-1.80206881824231e-10,-3.66301781872251e-11,-3.66301781872251e-11
8.152,3.33886716611095e-09,-1.79652908067358e-10,-3.65128276637631e-11,-3.65128276637631e-11
8.153,3.32858964227053e-09,-1.79100634856832e-10,-3.63958532348764e-11,-3.63958532348764e-11
8.154,3.31834371276163e-09,-1.78550056980548e-10,-3.62792536947647e-11,-3.62792536947647e-11
8.155,3.30812928059767e-09,-1.78001169242345e-10,-3.61630278414956e-11,-3.61630278414956e-11
8.156,3.29794624908934e-09,-1.77453966461962e-10,-3.60471744769919e-11,-3.60471744769919e-11
8.157,3.28779452184372e-09,-1.76908443474992e-10,-3.59316924070193e-11,-3.59316924070193e-11
8.158,3.27767400276329e-09,-1.76364595132827e-10,-3.58165804411725e-11,-3.58165804411725e-11
8.159,3.26758459604509e-09,-1.75822416302611e-10,-3.57018373928658e-11,-3.57018373928658e-11
8.16,3.25752620617982e-09,-1.75281901867199e-10,-3.55874620793184e-11,-3.55874620793184e-11
8.161,3.2474987379509e-09,-1.74743046725099e-10,-3.54734533215427e-11,-3.54734533215427e-11
8.162,3.23750209643359e-09,-1.74205845790432e-10,-3.53598099443338e-11,-3.53598099443338e-11
8.163,3.2275361869941e-09,-1.73670293992879e-10,-3.52465307762539e-11,-3.52465307762539e-11
8.164,3.21760091528874e-09,-1.73136386277638e-10,-3.51336146496248e-11,-3.51336146496248e-11
8.165,3.20769618726298e-09,-1.72604117605373e-10,-3.50210604005121e-11,-3.50210604005121e-11
8.166,3.19782190915054e-09,-1.72073482952167e-10,-3.49088668687138e-11,-3.49088668687138e-11
8.167,3.18797798747261e-09,-1.71544477309479e-10,-3.47970328977505e-11,-3.47970328977505e-11
8.168,3.17816432903688e-09,-1.71017095684092e-10,-3.4685557334851e-11,-3.4685557334851e-11
8.169,3.16838084093666e-09,-1.70491333098068e-10,-3.45744390309417e-11,-3.45744390309417e-11
8.17,3.15862743055012e-09,-1.69967184588704e-10,-3.44636768406341e-11,-3.44636768406341e-11
8.171,3.14890400553926e-09,-1.6944464520848e-10,-3.43532696222139e-11,-3.43532696222139e-11
8.172,3.13921047384914e-09,-1.68923710025016e-10,-3.42432162376275e-11,-3.42432162376275e-11
8.173,3.12954674370702e-09,-1.68404374121029e-10,-3.41335155524725e-11,-3.41335155524725e-11
8.174,3.11991272362143e-09,-1.67886632594279e-10,-3.4024166435984e-11,-3.4024166435984e-11
8.175,3.11030832238135e-09,-1.67370480557529e-10,-3.39151677610243e-11,-3.39151677610243e-11
8.176,3.10073344905541e-09,-1.668559131385e-10,-3.38065184040707e-11,-3.38065184040707e-11
8.177,3.09118801299089e-09,-1.66342925479818e-10,-3.36982172452031e-11,-3.36982172452031e-11
8.178,3.08167192381298e-09,-1.65831512738977e-10,-3.35902631680943e-11,-3.35902631680943e-11
8.179,3.07218509142394e-09,-1.6532167008829e-10,-3.34826550599968e-11,-3.34826550599968e-11
8.18,3.06272742600217e-09,-1.64813392714841e-10,-3.33753918117322e-11,-3.33753918117322e-11
8.181,3.05329883800139e-09,-1.64306675820443e-10,-3.32684723176793e-11,-3.32684723176793e-11
8.182,3.04389923814989e-09,-1.63801514621597e-10,-3.3161895475763e-11,-3.3161895475763e-11
8.183,3.03452853744955e-09,-1.63297904349437e-10,-3.30556601874428e-11,-3.30556601874428e-11
8.184,3.02518664717508e-09,-1.62795840249694e-10,-3.29497653577015e-11,-3.29497653577015e-11
8.185,3.01587347887316e-09,-1.62295317582646e-10,-3.28442098950337e-11,-3.28442098950337e-11
8.186,3.00658894436168e-09,-1.61796331623081e-10,-3.27389927114351e-11,-3.27389927114351e-11
8.187,2.99733295572878e-09,-1.61298877660242e-10,-3.26341127223902e-11,-3.26341127223902e-11
8.188,2.98810542533212e-09,-1.6080295099779e-10,-3.25295688468621e-11,-3.25295688468621e-11
8.189,2.97890626579806e-09,-1.60308546953762e-10,-3.24253600072815e-11,-3.24253600072815e-11
8.19,2.96973539002076e-09,-1.59815660860519e-10,-3.2321485129534e-11,-3.2321485129534e-11
8.191,2.9605927111614e-09,-1.59324288064708e-10,-3.22179431429507e-11,-3.22179431429507e-11
8.192,2.95147814264743e-09,-1.58834423927219e-10,-3.2114732980297e-11,-3.2114732980297e-11
8.193,2.94239159817164e-09,-1.58346063823139e-10,-3.20118535777604e-11,-3.20118535777604e-11
8.194,2.93333299169143e-09,-1.57859203141706e-10,-3.19093038749403e-11,-3.19093038749403e-11
8.195,2.92430223742793e-09,-1.57373837286273e-10,-3.1807082814837e-11,-3.1807082814837e-11
8.196,2.9152992498653e-09,-1.56889961674259e-10,-3.17051893438418e-11,-3.17051893438418e-11
8.197,2.90632394374983e-09,-1.5640757173711e-10,-3.16036224117234e-11,-3.16036224117234e-11
8.198,2.89737623408913e-09,-1.5592666292025e-10,-3.15023809716198e-11,-3.15023809716198e-11
8.199,2.88845603615145e-09,-1.55447230683047e-10,-3.14014639800263e-11,-3.14014639800263e-11
8.2,2.87956326546473e-09,-1.54969270498763e-10,-3.13008703967849e-11,-3.13008703967849e-11
8.201,2.87069783781589e-09,-1.54492777854515e-10,-3.12005991850733e-11,-3.12005991850733e-11
8.202,2.86185966925007e-09,-1.54017748251232e-10,-3.11006493113951e-11,-3.11006493113951e-11
8.203,2.85304867606973e-09,-1.53544177203613e-10,-3.10010197455675e-11,-3.10010197455675e-11
8.204,2.84426477483395e-09,-1.53072060240083e-10,-3.09017094607125e-11,-3.09017094607125e-11
8.205,2.83550788235764e-09,-1.52601392902758e-10,-3.08027174332448e-11,-3.08027174332448e-11
8.206,2.82677791571072e-09,-1.52132170747392e-10,-3.0704042642862e-11,-3.0704042642862e-11
8.207,2.81807479221733e-09,-1.51664389343343e-10,-3.06056840725344e-11,-3.06056840725344e-11
8.208,2.80939842945515e-09,-1.51198044273533e-10,-3.0507640708494e-11,-3.0507640708494e-11
8.209,2.80074874525447e-09,-1.507331311344e-10,-3.0409911540223e-11,-3.0409911540223e-11
8.21,2.79212565769754e-09,-1.50269645535859e-10,-3.0312495560446e-11,-3.0312495560446e-11
8.211,2.78352908511777e-09,-1.49807583101267e-10,-3.02153917651171e-11,-3.02153917651171e-11
8.212,2.77495894609893e-09,-1.49346939467371e-10,-3.01185991534109e-11,-3.01185991534109e-11
8.213,2.76641515947441e-09,-1.48887710284277e-10,-3.00221167277107e-11,-3.00221167277107e-11
8.214,2.75789764432642e-09,-1.48429891215402e-10,-2.99259434936011e-11,-2.99259434936011e-11
8.215,2.74940631998531e-09,-1.4797347793744e-10,-2.98300784598547e-11,-2.98300784598547e-11
8.216,2.74094110602874e-09,-1.47518466140315e-10,-2.97345206384223e-11,-2.97345206384223e-11
8.217,2.73250192228089e-09,-1.47064851527143e-10,-2.96392690444255e-11,-2.96392690444255e-11
8.218,2.72408868881185e-09,-1.46612629814195e-10,-2.95443226961432e-11,-2.95443226961432e-11
8.219,2.71570132593669e-09,-1.46161796730852e-10,-2.94496806150028e-11,-2.94496806150028e-11
8.22,2.70733975421483e-09,-1.45712348019565e-10,-2.93553418255699e-11,-2.93553418255699e-11
8.221,2.69900389444927e-09,-1.45264279435823e-10,-2.92613053555391e-11,-2.92613053555391e-11
8.222,2.6906936676858e-09,-1.44817586748101e-10,-2.9167570235723e-11,-2.9167570235723e-11
8.223,2.68240899521229e-09,-1.44372265737828e-10,-2.90741355000418e-11,-2.90741355000418e-11
8.224,2.67414979855796e-09,-1.43928312199347e-10,-2.89810001855147e-11,-2.89810001855147e-11
8.225,2.66591599949265e-09,-1.43485721939875e-10,-2.88881633322494e-11,-2.88881633322494e-11
8.226,2.65770752002601e-09,-1.43044490779461e-10,-2.87956239834311e-11,-2.87956239834311e-11
8.227,2.64952428240683e-09,-1.42604614550949e-10,-2.87033811853142e-11,-2.87033811853142e-11
8.228,2.64136620912233e-09,-1.42166089099941e-10,-2.86114339872119e-11,-2.86114339872119e-11
8.229,2.63323322289737e-09,-1.41728910284754e-10,-2.85197814414862e-11,-2.85197814414862e-11
8.23,2.62512524669373e-09,-1.41293073976382e-10,-2.84284226035375e-11,-2.84284226035375e-11
8.231,2.61704220370944e-09,-1.40858576058461e-10,-2.83373565317967e-11,-2.83373565317967e-11
8.232,2.60898401737799e-09,-1.40425412427226e-10,-2.82465822877136e-11,-2.82465822877136e-11
8.233,2.60095061136764e-09,-1.39993578991472e-10,-2.81560989357483e-11,-2.81560989357483e-11
8.234,2.59294190958073e-09,-1.39563071672522e-10,-2.80659055433607e-11,-2.80659055433607e-11
8.235,2.58495783615291e-09,-1.39133886404182e-10,-2.79760011810022e-11,-2.79760011810022e-11
8.236,2.57699831545242e-09,-1.38706019132704e-10,-2.78863849221046e-11,-2.78863849221046e-11
8.237,2.56906327207947e-09,-1.38279465816752e-10,-2.77970558430713e-11,-2.77970558430713e-11
8.238,2.56115263086542e-09,-1.37854222427359e-10,-2.77080130232682e-11,-2.77080130232682e-11
8.239,2.55326631687213e-09,-1.37430284947893e-10,-2.76192555450126e-11,-2.76192555450126e-11
8.24,2.54540425539126e-09,-1.37007649374018e-10,-2.75307824935663e-11,-2.75307824935663e-11
8.241,2.53756637194354e-09,-1.36586311713654e-10,-2.74425929571232e-11,-2.74425929571232e-11
8.242,2.52975259227804e-09,-1.36166267986944e-10,-2.73546860268023e-11,-2.73546860268023e-11
8.243,2.5219628423716e-09,-1.35747514226214e-10,-2.72670607966373e-11,-2.72670607966373e-11
8.244,2.51419704842795e-09,-1.35330046475937e-10,-2.71797163635666e-11,-2.71797163635666e-11
8.245,2.50645513687717e-09,-1.34913860792693e-10,-2.70926518274255e-11,-2.70926518274255e-11
8.246,2.49873703437488e-09,-1.34498953245134e-10,-2.70058662909352e-11,-2.70058662909352e-11
8.247,2.49104266780167e-09,-1.34085319913952e-10,-2.69193588596959e-11,-2.69193588596959e-11
8.248,2.48337196426231e-09,-1.3367295689183e-10,-2.68331286421747e-11,-2.68331286421747e-11
8.249,2.47572485108507e-09,-1.33261860283419e-10,-2.67471747496983e-11,-2.67471747496983e-11
8.25,2.46810125582115e-09,-1.32852026205293e-10,-2.66614962964439e-11,-2.66614962964439e-11
8.251,2.46050110624382e-09,-1.32443450785914e-10,-2.65760923994286e-11,-2.65760923994286e-11
8.252,2.45292433034788e-09,-1.32036130165596e-10,-2.64909621785015e-11,-2.64909621785015e-11
8.253,2.44537085634895e-09,-1.31630060496472e-10,-2.64061047563349e-11,-2.64061047563349e-11
8.254,2.43784061268275e-09,-1.31225237942453e-10,-2.63215192584136e-11,-2.63215192584136e-11
8.255,2.43033352800445e-09,-1.30821658679195e-10,-2.62372048130276e-11,-2.62372048130276e-11
8.256,2.42284953118801e-09,-1.30419318894061e-10,-2.61531605512621e-11,-2.61531605512621e-11
8.257,2.41538855132555e-09,-1.30018214786087e-10,-2.60693856069892e-11,-2.60693856069892e-11
8.258,2.40795051772656e-09,-1.29618342565948e-10,-2.59858791168585e-11,-2.59858791168585e-11
8.259,2.40053535991735e-09,-1.29219698455915e-10,-2.59026402202881e-11,-2.59026402202881e-11
8.26,2.39314300764035e-09,-1.28822278689831e-10,-2.5819668059456e-11,-2.5819668059456e-11
8.261,2.38577339085344e-09,-1.28426079513066e-10,-2.57369617792912e-11,-2.57369617792912e-11
8.262,2.37842643972928e-09,-1.28031097182483e-10,-2.56545205274645e-11,-2.56545205274645e-11
8.263,2.37110208465469e-09,-1.27637327966411e-10,-2.55723434543812e-11,-2.55723434543812e-11
8.264,2.36380025622995e-09,-1.272447681446e-10,-2.54904297131696e-11,-2.54904297131696e-11
8.265,2.35652088526817e-09,-1.26853414008188e-10,-2.54087784596745e-11,-2.54087784596745e-11
8.266,2.34926390279468e-09,-1.26463261859675e-10,-2.53273888524483e-11,-2.53273888524483e-11
8.267,2.34202924004627e-09,-1.26074308012875e-10,-2.52462600527415e-11,-2.52462600527415e-11
8.268,2.33481682847064e-09,-1.25686548792891e-10,-2.51653912244938e-11,-2.51653912244938e-11
8.269,2.32762659972575e-09,-1.25299980536079e-10,-2.50847815343271e-11,-2.50847815343271e-11
8.27,2.3204584856791e-09,-1.24914599590009e-10,-2.50044301515347e-11,-2.50044301515347e-11
8.271,2.31331241840717e-09,-1.24530402313434e-10,-2.49243362480751e-11,-2.49243362480751e-11
8.272,2.30618833019475e-09,-1.24147385076259e-10,-2.48444989985609e-11,-2.48444989985609e-11
8.273,2.29908615353429e-09,-1.23765544259501e-10,-2.47649175802529e-11,-2.47649175802529e-11
8.274,2.29200582112526e-09,-1.23384876255256e-10,-2.46855911730494e-11,-2.46855911730494e-11
8.275,2.28494726587357e-09,-1.23005377466671e-10,-2.46065189594789e-11,-2.46065189594789e-11
8.276,2.27791042089087e-09,-1.22627044307903e-10,-2.45277001246918e-11,-2.45277001246918e-11
8.277,2.27089521949395e-09,-1.2224987320409e-10,-2.44491338564509e-11,-2.44491338564509e-11
8.278,2.26390159520411e-09,-1.21873860591312e-10,-2.43708193451242e-11,-2.43708193451242e-11
8.279,2.25692948174656e-09,-1.21499002916568e-10,-2.42927557836763e-11,-2.42927557836763e-11
8.28,2.24997881304974e-09,-1.21125296637729e-10,-2.42149423676591e-11,-2.42149423676591e-11
8.281,2.24304952324473e-09,-1.20752738223516e-10,-2.41373782952043e-11,-2.41373782952043e-11
8.282,2.23614154666466e-09,-1.20381324153463e-10,-2.40600627670164e-11,-2.40600627670164e-11
8.283,2.22925481784402e-09,-1.2001105091788e-10,-2.39829949863613e-11,-2.39829949863613e-11
8.284,2.2223892715181e-09,-1.19641915017825e-10,-2.39061741590609e-11,-2.39061741590609e-11
8.285,2.21554484262236e-09,-1.19273912965072e-10,-2.38295994934836e-11,-2.38295994934836e-11
8.286,2.20872146629181e-09,-1.18907041282074e-10,-2.37532702005365e-11,-2.37532702005365e-11
8.287,2.20191907786041e-09,-1.18541296501932e-10,-2.36771854936572e-11,-2.36771854936572e-11
8.288,2.19513761286042e-09,-1.18176675168362e-10,-2.36013445888055e-11,-2.36013445888055e-11
8.289,2.18837700702189e-09,-1.17813173835667e-10,-2.35257467044559e-11,-2.35257467044559e-11
8.29,2.18163719627194e-09,-1.17450789068698e-10,-2.34503910615883e-11,-2.34503910615883e-11
8.291,2.17491811673422e-09,-1.17089517442825e-10,-2.33752768836817e-11,-2.33752768836817e-11
8.292,2.16821970472832e-09,-1.16729355543905e-10,-2.33004033967044e-11,-2.33004033967044e-11
8.293,2.16154189676911e-09,-1.1637029996825e-10,-2.32257698291075e-11,-2.32257698291075e-11
8.294,2.1548846295662e-09,-1.16012347322593e-10,-2.31513754118157e-11,-2.31513754118157e-11
8.295,2.14824784002332e-09,-1.1565549422406e-10,-2.30772193782208e-11,-2.30772193782208e-11
8.296,2.14163146523774e-09,-1.15299737300134e-10,-2.30033009641719e-11,-2.30033009641719e-11
8.297,2.13503544249961e-09,-1.14945073188626e-10,-2.29296194079692e-11,-2.29296194079692e-11
8.298,2.12845970929151e-09,-1.14591498537644e-10,-2.28561739503557e-11,-2.28561739503557e-11
8.299,2.1219042032877e-09,-1.14239010005558e-10,-2.27829638345084e-11,-2.27829638345084e-11
8.3,2.11536886235364e-09,-1.13887604260971e-10,-2.2709988306032e-11,-2.2709988306032e-11
8.301,2.10885362454539e-09,-1.13537277982691e-10,-2.26372466129497e-11,-2.26372466129497e-11
8.302,2.10235842810897e-09,-1.13188027859692e-10,-2.25647380056971e-11,-2.25647380056971e-11
8.303,2.09588321147983e-09,-1.12839850591089e-10,-2.24924617371121e-11,-2.24924617371121e-11
8.304,2.08942791328229e-09,-1.12492742886107e-10,-2.24204170624297e-11,-2.24204170624297e-11
8.305,2.08299247232889e-09,-1.12146701464046e-10,-2.23486032392729e-11,-2.23486032392729e-11
8.306,2.07657682761984e-09,-1.11801723054254e-10,-2.22770195276443e-11,-2.22770195276443e-11
8.307,2.07018091834252e-09,-1.11457804396094e-10,-2.22056651899214e-11,-2.22056651899214e-11
8.308,2.06380468387079e-09,-1.11114942238916e-10,-2.21345394908455e-11,-2.21345394908455e-11
8.309,2.05744806376448e-09,-1.10773133342023e-10,-2.20636416975162e-11,-2.20636416975162e-11
8.31,2.05111099776882e-09,-1.10432374474642e-10,-2.1992971079383e-11,-2.1992971079383e-11
8.311,2.04479342581389e-09,-1.10092662415897e-10,-2.19225269082389e-11,-2.19225269082389e-11
8.312,2.038495288014e-09,-1.09753993954772e-10,-2.18523084582113e-11,-2.18523084582113e-11
8.313,2.03221652466715e-09,-1.09416365890087e-10,-2.17823150057551e-11,-2.17823150057551e-11
8.314,2.02595707625451e-09,-1.09079775030464e-10,-2.17125458296462e-11,-2.17125458296462e-11
8.315,2.0197168834398e-09,-1.08744218194301e-10,-2.16430002109726e-11,-2.16430002109726e-11
8.316,2.01349588706873e-09,-1.08409692209736e-10,-2.15736774331277e-11,-2.15736774331277e-11
8.317,2.00729402816851e-09,-1.08076193914626e-10,-2.15045767818034e-11,-2.15045767818034e-11
8.318,2.00111124794723e-09,-1.07743720156506e-10,-2.14356975449812e-11,-2.14356975449812e-11
8.319,1.99494748779331e-09,-1.07412267792571e-10,-2.13670390129271e-11,-2.13670390129271e-11
8.32,1.98880268927498e-09,-1.07081833689638e-10,-2.12986004781814e-11,-2.12986004781814e-11
8.321,1.98267679413973e-09,-1.06752414724121e-10,-2.12303812355544e-11,-2.12303812355544e-11
8.322,1.97656974431372e-09,-1.06424007781999e-10,-2.11623805821171e-11,-2.11623805821171e-11
8.323,1.97048148190125e-09,-1.0609660975879e-10,-2.10945978171944e-11,-2.10945978171944e-11
8.324,1.96441194918424e-09,-1.05770217559519e-10,-2.10270322423589e-11,-2.10270322423589e-11
8.325,1.95836108862168e-09,-1.05444828098689e-10,-2.09596831614214e-11,-2.09596831614214e-11
8.326,1.95232884284902e-09,-1.05120438300254e-10,-2.08925498804262e-11,-2.08925498804262e-11
8.327,1.94631515467776e-09,-1.04797045097589e-10,-2.08256317076428e-11,-2.08256317076428e-11
8.328,1.94031996709477e-09,-1.04474645433461e-10,-2.07589279535584e-11,-2.07589279535584e-11
8.329,1.93434322326185e-09,-1.04153236259998e-10,-2.06924379308717e-11,-2.06924379308717e-11
8.33,1.92838486651516e-09,-1.03832814538668e-10,-2.06261609544849e-11,-2.06261609544849e-11
8.331,1.9224448403647e-09,-1.03513377240241e-10,-2.05600963414973e-11,-2.05600963414973e-11
8.332,1.91652308849372e-09,-1.03194921344767e-10,-2.04942434111982e-11,-2.04942434111982e-11
8.333,1.9106195547583e-09,-1.02877443841544e-10,-2.04286014850589e-11,-2.04286014850589e-11
8.334,1.90473418318671e-09,-1.02560941729093e-10,-2.03631698867277e-11,-2.03631698867277e-11
8.335,1.89886691797892e-09,-1.02245412015125e-10,-2.02979479420206e-11,-2.02979479420206e-11
8.336,1.89301770350615e-09,-1.0193085171652e-10,-2.02329349789162e-11,-2.02329349789162e-11
8.337,1.8871864843102e-09,-1.01617257859292e-10,-2.01681303275477e-11,-2.01681303275477e-11
8.338,1.88137320510305e-09,-1.01304627478565e-10,-2.0103533320196e-11,-2.0103533320196e-11
8.339,1.87557781076627e-09,-1.00992957618542e-10,-2.00391432912837e-11,-2.00391432912837e-11
8.34,1.86980024635055e-09,-1.00682245332484e-10,-1.99749595773674e-11,-1.99749595773674e-11
8.341,1.86404045707516e-09,-1.00372487682673e-10,-1.99109815171309e-11,-1.99109815171309e-11
8.342,1.85829838832738e-09,-1.00063681740391e-10,-1.98472084513791e-11,-1.98472084513791e-11
8.343,1.85257398566211e-09,-9.97558245858912e-11,-1.978363972303e-11,-1.978363972303e-11
8.344,1.84686719480123e-09,-9.94489133083686e-11,-1.97202746771091e-11,-1.97202746771091e-11
8.345,1.84117796163315e-09,-9.91429450059338e-11,-1.96571126607418e-11,-1.96571126607418e-11
8.346,1.83550623221231e-09,-9.88379167855878e-11,-1.95941530231474e-11,-1.95941530231474e-11
8.347,1.82985195275863e-09,-9.85338257631913e-11,-1.95313951156314e-11,-1.95313951156314e-11
8.348,1.82421506965705e-09,-9.82306690634394e-11,-1.94688382915799e-11,-1.94688382915799e-11
8.349,1.81859552945696e-09,-9.79284438198344e-11,-1.94064819064519e-11,-1.94064819064519e-11
8.35,1.8129932788718e-09,-9.76271471746601e-11,-1.9344325317774e-11,-1.9344325317774e-11
8.351,1.80740826477843e-09,-9.73267762789523e-11,-1.92823678851322e-11,-1.92823678851322e-11
8.352,1.80184043421673e-09,-9.70273282924736e-11,-1.92206089701662e-11,-1.92206089701662e-11
8.353,1.79628973438906e-09,-9.6728800383688e-11,-1.91590479365627e-11,-1.91590479365627e-11
8.354,1.79075611265976e-09,-9.64311897297314e-11,-1.90976841500486e-11,-1.90976841500486e-11
8.355,1.78523951655465e-09,-9.61344935163865e-11,-1.9036516978385e-11,-1.9036516978385e-11
8.356,1.77973989376058e-09,-9.58387089380581e-11,-1.89755457913598e-11,-1.89755457913598e-11
8.357,1.77425719212486e-09,-9.55438331977435e-11,-1.89147699607824e-11,-1.89147699607824e-11
8.358,1.76879135965484e-09,-9.52498635070077e-11,-1.88541888604756e-11,-1.88541888604756e-11
8.359,1.76334234451738e-09,-9.49567970859591e-11,-1.8793801866271e-11,-1.8793801866271e-11
8.36,1.75791009503838e-09,-9.46646311632196e-11,-1.87336083560007e-11,-1.87336083560007e-11
8.361,1.75249455970226e-09,-9.4373362975901e-11,-1.86736077094925e-11,-1.86736077094925e-11
8.362,1.74709568715155e-09,-9.40829897695798e-11,-1.86137993085625e-11,-1.86137993085625e-11
8.363,1.7417134261863e-09,-9.37935087982687e-11,-1.85541825370091e-11,-1.85541825370091e-11
8.364,1.73634772576366e-09,-9.35049173243922e-11,-1.8494756780606e-11,-1.8494756780606e-11
8.365,1.73099853499745e-09,-9.32172126187623e-11,-1.84355214270978e-11,-1.84355214270978e-11
8.366,1.72566580315755e-09,-9.29303919605501e-11,-1.83764758661908e-11,-1.83764758661908e-11
8.367,1.72034947966952e-09,-9.26444526372613e-11,-1.83176194895491e-11,-1.83176194895491e-11
8.368,1.71504951411411e-09,-9.23593919447127e-11,-1.82589516907869e-11,-1.82589516907869e-11
8.369,1.70976585622675e-09,-9.20752071870035e-11,-1.82004718654636e-11,-1.82004718654636e-11
8.37,1.7044984558971e-09,-9.1791895676492e-11,-1.81421794110756e-11,-1.81421794110756e-11
8.371,1.69924726316859e-09,-9.15094547337694e-11,-1.80840737270517e-11,-1.80840737270517e-11
8.372,1.69401222823792e-09,-9.12278816876366e-11,-1.80261542147472e-11,-1.80261542147472e-11
8.373,1.68879330145461e-09,-9.09471738750761e-11,-1.79684202774354e-11,-1.79684202774354e-11
8.374,1.68359043332051e-09,-9.06673286412285e-11,-1.79108713203043e-11,-1.79108713203043e-11
8.375,1.67840357448938e-09,-9.03883433393689e-11,-1.78535067504487e-11,-1.78535067504487e-11
8.376,1.67323267576636e-09,-9.01102153308793e-11,-1.77963259768642e-11,-1.77963259768642e-11
8.377,1.66807768810756e-09,-8.98329419852252e-11,-1.77393284104417e-11,-1.77393284104417e-11
8.378,1.66293856261959e-09,-8.95565206799321e-11,-1.76825134639615e-11,-1.76825134639615e-11
8.379,1.65781525055906e-09,-8.92809488005583e-11,-1.7625880552086e-11,-1.7625880552086e-11
8.38,1.65270770333215e-09,-8.9006223740672e-11,-1.75694290913549e-11,-1.75694290913549e-11
8.381,1.64761587249414e-09,-8.87323429018261e-11,-1.75131585001786e-11,-1.75131585001786e-11
8.382,1.64253970974902e-09,-8.84593036935353e-11,-1.74570681988328e-11,-1.74570681988328e-11
8.383,1.6374791669489e-09,-8.81871035332493e-11,-1.7401157609451e-11,-1.7401157609451e-11
8.384,1.63243419609367e-09,-8.79157398463297e-11,-1.73454261560204e-11,-1.73454261560204e-11
8.385,1.62740474933052e-09,-8.76452100660275e-11,-1.72898732643753e-11,-1.72898732643753e-11
8.386,1.62239077895346e-09,-8.73755116334557e-11,-1.72344983621904e-11,-1.72344983621904e-11
8.387,1.61739223740288e-09,-8.71066419975671e-11,-1.71793008789758e-11,-1.71793008789758e-11
8.388,1.61240907726515e-09,-8.68385986151314e-11,-1.71242802460709e-11,-1.71242802460709e-11
8.389,1.60744125127208e-09,-8.65713789507087e-11,-1.70694358966383e-11,-1.70694358966383e-11
8.39,1.60248871230055e-09,-8.63049804766271e-11,-1.70147672656584e-11,-1.70147672656584e-11
8.391,1.59755141337208e-09,-8.60394006729602e-11,-1.69602737899229e-11,-1.69602737899229e-11
8.392,1.59262930765229e-09,-8.57746370275004e-11,-1.69059549080296e-11,-1.69059549080296e-11
8.393,1.58772234845055e-09,-8.55106870357375e-11,-1.68518100603761e-11,-1.68518100603761e-11
8.394,1.58283048921951e-09,-8.52475482008355e-11,-1.6797838689155e-11,-1.6797838689155e-11
8.395,1.57795368355465e-09,-8.4985218033607e-11,-1.67440402383465e-11,-1.67440402383465e-11
8.396,1.57309188519384e-09,-8.47236940524912e-11,-1.66904141537145e-11,-1.66904141537145e-11
8.397,1.56824504801694e-09,-8.44629737835317e-11,-1.66369598827991e-11,-1.66369598827991e-11
8.398,1.56341312604533e-09,-8.42030547603505e-11,-1.65836768749128e-11,-1.65836768749128e-11
8.399,1.55859607344148e-09,-8.39439345241264e-11,-1.65305645811327e-11,-1.65305645811327e-11
8.4,1.55379384450853e-09,-8.36856106235731e-11,-1.64776224542972e-11,-1.64776224542972e-11
8.401,1.54900639368985e-09,-8.34280806149135e-11,-1.64248499489979e-11,-1.64248499489979e-11
8.402,1.54423367556862e-09,-8.31713420618584e-11,-1.63722465215759e-11,-1.63722465215759e-11
8.403,1.53947564486738e-09,-8.29153925355829e-11,-1.63198116301151e-11,-1.63198116301151e-11
8.404,1.53473225644764e-09,-8.26602296147053e-11,-1.62675447344374e-11,-1.62675447344374e-11
8.405,1.53000346530942e-09,-8.24058508852615e-11,-1.62154452960965e-11,-1.62154452960965e-11
8.406,1.52528922659083e-09,-8.21522539406838e-11,-1.61635127783721e-11,-1.61635127783721e-11
8.407,1.52058949556767e-09,-8.18994363817797e-11,-1.61117466462657e-11,-1.61117466462657e-11
8.408,1.51590422765299e-09,-8.16473958167065e-11,-1.60601463664931e-11,-1.60601463664931e-11
8.409,1.51123337839666e-09,-8.139612986095e-11,-1.6008711407481e-11,-1.6008711407481e-11
8.41,1.50657690348498e-09,-8.11456361373039e-11,-1.595744123936e-11,-1.595744123936e-11
8.411,1.50193475874024e-09,-8.08959122758444e-11,-1.59063353339595e-11,-1.59063353339595e-11
8.412,1.49730690012029e-09,-8.06469559139098e-11,-1.58553931648029e-11,-1.58553931648029e-11
8.413,1.49269328371817e-09,-8.03987646960774e-11,-1.58046142071008e-11,-1.58046142071008e-11
8.414,1.48809386576166e-09,-8.01513362741431e-11,-1.57539979377476e-11,-1.57539979377476e-11
8.415,1.48350860261287e-09,-7.99046683070968e-11,-1.5703543835314e-11,-1.5703543835314e-11
8.416,1.47893745076783e-09,-7.96587584611016e-11,-1.56532513800427e-11,-1.56532513800427e-11
8.417,1.47438036685611e-09,-7.94136044094731e-11,-1.56031200538434e-11,-1.56031200538434e-11
8.418,1.46983730764036e-09,-7.91692038326549e-11,-1.55531493402864e-11,-1.55531493402864e-11
8.419,1.46530823001592e-09,-7.89255544181986e-11,-1.55033387245981e-11,-1.55033387245981e-11
8.42,1.46079309101045e-09,-7.86826538607425e-11,-1.54536876936554e-11,-1.54536876936554e-11
8.421,1.45629184778348e-09,-7.84404998619881e-11,-1.54041957359805e-11,-1.54041957359805e-11
8.422,1.45180445762601e-09,-7.81990901306791e-11,-1.53548623417352e-11,-1.53548623417352e-11
8.423,1.44733087796014e-09,-7.7958422382582e-11,-1.53056870027163e-11,-1.53056870027163e-11
8.424,1.44287106633863e-09,-7.77184943404612e-11,-1.52566692123499e-11,-1.52566692123499e-11
8.425,1.43842498044451e-09,-7.74793037340593e-11,-1.52078084656862e-11,-1.52078084656862e-11
8.426,1.43399257809072e-09,-7.72408483000771e-11,-1.51591042593949e-11,-1.51591042593949e-11
8.427,1.42957381721964e-09,-7.70031257821495e-11,-1.51105560917588e-11,-1.51105560917588e-11
8.428,1.42516865590275e-09,-7.67661339308256e-11,-1.506216346267e-11,-1.506216346267e-11
8.429,1.42077705234022e-09,-7.65298705035493e-11,-1.50139258736237e-11,-1.50139258736237e-11
8.43,1.4163989648605e-09,-7.62943332646347e-11,-1.49658428277136e-11,-1.49658428277136e-11
8.431,1.41203435191995e-09,-7.60595199852476e-11,-1.49179138296262e-11,-1.49179138296262e-11
8.432,1.40768317210244e-09,-7.58254284433845e-11,-1.48701383856364e-11,-1.48701383856364e-11
8.433,1.40334538411894e-09,-7.55920564238502e-11,-1.48225160036025e-11,-1.48225160036025e-11
8.434,1.39902094680715e-09,-7.53594017182382e-11,-1.47750461929602e-11,-1.47750461929602e-11
8.435,1.39470981913112e-09,-7.51274621249092e-11,-1.47277284647178e-11,-1.47277284647178e-11
8.436,1.39041196018086e-09,-7.48962354489718e-11,-1.46805623314521e-11,-1.46805623314521e-11
8.437,1.38612732917191e-09,-7.46657195022598e-11,-1.46335473073026e-11,-1.46335473073026e-11
8.438,1.38185588544502e-09,-7.44359121033126e-11,-1.45866829079657e-11,-1.45866829079657e-11
8.439,1.37759758846572e-09,-7.42068110773561e-11,-1.45399686506919e-11,-1.45399686506919e-11
8.44,1.37335239782398e-09,-7.39784142562794e-11,-1.44934040542786e-11,-1.44934040542786e-11
8.441,1.36912027323377e-09,-7.37507194786161e-11,-1.44469886390661e-11,-1.44469886390661e-11
8.442,1.36490117453274e-09,-7.3523724589525e-11,-1.44007219269332e-11,-1.44007219269332e-11
8.443,1.36069506168179e-09,-7.32974274407673e-11,-1.43546034412909e-11,-1.43546034412909e-11
8.444,1.35650189476474e-09,-7.30718258906882e-11,-1.43086327070786e-11,-1.43086327070786e-11
8.445,1.35232163398791e-09,-7.28469178041957e-11,-1.42628092507586e-11,-1.42628092507586e-11
8.446,1.34815423967978e-09,-7.26227010527426e-11,-1.4217132600312e-11,-1.4217132600312e-11
8.447,1.34399967229059e-09,-7.23991735143034e-11,-1.41716022852328e-11,-1.41716022852328e-11
8.448,1.33985789239197e-09,-7.21763330733563e-11,-1.41262178365232e-11,-1.41262178365232e-11
8.449,1.3357288606766e-09,-7.19541776208636e-11,-1.40809787866902e-11,-1.40809787866902e-11
8.45,1.33161253795779e-09,-7.17327050542506e-11,-1.40358846697385e-11,-1.40358846697385e-11
8.451,1.32750888516914e-09,-7.15119132773859e-11,-1.39909350211676e-11,-1.39909350211676e-11
8.452,1.32341786336417e-09,-7.12918002005636e-11,-1.3946129377966e-11,-1.3946129377966e-11
8.453,1.31933943371595e-09,-7.1072363740481e-11,-1.39014672786067e-11,-1.39014672786067e-11
8.454,1.31527355751671e-09,-7.08536018202204e-11,-1.38569482630421e-11,-1.38569482630421e-11
8.455,1.31122019617753e-09,-7.06355123692302e-11,-1.38125718727004e-11,-1.38125718727004e-11
8.456,1.30717931122792e-09,-7.04180933233039e-11,-1.37683376504793e-11,-1.37683376504793e-11
8.457,1.30315086431547e-09,-7.02013426245611e-11,-1.37242451407422e-11,-1.37242451407422e-11
8.458,1.29913481720553e-09,-6.99852582214298e-11,-1.36802938893139e-11,-1.36802938893139e-11
8.459,1.29513113178079e-09,-6.97698380686245e-11,-1.36364834434744e-11,-1.36364834434744e-11
8.46,1.29113977004094e-09,-6.95550801271282e-11,-1.35928133519557e-11,-1.35928133519557e-11
8.461,1.28716069410234e-09,-6.93409823641744e-11,-1.35492831649368e-11,-1.35492831649368e-11
8.462,1.28319386619765e-09,-6.91275427532259e-11,-1.35058924340384e-11,-1.35058924340384e-11
8.463,1.27923924867541e-09,-6.89147592739564e-11,-1.34626407123192e-11,-1.34626407123192e-11
8.464,1.2752968039998e-09,-6.8702629912233e-11,-1.34195275542708e-11,-1.34195275542708e-11
8.465,1.2713664947502e-09,-6.84911526600948e-11,-1.33765525158126e-11,-1.33765525158126e-11
8.466,1.26744828362084e-09,-6.82803255157356e-11,-1.33337151542886e-11,-1.33337151542886e-11
8.467,1.2635421334205e-09,-6.80701464834845e-11,-1.32910150284613e-11,-1.32910150284613e-11
8.468,1.25964800707213e-09,-6.78606135737882e-11,-1.32484516985083e-11,-1.32484516985083e-11
8.469,1.25576586761246e-09,-6.76517248031904e-11,-1.32060247260171e-11,-1.32060247260171e-11
8.47,1.25189567819173e-09,-6.74434781943142e-11,-1.31637336739808e-11,-1.31637336739808e-11
8.471,1.24803740207329e-09,-6.72358717758443e-11,-1.31215781067936e-11,-1.31215781067936e-11
8.472,1.24419100263326e-09,-6.70289035825068e-11,-1.30795575902465e-11,-1.30795575902465e-11
8.473,1.24035644336018e-09,-6.68225716550518e-11,-1.30376716915222e-11,-1.30376716915222e-11
8.474,1.23653368785468e-09,-6.6616874040234e-11,-1.29959199791913e-11,-1.29959199791913e-11
8.475,1.23272269982916e-09,-6.64118087907966e-11,-1.29543020232074e-11,-1.29543020232074e-11
8.476,1.22892344310739e-09,-6.62073739654499e-11,-1.29128173949035e-11,-1.29128173949035e-11
8.477,1.22513588162418e-09,-6.60035676288546e-11,-1.2871465666986e-11,-1.2871465666986e-11
8.478,1.2213599794251e-09,-6.58003878516048e-11,-1.2830246413532e-11,-1.2830246413532e-11
8.479,1.21759570066608e-09,-6.55978327102071e-11,-1.27891592099836e-11,-1.27891592099836e-11
8.48,1.21384300961306e-09,-6.53959002870644e-11,-1.27482036331442e-11,-1.27482036331442e-11
8.481,1.21010187064173e-09,-6.51945886704581e-11,-1.27073792611742e-11,-1.27073792611742e-11
8.482,1.20637224823711e-09,-6.49938959545286e-11,-1.26666856735865e-11,-1.26666856735865e-11
8.483,1.20265410699327e-09,-6.47938202392581e-11,-1.26261224512415e-11,-1.26261224512415e-11
8.484,1.19894741161296e-09,-6.45943596304539e-11,-1.25856891763439e-11,-1.25856891763439e-11
8.485,1.19525212690732e-09,-6.43955122397286e-11,-1.25453854324379e-11,-1.25453854324379e-11
8.486,1.19156821779548e-09,-6.41972761844829e-11,-1.25052108044023e-11,-1.25052108044023e-11
8.487,1.1878956493043e-09,-6.39996495878896e-11,-1.24651648784477e-11,-1.24651648784477e-11
8.488,1.18423438656801e-09,-6.38026305788733e-11,-1.24252472421104e-11,-1.24252472421104e-11
8.489,1.18058439482785e-09,-6.36062172920942e-11,-1.23854574842497e-11,-1.23854574842497e-11
8.49,1.17694563943182e-09,-6.34104078679314e-11,-1.23457951950427e-11,-1.23457951950427e-11
8.491,1.17331808583426e-09,-6.32152004524633e-11,-1.23062599659807e-11,-1.23062599659807e-11
8.492,1.1697016995956e-09,-6.30205931974514e-11,-1.22668513898643e-11,-1.22668513898643e-11
8.493,1.16609644638198e-09,-6.28265842603237e-11,-1.22275690607997e-11,-1.22275690607997e-11
8.494,1.16250229196497e-09,-6.26331718041554e-11,-1.21884125741946e-11,-1.21884125741946e-11
8.495,1.15891920222122e-09,-6.24403539976531e-11,-1.21493815267535e-11,-1.21493815267535e-11
8.496,1.15534714313213e-09,-6.22481290151366e-11,-1.2110475516474e-11,-1.2110475516474e-11
8.497,1.15178608078357e-09,-6.20564950365234e-11,-1.20716941426428e-11,-1.20716941426428e-11
8.498,1.14823598136551e-09,-6.18654502473094e-11,-1.2033037005831e-11,-1.2033037005831e-11
8.499,1.14469681117173e-09,-6.16749928385528e-11,-1.199450370789e-11,-1.199450370789e-11
8.5,1.14116853659951e-09,-6.1485121006858e-11,-1.19560938519482e-11,-1.19560938519482e-11
8.501,1.13765112414929e-09,-6.1295832954357e-11,-1.1917807042406e-11,-1.1917807042406e-11
8.502,1.13414454042433e-09,-6.11071268886931e-11,-1.1879642884932e-11,-1.1879642884932e-11
8.503,1.13064875213049e-09,-6.09190010230049e-11,-1.18416009864596e-11,-1.18416009864596e-11
8.504,1.12716372607581e-09,-6.07314535759083e-11,-1.18036809551815e-11,-1.18036809551815e-11
8.505,1.12368942917025e-09,-6.05444827714799e-11,-1.17658824005475e-11,-1.17658824005475e-11
8.506,1.12022582842534e-09,-6.03580868392407e-11,-1.17282049332584e-11,-1.17282049332584e-11
8.507,1.11677289095396e-09,-6.017226401414e-11,-1.1690648165264e-11,-1.1690648165264e-11
8.508,1.1133305839699e-09,-5.99870125365373e-11,-1.16532117097574e-11,-1.16532117097574e-11
8.509,1.10989887478764e-09,-5.98023306521865e-11,-1.16158951811725e-11,-1.16158951811725e-11
8.51,1.10647773082203e-09,-5.96182166122202e-11,-1.15786981951788e-11,-1.15786981951788e-11
8.511,1.10306711958796e-09,-5.94346686731318e-11,-1.15416203686781e-11,-1.15416203686781e-11
8.512,1.09966700870004e-09,-5.92516850967595e-11,-1.15046613198005e-11,-1.15046613198005e-11
8.513,1.09627736587235e-09,-5.90692641502713e-11,-1.14678206679002e-11,-1.14678206679002e-11
8.514,1.09289815891809e-09,-5.88874041061465e-11,-1.14310980335516e-11,-1.14310980335516e-11
8.515,1.08952935574927e-09,-5.87061032421606e-11,-1.13944930385457e-11,-1.13944930385457e-11
8.516,1.08617092437645e-09,-5.85253598413702e-11,-1.1358005305886e-11,-1.1358005305886e-11
8.517,1.08282283290841e-09,-5.83451721920942e-11,-1.13216344597847e-11,-1.13216344597847e-11
8.518,1.07948504955183e-09,-5.81655385878996e-11,-1.12853801256584e-11,-1.12853801256584e-11
8.519,1.07615754261103e-09,-5.79864573275856e-11,-1.12492419301247e-11,-1.12492419301247e-11
8.52,1.07284028048766e-09,-5.78079267151664e-11,-1.12132195009987e-11,-1.12132195009987e-11
8.521,1.06953323168036e-09,-5.76299450598555e-11,-1.11773124672879e-11,-1.11773124672879e-11
8.522,1.06623636478454e-09,-5.74525106760511e-11,-1.11415204591899e-11,-1.11415204591899e-11
8.523,1.06294964849201e-09,-5.72756218833184e-11,-1.11058431080873e-11,-1.11058431080873e-11
8.524,1.05967305159071e-09,-5.70992770063745e-11,-1.10702800465446e-11,-1.10702800465446e-11
8.525,1.05640654296445e-09,-5.69234743750738e-11,-1.10348309083044e-11,-1.10348309083044e-11
8.526,1.05315009159256e-09,-5.674821232439e-11,-1.09994953282834e-11,-1.09994953282834e-11
8.527,1.04990366654962e-09,-5.65734891944024e-11,-1.09642729425686e-11,-1.09642729425686e-11
8.528,1.0466672370052e-09,-5.63993033302788e-11,-1.09291633884136e-11,-1.09291633884136e-11
8.529,1.0434407722235e-09,-5.62256530822619e-11,-1.08941663042353e-11,-1.08941663042353e-11
8.53,1.04022424156313e-09,-5.60525368056514e-11,-1.08592813296094e-11,-1.08592813296094e-11
8.531,1.03701761447678e-09,-5.58799528607897e-11,-1.08245081052671e-11,-1.08245081052671e-11
8.532,1.03382086051094e-09,-5.57078996130472e-11,-1.07898462730917e-11,-1.07898462730917e-11
8.533,1.03063394930561e-09,-5.55363754328054e-11,-1.07552954761143e-11,-1.07552954761143e-11
8.534,1.02745685059401e-09,-5.53653786954422e-11,-1.07208553585101e-11,-1.07208553585101e-11
8.535,1.02428953420233e-09,-5.51949077813175e-11,-1.06865255655957e-11,-1.06865255655957e-11
8.536,1.0211319700494e-09,-5.50249610757563e-11,-1.06523057438242e-11,-1.06523057438242e-11
8.537,1.01798412814641e-09,-5.48555369690346e-11,-1.06181955407823e-11,-1.06181955407823e-11
8.538,1.01484597859665e-09,-5.46866338563637e-11,-1.05841946051862e-11,-1.05841946051862e-11
8.539,1.01171749159522e-09,-5.45182501378762e-11,-1.0550302586879e-11,-1.0550302586879e-11
8.54,1.00859863742873e-09,-5.43503842186094e-11,-1.05165191368256e-11,-1.05165191368256e-11
8.541,1.00548938647506e-09,-5.41830345084908e-11,-1.04828439071102e-11,-1.04828439071102e-11
8.542,1.00238970920304e-09,-5.40161994223242e-11,-1.04492765509321e-11,-1.04492765509321e-11
8.543,9.99299576172182e-10,-5.38498773797732e-11,-1.04158167226026e-11,-1.04158167226026e-11
8.544,9.96218958032402e-10,-5.36840668053468e-11,-1.03824640775412e-11,-1.03824640775412e-11
8.545,9.93147825523766e-10,-5.35187661283859e-11,-1.03492182722719e-11,-1.03492182722719e-11
8.546,9.90086149476178e-10,-5.33539737830462e-11,-1.031607896442e-11,-1.031607896442e-11
8.547,9.87033900809119e-10,-5.3189688208285e-11,-1.0283045812708e-11,-1.0283045812708e-11
8.548,9.8399105053139e-10,-5.30259078478467e-11,-1.02501184769532e-11,-1.02501184769532e-11
8.549,9.80957569740808e-10,-5.28626311502471e-11,-1.02172966180627e-11,-1.02172966180627e-11
8.55,9.77933429623944e-10,-5.2699856568759e-11,-1.01845798980309e-11,-1.01845798980309e-11
8.551,9.74918601455874e-10,-5.25375825613989e-11,-1.01519679799359e-11,-1.01519679799359e-11
8.552,9.71913056599868e-10,-5.23758075909107e-11,-1.01194605279359e-11,-1.01194605279359e-11
8.553,9.68916766507142e-10,-5.2214530124752e-11,-1.00870572072654e-11,-1.00870572072654e-11
8.554,9.65929702716599e-10,-5.20537486350806e-11,-1.00547576842326e-11,-1.00547576842326e-11
8.555,9.62951836854532e-10,-5.18934615987383e-11,-1.00225616262151e-11,-1.00225616262151e-11
8.556,9.59983140634371e-10,-5.17336674972375e-11,-9.9904687016566e-12,-9.9904687016566e-12
8.557,9.5702358585643e-10,-5.15743648167478e-11,-9.95847858006433e-12,-9.95847858006433e-12
8.558,9.54073144407612e-10,-5.14155520480799e-11,-9.9265909320044e-12,-9.9265909320044e-12
8.559,9.51131788261161e-10,-5.12572276866727e-11,-9.89480542909917e-12,-9.89480542909917e-12
8.56,9.4819948947639e-10,-5.10993902325784e-11,-9.86312174402383e-12,-9.86312174402383e-12
8.561,9.45276220198436e-10,-5.09420381904497e-11,-9.83153955050281e-12,-9.83153955050281e-12
8.562,9.42361952657965e-10,-5.07851700695236e-11,-9.80005852330638e-12,-9.80005852330638e-12
8.563,9.39456659170928e-10,-5.06287843836089e-11,-9.76867833824752e-12,-9.76867833824752e-12
8.564,9.36560312138312e-10,-5.04728796510723e-11,-9.73739867217851e-12,-9.73739867217851e-12
8.565,9.33672884045852e-10,-5.03174543948234e-11,-9.70621920298736e-12,-9.70621920298736e-12
8.566,9.30794347463781e-10,-5.01625071423012e-11,-9.67513960959497e-12,-9.67513960959497e-12
8.567,9.27924675046591e-10,-5.00080364254613e-11,-9.64415957195115e-12,-9.64415957195115e-12
8.568,9.25063839532743e-10,-4.98540407807602e-11,-9.61327877103208e-12,-9.61327877103208e-12
8.569,9.22211813744429e-10,-4.9700518749143e-11,-9.58249688883646e-12,-9.58249688883646e-12
8.57,9.19368570587304e-10,-4.95474688760285e-11,-9.55181360838231e-12,-9.55181360838231e-12
8.571,9.16534083050254e-10,-4.93948897112974e-11,-9.5212286137038e-12,-9.5212286137038e-12
8.572,9.13708324205106e-10,-4.92427798092763e-11,-9.4907415898483e-12,-9.4907415898483e-12
8.573,9.10891267206393e-10,-4.9091137728725e-11,-9.46035222287242e-12,-9.46035222287242e-12
8.574,9.08082885291111e-10,-4.89399620328243e-11,-9.43006019983959e-12,-9.43006019983959e-12
8.575,9.05283151778439e-10,-4.87892512891603e-11,-9.39986520881596e-12,-9.39986520881596e-12
8.576,9.02492040069504e-10,-4.86390040697117e-11,-9.36976693886785e-12,-9.36976693886785e-12
8.577,8.99709523647138e-10,-4.84892189508376e-11,-9.33976508005845e-12,-9.33976508005845e-12
8.578,8.96935576075604e-10,-4.83398945132619e-11,-9.30985932344431e-12,-9.30985932344431e-12
8.579,8.94170171000359e-10,-4.81910293420615e-11,-9.28004936107237e-12,-9.28004936107237e-12
8.58,8.91413282147818e-10,-4.80426220266528e-11,-9.25033488597712e-12,-9.25033488597712e-12
8.581,8.88664883325079e-10,-4.78946711607777e-11,-9.22071559217635e-12,-9.22071559217635e-12
8.582,8.85924948419688e-10,-4.77471753424908e-11,-9.19119117466944e-12,-9.19119117466944e-12
8.583,8.83193451399409e-10,-4.76001331741467e-11,-9.16176132943308e-12,-9.16176132943308e-12
8.584,8.80470366311948e-10,-4.74535432623857e-11,-9.13242575341879e-12,-9.13242575341879e-12
8.585,8.7775566728472e-10,-4.73074042181214e-11,-9.10318414454927e-12,-9.10318414454927e-12
8.586,8.75049328524624e-10,-4.71617146565282e-11,-9.07403620171588e-12,-9.07403620171588e-12
8.587,8.72351324317765e-10,-4.70164731970267e-11,-9.044981624775e-12,-9.044981624775e-12
8.588,8.69661629029229e-10,-4.68716784632718e-11,-9.01602011454517e-12,-9.01602011454517e-12
8.589,8.66980217102856e-10,-4.672732908314e-11,-8.9871513728042e-12,-8.9871513728042e-12
8.59,8.64307063060964e-10,-4.65834236887154e-11,-8.95837510228568e-12,-8.95837510228568e-12
8.591,8.61642141504135e-10,-4.64399609162776e-11,-8.92969100667617e-12,-8.92969100667617e-12
8.592,8.58985427110959e-10,-4.62969394062885e-11,-8.90109879061214e-12,-8.90109879061214e-12
8.593,8.5633689463782e-10,-4.61543578033801e-11,-8.87259815967678e-12,-8.87259815967678e-12
8.594,8.53696518918621e-10,-4.60122147563409e-11,-8.84418882039732e-12,-8.84418882039732e-12
8.595,8.51064274864569e-10,-4.58705089181034e-11,-8.81587048024135e-12,-8.81587048024135e-12
8.596,8.48440137463945e-10,-4.5729238945732e-11,-8.78764284761451e-12,-8.78764284761451e-12
8.597,8.45824081781845e-10,-4.55884035004098e-11,-8.75950563185705e-12,-8.75950563185705e-12
8.598,8.43216082959958e-10,-4.54480012474257e-11,-8.73145854324097e-12,-8.73145854324097e-12
8.599,8.40616116216326e-10,-4.53080308561623e-11,-8.70350129296706e-12,-8.70350129296706e-12
8.6,8.38024156845126e-10,-4.51684910000842e-11,-8.67563359316188e-12,-8.67563359316188e-12
8.601,8.35440180216411e-10,-4.50293803567234e-11,-8.64785515687473e-12,-8.64785515687473e-12
8.602,8.32864161775886e-10,-4.48906976076683e-11,-8.6201656980746e-12,-8.6201656980746e-12
8.603,8.30296077044697e-10,-4.47524414385519e-11,-8.59256493164781e-12,-8.59256493164781e-12
8.604,8.27735901619167e-10,-4.46146105390375e-11,-8.56505257339427e-12,-8.56505257339427e-12
8.605,8.25183611170579e-10,-4.44772036028074e-11,-8.537628340025e-12,-8.537628340025e-12
8.606,8.22639181444965e-10,-4.43402193275516e-11,-8.51029194915909e-12,-8.51029194915909e-12
8.607,8.20102588262842e-10,-4.42036564149536e-11,-8.48304311932094e-12,-8.48304311932094e-12
8.608,8.17573807519003e-10,-4.40675135706789e-11,-8.45588156993704e-12,-8.45588156993704e-12
8.609,8.15052815182299e-10,-4.3931789504364e-11,-8.42880702133349e-12,-8.42880702133349e-12
8.61,8.12539587295389e-10,-4.37964829296024e-11,-8.40181919473268e-12,-8.40181919473268e-12
8.611,8.10034099974523e-10,-4.36615925639333e-11,-8.37491781225079e-12,-8.37491781225079e-12
8.612,8.07536329409331e-10,-4.35271171288302e-11,-8.3481025968947e-12,-8.3481025968947e-12
8.613,8.05046251862572e-10,-4.33930553496875e-11,-8.32137327255923e-12,-8.32137327255923e-12
8.614,8.02563843669921e-10,-4.32594059558093e-11,-8.29472956402407e-12,-8.29472956402407e-12
8.615,8.00089081239764e-10,-4.31261676803977e-11,-8.26817119695162e-12,-8.26817119695162e-12
8.616,7.97621941052939e-10,-4.29933392605401e-11,-8.24169789788321e-12,-8.24169789788321e-12
8.617,7.95162399662537e-10,-4.28609194371974e-11,-8.21530939423681e-12,-8.21530939423681e-12
8.618,7.92710433693687e-10,-4.27289069551933e-11,-8.18900541430438e-12,-8.18900541430438e-12
8.619,7.90266019843312e-10,-4.25973005632007e-11,-8.16278568724859e-12,-8.16278568724859e-12
8.62,7.87829134879924e-10,-4.24660990137311e-11,-8.13664994310042e-12,-8.13664994310042e-12
8.621,7.85399755643397e-10,-4.23353010631224e-11,-8.11059791275616e-12,-8.11059791275616e-12
8.622,7.82977859044765e-10,-4.22049054715278e-11,-8.08462932797498e-12,-8.08462932797498e-12
8.623,7.8056342206598e-10,-4.20749110029031e-11,-8.05874392137542e-12,-8.05874392137542e-12
8.624,7.78156421759704e-10,-4.19453164249955e-11,-8.03294142643335e-12,-8.03294142643335e-12
8.625,7.75756835249104e-10,-4.18161205093328e-11,-8.00722157747921e-12,-8.00722157747921e-12
8.626,7.73364639727618e-10,-4.16873220312103e-11,-7.98158410969458e-12,-7.98158410969458e-12
8.627,7.70979812458741e-10,-4.15589197696803e-11,-7.95602875911021e-12,-7.95602875911021e-12
8.628,7.68602330775832e-10,-4.14309125075407e-11,-7.930555262603e-12,-7.930555262603e-12
8.629,7.6623217208187e-10,-4.13032990313228e-11,-7.90516335789304e-12,-7.90516335789304e-12
8.63,7.63869313849259e-10,-4.11760781312803e-11,-7.87985278354148e-12,-7.87985278354148e-12
8.631,7.61513733619603e-10,-4.10492486013776e-11,-7.85462327894729e-12,-7.85462327894729e-12
8.632,7.59165409003516e-10,-4.09228092392795e-11,-7.82947458434474e-12,-7.82947458434474e-12
8.633,7.56824317680382e-10,-4.07967588463383e-11,-7.80440644080102e-12,-7.80440644080102e-12
8.634,7.54490437398156e-10,-4.06710962275832e-11,-7.77941859021292e-12,-7.77941859021292e-12
8.635,7.52163745973169e-10,-4.05458201917098e-11,-7.75451077530504e-12,-7.75451077530504e-12
8.636,7.4984422128989e-10,-4.04209295510676e-11,-7.72968273962633e-12,-7.72968273962633e-12
8.637,7.4753184130073e-10,-4.02964231216491e-11,-7.70493422754772e-12,-7.70493422754772e-12
8.638,7.4522658402585e-10,-4.01722997230799e-11,-7.68026498425985e-12,-7.68026498425985e-12
8.639,7.42928427552922e-10,-4.00485581786058e-11,-7.65567475576988e-12,-7.65567475576988e-12
8.64,7.40637350036941e-10,-3.99251973150824e-11,-7.63116328889927e-12,-7.63116328889927e-12
8.641,7.38353329700024e-10,-3.9802215962965e-11,-7.60673033128082e-12,-7.60673033128082e-12
8.642,7.36076344831185e-10,-3.96796129562958e-11,-7.58237563135669e-12,-7.58237563135669e-12
8.643,7.33806373786139e-10,-3.95573871326941e-11,-7.55809893837483e-12,-7.55809893837483e-12
8.644,7.31543394987112e-10,-3.94355373333457e-11,-7.53390000238748e-12,-7.53390000238748e-12
8.645,7.29287386922609e-10,-3.93140624029904e-11,-7.50977857424757e-12,-7.50977857424757e-12
8.646,7.27038328147225e-10,-3.91929611899125e-11,-7.48573440560695e-12,-7.48573440560695e-12
8.647,7.24796197281457e-10,-3.90722325459299e-11,-7.46176724891362e-12,-7.46176724891362e-12
8.648,7.22560973011473e-10,-3.89518753263823e-11,-7.43787685740876e-12,-7.43787685740876e-12
8.649,7.20332634088923e-10,-3.8831888390121e-11,-7.41406298512461e-12,-7.41406298512461e-12
8.65,7.18111159330754e-10,-3.87122705994988e-11,-7.39032538688216e-12,-7.39032538688216e-12
8.651,7.15896527618984e-10,-3.8593020820358e-11,-7.36666381828784e-12,-7.36666381828784e-12
8.652,7.13688717900515e-10,-3.84741379220206e-11,-7.3430780357317e-12,-7.3430780357317e-12
8.653,7.11487709186931e-10,-3.8355620777277e-11,-7.31956779638442e-12,-7.31956779638442e-12
8.654,7.09293480554312e-10,-3.82374682623765e-11,-7.29613285819547e-12,-7.29613285819547e-12
8.655,7.07106011143014e-10,-3.81196792570153e-11,-7.27277297988977e-12,-7.27277297988977e-12
8.656,7.04925280157481e-10,-3.80022526443267e-11,-7.2494879209657e-12,-7.2494879209657e-12
8.657,7.02751266866067e-10,-3.7885187310871e-11,-7.22627744169276e-12,-7.22627744169276e-12
8.658,7.00583950600808e-10,-3.77684821466238e-11,-7.20314130310861e-12,-7.20314130310861e-12
8.659,6.98423310757242e-10,-3.76521360449664e-11,-7.18007926701687e-12,-7.18007926701687e-12
8.66,6.96269326794228e-10,-3.75361479026757e-11,-7.15709109598476e-12,-7.15709109598476e-12
8.661,6.94121978233725e-10,-3.74205166199125e-11,-7.13417655334075e-12,-7.13417655334075e-12
8.662,6.91981244660615e-10,-3.73052411002125e-11,-7.11133540317144e-12,-7.11133540317144e-12
8.663,6.89847105722505e-10,-3.71903202504748e-11,-7.08856741032003e-12,-7.08856741032003e-12
8.664,6.87719541129545e-10,-3.70757529809531e-11,-7.06587234038338e-12,-7.06587234038338e-12
8.665,6.85598530654215e-10,-3.69615382052436e-11,-7.04324995970949e-12,-7.04324995970949e-12
8.666,6.83484054131148e-10,-3.68476748402758e-11,-7.02070003539553e-12,-7.02070003539553e-12
8.667,6.81376091456948e-10,-3.6734161806303e-11,-6.99822233528509e-12,-6.99822233528509e-12
8.668,6.79274622589976e-10,-3.66209980268902e-11,-6.97581662796587e-12,-6.97581662796587e-12
8.669,6.77179627550176e-10,-3.65081824289054e-11,-6.95348268276738e-12,-6.95348268276738e-12
8.67,6.75091086418892e-10,-3.63957139425095e-11,-6.93122026975846e-12,-6.93122026975846e-12
8.671,6.73008979338662e-10,-3.62835915011453e-11,-6.90902915974502e-12,-6.90902915974502e-12
8.672,6.70933286513039e-10,-3.61718140415281e-11,-6.88690912426735e-12,-6.88690912426735e-12
8.673,6.68863988206416e-10,-3.60603805036359e-11,-6.86485993559844e-12,-6.86485993559844e-12
8.674,6.66801064743815e-10,-3.59492898306986e-11,-6.84288136674092e-12,-6.84288136674092e-12
8.675,6.64744496510714e-10,-3.58385409691884e-11,-6.82097319142497e-12,-6.82097319142497e-12
8.676,6.62694263952872e-10,-3.57281328688108e-11,-6.7991351841063e-12,-6.7991351841063e-12
8.677,6.60650347576124e-10,-3.56180644824929e-11,-6.7773671199633e-12,-6.7773671199633e-12
8.678,6.58612727946203e-10,-3.55083347663747e-11,-6.75566877489498e-12,-6.75566877489498e-12
8.679,6.56581385688571e-10,-3.53989426797996e-11,-6.73403992551892e-12,-6.73403992551892e-12
8.68,6.54556301488214e-10,-3.52898871853035e-11,-6.71248034916835e-12,-6.71248034916835e-12
8.681,6.52537456089467e-10,-3.51811672486053e-11,-6.6909898238904e-12,-6.6909898238904e-12
8.682,6.50524830295845e-10,-3.50727818385984e-11,-6.66956812844367e-12,-6.66956812844367e-12
8.683,6.48518404969842e-10,-3.4964729927339e-11,-6.64821504229574e-12,-6.64821504229574e-12
8.684,6.4651816103276e-10,-3.48570104900377e-11,-6.62693034562109e-12,-6.62693034562109e-12
8.685,6.44524079464523e-10,-3.47496225050495e-11,-6.60571381929886e-12,-6.60571381929886e-12
8.686,6.42536141303513e-10,-3.46425649538645e-11,-6.58456524491059e-12,-6.58456524491059e-12
8.687,6.40554327646368e-10,-3.45358368210976e-11,-6.56348440473763e-12,-6.56348440473763e-12
8.688,6.38578619647813e-10,-3.44294370944793e-11,-6.54247108175941e-12,-6.54247108175941e-12
8.689,6.36608998520495e-10,-3.43233647648465e-11,-6.52152505965093e-12,-6.52152505965093e-12
8.69,6.3464544553478e-10,-3.42176188261324e-11,-6.50064612278049e-12,-6.50064612278049e-12
8.691,6.32687942018592e-10,-3.41121982753571e-11,-6.4798340562075e-12,-6.4798340562075e-12
8.692,6.30736469357241e-10,-3.40071021126188e-11,-6.45908864568047e-12,-6.45908864568047e-12
8.693,6.2879100899323e-10,-3.39023293410836e-11,-6.43840967763449e-12,-6.43840967763449e-12
8.694,6.26851542426092e-10,-3.37978789669763e-11,-6.41779693918923e-12,-6.41779693918923e-12
8.695,6.24918051212209e-10,-3.36937499995709e-11,-6.39725021814663e-12,-6.39725021814663e-12
8.696,6.2299051696465e-10,-3.35899414511822e-11,-6.37676930298886e-12,-6.37676930298886e-12
8.697,6.21068921352976e-10,-3.34864523371551e-11,-6.35635398287596e-12,-6.35635398287596e-12
8.698,6.19153246103079e-10,-3.3383281675856e-11,-6.33600404764376e-12,-6.33600404764376e-12
8.699,6.17243472997019e-10,-3.32804284886641e-11,-6.31571928780178e-12,-6.31571928780178e-12
8.7,6.1533958387283e-10,-3.31778917999608e-11,-6.29549949453092e-12,-6.29549949453092e-12
8.701,6.13441560624359e-10,-3.30756706371217e-11,-6.27534445968136e-12,-6.27534445968136e-12
8.702,6.11549385201104e-10,-3.2973764030507e-11,-6.25525397577059e-12,-6.25525397577059e-12
8.703,6.09663039608025e-10,-3.28721710134524e-11,-6.23522783598087e-12,-6.23522783598087e-12
8.704,6.07782505905382e-10,-3.27708906222596e-11,-6.2152658341576e-12,-6.2152658341576e-12
8.705,6.05907766208577e-10,-3.26699218961881e-11,-6.19536776480676e-12,-6.19536776480676e-12
8.706,6.04038802687964e-10,-3.25692638774452e-11,-6.17553342309314e-12,-6.17553342309314e-12
8.707,6.02175597568688e-10,-3.24689156111773e-11,-6.15576260483785e-12,-6.15576260483785e-12
8.708,6.00318133130532e-10,-3.23688761454614e-11,-6.13605510651659e-12,-6.13605510651659e-12
8.709,5.98466391707725e-10,-3.22691445312954e-11,-6.11641072525737e-12,-6.11641072525737e-12
8.71,5.96620355688787e-10,-3.21697198225893e-11,-6.09682925883826e-12,-6.09682925883826e-12
8.711,5.94780007516369e-10,-3.20706010761568e-11,-6.07731050568576e-12,-6.07731050568576e-12
8.712,5.92945329687075e-10,-3.19717873517056e-11,-6.05785426487219e-12,-6.05785426487219e-12
8.713,5.91116304751295e-10,-3.18732777118291e-11,-6.03846033611401e-12,-6.03846033611401e-12
8.714,5.89292915313061e-10,-3.17750712219978e-11,-6.01912851976955e-12,-6.01912851976955e-12
8.715,5.87475144029855e-10,-3.16771669505493e-11,-5.99985861683713e-12,-5.99985861683713e-12
8.716,5.85662973612461e-10,-3.15795639686811e-11,-5.98065042895277e-12,-5.98065042895277e-12
8.717,5.83856386824793e-10,-3.14822613504402e-11,-5.96150375838823e-12,-5.96150375838823e-12
8.718,5.8205536648375e-10,-3.13852581727162e-11,-5.94241840804925e-12,-5.94241840804925e-12
8.719,5.80259895459028e-10,-3.1288553515231e-11,-5.92339418147296e-12,-5.92339418147296e-12
8.72,5.78469956672971e-10,-3.11921464605305e-11,-5.90443088282636e-12,-5.90443088282636e-12
8.721,5.76685533100416e-10,-3.10960360939769e-11,-5.88552831690424e-12,-5.88552831690424e-12
8.722,5.74906607768518e-10,-3.10002215037388e-11,-5.8666862891267e-12,-5.8666862891267e-12
8.723,5.73133163756598e-10,-3.09047017807832e-11,-5.84790460553782e-12,-5.84790460553782e-12
8.724,5.71365184195976e-10,-3.08094760188668e-11,-5.82918307280311e-12,-5.82918307280311e-12
8.725,5.69602652269828e-10,-3.07145433145282e-11,-5.81052149820787e-12,-5.81052149820787e-12
8.726,5.67845551213004e-10,-3.06199027670777e-11,-5.79191968965492e-12,-5.79191968965492e-12
8.727,5.66093864311881e-10,-3.05255534785904e-11,-5.77337745566288e-12,-5.77337745566288e-12
8.728,5.64347574904214e-10,-3.04314945538971e-11,-5.75489460536409e-12,-5.75489460536409e-12
8.729,5.62606666378959e-10,-3.03377251005758e-11,-5.73647094850264e-12,-5.73647094850264e-12
8.73,5.60871122176126e-10,-3.02442442289432e-11,-5.71810629543227e-12,-5.71810629543227e-12
8.731,5.5914092578663e-10,-3.01510510520468e-11,-5.69980045711467e-12,-5.69980045711467e-12
8.732,5.57416060752119e-10,-3.00581446856561e-11,-5.68155324511736e-12,-5.68155324511736e-12
8.733,5.55696510664824e-10,-2.9965524248254e-11,-5.66336447161184e-12,-5.66336447161184e-12
8.734,5.53982259167417e-10,-2.98731888610297e-11,-5.64523394937156e-12,-5.64523394937156e-12
8.735,5.52273289952833e-10,-2.97811376478687e-11,-5.62716149177014e-12,-5.62716149177014e-12
8.736,5.5056958676413e-10,-2.96893697353457e-11,-5.60914691277921e-12,-5.60914691277921e-12
8.737,5.4887113339434e-10,-2.95978842527164e-11,-5.59119002696666e-12,-5.59119002696666e-12
8.738,5.47177913686302e-10,-2.95066803319084e-11,-5.57329064949478e-12,-5.57329064949478e-12
8.739,5.45489911532512e-10,-2.94157571075138e-11,-5.55544859611822e-12,-5.55544859611822e-12
8.74,5.43807110874987e-10,-2.9325113716781e-11,-5.53766368318211e-12,-5.53766368318211e-12
8.741,5.42129495705086e-10,-2.92347492996061e-11,-5.51993572762019e-12,-5.51993572762019e-12
8.742,5.40457050063378e-10,-2.91446629985249e-11,-5.50226454695301e-12,-5.50226454695301e-12
8.743,5.38789758039492e-10,-2.90548539587054e-11,-5.48464995928596e-12,-5.48464995928596e-12
8.744,5.3712760377195e-10,-2.89653213279388e-11,-5.46709178330733e-12,-5.46709178330733e-12
8.745,5.35470571448033e-10,-2.88760642566324e-11,-5.44958983828647e-12,-5.44958983828647e-12
8.746,5.3381864530362e-10,-2.87870818978006e-11,-5.43214394407222e-12,-5.43214394407222e-12
8.747,5.32171809623054e-10,-2.8698373407058e-11,-5.41475392109059e-12,-5.41475392109059e-12
8.748,5.30530048738974e-10,-2.86099379426105e-11,-5.3974195903431e-12,-5.3974195903431e-12
8.749,5.28893347032176e-10,-2.85217746652477e-11,-5.38014077340507e-12,-5.38014077340507e-12
8.75,5.27261688931477e-10,-2.84338827383355e-11,-5.36291729242374e-12,-5.36291729242374e-12
8.751,5.25635058913543e-10,-2.83462613278071e-11,-5.34574897011612e-12,-5.34574897011612e-12
8.752,5.24013441502757e-10,-2.82589096021559e-11,-5.32863562976759e-12,-5.32863562976759e-12
8.753,5.22396821271081e-10,-2.81718267324279e-11,-5.3115770952299e-12,-5.3115770952299e-12
8.754,5.20785182837888e-10,-2.80850118922131e-11,-5.29457319091932e-12,-5.29457319091932e-12
8.755,5.19178510869834e-10,-2.79984642576381e-11,-5.27762374181473e-12,-5.27762374181473e-12
8.756,5.17576790080701e-10,-2.79121830073584e-11,-5.26072857345617e-12,-5.26072857345617e-12
8.757,5.15980005231269e-10,-2.78261673225506e-11,-5.24388751194262e-12,-5.24388751194262e-12
8.758,5.14388141129152e-10,-2.77404163869046e-11,-5.22710038393058e-12,-5.22710038393058e-12
8.759,5.12801182628663e-10,-2.76549293866157e-11,-5.21036701663193e-12,-5.21036701663193e-12
8.76,5.11219114630681e-10,-2.75697055103777e-11,-5.19368723781254e-12,-5.19368723781254e-12
8.761,5.09641922082487e-10,-2.74847439493742e-11,-5.17706087579007e-12,-5.17706087579007e-12
8.762,5.08069589977634e-10,-2.74000438972715e-11,-5.16048775943249e-12,-5.16048775943249e-12
8.763,5.06502103355812e-10,-2.73156045502113e-11,-5.14396771815623e-12,-5.14396771815623e-12
8.764,5.0493944730269e-10,-2.72314251068025e-11,-5.12750058192455e-12,-5.12750058192455e-12
8.765,5.03381606949783e-10,-2.71475047681137e-11,-5.11108618124552e-12,-5.11108618124552e-12
8.766,5.01828567474317e-10,-2.70638427376666e-11,-5.09472434717049e-12,-5.09472434717049e-12
8.767,5.00280314099077e-10,-2.69804382214269e-11,-5.07841491129214e-12,-5.07841491129214e-12
8.768,4.98736832092272e-10,-2.68972904277982e-11,-5.06215770574306e-12,-5.06215770574306e-12
8.769,4.97198106767406e-10,-2.68143985676138e-11,-5.04595256319382e-12,-5.04595256319382e-12
8.77,4.95664123483119e-10,-2.67317618541296e-11,-5.0297993168512e-12,-5.0297993168512e-12
8.771,4.94134867643061e-10,-2.66493795030162e-11,-5.0136978004564e-12,-5.0136978004564e-12
8.772,4.92610324695758e-10,-2.65672507323522e-11,-4.99764784828377e-12,-4.99764784828377e-12
8.773,4.91090480134461e-10,-2.64853747626161e-11,-4.9816492951387e-12,-4.9816492951387e-12
8.774,4.89575319497016e-10,-2.64037508166795e-11,-4.96570197635571e-12,-4.96570197635571e-12
8.775,4.88064828365734e-10,-2.63223781197995e-11,-4.94980572779755e-12,-4.94980572779755e-12
8.776,4.86558992367241e-10,-2.62412558996115e-11,-4.93396038585265e-12,-4.93396038585265e-12
8.777,4.85057797172348e-10,-2.61603833861216e-11,-4.9181657874339e-12,-4.9181657874339e-12
8.778,4.83561228495916e-10,-2.60797598116997e-11,-4.90242176997681e-12,-4.90242176997681e-12
8.779,4.82069272096726e-10,-2.59993844110725e-11,-4.88672817143804e-12,-4.88672817143804e-12
8.78,4.80581913777333e-10,-2.59192564213154e-11,-4.87108483029351e-12,-4.87108483029351e-12
8.781,4.79099139383934e-10,-2.58393750818458e-11,-4.85549158553661e-12,-4.85549158553661e-12
8.782,4.77620934806249e-10,-2.57597396344165e-11,-4.83994827667705e-12,-4.83994827667705e-12
8.783,4.76147285977365e-10,-2.56803493231075e-11,-4.82445474373871e-12,-4.82445474373871e-12
8.784,4.74678178873614e-10,-2.56012033943193e-11,-4.80901082725815e-12,-4.80901082725815e-12
8.785,4.73213599514449e-10,-2.55223010967663e-11,-4.79361636828313e-12,-4.79361636828313e-12
8.786,4.71753533962292e-10,-2.54436416814687e-11,-4.7782712083706e-12,-4.7782712083706e-12
8.787,4.70297968322419e-10,-2.53652244017463e-11,-4.76297518958554e-12,-4.76297518958554e-12
8.788,4.68846888742814e-10,-2.52870485132108e-11,-4.7477281544989e-12,-4.7477281544989e-12
8.789,4.67400281414059e-10,-2.52091132737598e-11,-4.73252994618628e-12,-4.73252994618628e-12
8.79,4.65958132569179e-10,-2.51314179435682e-11,-4.71738040822619e-12,-4.71738040822619e-12
8.791,4.64520428483524e-10,-2.50539617850826e-11,-4.70227938469828e-12,-4.70227938469828e-12
8.792,4.63087155474643e-10,-2.4976744063014e-11,-4.68722672018216e-12,-4.68722672018216e-12
8.793,4.61658299902146e-10,-2.48997640443304e-11,-4.67222225975536e-12,-4.67222225975536e-12
8.794,4.60233848167575e-10,-2.482302099825e-11,-4.6572658489919e-12,-4.6572658489919e-12
8.795,4.58813786714287e-10,-2.47465141962351e-11,-4.64235733396079e-12,-4.64235733396079e-12
8.796,4.57398102027309e-10,-2.46702429119841e-11,-4.62749656122433e-12,-4.62749656122433e-12
8.797,4.55986780633219e-10,-2.45942064214254e-11,-4.61268337783649e-12,-4.61268337783649e-12
8.798,4.54579809100023e-10,-2.45184040027103e-11,-4.59791763134157e-12,-4.59791763134157e-12
8.799,4.53177174037017e-10,-2.44428349362061e-11,-4.58319916977227e-12,-4.58319916977227e-12
8.8,4.51778862094665e-10,-2.43674985044894e-11,-4.56852784164839e-12,-4.56852784164839e-12
8.801,4.50384859964481e-10,-2.42923939923396e-11,-4.55390349597523e-12,-4.55390349597523e-12
8.802,4.48995154378887e-10,-2.42175206867318e-11,-4.53932598224193e-12,-4.53932598224193e-12
8.803,4.47609732111096e-10,-2.41428778768297e-11,-4.52479515042004e-12,-4.52479515042004e-12
8.804,4.46228579974992e-10,-2.40684648539801e-11,-4.5103108509619e-12,-4.5103108509619e-12
8.805,4.44851684824996e-10,-2.39942809117049e-11,-4.49587293479909e-12,-4.49587293479909e-12
8.806,4.43479033555942e-10,-2.39203253456952e-11,-4.48148125334091e-12,-4.48148125334091e-12
8.807,4.42110613102964e-10,-2.38465974538046e-11,-4.46713565847293e-12,-4.46713565847293e-12
8.808,4.40746410441356e-10,-2.37730965360421e-11,-4.4528360025554e-12,-4.4528360025554e-12
8.809,4.39386412586462e-10,-2.3699821894566e-11,-4.43858213842155e-12,-4.43858213842155e-12
8.81,4.38030606593542e-10,-2.36267728336769e-11,-4.42437391937639e-12,-4.42437391937639e-12
8.811,4.36678979557667e-10,-2.35539486598118e-11,-4.41021119919506e-12,-4.41021119919506e-12
8.812,4.35331518613573e-10,-2.34813486815367e-11,-4.39609383212123e-12,-4.39609383212123e-12
8.813,4.33988210935556e-10,-2.34089722095404e-11,-4.38202167286574e-12,-4.38202167286574e-12
8.814,4.3264904373735e-10,-2.33368185566286e-11,-4.36799457660504e-12,-4.36799457660504e-12
8.815,4.31314004271996e-10,-2.32648870377164e-11,-4.35401239897967e-12,-4.35401239897967e-12
8.816,4.29983079831726e-10,-2.31931769698224e-11,-4.34007499609279e-12,-4.34007499609279e-12
8.817,4.28656257747854e-10,-2.31216876720623e-11,-4.32618222450884e-12,-4.32618222450884e-12
8.818,4.27333525390635e-10,-2.30504184656422e-11,-4.31233394125177e-12,-4.31233394125177e-12
8.819,4.26014870169161e-10,-2.29793686738525e-11,-4.29853000380381e-12,-4.29853000380381e-12
8.82,4.24700279531234e-10,-2.29085376220609e-11,-4.28477027010382e-12,-4.28477027010382e-12
8.821,4.23389740963257e-10,-2.28379246377072e-11,-4.27105459854606e-12,-4.27105459854606e-12
8.822,4.22083241990103e-10,-2.27675290502956e-11,-4.25738284797859e-12,-4.25738284797859e-12
8.823,4.20780770175e-10,-2.26973501913891e-11,-4.24375487770169e-12,-4.24375487770169e-12
8.824,4.19482313119425e-10,-2.26273873946033e-11,-4.2301705474666e-12,-4.2301705474666e-12
8.825,4.1818785846297e-10,-2.25576399955998e-11,-4.21662971747413e-12,-4.21662971747413e-12
8.826,4.16897393883232e-10,-2.24881073320797e-11,-4.20313224837286e-12,-4.20313224837286e-12
8.827,4.15610907095703e-10,-2.24187887437782e-11,-4.18967800125827e-12,-4.18967800125827e-12
8.828,4.14328385853641e-10,-2.23496835724574e-11,-4.17626683767064e-12,-4.17626683767064e-12
8.829,4.13049817947961e-10,-2.22807911619005e-11,-4.16289861959418e-12,-4.16289861959418e-12
8.83,4.11775191207125e-10,-2.22121108579061e-11,-4.14957320945543e-12,-4.14957320945543e-12
8.831,4.10504493497012e-10,-2.2143642008281e-11,-4.1362904701216e-12,-4.1362904701216e-12
8.832,4.09237712720814e-10,-2.20753839628347e-11,-4.12305026489957e-12,-4.12305026489957e-12
8.833,4.07974836818925e-10,-2.20073360733734e-11,-4.10985245753416e-12,-4.10985245753416e-12
8.834,4.06715853768813e-10,-2.19394976936932e-11,-4.09669691220694e-12,-4.09669691220694e-12
8.835,4.05460751584914e-10,-2.18718681795746e-11,-4.08358349353461e-12,-4.08358349353461e-12
8.836,4.04209518318527e-10,-2.18044468887766e-11,-4.0705120665678e-12,-4.0705120665678e-12
8.837,4.02962142057683e-10,-2.17372331810296e-11,-4.05748249678957e-12,-4.05748249678957e-12
8.838,4.01718610927043e-10,-2.16702264180303e-11,-4.04449465011411e-12,-4.04449465011411e-12
8.839,4.0047891308779e-10,-2.16034259634358e-11,-4.03154839288525e-12,-4.03154839288525e-12
8.84,3.99243036737503e-10,-2.15368311828565e-11,-4.01864359187518e-12,-4.01864359187518e-12
8.841,3.98010970110059e-10,-2.14704414438512e-11,-4.00578011428303e-12,-4.00578011428303e-12
8.842,3.96782701475508e-10,-2.14042561159205e-11,-3.99295782773343e-12,-3.99295782773343e-12
8.843,3.9555821913998e-10,-2.13382745705015e-11,-3.98017660027537e-12,-3.98017660027537e-12
8.844,3.94337511445555e-10,-2.12724961809608e-11,-3.96743630038062e-12,-3.96743630038062e-12
8.845,3.93120566770164e-10,-2.12069203225896e-11,-3.95473679694229e-12,-3.95473679694229e-12
8.846,3.91907373527479e-10,-2.11415463725974e-11,-3.94207795927398e-12,-3.94207795927398e-12
8.847,3.90697920166797e-10,-2.10763737101062e-11,-3.92945965710774e-12,-3.92945965710774e-12
8.848,3.89492195172935e-10,-2.10114017161442e-11,-3.9168817605933e-12,-3.9168817605933e-12
8.849,3.88290187066117e-10,-2.09466297736405e-11,-3.90434414029646e-12,-3.90434414029646e-12
8.85,3.87091884401876e-10,-2.08820572674194e-11,-3.89184666719775e-12,-3.89184666719775e-12
8.851,3.85897275770931e-10,-2.08176835841939e-11,-3.87938921269121e-12,-3.87938921269121e-12
8.852,3.84706349799086e-10,-2.07535081125603e-11,-3.86697164858288e-12,-3.86697164858288e-12
8.853,3.83519095147128e-10,-2.06895302429927e-11,-3.85459384708984e-12,-3.85459384708984e-12
8.854,3.82335500510708e-10,-2.06257493678368e-11,-3.84225568083853e-12,-3.84225568083853e-12
8.855,3.81155554620238e-10,-2.05621648813041e-11,-3.8299570228635e-12,-3.8299570228635e-12
8.856,3.79979246240793e-10,-2.04987761794669e-11,-3.81769774660627e-12,-3.81769774660627e-12
8.857,3.78806564171992e-10,-2.04355826602516e-11,-3.80547772591391e-12,-3.80547772591391e-12
8.858,3.77637497247896e-10,-2.03725837234337e-11,-3.7932968350377e-12,-3.7932968350377e-12
8.859,3.7647203433691e-10,-2.0309778770632e-11,-3.78115494863202e-12,-3.78115494863202e-12
8.86,3.75310164341665e-10,-2.02471672053029e-11,-3.76905194175276e-12,-3.76905194175276e-12
8.861,3.74151876198919e-10,-2.01847484327345e-11,-3.75698768985627e-12,-3.75698768985627e-12
8.862,3.72997158879459e-10,-2.01225218600417e-11,-3.74496206879807e-12,-3.74496206879807e-12
8.863,3.71846001387982e-10,-2.00604868961596e-11,-3.7329749548314e-12,-3.7329749548314e-12
8.864,3.70698392762998e-10,-1.99986429518387e-11,-3.72102622460613e-12,-3.72102622460613e-12
8.865,3.69554322076736e-10,-1.99369894396393e-11,-3.7091157551674e-12,-3.7091157551674e-12
8.866,3.68413778435022e-10,-1.98755257739253e-11,-3.69724342395433e-12,-3.69724342395433e-12
8.867,3.67276750977186e-10,-1.98142513708594e-11,-3.6854091087987e-12,-3.6854091087987e-12
8.868,3.66143228875964e-10,-1.97531656483974e-11,-3.67361268792402e-12,-3.67361268792402e-12
8.869,3.65013201337383e-10,-1.96922680262822e-11,-3.66185403994387e-12,-3.66185403994387e-12
8.87,3.63886657600669e-10,-1.9631557926039e-11,-3.65013304386081e-12,-3.65013304386081e-12
8.871,3.62763586938135e-10,-1.95710347709693e-11,-3.63844957906515e-12,-3.63844957906515e-12
8.872,3.61643978655098e-10,-1.95106979861461e-11,-3.62680352533381e-12,-3.62680352533381e-12
8.873,3.60527822089752e-10,-1.94505469984078e-11,-3.61519476282882e-12,-3.61519476282882e-12
8.874,3.59415106613087e-10,-1.93905812363529e-11,-3.60362317209624e-12,-3.60362317209624e-12
8.875,3.58305821628784e-10,-1.93308001303352e-11,-3.59208863406496e-12,-3.59208863406496e-12
8.876,3.57199956573106e-10,-1.92712031124576e-11,-3.58059103004551e-12,-3.58059103004551e-12
8.877,3.56097500914805e-10,-1.9211789616567e-11,-3.56913024172869e-12,-3.56913024172869e-12
8.878,3.54998444155028e-10,-1.91525590782497e-11,-3.55770615118428e-12,-3.55770615118428e-12
8.879,3.53902775827203e-10,-1.90935109348248e-11,-3.54631864086021e-12,-3.54631864086021e-12
8.88,3.52810485496952e-10,-1.90346446253398e-11,-3.534967593581e-12,-3.534967593581e-12
8.881,3.51721562761983e-10,-1.89759595905647e-11,-3.52365289254654e-12,-3.52365289254654e-12
8.882,3.50635997252006e-10,-1.89174552729876e-11,-3.51237442133123e-12,-3.51237442133123e-12
8.883,3.49553778628616e-10,-1.88591311168084e-11,-3.50113206388238e-12,-3.50113206388238e-12
8.884,3.48474896585205e-10,-1.88009865679341e-11,-3.4899257045192e-12,-3.4899257045192e-12
8.885,3.47399340846868e-10,-1.87430210739736e-11,-3.47875522793164e-12,-3.47875522793164e-12
8.886,3.46327101170299e-10,-1.86852340842323e-11,-3.4676205191792e-12,-3.4676205191792e-12
8.887,3.45258167343692e-10,-1.86276250497067e-11,-3.45652146368962e-12,-3.45652146368962e-12
8.888,3.44192529186656e-10,-1.85701934230801e-11,-3.4454579472578e-12,-3.4454579472578e-12
8.889,3.43130176550105e-10,-1.85129386587162e-11,-3.43442985604459e-12,-3.43442985604459e-12
8.89,3.42071099316166e-10,-1.84558602126547e-11,-3.42343707657569e-12,-3.42343707657569e-12
8.891,3.41015287398092e-10,-1.83989575426063e-11,-3.41247949574032e-12,-3.41247949574032e-12
8.892,3.39962730740154e-10,-1.83422301079468e-11,-3.40155700079029e-12,-3.40155700079029e-12
8.893,3.38913419317549e-10,-1.82856773697126e-11,-3.39066947933857e-12,-3.39066947933857e-12
8.894,3.37867343136314e-10,-1.8229298790596e-11,-3.37981681935838e-12,-3.37981681935838e-12
8.895,3.36824492233218e-10,-1.81730938349389e-11,-3.36899890918184e-12,-3.36899890918184e-12
8.896,3.35784856675674e-10,-1.81170619687287e-11,-3.35821563749886e-12,-3.35821563749886e-12
8.897,3.3474842656165e-10,-1.80612026595933e-11,-3.3474668933562e-12,-3.3474668933562e-12
8.898,3.33715192019564e-10,-1.80055153767953e-11,-3.33675256615604e-12,-3.33675256615604e-12
8.899,3.32685143208197e-10,-1.79499995912276e-11,-3.3260725456549e-12,-3.3260725456549e-12
8.9,3.31658270316604e-10,-1.78946547754084e-11,-3.31542672196271e-12,-3.31542672196271e-12
8.901,3.3063456356401e-10,-1.78394804034761e-11,-3.30481498554149e-12,-3.30481498554149e-12
8.902,3.29614013199728e-10,-1.77844759511839e-11,-3.29423722720417e-12,-3.29423722720417e-12
8.903,3.28596609503056e-10,-1.77296408958956e-11,-3.28369333811364e-12,-3.28369333811364e-12
8.904,3.27582342783199e-10,-1.76749747165803e-11,-3.27318320978155e-12,-3.27318320978155e-12
8.905,3.26571203379163e-10,-1.76204768938074e-11,-3.26270673406711e-12,-3.26270673406711e-12
8.906,3.25563181659669e-10,-1.75661469097416e-11,-3.25226380317615e-12,-3.25226380317615e-12
8.907,3.24558268023068e-10,-1.75119842481386e-11,-3.24185430965989e-12,-3.24185430965989e-12
8.908,3.2355645289724e-10,-1.74579883943395e-11,-3.23147814641382e-12,-3.23147814641382e-12
8.909,3.22557726739504e-10,-1.74041588352661e-11,-3.22113520667663e-12,-3.22113520667663e-12
8.91,3.2156208003654e-10,-1.73504950594167e-11,-3.21082538402912e-12,-3.21082538402912e-12
8.911,3.20569503304283e-10,-1.72969965568603e-11,-3.20054857239313e-12,-3.20054857239313e-12
8.912,3.19579987087842e-10,-1.72436628192324e-11,-3.1903046660304e-12,-3.1903046660304e-12
8.913,3.18593521961406e-10,-1.71904933397299e-11,-3.18009355954142e-12,-3.18009355954142e-12
8.914,3.17610098528163e-10,-1.71374876131068e-11,-3.1699151478645e-12,-3.1699151478645e-12
8.915,3.166297074202e-10,-1.70846451356687e-11,-3.1597693262746e-12,-3.1597693262746e-12
8.916,3.15652339298418e-10,-1.70319654052685e-11,-3.1496559903822e-12,-3.1496559903822e-12
8.917,3.14677984852451e-10,-1.69794479213019e-11,-3.13957503613234e-12,-3.13957503613234e-12
8.918,3.13706634800566e-10,-1.69270921847017e-11,-3.12952635980342e-12,-3.12952635980342e-12
8.919,3.12738279889581e-10,-1.68748976979342e-11,-3.11950985800627e-12,-3.11950985800627e-12
8.92,3.1177291089478e-10,-1.6822863964994e-11,-3.10952542768292e-12,-3.10952542768292e-12
8.921,3.1081051861982e-10,-1.67709904913991e-11,-3.09957296610574e-12,-3.09957296610574e-12
8.922,3.09851093896644e-10,-1.67192767841865e-11,-3.08965237087619e-12,-3.08965237087619e-12
8.923,3.08894627585402e-10,-1.66677223519078e-11,-3.07976353992386e-12,-3.07976353992386e-12
8.924,3.07941110574354e-10,-1.66163267046238e-11,-3.06990637150547e-12,-3.06990637150547e-12
8.925,3.06990533779789e-10,-1.65650893539005e-11,-3.06008076420362e-12,-3.06008076420362e-12
8.926,3.06042888145941e-10,-1.65140098128045e-11,-3.05028661692602e-12,-3.05028661692602e-12
8.927,3.05098164644896e-10,-1.6463087595898e-11,-3.04052382890425e-12,-3.04052382890425e-12
8.928,3.04156354276514e-10,-1.64123222192344e-11,-3.03079229969274e-12,-3.03079229969274e-12
8.929,3.0321744806834e-10,-1.63617132003538e-11,-3.02109192916787e-12,-3.02109192916787e-12
8.93,3.02281437075519e-10,-1.63112600582784e-11,-3.01142261752678e-12,-3.01142261752678e-12
8.931,3.0134831238071e-10,-1.62609623135079e-11,-3.00178426528639e-12,-3.00178426528639e-12
8.932,3.00418065094008e-10,-1.6210819488015e-11,-2.99217677328245e-12,-2.99217677328245e-12
8.933,2.99490686352849e-10,-1.6160831105241e-11,-2.98260004266842e-12,-2.98260004266842e-12
8.934,2.98566167321936e-10,-1.61109966900909e-11,-2.97305397491449e-12,-2.97305397491449e-12
8.935,2.97644499193146e-10,-1.60613157689293e-11,-2.96353847180659e-12,-2.96353847180659e-12
8.936,2.96725673185461e-10,-1.60117878695761e-11,-2.95405343544533e-12,-2.95405343544533e-12
8.937,2.95809680544865e-10,-1.59624125213015e-11,-2.94459876824501e-12,-2.94459876824501e-12
8.938,2.94896512544277e-10,-1.59131892548216e-11,-2.93517437293262e-12,-2.93517437293262e-12
8.939,2.93986160483463e-10,-1.58641176022946e-11,-2.92578015254691e-12,-2.92578015254691e-12
8.94,2.93078615688951e-10,-1.58151970973156e-11,-2.91641601043717e-12,-2.91641601043717e-12
8.941,2.9217386951395e-10,-1.57664272749126e-11,-2.90708185026249e-12,-2.90708185026249e-12
8.942,2.91271913338273e-10,-1.57178076715422e-11,-2.89777757599066e-12,-2.89777757599066e-12
8.943,2.90372738568249e-10,-1.5669337825085e-11,-2.88850309189714e-12,-2.88850309189714e-12
8.944,2.89476336636642e-10,-1.56210172748411e-11,-2.87925830256411e-12,-2.87925830256411e-12
8.945,2.88582699002573e-10,-1.55728455615261e-11,-2.87004311287953e-12,-2.87004311287953e-12
8.946,2.87691817151441e-10,-1.55248222272665e-11,-2.86085742803609e-12,-2.86085742803609e-12
8.947,2.86803682594834e-10,-1.54769468155957e-11,-2.85170115353023e-12,-2.85170115353023e-12
8.948,2.85918286870454e-10,-1.54292188714489e-11,-2.84257419516125e-12,-2.84257419516125e-12
8.949,2.85035621542041e-10,-1.53816379411601e-11,-2.83347645903032e-12,-2.83347645903032e-12
8.95,2.84155678199281e-10,-1.53342035724564e-11,-2.82440785153938e-12,-2.82440785153938e-12
8.951,2.83278448457739e-10,-1.52869153144547e-11,-2.81536827939037e-12,-2.81536827939037e-12
8.952,2.82403923958772e-10,-1.52397727176572e-11,-2.80635764958412e-12,-2.80635764958412e-12
8.953,2.81532096369453e-10,-1.51927753339467e-11,-2.79737586941945e-12,-2.79737586941945e-12
8.954,2.80662957382487e-10,-1.5145922716583e-11,-2.78842284649222e-12,-2.78842284649222e-12
8.955,2.79796498716142e-10,-1.50992144201985e-11,-2.7794984886944e-12,-2.7794984886944e-12
8.956,2.78932712114159e-10,-1.50526500007937e-11,-2.7706027042131e-12,-2.7706027042131e-12
8.957,2.78071589345681e-10,-1.50062290157332e-11,-2.76173540152949e-12,-2.76173540152949e-12
8.958,2.77213122205175e-10,-1.49599510237416e-11,-2.75289648941815e-12,-2.75289648941815e-12
8.959,2.76357302512351e-10,-1.49138155848993e-11,-2.74408587694585e-12,-2.74408587694585e-12
8.96,2.75504122112084e-10,-1.4867822260638e-11,-2.7353034734707e-12,-2.7353034734707e-12
8.961,2.74653572874342e-10,-1.48219706137373e-11,-2.7265491886414e-12,-2.7265491886414e-12
8.962,2.73805646694103e-10,-1.47762602083197e-11,-2.71782293239601e-12,-2.71782293239601e-12
8.963,2.72960335491279e-10,-1.4730690609847e-11,-2.70912461496113e-12,-2.70912461496113e-12
8.964,2.72117631210647e-10,-1.46852613851163e-11,-2.7004541468512e-12,-2.7004541468512e-12
8.965,2.7127752582176e-10,-1.46399721022553e-11,-2.69181143886716e-12,-2.69181143886716e-12
8.966,2.70440011318881e-10,-1.45948223307188e-11,-2.6831964020959e-12,-2.6831964020959e-12
8.967,2.696050797209e-10,-1.45498116412844e-11,-2.67460894790912e-12,-2.67460894790912e-12
8.968,2.68772723071268e-10,-1.45049396060486e-11,-2.66604898796259e-12,-2.66604898796259e-12
8.969,2.6794293343791e-10,-1.44602057984223e-11,-2.65751643419503e-12,-2.65751643419503e-12
8.97,2.67115702913156e-10,-1.44156097931274e-11,-2.6490111988274e-12,-2.6490111988274e-12
8.971,2.66291023613669e-10,-1.43711511661924e-11,-2.64053319436189e-12,-2.64053319436189e-12
8.972,2.65468887680362e-10,-1.43268294949483e-11,-2.63208233358106e-12,-2.63208233358106e-12
8.973,2.64649287278327e-10,-1.42826443580248e-11,-2.62365852954687e-12,-2.62365852954687e-12
8.974,2.63832214596768e-10,-1.42385953353465e-11,-2.61526169559992e-12,-2.61526169559992e-12
8.975,2.63017661848915e-10,-1.41946820081285e-11,-2.60689174535844e-12,-2.60689174535844e-12
8.976,2.62205621271958e-10,-1.41509039588727e-11,-2.59854859271735e-12,-2.59854859271735e-12
8.977,2.61396085126968e-10,-1.41072607713636e-11,-2.59023215184762e-12,-2.59023215184762e-12
8.978,2.60589045698833e-10,-1.4063752030665e-11,-2.58194233719511e-12,-2.58194233719511e-12
8.979,2.59784495296173e-10,-1.40203773231153e-11,-2.57367906347983e-12,-2.57367906347983e-12
8.98,2.58982426251273e-10,-1.39771362363239e-11,-2.565442245695e-12,-2.565442245695e-12
8.981,2.58182830920014e-10,-1.39340283591676e-11,-2.55723179910633e-12,-2.55723179910633e-12
8.982,2.57385701681793e-10,-1.38910532817861e-11,-2.54904763925091e-12,-2.54904763925091e-12
8.983,2.56591030939453e-10,-1.38482105955788e-11,-2.54088968193644e-12,-2.54088968193644e-12
8.984,2.55798811119217e-10,-1.38054998932003e-11,-2.53275784324045e-12,-2.53275784324045e-12
8.985,2.55009034670607e-10,-1.37629207685571e-11,-2.52465203950938e-12,-2.52465203950938e-12
8.986,2.54221694066376e-10,-1.37204728168032e-11,-2.51657218735759e-12,-2.51657218735759e-12
8.987,2.53436781802443e-10,-1.3678155634337e-11,-2.50851820366673e-12,-2.50851820366673e-12
8.988,2.52654290397811e-10,-1.36359688187967e-11,-2.50049000558469e-12,-2.50049000558469e-12
8.989,2.51874212394501e-10,-1.35939119690569e-11,-2.49248751052483e-12,-2.49248751052483e-12
8.99,2.51096540357485e-10,-1.3551984685225e-11,-2.48451063616519e-12,-2.48451063616519e-12
8.991,2.5032126687461e-10,-1.3510186568637e-11,-2.47655930044748e-12,-2.47655930044748e-12
8.992,2.49548384556528e-10,-1.34685172218537e-11,-2.46863342157638e-12,-2.46863342157638e-12
8.993,2.48777886036632e-10,-1.34269762486577e-11,-2.46073291801862e-12,-2.46073291801862e-12
8.994,2.48009763970977e-10,-1.33855632540487e-11,-2.45285770850221e-12,-2.45285770850221e-12
8.995,2.47244011038217e-10,-1.33442778442401e-11,-2.44500771201548e-12,-2.44500771201548e-12
8.996,2.46480619939534e-10,-1.33031196266556e-11,-2.43718284780638e-12,-2.43718284780638e-12
8.997,2.45719583398569e-10,-1.32620882099252e-11,-2.42938303538163e-12,-2.42938303538163e-12
8.998,2.44960894161351e-10,-1.32211832038814e-11,-2.42160819450576e-12,-2.42160819450576e-12
8.999,2.44204544996228e-10,-1.31804042195556e-11,-2.41385824520039e-12,-2.41385824520039e-12
9,2.43450528693804e-10,-1.31397508691748e-11,-2.40613310774343e-12,-2.40613310774343e-12
9.001,2.42698838066866e-10,-1.30992227661571e-11,-2.39843270266827e-12,-2.39843270266827e-12
9.002,2.41949465950311e-10,-1.3058819525109e-11,-2.39075695076274e-12,-2.39075695076274e-12
9.003,2.41202405201092e-10,-1.30185407618209e-11,-2.38310577306865e-12,-2.38310577306865e-12
9.004,2.40457648698134e-10,-1.29783860932642e-11,-2.37547909088068e-12,-2.37547909088068e-12
9.005,2.39715189342278e-10,-1.29383551375871e-11,-2.36787682574572e-12,-2.36787682574572e-12
9.006,2.38975020056212e-10,-1.28984475141113e-11,-2.36029889946202e-12,-2.36029889946202e-12
9.007,2.38237133784396e-10,-1.28586628433283e-11,-2.35274523407836e-12,-2.35274523407836e-12
9.008,2.37501523493006e-10,-1.2819000746896e-11,-2.34521575189333e-12,-2.34521575189333e-12
9.009,2.36768182169858e-10,-1.27794608476346e-11,-2.3377103754544e-12,-2.3377103754544e-12
9.01,2.36037102824349e-10,-1.27400427695237e-11,-2.33022902755724e-12,-2.33022902755724e-12
9.011,2.35308278487385e-10,-1.27007461376984e-11,-2.32277163124489e-12,-2.32277163124489e-12
9.012,2.34581702211318e-10,-1.26615705784455e-11,-2.31533810980694e-12,-2.31533810980694e-12
9.013,2.3385736706988e-10,-1.26225157192008e-11,-2.30792838677875e-12,-2.30792838677875e-12
9.014,2.33135266158116e-10,-1.25835811885444e-11,-2.30054238594068e-12,-2.30054238594068e-12
9.015,2.32415392592317e-10,-1.25447666161981e-11,-2.29318003131725e-12,-2.29318003131725e-12
9.016,2.31697739509961e-10,-1.25060716330218e-11,-2.28584124717648e-12,-2.28584124717648e-12
9.017,2.30982300069641e-10,-1.24674958710095e-11,-2.27852595802898e-12,-2.27852595802898e-12
9.018,2.30269067451e-10,-1.24290389632862e-11,-2.27123408862722e-12,-2.27123408862722e-12
9.019,2.29558034854676e-10,-1.23907005441045e-11,-2.2639655639648e-12,-2.2639655639648e-12
9.02,2.28849195502225e-10,-1.23524802488411e-11,-2.25672030927555e-12,-2.25672030927555e-12
9.021,2.28142542636062e-10,-1.23143777139927e-11,-2.24949825003294e-12,-2.24949825003294e-12
9.022,2.27438069519403e-10,-1.22763925771739e-11,-2.24229931194917e-12,-2.24229931194917e-12
9.023,2.2673576943619e-10,-1.22385244771124e-11,-2.23512342097445e-12,-2.23512342097445e-12
9.024,2.26035635691032e-10,-1.22007730536464e-11,-2.22797050329625e-12,-2.22797050329625e-12
9.025,2.25337661609146e-10,-1.21631379477209e-11,-2.22084048533854e-12,-2.22084048533854e-12
9.026,2.24641840536288e-10,-1.21256188013845e-11,-2.21373329376097e-12,-2.21373329376097e-12
9.027,2.2394816583869e-10,-1.20882152577856e-11,-2.20664885545824e-12,-2.20664885545824e-12
9.028,2.23256630902999e-10,-1.20509269611697e-11,-2.19958709755918e-12,-2.19958709755918e-12
9.029,2.22567229136217e-10,-1.20137535568753e-11,-2.19254794742621e-12,-2.19254794742621e-12
9.03,2.21879953965632e-10,-1.19766946913311e-11,-2.18553133265435e-12,-2.18553133265435e-12
9.031,2.21194798838759e-10,-1.19397500120522e-11,-2.17853718107066e-12,-2.17853718107066e-12
9.032,2.20511757223282e-10,-1.19029191676373e-11,-2.17156542073346e-12,-2.17156542073346e-12
9.033,2.19830822606983e-10,-1.1866201807765e-11,-2.16461597993151e-12,-2.16461597993151e-12
9.034,2.19151988497685e-10,-1.18295975831903e-11,-2.15768878718328e-12,-2.15768878718328e-12
9.035,2.18475248423197e-10,-1.17931061457419e-11,-2.15078377123646e-12,-2.15078377123646e-12
9.036,2.17800595931238e-10,-1.17567271483185e-11,-2.14390086106672e-12,-2.14390086106672e-12
9.037,2.17128024589388e-10,-1.17204602448853e-11,-2.13703998587752e-12,-2.13703998587752e-12
9.038,2.16457527985023e-10,-1.16843050904715e-11,-2.13020107509907e-12,-2.13020107509907e-12
9.039,2.15789099725253e-10,-1.16482613411661e-11,-2.12338405838766e-12,-2.12338405838766e-12
9.04,2.15122733436862e-10,-1.16123286541153e-11,-2.11658886562495e-12,-2.11658886562495e-12
9.041,2.14458422766248e-10,-1.1576506687519e-11,-2.10981542691725e-12,-2.10981542691725e-12
9.042,2.13796161379365e-10,-1.15407951006277e-11,-2.10306367259484e-12,-2.10306367259484e-12
9.043,2.13135942961657e-10,-1.1505193553739e-11,-2.09633353321114e-12,-2.09633353321114e-12
9.044,2.12477761218003e-10,-1.14697017081948e-11,-2.08962493954211e-12,-2.08962493954211e-12
9.045,2.11821609872657e-10,-1.14343192263779e-11,-2.0829378225855e-12,-2.0829378225855e-12
9.046,2.11167482669185e-10,-1.13990457717084e-11,-2.07627211356009e-12,-2.07627211356009e-12
9.047,2.10515373370409e-10,-1.13638810086412e-11,-2.069627743905e-12,-2.069627743905e-12
9.048,2.09865275758348e-10,-1.13288246026625e-11,-2.06300464527916e-12,-2.06300464527916e-12
9.049,2.09217183634157e-10,-1.12938762202866e-11,-2.05640274956028e-12,-2.05640274956028e-12
9.05,2.08571090818067e-10,-1.12590355290528e-11,-2.04982198884438e-12,-2.04982198884438e-12
9.051,2.07926991149332e-10,-1.12243021975223e-11,-2.04326229544504e-12,-2.04326229544504e-12
9.052,2.07284878486164e-10,-1.1189675895275e-11,-2.03672360189271e-12,-2.03672360189271e-12
9.053,2.06644746705677e-10,-1.11551562929061e-11,-2.03020584093396e-12,-2.03020584093396e-12
9.054,2.06006589703834e-10,-1.11207430620239e-11,-2.02370894553084e-12,-2.02370894553084e-12
9.055,2.05370401395378e-10,-1.10864358752454e-11,-2.01723284886019e-12,-2.01723284886019e-12
9.056,2.04736175713786e-10,-1.10522344061943e-11,-2.01077748431292e-12,-2.01077748431292e-12
9.057,2.04103906611203e-10,-1.10181383294973e-11,-2.00434278549335e-12,-2.00434278549335e-12
9.058,2.03473588058392e-10,-1.09841473207813e-11,-1.9979286862185e-12,-1.9979286862185e-12
9.059,2.02845214044668e-10,-1.095026105667e-11,-1.99153512051747e-12,-1.99153512051747e-12
9.06,2.02218778577847e-10,-1.09164792147814e-11,-1.98516202263064e-12,-1.98516202263064e-12
9.061,2.0159427568419e-10,-1.08828014737241e-11,-1.97880932700914e-12,-1.97880932700914e-12
9.062,2.00971699408341e-10,-1.08492275130949e-11,-1.97247696831408e-12,-1.97247696831408e-12
9.063,2.00351043813274e-10,-1.0815757013475e-11,-1.96616488141586e-12,-1.96616488141586e-12
9.064,1.9973230298024e-10,-1.0782389656428e-11,-1.9598730013936e-12,-1.9598730013936e-12
9.065,1.99115471008702e-10,-1.07491251244958e-11,-1.95360126353439e-12,-1.95360126353439e-12
9.066,1.98500542016286e-10,-1.07159631011963e-11,-1.94734960333261e-12,-1.94734960333261e-12
9.067,1.97887510138724e-10,-1.06829032710202e-11,-1.94111795648935e-12,-1.94111795648935e-12
9.068,1.97276369529797e-10,-1.06499453194282e-11,-1.93490625891164e-12,-1.93490625891164e-12
9.069,1.96667114361279e-10,-1.06170889328475e-11,-1.92871444671196e-12,-1.92871444671196e-12
9.07,1.96059738822883e-10,-1.05843337986693e-11,-1.92254245620727e-12,-1.92254245620727e-12
9.071,1.95454237122209e-10,-1.05516796052459e-11,-1.91639022391876e-12,-1.91639022391876e-12
9.072,1.94850603484682e-10,-1.05191260418874e-11,-1.91025768657086e-12,-1.91025768657086e-12
9.073,1.94248832153499e-10,-1.0486672798859e-11,-1.90414478109078e-12,-1.90414478109078e-12
9.074,1.93648917389583e-10,-1.04543195673779e-11,-1.89805144460775e-12,-1.89805144460775e-12
9.075,1.93050853471515e-10,-1.04220660396105e-11,-1.89197761445245e-12,-1.89197761445245e-12
9.076,1.9245463469549e-10,-1.03899119086696e-11,-1.88592322815632e-12,-1.88592322815632e-12
9.077,1.9186025537526e-10,-1.03578568686112e-11,-1.87988822345095e-12,-1.87988822345095e-12
9.078,1.91267709842075e-10,-1.03259006144319e-11,-1.8738725382674e-12,-1.8738725382674e-12
9.079,1.90676992444638e-10,-1.02940428420656e-11,-1.86787611073558e-12,-1.86787611073558e-12
9.08,1.90088097549046e-10,-1.02622832483813e-11,-1.86189887918361e-12,-1.86189887918361e-12
9.081,1.89501019538735e-10,-1.02306215311796e-11,-1.85594078213722e-12,-1.85594078213722e-12
9.082,1.88915752814432e-10,-1.01990573891898e-11,-1.85000175831903e-12,-1.85000175831903e-12
9.083,1.88332291794097e-10,-1.0167590522068e-11,-1.84408174664805e-12,-1.84408174664805e-12
9.084,1.87750630912874e-10,-1.01362206303929e-11,-1.83818068623888e-12,-1.83818068623888e-12
9.085,1.87170764623033e-10,-1.01049474156639e-11,-1.83229851640122e-12,-1.83229851640122e-12
9.086,1.86592687393925e-10,-1.00737705802982e-11,-1.82643517663921e-12,-1.82643517663921e-12
9.087,1.86016393711921e-10,-1.00426898276275e-11,-1.82059060665083e-12,-1.82059060665083e-12
9.088,1.85441878080366e-10,-1.00117048618957e-11,-1.81476474632716e-12,-1.81476474632716e-12
9.089,1.84869135019522e-10,-9.98081538825554e-12,-1.80895753575192e-12,-1.80895753575192e-12
9.09,1.84298159066522e-10,-9.95002111276668e-12,-1.80316891520075e-12,-1.80316891520075e-12
9.091,1.83728944775313e-10,-9.91932174239202e-12,-1.79739882514065e-12,-1.79739882514065e-12
9.092,1.83161486716604e-10,-9.88871698499536e-12,-1.79164720622927e-12,-1.79164720622927e-12
9.093,1.82595779477821e-10,-9.85820654933872e-12,-1.78591399931449e-12,-1.78591399931449e-12
9.094,1.82031817663047e-10,-9.82779014507929e-12,-1.78019914543363e-12,-1.78019914543363e-12
9.095,1.81469595892975e-10,-9.79746748276682e-12,-1.77450258581285e-12,-1.77450258581285e-12
9.096,1.8090910880486e-10,-9.76723827384106e-12,-1.76882426186668e-12,-1.76882426186668e-12
9.097,1.80350351052462e-10,-9.73710223062869e-12,-1.76316411519733e-12,-1.76316411519733e-12
9.098,1.79793317305998e-10,-9.70705906634078e-12,-1.75752208759403e-12,-1.75752208759403e-12
9.099,1.79238002252094e-10,-9.6771084950702e-12,-1.75189812103255e-12,-1.75189812103255e-12
9.1,1.7868440059373e-10,-9.64725023178862e-12,-1.74629215767457e-12,-1.74629215767457e-12
9.101,1.78132507050192e-10,-9.61748399234404e-12,-1.74070413986698e-12,-1.74070413986698e-12
9.102,1.77582316357022e-10,-9.58780949345794e-12,-1.73513401014142e-12,-1.73513401014142e-12
9.103,1.77033823265969e-10,-9.55822645272286e-12,-1.72958171121364e-12,-1.72958171121364e-12
9.104,1.76487022544935e-10,-9.52873458859939e-12,-1.72404718598289e-12,-1.72404718598289e-12
9.105,1.7594190897793e-10,-9.49933362041367e-12,-1.71853037753134e-12,-1.71853037753134e-12
9.106,1.75398477365021e-10,-9.47002326835486e-12,-1.71303122912352e-12,-1.71303122912352e-12
9.107,1.74856722522282e-10,-9.44080325347224e-12,-1.70754968420574e-12,-1.70754968420574e-12
9.108,1.74316639281744e-10,-9.41167329767266e-12,-1.70208568640538e-12,-1.70208568640538e-12
9.109,1.7377822249135e-10,-9.3826331237181e-12,-1.69663917953057e-12,-1.69663917953057e-12
9.11,1.73241467014899e-10,-9.35368245522271e-12,-1.69121010756929e-12,-1.69121010756929e-12
9.111,1.72706367732004e-10,-9.32482101665039e-12,-1.68579841468909e-12,-1.68579841468909e-12
9.112,1.72172919538041e-10,-9.29604853331229e-12,-1.68040404523634e-12,-1.68040404523634e-12
9.113,1.71641117344099e-10,-9.26736473136393e-12,-1.67502694373566e-12,-1.67502694373566e-12
9.114,1.71110956076934e-10,-9.23876933780273e-12,-1.66966705488943e-12,-1.66966705488943e-12
9.115,1.70582430678919e-10,-9.21026208046562e-12,-1.66432432357718e-12,-1.66432432357718e-12
9.116,1.70055536107998e-10,-9.18184268802615e-12,-1.65899869485502e-12,-1.65899869485502e-12
9.117,1.69530267337635e-10,-9.15351088999201e-12,-1.65369011395501e-12,-1.65369011395501e-12
9.118,1.69006619356771e-10,-9.12526641670273e-12,-1.64839852628477e-12,-1.64839852628477e-12
9.119,1.68484587169771e-10,-9.09710899932672e-12,-1.64312387742674e-12,-1.64312387742674e-12
9.12,1.6796416579638e-10,-9.06903836985899e-12,-1.6378661131377e-12,-1.6378661131377e-12
9.121,1.67445350271676e-10,-9.0410542611185e-12,-1.6326251793482e-12,-1.6326251793482e-12
9.122,1.66928135646021e-10,-9.01315640674581e-12,-1.62740102216201e-12,-1.62740102216201e-12
9.123,1.66412516985015e-10,-8.98534454120028e-12,-1.62219358785556e-12,-1.62219358785556e-12
9.124,1.65898489369448e-10,-8.95761839975768e-12,-1.61700282287735e-12,-1.61700282287735e-12
9.125,1.65386047895256e-10,-8.92997771850788e-12,-1.6118286738475e-12,-1.6118286738475e-12
9.126,1.64875187673471e-10,-8.90242223435199e-12,-1.60667108755707e-12,-1.60667108755707e-12
9.127,1.64365903830176e-10,-8.87495168500007e-12,-1.60153001096757e-12,-1.60153001096757e-12
9.128,1.63858191506463e-10,-8.84756580896877e-12,-1.59640539121049e-12,-1.59640539121049e-12
9.129,1.63352045858378e-10,-8.82026434557856e-12,-1.59129717558663e-12,-1.59129717558663e-12
9.13,1.62847462056881e-10,-8.79304703495141e-12,-1.58620531156561e-12,-1.58620531156561e-12
9.131,1.62344435287801e-10,-8.76591361800849e-12,-1.58112974678535e-12,-1.58112974678535e-12
9.132,1.61842960751786e-10,-8.73886383646739e-12,-1.5760704290515e-12,-1.5760704290515e-12
9.133,1.61343033664262e-10,-8.71189743283991e-12,-1.57102730633692e-12,-1.57102730633692e-12
9.134,1.60844649255382e-10,-8.68501415042949e-12,-1.56600032678113e-12,-1.56600032678113e-12
9.135,1.60347802769989e-10,-8.65821373332901e-12,-1.56098943868979e-12,-1.56098943868979e-12
9.136,1.59852489467561e-10,-8.63149592641802e-12,-1.55599459053417e-12,-1.55599459053417e-12
9.137,1.59358704622171e-10,-8.60486047536053e-12,-1.55101573095058e-12,-1.55101573095058e-12
9.138,1.58866443522448e-10,-8.57830712660272e-12,-1.54605280873991e-12,-1.54605280873991e-12
9.139,1.58375701471518e-10,-8.55183562737024e-12,-1.54110577286703e-12,-1.54110577286703e-12
9.14,1.57886473786973e-10,-8.52544572566596e-12,-1.5361745724603e-12,-1.5361745724603e-12
9.141,1.57398755800821e-10,-8.49913717026775e-12,-1.53125915681111e-12,-1.53125915681111e-12
9.142,1.56912542859439e-10,-8.4729097107258e-12,-1.5263594753732e-12,-1.5263594753732e-12
9.143,1.56427830323532e-10,-8.4467630973604e-12,-1.52147547776227e-12,-1.52147547776227e-12
9.144,1.55944613568093e-10,-8.42069708125968e-12,-1.51660711375545e-12,-1.51660711375545e-12
9.145,1.55462887982349e-10,-8.39471141427704e-12,-1.51175433329072e-12,-1.51175433329072e-12
9.146,1.54982648969725e-10,-8.36880584902887e-12,-1.50691708646642e-12,-1.50691708646642e-12
9.147,1.54503891947801e-10,-8.34298013889239e-12,-1.50209532354079e-12,-1.50209532354079e-12
9.148,1.54026612348261e-10,-8.31723403800302e-12,-1.49728899493139e-12,-1.49728899493139e-12
9.149,1.53550805616857e-10,-8.29156730125218e-12,-1.49249805121462e-12,-1.49249805121462e-12
9.15,1.53076467213363e-10,-8.26597968428514e-12,-1.48772244312517e-12,-1.48772244312517e-12
9.151,1.52603592611533e-10,-8.24047094349841e-12,-1.48296212155561e-12,-1.48296212155561e-12
9.152,1.52132177299053e-10,-8.21504083603759e-12,-1.47821703755575e-12,-1.47821703755575e-12
9.153,1.51662216777505e-10,-8.18968911979503e-12,-1.47348714233227e-12,-1.47348714233227e-12
9.154,1.51193706562323e-10,-8.16441555340769e-12,-1.46877238724812e-12,-1.46877238724812e-12
9.155,1.50726642182746e-10,-8.13921989625457e-12,-1.46407272382209e-12,-1.46407272382209e-12
9.156,1.50261019181779e-10,-8.11410190845459e-12,-1.45938810372817e-12,-1.45938810372817e-12
9.157,1.49796833116151e-10,-8.08906135086445e-12,-1.45471847879531e-12,-1.45471847879531e-12
9.158,1.49334079556271e-10,-8.06409798507609e-12,-1.45006380100666e-12,-1.45006380100666e-12
9.159,1.48872754086185e-10,-8.03921157341456e-12,-1.4454240224992e-12,-1.4454240224992e-12
9.16,1.48412852303541e-10,-8.01440187893591e-12,-1.44079909556328e-12,-1.44079909556328e-12
9.161,1.47954369819537e-10,-7.98966866542468e-12,-1.43618897264205e-12,-1.43618897264205e-12
9.162,1.47497302258886e-10,-7.96501169739178e-12,-1.43159360633099e-12,-1.43159360633099e-12
9.163,1.47041645259774e-10,-7.94043074007244e-12,-1.42701294937747e-12,-1.42701294937747e-12
9.164,1.46587394473814e-10,-7.91592555942364e-12,-1.42244695468021e-12,-1.42244695468021e-12
9.165,1.46134545566013e-10,-7.89149592212216e-12,-1.41789557528877e-12,-1.41789557528877e-12
9.166,1.4568309421472e-10,-7.86714159556221e-12,-1.41335876440317e-12,-1.41335876440317e-12
9.167,1.45233036111597e-10,-7.84286234785344e-12,-1.40883647537333e-12,-1.40883647537333e-12
9.168,1.44784366961567e-10,-7.81865794781847e-12,-1.40432866169859e-12,-1.40432866169859e-12
9.169,1.4433708248278e-10,-7.79452816499083e-12,-1.39983527702725e-12,-1.39983527702725e-12
9.17,1.43891178406572e-10,-7.77047276961292e-12,-1.39535627515612e-12,-1.39535627515612e-12
9.171,1.43446650477419e-10,-7.74649153263355e-12,-1.39089161002998e-12,-1.39089161002998e-12
9.172,1.43003494452904e-10,-7.72258422570592e-12,-1.38644123574111e-12,-1.38644123574111e-12
9.173,1.42561706103672e-10,-7.69875062118557e-12,-1.38200510652895e-12,-1.38200510652895e-12
9.174,1.42121281213391e-10,-7.67499049212798e-12,-1.37758317677945e-12,-1.37758317677945e-12
9.175,1.41682215578711e-10,-7.65130361228656e-12,-1.37317540102464e-12,-1.37317540102464e-12
9.176,1.41244505009227e-10,-7.62768975611058e-12,-1.36878173394231e-12,-1.36878173394231e-12
9.177,1.40808145327436e-10,-7.60414869874286e-12,-1.36440213035532e-12,-1.36440213035532e-12
9.178,1.40373132368697e-10,-7.58068021601769e-12,-1.36003654523132e-12,-1.36003654523132e-12
9.179,1.39939461981198e-10,-7.55728408445889e-12,-1.3556849336822e-12,-1.3556849336822e-12
9.18,1.39507130025906e-10,-7.53396008127738e-12,-1.35134725096361e-12,-1.35134725096361e-12
9.181,1.39076132376535e-10,-7.51070798436933e-12,-1.34702345247454e-12,-1.34702345247454e-12
9.182,1.38646464919506e-10,-7.48752757231386e-12,-1.34271349375684e-12,-1.34271349375684e-12
9.183,1.38218123553908e-10,-7.4644186243712e-12,-1.33841733049483e-12,-1.33841733049483e-12
9.184,1.37791104191455e-10,-7.4413809204803e-12,-1.33413491851472e-12,-1.33413491851472e-12
9.185,1.37365402756451e-10,-7.41841424125689e-12,-1.32986621378423e-12,-1.32986621378423e-12
9.186,1.36941015185753e-10,-7.39551836799152e-12,-1.32561117241217e-12,-1.32561117241217e-12
9.187,1.36517937428727e-10,-7.37269308264723e-12,-1.32136975064789e-12,-1.32136975064789e-12
9.188,1.36096165447212e-10,-7.34993816785763e-12,-1.31714190488091e-12,-1.31714190488091e-12
9.189,1.35675695215486e-10,-7.32725340692494e-12,-1.31292759164047e-12,-1.31292759164047e-12
9.19,1.35256522720219e-10,-7.30463858381772e-12,-1.30872676759503e-12,-1.30872676759503e-12
9.191,1.34838643960442e-10,-7.28209348316891e-12,-1.30453938955184e-12,-1.30453938955184e-12
9.192,1.34422054947508e-10,-7.25961789027393e-12,-1.30036541445653e-12,-1.30036541445653e-12
9.193,1.34006751705049e-10,-7.23721159108842e-12,-1.29620479939263e-12,-1.29620479939263e-12
9.194,1.33592730268946e-10,-7.21487437222634e-12,-1.29205750158118e-12,-1.29205750158118e-12
9.195,1.33179986687284e-10,-7.19260602095789e-12,-1.28792347838018e-12,-1.28792347838018e-12
9.196,1.32768517020319e-10,-7.17040632520765e-12,-1.28380268728428e-12,-1.28380268728428e-12
9.197,1.32358317340442e-10,-7.14827507355231e-12,-1.27969508592426e-12,-1.27969508592426e-12
9.198,1.31949383732132e-10,-7.12621205521884e-12,-1.27560063206663e-12,-1.27560063206663e-12
9.199,1.31541712291935e-10,-7.10421706008256e-12,-1.27151928361318e-12,-1.27151928361318e-12
9.2,1.31135299128411e-10,-7.08228987866491e-12,-1.26745099860055e-12,-1.26745099860055e-12
9.201,1.30730140362105e-10,-7.06043030213163e-12,-1.26339573519977e-12,-1.26339573519977e-12
9.202,1.30326232125512e-10,-7.03863812229087e-12,-1.25935345171592e-12,-1.25935345171592e-12
9.203,1.29923570563033e-10,-7.01691313159096e-12,-1.25532410658757e-12,-1.25532410658757e-12
9.204,1.29522151830945e-10,-6.99525512311862e-12,-1.25130765838644e-12,-1.25130765838644e-12
9.205,1.29121972097362e-10,-6.97366389059704e-12,-1.247304065817e-12,-1.247304065817e-12
9.206,1.28723027542198e-10,-6.95213922838377e-12,-1.24331328771593e-12,-1.24331328771593e-12
9.207,1.28325314357131e-10,-6.93068093146882e-12,-1.23933528305179e-12,-1.23933528305179e-12
9.208,1.27928828745568e-10,-6.90928879547289e-12,-1.23537001092459e-12,-1.23537001092459e-12
9.209,1.27533566922607e-10,-6.88796261664516e-12,-1.23141743056533e-12,-1.23141743056533e-12
9.21,1.27139525115002e-10,-6.86670219186149e-12,-1.22747750133558e-12,-1.22747750133558e-12
9.211,1.2674669956113e-10,-6.84550731862261e-12,-1.22355018272715e-12,-1.22355018272715e-12
9.212,1.2635508651095e-10,-6.82437779505199e-12,-1.21963543436153e-12,-1.21963543436153e-12
9.213,1.25964682225969e-10,-6.80331341989404e-12,-1.21573321598958e-12,-1.21573321598958e-12
9.214,1.25575482979209e-10,-6.78231399251216e-12,-1.2118434874911e-12,-1.2118434874911e-12
9.215,1.25187485055171e-10,-6.76137931288696e-12,-1.20796620887437e-12,-1.20796620887437e-12
9.216,1.24800684749796e-10,-6.74050918161419e-12,-1.2041013402758e-12,-1.2041013402758e-12
9.217,1.24415078370433e-10,-6.7197033999029e-12,-1.20024884195946e-12,-1.20024884195946e-12
9.218,1.24030662235806e-10,-6.69896176957372e-12,-1.19640867431672e-12,-1.19640867431672e-12
9.219,1.23647432675974e-10,-6.67828409305671e-12,-1.19258079786582e-12,-1.19258079786582e-12
9.22,1.23265386032297e-10,-6.65767017338966e-12,-1.18876517325144e-12,-1.18876517325144e-12
9.221,1.22884518657407e-10,-6.63711981421626e-12,-1.18496176124437e-12,-1.18496176124437e-12
9.222,1.22504826915165e-10,-6.61663281978409e-12,-1.18117052274101e-12,-1.18117052274101e-12
9.223,1.22126307180633e-10,-6.59620899494283e-12,-1.17739141876304e-12,-1.17739141876304e-12
9.224,1.21748955840037e-10,-6.57584814514253e-12,-1.17362441045698e-12,-1.17362441045698e-12
9.225,1.21372769290732e-10,-6.55555007643156e-12,-1.16986945909382e-12,-1.16986945909382e-12
9.226,1.20997743941168e-10,-6.5353145954549e-12,-1.16612652606858e-12,-1.16612652606858e-12
9.227,1.20623876210856e-10,-6.51514150945224e-12,-1.16239557289991e-12,-1.16239557289991e-12
9.228,1.20251162530337e-10,-6.49503062625631e-12,-1.15867656122982e-12,-1.15867656122982e-12
9.229,1.19879599341143e-10,-6.47498175429082e-12,-1.15496945282308e-12,-1.15496945282308e-12
9.23,1.19509183095767e-10,-6.45499470256878e-12,-1.15127420956698e-12,-1.15127420956698e-12
9.231,1.19139910257627e-10,-6.43506928069077e-12,-1.14759079347088e-12,-1.14759079347088e-12
9.232,1.18771777301033e-10,-6.41520529884294e-12,-1.14391916666583e-12,-1.14391916666583e-12
9.233,1.18404780711155e-10,-6.39540256779531e-12,-1.14025929140417e-12,-1.14025929140417e-12
9.234,1.18038916983988e-10,-6.37566089890007e-12,-1.13661113005914e-12,-1.13661113005914e-12
9.235,1.17674182626319e-10,-6.35598010408962e-12,-1.13297464512455e-12,-1.13297464512455e-12
9.236,1.17310574155693e-10,-6.33635999587484e-12,-1.12934979921428e-12,-1.12934979921428e-12
9.237,1.16948088100382e-10,-6.31680038734347e-12,-1.125736555062e-12,-1.125736555062e-12
9.238,1.1658672099935e-10,-6.29730109215809e-12,-1.12213487552074e-12,-1.12213487552074e-12
9.239,1.16226469402222e-10,-6.27786192455446e-12,-1.11854472356251e-12,-1.11854472356251e-12
9.24,1.15867329869249e-10,-6.2584826993399e-12,-1.11496606227792e-12,-1.11496606227792e-12
9.241,1.15509298971277e-10,-6.23916323189129e-12,-1.1113988548758e-12,-1.1113988548758e-12
9.242,1.15152373289713e-10,-6.21990333815343e-12,-1.10784306468284e-12,-1.10784306468284e-12
9.243,1.14796549416496e-10,-6.20070283463741e-12,-1.10429865514318e-12,-1.10429865514318e-12
9.244,1.14441823954059e-10,-6.18156153841867e-12,-1.10076558981808e-12,-1.10076558981808e-12
9.245,1.140881935153e-10,-6.16247926713537e-12,-1.09724383238546e-12,-1.09724383238546e-12
9.246,1.1373565472355e-10,-6.14345583898664e-12,-1.09373334663962e-12,-1.09373334663962e-12
9.247,1.13384204212542e-10,-6.12449107273094e-12,-1.09023409649084e-12,-1.09023409649084e-12
9.248,1.13033838626375e-10,-6.1055847876842e-12,-1.08674604596495e-12,-1.08674604596495e-12
9.249,1.12684554619486e-10,-6.08673680371814e-12,-1.08326915920306e-12,-1.08326915920306e-12
9.25,1.12336348856616e-10,-6.06794694125872e-12,-1.07980340046108e-12,-1.07980340046108e-12
9.251,1.11989218012779e-10,-6.04921502128421e-12,-1.07634873410947e-12,-1.07634873410947e-12
9.252,1.11643158773231e-10,-6.03054086532361e-12,-1.07290512463274e-12,-1.07290512463274e-12
9.253,1.11298167833437e-10,-6.01192429545501e-12,-1.06947253662924e-12,-1.06947253662924e-12
9.254,1.10954241899042e-10,-5.99336513430379e-12,-1.06605093481064e-12,-1.06605093481064e-12
9.255,1.10611377685836e-10,-5.97486320504096e-12,-1.06264028400168e-12,-1.06264028400168e-12
9.256,1.10269571919726e-10,-5.9564183313816e-12,-1.05924054913974e-12,-1.05924054913974e-12
9.257,1.09928821336706e-10,-5.93803033758302e-12,-1.05585169527454e-12,-1.05585169527454e-12
9.258,1.09589122682819e-10,-5.91969904844322e-12,-1.05247368756768e-12,-1.05247368756768e-12
9.259,1.09250472714135e-10,-5.90142428929912e-12,-1.04910649129244e-12,-1.04910649129244e-12
9.26,1.08912868196715e-10,-5.88320588602509e-12,-1.04575007183325e-12,-1.04575007183325e-12
9.261,1.08576305906581e-10,-5.86504366503106e-12,-1.04240439468546e-12,-1.04240439468546e-12
9.262,1.08240782629685e-10,-5.84693745326101e-12,-1.03906942545488e-12,-1.03906942545488e-12
9.263,1.07906295161881e-10,-5.82888707819141e-12,-1.03574512985757e-12,-1.03574512985757e-12
9.264,1.07572840308891e-10,-5.81089236782936e-12,-1.03243147371933e-12,-1.03243147371933e-12
9.265,1.07240414886275e-10,-5.79295315071112e-12,-1.02912842297547e-12,-1.02912842297547e-12
9.266,1.06909015719407e-10,-5.77506925590051e-12,-1.02583594367033e-12,-1.02583594367033e-12
9.267,1.06578639643434e-10,-5.75724051298717e-12,-1.02255400195709e-12,-1.02255400195709e-12
9.268,1.06249283503255e-10,-5.73946675208498e-12,-1.01928256409729e-12,-1.01928256409729e-12
9.269,1.05920944153489e-10,-5.72174780383056e-12,-1.01602159646058e-12,-1.01602159646058e-12
9.27,1.0559361845844e-10,-5.70408349938151e-12,-1.01277106552427e-12,-1.01277106552427e-12
9.271,1.05267303292074e-10,-5.68647367041484e-12,-1.00953093787309e-12,-1.00953093787309e-12
9.272,1.04941995537986e-10,-5.66891814912553e-12,-1.00630118019873e-12,-1.00630118019873e-12
9.273,1.04617692089369e-10,-5.65141676822471e-12,-1.00308175929965e-12,-1.00308175929965e-12
9.274,1.04294389848988e-10,-5.6339693609382e-12,-9.99872642080591e-13,-9.99872642080591e-13
9.275,1.03972085729149e-10,-5.61657576100499e-12,-9.9667379555231e-13,-9.9667379555231e-13
9.276,1.03650776651667e-10,-5.5992358026755e-12,-9.93485186831243e-13,-9.93485186831243e-13
9.277,1.03330459547842e-10,-5.5819493207101e-12,-9.90306783139136e-13,-9.90306783139136e-13
9.278,1.03011131358424e-10,-5.56471615037754e-12,-9.87138551802703e-13,-9.87138551802703e-13
9.279,1.02692789033591e-10,-5.54753612745346e-12,-9.83980460253345e-13,-9.83980460253345e-13
9.28,1.02375429532912e-10,-5.53040908821866e-12,-9.80832476026753e-13,-9.80832476026753e-13
9.281,1.02059049825323e-10,-5.51333486945765e-12,-9.7769456676259e-13,-9.7769456676259e-13
9.282,1.01743646889098e-10,-5.4963133084572e-12,-9.74566700204198e-13,-9.74566700204198e-13
9.283,1.0142921771182e-10,-5.47934424300459e-12,-9.71448844198199e-13,-9.71448844198199e-13
9.284,1.01115759290348e-10,-5.46242751138617e-12,-9.68340966694222e-13,-9.68340966694222e-13
9.285,1.00803268630799e-10,-5.44556295238594e-12,-9.65243035744527e-13,-9.65243035744527e-13
9.286,1.00491742748506e-10,-5.42875040528381e-12,-9.62155019503729e-13,-9.62155019503729e-13
9.287,1.00181178667999e-10,-5.4119897098542e-12,-9.59076886228402e-13,-9.59076886228402e-13
9.288,9.98715734229763e-11,-5.39528070636457e-12,-9.56008604276839e-13,-9.56008604276839e-13
9.289,9.95629240562711e-11,-5.37862323557374e-12,-9.52950142108632e-13,-9.52950142108632e-13
9.29,9.92552276198277e-11,-5.36201713873054e-12,-9.49901468284408e-13,-9.49901468284408e-13
9.291,9.89484811746712e-11,-5.34546225757217e-12,-9.46862551465487e-13,-9.46862551465487e-13
9.292,9.86426817908825e-11,-5.32895843432289e-12,-9.43833360413587e-13,-9.43833360413587e-13
9.293,9.83378265475666e-11,-5.3125055116923e-12,-9.40813863990443e-13,-9.40813863990443e-13
9.294,9.80339125328269e-11,-5.29610333287396e-12,-9.37804031157526e-13,-9.37804031157526e-13
9.295,9.77309368437389e-11,-5.27975174154397e-12,-9.34803830975753e-13,-9.34803830975753e-13
9.296,9.74288965863191e-11,-5.26345058185934e-12,-9.31813232605085e-13,-9.31813232605085e-13
9.297,9.71277888754999e-11,-5.24719969845657e-12,-9.28832205304291e-13,-9.28832205304291e-13
9.298,9.6827610835103e-11,-5.23099893645029e-12,-9.25860718430607e-13,-9.25860718430607e-13
9.299,9.6528359597809e-11,-5.2148481414316e-12,-9.22898741439369e-13,-9.22898741439369e-13
9.3,9.62300323051321e-11,-5.1987471594667e-12,-9.19946243883783e-13,-9.19946243883783e-13
9.301,9.59326261073943e-11,-5.18269583709551e-12,-9.17003195414541e-13,-9.17003195414541e-13
9.302,9.56361381636948e-11,-5.16669402133005e-12,-9.1406956577958e-13,-9.1406956577958e-13
9.303,9.5340565641885e-11,-5.15074155965308e-12,-9.11145324823682e-13,-9.11145324823682e-13
9.304,9.50459057185433e-11,-5.13483830001672e-12,-9.08230442488235e-13,-9.08230442488235e-13
9.305,9.47521555789444e-11,-5.11898409084084e-12,-9.05324888810908e-13,-9.05324888810908e-13
9.306,9.44593124170352e-11,-5.10317878101176e-12,-9.02428633925292e-13,-9.02428633925292e-13
9.307,9.41673734354072e-11,-5.08742221988075e-12,-8.99541648060685e-13,-8.99541648060685e-13
9.308,9.38763358452713e-11,-5.07171425726269e-12,-8.96663901541698e-13,-8.96663901541698e-13
9.309,9.35861968664288e-11,-5.05605474343449e-12,-8.93795364788004e-13,-8.93795364788004e-13
9.31,9.32969537272463e-11,-5.0404435291338e-12,-8.90936008313999e-13,-8.90936008313999e-13
9.311,9.30086036646307e-11,-5.02488046555758e-12,-8.88085802728549e-13,-8.88085802728549e-13
9.312,9.27211439240003e-11,-5.00936540436063e-12,-8.85244718734614e-13,-8.85244718734614e-13
9.313,9.24345717592596e-11,-4.99389819765418e-12,-8.82412727129005e-13,-8.82412727129005e-13
9.314,9.21488844327752e-11,-4.97847869800463e-12,-8.79589798802065e-13,-8.79589798802065e-13
9.315,9.18640792153464e-11,-4.96310675843194e-12,-8.76775904737358e-13,-8.76775904737358e-13
9.316,9.15801533861809e-11,-4.94778223240835e-12,-8.7397101601139e-13,-8.7397101601139e-13
9.317,9.12971042328704e-11,-4.93250497385708e-12,-8.71175103793298e-13,-8.71175103793298e-13
9.318,9.10149290513617e-11,-4.91727483715073e-12,-8.68388139344564e-13,-8.68388139344564e-13
9.319,9.07336251459332e-11,-4.90209167711005e-12,-8.65610094018697e-13,-8.65610094018697e-13
9.32,9.04531898291682e-11,-4.88695534900253e-12,-8.62840939260951e-13,-8.62840939260951e-13
9.321,9.01736204219312e-11,-4.87186570854107e-12,-8.60080646608072e-13,-8.60080646608072e-13
9.322,8.98949142533395e-11,-4.85682261188249e-12,-8.57329187687921e-13,-8.57329187687921e-13
9.323,8.96170686607394e-11,-4.84182591562625e-12,-8.54586534219263e-13,-8.54586534219263e-13
9.324,8.93400809896823e-11,-4.82687547681315e-12,-8.5185265801141e-13,-8.5185265801141e-13
9.325,8.90639485938963e-11,-4.81197115292384e-12,-8.49127530963961e-13,-8.49127530963961e-13
9.326,8.8788668835263e-11,-4.79711280187752e-12,-8.46411125066547e-13,-8.46411125066547e-13
9.327,8.85142390837932e-11,-4.78230028203069e-12,-8.43703412398487e-13,-8.43703412398487e-13
9.328,8.82406567175995e-11,-4.76753345217563e-12,-8.410043651285e-13,-8.410043651285e-13
9.329,8.79679191228727e-11,-4.75281217153916e-12,-8.38313955514482e-13,-8.38313955514482e-13
9.33,8.76960236938584e-11,-4.73813629978139e-12,-8.3563215590315e-13,-8.3563215590315e-13
9.331,8.74249678328289e-11,-4.72350569699419e-12,-8.32958938729796e-13,-8.32958938729796e-13
9.332,8.71547489500608e-11,-4.70892022369998e-12,-8.30294276517988e-13,-8.30294276517988e-13
9.333,8.68853644638109e-11,-4.69437974085048e-12,-8.2763814187931e-13,-8.2763814187931e-13
9.334,8.66168118002894e-11,-4.67988410982521e-12,-8.24990507513048e-13,-8.24990507513048e-13
9.335,8.63490883936366e-11,-4.66543319243028e-12,-8.22351346205909e-13,-8.22351346205909e-13
9.336,8.60821916859e-11,-4.65102685089715e-12,-8.19720630831791e-13,-8.19720630831791e-13
9.337,8.58161191270069e-11,-4.63666494788117e-12,-8.17098334351433e-13,-8.17098334351433e-13
9.338,8.55508681747424e-11,-4.62234734646035e-12,-8.14484429812196e-13,-8.14484429812196e-13
9.339,8.52864362947242e-11,-4.60807391013407e-12,-8.11878890347737e-13,-8.11878890347737e-13
9.34,8.50228209603799e-11,-4.59384450282183e-12,-8.09281689177793e-13,-8.09281689177793e-13
9.341,8.4760019652921e-11,-4.57965898886183e-12,-8.06692799607847e-13,-8.06692799607847e-13
9.342,8.44980298613196e-11,-4.56551723300976e-12,-8.04112195028857e-13,-8.04112195028857e-13
9.343,8.42368490822862e-11,-4.5514191004376e-12,-8.01539848917051e-13,-8.01539848917051e-13
9.344,8.39764748202431e-11,-4.53736445673216e-12,-7.98975734833558e-13,-7.98975734833558e-13
9.345,8.37169045873021e-11,-4.52335316789392e-12,-7.96419826424189e-13,-7.96419826424189e-13
9.346,8.34581359032423e-11,-4.5093851003358e-12,-7.93872097419178e-13,-7.93872097419178e-13
9.347,8.32001662954834e-11,-4.49546012088176e-12,-7.91332521632872e-13,-7.91332521632872e-13
9.348,8.29429932990638e-11,-4.48157809676562e-12,-7.88801072963492e-13,-7.88801072963492e-13
9.349,8.26866144566186e-11,-4.46773889562985e-12,-7.8627772539285e-13,-7.8627772539285e-13
9.35,8.24310273183534e-11,-4.45394238552417e-12,-7.83762452986082e-13,-7.83762452986082e-13
9.351,8.21762294420227e-11,-4.44018843490443e-12,-7.81255229891383e-13,-7.81255229891383e-13
9.352,8.19222183929058e-11,-4.42647691263128e-12,-7.78756030339743e-13,-7.78756030339743e-13
9.353,8.16689917437858e-11,-4.41280768796901e-12,-7.76264828644681e-13,-7.76264828644681e-13
9.354,8.14165470749234e-11,-4.39918063058421e-12,-7.73781599201993e-13,-7.73781599201993e-13
9.355,8.11648819740351e-11,-4.38559561054457e-12,-7.71306316489441e-13,-7.71306316489441e-13
9.356,8.09139940362723e-11,-4.37205249831775e-12,-7.68838955066566e-13,-7.68838955066566e-13
9.357,8.06638808641949e-11,-4.35855116476995e-12,-7.66379489574353e-13,-7.66379489574353e-13
9.358,8.04145400677505e-11,-4.34509148116483e-12,-7.63927894735007e-13,-7.63927894735007e-13
9.359,8.01659692642526e-11,-4.3316733191623e-12,-7.61484145351708e-13,-7.61484145351708e-13
9.36,7.99181660783553e-11,-4.3182965508172e-12,-7.59048216308307e-13,-7.59048216308307e-13
9.361,7.96711281420324e-11,-4.30496104857814e-12,-7.56620082569097e-13,-7.56620082569097e-13
9.362,7.94248530945556e-11,-4.29166668528635e-12,-7.54199719178569e-13,-7.54199719178569e-13
9.363,7.917933858247e-11,-4.27841333417434e-12,-7.51787101261106e-13,-7.51787101261106e-13
9.364,7.89345822595727e-11,-4.26520086886481e-12,-7.49382204020769e-13,-7.49382204020769e-13
9.365,7.86905817868918e-11,-4.25202916336943e-12,-7.46985002741049e-13,-7.46985002741049e-13
9.366,7.84473348326614e-11,-4.23889809208758e-12,-7.44595472784564e-13,-7.44595472784564e-13
9.367,7.82048390723013e-11,-4.22580752980522e-12,-7.4221358959285e-13,-7.4221358959285e-13
9.368,7.79630921883955e-11,-4.21275735169373e-12,-7.39839328686087e-13,-7.39839328686087e-13
9.369,7.77220918706679e-11,-4.19974743330862e-12,-7.3747266566287e-13,-7.3747266566287e-13
9.37,7.7481835815962e-11,-4.18677765058846e-12,-7.35113576199903e-13,-7.35113576199903e-13
9.371,7.72423217282183e-11,-4.17384787985358e-12,-7.32762036051825e-13,-7.32762036051825e-13
9.372,7.70035473184536e-11,-4.16095799780509e-12,-7.30418021050899e-13,-7.30418021050899e-13
9.373,7.67655103047374e-11,-4.14810788152349e-12,-7.28081507106811e-13,-7.28081507106811e-13
9.374,7.65282084121711e-11,-4.13529740846762e-12,-7.25752470206351e-13,-7.25752470206351e-13
9.375,7.62916393728674e-11,-4.12252645647354e-12,-7.23430886413253e-13,-7.23430886413253e-13
9.376,7.60558009259267e-11,-4.10979490375324e-12,-7.21116731867902e-13,-7.21116731867902e-13
9.377,7.58206908174165e-11,-4.09710262889357e-12,-7.18809982787072e-13,-7.18809982787072e-13
9.378,7.55863068003512e-11,-4.08444951085513e-12,-7.16510615463741e-13,-7.16510615463741e-13
9.379,7.53526466346685e-11,-4.071835428971e-12,-7.14218606266761e-13,-7.14218606266761e-13
9.38,7.51197080872091e-11,-4.05926026294567e-12,-7.119339316407e-13,-7.119339316407e-13
9.381,7.48874889316967e-11,-4.04672389285393e-12,-7.09656568105553e-13,-7.09656568105553e-13
9.382,7.46559869487144e-11,-4.03422619913965e-12,-7.07386492256498e-13,-7.07386492256498e-13
9.383,7.44251999256853e-11,-4.0217670626147e-12,-7.05123680763678e-13,-7.05123680763678e-13
9.384,7.41951256568504e-11,-4.00934636445777e-12,-7.02868110371943e-13,-7.02868110371943e-13
9.385,7.39657619432496e-11,-3.99696398621335e-12,-7.0061975790063e-13,-7.0061975790063e-13
9.386,7.37371065926979e-11,-3.98461980979048e-12,-6.98378600243307e-13,-6.98378600243307e-13
9.387,7.35091574197663e-11,-3.97231371746166e-12,-6.96144614367525e-13,-6.96144614367525e-13
9.388,7.32819122457617e-11,-3.96004559186184e-12,-6.9391777731462e-13,-6.9391777731462e-13
9.389,7.30553688987039e-11,-3.94781531598713e-12,-6.91698066199427e-13,-6.91698066199427e-13
9.39,7.28295252133064e-11,-3.93562277319381e-12,-6.89485458210086e-13,-6.89485458210086e-13
9.391,7.26043790309567e-11,-3.92346784719723e-12,-6.87279930607789e-13,-6.87279930607789e-13
9.392,7.23799281996934e-11,-3.91135042207063e-12,-6.85081460726551e-13,-6.85081460726551e-13
9.393,7.21561705741872e-11,-3.89927038224406e-12,-6.82890025972956e-13,-6.82890025972956e-13
9.394,7.19331040157211e-11,-3.88722761250337e-12,-6.80705603825977e-13,-6.80705603825977e-13
9.395,7.17107263921685e-11,-3.87522199798899e-12,-6.78528171836676e-13,-6.78528171836676e-13
9.396,7.14890355779733e-11,-3.86325342419489e-12,-6.76357707628019e-13,-6.76357707628019e-13
9.397,7.12680294541312e-11,-3.85132177696758e-12,-6.74194188894632e-13,-6.74194188894632e-13
9.398,7.10477059081673e-11,-3.83942694250488e-12,-6.72037593402581e-13,-6.72037593402581e-13
9.399,7.08280628341171e-11,-3.82756880735488e-12,-6.69887898989123e-13,-6.69887898989123e-13
9.4,7.06090981325073e-11,-3.815747258415e-12,-6.67745083562493e-13,-6.67745083562493e-13
9.401,7.0390809710334e-11,-3.80396218293071e-12,-6.65609125101685e-13,-6.65609125101685e-13
9.402,7.01731954810441e-11,-3.7922134684946e-12,-6.63480001656184e-13,-6.63480001656184e-13
9.403,6.99562533645144e-11,-3.78050100304523e-12,-6.61357691345797e-13,-6.61357691345797e-13
9.404,6.9739981287034e-11,-3.76882467486618e-12,-6.59242172360402e-13,-6.59242172360402e-13
9.405,6.95243771812815e-11,-3.75718437258485e-12,-6.57133422959697e-13,-6.57133422959697e-13
9.406,6.93094389863071e-11,-3.74557998517148e-12,-6.55031421473026e-13,-6.55031421473026e-13
9.407,6.90951646475138e-11,-3.73401140193814e-12,-6.52936146299109e-13,-6.52936146299109e-13
9.408,6.88815521166358e-11,-3.72247851253754e-12,-6.50847575905867e-13,-6.50847575905867e-13
9.409,6.86685993517196e-11,-3.71098120696211e-12,-6.48765688830158e-13,-6.48765688830158e-13
9.41,6.84563043171065e-11,-3.69951937554294e-12,-6.46690463677583e-13,-6.46690463677583e-13
9.411,6.82446649834104e-11,-3.68809290894867e-12,-6.44621879122239e-13,-6.44621879122239e-13
9.412,6.80336793274998e-11,-3.67670169818448e-12,-6.4255991390653e-13,-6.4255991390653e-13
9.413,6.78233453324797e-11,-3.66534563459114e-12,-6.40504546840942e-13,-6.40504546840942e-13
9.414,6.76136609876699e-11,-3.65402460984385e-12,-6.38455756803805e-13,-6.38455756803805e-13
9.415,6.74046242885877e-11,-3.64273851595126e-12,-6.364135227411e-13,-6.364135227411e-13
9.416,6.71962332369281e-11,-3.63148724525447e-12,-6.34377823666208e-13,-6.34377823666208e-13
9.417,6.6988485840546e-11,-3.62027069042605e-12,-6.32348638659744e-13,-6.32348638659744e-13
9.418,6.67813801134349e-11,-3.60908874446887e-12,-6.3032594686929e-13,-6.3032594686929e-13
9.419,6.65749140757098e-11,-3.59794130071522e-12,-6.28309727509225e-13,-6.28309727509225e-13
9.42,6.63690857535886e-11,-3.58682825282578e-12,-6.26299959860491e-13,-6.26299959860491e-13
9.421,6.61638931793717e-11,-3.57574949478855e-12,-6.24296623270367e-13,-6.24296623270367e-13
9.422,6.59593343914241e-11,-3.56470492091786e-12,-6.22299697152256e-13,-6.22299697152256e-13
9.423,6.5755407434158e-11,-3.55369442585346e-12,-6.2030916098553e-13,-6.2030916098553e-13
9.424,6.55521103580119e-11,-3.54271790455938e-12,-6.18324994315233e-13,-6.18324994315233e-13
9.425,6.53494412194331e-11,-3.531775252323e-12,-6.16347176751939e-13,-6.16347176751939e-13
9.426,6.51473980808604e-11,-3.5208663647541e-12,-6.14375687971499e-13,-6.14375687971499e-13
9.427,6.49459790107033e-11,-3.50999113778379e-12,-6.12410507714843e-13,-6.12410507714843e-13
9.428,6.4745182083325e-11,-3.49914946766353e-12,-6.10451615787806e-13,-6.10451615787806e-13
9.429,6.45450053790247e-11,-3.48834125096425e-12,-6.08498992060867e-13,-6.08498992060867e-13
9.43,6.43454469840179e-11,-3.4775663845752e-12,-6.06552616468974e-13,-6.06552616468974e-13
9.431,6.41465049904187e-11,-3.46682476570312e-12,-6.04612469011323e-13,-6.04612469011323e-13
9.432,6.39481774962217e-11,-3.45611629187115e-12,-6.02678529751171e-13,-6.02678529751171e-13
9.433,6.37504626052848e-11,-3.44544086091798e-12,-6.00750778815604e-13,-6.00750778815604e-13
9.434,6.35533584273094e-11,-3.43479837099675e-12,-5.98829196395366e-13,-5.98829196395366e-13
9.435,6.33568630778234e-11,-3.42418872057415e-12,-5.96913762744611e-13,-5.96913762744611e-13
9.436,6.31609746781638e-11,-3.41361180842949e-12,-5.95004458180742e-13,-5.95004458180742e-13
9.437,6.29656913554577e-11,-3.40306753365366e-12,-5.93101263084188e-13,-5.93101263084188e-13
9.438,6.27710112426045e-11,-3.39255579564821e-12,-5.91204157898205e-13,-5.91204157898205e-13
9.439,6.25769324782598e-11,-3.38207649412444e-12,-5.89313123128673e-13,-5.89313123128673e-13
9.44,6.23834532068155e-11,-3.37162952910234e-12,-5.87428139343902e-13,-5.87428139343902e-13
9.441,6.2190571578383e-11,-3.36121480090972e-12,-5.85549187174417e-13,-5.85549187174417e-13
9.442,6.19982857487769e-11,-3.3508322101813e-12,-5.83676247312788e-13,-5.83676247312788e-13
9.443,6.1806593879495e-11,-3.34048165785766e-12,-5.81809300513395e-13,-5.81809300513395e-13
9.444,6.16154941377025e-11,-3.33016304518435e-12,-5.79948327592253e-13,-5.79948327592253e-13
9.445,6.14249846962137e-11,-3.31987627371096e-12,-5.78093309426813e-13,-5.78093309426813e-13
9.446,6.12350637334762e-11,-3.30962124529023e-12,-5.76244226955754e-13,-5.76244226955754e-13
9.447,6.10457294335511e-11,-3.29939786207702e-12,-5.744010611788e-13,-5.744010611788e-13
9.448,6.08569799860971e-11,-3.2892060265274e-12,-5.72563793156513e-13,-5.72563793156513e-13
9.449,6.06688135863541e-11,-3.27904564139784e-12,-5.70732404010111e-13,-5.70732404010111e-13
9.45,6.04812284351242e-11,-3.26891660974414e-12,-5.68906874921264e-13,-5.68906874921264e-13
9.451,6.02942227387554e-11,-3.25881883492056e-12,-5.67087187131884e-13,-5.67087187131884e-13
9.452,6.01077947091253e-11,-3.24875222057896e-12,-5.6527332194399e-13,-5.6527332194399e-13
9.453,5.99219425636228e-11,-3.2387166706678e-12,-5.63465260719438e-13,-5.63465260719438e-13
9.454,5.97366645251312e-11,-3.22871208943125e-12,-5.61662984879787e-13,-5.61662984879787e-13
9.455,5.95519588220131e-11,-3.21873838140836e-12,-5.59866475906086e-13,-5.59866475906086e-13
9.456,5.93678236880911e-11,-3.20879545143203e-12,-5.58075715338681e-13,-5.58075715338681e-13
9.457,5.91842573626319e-11,-3.19888320462815e-12,-5.5629068477703e-13,-5.5629068477703e-13
9.458,5.90012580903309e-11,-3.1890015464148e-12,-5.54511365879518e-13,-5.54511365879518e-13
9.459,5.88188241212933e-11,-3.17915038250118e-12,-5.52737740363265e-13,-5.52737740363265e-13
9.46,5.86369537110184e-11,-3.16932961888682e-12,-5.50969790003921e-13,-5.50969790003921e-13
9.461,5.8455645120384e-11,-3.15953916186072e-12,-5.49207496635516e-13,-5.49207496635516e-13
9.462,5.82748966156278e-11,-3.14977891800034e-12,-5.47450842150235e-13,-5.47450842150235e-13
9.463,5.80947064683325e-11,-3.14004879417081e-12,-5.4569980849825e-13,-5.4569980849825e-13
9.464,5.79150729554084e-11,-3.130348697524e-12,-5.4395437768753e-13,-5.4395437768753e-13
9.465,5.77359943590784e-11,-3.1206785354977e-12,-5.42214531783666e-13,-5.42214531783666e-13
9.466,5.75574689668597e-11,-3.11103821581464e-12,-5.40480252909679e-13,-5.40480252909679e-13
9.467,5.73794950715483e-11,-3.10142764648168e-12,-5.38751523245816e-13,-5.38751523245816e-13
9.468,5.72020709712041e-11,-3.09184673578898e-12,-5.37028325029415e-13,-5.37028325029415e-13
9.469,5.70251949691323e-11,-3.082295392309e-12,-5.35310640554675e-13,-5.35310640554675e-13
9.47,5.68488653738687e-11,-3.07277352489572e-12,-5.33598452172482e-13,-5.33598452172482e-13
9.471,5.6673080499164e-11,-3.06328104268382e-12,-5.31891742290255e-13,-5.31891742290255e-13
9.472,5.64978386639665e-11,-3.0538178550877e-12,-5.30190493371738e-13,-5.30190493371738e-13
9.473,5.63231381924062e-11,-3.04438387180066e-12,-5.28494687936838e-13,-5.28494687936838e-13
9.474,5.61489774137808e-11,-3.03497900279412e-12,-5.26804308561423e-13,-5.26804308561423e-13
9.475,5.59753546625369e-11,-3.02560315831668e-12,-5.25119337877166e-13,-5.25119337877166e-13
9.476,5.58022682782561e-11,-3.01625624889327e-12,-5.23439758571351e-13,-5.23439758571351e-13
9.477,5.56297166056384e-11,-3.00693818532432e-12,-5.21765553386695e-13,-5.21765553386695e-13
9.478,5.54576979944875e-11,-2.99764887868498e-12,-5.20096705121188e-13,-5.20096705121188e-13
9.479,5.52862107996933e-11,-2.98838824032413e-12,-5.18433196627884e-13,-5.18433196627884e-13
9.48,5.51152533812173e-11,-2.97915618186364e-12,-5.16775010814761e-13,-5.16775010814761e-13
9.481,5.49448241040778e-11,-2.96995261519755e-12,-5.15122130644525e-13,-5.15122130644525e-13
9.482,5.47749213383324e-11,-2.96077745249115e-12,-5.13474539134418e-13,-5.13474539134418e-13
9.483,5.46055434590638e-11,-2.95163060618017e-12,-5.11832219356086e-13,-5.11832219356086e-13
9.484,5.44366888463647e-11,-2.94251198897004e-12,-5.10195154435373e-13,-5.10195154435373e-13
9.485,5.42683558853207e-11,-2.93342151383492e-12,-5.08563327552163e-13,-5.08563327552163e-13
9.486,5.41005429659962e-11,-2.92435909401694e-12,-5.06936721940173e-13,-5.06936721940173e-13
9.487,5.39332484834196e-11,-2.91532464302544e-12,-5.05315320886841e-13,-5.05315320886841e-13
9.488,5.37664708375662e-11,-2.90631807463601e-12,-5.03699107733099e-13,-5.03699107733099e-13
9.489,5.36002084333442e-11,-2.89733930288976e-12,-5.02088065873231e-13,-5.02088065873231e-13
9.49,5.343445968058e-11,-2.88838824209255e-12,-5.00482178754692e-13,-5.00482178754692e-13
9.491,5.32692229940016e-11,-2.87946480681405e-12,-4.9888142987794e-13,-4.9888142987794e-13
9.492,5.31044967932242e-11,-2.87056891188698e-12,-4.97285802796257e-13,-4.97285802796257e-13
9.493,5.29402795027359e-11,-2.86170047240641e-12,-4.95695281115597e-13,-4.95695281115597e-13
9.494,5.27765695518815e-11,-2.85285940372875e-12,-4.94109848494414e-13,-4.94109848494414e-13
9.495,5.26133653748481e-11,-2.84404562147112e-12,-4.92529488643488e-13,-4.92529488643488e-13
9.496,5.24506654106499e-11,-2.83525904151043e-12,-4.9095418532573e-13,-4.9095418532573e-13
9.497,5.22884681031144e-11,-2.8264995799827e-12,-4.89383922356084e-13,-4.89383922356084e-13
9.498,5.21267719008659e-11,-2.81776715328215e-12,-4.87818683601297e-13,-4.87818683601297e-13
9.499,5.19655752573116e-11,-2.80906167806045e-12,-4.86258452979769e-13,-4.86258452979769e-13
9.5,5.18048766306277e-11,-2.80038307122596e-12,-4.84703214461416e-13,-4.84703214461416e-13
9.501,5.16446744837431e-11,-2.79173124994289e-12,-4.83152952067464e-13,-4.83152952067464e-13
9.502,5.14849672843254e-11,-2.78310613163051e-12,-4.81607649870307e-13,-4.81607649870307e-13
9.503,5.13257535047673e-11,-2.77450763396247e-12,-4.80067291993349e-13,-4.80067291993349e-13
9.504,5.11670316221705e-11,-2.76593567486585e-12,-4.78531862610823e-13,-4.78531862610823e-13
9.505,5.10088001183315e-11,-2.75739017252049e-12,-4.77001345947633e-13,-4.77001345947633e-13
9.506,5.08510574797289e-11,-2.74887104535824e-12,-4.75475726279202e-13,-4.75475726279202e-13
9.507,5.06938021975064e-11,-2.74037821206209e-12,-4.73954987931307e-13,-4.73954987931307e-13
9.508,5.05370327674599e-11,-2.73191159156544e-12,-4.72439115279902e-13,-4.72439115279902e-13
9.509,5.0380747690023e-11,-2.72347110305133e-12,-4.70928092750972e-13,-4.70928092750972e-13
9.51,5.02249454702531e-11,-2.71505666595173e-12,-4.69421904820381e-13,-4.69421904820381e-13
9.511,5.0069624617816e-11,-2.70666819994666e-12,-4.67920536013694e-13,-4.67920536013694e-13
9.512,4.99147836469724e-11,-2.69830562496349e-12,-4.66423970906016e-13,-4.66423970906016e-13
9.513,4.97604210765647e-11,-2.68996886117623e-12,-4.64932194121859e-13,-4.64932194121859e-13
9.514,4.96065354300009e-11,-2.68165782900465e-12,-4.63445190334953e-13,-4.63445190334953e-13
9.515,4.94531252352418e-11,-2.67337244911362e-12,-4.61962944268112e-13,-4.61962944268112e-13
9.516,4.93001890247873e-11,-2.66511264241236e-12,-4.60485440693066e-13,-4.60485440693066e-13
9.517,4.91477253356615e-11,-2.6568783300536e-12,-4.59012664430296e-13,-4.59012664430296e-13
9.518,4.89957327093987e-11,-2.6486694334329e-12,-4.57544600348891e-13,-4.57544600348891e-13
9.519,4.88442096920311e-11,-2.64048587418794e-12,-4.56081233366402e-13,-4.56081233366402e-13
9.52,4.86931548340728e-11,-2.63232757419766e-12,-4.54622548448652e-13,-4.54622548448652e-13
9.521,4.85425666905073e-11,-2.62419445558161e-12,-4.53168530609627e-13,-4.53168530609627e-13
9.522,4.83924438207738e-11,-2.61608644069921e-12,-4.51719164911276e-13,-4.51719164911276e-13
9.523,4.82427847887528e-11,-2.60800345214894e-12,-4.50274436463387e-13,-4.50274436463387e-13
9.524,4.80935881627526e-11,-2.59994541276768e-12,-4.4883433042343e-13,-4.4883433042343e-13
9.525,4.79448525154958e-11,-2.59191224562992e-12,-4.47398831996383e-13,-4.47398831996383e-13
9.526,4.77965764241065e-11,-2.58390387404711e-12,-4.45967926434626e-13,-4.45967926434626e-13
9.527,4.76487584700951e-11,-2.57592022156682e-12,-4.44541599037732e-13,-4.44541599037732e-13
9.528,4.75013972393456e-11,-2.56796121197208e-12,-4.43119835152357e-13,-4.43119835152357e-13
9.529,4.73544913221031e-11,-2.56002676928069e-12,-4.4170262017208e-13,-4.4170262017208e-13
9.53,4.72080393129585e-11,-2.55211681774442e-12,-4.40289939537233e-13,-4.40289939537233e-13
9.531,4.70620398108363e-11,-2.54423128184831e-12,-4.38881778734777e-13,-4.38881778734777e-13
9.532,4.69164914189817e-11,-2.53637008631001e-12,-4.37478123298145e-13,-4.37478123298145e-13
9.533,4.67713927449457e-11,-2.528533156079e-12,-4.36078958807086e-13,-4.36078958807086e-13
9.534,4.66267424005729e-11,-2.52072041633587e-12,-4.34684270887522e-13,-4.34684270887522e-13
9.535,4.64825390019888e-11,-2.51293179249172e-12,-4.33294045211402e-13,-4.33294045211402e-13
9.536,4.63387811695854e-11,-2.50516721018728e-12,-4.31908267496547e-13,-4.31908267496547e-13
9.537,4.61954675280083e-11,-2.49742659529233e-12,-4.30526923506511e-13,-4.30526923506511e-13
9.538,4.60525967061449e-11,-2.48970987390498e-12,-4.29149999050428e-13,-4.29149999050428e-13
9.539,4.59101673371095e-11,-2.48201697235092e-12,-4.27777479982874e-13,-4.27777479982874e-13
9.54,4.57681780582314e-11,-2.47434781718274e-12,-4.26409352203715e-13,-4.26409352203715e-13
9.541,4.56266275110413e-11,-2.46670233517925e-12,-4.25045601657966e-13,-4.25045601657966e-13
9.542,4.54855143412596e-11,-2.45908045334478e-12,-4.23686214335646e-13,-4.23686214335646e-13
9.543,4.53448371987817e-11,-2.45148209890848e-12,-4.22331176271622e-13,-4.22331176271622e-13
9.544,4.52045947376662e-11,-2.44390719932358e-12,-4.20980473545485e-13,-4.20980473545485e-13
9.545,4.50647856161225e-11,-2.43635568226683e-12,-4.19634092281389e-13,-4.19634092281389e-13
9.546,4.49254084964967e-11,-2.42882747563767e-12,-4.18292018647934e-13,-4.18292018647934e-13
9.547,4.47864620452599e-11,-2.4213225075576e-12,-4.16954238857979e-13,-4.16954238857979e-13
9.548,4.46479449329954e-11,-2.41384070636955e-12,-4.15620739168555e-13,-4.15620739168555e-13
9.549,4.45098558343856e-11,-2.40638200063711e-12,-4.14291505880673e-13,-4.14291505880673e-13
9.55,4.43721934281992e-11,-2.3989463191439e-12,-4.12966525339219e-13,-4.12966525339219e-13
9.551,4.42349563972801e-11,-2.39153359089291e-12,-4.116457839328e-13,-4.116457839328e-13
9.552,4.40981434285326e-11,-2.38414374510578e-12,-4.10329268093606e-13,-4.10329268093606e-13
9.553,4.39617532129105e-11,-2.37677671122212e-12,-4.09016964297253e-13,-4.09016964297253e-13
9.554,4.38257844454047e-11,-2.36943241889894e-12,-4.07708859062677e-13,-4.07708859062677e-13
9.555,4.36902358250294e-11,-2.36211079800984e-12,-4.06404938951975e-13,-4.06404938951975e-13
9.556,4.3555106054811e-11,-2.35481177864445e-12,-4.05105190570264e-13,-4.05105190570264e-13
9.557,4.3420393841775e-11,-2.34753529110769e-12,-4.03809600565548e-13,-4.03809600565548e-13
9.558,4.32860978969347e-11,-2.34028126591921e-12,-4.02518155628594e-13,-4.02518155628594e-13
9.559,4.31522169352774e-11,-2.33304963381261e-12,-4.01230842492768e-13,-4.01230842492768e-13
9.56,4.30187496757531e-11,-2.32584032573485e-12,-3.99947647933916e-13,-3.99947647933916e-13
9.561,4.28856948412626e-11,-2.3186532728456e-12,-3.98668558770239e-13,-3.98668558770239e-13
9.562,4.27530511586446e-11,-2.31148840651653e-12,-3.97393561862118e-13,-3.97393561862118e-13
9.563,4.26208173586635e-11,-2.30434565833073e-12,-3.96122644112031e-13,-3.96122644112031e-13
9.564,4.24889921759984e-11,-2.29722496008201e-12,-3.9485579246437e-13,-3.9485579246437e-13
9.565,4.23575743492298e-11,-2.29012624377426e-12,-3.93592993905347e-13,-3.93592993905347e-13
9.566,4.2226562620828e-11,-2.2830494416208e-12,-3.92334235462824e-13,-3.92334235462824e-13
9.567,4.20959557371417e-11,-2.27599448604379e-12,-3.91079504206206e-13,-3.91079504206206e-13
9.568,4.19657524483852e-11,-2.26896130967349e-12,-3.89828787246304e-13,-3.89828787246304e-13
9.569,4.18359515086266e-11,-2.26194984534768e-12,-3.88582071735177e-13,-3.88582071735177e-13
9.57,4.1706551675777e-11,-2.25496002611106e-12,-3.87339344866044e-13,-3.87339344866044e-13
9.571,4.1577551711577e-11,-2.24799178521452e-12,-3.86100593873114e-13,-3.86100593873114e-13
9.572,4.14489503815863e-11,-2.24104505611457e-12,-3.84865806031474e-13,-3.84865806031474e-13
9.573,4.13207464551708e-11,-2.23411977247267e-12,-3.83634968656953e-13,-3.83634968656953e-13
9.574,4.11929387054924e-11,-2.22721586815466e-12,-3.82408069105985e-13,-3.82408069105985e-13
9.575,4.10655259094955e-11,-2.22033327723007e-12,-3.81185094775494e-13,-3.81185094775494e-13
9.576,4.09385068478963e-11,-2.21347193397149e-12,-3.79966033102748e-13,-3.79966033102748e-13
9.577,4.08118803051718e-11,-2.20663177285402e-12,-3.7875087156525e-13,-3.7875087156525e-13
9.578,4.06856450695469e-11,-2.19981272855456e-12,-3.77539597680583e-13,-3.77539597680583e-13
9.579,4.05597999329833e-11,-2.19301473595122e-12,-3.76332199006301e-13,-3.76332199006301e-13
9.58,4.04343436911689e-11,-2.18623773012275e-12,-3.75128663139795e-13,-3.75128663139795e-13
9.581,4.0309275143505e-11,-2.17948164634785e-12,-3.73928977718162e-13,-3.73928977718162e-13
9.582,4.01845930930954e-11,-2.17274642010457e-12,-3.72733130418094e-13,-3.72733130418094e-13
9.583,4.00602963467356e-11,-2.16603198706974e-12,-3.71541108955722e-13,-3.71541108955722e-13
9.584,3.99363837149003e-11,-2.15933828311833e-12,-3.70352901086516e-13,-3.70352901086516e-13
9.585,3.98128540117327e-11,-2.1526652443228e-12,-3.69168494605147e-13,-3.69168494605147e-13
9.586,3.96897060550336e-11,-2.14601280695259e-12,-3.67987877345369e-13,-3.67987877345369e-13
9.587,3.95669386662492e-11,-2.13938090747341e-12,-3.6681103717988e-13,-3.6681103717988e-13
9.588,3.94445506704604e-11,-2.13276948254671e-12,-3.65637962020209e-13,-3.65637962020209e-13
9.589,3.93225408963714e-11,-2.12617846902903e-12,-3.64468639816588e-13,-3.64468639816588e-13
9.59,3.92009081762994e-11,-2.11960780397145e-12,-3.63303058557831e-13,-3.63303058557831e-13
9.591,3.9079651346162e-11,-2.11305742461893e-12,-3.62141206271211e-13,-3.62141206271211e-13
9.592,3.89587692454669e-11,-2.10652726840975e-12,-3.60983071022318e-13,-3.60983071022318e-13
9.593,3.88382607173013e-11,-2.10001727297494e-12,-3.59828640914982e-13,-3.59828640914982e-13
9.594,3.871812460832e-11,-2.09352737613763e-12,-3.58677904091085e-13,-3.58677904091085e-13
9.595,3.85983597687345e-11,-2.08705751591248e-12,-3.57530848730501e-13,-3.57530848730501e-13
9.596,3.84789650523033e-11,-2.08060763050512e-12,-3.56387463050932e-13,-3.56387463050932e-13
9.597,3.8359939316319e-11,-2.07417765831153e-12,-3.55247735307818e-13,-3.55247735307818e-13
9.598,3.82412814215986e-11,-2.06776753791745e-12,-3.54111653794183e-13,-3.54111653794183e-13
9.599,3.81229902324731e-11,-2.06137720809785e-12,-3.52979206840553e-13,-3.52979206840553e-13
9.6,3.80050646167754e-11,-2.05500660781626e-12,-3.51850382814797e-13,-3.51850382814797e-13
9.601,3.78875034458302e-11,-2.04865567622427e-12,-3.50725170122037e-13,-3.50725170122037e-13
9.602,3.77703055944432e-11,-2.04232435266089e-12,-3.49603557204512e-13,-3.49603557204512e-13
9.603,3.76534699408908e-11,-2.03601257665204e-12,-3.48485532541467e-13,-3.48485532541467e-13
9.604,3.75369953669085e-11,-2.02972028790991e-12,-3.47371084649035e-13,-3.47371084649035e-13
9.605,3.74208807576805e-11,-2.02344742633242e-12,-3.46260202080109e-13,-3.46260202080109e-13
9.606,3.73051250018303e-11,-2.01719393200266e-12,-3.45152873424236e-13,-3.45152873424236e-13
9.607,3.7189726991408e-11,-2.01095974518827e-12,-3.44049087307499e-13,-3.44049087307499e-13
9.608,3.70746856218811e-11,-2.00474480634093e-12,-3.42948832392388e-13,-3.42948832392388e-13
9.609,3.69599997921244e-11,-1.99854905609577e-12,-3.41852097377695e-13,-3.41852097377695e-13
9.61,3.68456684044079e-11,-1.99237243527078e-12,-3.40758870998393e-13,-3.40758870998393e-13
9.611,3.67316903643876e-11,-1.9862148848663e-12,-3.3966914202552e-13,-3.3966914202552e-13
9.612,3.66180645810952e-11,-1.98007634606442e-12,-3.38582899266069e-13,-3.38582899266069e-13
9.613,3.65047899669264e-11,-1.97395676022844e-12,-3.37500131562867e-13,-3.37500131562867e-13
9.614,3.63918654376317e-11,-1.96785606890227e-12,-3.36420827794452e-13,-3.36420827794452e-13
9.615,3.62792899123062e-11,-1.96177421380996e-12,-3.35344976874988e-13,-3.35344976874988e-13
9.616,3.6167062313378e-11,-1.95571113685505e-12,-3.3427256775411e-13,-3.3427256775411e-13
9.617,3.60551815665991e-11,-1.94966678012008e-12,-3.33203589416848e-13,-3.33203589416848e-13
9.618,3.59436466010353e-11,-1.94364108586604e-12,-3.32138030883486e-13,-3.32138030883486e-13
9.619,3.58324563490548e-11,-1.93763399653177e-12,-3.31075881209469e-13,-3.31075881209469e-13
9.62,3.57216097463189e-11,-1.93164545473346e-12,-3.30017129485275e-13,-3.30017129485275e-13
9.621,3.56111057317717e-11,-1.92567540326406e-12,-3.2896176483631e-13,-3.2896176483631e-13
9.622,3.55009432476304e-11,-1.91972378509283e-12,-3.27909776422802e-13,-3.27909776422802e-13
9.623,3.53911212393742e-11,-1.91379054336468e-12,-3.26861153439678e-13,-3.26861153439678e-13
9.624,3.52816386557349e-11,-1.90787562139968e-12,-3.25815885116457e-13,-3.25815885116457e-13
9.625,3.51724944486874e-11,-1.90197896269256e-12,-3.24773960717144e-13,-3.24773960717144e-13
9.626,3.50636875734384e-11,-1.89610051091211e-12,-3.23735369540113e-13,-3.23735369540113e-13
9.627,3.49552169884174e-11,-1.89024020990066e-12,-3.22700100917997e-13,-3.22700100917997e-13
9.628,3.4847081655267e-11,-1.88439800367359e-12,-3.21668144217594e-13,-3.21668144217594e-13
9.629,3.47392805388318e-11,-1.87857383641873e-12,-3.20639488839724e-13,-3.20639488839724e-13
9.63,3.46318126071496e-11,-1.87276765249588e-12,-3.19614124219157e-13,-3.19614124219157e-13
9.631,3.45246768314415e-11,-1.86697939643627e-12,-3.18592039824481e-13,-3.18592039824481e-13
9.632,3.44178721861014e-11,-1.86120901294201e-12,-3.17573225158002e-13,-3.17573225158002e-13
9.633,3.4311397648687e-11,-1.85545644688559e-12,-3.16557669755639e-13,-3.16557669755639e-13
9.634,3.42052521999092e-11,-1.84972164330933e-12,-3.15545363186796e-13,-3.15545363186796e-13
9.635,3.40994348236237e-11,-1.84400454742491e-12,-3.1453629505429e-13,-3.1453629505429e-13
9.636,3.39939445068197e-11,-1.83830510461277e-12,-3.13530454994217e-13,-3.13530454994217e-13
9.637,3.38887802396114e-11,-1.83262326042166e-12,-3.12527832675848e-13,-3.12527832675848e-13
9.638,3.37839410152281e-11,-1.8269589605681e-12,-3.11528417801533e-13,-3.11528417801533e-13
9.639,3.36794258300045e-11,-1.82131215093583e-12,-3.10532200106594e-13,-3.10532200106594e-13
9.64,3.35752336833708e-11,-1.81568277757533e-12,-3.09539169359203e-13,-3.09539169359203e-13
9.641,3.34713635778441e-11,-1.81007078670334e-12,-3.08549315360304e-13,-3.08549315360304e-13
9.642,3.33678145190178e-11,-1.80447612470228e-12,-3.0756262794348e-13,-3.0756262794348e-13
9.643,3.32645855155527e-11,-1.79889873811974e-12,-3.06579096974861e-13,-3.06579096974861e-13
9.644,3.31616755791679e-11,-1.79333857366807e-12,-3.0559871235304e-13,-3.0559871235304e-13
9.645,3.30590837246305e-11,-1.78779557822375e-12,-3.04621464008928e-13,-3.04621464008928e-13
9.646,3.29568089697466e-11,-1.78226969882694e-12,-3.03647341905679e-13,-3.03647341905679e-13
9.647,3.28548503353527e-11,-1.77676088268103e-12,-3.02676336038581e-13,-3.02676336038581e-13
9.648,3.27532068453048e-11,-1.77126907715202e-12,-3.01708436434948e-13,-3.01708436434948e-13
9.649,3.26518775264704e-11,-1.76579422976811e-12,-3.00743633154027e-13,-3.00743633154027e-13
9.65,3.25508614087185e-11,-1.76033628821917e-12,-2.99781916286881e-13,-2.99781916286881e-13
9.651,3.24501575249112e-11,-1.75489520035627e-12,-2.98823275956308e-13,-2.98823275956308e-13
9.652,3.23497649108934e-11,-1.74947091419112e-12,-2.97867702316717e-13,-2.97867702316717e-13
9.653,3.22496826054841e-11,-1.74406337789563e-12,-2.96915185554041e-13,-2.96915185554041e-13
9.654,3.21499096504677e-11,-1.73867253980142e-12,-2.95965715885633e-13,-2.95965715885633e-13
9.655,3.2050445090584e-11,-1.7332983483993e-12,-2.95019283560161e-13,-2.95019283560161e-13
9.656,3.19512879735194e-11,-1.72794075233878e-12,-2.94075878857513e-13,-2.94075878857513e-13
9.657,3.18524373498986e-11,-1.72259970042761e-12,-2.93135492088693e-13,-2.93135492088693e-13
9.658,3.17538922732742e-11,-1.71727514163127e-12,-2.92198113595732e-13,-2.92198113595732e-13
9.659,3.16556518001185e-11,-1.71196702507248e-12,-2.91263733751571e-13,-2.91263733751571e-13
9.66,3.15577149898148e-11,-1.70667530003075e-12,-2.90332342959973e-13,-2.90332342959973e-13
9.661,3.14600809046474e-11,-1.70139991594186e-12,-2.89403931655425e-13,-2.89403931655425e-13
9.662,3.13627486097935e-11,-1.69614082239738e-12,-2.88478490303033e-13,-2.88478490303033e-13
9.663,3.12657171733142e-11,-1.69089796914423e-12,-2.87556009398435e-13,-2.87556009398435e-13
9.664,3.11689856661452e-11,-1.68567130608417e-12,-2.86636479467691e-13,-2.86636479467691e-13
9.665,3.10725531620884e-11,-1.68046078327332e-12,-2.85719891067189e-13,-2.85719891067189e-13
9.666,3.09764187378024e-11,-1.67526635092167e-12,-2.84806234783554e-13,-2.84806234783554e-13
9.667,3.0880581472795e-11,-1.6700879593927e-12,-2.83895501233541e-13,-2.83895501233541e-13
9.668,3.07850404494128e-11,-1.66492555920277e-12,-2.82987681063952e-13,-2.82987681063952e-13
9.669,3.06897947528334e-11,-1.65977910102075e-12,-2.8208276495153e-13,-2.8208276495153e-13
9.67,3.0594843471057e-11,-1.65464853566752e-12,-2.81180743602862e-13,-2.81180743602862e-13
9.671,3.05001856948967e-11,-1.64953381411549e-12,-2.80281607754287e-13,-2.80281607754287e-13
9.672,3.04058205179703e-11,-1.64443488748813e-12,-2.79385348171802e-13,-2.79385348171802e-13
9.673,3.03117470366921e-11,-1.63935170705956e-12,-2.78491955650963e-13,-2.78491955650963e-13
9.674,3.02179643502637e-11,-1.63428422425401e-12,-2.77601421016796e-13,-2.77601421016796e-13
9.675,3.01244715606653e-11,-1.6292323906454e-12,-2.76713735123697e-13,-2.76713735123697e-13
9.676,3.0031267772648e-11,-1.6241961579569e-12,-2.75828888855343e-13,-2.75828888855343e-13
9.677,2.99383520937243e-11,-1.61917547806041e-12,-2.74946873124594e-13,-2.74946873124594e-13
9.678,2.98457236341599e-11,-1.61417030297613e-12,-2.74067678873399e-13,-2.74067678873399e-13
9.679,2.97533815069659e-11,-1.60918058487216e-12,-2.73191297072705e-13,-2.73191297072705e-13
9.68,2.9661324827889e-11,-1.60420627606395e-12,-2.72317718722367e-13,-2.72317718722367e-13
9.681,2.95695527154043e-11,-1.59924732901389e-12,-2.71446934851049e-13,-2.71446934851049e-13
9.682,2.9478064290706e-11,-1.59430369633088e-12,-2.70578936516138e-13,-2.70578936516138e-13
9.683,2.93868586776999e-11,-1.58937533076986e-12,-2.69713714803651e-13,-2.69713714803651e-13
9.684,2.92959350029944e-11,-1.58446218523133e-12,-2.68851260828134e-13,-2.68851260828134e-13
9.685,2.92052923958919e-11,-1.57956421276094e-12,-2.67991565732581e-13,-2.67991565732581e-13
9.686,2.91149299883819e-11,-1.57468136654907e-12,-2.67134620688349e-13,-2.67134620688349e-13
9.687,2.90248469151307e-11,-1.56981359993029e-12,-2.66280416895045e-13,-2.66280416895045e-13
9.688,2.89350423134748e-11,-1.56496086638301e-12,-2.65428945580457e-13,-2.65428945580457e-13
9.689,2.88455153234121e-11,-1.560123119529e-12,-2.64580198000449e-13,-2.64580198000449e-13
9.69,2.87562650875936e-11,-1.55530031313294e-12,-2.63734165438886e-13,-2.63734165438886e-13
9.691,2.86672907513149e-11,-1.55049240110199e-12,-2.62890839207527e-13,-2.62890839207527e-13
9.692,2.85785914625092e-11,-1.54569933748536e-12,-2.6205021064595e-13,-2.6205021064595e-13
9.693,2.84901663717379e-11,-1.54092107647386e-12,-2.6121227112146e-13,-2.6121227112146e-13
9.694,2.84020146321829e-11,-1.53615757239945e-12,-2.60377012028987e-13,-2.60377012028987e-13
9.695,2.83141353996395e-11,-1.53140877973487e-12,-2.59544424791021e-13,-2.59544424791021e-13
9.696,2.82265278325065e-11,-1.52667465309313e-12,-2.58714500857502e-13,-2.58714500857502e-13
9.697,2.81391910917796e-11,-1.5219551472271e-12,-2.57887231705745e-13,-2.57887231705745e-13
9.698,2.8052124341043e-11,-1.51725021702909e-12,-2.57062608840346e-13,-2.57062608840346e-13
9.699,2.79653267464615e-11,-1.51255981753046e-12,-2.56240623793096e-13,-2.56240623793096e-13
9.7,2.78787974767722e-11,-1.50788390390111e-12,-2.55421268122903e-13,-2.55421268122903e-13
9.701,2.77925357032768e-11,-1.5032224314491e-12,-2.54604533415683e-13,-2.54604533415683e-13
9.702,2.7706540599834e-11,-1.49857535562024e-12,-2.53790411284302e-13,-2.53790411284302e-13
9.703,2.76208113428512e-11,-1.49394263199763e-12,-2.52978893368467e-13,-2.52978893368467e-13
9.704,2.75353471112764e-11,-1.48932421630124e-12,-2.52169971334649e-13,-2.52169971334649e-13
9.705,2.74501470865916e-11,-1.48472006438754e-12,-2.51363636875997e-13,-2.51363636875997e-13
9.706,2.73652104528032e-11,-1.48013013224902e-12,-2.50559881712252e-13,-2.50559881712252e-13
9.707,2.72805363964357e-11,-1.47555437601376e-12,-2.49758697589667e-13,-2.49758697589667e-13
9.708,2.71961241065234e-11,-1.47099275194512e-12,-2.48960076280911e-13,-2.48960076280911e-13
9.709,2.71119727746024e-11,-1.46644521644118e-12,-2.48164009584988e-13,-2.48164009584988e-13
9.71,2.70280815947033e-11,-1.46191172603443e-12,-2.47370489327163e-13,-2.47370489327163e-13
9.711,2.69444497633435e-11,-1.45739223739133e-12,-2.46579507358871e-13,-2.46579507358871e-13
9.712,2.68610764795191e-11,-1.45288670731185e-12,-2.45791055557616e-13,-2.45791055557616e-13
9.713,2.67779609446979e-11,-1.44839509272913e-12,-2.45005125826923e-13,-2.45005125826923e-13
9.714,2.66951023628109e-11,-1.44391735070901e-12,-2.44221710096229e-13,-2.44221710096229e-13
9.715,2.66124999402462e-11,-1.4394534384497e-12,-2.43440800320799e-13,-2.43440800320799e-13
9.716,2.65301528858395e-11,-1.43500331328126e-12,-2.4266238848166e-13,-2.4266238848166e-13
9.717,2.64480604108679e-11,-1.43056693266529e-12,-2.41886466585507e-13,-2.41886466585507e-13
9.718,2.63662217290423e-11,-1.42614425419449e-12,-2.41113026664624e-13,-2.41113026664624e-13
9.719,2.62846360564993e-11,-1.42173523559225e-12,-2.40342060776796e-13,-2.40342060776796e-13
9.72,2.6203302611794e-11,-1.41733983471224e-12,-2.39573561005231e-13,-2.39573561005231e-13
9.721,2.61222206158928e-11,-1.41295800953808e-12,-2.38807519458495e-13,-2.38807519458495e-13
9.722,2.60413892921657e-11,-1.40858971818281e-12,-2.38043928270401e-13,-2.38043928270401e-13
9.723,2.59608078663786e-11,-1.40423491888861e-12,-2.37282779599942e-13,-2.37282779599942e-13
9.724,2.58804755666868e-11,-1.39989357002637e-12,-2.36524065631221e-13,-2.36524065631221e-13
9.725,2.58003916236269e-11,-1.39556563009523e-12,-2.35767778573358e-13,-2.35767778573358e-13
9.726,2.57205552701094e-11,-1.39125105772228e-12,-2.35013910660411e-13,-2.35013910660411e-13
9.727,2.56409657414118e-11,-1.38694981166211e-12,-2.34262454151294e-13,-2.34262454151294e-13
9.728,2.55616222751714e-11,-1.38266185079644e-12,-2.33513401329708e-13,-2.33513401329708e-13
9.729,2.54825241113775e-11,-1.37838713413371e-12,-2.32766744504053e-13,-2.32766744504053e-13
9.73,2.54036704923642e-11,-1.37412562080868e-12,-2.32022476007347e-13,-2.32022476007347e-13
9.731,2.5325060662804e-11,-1.36987727008211e-12,-2.3128058819716e-13,-2.3128058819716e-13
9.732,2.52466938696996e-11,-1.36564204134028e-12,-2.30541073455513e-13,-2.30541073455513e-13
9.733,2.5168569362377e-11,-1.36141989409465e-12,-2.29803924188828e-13,-2.29803924188828e-13
9.734,2.50906863924787e-11,-1.3572107879815e-12,-2.29069132827824e-13,-2.29069132827824e-13
9.735,2.50130442139563e-11,-1.35301468276148e-12,-2.28336691827455e-13,-2.28336691827455e-13
9.736,2.49356420830631e-11,-1.34883153831929e-12,-2.27606593666826e-13,-2.27606593666826e-13
9.737,2.48584792583478e-11,-1.34466131466326e-12,-2.26878830849115e-13,-2.26878830849115e-13
9.738,2.47815550006464e-11,-1.34050397192499e-12,-2.26153395901502e-13,-2.26153395901502e-13
9.739,2.47048685730757e-11,-1.33635947035894e-12,-2.25430281375087e-13,-2.25430281375087e-13
9.74,2.46284192410269e-11,-1.33222777034211e-12,-2.24709479844817e-13,-2.24709479844817e-13
9.741,2.45522062721572e-11,-1.32810883237359e-12,-2.23990983909402e-13,-2.23990983909402e-13
9.742,2.44762289363837e-11,-1.32400261707423e-12,-2.23274786191244e-13,-2.23274786191244e-13
9.743,2.44004865058766e-11,-1.31990908518628e-12,-2.22560879336373e-13,-2.22560879336373e-13
9.744,2.43249782550516e-11,-1.31582819757296e-12,-2.2184925601434e-13,-2.2184925601434e-13
9.745,2.42497034605635e-11,-1.31175991521813e-12,-2.21139908918181e-13,-2.21139908918181e-13
9.746,2.41746614012988e-11,-1.30770419922592e-12,-2.20432830764304e-13,-2.20432830764304e-13
9.747,2.40998513583698e-11,-1.30366101082034e-12,-2.19728014292451e-13,-2.19728014292451e-13
9.748,2.40252726151064e-11,-1.29963031134491e-12,-2.19025452265591e-13,-2.19025452265591e-13
9.749,2.39509244570501e-11,-1.2956120622623e-12,-2.18325137469863e-13,-2.18325137469863e-13
9.75,2.38768061719473e-11,-1.29160622515398e-12,-2.17627062714498e-13,-2.17627062714498e-13
9.751,2.38029170497421e-11,-1.28761276171984e-12,-2.16931220831745e-13,-2.16931220831745e-13
9.752,2.37292563825693e-11,-1.2836316337778e-12,-2.16237604676797e-13,-2.16237604676797e-13
9.753,2.36558234647485e-11,-1.27966280326348e-12,-2.15546207127721e-13,-2.15546207127721e-13
9.754,2.35826175927767e-11,-1.27570623222985e-12,-2.14857021085376e-13,-2.14857021085376e-13
9.755,2.35096380653215e-11,-1.27176188284681e-12,-2.1417003947335e-13,-2.1417003947335e-13
9.756,2.34368841832152e-11,-1.26782971740089e-12,-2.13485255237881e-13,-2.13485255237881e-13
9.757,2.33643552494469e-11,-1.26390969829487e-12,-2.12802661347788e-13,-2.12802661347788e-13
9.758,2.32920505691572e-11,-1.26000178804741e-12,-2.12122250794396e-13,-2.12122250794396e-13
9.759,2.32199694496302e-11,-1.25610594929269e-12,-2.1144401659146e-13,-2.1144401659146e-13
9.76,2.31481112002885e-11,-1.2522221447801e-12,-2.10767951775106e-13,-2.10767951775106e-13
9.761,2.3076475132685e-11,-1.24835033737383e-12,-2.10094049403749e-13,-2.10094049403749e-13
9.762,2.30050605604972e-11,-1.24449049005254e-12,-2.0942230255802e-13,-2.0942230255802e-13
9.763,2.29338667995207e-11,-1.24064256590901e-12,-2.08752704340707e-13,-2.08752704340707e-13
9.764,2.28628931676623e-11,-1.2368065281498e-12,-2.08085247876666e-13,-2.08085247876666e-13
9.765,2.27921389849335e-11,-1.23298234009485e-12,-2.07419926312767e-13,-2.07419926312767e-13
9.766,2.27216035734447e-11,-1.2291699651772e-12,-2.06756732817818e-13,-2.06756732817818e-13
9.767,2.26512862573977e-11,-1.22536936694259e-12,-2.06095660582485e-13,-2.06095660582485e-13
9.768,2.25811863630798e-11,-1.22158050904913e-12,-2.05436702819241e-13,-2.05436702819241e-13
9.769,2.25113032188577e-11,-1.21780335526698e-12,-2.04779852762279e-13,-2.04779852762279e-13
9.77,2.24416361551703e-11,-1.21403786947795e-12,-2.04125103667452e-13,-2.04125103667452e-13
9.771,2.23721845045228e-11,-1.21028401567518e-12,-2.034724488122e-13,-2.034724488122e-13
9.772,2.23029476014806e-11,-1.20654175796284e-12,-2.02821881495481e-13,-2.02821881495481e-13
9.773,2.22339247826622e-11,-1.20281106055572e-12,-2.02173395037706e-13,-2.02173395037706e-13
9.774,2.21651153867334e-11,-1.19909188777893e-12,-2.01526982780663e-13,-2.01526982780663e-13
9.775,2.20965187544009e-11,-1.19538420406756e-12,-2.00882638087451e-13,-2.00882638087451e-13
9.776,2.20281342284062e-11,-1.19168797396633e-12,-2.00240354342423e-13,-2.00240354342423e-13
9.777,2.19599611535187e-11,-1.18800316212924e-12,-1.996001249511e-13,-1.996001249511e-13
9.778,2.18919988765299e-11,-1.18432973331925e-12,-1.98961943340112e-13,-1.98961943340112e-13
9.779,2.18242467462476e-11,-1.18066765240797e-12,-1.98325802957133e-13,-1.98325802957133e-13
9.78,2.17567041134887e-11,-1.17701688437527e-12,-1.9769169727081e-13,-1.9769169727081e-13
9.781,2.16893703310736e-11,-1.17337739430899e-12,-1.97059619770692e-13,-1.97059619770692e-13
9.782,2.16222447538202e-11,-1.16974914740459e-12,-1.96429563967178e-13,-1.96429563967178e-13
9.783,2.15553267385372e-11,-1.16613210896482e-12,-1.95801523391427e-13,-1.95801523391427e-13
9.784,2.14886156440181e-11,-1.16252624439937e-12,-1.95175491595309e-13,-1.95175491595309e-13
9.785,2.14221108310359e-11,-1.15893151922461e-12,-1.9455146215134e-13,-1.9455146215134e-13
9.786,2.13558116623355e-11,-1.15534789906318e-12,-1.93929428652607e-13,-1.93929428652607e-13
9.787,2.1289717502629e-11,-1.15177534964368e-12,-1.93309384712693e-13,-1.93309384712693e-13
9.788,2.12238277185888e-11,-1.14821383680041e-12,-1.92691323965644e-13,-1.92691323965644e-13
9.789,2.11581416788421e-11,-1.14466332647296e-12,-1.92075240065864e-13,-1.92075240065864e-13
9.79,2.10926587539642e-11,-1.14112378470591e-12,-1.9146112668808e-13,-1.9146112668808e-13
9.791,2.10273783164732e-11,-1.13759517764853e-12,-1.90848977527263e-13,-1.90848977527263e-13
9.792,2.09622997408237e-11,-1.13407747155448e-12,-1.90238786298566e-13,-1.90238786298566e-13
9.793,2.08974224034008e-11,-1.13057063278139e-12,-1.89630546737255e-13,-1.89630546737255e-13
9.794,2.0832745682514e-11,-1.12707462779064e-12,-1.89024252598648e-13,-1.89024252598648e-13
9.795,2.0768268958392e-11,-1.123589423147e-12,-1.88419897658066e-13,-1.88419897658066e-13
9.796,2.07039916131755e-11,-1.12011498551832e-12,-1.87817475710732e-13,-1.87817475710732e-13
9.797,2.06399130309126e-11,-1.11665128167518e-12,-1.8721698057175e-13,-1.8721698057175e-13
9.798,2.05760325975522e-11,-1.11319827849064e-12,-1.86618406076007e-13,-1.86618406076007e-13
9.799,2.05123497009384e-11,-1.10975594293986e-12,-1.86021746078129e-13,-1.86021746078129e-13
9.8,2.04488637308042e-11,-1.10632424209981e-12,-1.85426994452415e-13,-1.85426994452415e-13
9.801,2.03855740787665e-11,-1.10290314314898e-12,-1.84834145092771e-13,-1.84834145092771e-13
9.802,2.03224801383197e-11,-1.09949261336703e-12,-1.8424319191264e-13,-1.8424319191264e-13
9.803,2.02595813048297e-11,-1.09609262013448e-12,-1.83654128844955e-13,-1.83654128844955e-13
9.804,2.01968769755291e-11,-1.09270313093245e-12,-1.83066949842068e-13,-1.83066949842068e-13
9.805,2.01343665495104e-11,-1.08932411334228e-12,-1.82481648875684e-13,-1.82481648875684e-13
9.806,2.00720494277207e-11,-1.08595553504527e-12,-1.81898219936811e-13,-1.81898219936811e-13
9.807,2.00099250129559e-11,-1.08259736382234e-12,-1.81316657035682e-13,-1.81316657035682e-13
9.808,1.99479927098556e-11,-1.07924956755378e-12,-1.80736954201709e-13,-1.80736954201709e-13
9.809,1.98862519248962e-11,-1.07591211421886e-12,-1.80159105483414e-13,-1.80159105483414e-13
9.81,1.98247020663863e-11,-1.07258497189559e-12,-1.79583104948361e-13,-1.79583104948361e-13
9.811,1.97633425444606e-11,-1.06926810876041e-12,-1.79008946683116e-13,-1.79008946683116e-13
9.812,1.97021727710744e-11,-1.06596149308784e-12,-1.78436624793161e-13,-1.78436624793161e-13
9.813,1.96411921599977e-11,-1.06266509325022e-12,-1.77866133402849e-13,-1.77866133402849e-13
9.814,1.95804001268102e-11,-1.05937887771742e-12,-1.77297466655343e-13,-1.77297466655343e-13
9.815,1.95197960888951e-11,-1.0561028150565e-12,-1.76730618712552e-13,-1.76730618712552e-13
9.816,1.94593794654338e-11,-1.05283687393143e-12,-1.76165583755065e-13,-1.76165583755065e-13
9.817,1.93991496774006e-11,-1.0495810231028e-12,-1.75602355982105e-13,-1.75602355982105e-13
9.818,1.93391061475566e-11,-1.04633523142751e-12,-1.75040929611459e-13,-1.75040929611459e-13
9.819,1.92792483004446e-11,-1.04309946785846e-12,-1.74481298879422e-13,-1.74481298879422e-13
9.82,1.92195755623837e-11,-1.03987370144431e-12,-1.73923458040734e-13,-1.73923458040734e-13
9.821,1.91600873614635e-11,-1.0366579013291e-12,-1.73367401368534e-13,-1.73367401368534e-13
9.822,1.91007831275388e-11,-1.03345203675204e-12,-1.7281312315428e-13,-1.7281312315428e-13
9.823,1.90416622922242e-11,-1.03025607704715e-12,-1.72260617707707e-13,-1.72260617707707e-13
9.824,1.89827242888885e-11,-1.02706999164303e-12,-1.71709879356768e-13,-1.71709879356768e-13
9.825,1.89239685526497e-11,-1.02389375006252e-12,-1.7116090244756e-13,-1.7116090244756e-13
9.826,1.88653945203688e-11,-1.0207273219224e-12,-1.70613681344285e-13,-1.70613681344285e-13
9.827,1.88070016306455e-11,-1.01757067693317e-12,-1.70068210429183e-13,-1.70068210429183e-13
9.828,1.8748789323812e-11,-1.01442378489871e-12,-1.69524484102472e-13,-1.69524484102472e-13
9.829,1.86907570419279e-11,-1.01128661571597e-12,-1.68982496782293e-13,-1.68982496782293e-13
9.83,1.86329042287752e-11,-1.00815913937475e-12,-1.68442242904658e-13,-1.68442242904658e-13
9.831,1.85752303298523e-11,-1.00504132595736e-12,-1.67903716923385e-13,-1.67903716923385e-13
9.832,1.85177347923693e-11,-1.00193314563834e-12,-1.67366913310041e-13,-1.67366913310041e-13
9.833,1.84604170652428e-11,-9.98834568684234e-13,-1.66831826553892e-13,-1.66831826553892e-13
9.834,1.840327659909e-11,-9.95745565453216e-13,-1.66298451161842e-13,-1.66298451161842e-13
9.835,1.83463128462238e-11,-9.92666106394868e-13,-1.65766781658376e-13,-1.65766781658376e-13
9.836,1.82895252606481e-11,-9.89596162049899e-13,-1.65236812585505e-13,-1.65236812585505e-13
9.837,1.82329132980515e-11,-9.86535703049831e-13,-1.64708538502707e-13,-1.64708538502707e-13
9.838,1.81764764158031e-11,-9.83484700116746e-13,-1.64181953986876e-13,-1.64181953986876e-13
9.839,1.81202140729466e-11,-9.80443124062991e-13,-1.63657053632266e-13,-1.63657053632266e-13
9.84,1.80641257301958e-11,-9.77410945790925e-13,-1.63133832050429e-13,-1.63133832050429e-13
9.841,1.80082108499288e-11,-9.74388136292609e-13,-1.62612283870165e-13,-1.62612283870165e-13
9.842,1.79524688961833e-11,-9.71374666649546e-13,-1.62092403737464e-13,-1.62092403737464e-13
9.843,1.78968993346514e-11,-9.68370508032419e-13,-1.61574186315459e-13,-1.61574186315459e-13
9.844,1.78415016326744e-11,-9.6537563170079e-13,-1.61057626284357e-13,-1.61057626284357e-13
9.845,1.77862752592375e-11,-9.62390009002833e-13,-1.60542718341395e-13,-1.60542718341395e-13
9.846,1.77312196849656e-11,-9.59413611375089e-13,-1.60029457200784e-13,-1.60029457200784e-13
9.847,1.76763343821172e-11,-9.56446410342151e-13,-1.59517837593652e-13,-1.59517837593652e-13
9.848,1.76216188245796e-11,-9.53488377516415e-13,-1.59007854267988e-13,-1.59007854267988e-13
9.849,1.75670724878648e-11,-9.50539484597825e-13,-1.58499501988595e-13,-1.58499501988595e-13
9.85,1.75126948491031e-11,-9.47599703373568e-13,-1.57992775537033e-13,-1.57992775537033e-13
9.851,1.74584853870391e-11,-9.44669005717827e-13,-1.57487669711558e-13,-1.57487669711558e-13
9.852,1.74044435820263e-11,-9.41747363591522e-13,-1.5698417932708e-13,-1.5698417932708e-13
9.853,1.73505689160224e-11,-9.38834749042017e-13,-1.56482299215105e-13,-1.56482299215105e-13
9.854,1.72968608725839e-11,-9.35931134202871e-13,-1.5598202422368e-13,-1.5598202422368e-13
9.855,1.72433189368617e-11,-9.33036491293567e-13,-1.55483349217341e-13,-1.55483349217341e-13
9.856,1.71899425955959e-11,-9.3015079261926e-13,-1.54986269077061e-13,-1.54986269077061e-13
9.857,1.71367313371111e-11,-9.27274010570491e-13,-1.54490778700202e-13,-1.54490778700202e-13
9.858,1.70836846513109e-11,-9.24406117622933e-13,-1.53996873000446e-13,-1.53996873000446e-13
9.859,1.7030802029674e-11,-9.21547086337147e-13,-1.5350454690777e-13,-1.5350454690777e-13
9.86,1.69780829652487e-11,-9.1869688935829e-13,-1.53013795368363e-13,-1.53013795368363e-13
9.861,1.69255269526479e-11,-9.15855499415869e-13,-1.52524613344602e-13,-1.52524613344602e-13
9.862,1.68731334880451e-11,-9.13022889323497e-13,-1.52036995814978e-13,-1.52036995814978e-13
9.863,1.68209020691686e-11,-9.10199031978602e-13,-1.51550937774058e-13,-1.51550937774058e-13
9.864,1.67688321952974e-11,-9.07383900362186e-13,-1.51066434232432e-13,-1.51066434232432e-13
9.865,1.67169233672562e-11,-9.04577467538581e-13,-1.50583480216656e-13,-1.50583480216656e-13
9.866,1.66651750874104e-11,-9.01779706655166e-13,-1.50102070769201e-13,-1.50102070769201e-13
9.867,1.66135868596617e-11,-8.98990590942119e-13,-1.49622200948412e-13,-1.49622200948412e-13
9.868,1.65621581894435e-11,-8.96210093712185e-13,-1.49143865828444e-13,-1.49143865828444e-13
9.869,1.65108885837155e-11,-8.93438188360385e-13,-1.48667060499221e-13,-1.48667060499221e-13
9.87,1.64597775509596e-11,-8.90674848363788e-13,-1.48191780066384e-13,-1.48191780066384e-13
9.871,1.64088246011749e-11,-8.87920047281245e-13,-1.47718019651233e-13,-1.47718019651233e-13
9.872,1.63580292458732e-11,-8.85173758753158e-13,-1.47245774390688e-13,-1.47245774390688e-13
9.873,1.63073909980744e-11,-8.82435956501199e-13,-1.46775039437229e-13,-1.46775039437229e-13
9.874,1.62569093723014e-11,-8.79706614328073e-13,-1.46305809958855e-13,-1.46305809958855e-13
9.875,1.62065838845761e-11,-8.76985706117287e-13,-1.45838081139027e-13,-1.45838081139027e-13
9.876,1.61564140524142e-11,-8.74273205832869e-13,-1.45371848176625e-13,-1.45371848176625e-13
9.877,1.6106399394821e-11,-8.71569087519132e-13,-1.44907106285892e-13,-1.44907106285892e-13
9.878,1.60565394322867e-11,-8.68873325300448e-13,-1.44443850696393e-13,-1.44443850696393e-13
9.879,1.60068336867816e-11,-8.66185893380966e-13,-1.43982076652951e-13,-1.43982076652951e-13
9.88,1.59572816817518e-11,-8.63506766044386e-13,-1.43521779415617e-13,-1.43521779415617e-13
9.881,1.59078829421147e-11,-8.60835917653723e-13,-1.43062954259613e-13,-1.43062954259613e-13
9.882,1.58586369942541e-11,-8.58173322651038e-13,-1.42605596475277e-13,-1.42605596475277e-13
9.883,1.5809543366016e-11,-8.55518955557212e-13,-1.42149701368027e-13,-1.42149701368027e-13
9.884,1.5760601586704e-11,-8.52872790971694e-13,-1.41695264258296e-13,-1.41695264258296e-13
9.885,1.57118111870748e-11,-8.50234803572279e-13,-1.41242280481505e-13,-1.41242280481505e-13
9.886,1.56631716993337e-11,-8.47604968114835e-13,-1.40790745387999e-13,-1.40790745387999e-13
9.887,1.56146826571302e-11,-8.44983259433082e-13,-1.40340654343005e-13,-1.40340654343005e-13
9.888,1.55663435955534e-11,-8.4236965243836e-13,-1.39892002726582e-13,-1.39892002726582e-13
9.889,1.55181540511278e-11,-8.39764122119367e-13,-1.39444785933577e-13,-1.39444785933577e-13
9.89,1.54701135618085e-11,-8.37166643541933e-13,-1.38998999373577e-13,-1.38998999373577e-13
9.891,1.54222216669774e-11,-8.34577191848795e-13,-1.38554638470859e-13,-1.38554638470859e-13
9.892,1.5374477907438e-11,-8.31995742259333e-13,-1.38111698664345e-13,-1.38111698664345e-13
9.893,1.53268818254117e-11,-8.29422270069349e-13,-1.37670175407553e-13,-1.37670175407553e-13
9.894,1.5279432964533e-11,-8.26856750650846e-13,-1.37230064168555e-13,-1.37230064168555e-13
9.895,1.52321308698455e-11,-8.24299159451762e-13,-1.36791360429925e-13,-1.36791360429925e-13
9.896,1.51849750877971e-11,-8.21749471995752e-13,-1.36354059688695e-13,-1.36354059688695e-13
9.897,1.51379651662362e-11,-8.19207663881971e-13,-1.35918157456311e-13,-1.35918157456311e-13
9.898,1.50911006544069e-11,-8.16673710784809e-13,-1.35483649258583e-13,-1.35483649258583e-13
9.899,1.50443811029451e-11,-8.14147588453682e-13,-1.3505053063564e-13,-1.3505053063564e-13
9.9,1.49978060638737e-11,-8.11629272712789e-13,-1.34618797141884e-13,-1.34618797141884e-13
9.901,1.4951375090599e-11,-8.09118739460901e-13,-1.34188444345947e-13,-1.34188444345947e-13
9.902,1.49050877379059e-11,-8.06615964671103e-13,-1.33759467830646e-13,-1.33759467830646e-13
9.903,1.48589435619537e-11,-8.04120924390582e-13,-1.33331863192924e-13,-1.33331863192924e-13
9.904,1.48129421202722e-11,-8.01633594740406e-13,-1.3290562604383e-13,-1.3290562604383e-13
9.905,1.47670829717571e-11,-7.99153951915276e-13,-1.32480752008451e-13,-1.32480752008451e-13
9.906,1.4721365676666e-11,-7.96681972183309e-13,-1.32057236725877e-13,-1.32057236725877e-13
9.907,1.46757897966141e-11,-7.94217631885826e-13,-1.31635075849155e-13,-1.31635075849155e-13
9.908,1.46303548945702e-11,-7.91760907437098e-13,-1.31214265045247e-13,-1.31214265045247e-13
9.909,1.4585060534852e-11,-7.89311775324139e-13,-1.30794799994978e-13,-1.30794799994978e-13
9.91,1.45399062831228e-11,-7.86870212106492e-13,-1.30376676392998e-13,-1.30376676392998e-13
9.911,1.44948917063865e-11,-7.84436194415979e-13,-1.29959889947739e-13,-1.29959889947739e-13
9.912,1.4450016372984e-11,-7.82009698956491e-13,-1.29544436381361e-13,-1.29544436381361e-13
9.913,1.4405279852589e-11,-7.79590702503784e-13,-1.29130311429724e-13,-1.29130311429724e-13
9.914,1.43606817162036e-11,-7.77179181905223e-13,-1.28717510842326e-13,-1.28717510842326e-13
9.915,1.43162215361544e-11,-7.74775114079588e-13,-1.28306030382274e-13,-1.28306030382274e-13
9.916,1.42718988860885e-11,-7.72378476016837e-13,-1.27895865826236e-13,-1.27895865826236e-13
9.917,1.42277133409694e-11,-7.69989244777911e-13,-1.27487012964389e-13,-1.27487012964389e-13
9.918,1.41836644770729e-11,-7.67607397494485e-13,-1.2707946760039e-13,-1.2707946760039e-13
9.919,1.41397518719827e-11,-7.65232911368764e-13,-1.26673225551322e-13,-1.26673225551322e-13
9.92,1.40959751045873e-11,-7.62865763673279e-13,-1.26268282647659e-13,-1.26268282647659e-13
9.921,1.40523337550748e-11,-7.60505931750646e-13,-1.25864634733216e-13,-1.25864634733216e-13
9.922,1.40088274049297e-11,-7.5815339301336e-13,-1.25462277665106e-13,-1.25462277665106e-13
9.923,1.39654556369289e-11,-7.55808124943593e-13,-1.25061207313712e-13,-1.25061207313712e-13
9.924,1.3922218035137e-11,-7.53470105092959e-13,-1.24661419562622e-13,-1.24661419562622e-13
9.925,1.38791141849032e-11,-7.51139311082304e-13,-1.242629103086e-13,-1.242629103086e-13
9.926,1.38361436728569e-11,-7.48815720601513e-13,-1.23865675461547e-13,-1.23865675461547e-13
9.927,1.37933060869037e-11,-7.46499311409267e-13,-1.23469710944453e-13,-1.23469710944453e-13
9.928,1.37506010162215e-11,-7.44190061332848e-13,-1.23075012693348e-13,-1.23075012693348e-13
9.929,1.37080280512569e-11,-7.41887948267935e-13,-1.2268157665728e-13,-1.2268157665728e-13
9.93,1.36655867837208e-11,-7.39592950178374e-13,-1.22289398798253e-13,-1.22289398798253e-13
9.931,1.36232768065848e-11,-7.37305045095981e-13,-1.21898475091195e-13,-1.21898475091195e-13
9.932,1.35810977140772e-11,-7.35024211120324e-13,-1.21508801523919e-13,-1.21508801523919e-13
9.933,1.35390491016793e-11,-7.32750426418532e-13,-1.21120374097074e-13,-1.21120374097074e-13
9.934,1.34971305661213e-11,-7.30483669225065e-13,-1.20733188824114e-13,-1.20733188824114e-13
9.935,1.34553417053785e-11,-7.28223917841511e-13,-1.20347241731245e-13,-1.20347241731245e-13
9.936,1.34136821186677e-11,-7.25971150636401e-13,-1.19962528857392e-13,-1.19962528857392e-13
9.937,1.3372151406443e-11,-7.23725346044971e-13,-1.19579046254161e-13,-1.19579046254161e-13
9.938,1.33307491703921e-11,-7.21486482568973e-13,-1.1919678998579e-13,-1.1919678998579e-13
9.939,1.32894750134328e-11,-7.19254538776478e-13,-1.18815756129115e-13,-1.18815756129115e-13
9.94,1.32483285397089e-11,-7.17029493301652e-13,-1.18435940773525e-13,-1.18435940773525e-13
9.941,1.32073093545863e-11,-7.14811324844564e-13,-1.18057340020925e-13,-1.18057340020925e-13
9.942,1.31664170646496e-11,-7.1260001217099e-13,-1.17679949985698e-13,-1.17679949985698e-13
9.943,1.3125651277698e-11,-7.10395534112192e-13,-1.17303766794657e-13,-1.17303766794657e-13
9.944,1.30850116027419e-11,-7.08197869564727e-13,-1.16928786587012e-13,-1.16928786587012e-13
9.945,1.30444976499989e-11,-7.06006997490255e-13,-1.16555005514332e-13,-1.16555005514332e-13
9.946,1.30041090308901e-11,-7.03822896915318e-13,-1.16182419740499e-13,-1.16182419740499e-13
9.947,1.29638453580363e-11,-7.01645546931154e-13,-1.15811025441672e-13,-1.15811025441672e-13
9.948,1.29237062452547e-11,-6.99474926693491e-13,-1.15440818806247e-13,-1.15440818806247e-13
9.949,1.28836913075549e-11,-6.97311015422362e-13,-1.15071796034821e-13,-1.15071796034821e-13
9.95,1.28438001611352e-11,-6.95153792401887e-13,-1.14703953340146e-13,-1.14703953340146e-13
9.951,1.28040324233789e-11,-6.93003236980082e-13,-1.14337286947096e-13,-1.14337286947096e-13
9.952,1.27643877128509e-11,-6.9085932856868e-13,-1.13971793092628e-13,-1.13971793092628e-13
9.953,1.27248656492939e-11,-6.88722046642905e-13,-1.13607468025741e-13,-1.13607468025741e-13
9.954,1.26854658536246e-11,-6.86591370741295e-13,-1.13244308007434e-13,-1.13244308007434e-13
9.955,1.26461879479305e-11,-6.8446728046551e-13,-1.12882309310679e-13,-1.12882309310679e-13
9.956,1.26070315554659e-11,-6.82349755480124e-13,-1.1252146822037e-13,-1.1252146822037e-13
9.957,1.25679963006483e-11,-6.80238775512434e-13,-1.12161781033292e-13,-1.12161781033292e-13
9.958,1.25290818090552e-11,-6.78134320352284e-13,-1.11803244058082e-13,-1.11803244058082e-13
9.959,1.24902877074202e-11,-6.76036369851846e-13,-1.11445853615188e-13,-1.11445853615188e-13
9.96,1.24516136236292e-11,-6.73944903925443e-13,-1.11089606036834e-13,-1.11089606036834e-13
9.961,1.24130591867178e-11,-6.71859902549364e-13,-1.10734497666985e-13,-1.10734497666985e-13
9.962,1.23746240268664e-11,-6.69781345761656e-13,-1.10380524861302e-13,-1.10380524861302e-13
9.963,1.23363077753978e-11,-6.67709213661942e-13,-1.1002768398711e-13,-1.1002768398711e-13
9.964,1.22981100647731e-11,-6.65643486411232e-13,-1.0967597142336e-13,-1.0967597142336e-13
9.965,1.22600305285884e-11,-6.63584144231741e-13,-1.09325383560592e-13,-1.09325383560592e-13
9.966,1.22220688015713e-11,-6.61531167406683e-13,-1.08975916800895e-13,-1.08975916800895e-13
9.967,1.2184224519577e-11,-6.59484536280092e-13,-1.08627567557873e-13,-1.08627567557873e-13
9.968,1.21464973195856e-11,-6.57444231256647e-13,-1.08280332256608e-13,-1.08280332256608e-13
9.969,1.2108886839698e-11,-6.55410232801462e-13,-1.07934207333618e-13,-1.07934207333618e-13
9.97,1.20713927191325e-11,-6.53382521439911e-13,-1.0758918923683e-13,-1.0758918923683e-13
9.971,1.20340145982218e-11,-6.51361077757454e-13,-1.07245274425541e-13,-1.07245274425541e-13
9.972,1.19967521184091e-11,-6.4934588239943e-13,-1.06902459370368e-13,-1.06902459370368e-13
9.973,1.19596049222447e-11,-6.4733691607088e-13,-1.06560740553233e-13,-1.06560740553233e-13
9.974,1.1922572653383e-11,-6.45334159536381e-13,-1.06220114467314e-13,-1.06220114467314e-13
9.975,1.18856549565786e-11,-6.43337593619834e-13,-1.05880577617006e-13,-1.05880577617006e-13
9.976,1.1848851477683e-11,-6.41347199204294e-13,-1.05542126517898e-13,-1.05542126517898e-13
9.977,1.18121618636417e-11,-6.39362957231801e-13,-1.05204757696724e-13,-1.05204757696724e-13
9.978,1.17755857624901e-11,-6.37384848703175e-13,-1.04868467691338e-13,-1.04868467691338e-13
9.979,1.17391228233507e-11,-6.35412854677847e-13,-1.04533253050668e-13,-1.04533253050668e-13
9.98,1.17027726964295e-11,-6.33446956273675e-13,-1.04199110334691e-13,-1.04199110334691e-13
9.981,1.16665350330126e-11,-6.31487134666777e-13,-1.03866036114389e-13,-1.03866036114389e-13
9.982,1.16304094854632e-11,-6.29533371091328e-13,-1.03534026971721e-13,-1.03534026971721e-13
9.983,1.15943957072177e-11,-6.27585646839396e-13,-1.03203079499579e-13,-1.03203079499579e-13
9.984,1.1558493352783e-11,-6.25643943260768e-13,-1.02873190301764e-13,-1.02873190301764e-13
9.985,1.15227020777329e-11,-6.23708241762757e-13,-1.0254435599294e-13,-1.0254435599294e-13
9.986,1.14870215387046e-11,-6.21778523810034e-13,-1.02216573198608e-13,-1.02216573198608e-13
9.987,1.14514513933961e-11,-6.19854770924458e-13,-1.01889838555067e-13,-1.01889838555067e-13
9.988,1.14159913005621e-11,-6.17936964684884e-13,-1.0156414870938e-13,-1.0156414870938e-13
9.989,1.13806409200111e-11,-6.16025086726994e-13,-1.01239500319341e-13,-1.01239500319341e-13
9.99,1.13453999126026e-11,-6.14119118743133e-13,-1.00915890053437e-13,-1.00915890053437e-13
9.991,1.1310267940243e-11,-6.12219042482116e-13,-1.00593314590818e-13,-1.00593314590818e-13
9.992,1.12752446658829e-11,-6.10324839749061e-13,-1.00271770621259e-13,-1.00271770621259e-13
9.993,1.1240329753514e-11,-6.0843649240523e-13,-9.99512548451322e-14,-9.99512548451322e-14
9.994,1.12055228681655e-11,-6.06553982367829e-13,-9.96317639733656e-14,-9.96317639733656e-14
9.995,1.11708236759009e-11,-6.04677291609856e-13,-9.93132947274136e-14,-9.93132947274136e-14
9.996,1.11362318438153e-11,-6.02806402159919e-13,-9.89958438392205e-14,-9.89958438392205e-14
9.997,1.11017470400318e-11,-6.00941296102077e-13,-9.86794080511931e-14,-9.86794080511931e-14
9.998,1.10673689336983e-11,-5.99081955575653e-13,-9.83639841161571e-14,-9.83639841161571e-14
9.999,1.10330971949844e-11,-5.97228362775069e-13,-9.80495687973338e-14,-9.80495687973338e-14
10,1.09989314950788e-11,-5.9538049994969e-13,-9.77361588683012e-14,-9.77361588683012e-14
