Time_s,Theta_deg,Omega_radps,Applied_Torque_Nm,Unsaturated_Torque_Nm
0,15,0,-5.26664179209566,-5.26664179209566
0.001,14.999922026322,-0.00271888222458255,-5.24942519777796,-5.24942519777796
0.002,14.9996887720116,-0.00542033045326652,-5.2322643035289,-5.2322643035289
0.003,14.9993012335853,-0.00810442763639198,-5.21515893480922,-5.21515893480922
0.004,14.9987604028165,-0.0107712563774425,-5.19810891760731,-5.19810891760731
0.005,14.9980672667561,-0.0134208989344429,-5.18111407843734,-5.18111407843734
0.006,14.9972228077514,-0.0160534372213508,-5.1641742443374,-5.1641742443374
0.007,14.9962280034665,-0.0186689528094409,-5.14728924286766,-5.14728924286766
0.008,14.9950838269016,-0.021267526928685,-5.13045890210852,-5.13045890210852
0.009,14.9937912464123,-0.0238492404691226,-5.1136830506588,-5.1136830506588
0.01,14.9923512257293,-0.0264141739822273,-5.09696151763391,-5.09696151763391
0.011,14.990764723978,-0.0289624076822665,-5.0802941326641,-5.0802941326641
0.012,14.989032695697,-0.0314940214476546,-5.0636807258926,-5.0636807258926
0.013,14.9871560908583,-0.0340090948223006,-5.04712112797391,-5.04712112797391
0.014,14.9851358548854,-0.0365077070169487,-5.03061517007201,-5.03061517007201
0.015,14.9829729286734,-0.0389899369105139,-5.01416268385859,-5.01416268385859
0.016,14.9806682486071,-0.0414558630514102,-4.99776350151135,-4.99776350151135
0.017,14.9782227465802,-0.043905563658874,-4.98141745571225,-4.98141745571225
0.018,14.9756373500145,-0.0463391166242811,-4.96512437964581,-4.96512437964581
0.019,14.972912981878,-0.0487565995124571,-4.94888410699736,-4.94888410699736
0.02,14.970050560704,-0.0511580895629829,-4.93269647195139,-4.93269647195139
0.021,14.9670510006097,-0.0535436636914938,-4.91656130918987,-4.91656130918987
0.022,14.9639152113144,-0.0559133984909727,-4.90047845389053,-4.90047845389053
0.023,14.9606440981582,-0.0582673702330375,-4.88444774172526,-4.88444774172526
0.024,14.9572385621205,-0.0606056548692232,-4.86846900885838,-4.86846900885838
0.025,14.9536994998379,-0.0629283280322574,-4.8525420919451,-4.8525420919451
0.026,14.9500278036229,-0.0652354650373312,-4.8366668281298,-4.8366668281298
0.027,14.9462243614816,-0.0675271408833633,-4.82084305504445,-4.82084305504445
0.028,14.9422900571323,-0.0698034302542593,-4.80507061080701,-4.80507061080701
0.029,14.9382257700229,-0.0720644075201648,-4.7893493340198,-4.7893493340198
0.03,14.9340323753493,-0.0743101467387137,-4.77367906376794,-4.77367906376794
0.031,14.9297107440733,-0.0765407216562701,-4.75805963961773,-4.75805963961773
0.032,14.9252617429399,-0.0787562057091655,-4.74249090161515,-4.74249090161515
0.033,14.9206862344955,-0.0809566720249296,-4.72697269028421,-4.72697269028421
0.034,14.9159850771056,-0.0831421934235167,-4.71150484662548,-4.71150484662548
0.035,14.9111591249721,-0.0853128424185263,-4.6960872121145,-4.6960872121145
0.036,14.9062092281507,-0.0874686912184177,-4.68071962870026,-4.68071962870026
0.037,14.9011362325688,-0.0896098117277205,-4.66540193880369,-4.66540193880369
0.038,14.8959409800427,-0.0917362755482387,-4.65013398531611,-4.65013398531611
0.039,14.8906243082947,-0.0938481539802503,-4.6349156115978,-4.6349156115978
0.04,14.8851870509706,-0.0959455180237008,-4.61974666147642,-4.61974666147642
0.041,14.8796300376567,-0.098028438379393,-4.60462697924556,-4.60462697924556
0.042,14.8739540938971,-0.10009698545017,-4.58955640966329,-4.58955640966329
0.043,14.8681600412106,-0.102151229342092,-4.57453479795065,-4.57453479795065
0.044,14.8622486971075,-0.104191239865616,-4.55956198979021,-4.55956198979021
0.045,14.856220875107,-0.106217086536754,-4.54463783132459,-4.54463783132459
0.046,14.8500773847534,-0.108228838578247,-4.52976216915507,-4.52976216915507
0.047,14.8438190316336,-0.110226564920716,-4.51493485034013,-4.51493485034013
0.048,14.8374466173931,-0.112210334203817,-4.50015572239398,-4.50015572239398
0.049,14.830960939753,-0.114180214777391,-4.48542463328523,-4.48542463328523
0.05,14.8243627925266,-0.116136274702608,-4.47074143143539,-4.47074143143539
0.051,14.8176529656357,-0.1180785817531,-4.45610596571753,-4.45610596571753
0.052,14.8108322451273,-0.120007203416101,-4.44151808545486,-4.44151808545486
0.053,14.8039014131899,-0.121922206893575,-4.42697764041935,-4.42697764041935
0.054,14.7968612481695,-0.123823659103335,-4.41248448083035,-4.41248448083035
0.055,14.7897125245862,-0.125711626680167,-4.39803845735321,-4.39803845735321
0.056,14.7824560131506,-0.127586175976945,-4.38363942109795,-4.38363942109795
0.057,14.7750924807791,-0.129447373065735,-4.36928722361784,-4.36928722361784
0.058,14.7676226906108,-0.131295283738908,-4.35498171690812,-4.35498171690812
0.059,14.7600474020231,-0.133129973510233,-4.34072275340462,-4.34072275340462
0.06,14.7523673706477,-0.134951507615978,-4.32651018598245,-4.32651018598245
0.061,14.7445833483863,-0.136759951015998,-4.31234386795462,-4.31234386795462
0.062,14.7366960834269,-0.138555368394824,-4.29822365307081,-4.29822365307081
0.063,14.7287063202589,-0.140337824162742,-4.28414939551598,-4.28414939551598
0.064,14.7206147996892,-0.142107382456873,-4.27012094990908,-4.27012094990908
0.065,14.7124222588577,-0.143864107142246,-4.2561381713018,-4.2561381713018
0.066,14.704129431253,-0.145608061812863,-4.2422009151772,-4.2422009151772
0.067,14.6957370467276,-0.147339309792767,-4.22830903744849,-4.22830903744849
0.068,14.6872458315135,-0.1490579141371,-4.21446239445773,-4.21446239445773
0.069,14.6786565082377,-0.150763937633158,-4.20066084297453,-4.20066084297453
0.07,14.6699697959375,-0.152457442801442,-4.18690424019483,-4.18690424019483
0.071,14.6611864100753,-0.154138491896704,-4.17319244373962,-4.17319244373962
0.072,14.6523070625545,-0.15580714690899,-4.15952531165369,-4.15952531165369
0.073,14.6433324617341,-0.157463469564676,-4.14590270240436,-4.14590270240436
0.074,14.634263312444,-0.159107521327505,-4.13232447488029,-4.13232447488029
0.075,14.6251003160001,-0.160739363399613,-4.1187904883902,-4.1187904883902
0.076,14.615844170219,-0.162359056722553,-4.10530060266166,-4.10530060266166
0.077,14.6064955694332,-0.16396666197832,-4.09185467783988,-4.09185467783988
0.078,14.5970552045055,-0.165562239590366,-4.07845257448646,-4.07845257448646
0.079,14.5875237628445,-0.16714584972461,-4.06509415357823,-4.06509415357823
0.08,14.5779019284185,-0.168717552290449,-4.05177927650599,-4.05177927650599
0.081,14.5681903817708,-0.170277406941762,-4.03850780507335,-4.03850780507335
0.082,14.558389800034,-0.17182547307791,-4.02527960149553,-4.02527960149553
0.083,14.5485008569446,-0.173361809844729,-4.01209452839817,-4.01209452839817
0.084,14.5385242228578,-0.174886476135528,-3.99895244881614,-3.99895244881614
0.085,14.5284605647612,-0.176399530592072,-3.98585322619237,-3.98585322619237
0.086,14.5183105462901,-0.177901031605568,-3.9727967243767,-3.9727967243767
0.087,14.5080748277411,-0.179391037317644,-3.95978280762466,-3.95978280762466
0.088,14.4977540660868,-0.180869605621328,-3.94681134059638,-3.94681134059638
0.089,14.4873489149898,-0.182336794162014,-3.93388218835539,-3.93388218835539
0.09,14.476860024817,-0.183792660338438,-3.92099521636748,-3.92099521636748
0.091,14.4662880426536,-0.185237261303635,-3.90815029049955,-3.90815029049955
0.092,14.4556336123172,-0.186670653965907,-3.89534727701849,-3.89534727701849
0.093,14.4448973743717,-0.188092894989772,-3.88258604259003,-3.88258604259003
0.094,14.4340799661414,-0.189504040796921,-3.86986645427762,-3.86986645427762
0.095,14.4231820217249,-0.190904147567167,-3.8571883795413,-3.8571883795413
0.096,14.4122041720087,-0.192293271239389,-3.84455168623657,-3.84455168623657
0.097,14.4011470446811,-0.193671467512474,-3.8319562426133,-3.8319562426133
0.098,14.3900112642461,-0.195038791846254,-3.81940191731462,-3.81940191731462
0.099,14.3787974520368,-0.196395299462442,-3.80688857937577,-3.80688857937577
0.1,14.3675062262291,-0.197741045345558,-3.79441609822306,-3.79441609822306
0.101,14.3561382018554,-0.199076084243861,-3.78198434367273,-3.78198434367273
0.102,14.3446939908179,-0.200400470670268,-3.7695931859299,-3.7695931859299
0.103,14.3331742019022,-0.201714258903274,-3.75724249558744,-3.75724249558744
0.104,14.3215794407906,-0.203017502987868,-3.7449321436249,-3.7449321436249
0.105,14.3099103100757,-0.204310256736447,-3.73266200140747,-3.73266200140747
0.106,14.2981674092734,-0.20559257372972,-3.72043194068484,-3.72043194068484
0.107,14.2863513348361,-0.206864507317616,-3.70824183359021,-3.70824183359021
0.108,14.2744626801664,-0.208126110620187,-3.69609155263914,-3.69609155263914
0.109,14.2625020356297,-0.209377436528499,-3.68398097072856,-3.68398097072856
0.11,14.2504699885676,-0.210618537705534,-3.67190996113569,-3.67190996113569
0.111,14.2383671233106,-0.211849466587077,-3.65987839751696,-3.65987839751696
0.112,14.2261940211917,-0.213070275382603,-3.647886153907,-3.647886153907
0.113,14.2139512605588,-0.214281016076161,-3.6359331047176,-3.6359331047176
0.114,14.2016394167878,-0.215481740427256,-3.62401912473664,-3.62401912473664
0.115,14.1892590622952,-0.216672499971725,-3.61214408912704,-3.61214408912704
0.116,14.1768107665516,-0.217853346022609,-3.6003078734258,-3.6003078734258
0.117,14.1642950960933,-0.219024329671026,-3.5885103535429,-3.5885103535429
0.118,14.1517126145362,-0.220185501787035,-3.57675140576031,-3.57675140576031
0.119,14.1390638825876,-0.221336913020503,-3.56503090673096,-3.56503090673096
0.12,14.126349458059,-0.22247861380196,-3.55334873347773,-3.55334873347773
0.121,14.1135698958789,-0.22361065434346,-3.54170476339244,-3.54170476339244
0.122,14.1007257481049,-0.224733084639434,-3.53009887423481,-3.53009887423481
0.123,14.0878175639366,-0.225845954467539,-3.51853094413151,-3.51853094413151
0.124,14.0748458897275,-0.226949313389503,-3.5070008515751,-3.5070008515751
0.125,14.0618112689978,-0.228043210751973,-3.49550847542306,-3.49550847542306
0.126,14.0487142424461,-0.229127695687353,-3.48405369489681,-3.48405369489681
0.127,14.0355553479626,-0.230202817114642,-3.47263638958069,-3.47263638958069
0.128,14.0223351206402,-0.231268623740264,-3.46125643942099,-3.46125643942099
0.129,14.0090540927876,-0.232325164058907,-3.44991372472496,-3.44991372472496
0.13,13.9957127939408,-0.233372486354343,-3.43860812615981,-3.43860812615981
0.131,13.9823117508755,-0.234410638700256,-3.42733952475177,-3.42733952475177
0.132,13.9688514876187,-0.235439668961062,-3.4161078018851,-3.4161078018851
0.133,13.9553325254613,-0.236459624792728,-3.4049128393011,-3.4049128393011
0.134,13.9417553829695,-0.237470553643587,-3.39375451909717,-3.39375451909717
0.135,13.9281205759967,-0.23847250275515,-3.38263272372582,-3.38263272372582
0.136,13.9144286176958,-0.239465519162914,-3.37154733599374,-3.37154733599374
0.137,13.9006800185304,-0.240449649697169,-3.3604982390608,-3.3604982390608
0.138,13.8868752862868,-0.2414249409838,-3.34948531643915,-3.34948531643915
0.139,13.8730149260857,-0.242391439445088,-3.3385084519922,-3.3385084519922
0.14,13.8590994403939,-0.243349191300503,-3.32756752993374,-3.32756752993374
0.141,13.8451293290357,-0.244298242567503,-3.31666243482695,-3.31666243482695
0.142,13.8311050892046,-0.24523863906232,-3.30579305158345,-3.30579305158345
0.143,13.8170272154748,-0.246170426400751,-3.29495926546242,-3.29495926546242
0.144,13.8028961998125,-0.247093649998941,-3.28416096206959,-3.28416096206959
0.145,13.7887125315876,-0.248008355074165,-3.27339802735634,-3.27339802735634
0.146,13.7744766975849,-0.248914586645607,-3.26267034761879,-3.26267034761879
0.147,13.7601891820154,-0.249812389535136,-3.25197780949683,-3.25197780949683
0.148,13.7458504665276,-0.250701808368078,-3.24132029997321,-3.24132029997321
0.149,13.7314610302188,-0.25158288757399,-3.23069770637265,-3.23069770637265
0.15,13.7170213496464,-0.252455671387419,-3.22010991636085,-3.22010991636085
0.151,13.7025318988386,-0.253320203848677,-3.20955681794365,-3.20955681794365
0.152,13.6879931493062,-0.254176528804593,-3.19903829946607,-3.19903829946607
0.153,13.673405570053,-0.255024689909277,-3.18855424961141,-3.18855424961141
0.154,13.6587696275872,-0.255864730624875,-3.17810455740032,-3.17810455740032
0.155,13.6440857859324,-0.256696694222319,-3.16768911218995,-3.16768911218995
0.156,13.6293545066381,-0.257520623782084,-3.15730780367298,-3.15730780367298
0.157,13.6145762487913,-0.258336562194925,-3.14696052187677,-3.14696052187677
0.158,13.5997514690267,-0.259144552162632,-3.13664715716243,-3.13664715716243
0.159,13.5848806215379,-0.259944636198764,-3.12636760022394,-3.12636760022394
0.16,13.5699641580879,-0.260736856629394,-3.11612174208726,-3.11612174208726
0.161,13.5550025280201,-0.26152125559384,-3.10590947410941,-3.10590947410941
0.162,13.5399961782686,-0.262297875045403,-3.09573068797763,-3.09573068797763
0.163,13.5249455533693,-0.263066756752095,-3.08558527570846,-3.08558527570846
0.164,13.5098510954701,-0.263827942297368,-3.07547312964685,-3.07547312964685
0.165,13.4947132443418,-0.264581473080839,-3.06539414246531,-3.06539414246531
0.166,13.4795324373883,-0.265327390319015,-3.05534820716301,-3.05534820716301
0.167,13.464309109657,-0.266065735046008,-3.04533521706492,-3.04533521706492
0.168,13.4490436938499,-0.266796548114259,-3.03535506582092,-3.03535506582092
0.169,13.433736620333,-0.267519870195248,-3.02540764740493,-3.02540764740493
0.17,13.4183883171476,-0.268235741780208,-3.01549285611404,-3.01549285611404
0.171,13.4029992100199,-0.268944203180831,-3.00561058656768,-3.00561058656768
0.172,13.3875697223716,-0.269645294529983,-2.99576073370669,-2.99576073370669
0.173,13.37210027533,-0.270339055782399,-2.98594319279252,-2.98594319279252
0.174,13.3565912877385,-0.271025526715391,-2.97615785940634,-2.97615785940634
0.175,13.3410431761662,-0.271704746929543,-2.96640462944816,-2.96640462944816
0.176,13.3254563549185,-0.272376755849412,-2.95668339913605,-2.95668339913605
0.177,13.3098312360468,-0.273041592724215,-2.94699406500519,-2.94699406500519
0.178,13.2941682293589,-0.273699296628529,-2.9373365239071,-2.9373365239071
0.179,13.2784677424284,-0.274349906462974,-2.92771067300874,-2.92771067300874
0.18,13.2627301806056,-0.2749934609549,-2.9181164097917,-2.9181164097917
0.181,13.2469559470263,-0.275629998659071,-2.90855363205133,-2.90855363205133
0.182,13.2311454426225,-0.27625955795835,-2.89902223789589,-2.89902223789589
0.183,13.2152990661318,-0.276882177064373,-2.88952212574576,-2.88952212574576
0.184,13.1994172141074,-0.277497894018225,-2.88005319433254,-2.88005319433254
0.185,13.1835002809278,-0.278106746691119,-2.87061534269826,-2.87061534269826
0.186,13.1675486588063,-0.278708772785062,-2.86120847019451,-2.86120847019451
0.187,13.1515627378012,-0.279304009833528,-2.85183247648165,-2.85183247648165
0.188,13.1355429058247,-0.279892495202122,-2.84248726152793,-2.84248726152793
0.189,13.1194895486533,-0.280474266089242,-2.83317272560872,-2.83317272560872
0.19,13.1034030499366,-0.281049359526747,-2.82388876930562,-2.82388876930562
0.191,13.0872837912075,-0.28161781238061,-2.81463529350571,-2.81463529350571
0.192,13.0711321518911,-0.282179661351577,-2.80541219940065,-2.80541219940065
0.193,13.0549485093147,-0.282734942975824,-2.79621938848592,-2.79621938848592
0.194,13.0387332387167,-0.283283693625603,-2.78705676255997,-2.78705676255997
0.195,13.0224867132562,-0.283825949509898,-2.77792422372343,-2.77792422372343
0.196,13.0062093040226,-0.284361746675067,-2.76882167437826,-2.76882167437826
0.197,12.9899013800444,-0.284891121005491,-2.75974901722699,-2.75974901722699
0.198,12.9735633082986,-0.285414108224212,-2.75070615527184,-2.75070615527184
0.199,12.9571954537204,-0.28593074389358,-2.74169299181398,-2.74169299181398
0.2,12.9407981792118,-0.286441063415883,-2.73270943045269,-2.73270943045269
0.201,12.9243718456508,-0.286945102033989,-2.72375537508455,-2.72375537508455
0.202,12.9079168119011,-0.287442894831973,-2.71483072990265,-2.71483072990265
0.203,12.8914334348203,-0.287934476735755,-2.7059353993958,-2.7059353993958
0.204,12.8749220692697,-0.288419882513723,-2.6970692883477,-2.6970692883477
0.205,12.8583830681231,-0.288899146777362,-2.68823230183618,-2.68823230183618
0.206,12.8418167822753,-0.289372303981877,-2.67942434523237,-2.67942434523237
0.207,12.8252235606519,-0.289839388426815,-2.67064532419992,-2.67064532419992
0.208,12.8086037502173,-0.290300434256686,-2.66189514469424,-2.66189514469424
0.209,12.7919576959842,-0.290755475461576,-2.65317371296164,-2.65317371296164
0.21,12.7752857410223,-0.29120454587777,-2.64448093553862,-2.64448093553862
0.211,12.7585882264668,-0.291647679188354,-2.63581671925102,-2.63581671925102
0.212,12.7418654915276,-0.292084908923835,-2.62718097121327,-2.62718097121327
0.213,12.7251178734976,-0.292516268462746,-2.61857359882761,-2.61857359882761
0.214,12.7083457077618,-0.29294179103225,-2.60999450978329,-2.60999450978329
0.215,12.6915493278054,-0.293361509708746,-2.6014436120558,-2.6014436120558
0.216,12.6747290652232,-0.293775457418472,-2.59292081390609,-2.59292081390609
0.217,12.6578852497275,-0.294183666938102,-2.5844260238798,-2.5844260238798
0.218,12.6410182091569,-0.294586170895346,-2.57595915080647,-2.57595915080647
0.219,12.6241282694849,-0.294983001769541,-2.5675201037988,-2.5675201037988
0.22,12.6072157548282,-0.295374191892251,-2.55910879225184,-2.55910879225184
0.221,12.5902809874555,-0.29575977344785,-2.55072512584224,-2.55072512584224
0.222,12.5733242877954,-0.296139778474117,-2.5423690145275,-2.5423690145275
0.223,12.5563459744452,-0.29651423886282,-2.53404036854517,-2.53404036854517
0.224,12.539346364179,-0.296883186360299,-2.52573909841211,-2.52573909841211
0.225,12.5223257719563,-0.297246652568053,-2.51746511492371,-2.51746511492371
0.226,12.50528451093,-0.297604668943316,-2.50921832915314,-2.50921832915314
0.227,12.4882228924546,-0.297957266799637,-2.50099865245061,-2.50099865245061
0.228,12.4711412260949,-0.298304477307456,-2.49280599644256,-2.49280599644256
0.229,12.4540398196336,-0.298646331494678,-2.48464027303096,-2.48464027303096
0.23,12.4369189790797,-0.298982860247243,-2.47650139439253,-2.47650139439253
0.231,12.4197790086768,-0.299314094309702,-2.46838927297798,-2.46838927297798
0.232,12.4026202109108,-0.299640064285775,-2.46030382151127,-2.46030382151127
0.233,12.3854428865183,-0.299960800638927,-2.45224495298887,-2.45224495298887
0.234,12.3682473344945,-0.300276333692925,-2.44421258067899,-2.44421258067899
0.235,12.3510338521009,-0.3005866936324,-2.43620661812084,-2.43620661812084
0.236,12.3338027348739,-0.300891910503412,-2.42822697912391,-2.42822697912391
0.237,12.316554276632,-0.301192014214001,-2.42027357776718,-2.42027357776718
0.238,12.2992887694844,-0.301487034534746,-2.41234632839843,-2.41234632839843
0.239,12.2820065038381,-0.301777001099318,-2.40444514563346,-2.40444514563346
0.24,12.2647077684064,-0.302061943405033,-2.39656994435538,-2.39656994435538
0.241,12.2473928502162,-0.302341890813398,-2.38872063971384,-2.38872063971384
0.242,12.2300620346164,-0.302616872550662,-2.38089714712433,-2.38089714712433
0.243,12.2127156052847,-0.30288691770836,-2.37309938226742,-2.37309938226742
0.244,12.1953538442361,-0.303152055243857,-2.36532726108806,-2.36532726108806
0.245,12.1779770318304,-0.30341231398089,-2.3575806997948,-2.3575806997948
0.246,12.1605854467795,-0.303667722610106,-2.3498596148591,-2.3498596148591
0.247,12.1431793661553,-0.303918309689603,-2.3421639230146,-2.3421639230146
0.248,12.1257590653974,-0.304164103645463,-2.33449354125637,-2.33449354125637
0.249,12.1083248183202,-0.304405132772284,-2.32684838684022,-2.32684838684022
0.25,12.090876897121,-0.30464142523372,-2.31922837728192,-2.31922837728192
0.251,12.0734155723869,-0.304873009063,-2.31163343035656,-2.31163343035656
0.252,12.0559411131027,-0.305099912163465,-2.30406346409774,-2.30406346409774
0.253,12.0384537866582,-0.305322162309091,-2.29651839679694,-2.29651839679694
0.254,12.0209538588553,-0.30553978714501,-2.28899814700273,-2.28899814700273
0.255,12.003441593916,-0.305752814188038,-2.28150263352009,-2.28150263352009
0.256,11.9859172544891,-0.305961270827193,-2.27403177540969,-2.27403177540969
0.257,11.9683811016578,-0.306165184324212,-2.26658549198717,-2.26658549198717
0.258,11.9508333949471,-0.306364581814068,-2.25916370282246,-2.25916370282246
0.259,11.9332743923308,-0.306559490305489,-2.25176632773902,-2.25176632773902
0.26,11.9157043502388,-0.306749936681465,-2.24439328681316,-2.24439328681316
0.261,11.8981235235643,-0.306935947699764,-2.23704450037334,-2.23704450037334
0.262,11.8805321656711,-0.307117549993438,-2.22971988899944,-2.22971988899944
0.263,11.8629305284004,-0.30729477007133,-2.22241937352209,-2.22241937352209
0.264,11.8453188620782,-0.307467634318584,-2.21514287502194,-2.21514287502194
0.265,11.8276974155223,-0.307636168997144,-2.20789031482897,-2.20789031482897
0.266,11.8100664360493,-0.307800400246258,-2.20066161452177,-2.20066161452177
0.267,11.7924261694817,-0.307960354082978,-2.19345669592688,-2.19345669592688
0.268,11.7747768601546,-0.308116056402655,-2.18627548111808,-2.18627548111808
0.269,11.7571187509232,-0.308267532979443,-2.17911789241565,-2.17911789241565
0.27,11.7394520831691,-0.308414809466786,-2.17198385238577,-2.17198385238577
0.271,11.7217770968077,-0.308557911397913,-2.16487328383972,-2.16487328383972
0.272,11.7040940302949,-0.308696864186332,-2.15778610983327,-2.15778610983327
0.273,11.6864031206337,-0.308831693126315,-2.15072225366595,-2.15072225366595
0.274,11.6687046033816,-0.30896242339339,-2.14368163888037,-2.14368163888037
0.275,11.6509987126568,-0.309089080044821,-2.13666418926156,-2.13666418926156
0.276,11.6332856811453,-0.309211688020097,-2.12966982883623,-2.12966982883623
0.277,11.6155657401074,-0.309330272141412,-2.12269848187214,-2.12269848187214
0.278,11.5978391193847,-0.309444857114144,-2.11575007287738,-2.11575007287738
0.279,11.5801060474065,-0.309555467527338,-2.10882452659972,-2.10882452659972
0.28,11.5623667511966,-0.309662127854179,-2.1019217680259,-2.1019217680259
0.281,11.5446214563801,-0.309764862452466,-2.09504172238097,-2.09504172238097
0.282,11.5268703871895,-0.309863695565092,-2.08818431512762,-2.08818431512762
0.283,11.5091137664717,-0.309958651320509,-2.08134947196547,-2.08134947196547
0.284,11.4913518156944,-0.3100497537332,-2.07453711883046,-2.07453711883046
0.285,11.4735847549526,-0.310137026704149,-2.0677471818941,-2.0677471818941
0.286,11.4558128029752,-0.310220494021306,-2.06097958756285,-2.06097958756285
0.287,11.4380361771312,-0.310300179360052,-2.05423426247744,-2.05423426247744
0.288,11.4202550934366,-0.310376106283662,-2.04751113351221,-2.04751113351221
0.289,11.4024697665602,-0.310448298243769,-2.0408101277744,-2.0408101277744
0.29,11.3846804098305,-0.310516778580819,-2.03413117260355,-2.03413117260355
0.291,11.3668872352419,-0.310581570524533,-2.02747419557078,-2.02747419557078
0.292,11.3490904534608,-0.310642697194361,-2.02083912447815,-2.02083912447815
0.293,11.3312902738323,-0.31070018159994,-2.01422588735802,-2.01422588735802
0.294,11.3134869043863,-0.310754046641544,-2.00763441247234,-2.00763441247234
0.295,11.2956805518434,-0.310804315110536,-2.00106462831204,-2.00106462831204
0.296,11.2778714216219,-0.310851009689819,-1.99451646359633,-1.99451646359633
0.297,11.2600597178432,-0.310894152954283,-1.9879898472721,-1.9879898472721
0.298,11.2422456433387,-0.310933767371252,-1.98148470851319,-1.98148470851319
0.299,11.2244293996552,-0.310969875300929,-1.97500097671981,-1.97500097671981
0.3,11.2066111870617,-0.31100249899684,-1.96853858151786,-1.96853858151786
0.301,11.188791204555,-0.311031660606273,-1.96209745275824,-1.96209745275824
0.302,11.1709696498663,-0.311057382170721,-1.95567752051627,-1.95567752051627
0.303,11.1531467194665,-0.311079685626317,-1.94927871509101,-1.94927871509101
0.304,11.135322608573,-0.311098592804276,-1.9429009670046,-1.9429009670046
0.305,11.1174975111553,-0.311114125431324,-1.93654420700162,-1.93654420700162
0.306,11.0996716199409,-0.311126305130136,-1.9302083660485,-1.9302083660485
0.307,11.0818451264216,-0.311135153419766,-1.92389337533277,-1.92389337533277
0.308,11.0640182208589,-0.311140691716078,-1.91759916626254,-1.91759916626254
0.309,11.0461910922904,-0.311142941332176,-1.91132567046576,-1.91132567046576
0.31,11.0283639285356,-0.311141923478828,-1.90507281978965,-1.90507281978965
0.311,11.0105369162015,-0.311137659264894,-1.89884054630005,-1.89884054630005
0.312,10.9927102406884,-0.31113016969775,-1.89262878228073,-1.89262878228073
0.313,10.9748840861961,-0.31111947568371,-1.88643746023284,-1.88643746023284
0.314,10.9570586357294,-0.311105598028448,-1.88026651287422,-1.88026651287422
0.315,10.9392340711038,-0.311088557437416,-1.87411587313878,-1.87411587313878
0.316,10.9214105729514,-0.311068374516261,-1.86798547417589,-1.86798547417589
0.317,10.9035883207266,-0.311045069771245,-1.86187524934973,-1.86187524934973
0.318,10.8857674927116,-0.311018663609656,-1.85578513223866,-1.85578513223866
0.319,10.8679482660221,-0.310989176340223,-1.84971505663464,-1.84971505663464
0.32,10.8501308166133,-0.310956628173529,-1.84366495654252,-1.84366495654252
0.321,10.8323153192848,-0.310921039222417,-1.83763476617949,-1.83763476617949
0.322,10.8145019476871,-0.310882429502404,-1.83162441997446,-1.83162441997446
0.323,10.7966908743263,-0.310840818932084,-1.82563385256737,-1.82563385256737
0.324,10.7788822705701,-0.310796227333535,-1.81966299880864,-1.81966299880864
0.325,10.7610763066533,-0.310748674432726,-1.81371179375853,-1.81371179375853
0.326,10.7432731516833,-0.310698179859914,-1.80778017268652,-1.80778017268652
0.327,10.7254729736452,-0.310644763150049,-1.80186807107067,-1.80186807107067
0.328,10.707675939408,-0.310588443743176,-1.79597542459708,-1.79597542459708
0.329,10.6898822147291,-0.310529240984825,-1.7901021691592,-1.7901021691592
0.33,10.6720919642605,-0.310467174126417,-1.78424824085725,-1.78424824085725
0.331,10.6543053515538,-0.310402262325653,-1.77841357599762,-1.77841357599762
0.332,10.6365225390656,-0.310334524646912,-1.77259811109225,-1.77259811109225
0.333,10.6187436881628,-0.310263980061639,-1.76680178285802,-1.76680178285802
0.334,10.600968959128,-0.31019064744874,-1.76102452821615,-1.76102452821615
0.335,10.5831985111649,-0.310114545594968,-1.7552662842916,-1.7552662842916
0.336,10.5654325024031,-0.310035693195314,-1.74952698841246,-1.74952698841246
0.337,10.5476710899041,-0.309954108853392,-1.74380657810935,-1.74380657810935
0.338,10.5299144296657,-0.309869811081823,-1.73810499111482,-1.73810499111482
0.339,10.5121626766278,-0.309782818302621,-1.73242216536275,-1.73242216536275
0.34,10.4944159846775,-0.309693148847573,-1.72675803898777,-1.72675803898777
0.341,10.476674506654,-0.309600820958621,-1.72111255032462,-1.72111255032462
0.342,10.4589383943537,-0.309505852788243,-1.7154856379076,-1.7154856379076
0.343,10.4412077985359,-0.309408262399828,-1.70987724046995,-1.70987724046995
0.344,10.4234828689271,-0.309308067768051,-1.7042872969433,-1.7042872969433
0.345,10.4057637542267,-0.309205286779257,-1.69871574645699,-1.69871574645699
0.346,10.3880506021117,-0.309099937231822,-1.69316252833759,-1.69316252833759
0.347,10.3703435592419,-0.308992036836536,-1.68762758210822,-1.68762758210822
0.348,10.3526427712649,-0.308881603216969,-1.68211084748803,-1.68211084748803
0.349,10.3349483828208,-0.308768653909842,-1.67661226439157,-1.67661226439157
0.35,10.3172605375477,-0.308653206365393,-1.67113177292822,-1.67113177292822
0.351,10.2995793780861,-0.308535277947746,-1.66566931340162,-1.66566931340162
0.352,10.2819050460843,-0.308414885935278,-1.66022482630907,-1.66022482630907
0.353,10.2642376822027,-0.308292047520977,-1.65479825234097,-1.65479825234097
0.354,10.2465774261195,-0.308166779812812,-1.64938953238021,-1.64938953238021
0.355,10.2289244165348,-0.308039099834089,-1.64399860750162,-1.64399860750162
0.356,10.2112787911759,-0.307909024523814,-1.63862541897139,-1.63862541897139
0.357,10.1936406868019,-0.30777657073705,-1.63326990824648,-1.63326990824648
0.358,10.1760102392086,-0.307641755245274,-1.62793201697405,-1.62793201697405
0.359,10.1583875832333,-0.307504594736735,-1.62261168699093,-1.62261168699093
0.36,10.1407728527593,-0.307365105816807,-1.61730886032296,-1.61730886032296
0.361,10.1231661807212,-0.307223305008341,-1.61202347918452,-1.61202347918452
0.362,10.105567699109,-0.307079208752019,-1.60675548597788,-1.60675548597788
0.363,10.0879775389732,-0.306932833406706,-1.6015048232927,-1.6015048232927
0.364,10.0703958304291,-0.306784195249795,-1.5962714339054,-1.5962714339054
0.365,10.0528227026621,-0.306633310477558,-1.59105526077866,-1.59105526077866
0.366,10.0352582839315,-0.306480195205492,-1.58585624706079,-1.58585624706079
0.367,10.0177027015759,-0.306324865468663,-1.58067433608524,-1.58067433608524
0.368,10.0001560820174,-0.306167337222054,-1.57550947136997,-1.57550947136997
0.369,9.98261855076596,-0.3060076263409,-1.57036159661696,-1.57036159661696
0.37,9.96509023242458,-0.30584574862104,-1.56523065571157,-1.56523065571157
0.371,9.9475712506933,-0.305681719779247,-1.56011659272207,-1.56011659272207
0.372,9.93006172837397,-0.305515555453574,-1.55501935189903,-1.55501935189903
0.373,9.91256178737465,-0.305347271203687,-1.54993887767477,-1.54993887767477
0.374,9.89507154871419,-0.305176882511205,-1.54487511466284,-1.54487511466284
0.375,9.8775911325266,-0.30500440478003,-1.53982800765743,-1.53982800765743
0.376,9.86012065806554,-0.304829853336689,-1.53479750163283,-1.53479750163283
0.377,9.84266024370872,-0.304653243430656,-1.52978354174292,-1.52978354174292
0.378,9.82521000696235,-0.304474590234691,-1.52478607332056,-1.52478607332056
0.379,9.80777006446547,-0.304293908845167,-1.5198050418771,-1.5198050418771
0.38,9.79034053199435,-0.304111214282401,-1.51484039310178,-1.51484039310178
0.381,9.77292152446682,-0.303926521490976,-1.50989207286125,-1.50989207286125
0.382,9.75551315594663,-0.303739845340073,-1.50496002719898,-1.50496002719898
0.383,9.73811553964772,-0.303551200623794,-1.50004420233473,-1.50004420233473
0.384,9.72072878793855,-0.303360602061485,-1.49514454466402,-1.49514454466402
0.385,9.70335301234634,-0.303168064298057,-1.49026100075758,-1.49026100075758
0.386,9.68598832356137,-0.302973601904313,-1.48539351736085,-1.48539351736085
0.387,9.66863483144117,-0.302777229377261,-1.48054204139338,-1.48054204139338
0.388,9.65129264501475,-0.302578961140436,-1.47570651994833,-1.47570651994833
0.389,9.63396187248684,-0.30237881154422,-1.47088690029198,-1.47088690029198
0.39,9.61664262124201,-0.302176794866154,-1.4660831298631,-1.4660831298631
0.391,9.59933499784889,-0.301972925311255,-1.46129515627252,-1.46129515627252
0.392,9.58203910806428,-0.30176721701233,-1.45652292730253,-1.45652292730253
0.393,9.56475505683729,-0.301559684030289,-1.45176639090639,-1.45176639090639
0.394,9.54748294831347,-0.301350340354458,-1.44702549520779,-1.44702549520779
0.395,9.53022288583885,-0.301139199902885,-1.44230018850033,-1.44230018850033
0.396,9.51297497196409,-0.300926276522653,-1.437590419247,-1.437590419247
0.397,9.49573930844846,-0.300711583990186,-1.43289613607962,-1.43289613607962
0.398,9.47851599626394,-0.300495136011558,-1.4282172877984,-1.4282172877984
0.399,9.4613051355992,-0.300276946222796,-1.42355382337133,-1.42355382337133
0.4,9.44410682586363,-0.300057028190186,-1.4189056919337,-1.4189056919337
0.401,9.42692116569134,-0.299835395410576,-1.41427284278762,-1.41427284278762
0.402,9.40974825294507,-0.299612061311677,-1.40965522540144,-1.40965522540144
0.403,9.39258818472021,-0.299387039252367,-1.40505278940926,-1.40505278940926
0.404,9.37544105734871,-0.299160342522987,-1.40046548461044,-1.40046548461044
0.405,9.35830696640298,-0.298931984345642,-1.39589326096904,-1.39589326096904
0.406,9.34118600669981,-0.298701977874497,-1.39133606861336,-1.39133606861336
0.407,9.32407827230426,-0.298470336196075,-1.38679385783539,-1.38679385783539
0.408,9.3069838565335,-0.298237072329552,-1.38226657909034,-1.38226657909034
0.409,9.28990285196071,-0.298002199227048,-1.37775418299609,-1.37775418299609
0.41,9.27283535041886,-0.297765729773925,-1.37325662033271,-1.37325662033271
0.411,9.25578144300454,-0.297527676789073,-1.36877384204196,-1.36877384204196
0.412,9.2387412200818,-0.297288053025207,-1.36430579922677,-1.36430579922677
0.413,9.22171477128586,-0.297046871169151,-1.35985244315074,-1.35985244315074
0.414,9.20470218552696,-0.296804143842129,-1.35541372523765,-1.35541372523765
0.415,9.18770355099404,-0.296559883600052,-1.35098959707097,-1.35098959707097
0.416,9.17071895515853,-0.296314102933805,-1.34658001039332,-1.34658001039332
0.417,9.15374848477802,-0.296066814269528,-1.34218491710602,-1.34218491710602
0.418,9.13679222589999,-0.295818029968907,-1.33780426926857,-1.33780426926857
0.419,9.11985026386548,-0.29556776232945,-1.33343801909816,-1.33343801909816
0.42,9.10292268331278,-0.295316023584774,-1.32908611896918,-1.32908611896918
0.421,9.08600956818106,-0.29506282590488,-1.32474852141272,-1.32474852141272
0.422,9.06911100171402,-0.294808181396439,-1.32042517911608,-1.32042517911608
0.423,9.05222706646351,-0.294552102103066,-1.3161160449223,-1.3161160449223
0.424,9.03535784429312,-0.294294600005599,-1.31182107182966,-1.31182107182966
0.425,9.01850341638178,-0.294035687022374,-1.30754021299117,-1.30754021299117
0.426,9.00166386322735,-0.293775375009503,-1.30327342171412,-1.30327342171412
0.427,8.98483926465015,-0.293513675761144,-1.29902065145958,-1.29902065145958
0.428,8.96802969979652,-0.29325060100978,-1.29478185584193,-1.29478185584193
0.429,8.95123524714231,-0.292986162426483,-1.29055698862833,-1.29055698862833
0.43,8.93445598449647,-0.292720371621194,-1.28634600373832,-1.28634600373832
0.431,8.91769198900445,-0.292453240142984,-1.28214885524327,-1.28214885524327
0.432,8.90094333715175,-0.292184779480332,-1.27796549736594,-1.27796549736594
0.433,8.88421010476734,-0.291915001061383,-1.27379588447999,-1.27379588447999
0.434,8.86749236702714,-0.291643916254223,-1.2696399711095,-1.2696399711095
0.435,8.85079019845744,-0.291371536367141,-1.26549771192851,-1.26549771192851
0.436,8.83410367293831,-0.291097872648893,-1.26136906176054,-1.26136906176054
0.437,8.81743286370703,-0.290822936288967,-1.25725397557812,-1.25725397557812
0.438,8.80077784336144,-0.290546738417847,-1.25315240850231,-1.25315240850231
0.439,8.78413868386336,-0.29026929010727,-1.24906431580225,-1.24906431580225
0.44,8.76751545654189,-0.289990602370491,-1.24498965289467,-1.24498965289467
0.441,8.75090823209682,-0.289710686162542,-1.24092837534344,-1.24092837534344
0.442,8.7343170806019,-0.289429552380486,-1.2368804388591,-1.2368804388591
0.443,8.71774207150819,-0.289147211863681,-1.23284579929838,-1.23284579929838
0.444,8.70118327364735,-0.288863675394031,-1.22882441266376,-1.22882441266376
0.445,8.68464075523492,-0.288578953696246,-1.22481623510302,-1.22481623510302
0.446,8.66811458387358,-0.288293057438092,-1.22082122290873,-1.22082122290873
0.447,8.65160482655643,-0.288005997230648,-1.21683933251783,-1.21683933251783
0.448,8.63511154967021,-0.287717783628556,-1.21287052051116,-1.21287052051116
0.449,8.61863481899855,-0.287428427130275,-1.20891474361301,-1.20891474361301
0.45,8.60217469972515,-0.287137938178327,-1.20497195869066,-1.20497195869066
0.451,8.585731256437,-0.286846327159551,-1.20104212275392,-1.20104212275392
0.452,8.56930455312756,-0.286553604405352,-1.19712519295468,-1.19712519295468
0.453,8.55289465319991,-0.286259780191942,-1.19322112658646,-1.19322112658646
0.454,8.53650161946995,-0.285964864740593,-1.18932988108398,-1.18932988108398
0.455,8.52012551416949,-0.285668868217881,-1.18545141402265,-1.18545141402265
0.456,8.5037663989494,-0.285371800735929,-1.18158568311819,-1.18158568311819
0.457,8.48742433488274,-0.285073672352651,-1.17773264622616,-1.17773264622616
0.458,8.47109938246783,-0.284774493071995,-1.17389226134148,-1.17389226134148
0.459,8.45479160163133,-0.284474272844187,-1.17006448659805,-1.17006448659805
0.46,8.43850105173136,-0.284173021565965,-1.16624928026824,-1.16624928026824
0.461,8.42222779156049,-0.283870749080828,-1.1624466007625,-1.1624466007625
0.462,8.40597187934886,-0.283567465179266,-1.15865640662887,-1.15865640662887
0.463,8.38973337276712,-0.283263179599005,-1.15487865655261,-1.15487865655261
0.464,8.37351232892954,-0.282957902025238,-1.15111330935568,-1.15111330935568
0.465,8.35730880439695,-0.282651642090866,-1.14736032399637,-1.14736032399637
0.466,8.34112285517974,-0.282344409376728,-1.14361965956881,-1.14361965956881
0.467,8.32495453674085,-0.282036213411839,-1.13989127530259,-1.13989127530259
0.468,8.30880390399874,-0.281727063673622,-1.13617513056227,-1.13617513056227
0.469,8.2926710113303,-0.281416969588141,-1.132471184847,-1.132471184847
0.47,8.27655591257384,-0.28110594053033,-1.12877939779004,-1.12877939779004
0.471,8.26045866103196,-0.280793985824223,-1.12509972915838,-1.12509972915838
0.472,8.24437930947451,-0.280481114743189,-1.12143213885225,-1.12143213885225
0.473,8.22831791014143,-0.280167336510154,-1.11777658690476,-1.11777658690476
0.474,8.21227451474571,-0.279852660297832,-1.11413303348142,-1.11413303348142
0.475,8.19624917447616,-0.279537095228951,-1.11050143887974,-1.11050143887974
0.476,8.18024194000037,-0.279220650376477,-1.10688176352882,-1.10688176352882
0.477,8.16425286146749,-0.278903334763844,-1.10327396798886,-1.10327396798886
0.478,8.14828198851106,-0.278585157365172,-1.09967801295085,-1.09967801295085
0.479,8.13232937025188,-0.278266127105493,-1.09609385923602,-1.09609385923602
0.48,8.11639505530076,-0.277946252860973,-1.09252146779554,-1.09252146779554
0.481,8.10047909176136,-0.277625543459135,-1.08896079971001,-1.08896079971001
0.482,8.08458152723292,-0.277304007679073,-1.0854118161891,-1.0854118161891
0.483,8.06870240881309,-0.276981654251682,-1.08187447857112,-1.08187447857112
0.484,8.05284178310063,-0.276658491859866,-1.07834874832259,-1.07834874832259
0.485,8.03699969619818,-0.276334529138762,-1.07483458703783,-1.07483458703783
0.486,8.02117619371498,-0.276009774675955,-1.07133195643856,-1.07133195643856
0.487,8.00537132076961,-0.275684237011697,-1.06784081837348,-1.06784081837348
0.488,7.98958512199268,-0.275357924639115,-1.06436113481789,-1.06436113481789
0.489,7.97381764152951,-0.275030846004433,-1.06089286787321,-1.06089286787321
0.49,7.95806892304283,-0.274703009507182,-1.05743597976665,-1.05743597976665
0.491,7.94233900971545,-0.27437442350041,-1.05399043285075,-1.05399043285075
0.492,7.92662794425291,-0.274045096290899,-1.05055618960301,-1.05055618960301
0.493,7.91093576888613,-0.273715036139374,-1.04713321262546,-1.04713321262546
0.494,7.89526252537404,-0.273384251260708,-1.04372146464426,-1.04372146464426
0.495,7.87960825500618,-0.273052749824141,-1.04032090850933,-1.04032090850933
0.496,7.86397299860537,-0.272720539953477,-1.0369315071939,-1.0369315071939
0.497,7.84835679653023,-0.272387629727301,-1.03355322379414,-1.03355322379414
0.498,7.83275968867782,-0.272054027179181,-1.03018602152877,-1.03018602152877
0.499,7.8171817144862,-0.271719740297872,-1.02682986373864,-1.02682986373864
0.5,7.80162291293696,-0.271384777027526,-1.02348471388633,-1.02348471388633
0.501,7.78608332255782,-0.271049145267892,-1.02015053555579,-1.02015053555579
0.502,7.77056298142515,-0.270712852874522,-1.0168272924519,-1.0168272924519
0.503,7.75506192716647,-0.270375907658971,-1.01351494840014,-1.01351494840014
0.504,7.739580196963,-0.270038317388999,-1.01021346734611,-1.01021346734611
0.505,7.72411782755214,-0.269700089788775,-1.00692281335522,-1.00692281335522
0.506,7.70867485523,-0.269361232539073,-1.00364295061227,-1.00364295061227
0.507,7.69325131585381,-0.269021753277472,-1.00037384342104,-1.00037384342104
0.508,7.67784724484446,-0.268681659598556,-0.997115456203954,-0.997115456203954
0.509,7.66246267718892,-0.268340959054111,-0.993867753501641,-0.993867753501641
0.51,7.64709764744271,-0.267999659153321,-0.99063069997258,-0.99063069997258
0.511,7.63175218973229,-0.267657767362964,-0.987404260392714,-0.987404260392714
0.512,7.61642633775755,-0.267315291107607,-0.984188399655058,-0.984188399655058
0.513,7.60112012479417,-0.266972237769802,-0.980983082769325,-0.980983082769325
0.514,7.58583358369605,-0.266628614690277,-0.977788274861542,-0.977788274861542
0.515,7.57056674689767,-0.266284429168132,-0.974603941173676,-0.974603941173676
0.516,7.5553196464165,-0.265939688461027,-0.971430047063244,-0.971430047063244
0.517,7.54009231385539,-0.265594399785376,-0.968266558002953,-0.968266558002953
0.518,7.52488478040484,-0.265248570316537,-0.965113439580308,-0.965113439580308
0.519,7.50969707684546,-0.264902207189002,-0.961970657497247,-0.961970657497247
0.52,7.49452923355021,-0.264555317496583,-0.958838177569763,-0.958838177569763
0.521,7.47938128048678,-0.264207908292604,-0.955715965727535,-0.955715965727535
0.522,7.46425324721989,-0.263859986590085,-0.952603988013552,-0.952603988013552
0.523,7.4491451629136,-0.263511559361933,-0.949502210583747,-0.949502210583747
0.524,7.43405705633359,-0.263162633541121,-0.946410599706623,-0.946410599706623
0.525,7.41898895584944,-0.262813216020879,-0.943329121762888,-0.943329121762888
0.526,7.40394088943692,-0.262463313654877,-0.940257743245088,-0.940257743245088
0.527,7.38891288468025,-0.262112933257405,-0.937196430757239,-0.937196430757239
0.528,7.37390496877434,-0.261762081603559,-0.934145151014465,-0.934145151014465
0.529,7.35891716852703,-0.261410765429425,-0.931103870842631,-0.931103870842631
0.53,7.34394951036131,-0.261058991432254,-0.928072557177981,-0.928072557177981
0.531,7.32900202031759,-0.260706766270647,-0.925051177066777,-0.925051177066777
0.532,7.31407472405584,-0.260354096564735,-0.922039697664939,-0.922039697664939
0.533,7.29916764685783,-0.260000988896356,-0.919038086237684,-0.919038086237684
0.534,7.28428081362932,-0.259647449809233,-0.916046310159167,-0.916046310159167
0.535,7.26941424890224,-0.259293485809154,-0.913064336912128,-0.913064336912128
0.536,7.25456797683681,-0.258939103364146,-0.910092134087528,-0.910092134087528
0.537,7.23974202122378,-0.258584308904655,-0.907129669384202,-0.907129669384202
0.538,7.2249364054865,-0.258229108823715,-0.904176910608498,-0.904176910608498
0.539,7.21015115268312,-0.257873509477129,-0.901233825673929,-0.901233825673929
0.54,7.19538628550867,-0.25751751718364,-0.898300382600816,-0.898300382600816
0.541,7.18064182629723,-0.257161138225102,-0.895376549515944,-0.895376549515944
0.542,7.16591779702398,-0.256804378846659,-0.892462294652203,-0.892462294652203
0.543,7.15121421930733,-0.256447245256909,-0.889557586348247,-0.889557586348247
0.544,7.13653111441103,-0.25608974362808,-0.886662393048144,-0.886662393048144
0.545,7.1218685032462,-0.2557318800962,-0.883776683301022,-0.883776683301022
0.546,7.10722640637343,-0.255373660761262,-0.880900425760737,-0.880900425760737
0.547,7.09260484400485,-0.255015091687402,-0.878033589185515,-0.878033589185515
0.548,7.07800383600613,-0.254656178903056,-0.875176142437619,-0.875176142437619
0.549,7.06342340189861,-0.254296928401136,-0.872328054482998,-0.872328054482998
0.55,7.04886356086121,-0.253937346139194,-0.869489294390949,-0.869489294390949
0.551,7.03432433173257,-0.253577438039589,-0.866659831333779,-0.866659831333779
0.552,7.01980573301297,-0.253217209989648,-0.863839634586461,-0.863839634586461
0.553,7.0053077828664,-0.252856667841838,-0.861028673526296,-0.861028673526296
0.554,6.99083049912251,-0.252495817413924,-0.858226917632581,-0.858226917632581
0.555,6.9763738992786,-0.252134664489135,-0.855434336486264,-0.855434336486264
0.556,6.96193800050161,-0.251773214816327,-0.852650899769618,-0.852650899769618
0.557,6.94752281963007,-0.251411474110145,-0.849876577265896,-0.849876577265896
0.558,6.93312837317608,-0.251049448051182,-0.847111338859011,-0.847111338859011
0.559,6.9187546773272,-0.250687142286142,-0.844355154533189,-0.844355154533189
0.56,6.90440174794846,-0.250324562427999,-0.84160799437265,-0.84160799437265
0.561,6.89006960058425,-0.249961714056157,-0.838869828561269,-0.838869828561269
0.562,6.87575825046021,-0.249598602716609,-0.836140627382252,-0.836140627382252
0.563,6.8614677124852,-0.249235233922092,-0.833420361217808,-0.833420361217808
0.564,6.84719800125318,-0.24887161315225,-0.830709000548817,-0.830709000548817
0.565,6.83294913104506,-0.248507745853784,-0.828006515954508,-0.828006515954508
0.566,6.81872111583065,-0.248143637440612,-0.825312878112132,-0.825312878112132
0.567,6.80451396927047,-0.247779293294026,-0.822628057796638,-0.822628057796638
0.568,6.79032770471768,-0.24741471876284,-0.819952025880351,-0.819952025880351
0.569,6.77616233521988,-0.247049919163554,-0.817284753332649,-0.817284753332649
0.57,6.76201787352098,-0.246684899780495,-0.814626211219639,-0.814626211219639
0.571,6.74789433206305,-0.246319665865983,-0.811976370703841,-0.811976370703841
0.572,6.73379172298812,-0.245954222640472,-0.809335203043868,-0.809335203043868
0.573,6.71971005814004,-0.245588575292709,-0.806702679594105,-0.806702679594105
0.574,6.70564934906625,-0.245222728979881,-0.804078771804394,-0.804078771804394
0.575,6.69160960701962,-0.244856688827765,-0.801463451219718,-0.801463451219718
0.576,6.67759084296023,-0.24449045993088,-0.798856689479884,-0.798856689479884
0.577,6.66359306755715,-0.244124047352635,-0.796258458319209,-0.796258458319209
0.578,6.64961629119024,-0.243757456125477,-0.793668729566209,-0.793668729566209
0.579,6.63566052395188,-0.243390691251038,-0.791087475143283,-0.791087475143283
0.58,6.62172577564879,-0.243023757700283,-0.788514667066404,-0.788514667066404
0.581,6.60781205580372,-0.242656660413657,-0.785950277444808,-0.785950277444808
0.582,6.59391937365723,-0.242289404301229,-0.783394278480686,-0.783394278480686
0.583,6.58004773816945,-0.241921994242838,-0.780846642468871,-0.780846642468871
0.584,6.56619715802174,-0.241554435088241,-0.778307341796536,-0.778307341796536
0.585,6.55236764161846,-0.241186731657249,-0.775776348942883,-0.775776348942883
0.586,6.53855919708868,-0.24081888873988,-0.773253636478842,-0.773253636478842
0.587,6.52477183228787,-0.240450911096495,-0.77073917706676,-0.77073917706676
0.588,6.51100555479958,-0.240082803457941,-0.768232943460104,-0.768232943460104
0.589,6.49726037193716,-0.239714570525696,-0.765734908503153,-0.765734908503153
0.59,6.48353629074543,-0.239346216972007,-0.7632450451307,-0.7632450451307
0.591,6.46983331800233,-0.238977747440031,-0.760763326367748,-0.760763326367748
0.592,6.4561514602206,-0.238609166543974,-0.758289725329214,-0.758289725329214
0.593,6.44249072364943,-0.238240478869233,-0.755824215219625,-0.755824215219625
0.594,6.42885111427611,-0.237871688972533,-0.753366769332823,-0.753366769332823
0.595,6.41523263782767,-0.237502801382061,-0.750917361051669,-0.750917361051669
0.596,6.40163529977251,-0.237133820597612,-0.748475963847744,-0.748475963847744
0.597,6.38805910532202,-0.236764751090718,-0.746042551281056,-0.746042551281056
0.598,6.37450405943218,-0.236395597304788,-0.743617096999744,-0.743617096999744
0.599,6.36097016680521,-0.236026363655243,-0.741199574739786,-0.741199574739786
0.6,6.34745743189112,-0.235657054529651,-0.738789958324706,-0.738789958324706
0.601,6.33396585888934,-0.235287674287861,-0.736388221665283,-0.736388221665283
0.602,6.3204954517503,-0.234918227262138,-0.733994338759259,-0.733994338759259
0.603,6.30704621417696,-0.234548717757296,-0.731608283691052,-0.731608283691052
0.604,6.29361814962645,-0.234179150050832,-0.729230030631463,-0.729230030631463
0.605,6.28021126131159,-0.233809528393053,-0.726859553837393,-0.726859553837393
0.606,6.26682555220244,-0.233439857007215,-0.724496827651552,-0.724496827651552
0.607,6.25346102502786,-0.23307014008965,-0.722141826502178,-0.722141826502178
0.608,6.24011768227706,-0.232700381809897,-0.719794524902745,-0.719794524902745
0.609,6.2267955262011,-0.232330586310833,-0.717454897451684,-0.717454897451684
0.61,6.21349455881444,-0.231960757708799,-0.715122918832099,-0.715122918832099
0.611,6.20021478189645,-0.231590900093735,-0.712798563811483,-0.712798563811483
0.612,6.18695619699291,-0.231221017529304,-0.710481807241438,-0.710481807241438
0.613,6.17371880541752,-0.230851114053019,-0.708172624057392,-0.708172624057392
0.614,6.16050260825341,-0.230481193676374,-0.705870989278324,-0.705870989278324
0.615,6.14730760635457,-0.230111260384968,-0.70357687800648,-0.70357687800648
0.616,6.13413380034743,-0.229741318138631,-0.701290265427099,-0.701290265427099
0.617,6.12098119063221,-0.229371370871552,-0.699011126808132,-0.699011126808132
0.618,6.10784977738451,-0.229001422492402,-0.696739437499971,-0.696739437499971
0.619,6.09473956055666,-0.228631476884457,-0.69447517293517,-0.69447517293517
0.62,6.08165053987924,-0.228261537905728,-0.692218308628171,-0.692218308628171
0.621,6.0685827148625,-0.227891609389077,-0.689968820175031,-0.689968820175031
0.622,6.05553608479781,-0.227521695142344,-0.68772668325315,-0.68772668325315
0.623,6.04251064875907,-0.227151798948471,-0.685491873620999,-0.685491873620999
0.624,6.02950640560413,-0.22678192456562,-0.683264367117849,-0.683264367117849
0.625,6.01652335397626,-0.226412075727295,-0.681044139663499,-0.681044139663499
0.626,6.00356149230548,-0.226042256142468,-0.678831167258012,-0.678831167258012
0.627,5.99062081881002,-0.22567246949569,-0.676625425981441,-0.676625425981441
0.628,5.97770133149769,-0.225302719447221,-0.674426891993565,-0.674426891993565
0.629,5.96480302816729,-0.22493300963314,-0.67223554153362,-0.67223554153362
0.63,5.95192590640996,-0.22456334366547,-0.670051350920037,-0.670051350920037
0.631,5.93906996361059,-0.224193725132297,-0.667874296550174,-0.667874296550174
0.632,5.92623519694915,-0.223824157597879,-0.665704354900053,-0.665704354900053
0.633,5.91342160340209,-0.223454644602776,-0.663541502524097,-0.663541502524097
0.634,5.90062917974367,-0.223085189663955,-0.661385716054869,-0.661385716054869
0.635,5.88785792254732,-0.222715796274913,-0.659236972202805,-0.659236972202805
0.636,5.87510782818697,-0.222346467905793,-0.657095247755963,-0.657095247755963
0.637,5.8623788928384,-0.221977208003493,-0.654960519579754,-0.654960519579754
0.638,5.84967111248055,-0.221608019991789,-0.652832764616689,-0.652832764616689
0.639,5.83698448289686,-0.221238907271443,-0.650711959886117,-0.650711959886117
0.64,5.82431899967659,-0.220869873220318,-0.648598082483971,-0.648598082483971
0.641,5.81167465821608,-0.220500921193496,-0.646491109582512,-0.646491109582512
0.642,5.79905145372011,-0.220132054523383,-0.644391018430067,-0.644391018430067
0.643,5.78644938120319,-0.219763276519826,-0.642297786350782,-0.642297786350782
0.644,5.7738684354908,-0.219394590470226,-0.640211390744366,-0.640211390744366
0.645,5.76130861122073,-0.219025999639643,-0.638131809085835,-0.638131809085835
0.646,5.74876990284433,-0.218657507270916,-0.636059018925263,-0.636059018925263
0.647,5.73625230462778,-0.218289116584765,-0.633992997887527,-0.633992997887527
0.648,5.72375581065334,-0.217920830779904,-0.631933723672061,-0.631933723672061
0.649,5.71128041482066,-0.217552653033154,-0.629881174052603,-0.629881174052603
0.65,5.69882611084796,-0.217184586499543,-0.627835326876946,-0.627835326876946
0.651,5.68639289227335,-0.216816634312424,-0.625796160066693,-0.625796160066693
0.652,5.673980752456,-0.216448799583578,-0.623763651617004,-0.623763651617004
0.653,5.6615896845774,-0.216081085403322,-0.621737779596354,-0.621737779596354
0.654,5.64921968164263,-0.215713494840614,-0.619718522146287,-0.619718522146287
0.655,5.63687073648149,-0.215346030943165,-0.61770585748117,-0.61770585748117
0.656,5.62454284174981,-0.21497869673754,-0.615699763887944,-0.615699763887944
0.657,5.61223598993058,-0.214611495229267,-0.613700219725892,-0.613700219725892
0.658,5.59995017333521,-0.214244429402938,-0.611707203426386,-0.611707203426386
0.659,5.58768538410468,-0.213877502222318,-0.609720693492649,-0.609720693492649
0.66,5.57544161421077,-0.213510716630448,-0.607740668499516,-0.607740668499516
0.661,5.56321885545723,-0.213144075549748,-0.605767107093189,-0.605767107093189
0.662,5.55101709948094,-0.212777581882118,-0.603799987991003,-0.603799987991003
0.663,5.53883633775311,-0.212411238509048,-0.601839289981183,-0.601839289981183
0.664,5.52667656158043,-0.212045048291712,-0.599884991922608,-0.599884991922608
0.665,5.51453776210625,-0.211679014071076,-0.597937072744575,-0.597937072744575
0.666,5.5024199303117,-0.211313138667997,-0.59599551144656,-0.59599551144656
0.667,5.49032305701688,-0.210947424883323,-0.594060287097985,-0.594060287097985
0.668,5.47824713288196,-0.210581875497998,-0.592131378837981,-0.592131378837981
0.669,5.46619214840837,-0.210216493273155,-0.590208765875156,-0.590208765875156
0.67,5.45415809393988,-0.209851280950225,-0.588292427487362,-0.588292427487362
0.671,5.44214495966376,-0.209486241251028,-0.586382343021459,-0.586382343021459
0.672,5.4301527356119,-0.209121376877877,-0.584478491893089,-0.584478491893089
0.673,5.41818141166189,-0.208756690513672,-0.58258085358644,-0.58258085358644
0.674,5.40623097753819,-0.208392184822005,-0.580689407654016,-0.580689407654016
0.675,5.39430142281316,-0.208027862447248,-0.578804133716414,-0.578804133716414
0.676,5.38239273690823,-0.207663726014661,-0.576925011462087,-0.576925011462087
0.677,5.37050490909494,-0.207299778130479,-0.575052020647121,-0.575052020647121
0.678,5.35863792849605,-0.206936021382014,-0.573185141095007,-0.573185141095007
0.679,5.34679178408661,-0.20657245833775,-0.571324352696413,-0.571324352696413
0.68,5.33496646469507,-0.206209091547436,-0.569469635408961,-0.569469635408961
0.681,5.3231619590043,-0.205845923542184,-0.567620969257,-0.567620969257
0.682,5.31137825555268,-0.205482956834563,-0.565778334331384,-0.565778334331384
0.683,5.29961534273517,-0.205120193918692,-0.563941710789245,-0.563941710789245
0.684,5.28787320880435,-0.204757637270333,-0.562111078853773,-0.562111078853773
0.685,5.27615184187148,-0.204395289346987,-0.560286418813994,-0.560286418813994
0.686,5.26445122990753,-0.204033152587988,-0.558467711024548,-0.558467711024548
0.687,5.25277136074421,-0.203671229414589,-0.556654935905468,-0.556654935905468
0.688,5.24111222207504,-0.203309522230061,-0.554848073941964,-0.554848073941964
0.689,5.22947380145635,-0.202948033419782,-0.553047105684197,-0.553047105684197
0.69,5.2178560863083,-0.202586765351328,-0.551252011747067,-0.551252011747067
0.691,5.20625906391592,-0.202225720374563,-0.549462772809992,-0.549462772809992
0.692,5.1946827214301,-0.201864900821735,-0.547679369616694,-0.547679369616694
0.693,5.1831270458686,-0.201504309007557,-0.545901782974978,-0.545901782974978
0.694,5.17159202411706,-0.201143947229305,-0.544129993756523,-0.544129993756523
0.695,5.16007764293,-0.200783817766902,-0.542363982896662,-0.542363982896662
0.696,5.1485838889318,-0.200423922883011,-0.540603731394171,-0.540603731394171
0.697,5.13711074861768,-0.20006426482312,-0.538849220311052,-0.538849220311052
0.698,5.12565820835471,-0.199704845815633,-0.537100430772327,-0.537100430772327
0.699,5.11422625438277,-0.199345668071953,-0.535357343965819,-0.535357343965819
0.7,5.10281487281551,-0.198986733786577,-0.533619941141946,-0.533619941141946
0.701,5.09142404964133,-0.198628045137176,-0.531888203613507,-0.531888203613507
0.702,5.08005377072434,-0.198269604284685,-0.530162112755475,-0.530162112755475
0.703,5.06870402180532,-0.197911413373387,-0.528441650004786,-0.528441650004786
0.704,5.05737478850264,-0.197553474531004,-0.526726796860131,-0.526726796860131
0.705,5.04606605631328,-0.197195789868774,-0.525017534881749,-0.525017534881749
0.706,5.03477781061368,-0.196838361481544,-0.52331384569122,-0.52331384569122
0.707,5.02351003666075,-0.196481191447849,-0.521615710971257,-0.521615710971257
0.708,5.01226271959277,-0.196124281830001,-0.519923112465504,-0.519923112465504
0.709,5.0010358444303,-0.195767634674169,-0.518236031978326,-0.518236031978326
0.71,4.98982939607715,-0.195411252010463,-0.516554451374609,-0.516554451374609
0.711,4.97864335932126,-0.195055135853022,-0.514878352579555,-0.514878352579555
0.712,4.96747771883563,-0.194699288200089,-0.513207717578478,-0.513207717578478
0.713,4.9563324591792,-0.1943437110341,-0.511542528416604,-0.511542528416604
0.714,4.94520756479781,-0.193988406321762,-0.509882767198868,-0.509882767198868
0.715,4.93410302002504,-0.193633376014137,-0.508228416089712,-0.508228416089712
0.716,4.92301880908313,-0.193278622046723,-0.506579457312887,-0.506579457312887
0.717,4.91195491608388,-0.192924146339533,-0.504935873151254,-0.504935873151254
0.718,4.90091132502953,-0.192569950797179,-0.503297645946582,-0.503297645946582
0.719,4.8898880198136,-0.192216037308948,-0.501664758099352,-0.501664758099352
0.72,4.87888498422183,-0.191862407748886,-0.500037192068559,-0.500037192068559
0.721,4.867902201933,-0.191509063975876,-0.498414930371516,-0.498414930371516
0.722,4.85693965651983,-0.191156007833714,-0.496797955583656,-0.496797955583656
0.723,4.84599733144984,-0.190803241151195,-0.495186250338337,-0.495186250338337
0.724,4.83507521008615,-0.190450765742184,-0.493579797326648,-0.493579797326648
0.725,4.82417327568843,-0.190098583405697,-0.491978579297214,-0.491978579297214
0.726,4.81329151141367,-0.189746695925981,-0.490382579056005,-0.490382579056005
0.727,4.80242990031705,-0.189395105072588,-0.488791779466135,-0.488791779466135
0.728,4.7915884253528,-0.189043812600454,-0.487206163447681,-0.487206163447681
0.729,4.78076706937501,-0.188692820249975,-0.485625713977483,-0.485625713977483
0.73,4.76996581513844,-0.188342129747083,-0.484050414088955,-0.484050414088955
0.731,4.75918464529942,-0.187991742803323,-0.482480246871897,-0.482480246871897
0.732,4.74842354241659,-0.187641661115929,-0.480915195472302,-0.480915195472302
0.733,4.73768248895177,-0.187291886367897,-0.479355243092169,-0.479355243092169
0.734,4.72696146727075,-0.186942420228061,-0.477800372989313,-0.477800372989313
0.735,4.71626045964411,-0.186593264351171,-0.476250568477181,-0.476250568477181
0.736,4.70557944824804,-0.186244420377961,-0.474705812924658,-0.474705812924658
0.737,4.69491841516508,-0.18589588993523,-0.473166089755885,-0.473166089755885
0.738,4.684277342385,-0.185547674635909,-0.471631382450075,-0.471631382450075
0.739,4.67365621180552,-0.18519977607914,-0.470101674541321,-0.470101674541321
0.74,4.66305500523317,-0.184852195850344,-0.468576949618419,-0.468576949618419
0.741,4.65247370438398,-0.184504935521297,-0.467057191324676,-0.467057191324676
0.742,4.64191229088436,-0.184157996650203,-0.465542383357735,-0.465542383357735
0.743,4.63137074627179,-0.183811380781762,-0.464032509469384,-0.464032509469384
0.744,4.62084905199567,-0.183465089447245,-0.462527553465381,-0.462527553465381
0.745,4.61034718941802,-0.183119124164566,-0.461027499205265,-0.461027499205265
0.746,4.59986513981427,-0.182773486438348,-0.459532330602181,-0.459532330602181
0.747,4.58940288437404,-0.18242817776,-0.458042031622698,-0.458042031622698
0.748,4.57896040420186,-0.182083199607784,-0.456556586286627,-0.456556586286627
0.749,4.56853768031794,-0.181738553446885,-0.455075978666847,-0.455075978666847
0.75,4.55813469365891,-0.181394240729481,-0.453600192889116,-0.453600192889116
0.751,4.54775142507858,-0.181050262894814,-0.452129213131907,-0.452129213131907
0.752,4.53738785534866,-0.180706621369258,-0.45066302362622,-0.45066302362622
0.753,4.52704396515949,-0.180363317566386,-0.449201608655409,-0.449201608655409
0.754,4.5167197351208,-0.180020352887041,-0.447744952555005,-0.447744952555005
0.755,4.50641514576242,-0.179677728719404,-0.446293039712541,-0.446293039712541
0.756,4.49613017753499,-0.179335446439061,-0.444845854567377,-0.444845854567377
0.757,4.48586481081071,-0.17899350740907,-0.443403381610528,-0.443403381610528
0.758,4.47561902588402,-0.17865191298003,-0.441965605384482,-0.441965605384482
0.759,4.46539280297236,-0.178310664490147,-0.440532510483037,-0.440532510483037
0.76,4.45518612221682,-0.1779697632653,-0.439104081551122,-0.439104081551122
0.761,4.4449989636829,-0.177629210619107,-0.437680303284626,-0.437680303284626
0.762,4.43483130736117,-0.177289007852995,-0.436261160430227,-0.436261160430227
0.763,4.42468313316798,-0.176949156256261,-0.434846637785222,-0.434846637785222
0.764,4.41455442094616,-0.176609657106137,-0.433436720197356,-0.433436720197356
0.765,4.4044451504657,-0.176270511667862,-0.43203139256465,-0.43203139256465
0.766,4.39435530142446,-0.175931721194738,-0.430630639835237,-0.430630639835237
0.767,4.38428485344879,-0.1755932869282,-0.429234447007186,-0.429234447007186
0.768,4.37423378609429,-0.17525521009788,-0.42784279912834,-0.42784279912834
0.769,4.36420207884642,-0.174917491921669,-0.426455681296149,-0.426455681296149
0.77,4.3541897111212,-0.174580133605782,-0.425073078657497,-0.425073078657497
0.771,4.34419666226589,-0.174243136344819,-0.42369497640854,-0.42369497640854
0.772,4.3342229115596,-0.173906501321833,-0.422321359794541,-0.422321359794541
0.773,4.32426843821401,-0.173570229708387,-0.420952214109702,-0.420952214109702
0.774,4.31433322137401,-0.173234322664622,-0.419587524697002,-0.419587524697002
0.775,4.30441724011832,-0.172898781339314,-0.418227276948028,-0.418227276948028
0.776,4.29452047346017,-0.172563606869939,-0.416871456302819,-0.416871456302819
0.777,4.28464290034796,-0.172228800382736,-0.415520048249697,-0.415520048249697
0.778,4.27478449966587,-0.171894362992764,-0.414173038325104,-0.414173038325104
0.779,4.26494525023449,-0.171560295803966,-0.412830412113448,-0.412830412113448
0.78,4.2551251308115,-0.17122659990923,-0.41149215524693,-0.41149215524693
0.781,4.24532412009227,-0.170893276390449,-0.410158253405393,-0.410158253405393
0.782,4.23554219671051,-0.170560326318581,-0.408828692316157,-0.408828692316157
0.783,4.22577933923885,-0.170227750753708,-0.407503457753861,-0.407503457753861
0.784,4.21603552618952,-0.169895550745097,-0.406182535540301,-0.406182535540301
0.785,4.20631073601493,-0.16956372733126,-0.404865911544275,-0.404865911544275
0.786,4.19660494710828,-0.169232281540012,-0.403553571681423,-0.403553571681423
0.787,4.18691813780421,-0.168901214388531,-0.402245501914069,-0.402245501914069
0.788,4.17725028637937,-0.168570526883412,-0.400941688251067,-0.400941688251067
0.789,4.16760137105303,-0.168240220020734,-0.399642116747638,-0.399642116747638
0.79,4.15797136998772,-0.167910294786111,-0.398346773505221,-0.398346773505221
0.791,4.14836026128976,-0.167580752154751,-0.397055644671314,-0.397055644671314
0.792,4.13876802300991,-0.167251593091515,-0.395768716439321,-0.395768716439321
0.793,4.12919463314394,-0.166922818550975,-0.394485975048394,-0.394485975048394
0.794,4.11964006963323,-0.166594429477468,-0.393207406783282,-0.393207406783282
0.795,4.11010431036532,-0.166266426805156,-0.391932997974178,-0.391932997974178
0.796,4.10058733317454,-0.165938811458079,-0.390662734996565,-0.390662734996565
0.797,4.09108911584256,-0.165611584350214,-0.389396604271064,-0.389396604271064
0.798,4.08160963609896,-0.165284746385532,-0.388134592263282,-0.388134592263282
0.799,4.07214887162183,-0.164958298458048,-0.386876685483659,-0.386876685483659
0.8,4.0627068000383,-0.164632241451883,-0.385622870487322,-0.385622870487322
0.801,4.05328339892514,-0.164306576241316,-0.384373133873931,-0.384373133873931
0.802,4.04387864580929,-0.163981303690837,-0.383127462287528,-0.383127462287528
0.803,4.03449251816847,-0.163656424655207,-0.381885842416392,-0.381885842416392
0.804,4.02512499343168,-0.163331939979507,-0.380648260992887,-0.380648260992887
0.805,4.01577604897977,-0.163007850499196,-0.379414704793316,-0.379414704793316
0.806,4.00644566214602,-0.162684157040163,-0.378185160637769,-0.378185160637769
0.807,3.99713381021663,-0.162360860418781,-0.376959615389982,-0.376959615389982
0.808,3.98784047043134,-0.162037961441959,-0.375738055957187,-0.375738055957187
0.809,3.97856561998389,-0.161715460907198,-0.374520469289964,-0.374520469289964
0.81,3.96930923602261,-0.161393359602643,-0.373306842382096,-0.373306842382096
0.811,3.96007129565094,-0.161071658307135,-0.372097162270431,-0.372097162270431
0.812,3.95085177592795,-0.160750357790262,-0.370891416034723,-0.370891416034723
0.813,3.9416506538689,-0.160429458812415,-0.369689590797502,-0.369689590797502
0.814,3.93246790644573,-0.160108962124835,-0.368491673723921,-0.368491673723921
0.815,3.9233035105876,-0.15978886846967,-0.367297652021619,-0.367297652021619
0.816,3.9141574431814,-0.159469178580022,-0.366107512940569,-0.366107512940569
0.817,3.9050296810723,-0.159149893180001,-0.364921243772949,-0.364921243772949
0.818,3.89592020106421,-0.158831012984775,-0.363738831852987,-0.363738831852987
0.819,3.88682897992033,-0.15851253870062,-0.36256026455683,-0.36256026455683
0.82,3.87775599436366,-0.158194471024972,-0.361385529302395,-0.361385529302395
0.821,3.86870122107746,-0.157876810646476,-0.360214613549235,-0.360214613549235
0.822,3.8596646367058,-0.157559558245036,-0.359047504798396,-0.359047504798396
0.823,3.85064621785407,-0.157242714491867,-0.357884190592276,-0.357884190592276
0.824,3.84164594108941,-0.156926280049541,-0.356724658514491,-0.356724658514491
0.825,3.83266378294126,-0.156610255572038,-0.355568896189732,-0.355568896189732
0.826,3.82369971990184,-0.156294641704798,-0.354416891283628,-0.354416891283628
0.827,3.81475372842662,-0.155979439084763,-0.35326863150261,-0.35326863150261
0.828,3.80582578493484,-0.155664648340434,-0.352124104593772,-0.352124104593772
0.829,3.79691586580994,-0.155350270091911,-0.350983298344736,-0.350983298344736
0.83,3.78802394740009,-0.155036304950948,-0.349846200583517,-0.349846200583517
0.831,3.77915000601865,-0.154722753520999,-0.348712799178382,-0.348712799178382
0.832,3.77029401794463,-0.154409616397262,-0.34758308203772,-0.34758308203772
0.833,3.76145595942317,-0.154096894166731,-0.346457037109906,-0.346457037109906
0.834,3.75263580666604,-0.153784587408243,-0.345334652383166,-0.345334652383166
0.835,3.74383353585203,-0.153472696692521,-0.344215915885442,-0.344215915885442
0.836,3.73504912312751,-0.153161222582227,-0.343100815684263,-0.343100815684263
0.837,3.72628254460681,-0.152850165632002,-0.341989339886606,-0.341989339886606
0.838,3.71753377637271,-0.152539526388519,-0.340881476638768,-0.340881476638768
0.839,3.70880279447693,-0.152229305390522,-0.339777214126233,-0.339777214126233
0.84,3.7000895749405,-0.151919503168879,-0.338676540573539,-0.338676540573539
0.841,3.69139409375429,-0.151610120246623,-0.337579444244148,-0.337579444244148
0.842,3.68271632687942,-0.151301157139,-0.336485913440317,-0.336485913440317
0.843,3.6740562502477,-0.150992614353511,-0.335395936502963,-0.335395936502963
0.844,3.6654138397621,-0.150684492389964,-0.334309501811539,-0.334309501811539
0.845,3.65678907129716,-0.150376791740509,-0.333226597783899,-0.333226597783899
0.846,3.64818192069944,-0.150069512889692,-0.332147212876174,-0.332147212876174
0.847,3.63959236378796,-0.149762656314493,-0.331071335582641,-0.331071335582641
0.848,3.63102037635462,-0.149456222484375,-0.329998954435595,-0.329998954435595
0.849,3.62246593416465,-0.149150211861323,-0.328930058005221,-0.328930058005221
0.85,3.613929012957,-0.148844624899893,-0.32786463489947,-0.32786463489947
0.851,3.60540958844482,-0.148539462047252,-0.326802673763928,-0.326802673763928
0.852,3.59690763631582,-0.148234723743224,-0.325744163281691,-0.325744163281691
0.853,3.58842313223272,-0.147930410420329,-0.324689092173241,-0.324689092173241
0.854,3.5799560518337,-0.147626522503831,-0.32363744919632,-0.32363744919632
0.855,3.57150637073275,-0.147323060411779,-0.322589223145802,-0.322589223145802
0.856,3.56307406452011,-0.147020024555048,-0.321544402853572,-0.321544402853572
0.857,3.55465910876271,-0.146717415337384,-0.3205029771884,-0.3205029771884
0.858,3.54626147900452,-0.146415233155442,-0.319464935055819,-0.319464935055819
0.859,3.53788115076702,-0.146113478398834,-0.318430265397999,-0.318430265397999
0.86,3.52951809954953,-0.145812151450167,-0.317398957193626,-0.317398957193626
0.861,3.52117230082968,-0.145511252685083,-0.316370999457779,-0.316370999457779
0.862,3.51284373006375,-0.145210782472306,-0.315346381241808,-0.315346381241808
0.863,3.50453236268711,-0.144910741173677,-0.314325091633212,-0.314325091633212
0.864,3.49623817411458,-0.144611129144198,-0.313307119755519,-0.313307119755519
0.865,3.48796113974085,-0.144311946732075,-0.312292454768164,-0.312292454768164
0.866,3.47970123494084,-0.144013194278755,-0.311281085866368,-0.311281085866368
0.867,3.4714584350701,-0.143714872118965,-0.31027300228102,-0.31027300228102
0.868,3.46323271546521,-0.14341698058076,-0.309268193278555,-0.309268193278555
0.869,3.45502405144412,-0.143119519985553,-0.308266648160838,-0.308266648160838
0.87,3.44683241830657,-0.142822490648163,-0.307268356265042,-0.307268356265042
0.871,3.43865779133444,-0.14252589287685,-0.30627330696353,-0.30627330696353
0.872,3.43050014579214,-0.142229726973356,-0.305281489663741,-0.305281489663741
0.873,3.42235945692698,-0.141933993232945,-0.304292893808065,-0.304292893808065
0.874,3.41423569996954,-0.141638691944439,-0.303307508873735,-0.303307508873735
0.875,3.40612885013402,-0.141343823390263,-0.302325324372703,-0.302325324372703
0.876,3.39803888261864,-0.141049387846476,-0.301346329851526,-0.301346329851526
0.877,3.38996577260596,-0.140755385582816,-0.30037051489125,-0.30037051489125
0.878,3.3819094952633,-0.140461816862733,-0.299397869107297,-0.299397869107297
0.879,3.37387002574303,-0.140168681943433,-0.298428382149344,-0.298428382149344
0.88,3.36584733918297,-0.139875981075911,-0.297462043701213,-0.297462043701213
0.881,3.35784141070676,-0.13958371450499,-0.296498843480757,-0.296498843480757
0.882,3.34985221542417,-0.139291882469361,-0.295538771239741,-0.295538771239741
0.883,3.34187972843145,-0.139000485201618,-0.294581816763734,-0.294581816763734
0.884,3.33392392481174,-0.138709522928296,-0.293627969871992,-0.293627969871992
0.885,3.32598477963533,-0.138418995869908,-0.292677220417347,-0.292677220417347
0.886,3.31806226796007,-0.13812890424098,-0.291729558286095,-0.291729558286095
0.887,3.3101563648317,-0.137839248250094,-0.290784973397881,-0.290784973397881
0.888,3.30226704528415,-0.137550028099915,-0.28984345570559,-0.28984345570559
0.889,3.29439428433993,-0.137261243987236,-0.288904995195237,-0.288904995195237
0.89,3.28653805701043,-0.13697289610301,-0.28796958188585,-0.28796958188585
0.891,3.27869833829627,-0.136684984632386,-0.287037205829367,-0.287037205829367
0.892,3.27087510318762,-0.136397509754746,-0.286107857110521,-0.286107857110521
0.893,3.26306832666455,-0.13611047164374,-0.285181525846731,-0.285181525846731
0.894,3.25527798369734,-0.135823870467321,-0.284258202187994,-0.284258202187994
0.895,3.2475040492468,-0.135537706387783,-0.283337876316774,-0.283337876316774
0.896,3.2397464982646,-0.135251979561792,-0.282420538447894,-0.282420538447894
0.897,3.23200530569362,-0.134966690140424,-0.28150617882843,-0.28150617882843
0.898,3.22428044646821,-0.1346818382692,-0.2805947877376,-0.2805947877376
0.899,3.21657189551457,-0.134397424088118,-0.279686355486656,-0.279686355486656
0.9,3.20887962775102,-0.134113447731689,-0.278780872418779,-0.278780872418779
0.901,3.20120361808832,-0.133829909328973,-0.277878328908974,-0.277878328908974
0.902,3.19354384143002,-0.13354680900361,-0.276978715363957,-0.276978715363957
0.903,3.1859002726727,-0.133264146873857,-0.276082022222055,-0.276082022222055
0.904,3.17827288670637,-0.132981923052617,-0.275188239953097,-0.275188239953097
0.905,3.17066165841467,-0.13270013764748,-0.274297359058312,-0.274297359058312
0.906,3.16306656267527,-0.13241879076075,-0.273409370070218,-0.273409370070218
0.907,3.1554875743601,-0.132137882489482,-0.272524263552523,-0.272524263552523
0.908,3.14792466833569,-0.131857412925512,-0.271642030100018,-0.271642030100018
0.909,3.14037781946346,-0.131577382155494,-0.270762660338475,-0.270762660338475
0.91,3.1328470026,-0.131297790260929,-0.26988614492454,-0.26988614492454
0.911,3.1253321925974,-0.131018637318201,-0.269012474545632,-0.269012474545632
0.912,3.1178333643035,-0.130739923398606,-0.268141639919843,-0.268141639919843
0.913,3.1103504925622,-0.130461648568388,-0.267273631795828,-0.267273631795828
0.914,3.10288355221376,-0.130183812888768,-0.266408440952708,-0.266408440952708
0.915,3.09543251809507,-0.129906416415979,-0.265546058199969,-0.265546058199969
0.916,3.08799736503994,-0.129629459201296,-0.264686474377358,-0.264686474377358
0.917,3.08057806787938,-0.129352941291066,-0.263829680354782,-0.263829680354782
0.918,3.07317460144188,-0.129076862726744,-0.262975667032208,-0.262975667032208
0.919,3.06578694055372,-0.128801223544922,-0.262124425339562,-0.262124425339562
0.92,3.0584150600392,-0.128526023777359,-0.261275946236629,-0.261275946236629
0.921,3.05105893472093,-0.128251263451014,-0.260430220712955,-0.260430220712955
0.922,3.04371853942013,-0.127976942588077,-0.259587239787742,-0.259587239787742
0.923,3.03639384895689,-0.127703061205999,-0.258746994509757,-0.258746994509757
0.924,3.02908483815041,-0.127429619317522,-0.257909475957226,-0.257909475957226
0.925,3.02179148181932,-0.127156616930711,-0.25707467523774,-0.25707467523774
0.926,3.0145137547819,-0.126884054048984,-0.256242583488155,-0.256242583488155
0.927,3.00725163185637,-0.126611930671142,-0.255413191874494,-0.255413191874494
0.928,3.00000508786118,-0.126340246791399,-0.254586491591852,-0.254586491591852
0.929,2.9927740976152,-0.12606900239941,-0.253762473864294,-0.253762473864294
0.93,2.98555863593804,-0.125798197480305,-0.252941129944764,-0.252941129944764
0.931,2.9783586776503,-0.125527832014716,-0.252122451114985,-0.252122451114985
0.932,2.97117419757381,-0.125257905978806,-0.251306428685363,-0.251306428685363
0.933,2.96400517053189,-0.124988419344298,-0.250493053994894,-0.250493053994894
0.934,2.9568515713496,-0.124719372078508,-0.249682318411063,-0.249682318411063
0.935,2.94971337485403,-0.12445076414437,-0.248874213329755,-0.248874213329755
0.936,2.94259055587447,-0.124182595500464,-0.248068730175158,-0.248068730175158
0.937,2.93548308924276,-0.12391486610105,-0.247265860399666,-0.247265860399666
0.938,2.92839094979344,-0.123647575896093,-0.246465595483787,-0.246465595483787
0.939,2.92131411236406,-0.123380724831291,-0.24566792693605,-0.24566792693605
0.94,2.9142525517954,-0.123114312848104,-0.244872846292911,-0.244872846292911
0.941,2.90720624293171,-0.122848339883784,-0.244080345118657,-0.244080345118657
0.942,2.90017516062097,-0.122582805871399,-0.243290415005318,-0.243290415005318
0.943,2.8931592797151,-0.122317710739868,-0.24250304757257,-0.24250304757257
0.944,2.8861585750702,-0.122053054413978,-0.241718234467644,-0.241718234467644
0.945,2.87917302154684,-0.121788836814424,-0.240935967365236,-0.240935967365236
0.946,2.87220259401019,-0.121525057857826,-0.240156237967414,-0.240156237967414
0.947,2.86524726733037,-0.121261717456762,-0.239379038003526,-0.239379038003526
0.948,2.85830701638258,-0.120998815519795,-0.238604359230109,-0.238604359230109
0.949,2.85138181604741,-0.120736351951498,-0.237832193430799,-0.237832193430799
0.95,2.844471641211,-0.120474326652481,-0.237062532416241,-0.237062532416241
0.951,2.83757646676532,-0.12021273951942,-0.236295368024,-0.236295368024
0.952,2.83069626760835,-0.119951590445083,-0.235530692118465,-0.235530692118465
0.953,2.82383101864436,-0.119690879318354,-0.234768496590769,-0.234768496590769
0.954,2.81698069478406,-0.119430606024264,-0.234008773358692,-0.234008773358692
0.955,2.81014527094488,-0.119170770444011,-0.233251514366577,-0.233251514366577
0.956,2.80332472205115,-0.118911372454994,-0.232496711585237,-0.232496711585237
0.957,2.79651902303435,-0.118652411930831,-0.231744357011872,-0.231744357011872
0.958,2.7897281488333,-0.118393888741392,-0.230994442669976,-0.230994442669976
0.959,2.78295207439438,-0.11813580275282,-0.230246960609254,-0.230246960609254
0.96,2.77619077467175,-0.117878153827558,-0.229501902905529,-0.229501902905529
0.961,2.76944422462756,-0.117620941824374,-0.228759261660662,-0.228759261660662
0.962,2.76271239923214,-0.117364166598389,-0.228019029002457,-0.228019029002457
0.963,2.75599527346425,-0.117107828001099,-0.227281197084584,-0.227281197084584
0.964,2.74929282231124,-0.116851925880401,-0.226545758086483,-0.226545758086483
0.965,2.74260502076928,-0.116596460080618,-0.225812704213286,-0.225812704213286
0.966,2.73593184384359,-0.116341430442527,-0.225082027695726,-0.225082027695726
0.967,2.72927326654857,-0.116086836803379,-0.224353720790057,-0.224353720790057
0.968,2.72262926390808,-0.115832678996924,-0.223627775777963,-0.223627775777963
0.969,2.71599981095559,-0.115578956853441,-0.222904184966477,-0.222904184966477
0.97,2.70938488273438,-0.115325670199754,-0.222182940687896,-0.222182940687896
0.971,2.70278445429779,-0.115072818859265,-0.221464035299697,-0.221464035299697
0.972,2.69619850070933,-0.114820402651972,-0.220747461184452,-0.220747461184452
0.973,2.68962699704295,-0.114568421394494,-0.220033210749745,-0.220033210749745
0.974,2.6830699183832,-0.114316874900096,-0.21932127642809,-0.21932127642809
0.975,2.67652723982542,-0.114065762978715,-0.218611650676846,-0.218611650676846
0.976,2.66999893647592,-0.113815085436979,-0.217904325978134,-0.217904325978134
0.977,2.66348498345221,-0.113564842078232,-0.217199294838758,-0.217199294838758
0.978,2.65698535588315,-0.11331503270256,-0.216496549790118,-0.216496549790118
0.979,2.65050002890914,-0.113065657106811,-0.215796083388133,-0.215796083388133
0.98,2.64402897768231,-0.11281671508462,-0.215097888213156,-0.215097888213156
0.981,2.63757217736673,-0.112568206426433,-0.214401956869892,-0.214401956869892
0.982,2.63112960313855,-0.112320130919527,-0.213708281987321,-0.213708281987321
0.983,2.62470123018618,-0.112072488348035,-0.213016856218614,-0.213016856218614
0.984,2.61828703371053,-0.111825278492966,-0.212327672241052,-0.212327672241052
0.985,2.6118869889251,-0.111578501132234,-0.211640722755948,-0.211640722755948
0.986,2.60550107105625,-0.111332156040672,-0.210956000488566,-0.210956000488566
0.987,2.59912925534328,-0.111086242990061,-0.210273498188042,-0.210273498188042
0.988,2.5927715170387,-0.110840761749149,-0.209593208627303,-0.209593208627303
0.989,2.58642783140831,-0.110595712083674,-0.20891512460299,-0.20891512460299
0.99,2.58009817373146,-0.110351093756385,-0.208239238935375,-0.208239238935375
0.991,2.57378251930116,-0.110106906527067,-0.207565544468289,-0.207565544468289
0.992,2.56748084342426,-0.109863150152557,-0.206894034069037,-0.206894034069037
0.993,2.56119312142163,-0.109619824386774,-0.206224700628325,-0.206224700628325
0.994,2.55491932862833,-0.109376928980733,-0.205557537060179,-0.205557537060179
0.995,2.54865944039378,-0.109134463682568,-0.204892536301868,-0.204892536301868
0.996,2.54241343208187,-0.108892428237559,-0.204229691313828,-0.204229691313828
0.997,2.53618127907122,-0.108650822388145,-0.203568995079584,-0.203568995079584
0.998,2.52996295675524,-0.10840964587395,-0.202910440605673,-0.202910440605673
0.999,2.52375844054237,-0.108168898431805,-0.202254020921568,-0.202254020921568
1,2.5175677058562,-0.107928579795765,-0.201599729079601,-0.201599729079601
1.001,2.51139072813563,-0.107688689697133,-0.20094755815489,-0.20094755815489
1.002,2.50522748283504,-0.107449227864479,-0.200297501245258,-0.200297501245258
1.003,2.49907794542444,-0.107210194023661,-0.199649551471163,-0.199649551471163
1.004,2.49294209138961,-0.106971587897845,-0.199003701975617,-0.199003701975617
1.005,2.4868198962323,-0.106733409207529,-0.198359945924118,-0.198359945924118
1.006,2.48071133547031,-0.106495657670557,-0.197718276504569,-0.197718276504569
1.007,2.47461638463772,-0.106258333002143,-0.197078686927207,-0.197078686927207
1.008,2.46853501928498,-0.106021434914893,-0.196441170424527,-0.196441170424527
1.009,2.46246721497907,-0.10578496311882,-0.195805720251209,-0.195805720251209
1.01,2.45641294730369,-0.105548917321367,-0.195172329684047,-0.195172329684047
1.011,2.45037219185935,-0.105313297227427,-0.194540992021868,-0.194540992021868
1.012,2.44434492426355,-0.105078102539361,-0.193911700585469,-0.193911700585469
1.013,2.43833112015093,-0.104843332957019,-0.193284448717533,-0.193284448717533
1.014,2.43233075517337,-0.104608988177758,-0.192659229782566,-0.192659229782566
1.015,2.42634380500017,-0.104375067896464,-0.192036037166819,-0.192036037166819
1.016,2.4203702453182,-0.104141571805567,-0.191414864278218,-0.191414864278218
1.017,2.41441005183201,-0.103908499595065,-0.190795704546289,-0.190795704546289
1.018,2.40846320026398,-0.103675850952538,-0.190178551422092,-0.190178551422092
1.019,2.40252966635446,-0.103443625563174,-0.189563398378143,-0.189563398378143
1.02,2.39660942586189,-0.103211823109779,-0.188950238908348,-0.188950238908348
1.021,2.39070245456299,-0.102980443272802,-0.188339066527928,-0.188339066527928
1.022,2.38480872825282,-0.102749485730353,-0.187729874773351,-0.187729874773351
1.023,2.37892822274497,-0.102518950158219,-0.187122657202261,-0.187122657202261
1.024,2.37306091387166,-0.102288836229886,-0.186517407393406,-0.186517407393406
1.025,2.36720677748389,-0.102059143616552,-0.185914118946571,-0.185914118946571
1.026,2.36136578945156,-0.101829871987153,-0.185312785482505,-0.185312785482505
1.027,2.35553792566361,-0.101601021008373,-0.184713400642853,-0.184713400642853
1.028,2.34972316202813,-0.101372590344668,-0.184115958090086,-0.184115958090086
1.029,2.34392147447252,-0.101144579658282,-0.183520451507435,-0.183520451507435
1.03,2.33813283894356,-0.100916988609263,-0.182926874598816,-0.182926874598816
1.031,2.3323572314076,-0.100689816855486,-0.182335221088768,-0.182335221088768
1.032,2.32659462785065,-0.100463064052664,-0.181745484722379,-0.181745484722379
1.033,2.3208450042785,-0.100236729854371,-0.181157659265221,-0.181157659265221
1.034,2.31510833671685,-0.100010813912056,-0.180571738503284,-0.180571738503284
1.035,2.30938460121144,-0.0997853158750645,-0.179987716242902,-0.179987716242902
1.036,2.30367377382814,-0.0995602353906504,-0.179405586310692,-0.179405586310692
1.037,2.29797583065312,-0.0993355721039979,-0.178825342553481,-0.178825342553481
1.038,2.29229074779291,-0.0991113256582364,-0.178246978838246,-0.178246978838246
1.039,2.28661850137457,-0.0988874956944584,-0.17767048905204,-0.17767048905204
1.04,2.28095906754576,-0.0986640818517359,-0.177095867101929,-0.177095867101929
1.041,2.2753124224749,-0.0984410837671377,-0.176523106914926,-0.176523106914926
1.042,2.26967854235123,-0.0982185010757461,-0.175952202437925,-0.175952202437925
1.043,2.26405740338499,-0.0979963334106736,-0.175383147637633,-0.175383147637633
1.044,2.25844898180748,-0.0977745804030795,-0.174815936500505,-0.174815936500505
1.045,2.25285325387118,-0.0975532416821867,-0.17425056303268,-0.17425056303268
1.046,2.24727019584988,-0.0973323168752976,-0.173687021259915,-0.173687021259915
1.047,2.24169978403879,-0.0971118056078111,-0.17312530522752,-0.17312530522752
1.048,2.2361419947546,-0.0968917075032383,-0.172565409000293,-0.172565409000293
1.049,2.23059680433568,-0.0966720221832193,-0.172007326662454,-0.172007326662454
1.05,2.22506418914207,-0.0964527492675387,-0.171451052317585,-0.171451052317585
1.051,2.2195441255557,-0.096233888374142,-0.17089658008856,-0.17089658008856
1.052,2.21403658998041,-0.0960154391191516,-0.170343904117487,-0.170343904117487
1.053,2.2085415588421,-0.0957974011168823,-0.169793018565638,-0.169793018565638
1.054,2.20305900858882,-0.0955797739798572,-0.169243917613393,-0.169243917613393
1.055,2.19758891569087,-0.0953625573188238,-0.16869659546017,-0.16869659546017
1.056,2.19213125664089,-0.0951457507427688,-0.168151046324365,-0.168151046324365
1.057,2.18668600795399,-0.0949293538589344,-0.167607264443289,-0.167607264443289
1.058,2.18125314616783,-0.0947133662728333,-0.167065244073105,-0.167065244073105
1.059,2.17583264784273,-0.0944977875882641,-0.166524979488765,-0.166524979488765
1.06,2.17042448956172,-0.0942826174073267,-0.165986464983951,-0.165986464983951
1.061,2.16502864793074,-0.0940678553304373,-0.165449694871007,-0.165449694871007
1.062,2.15964509957861,-0.0938535009563437,-0.164914663480884,-0.164914663480884
1.063,2.15427382115723,-0.0936395538821402,-0.164381365163073,-0.164381365163073
1.064,2.14891478934161,-0.0934260137032827,-0.163849794285545,-0.163849794285545
1.065,2.14356798083,-0.0932128800136033,-0.163319945234693,-0.163319945234693
1.066,2.13823337234395,-0.0930001524053253,-0.162791812415268,-0.162791812415268
1.067,2.13291094062843,-0.0927878304690779,-0.162265390250318,-0.162265390250318
1.068,2.12760066245192,-0.0925759137939107,-0.161740673181127,-0.161740673181127
1.069,2.12230251460648,-0.0923644019673083,-0.16121765566716,-0.16121765566716
1.07,2.11701647390784,-0.0921532945752047,-0.160696332185995,-0.160696332185995
1.071,2.11174251719551,-0.0919425912019982,-0.160176697233269,-0.160176697233269
1.072,2.10648062133287,-0.0917322914305647,-0.159658745322615,-0.159658745322615
1.073,2.10123076320721,-0.0915223948422731,-0.159142470985604,-0.159142470985604
1.074,2.09599291972987,-0.0913129010169984,-0.158627868771686,-0.158627868771686
1.075,2.09076706783631,-0.0911038095331365,-0.158114933248128,-0.158114933248128
1.076,2.08555318448617,-0.0908951199676181,-0.15760365899996,-0.15760365899996
1.077,2.08035124666338,-0.0906868318959223,-0.157094040629912,-0.157094040629912
1.078,2.07516123137624,-0.0904789448920907,-0.156586072758357,-0.156586072758357
1.079,2.06998311565748,-0.0902714585287413,-0.156079750023252,-0.156079750023252
1.08,2.06481687656438,-0.0900643723770819,-0.155575067080082,-0.155575067080082
1.081,2.05966249117881,-0.0898576860069238,-0.155072018601798,-0.155072018601798
1.082,2.05451993660734,-0.0896513989866958,-0.154570599278765,-0.154570599278765
1.083,2.0493891899813,-0.0894455108834569,-0.1540708038187,-0.1540708038187
1.084,2.04427022845685,-0.0892400212629103,-0.153572626946613,-0.153572626946613
1.085,2.03916302921511,-0.0890349296894168,-0.153076063404757,-0.153076063404757
1.086,2.03406756946216,-0.0888302357260074,-0.152581107952564,-0.152581107952564
1.087,2.02898382642918,-0.0886259389343974,-0.152087755366592,-0.152087755366592
1.088,2.02391177737248,-0.0884220388749984,-0.151596000440465,-0.151596000440465
1.089,2.01885139957361,-0.0882185351069328,-0.151105837984823,-0.151105837984823
1.09,2.01380267033941,-0.0880154271880452,-0.150617262827259,-0.150617262827259
1.091,2.00876556700209,-0.0878127146749166,-0.150130269812265,-0.150130269812265
1.092,2.00374006691929,-0.0876103971228764,-0.149644853801178,-0.149644853801178
1.093,1.99872614747419,-0.0874084740860157,-0.149161009672124,-0.149161009672124
1.094,1.99372378607553,-0.0872069451171996,-0.14867873231996,-0.14867873231996
1.095,1.98873296015771,-0.08700580976808,-0.148198016656221,-0.148198016656221
1.096,1.98375364718087,-0.0868050675891081,-0.147718857609065,-0.147718857609065
1.097,1.97878582463092,-0.0866047181295471,-0.147241250123217,-0.147241250123217
1.098,1.97382947001962,-0.0864047609374843,-0.146765189159914,-0.146765189159914
1.099,1.9688845608847,-0.0862051955598435,-0.146290669696853,-0.146290669696853
1.1,1.96395107478984,-0.0860060215423976,-0.145817686728132,-0.145817686728132
1.101,1.95902898932479,-0.0858072384297804,-0.145346235264202,-0.145346235264202
1.102,1.95411828210542,-0.085608845765499,-0.144876310331807,-0.144876310331807
1.103,1.94921893077381,-0.0854108430919457,-0.144407906973934,-0.144407906973934
1.104,1.94433091299826,-0.0852132299504102,-0.143941020249758,-0.143941020249758
1.105,1.9394542064734,-0.0850160058810915,-0.14347564523459,-0.14347564523459
1.106,1.93458878892024,-0.0848191704231095,-0.143011777019821,-0.143011777019821
1.107,1.9297346380862,-0.0846227231145172,-0.14254941071287,-0.14254941071287
1.108,1.92489173174524,-0.0844266634923124,-0.142088541437135,-0.142088541437135
1.109,1.92006004769784,-0.084230991092449,-0.141629164331931,-0.141629164331931
1.11,1.91523956377112,-0.084035705449849,-0.14117127455245,-0.14117127455245
1.111,1.91043025781886,-0.0838408060984139,-0.140714867269697,-0.140714867269697
1.112,1.90563210772159,-0.0836462925710363,-0.140259937670444,-0.140259937670444
1.113,1.90084509138663,-0.0834521643996112,-0.139806480957178,-0.139806480957178
1.114,1.89606918674813,-0.0832584211150471,-0.139354492348047,-0.139354492348047
1.115,1.89130437176717,-0.0830650622472781,-0.138903967076808,-0.138903967076808
1.116,1.88655062443178,-0.0828720873252742,-0.138454900392779,-0.138454900392779
1.117,1.88180792275701,-0.082679495877053,-0.138007287560784,-0.138007287560784
1.118,1.87707624478496,-0.0824872874296906,-0.137561123861102,-0.137561123861102
1.119,1.87235556858487,-0.082295461509333,-0.13711640458942,-0.13711640458942
1.12,1.86764587225316,-0.0821040176412065,-0.136673125056777,-0.136673125056777
1.121,1.86294713391348,-0.0819129553496291,-0.136231280589517,-0.136231280589517
1.122,1.85825933171673,-0.081722274158021,-0.135790866529238,-0.135790866529238
1.123,1.85358244384119,-0.0815319735889158,-0.135351878232739,-0.135351878232739
1.124,1.84891644849248,-0.0813420531639708,-0.134914311071973,-0.134914311071973
1.125,1.84426132390367,-0.081152512403978,-0.134478160433997,-0.134478160433997
1.126,1.83961704833532,-0.0809633508288745,-0.134043421720919,-0.134043421720919
1.127,1.8349836000755,-0.0807745679577534,-0.133610090349851,-0.133610090349851
1.128,1.83036095743986,-0.0805861633088735,-0.133178161752861,-0.133178161752861
1.129,1.8257490987717,-0.0803981363996709,-0.132747631376919,-0.132747631376919
1.13,1.82114800244196,-0.0802104867467684,-0.132318494683852,-0.132318494683852
1.131,1.81655764684932,-0.0800232138659861,-0.131890747150295,-0.131890747150295
1.132,1.81197801042021,-0.079836317272352,-0.131464384267637,-0.131464384267637
1.133,1.80740907160889,-0.0796497964801116,-0.13103940154198,-0.13103940154198
1.134,1.80285080889745,-0.0794636510027386,-0.130615794494086,-0.130615794494086
1.135,1.7983032007959,-0.0792778803529447,-0.130193558659326,-0.130193558659326
1.136,1.79376622584216,-0.0790924840426895,-0.129772689587641,-0.129772689587641
1.137,1.78923986260217,-0.0789074615831908,-0.129353182843484,-0.129353182843484
1.138,1.78472408966987,-0.0787228124849342,-0.128935034005777,-0.128935034005777
1.139,1.78021888566728,-0.0785385362576833,-0.128518238667865,-0.128518238667865
1.14,1.77572422924453,-0.0783546324104891,-0.128102792437464,-0.128102792437464
1.141,1.77124009907989,-0.0781711004516999,-0.127688690936617,-0.127688690936617
1.142,1.76676647387984,-0.0779879398889713,-0.127275929801646,-0.127275929801646
1.143,1.76230333237905,-0.0778051502292752,-0.126864504683103,-0.126864504683103
1.144,1.7578506533405,-0.0776227309789098,-0.126454411245727,-0.126454411245727
1.145,1.75340841555545,-0.0774406816435093,-0.126045645168395,-0.126045645168395
1.146,1.74897659784352,-0.0772590017280528,-0.125638202144073,-0.125638202144073
1.147,1.74455517905269,-0.0770776907368741,-0.125232077879776,-0.125232077879776
1.148,1.74014413805939,-0.0768967481736708,-0.124827268096514,-0.124827268096514
1.149,1.73574345376846,-0.0767161735415142,-0.124423768529253,-0.124423768529253
1.15,1.73135310511328,-0.0765359663428576,-0.124021574926864,-0.124021574926864
1.151,1.72697307105571,-0.0763561260795464,-0.123620683052081,-0.123620683052081
1.152,1.7226033305862,-0.0761766522528264,-0.123221088681452,-0.123221088681452
1.153,1.71824386272378,-0.0759975443633538,-0.122822787605294,-0.122822787605294
1.154,1.7138946465161,-0.0758188019112034,-0.122425775627651,-0.122425775627651
1.155,1.7095556610395,-0.075640424395878,-0.122030048566246,-0.122030048566246
1.156,1.70522688539897,-0.0754624113163175,-0.121635602252435,-0.121635602252435
1.157,1.70090829872825,-0.0752847621709072,-0.121242432531166,-0.121242432531166
1.158,1.69659988018985,-0.0751074764574871,-0.120850535260929,-0.120850535260929
1.159,1.69230160897503,-0.0749305536733605,-0.120459906313716,-0.120459906313716
1.16,1.68801346430389,-0.074753993315303,-0.120070541574976,-0.120070541574976
1.161,1.68373542542539,-0.0745777948795704,-0.119682436943568,-0.119682436943568
1.162,1.67946747161733,-0.0744019578619084,-0.119295588331718,-0.119295588331718
1.163,1.67520958218646,-0.0742264817575602,-0.118909991664978,-0.118909991664978
1.164,1.67096173646842,-0.0740513660612756,-0.118525642882176,-0.118525642882176
1.165,1.66672391382785,-0.0738766102673192,-0.118142537935381,-0.118142537935381
1.166,1.66249609365836,-0.0737022138694791,-0.117760672789849,-0.117760672789849
1.167,1.65827825538258,-0.0735281763610748,-0.117380043423989,-0.117380043423989
1.168,1.65407037845219,-0.0733544972349659,-0.117000645829314,-0.117000645829314
1.169,1.64987244234794,-0.0731811759835604,-0.116622476010401,-0.116622476010401
1.17,1.64568442657967,-0.0730082120988225,-0.116245529984846,-0.116245529984846
1.171,1.64150631068633,-0.0728356050722813,-0.115869803783221,-0.115869803783221
1.172,1.63733807423605,-0.0726633543950386,-0.115495293449035,-0.115495293449035
1.173,1.63317969682609,-0.0724914595577768,-0.115121995038685,-0.115121995038685
1.174,1.62903115808293,-0.0723199200507677,-0.114749904621422,-0.114749904621422
1.175,1.62489243766226,-0.0721487353638794,-0.114379018279299,-0.114379018279299
1.176,1.620763515249,-0.071977904986585,-0.114009332107139,-0.114009332107139
1.177,1.61664437055735,-0.0718074284079703,-0.113640842212484,-0.113640842212484
1.178,1.61253498333078,-0.0716373051167417,-0.11327354471556,-0.11327354471556
1.179,1.60843533334207,-0.0714675346012334,-0.112907435749231,-0.112907435749231
1.18,1.60434540039333,-0.0712981163494163,-0.112542511458959,-0.112542511458959
1.181,1.600265164316,-0.0711290498489044,-0.112178768002764,-0.112178768002764
1.182,1.59619460497093,-0.0709603345869635,-0.11181620155118,-0.11181620155118
1.183,1.5921337022483,-0.0707919700505182,-0.111454808287217,-0.111454808287217
1.184,1.58808243606774,-0.0706239557261595,-0.111094584406315,-0.111094584406315
1.185,1.5840407863783,-0.0704562911001528,-0.110735526116309,-0.110735526116309
1.186,1.58000873315845,-0.0702889756584445,-0.110377629637385,-0.110377629637385
1.187,1.57598625641614,-0.0701220088866704,-0.11002089120204,-0.11002089120204
1.188,1.5719733361888,-0.0699553902701624,-0.109665307055042,-0.109665307055042
1.189,1.56796995254335,-0.069789119293956,-0.109310873453388,-0.109310873453388
1.19,1.56397608557624,-0.0696231954427975,-0.108957586666268,-0.108957586666268
1.191,1.55999171541343,-0.0694576182011517,-0.108605442975018,-0.108605442975018
1.192,1.55601682221042,-0.0692923870532086,-0.108254438673087,-0.108254438673087
1.193,1.55205138615231,-0.0691275014828904,-0.107904570065994,-0.107904570065994
1.194,1.54809538745373,-0.0689629609738595,-0.107555833471289,-0.107555833471289
1.195,1.54414880635893,-0.0687987650095245,-0.107208225218512,-0.107208225218512
1.196,1.54021162314176,-0.068634913073048,-0.106861741649155,-0.106861741649155
1.197,1.53628381810569,-0.0684714046473531,-0.106516379116625,-0.106516379116625
1.198,1.53236537158382,-0.0683082392151307,-0.1061721339862,-0.1061721339862
1.199,1.52845626393889,-0.0681454162588461,-0.105829002634994,-0.105829002634994
1.2,1.52455647556331,-0.0679829352607461,-0.105486981451914,-0.105486981451914
1.201,1.52066598687916,-0.0678207957028655,-0.105146066837628,-0.105146066837628
1.202,1.51678477833819,-0.0676589970670343,-0.104806255204519,-0.104806255204519
1.203,1.51291283042187,-0.0674975388348839,-0.104467542976652,-0.104467542976652
1.204,1.50905012364134,-0.0673364204878543,-0.104129926589732,-0.104129926589732
1.205,1.5051966385375,-0.0671756415072005,-0.103793402491067,-0.103793402491067
1.206,1.50135235568094,-0.067015201373999,-0.103457967139534,-0.103457967139534
1.207,1.497517255672,-0.0668550995691544,-0.103123617005532,-0.103123617005532
1.208,1.49369131914078,-0.0666953355734063,-0.102790348570952,-0.102790348570952
1.209,1.48987452674712,-0.0665359088673352,-0.102458158329139,-0.102458158329139
1.21,1.48606685918061,-0.0663768189313693,-0.102127042784847,-0.102127042784847
1.211,1.48226829716066,-0.0662180652457909,-0.101796998454211,-0.101796998454211
1.212,1.47847882143642,-0.0660596472907425,-0.101468021864704,-0.101468021864704
1.213,1.47469841278685,-0.0659015645462334,-0.1011401095551,-0.1011401095551
1.214,1.47092705202069,-0.0657438164921459,-0.100813258075441,-0.100813258075441
1.215,1.4671647199765,-0.0655864026082414,-0.100487463986993,-0.100487463986993
1.216,1.46341139752265,-0.0654293223741669,-0.100162723862217,-0.100162723862217
1.217,1.45966706555732,-0.0652725752694607,-0.0998390342847264,-0.0998390342847264
1.218,1.45593170500851,-0.0651161607735591,-0.0995163918492539,-0.0995163918492539
1.219,1.45220529683406,-0.0649600783658019,-0.0991947931616127,-0.0991947931616127
1.22,1.44848782202164,-0.064804327525439,-0.098874234838662,-0.098874234838662
1.221,1.44477926158875,-0.0646489077316359,-0.0985547135082693,-0.0985547135082693
1.222,1.44107959658275,-0.06449381846348,-0.0982362258092752,-0.0982362258092752
1.223,1.43738880808085,-0.0643390591999864,-0.0979187683914571,-0.0979187683914571
1.224,1.43370687719008,-0.064184629420104,-0.0976023379154935,-0.0976023379154935
1.225,1.43003378504736,-0.0640305286027209,-0.097286931052928,-0.097286931052928
1.226,1.42636951281945,-0.0638767562266708,-0.096972544486134,-0.096972544486134
1.227,1.42271404170299,-0.0637233117707381,-0.0966591749082787,-0.0966591749082787
1.228,1.41906735292448,-0.0635701947136645,-0.0963468190232885,-0.0963468190232885
1.229,1.41542942774026,-0.0634174045341539,-0.0960354735458127,-0.0960354735458127
1.23,1.41180024743657,-0.0632649407108785,-0.0957251352011891,-0.0957251352011891
1.231,1.40817979332951,-0.0631128027224843,-0.095415800725409,-0.095415800725409
1.232,1.40456804676506,-0.0629609900475969,-0.0951074668650818,-0.0951074668650818
1.233,1.40096498911905,-0.0628095021648268,-0.0948001303773999,-0.0948001303773999
1.234,1.39737060179722,-0.0626583385527749,-0.0944937880301059,-0.0944937880301059
1.235,1.39378486623514,-0.0625074986900382,-0.0941884366014553,-0.0941884366014553
1.236,1.3902077638983,-0.0623569820552154,-0.093884072880184,-0.093884072880184
1.237,1.38663927628203,-0.0622067881269117,-0.0935806936654733,-0.0935806936654733
1.238,1.38307938491154,-0.0620569163837449,-0.0932782957669158,-0.0932782957669158
1.239,1.37952807134193,-0.0619073663043503,-0.0929768760044808,-0.0929768760044808
1.24,1.37598531715816,-0.061758137367386,-0.0926764312084813,-0.0926764312084813
1.241,1.37245110397504,-0.0616092290515386,-0.0923769582195391,-0.0923769582195391
1.242,1.36892541343728,-0.0614606408355279,-0.0920784538885515,-0.0920784538885515
1.243,1.36540822721945,-0.0613123721981126,-0.0917809150766575,-0.0917809150766575
1.244,1.36189952702596,-0.0611644226180951,-0.0914843386552045,-0.0914843386552045
1.245,1.35839929459111,-0.0610167915743267,-0.0911887215057145,-0.0911887215057145
1.246,1.35490751167904,-0.0608694785457132,-0.0908940605198513,-0.0908940605198513
1.247,1.35142416008375,-0.060722483011219,-0.0906003525993862,-0.0906003525993862
1.248,1.3479492216291,-0.0605758044498732,-0.0903075946561664,-0.0903075946561664
1.249,1.34448267816879,-0.0604294423407738,-0.0900157836120806,-0.0900157836120806
1.25,1.34102451158635,-0.0602833961630933,-0.0897249163990271,-0.0897249163990271
1.251,1.33757470379516,-0.060137665396083,-0.0894349899588804,-0.0894349899588804
1.252,1.33413323673846,-0.0599922495190785,-0.0891460012434589,-0.0891460012434589
1.253,1.33070009238927,-0.0598471480115042,-0.0888579472144921,-0.0888579472144921
1.254,1.32727525275048,-0.0597023603528784,-0.0885708248435882,-0.0885708248435882
1.255,1.32385869985476,-0.0595578860228176,-0.0882846311122021,-0.0882846311122021
1.256,1.32045041576462,-0.0594137245010423,-0.0879993630116024,-0.0879993630116024
1.257,1.31705038257237,-0.0592698752673803,-0.0877150175428401,-0.0877150175428401
1.258,1.31365858240011,-0.059126337801773,-0.0874315917167159,-0.0874315917167159
1.259,1.31027499739975,-0.0589831115842788,-0.0871490825537488,-0.0871490825537488
1.26,1.30689960975298,-0.0588401960950783,-0.086867487084144,-0.086867487084144
1.261,1.30353240167126,-0.058697590814479,-0.0865868023477611,-0.0865868023477611
1.262,1.30017335539584,-0.0585552952229198,-0.0863070253940828,-0.0863070253940828
1.263,1.29682245319773,-0.0584133088009753,-0.0860281532821831,-0.0860281532821831
1.264,1.29347967737768,-0.0582716310293606,-0.0857501830806963,-0.0857501830806963
1.265,1.2901450102662,-0.0581302613889359,-0.0854731118677849,-0.0854731118677849
1.266,1.28681843422356,-0.0579891993607107,-0.08519693673111,-0.08519693673111
1.267,1.28349993163973,-0.0578484444258482,-0.0849216547677978,-0.0849216547677978
1.268,1.28018948493442,-0.05770799606567,-0.0846472630844112,-0.0846472630844112
1.269,1.27688707655704,-0.0575678537616603,-0.0843737587969172,-0.0843737587969172
1.27,1.27359268898673,-0.0574280169954702,-0.0841011390306567,-0.0841011390306567
1.271,1.2703063047323,-0.057288485248922,-0.0838294009203138,-0.0838294009203138
1.272,1.26702790633226,-0.0571492580040138,-0.0835585416098852,-0.0835585416098852
1.273,1.26375747635477,-0.0570103347429232,-0.0832885582526496,-0.0832885582526496
1.274,1.26049499739769,-0.056871714948012,-0.0830194480111378,-0.0830194480111378
1.275,1.25724045208849,-0.0567333981018302,-0.0827512080571017,-0.0827512080571017
1.276,1.25399382308433,-0.0565953836871202,-0.0824838355714851,-0.0824838355714851
1.277,1.25075509307196,-0.0564576711868208,-0.0822173277443923,-0.0822173277443923
1.278,1.24752424476778,-0.0563202600840718,-0.0819516817750595,-0.0819516817750595
1.279,1.24430126091777,-0.0561831498622172,-0.0816868948718241,-0.0816868948718241
1.28,1.24108612429752,-0.0560463400048102,-0.0814229642520952,-0.0814229642520952
1.281,1.23787881771223,-0.0559098299956165,-0.0811598871423238,-0.0811598871423238
1.282,1.23467932399661,-0.0557736193186188,-0.0808976607779732,-0.0808976607779732
1.283,1.231487626015,-0.0556377074580205,-0.0806362824034902,-0.0806362824034902
1.284,1.22830370666123,-0.0555020938982495,-0.0803757492722743,-0.0803757492722743
1.285,1.2251275488587,-0.0553667781239625,-0.0801160586466501,-0.0801160586466501
1.286,1.2219591355603,-0.0552317596200487,-0.0798572077978367,-0.0798572077978367
1.287,1.21879844974846,-0.0550970378716336,-0.0795991940059194,-0.0795991940059194
1.288,1.21564547443509,-0.0549626123640826,-0.0793420145598207,-0.0793420145598207
1.289,1.21250019266155,-0.0548284825830055,-0.0790856667572711,-0.0790856667572711
1.29,1.20936258749872,-0.0546946480142595,-0.07883014790478,-0.07883014790478
1.291,1.20623264204689,-0.0545611081439536,-0.0785754553176083,-0.0785754553176083
1.292,1.20311033943579,-0.0544278624584515,-0.078321586319738,-0.078321586319738
1.293,1.1999956628246,-0.0542949104443764,-0.0780685382438453,-0.0780685382438453
1.294,1.19688859540187,-0.0541622515886137,-0.0778163084312709,-0.0778163084312709
1.295,1.19378912038558,-0.0540298853783149,-0.0775648942319926,-0.0775648942319926
1.296,1.19069722102304,-0.0538978113009017,-0.0773142930045969,-0.0773142930045969
1.297,1.18761288059096,-0.0537660288440688,-0.0770645021162501,-0.0770645021162501
1.298,1.18453608239539,-0.053634537495788,-0.0768155189426712,-0.0768155189426712
1.299,1.18146680977168,-0.0535033367443119,-0.0765673408681039,-0.0765673408681039
1.3,1.17840504608453,-0.0533724260781765,-0.0763199652852877,-0.0763199652852877
1.301,1.17535077472792,-0.0532418049862057,-0.0760733895954313,-0.0760733895954313
1.302,1.17230397912509,-0.0531114729575144,-0.0758276112081844,-0.0758276112081844
1.303,1.16926464272859,-0.0529814294815115,-0.0755826275416103,-0.0755826275416103
1.304,1.16623274902017,-0.0528516740479041,-0.075338436022158,-0.075338436022158
1.305,1.16320828151083,-0.0527222061467001,-0.0750950340846354,-0.0750950340846354
1.306,1.16019122374079,-0.0525930252682122,-0.0748524191721816,-0.0748524191721816
1.307,1.15718155927944,-0.0524641309030608,-0.0746105887362398,-0.0746105887362398
1.308,1.15417927172537,-0.0523355225421774,-0.07436954023653,-0.07436954023653
1.309,1.15118434470632,-0.0522071996768081,-0.0741292711410222,-0.0741292711410222
1.31,1.14819676187917,-0.0520791617985165,-0.0738897789259094,-0.0738897789259094
1.311,1.14521650692991,-0.0519514083991875,-0.0736510610755805,-0.0736510610755805
1.312,1.14224356357365,-0.0518239389710296,-0.0734131150825939,-0.0734131150825939
1.313,1.13927791555458,-0.051696753006579,-0.0731759384476504,-0.0731759384476504
1.314,1.13631954664596,-0.0515698499987023,-0.072939528679567,-0.072939528679567
1.315,1.13336844065009,-0.0514432294405997,-0.0727038832952504,-0.0727038832952504
1.316,1.1304245813983,-0.0513168908258082,-0.0724689998196696,-0.0724689998196696
1.317,1.12748795275093,-0.0511908336482044,-0.0722348757858315,-0.0722348757858315
1.318,1.12455853859731,-0.051065057402008,-0.0720015087347525,-0.0720015087347525
1.319,1.12163632285573,-0.0509395615817845,-0.071768896215434,-0.071768896215434
1.32,1.11872128947345,-0.0508143456824485,-0.0715370357848352,-0.0715370357848352
1.321,1.11581342242663,-0.0506894091992665,-0.0713059250078481,-0.0713059250078481
1.322,1.11291270572036,-0.0505647516278597,-0.0710755614572706,-0.0710755614572706
1.323,1.11001912338863,-0.0504403724642074,-0.0708459427137814,-0.0708459427137814
1.324,1.10713265949425,-0.0503162712046497,-0.0706170663659139,-0.0706170663659139
1.325,1.10425329812894,-0.0501924473458901,-0.070388930010031,-0.070388930010031
1.326,1.10138102341319,-0.0500689003849991,-0.0701615312502987,-0.0701615312502987
1.327,1.09851581949633,-0.0499456298194164,-0.0699348676986616,-0.0699348676986616
1.328,1.09565767055647,-0.0498226351469538,-0.0697089369748169,-0.0697089369748169
1.329,1.09280656080046,-0.0496999158657986,-0.0694837367061892,-0.0694837367061892
1.33,1.08996247446393,-0.0495774714745157,-0.0692592645279054,-0.0692592645279054
1.331,1.08712539581118,-0.0494553014720506,-0.0690355180827694,-0.0690355180827694
1.332,1.08429530913526,-0.0493334053577323,-0.068812495021237,-0.068812495021237
1.333,1.08147219875785,-0.0492117826312761,-0.0685901930013914,-0.0685901930013914
1.334,1.0786560490293,-0.0490904327927858,-0.0683686096889175,-0.0683686096889175
1.335,1.07584684432861,-0.048969355342757,-0.0681477427570779,-0.0681477427570779
1.336,1.07304456906337,-0.0488485497820791,-0.0679275898866873,-0.0679275898866873
1.337,1.07024920766974,-0.0487280156120387,-0.0677081487660893,-0.0677081487660893
1.338,1.06746074461247,-0.0486077523343217,-0.0674894170911297,-0.0674894170911297
1.339,1.06467916438484,-0.0484877594510159,-0.067271392565134,-0.067271392565134
1.34,1.06190445150864,-0.0483680364646139,-0.0670540728988818,-0.0670540728988818
1.341,1.05913659053417,-0.0482485828780153,-0.0668374558105831,-0.0668374558105831
1.342,1.05637556604017,-0.0481293981945296,-0.0666215390258537,-0.0666215390258537
1.343,1.05362136263387,-0.0480104819178782,-0.0664063202776912,-0.0664063202776912
1.344,1.05087396495088,-0.0478918335521976,-0.0661917973064508,-0.0661917973064508
1.345,1.04813335765524,-0.0477734526020411,-0.0659779678598214,-0.0659779678598214
1.346,1.04539952543935,-0.0476553385723819,-0.0657648296928015,-0.0657648296928015
1.347,1.04267245302395,-0.0475374909686152,-0.0655523805676758,-0.0655523805676758
1.348,1.03995212515814,-0.0474199092965605,-0.0653406182539908,-0.0653406182539908
1.349,1.03723852661929,-0.0473025930624646,-0.0651295405285316,-0.0651295405285316
1.35,1.03453164221306,-0.0471855417730029,-0.0649191451752981,-0.0649191451752981
1.351,1.03183145677337,-0.0470687549352831,-0.0647094299854813,-0.0647094299854813
1.352,1.02913795516236,-0.0469522320568464,-0.0645003927574401,-0.0645003927574401
1.353,1.02645112227036,-0.0468359726456703,-0.0642920312966783,-0.0642920312966783
1.354,1.02377094301592,-0.0467199762101709,-0.0640843434158198,-0.0640843434158198
1.355,1.02109740234569,-0.0466042422592051,-0.0638773269345875,-0.0638773269345875
1.356,1.01843048523449,-0.0464887703020729,-0.0636709796797784,-0.0636709796797784
1.357,1.01577017668521,-0.0463735598485196,-0.0634652994852413,-0.0634652994852413
1.358,1.01311646172885,-0.0462586104087379,-0.063260284191854,-0.063260284191854
1.359,1.01046932542444,-0.0461439214933704,-0.0630559316474995,-0.0630559316474995
1.36,1.00782875285904,-0.0460294926135115,-0.0628522397070443,-0.0628522397070443
1.361,1.00519472914769,-0.0459153232807098,-0.0626492062323146,-0.0626492062323146
1.362,1.00256723943344,-0.0458014130069698,-0.0624468290920743,-0.0624468290920743
1.363,0.999946268887271,-0.0456877613047545,-0.0622451061620022,-0.0622451061620022
1.364,0.997331802708068,-0.0455743676869875,-0.062044035324669,-0.062044035324669
1.365,0.994723826122631,-0.0454612316670547,-0.0618436144695157,-0.0618436144695157
1.366,0.992122324385619,-0.0453483527588066,-0.0616438414928303,-0.0616438414928303
1.367,0.989527282779534,-0.0452357304765605,-0.061444714297726,-0.061444714297726
1.368,0.986938686614693,-0.045123364335102,-0.0612462307941191,-0.0612462307941191
1.369,0.984356521229199,-0.0450112538496879,-0.0610483888987063,-0.0610483888987063
1.37,0.981780771988913,-0.0448993985360471,-0.0608511865349428,-0.0608511865349428
1.371,0.979211424287433,-0.0447877979103837,-0.0606546216330205,-0.0606546216330205
1.372,0.976648463546061,-0.044676451489378,-0.0604586921298459,-0.0604586921298459
1.373,0.974091875213779,-0.0445653587901891,-0.0602633959690179,-0.0602633959690179
1.374,0.971541644767215,-0.0444545193304565,-0.0600687311008063,-0.0600687311008063
1.375,0.968997757710628,-0.0443439326283019,-0.0598746954821305,-0.0598746954821305
1.376,0.966460199575867,-0.0442335982023317,-0.0596812870765369,-0.0596812870765369
1.377,0.96392895592235,-0.0441235155716381,-0.0594885038541776,-0.0594885038541776
1.378,0.961404012337037,-0.0440136842558013,-0.0592963437917894,-0.0592963437917894
1.379,0.958885354434398,-0.0439041037748916,-0.0591048048726719,-0.0591048048726719
1.38,0.956372967856387,-0.0437947736494707,-0.0589138850866658,-0.0589138850866658
1.381,0.953866838272416,-0.043685693400594,-0.0587235824301325,-0.0587235824301325
1.382,0.951366951379321,-0.0435768625498119,-0.0585338949059317,-0.0585338949059317
1.383,0.94887329290134,-0.0434682806191721,-0.0583448205234015,-0.0583448205234015
1.384,0.946385848590078,-0.0433599471312209,-0.0581563572983359,-0.0581563572983359
1.385,0.943904604224484,-0.0432518616090052,-0.0579685032529651,-0.0579685032529651
1.386,0.94142954561082,-0.043144023576074,-0.0577812564159336,-0.0577812564159336
1.387,0.938960658582633,-0.0430364325564804,-0.0575946148222795,-0.0575946148222795
1.388,0.936497929000721,-0.0429290880747831,-0.057408576513414,-0.057408576513414
1.389,0.934041342753115,-0.0428219896560482,-0.0572231395371005,-0.0572231395371005
1.39,0.931590885755037,-0.0427151368258505,-0.0570383019474336,-0.0570383019474336
1.391,0.92914654394888,-0.0426085291102757,-0.0568540618048186,-0.0568540618048186
1.392,0.926708303304175,-0.0425021660359216,-0.0566704171759512,-0.0566704171759512
1.393,0.924276149817563,-0.0423960471298997,-0.056487366133797,-0.056487366133797
1.394,0.921850069512763,-0.0422901719198371,-0.0563049067575706,-0.0563049067575706
1.395,0.919430048440546,-0.042184539933878,-0.0561230371327158,-0.0561230371327158
1.396,0.917016072678702,-0.0420791507006849,-0.0559417553508849,-0.0559417553508849
1.397,0.914608128332013,-0.0419740037494406,-0.0557610595099189,-0.0557610595099189
1.398,0.912206201532221,-0.0418690986098496,-0.0555809477138265,-0.0555809477138265
1.399,0.909810278438,-0.0417644348121394,-0.0554014180727655,-0.0554014180727655
1.4,0.907420345234922,-0.0416600118870622,-0.055222468703021,-0.055222468703021
1.401,0.905036388135436,-0.0415558293658964,-0.055044097726987,-0.055044097726987
1.402,0.902658393378824,-0.041451886780448,-0.0548663032731455,-0.0548663032731455
1.403,0.900286347231185,-0.0413481836630521,-0.0546890834760468,-0.0546890834760468
1.404,0.897920235985393,-0.0412447195465743,-0.0545124364762902,-0.0545124364762902
1.405,0.895560045961076,-0.041141493964412,-0.0543363604205043,-0.0543363604205043
1.406,0.893205763504577,-0.0410385064504962,-0.0541608534613264,-0.0541608534613264
1.407,0.890857374988931,-0.0409357565392925,-0.0539859137573844,-0.0539859137573844
1.408,0.888514866813828,-0.0408332437658026,-0.053811539473276,-0.053811539473276
1.409,0.886178225405586,-0.0407309676655658,-0.0536377287795499,-0.0536377287795499
1.41,0.88384743721712,-0.0406289277746601,-0.0534644798526863,-0.0534644798526863
1.411,0.88152248872791,-0.0405271236297037,-0.0532917908750778,-0.0532917908750778
1.412,0.87920336644397,-0.0404255547678566,-0.0531196600350099,-0.0531196600350099
1.413,0.876890056897816,-0.0403242207268212,-0.0529480855266416,-0.0529480855266416
1.414,0.87458254664844,-0.0402231210448442,-0.0527770655499869,-0.0527770655499869
1.415,0.872280822281269,-0.0401222552607178,-0.052606598310895,-0.052606598310895
1.416,0.869984870408146,-0.0400216229137807,-0.0524366820210321,-0.0524366820210321
1.417,0.867694677667287,-0.0399212235439196,-0.0522673148978618,-0.0522673148978618
1.418,0.865410230723259,-0.0398210566915702,-0.0520984951646266,-0.0520984951646266
1.419,0.86313151626694,-0.0397211218977189,-0.0519302210503287,-0.0519302210503287
1.42,0.860858521015496,-0.0396214187039033,-0.0517624907897118,-0.0517624907897118
1.421,0.858591231712342,-0.0395219466522141,-0.0515953026232421,-0.0515953026232421
1.422,0.856329635127115,-0.0394227052852958,-0.0514286547970895,-0.0514286547970895
1.423,0.85407371805564,-0.0393236941463482,-0.0512625455631096,-0.0512625455631096
1.424,0.8518234673199,-0.0392249127791272,-0.0510969731788244,-0.0510969731788244
1.425,0.849578869768001,-0.0391263607279464,-0.0509319359074046,-0.0509319359074046
1.426,0.847339912274143,-0.0390280375376778,-0.0507674320176507,-0.0507674320176507
1.427,0.845106581738586,-0.0389299427537531,-0.0506034597839752,-0.0506034597839752
1.428,0.842878865087622,-0.0388320759221649,-0.0504400174863836,-0.0504400174863836
1.429,0.840656749273534,-0.0387344365894677,-0.050277103410457,-0.050277103410457
1.43,0.838440221274575,-0.038637024302779,-0.0501147158473333,-0.0501147158473333
1.431,0.836229268094926,-0.0385398386097802,-0.0499528530936894,-0.0499528530936894
1.432,0.834023876764671,-0.0384428790587181,-0.0497915134517236,-0.0497915134517236
1.433,0.831824034339757,-0.0383461451984052,-0.0496306952291365,-0.0496306952291365
1.434,0.829629727901972,-0.0382496365782216,-0.0494703967391143,-0.0494703967391143
1.435,0.8274409445589,-0.0381533527481153,-0.0493106163003104,-0.0493106163003104
1.436,0.8252576714439,-0.0380572932586037,-0.0491513522368274,-0.0491513522368274
1.437,0.823079895716065,-0.0379614576607744,-0.0489926028781999,-0.0489926028781999
1.438,0.820907604560193,-0.0378658455062859,-0.0488343665593764,-0.0488343665593764
1.439,0.818740785186754,-0.0377704563473691,-0.048676641620702,-0.048676641620702
1.44,0.816579424831857,-0.0376752897368279,-0.0485194264079004,-0.0485194264079004
1.441,0.814423510757217,-0.0375803452280402,-0.0483627192720571,-0.0483627192720571
1.442,0.812273030250122,-0.0374856223749589,-0.0482065185696012,-0.0482065185696012
1.443,0.8101279706234,-0.0373911207321128,-0.0480508226622884,-0.0480508226622884
1.444,0.807988319215386,-0.0372968398546074,-0.0478956299171838,-0.0478956299171838
1.445,0.80585406338989,-0.037202779298126,-0.0477409387066444,-0.0477409387066444
1.446,0.803725190536161,-0.0371089386189305,-0.0475867474083019,-0.0475867474083019
1.447,0.801601688068857,-0.037015317373862,-0.0474330544050456,-0.0474330544050456
1.448,0.799483543428011,-0.0369219151203421,-0.0472798580850052,-0.0472798580850052
1.449,0.797370744078996,-0.0368287314163734,-0.047127156841534,-0.047127156841534
1.45,0.795263277512494,-0.0367357658205408,-0.0469749490731918,-0.0469749490731918
1.451,0.793161131244461,-0.0366430178920117,-0.0468232331837277,-0.0468232331837277
1.452,0.791064292816094,-0.0365504871905371,-0.0466720075820636,-0.0466720075820636
1.453,0.788972749793797,-0.0364581732764527,-0.0465212706822773,-0.0465212706822773
1.454,0.786886489769151,-0.0363660757106791,-0.0463710209035854,-0.0463710209035854
1.455,0.784805500358873,-0.0362741940547231,-0.0462212566703269,-0.0462212566703269
1.456,0.782729769204792,-0.0361825278706783,-0.0460719764119466,-0.0460719764119466
1.457,0.780659283973806,-0.0360910767212256,-0.0459231785629784,-0.0459231785629784
1.458,0.778594032357856,-0.0359998401696345,-0.0457748615630287,-0.0457748615630287
1.459,0.776534002073887,-0.0359088177797631,-0.0456270238567597,-0.0456270238567597
1.46,0.774479180863818,-0.0358180091160595,-0.0454796638938736,-0.0454796638938736
1.461,0.772429556494503,-0.0357274137435623,-0.0453327801290954,-0.0453327801290954
1.462,0.770385116757704,-0.035637031227901,-0.0451863710221573,-0.0451863710221573
1.463,0.768345849470052,-0.0355468611352972,-0.0450404350377818,-0.0450404350377818
1.464,0.766311742473015,-0.0354569030325649,-0.044894970645666,-0.044894970645666
1.465,0.764282783632864,-0.0353671564871112,-0.044749976320465,-0.044749976320465
1.466,0.762258960840639,-0.0352776210669372,-0.0446054505417763,-0.0446054505417763
1.467,0.760240262012113,-0.0351882963406386,-0.044461391794123,-0.044461391794123
1.468,0.758226675087762,-0.0350991818774059,-0.0443177985669383,-0.0443177985669383
1.469,0.756218188032726,-0.0350102772470258,-0.0441746693545496,-0.0441746693545496
1.47,0.754214788836779,-0.0349215820198811,-0.0440320026561623,-0.0440320026561623
1.471,0.752216465514294,-0.0348330957669517,-0.043889796975844,-0.043889796975844
1.472,0.750223206104205,-0.0347448180598152,-0.0437480508225088,-0.0437480508225088
1.473,0.748234998669978,-0.0346567484706472,-0.0436067627099017,-0.0436067627099017
1.474,0.746251831299575,-0.0345688865722222,-0.0434659311565823,-0.0434659311565823
1.475,0.744273692105416,-0.0344812319379141,-0.0433255546859097,-0.0433255546859097
1.476,0.74230056922435,-0.0343937841416967,-0.043185631826027,-0.043185631826027
1.477,0.740332450817618,-0.034306542758144,-0.0430461611098451,-0.0430461611098451
1.478,0.738369325070819,-0.0342195073624313,-0.0429071410750278,-0.0429071410750278
1.479,0.736411180193873,-0.0341326775303354,-0.0427685702639761,-0.0427685702639761
1.48,0.734458004420995,-0.0340460528382349,-0.0426304472238129,-0.0426304472238129
1.481,0.732509786010647,-0.0339596328631112,-0.0424927705063675,-0.0424927705063675
1.482,0.730566513245516,-0.0338734171825487,-0.0423555386681606,-0.0423555386681606
1.483,0.728628174432472,-0.0337874053747353,-0.0422187502703885,-0.0422187502703885
1.484,0.726694757902538,-0.033701597018463,-0.0420824038789086,-0.0420824038789086
1.485,0.724766252010849,-0.0336159916931283,-0.0419464980642238,-0.0419464980642238
1.486,0.722842645136628,-0.0335305889787325,-0.0418110314014676,-0.0418110314014676
1.487,0.720923925683137,-0.0334453884558826,-0.0416760024703887,-0.0416760024703887
1.488,0.719010082077656,-0.0333603897057912,-0.0415414098553366,-0.0415414098553366
1.489,0.717101102771441,-0.0332755923102775,-0.0414072521452461,-0.0414072521452461
1.49,0.715196976239689,-0.0331909958517671,-0.0412735279336228,-0.0412735279336228
1.491,0.713297690981505,-0.0331065999132931,-0.0411402358185279,-0.0411402358185279
1.492,0.71140323551987,-0.0330224040784958,-0.0410073744025636,-0.0410073744025636
1.493,0.7095135984016,-0.0329384079316238,-0.0408749422928583,-0.0408749422928583
1.494,0.707628768197316,-0.0328546110575338,-0.0407429381010521,-0.0407429381010521
1.495,0.705748733501406,-0.0327710130416913,-0.0406113604432818,-0.0406113604432818
1.496,0.703873482931994,-0.032687613470171,-0.0404802079401663,-0.0404802079401663
1.497,0.702003005130901,-0.0326044119296569,-0.0403494792167923,-0.0403494792167923
1.498,0.700137288763612,-0.0325214080074431,-0.0402191729026997,-0.0402191729026997
1.499,0.698276322519241,-0.0324386012914335,-0.0400892876318671,-0.0400892876318671
1.5,0.696420095110496,-0.0323559913701428,-0.0399598220426972,-0.0399598220426972
1.501,0.694568595273644,-0.0322735778326965,-0.0398307747780028,-0.0398307747780028
1.502,0.692721811768475,-0.0321913602688311,-0.0397021444849921,-0.0397021444849921
1.503,0.690879733378269,-0.0321093382688948,-0.0395739298152547,-0.0395739298152547
1.504,0.68904234890976,-0.0320275114238474,-0.0394461294247472,-0.0394461294247472
1.505,0.687209647193099,-0.031945879325261,-0.0393187419737791,-0.0393187419737791
1.506,0.685381617081822,-0.0318644415653198,-0.0391917661269986,-0.0391917661269986
1.507,0.683558247452813,-0.0317831977368208,-0.0390652005533786,-0.0390652005533786
1.508,0.681739527206271,-0.0317021474331739,-0.0389390439262025,-0.0389390439262025
1.509,0.67992544526567,-0.0316212902484023,-0.0388132949230504,-0.0388132949230504
1.51,0.67811599057773,-0.0315406257771424,-0.0386879522257849,-0.0386879522257849
1.511,0.676311152112379,-0.0314601536146444,-0.0385630145205374,-0.0385630145205374
1.512,0.674510918862717,-0.0313798733567725,-0.038438480497694,-0.038438480497694
1.513,0.672715279844981,-0.031299784600005,-0.0383143488518822,-0.0383143488518822
1.514,0.670924224098513,-0.0312198869414346,-0.0381906182819565,-0.0381906182819565
1.515,0.669137740685718,-0.0311401799787686,-0.0380672874909848,-0.0380672874909848
1.516,0.667355818692038,-0.031060663310329,-0.0379443551862352,-0.0379443551862352
1.517,0.665578447225908,-0.030981336535053,-0.0378218200791617,-0.0378218200791617
1.518,0.663805615418728,-0.030902199252493,-0.0376996808853911,-0.0376996808853911
1.519,0.66203731242482,-0.0308232510628165,-0.0375779363247091,-0.0375779363247091
1.52,0.660273527421401,-0.0307444915668069,-0.0374565851210472,-0.0374565851210472
1.521,0.658514249608542,-0.0306659203658632,-0.0373356260024688,-0.0373356260024688
1.522,0.656759468209135,-0.0305875370620002,-0.037215057701156,-0.037215057701156
1.523,0.655009172468856,-0.030509341257849,-0.0370948789533961,-0.0370948789533961
1.524,0.653263351656133,-0.0304313325566568,-0.0369750884995688,-0.0369750884995688
1.525,0.651521995062107,-0.0303535105622869,-0.0368556850841319,-0.0368556850841319
1.526,0.6497850920006,-0.0302758748792195,-0.036736667455609,-0.036736667455609
1.527,0.648052631808075,-0.0301984251125511,-0.0366180343665758,-0.0366180343665758
1.528,0.646324603843606,-0.030121160867995,-0.0364997845736472,-0.0364997845736472
1.529,0.644600997488841,-0.0300440817518814,-0.036381916837464,-0.036381916837464
1.53,0.642881802147963,-0.0299671873711574,-0.0362644299226799,-0.0362644299226799
1.531,0.641167007247659,-0.029890477333387,-0.0361473225979483,-0.0361473225979483
1.532,0.639456602237086,-0.0298139512467517,-0.0360305936359098,-0.0360305936359098
1.533,0.637750576587828,-0.0297376087200498,-0.0359142418131786,-0.0359142418131786
1.534,0.636048919793868,-0.0296614493626971,-0.0357982659103303,-0.0357982659103303
1.535,0.634351621371552,-0.0295854727847266,-0.0356826647118882,-0.0356826647118882
1.536,0.632658670859548,-0.029509678596789,-0.0355674370063115,-0.0355674370063115
1.537,0.630970057818816,-0.0294340664101523,-0.0354525815859814,-0.0354525815859814
1.538,0.629285771832572,-0.029358635836702,-0.0353380972471895,-0.0353380972471895
1.539,0.627605802506251,-0.0292833864889411,-0.0352239827901241,-0.0352239827901241
1.54,0.625930139467472,-0.0292083179799905,-0.0351102370188582,-0.0351102370188582
1.541,0.624258772366002,-0.0291334299235884,-0.0349968587413369,-0.0349968587413369
1.542,0.622591690873724,-0.0290587219340909,-0.0348838467693641,-0.0348838467693641
1.543,0.620928884684596,-0.0289841936264716,-0.0347711999185911,-0.0347711999185911
1.544,0.619270343514621,-0.0289098446163219,-0.0346589170085028,-0.0346589170085028
1.545,0.617616057101808,-0.0288356745198509,-0.0345469968624068,-0.0345469968624068
1.546,0.615966015206139,-0.0287616829538852,-0.0344354383074194,-0.0344354383074194
1.547,0.614320207609531,-0.0286878695358692,-0.0343242401744545,-0.0343242401744545
1.548,0.612678624115803,-0.0286142338838651,-0.0342134012982104,-0.0342134012982104
1.549,0.611041254550641,-0.0285407756165525,-0.0341029205171582,-0.0341029205171582
1.55,0.609408088761559,-0.0284674943532287,-0.033992796673529,-0.033992796673529
1.551,0.607779116617868,-0.0283943897138086,-0.0338830286133021,-0.0338830286133021
1.552,0.606154328010637,-0.0283214613188245,-0.0337736151861925,-0.0337736151861925
1.553,0.60453371285266,-0.0282487087894265,-0.0336645552456391,-0.0336645552456391
1.554,0.602917261078419,-0.0281761317473816,-0.0335558476487924,-0.0335558476487924
1.555,0.601304962644051,-0.0281037298150747,-0.0334474912565024,-0.0334474912565024
1.556,0.59969680752731,-0.0280315026155077,-0.0333394849333069,-0.0333394849333069
1.557,0.598092785727533,-0.0279594497722999,-0.0332318275474192,-0.0332318275474192
1.558,0.596492887265604,-0.0278875709096877,-0.0331245179707165,-0.0331245179707165
1.559,0.594897102183919,-0.0278158656525244,-0.0330175550787275,-0.0330175550787275
1.56,0.593305420546352,-0.0277443336262805,-0.032910937750621,-0.032910937750621
1.561,0.591717832438216,-0.0276729744570434,-0.0328046648691943,-0.0328046648691943
1.562,0.590134327966232,-0.0276017877715171,-0.0326987353208605,-0.0326987353208605
1.563,0.58855489725849,-0.0275307731970226,-0.0325931479956377,-0.0325931479956377
1.564,0.586979530464417,-0.027459930361497,-0.032487901787137,-0.032487901787137
1.565,0.585408217754738,-0.0273892588934944,-0.0323829955925507,-0.0323829955925507
1.566,0.583840949321443,-0.0273187584221847,-0.0322784283126406,-0.0322784283126406
1.567,0.582277715377755,-0.0272484285773545,-0.0321741988517268,-0.0321741988517268
1.568,0.580718506158084,-0.0271782689894061,-0.0320703061176759,-0.0320703061176759
1.569,0.579163311918006,-0.0271082792893578,-0.0319667490218897,-0.0319667490218897
1.57,0.577612122934216,-0.0270384591088439,-0.0318635264792932,-0.0318635264792932
1.571,0.576064929504498,-0.026968808080114,-0.0317606374083238,-0.0317606374083238
1.572,0.574521721947689,-0.0268993258360335,-0.0316580807309196,-0.0316580807309196
1.573,0.572982490603644,-0.0268300120100828,-0.0315558553725081,-0.0315558553725081
1.574,0.571447225833201,-0.0267608662363577,-0.0314539602619947,-0.0314539602619947
1.575,0.569915918018145,-0.0266918881495689,-0.0313523943317519,-0.0313523943317519
1.576,0.568388557561171,-0.0266230773850418,-0.0312511565176074,-0.0312511565176074
1.577,0.566865134885852,-0.0265544335787165,-0.0311502457588334,-0.0311502457588334
1.578,0.565345640436603,-0.0264859563671475,-0.0310496609981351,-0.0310496609981351
1.579,0.563830064678646,-0.0264176453875036,-0.0309494011816401,-0.0309494011816401
1.58,0.562318398097971,-0.0263495002775674,-0.0308494652588863,-0.0308494652588863
1.581,0.560810631201307,-0.0262815206757358,-0.030749852182812,-0.030749852182812
1.582,0.559306754516082,-0.0262137062210188,-0.0306505609097439,-0.0306505609097439
1.583,0.557806758590392,-0.0261460565530402,-0.0305515903993868,-0.0305515903993868
1.584,0.55631063399296,-0.0260785713120367,-0.0304529396148124,-0.0304529396148124
1.585,0.554818371313106,-0.0260112501388581,-0.030354607522448,-0.030354607522448
1.586,0.553329961160711,-0.025944092674967,-0.0302565930920663,-0.0302565930920663
1.587,0.551845394166181,-0.0258770985624385,-0.030158895296774,-0.030158895296774
1.588,0.550364660980411,-0.0258102674439597,-0.0300615131130012,-0.0300615131130012
1.589,0.548887752274751,-0.0257435989628301,-0.0299644455204909,-0.0299644455204909
1.59,0.547414658740972,-0.0256770927629608,-0.0298676915022875,-0.0298676915022875
1.591,0.545945371091229,-0.0256107484888745,-0.029771250044727,-0.029771250044727
1.592,0.544479880058028,-0.0255445657857049,-0.0296751201374256,-0.0296751201374256
1.593,0.543018176394188,-0.0254785442991971,-0.0295793007732695,-0.0295793007732695
1.594,0.541560250872808,-0.0254126836757067,-0.0294837909484039,-0.0294837909484039
1.595,0.540106094287235,-0.0253469835621998,-0.0293885896622229,-0.0293885896622229
1.596,0.538655697451021,-0.0252814436062527,-0.0292936959173588,-0.0292936959173588
1.597,0.537209051197897,-0.0252160634560517,-0.0291991087196712,-0.0291991087196712
1.598,0.535766146381732,-0.0251508427603926,-0.0291048270782372,-0.0291048270782372
1.599,0.534326973876501,-0.0250857811686807,-0.0290108500053404,-0.0290108500053404
1.6,0.532891524576247,-0.0250208783309301,-0.0289171765164608,-0.0289171765164608
1.601,0.531459789395051,-0.0249561338977639,-0.0288238056302644,-0.0288238056302644
1.602,0.530031759266992,-0.0248915475204135,-0.0287307363685928,-0.0287307363685928
1.603,0.528607425146118,-0.0248271188507185,-0.0286379677564529,-0.0286379677564529
1.604,0.527186778006404,-0.0247628475411263,-0.0285454988220067,-0.0285454988220067
1.605,0.525769808841723,-0.0246987332446918,-0.028453328596561,-0.028453328596561
1.606,0.524356508665808,-0.0246347756150772,-0.0283614561145574,-0.0283614561145574
1.607,0.522946868512219,-0.0245709743065514,-0.0282698804135617,-0.0282698804135617
1.608,0.521540879434307,-0.02450732897399,-0.0281786005342542,-0.0281786005342542
1.609,0.520138532505181,-0.0244438392728748,-0.0280876155204194,-0.0280876155204194
1.61,0.51873981881767,-0.0243805048592932,-0.0279969244189361,-0.0279969244189361
1.611,0.517344729484293,-0.0243173253899386,-0.0279065262797671,-0.0279065262797671
1.612,0.515953255637219,-0.0242543005221091,-0.0278164201559493,-0.0278164201559493
1.613,0.514565388428237,-0.0241914299137081,-0.0277266051035839,-0.0277266051035839
1.614,0.513181119028719,-0.0241287132232431,-0.0276370801818264,-0.0276370801818264
1.615,0.511800438629585,-0.024066150109826,-0.0275478444528764,-0.0275478444528764
1.616,0.51042333844127,-0.0240037402331724,-0.0274588969819681,-0.0274588969819681
1.617,0.509049809693688,-0.0239414832536011,-0.0273702368373604,-0.0273702368373604
1.618,0.507679843636198,-0.0238793788320343,-0.0272818630903269,-0.0272818630903269
1.619,0.50631343153757,-0.0238174266299967,-0.0271937748151462,-0.0271937748151462
1.62,0.504950564685949,-0.0237556263096151,-0.0271059710890926,-0.0271059710890926
1.621,0.503591234388824,-0.0236939775336185,-0.0270184509924253,-0.0270184509924253
1.622,0.502235431972986,-0.0236324799653372,-0.02693121360838,-0.02693121360838
1.623,0.500883148784505,-0.0235711332687029,-0.0268442580231585,-0.0268442580231585
1.624,0.499534376188683,-0.0235099371082478,-0.026757583325919,-0.026757583325919
1.625,0.49818910557003,-0.0234488911491046,-0.0266711886087672,-0.0266711886087672
1.626,0.496847328332223,-0.0233879950570059,-0.0265850729667459,-0.0265850729667459
1.627,0.495509035898074,-0.0233272484982838,-0.0264992354978262,-0.0264992354978262
1.628,0.494174219709497,-0.0232666511398697,-0.0264136753028975,-0.0264136753028975
1.629,0.492842871227472,-0.0232062026492935,-0.0263283914857583,-0.0263283914857583
1.63,0.49151498193201,-0.0231459026946837,-0.0262433831531067,-0.0262433831531067
1.631,0.49019054332212,-0.0230857509447666,-0.0261586494145309,-0.0261586494145309
1.632,0.488869546915774,-0.0230257470688658,-0.0260741893825002,-0.0260741893825002
1.633,0.487551984249875,-0.0229658907369023,-0.025990002172355,-0.025990002172355
1.634,0.486237846880219,-0.0229061816193934,-0.0259060869022983,-0.0259060869022983
1.635,0.484927126381464,-0.022846619387453,-0.0258224426933857,-0.0258224426933857
1.636,0.483619814347095,-0.0227872037127903,-0.0257390686695166,-0.0257390686695166
1.637,0.48231590238939,-0.0227279342677103,-0.0256559639574249,-0.0256559639574249
1.638,0.481015382139382,-0.0226688107251125,-0.0255731276866696,-0.0255731276866696
1.639,0.479718245246834,-0.0226098327584912,-0.0254905589896259,-0.0254905589896259
1.64,0.478424483380194,-0.0225510000419344,-0.0254082570014759,-0.0254082570014759
1.641,0.477134088226571,-0.0224923122501239,-0.0253262208601997,-0.0253262208601997
1.642,0.475847051491692,-0.0224337690583345,-0.025244449706566,-0.025244449706566
1.643,0.474563364899877,-0.0223753701424335,-0.0251629426841235,-0.0251629426841235
1.644,0.473283020193996,-0.0223171151788807,-0.0250816989391916,-0.0250816989391916
1.645,0.472006009135443,-0.0222590038447274,-0.0250007176208513,-0.0250007176208513
1.646,0.470732323504096,-0.0222010358176162,-0.0249199978809365,-0.0249199978809365
1.647,0.469461955098289,-0.0221432107757805,-0.0248395388740252,-0.0248395388740252
1.648,0.468194895734771,-0.0220855283980439,-0.0247593397574302,-0.0247593397574302
1.649,0.46693113724868,-0.0220279883638202,-0.0246793996911904,-0.0246793996911904
1.65,0.465670671493502,-0.021970590353112,-0.0245997178380622,-0.0245997178380622
1.651,0.464413490341043,-0.0219133340465113,-0.0245202933635104,-0.0245202933635104
1.652,0.463159585681391,-0.0218562191251982,-0.0244411254356995,-0.0244411254356995
1.653,0.461908949422887,-0.0217992452709408,-0.0243622132254851,-0.0243622132254851
1.654,0.460661573492084,-0.0217424121660945,-0.0242835559064049,-0.0242835559064049
1.655,0.459417449833724,-0.0216857194936019,-0.0242051526546703,-0.0242051526546703
1.656,0.458176570410692,-0.0216291669369917,-0.0241270026491574,-0.0241270026491574
1.657,0.456938927203994,-0.0215727541803788,-0.0240491050713988,-0.0240491050713988
1.658,0.455704512212713,-0.0215164809084632,-0.0239714591055747,-0.0239714591055747
1.659,0.454473317453986,-0.0214603468065302,-0.0238940639385042,-0.0238940639385042
1.66,0.45324533496296,-0.0214043515604492,-0.0238169187596371,-0.0238169187596371
1.661,0.452020556792767,-0.0213484948566737,-0.0237400227610453,-0.0237400227610453
1.662,0.450798975014485,-0.0212927763822405,-0.0236633751374138,-0.0236633751374138
1.663,0.44958058171711,-0.0212371958247693,-0.0235869750860331,-0.0235869750860331
1.664,0.448365369007516,-0.0211817528724621,-0.0235108218067898,-0.0235108218067898
1.665,0.447153329010427,-0.0211264472141028,-0.0234349145021592,-0.0234349145021592
1.666,0.44594445386838,-0.0210712785390566,-0.0233592523771962,-0.0233592523771962
1.667,0.444738735741695,-0.0210162465372694,-0.0232838346395269,-0.0232838346395269
1.668,0.44353616680844,-0.0209613508992674,-0.0232086604993408,-0.0232086604993408
1.669,0.442336739264396,-0.0209065913161566,-0.0231337291693821,-0.0231337291693821
1.67,0.44114044532303,-0.0208519674796221,-0.0230590398649414,-0.0230590398649414
1.671,0.439947277215452,-0.0207974790819277,-0.0229845918038477,-0.0229845918038477
1.672,0.438757227190393,-0.0207431258159152,-0.0229103842064601,-0.0229103842064601
1.673,0.437570287514161,-0.020688907375004,-0.0228364162956593,-0.0228364162956593
1.674,0.436386450470618,-0.0206348234531907,-0.02276268729684,-0.02276268729684
1.675,0.435205708361138,-0.0205808737450482,-0.0226891964379022,-0.0226891964379022
1.676,0.434028053504582,-0.0205270579457252,-0.0226159429492434,-0.0226159429492434
1.677,0.432853478237258,-0.0204733757509462,-0.0225429260637503,-0.0225429260637503
1.678,0.431681974912894,-0.0204198268570101,-0.0224701450167911,-0.0224701450167911
1.679,0.4305135359026,-0.0203664109607902,-0.022397599046207,-0.022397599046207
1.68,0.429348153594839,-0.0203131277597336,-0.0223252873923046,-0.0223252873923046
1.681,0.428185820395391,-0.0202599769518604,-0.0222532092978474,-0.0222532092978474
1.682,0.427026528727324,-0.0202069582357635,-0.0221813640080484,-0.0221813640080484
1.683,0.425870271030957,-0.0201540713106074,-0.022109750770562,-0.022109750770562
1.684,0.42471703976383,-0.0201013158761285,-0.0220383688354759,-0.0220383688354759
1.685,0.423566827400671,-0.0200486916326339,-0.0219672174553032,-0.0219672174553032
1.686,0.422419626433362,-0.0199961982810008,-0.0218962958849749,-0.0218962958849749
1.687,0.421275429370906,-0.0199438355226764,-0.0218256033818317,-0.0218256033818317
1.688,0.420134228739399,-0.019891603059677,-0.0217551392056164,-0.0217551392056164
1.689,0.418996017081991,-0.0198395005945874,-0.021684902618466,-0.021684902618466
1.69,0.417860786958857,-0.0197875278305603,-0.0216148928849041,-0.0216148928849041
1.691,0.416728530947164,-0.0197356844713161,-0.0215451092718329,-0.0215451092718329
1.692,0.415599241641039,-0.0196839702211417,-0.0214755510485259,-0.0214755510485259
1.693,0.414472911651535,-0.0196323847848905,-0.0214062174866196,-0.0214062174866196
1.694,0.413349533606599,-0.0195809278679813,-0.0213371078601067,-0.0213371078601067
1.695,0.412229100151041,-0.019529599176398,-0.0212682214453277,-0.0212682214453277
1.696,0.4111116039465,-0.0194783984166892,-0.0211995575209635,-0.0211995575209635
1.697,0.409997037671414,-0.019427325295967,-0.0211311153680282,-0.0211311153680282
1.698,0.408885394020985,-0.019376379521907,-0.021062894269861,-0.021062894269861
1.699,0.407776665707147,-0.0193255608027475,-0.0209948935121191,-0.0209948935121191
1.7,0.406670845458535,-0.0192748688472886,-0.0209271123827699,-0.0209271123827699
1.701,0.405567926020454,-0.0192243033648921,-0.0208595501720836,-0.0208595501720836
1.702,0.404467900154843,-0.0191738640654806,-0.0207922061726259,-0.0207922061726259
1.703,0.403370760640246,-0.0191235506595368,-0.0207250796792502,-0.0207250796792502
1.704,0.402276500271781,-0.0190733628581032,-0.0206581699890908,-0.0206581699890908
1.705,0.401185111861103,-0.0190233003727813,-0.0205914764015548,-0.0205914764015548
1.706,0.400096588236377,-0.0189733629157309,-0.0205249982183151,-0.0205249982183151
1.707,0.399010922242243,-0.0189235501996696,-0.0204587347433032,-0.0204587347433032
1.708,0.397928106739786,-0.0188738619378725,-0.0203926852827017,-0.0203926852827017
1.709,0.396848134606502,-0.0188242978441707,-0.0203268491449369,-0.0203268491449369
1.71,0.395770998736269,-0.0187748576329517,-0.0202612256406717,-0.0202612256406717
1.711,0.394696692039311,-0.0187255410191581,-0.0201958140827984,-0.0201958140827984
1.712,0.393625207442172,-0.0186763477182872,-0.0201306137864314,-0.0201306137864314
1.713,0.392556537887678,-0.0186272774463905,-0.0200656240688998,-0.0200656240688998
1.714,0.391490676334909,-0.0185783299200728,-0.0200008442497407,-0.0200008442497407
1.715,0.390427615759168,-0.0185295048564917,-0.0199362736506916,-0.0199362736506916
1.716,0.389367349151946,-0.0184808019733571,-0.0198719115956836,-0.0198719115956836
1.717,0.388309869520894,-0.0184322209889304,-0.0198077574108339,-0.0198077574108339
1.718,0.387255169889787,-0.0183837616220237,-0.0197438104244393,-0.0197438104244393
1.719,0.386203243298497,-0.0183354235919998,-0.0196800699669685,-0.0196800699669685
1.72,0.38515408280296,-0.0182872066187707,-0.0196165353710555,-0.0196165353710555
1.721,0.384107681475143,-0.0182391104227977,-0.0195532059714926,-0.0195532059714926
1.722,0.383064032403014,-0.0181911347250904,-0.019490081105223,-0.019490081105223
1.723,0.38202312869051,-0.018143279247206,-0.0194271601113344,-0.0194271601113344
1.724,0.380984963457507,-0.0180955437112488,-0.0193644423310515,-0.0193644423310515
1.725,0.379949529839787,-0.0180479278398697,-0.0193019271077295,-0.0193019271077295
1.726,0.378916820989007,-0.0180004313562652,-0.019239613786847,-0.019239613786847
1.727,0.377886830072667,-0.017953053984177,-0.0191775017159992,-0.0191775017159992
1.728,0.376859550274082,-0.0179057954478913,-0.019115590244891,-0.019115590244891
1.729,0.375834974792348,-0.017858655472238,-0.0190538787253302,-0.0190538787253302
1.73,0.374813096842311,-0.0178116337825905,-0.0189923665112205,-0.0189923665112205
1.731,0.373793909654537,-0.0177647301048643,-0.0189310529585552,-0.0189310529585552
1.732,0.372777406475279,-0.0177179441655171,-0.0188699374254098,-0.0188699374254098
1.733,0.371763580566448,-0.0176712756915478,-0.0188090192719359,-0.0188090192719359
1.734,0.370752425205583,-0.0176247244104956,-0.0187482978603538,-0.0187482978603538
1.735,0.369743933685817,-0.0175782900504398,-0.0186877725549465,-0.0186877725549465
1.736,0.368738099315846,-0.017531972339999,-0.0186274427220525,-0.0186274427220525
1.737,0.367734915419902,-0.0174857710083301,-0.0185673077300592,-0.0185673077300592
1.738,0.366734375337719,-0.0174396857851283,-0.0185073669493966,-0.0185073669493966
1.739,0.365736472424501,-0.0173937164006258,-0.0184476197525305,-0.0184476197525305
1.74,0.364741200050898,-0.0173478625855913,-0.0183880655139557,-0.0183880655139557
1.741,0.363748551602964,-0.0173021240713296,-0.0183287036101897,-0.0183287036101897
1.742,0.362758520482139,-0.0172565005896808,-0.0182695334197661,-0.0182695334197661
1.743,0.361771100105207,-0.0172109918730193,-0.018210554323228,-0.018210554323228
1.744,0.360786283904274,-0.0171655976542536,-0.0181517657031215,-0.0181517657031215
1.745,0.359804065326733,-0.0171203176668254,-0.0180931669439893,-0.0180931669439893
1.746,0.358824437835233,-0.0170751516447091,-0.0180347574323641,-0.0180347574323641
1.747,0.357847394907651,-0.0170300993224107,-0.0179765365567623,-0.0179765365567623
1.748,0.356872930037061,-0.0169851604349676,-0.0179185037076776,-0.0179185037076776
1.749,0.355901036731703,-0.0169403347179477,-0.0178606582775743,-0.0178606582775743
1.75,0.354931708514951,-0.0168956219074488,-0.0178029996608812,-0.0178029996608812
1.751,0.353964938925286,-0.0168510217400977,-0.0177455272539854,-0.0177455272539854
1.752,0.353000721516264,-0.01680653395305,-0.0176882404552255,-0.0176882404552255
1.753,0.352039049856484,-0.0167621582839889,-0.0176311386648855,-0.0176311386648855
1.754,0.351079917529562,-0.0167178944711247,-0.0175742212851887,-0.0175742212851887
1.755,0.350123318134097,-0.0166737422531943,-0.017517487720291,-0.017517487720291
1.756,0.349169245283642,-0.0166297013694603,-0.017460937376275,-0.017460937376275
1.757,0.348217692606674,-0.0165857715597103,-0.0174045696611438,-0.0174045696611438
1.758,0.347268653746566,-0.0165419525642565,-0.0173483839848143,-0.0173483839848143
1.759,0.346322122361552,-0.0164982441239346,-0.0172923797591116,-0.0172923797591116
1.76,0.345378092124702,-0.0164546459801034,-0.0172365563977625,-0.0172365563977625
1.761,0.34443655672389,-0.0164111578746441,-0.0171809133163893,-0.0171809133163893
1.762,0.343497509861764,-0.0163677795499594,-0.0171254499325038,-0.0171254499325038
1.763,0.342560945255715,-0.0163245107489731,-0.0170701656655011,-0.0170701656655011
1.764,0.341626856637851,-0.0162813512151291,-0.0170150599366537,-0.0170150599366537
1.765,0.340695237754962,-0.016238300692391,-0.0169601321691052,-0.0169601321691052
1.766,0.339766082368496,-0.0161953589252411,-0.0169053817878642,-0.0169053817878642
1.767,0.338839384254522,-0.0161525256586802,-0.0168508082197986,-0.0168508082197986
1.768,0.337915137203709,-0.0161098006382261,-0.016796410893629,-0.016796410893629
1.769,0.336993335021289,-0.0160671836099139,-0.0167421892399235,-0.0167421892399235
1.77,0.336073971527032,-0.0160246743202943,-0.0166881426910909,-0.0166881426910909
1.771,0.335157040555214,-0.0159822725164338,-0.0166342706813754,-0.0166342706813754
1.772,0.334242535954587,-0.0159399779459133,-0.0165805726468501,-0.0165805726468501
1.773,0.333330451588354,-0.0158977903568278,-0.0165270480254117,-0.0165270480254117
1.774,0.332420781334134,-0.0158557094977856,-0.0164736962567739,-0.0164736962567739
1.775,0.331513519083935,-0.0158137351179076,-0.0164205167824622,-0.0164205167824622
1.776,0.330608658744125,-0.0157718669668264,-0.0163675090458074,-0.0163675090458074
1.777,0.329706194235404,-0.015730104794686,-0.0163146724919403,-0.0163146724919403
1.778,0.328806119492771,-0.0156884483521408,-0.0162620065677855,-0.0162620065677855
1.779,0.327908428465497,-0.015646897390355,-0.0162095107220559,-0.0162095107220559
1.78,0.327013115117097,-0.0156054516610018,-0.0161571844052465,-0.0161571844052465
1.781,0.326120173425297,-0.0155641109162627,-0.0161050270696292,-0.0161050270696292
1.782,0.325229597382011,-0.015522874908827,-0.0160530381692464,-0.0160530381692464
1.783,0.324341380993305,-0.0154817433918909,-0.0160012171599057,-0.0160012171599057
1.784,0.323455518279374,-0.0154407161191567,-0.0159495634991742,-0.0159495634991742
1.785,0.322572003274507,-0.0153997928448325,-0.0158980766463725,-0.0158980766463725
1.786,0.321690830027066,-0.015358973323631,-0.0158467560625695,-0.0158467560625695
1.787,0.320811992599447,-0.015318257310769,-0.0157956012105761,-0.0157956012105761
1.788,0.319935485068063,-0.0152776445619668,-0.01574461155494,-0.01574461155494
1.789,0.319061301523302,-0.0152371348334474,-0.0156937865619403,-0.0156937865619403
1.79,0.31818943606951,-0.0151967278819356,-0.0156431256995812,-0.0156431256995812
1.791,0.317319882824955,-0.0151564234646576,-0.015592628437587,-0.015592628437587
1.792,0.316452635921801,-0.0151162213393402,-0.0155422942473962,-0.0155422942473962
1.793,0.315587689506081,-0.0150761212642099,-0.0154921226021563,-0.0154921226021563
1.794,0.314725037737661,-0.0150361229979923,-0.015442112976718,-0.015442112976718
1.795,0.313864674790223,-0.0149962262999115,-0.0153922648476296,-0.0153922648476296
1.796,0.313006594851226,-0.0149564309296893,-0.0153425776931317,-0.0153425776931317
1.797,0.312150792121883,-0.0149167366475443,-0.0152930509931518,-0.0152930509931518
1.798,0.311297260817131,-0.0148771432141917,-0.0152436842292986,-0.0152436842292986
1.799,0.310445995165604,-0.0148376503908418,-0.0151944768848567,-0.0151944768848567
1.8,0.309596989409601,-0.0147982579392,-0.0151454284447811,-0.0151454284447811
1.801,0.308750237805063,-0.0147589656214657,-0.0150965383956921,-0.0150965383956921
1.802,0.307905734621539,-0.0147197732003318,-0.0150478062258692,-0.0150478062258692
1.803,0.307063474142164,-0.0146806804389837,-0.0149992314252467,-0.0149992314252467
1.804,0.306223450663623,-0.0146416871010988,-0.0149508134854074,-0.0149508134854074
1.805,0.305385658496131,-0.0146027929508458,-0.0149025518995779,-0.0149025518995779
1.806,0.3045500919634,-0.0145639977528838,-0.0148544461626231,-0.0148544461626231
1.807,0.303716745402611,-0.0145253012723616,-0.0148064957710408,-0.0148064957710408
1.808,0.302885613164387,-0.0144867032749174,-0.0147587002229564,-0.0147587002229564
1.809,0.302056689612767,-0.0144482035266774,-0.014711059018118,-0.014711059018118
1.81,0.301229969125174,-0.0144098017942555,-0.0146635716578907,-0.0146635716578907
1.811,0.300405446092389,-0.0143714978447526,-0.0146162376452513,-0.0146162376452513
1.812,0.299583114918525,-0.0143332914457556,-0.0145690564847838,-0.0145690564847838
1.813,0.298762970020996,-0.0142951823653369,-0.0145220276826734,-0.0145220276826734
1.814,0.29794500583049,-0.0142571703720538,-0.0144751507467018,-0.0144751507467018
1.815,0.297129216790944,-0.0142192552349475,-0.0144284251862416,-0.0144284251862416
1.816,0.296315597359512,-0.0141814367235422,-0.0143818505122518,-0.0143818505122518
1.817,0.29550414200654,-0.014143714607845,-0.0143354262372721,-0.0143354262372721
1.818,0.294694845215539,-0.0141060886583447,-0.0142891518754179,-0.0142891518754179
1.819,0.293887701483155,-0.0140685586460112,-0.0142430269423754,-0.0142430269423754
1.82,0.293082705319142,-0.0140311243422948,-0.0141970509553964,-0.0141970509553964
1.821,0.292279851246337,-0.0139937855191254,-0.0141512234332932,-0.0141512234332932
1.822,0.29147913380063,-0.0139565419489117,-0.0141055438964336,-0.0141055438964336
1.823,0.290680547530937,-0.013919393404541,-0.0140600118667356,-0.0140600118667356
1.824,0.289884086999174,-0.0138823396593775,-0.0140146268676631,-0.0140146268676631
1.825,0.289089746780226,-0.0138453804872627,-0.0139693884242201,-0.0139693884242201
1.826,0.288297521461926,-0.0138085156625136,-0.0139242960629461,-0.0139242960629461
1.827,0.287507405645021,-0.013771744959923,-0.013879349311911,-0.013879349311911
1.828,0.286719393943149,-0.0137350681547577,-0.0138345477007105,-0.0138345477007105
1.829,0.285933480982811,-0.0136984850227588,-0.0137898907604606,-0.0137898907604606
1.83,0.285149661403343,-0.0136619953401403,-0.013745378023793,-0.013745378023793
1.831,0.28436792985689,-0.0136255988835885,-0.0137010090248503,-0.0137010090248503
1.832,0.283588281008377,-0.0135892954302616,-0.013656783299281,-0.013656783299281
1.833,0.282810709535485,-0.0135530847577883,-0.0136127003842344,-0.0136127003842344
1.834,0.282035210128623,-0.0135169666442679,-0.013568759818356,-0.013568759818356
1.835,0.281261777490897,-0.0134809408682689,-0.0135249611417828,-0.0135249611417828
1.836,0.280490406338091,-0.0134450072088287,-0.013481303896138,-0.013481303896138
1.837,0.279721091398634,-0.0134091654454525,-0.0134377876245267,-0.0134377876245267
1.838,0.278953827413574,-0.0133734153581129,-0.0133944118715307,-0.0133944118715307
1.839,0.278188609136554,-0.0133377567272491,-0.0133511761832041,-0.0133511761832041
1.84,0.277425431333781,-0.0133021893337658,-0.013308080107068,-0.013308080107068
1.841,0.276664288784006,-0.0132667129590332,-0.0132651231921065,-0.0132651231921065
1.842,0.27590517627849,-0.0132313273848856,-0.0132223049887613,-0.0132223049887613
1.843,0.275148088620981,-0.0131960323936208,-0.0131796250489272,-0.0131796250489272
1.844,0.274393020627689,-0.0131608277679998,-0.0131370829259476,-0.0131370829259476
1.845,0.273639967127255,-0.0131257132912456,-0.0130946781746095,-0.0130946781746095
1.846,0.272888922960729,-0.0130906887470425,-0.0130524103511391,-0.0130524103511391
1.847,0.272139882981542,-0.0130557539195357,-0.013010279013197,-0.013010279013197
1.848,0.271392842055479,-0.0130209085933302,-0.0129682837198735,-0.0129682837198735
1.849,0.270647795060652,-0.0129861525534904,-0.0129264240316841,-0.0129264240316841
1.85,0.269904736887475,-0.012951485585539,-0.0128846995105649,-0.0128846995105649
1.851,0.26916366243864,-0.0129169074754567,-0.0128431097198678,-0.0128431097198678
1.852,0.268424566629084,-0.0128824180096811,-0.0128016542243563,-0.0128016542243563
1.853,0.267687444385972,-0.0128480169751061,-0.0127603325902005,-0.0127603325902005
1.854,0.266952290648662,-0.0128137041590811,-0.0127191443849727,-0.0127191443849727
1.855,0.266219100368686,-0.0127794793494106,-0.0126780891776433,-0.0126780891776433
1.856,0.265487868509717,-0.0127453423343531,-0.0126371665385755,-0.0126371665385755
1.857,0.264758590047552,-0.0127112929026203,-0.0125963760395212,-0.0125963760395212
1.858,0.264031259970076,-0.0126773308433769,-0.0125557172536167,-0.0125557172536167
1.859,0.263305873277245,-0.0126434559462392,-0.0125151897553779,-0.0125151897553779
1.86,0.262582424981054,-0.0126096680012748,-0.012474793120696,-0.012474793120696
1.861,0.261860910105514,-0.0125759667990019,-0.0124345269268329,-0.0124345269268329
1.862,0.261141323686624,-0.0125423521303883,-0.012394390752417,-0.012394390752417
1.863,0.26042366077235,-0.0125088237868508,-0.0123543841774384,-0.0123543841774384
1.864,0.259707916422593,-0.0124753815602545,-0.0123145067832452,-0.0123145067832452
1.865,0.258994085709168,-0.012442025242912,-0.0122747581525382,-0.0122747581525382
1.866,0.258282163715777,-0.0124087546275828,-0.0122351378693672,-0.0122351378693672
1.867,0.257572145537982,-0.0123755695074724,-0.0121956455191262,-0.0121956455191262
1.868,0.256864026283182,-0.0123424696762317,-0.0121562806885495,-0.0121562806885495
1.869,0.256157801070585,-0.012309454927956,-0.0121170429657071,-0.0121170429657071
1.87,0.255453465031184,-0.0122765250571849,-0.0120779319400002,-0.0120779319400002
1.871,0.254751013307733,-0.0122436798589009,-0.0120389472021573,-0.0120389472021573
1.872,0.254050441054717,-0.0122109191285289,-0.0120000883442297,-0.0120000883442297
1.873,0.253351743438333,-0.0121782426619355,-0.0119613549595869,-0.0119613549595869
1.874,0.252654915636458,-0.0121456502554285,-0.0119227466429131,-0.0119227466429131
1.875,0.251959952838629,-0.0121131417057556,-0.0118842629902023,-0.0118842629902023
1.876,0.251266850246017,-0.0120807168101042,-0.0118459035987542,-0.0118459035987542
1.877,0.250575603071397,-0.0120483753661005,-0.0118076680671702,-0.0118076680671702
1.878,0.24988620653913,-0.0120161171718087,-0.0117695559953489,-0.0117695559953489
1.879,0.249198655885135,-0.0119839420257304,-0.0117315669844821,-0.0117315669844821
1.88,0.248512946356859,-0.0119518497268036,-0.0116937006370507,-0.0116937006370507
1.881,0.247829073213261,-0.0119198400744023,-0.01165595655682,-0.01165595655682
1.882,0.247147031724782,-0.0118879128683357,-0.0116183343488364,-0.0116183343488364
1.883,0.246466817173318,-0.0118560679088473,-0.0115808336194223,-0.0115808336194223
1.884,0.2457884248522,-0.0118243049966142,-0.011543453976173,-0.011543453976173
1.885,0.245111850066166,-0.0117926239327468,-0.0115061950279515,-0.0115061950279515
1.886,0.244437088131339,-0.0117610245187873,-0.0114690563848853,-0.0114690563848853
1.887,0.243764134375197,-0.0117295065567096,-0.0114320376583619,-0.0114320376583619
1.888,0.243092984136555,-0.0116980698489184,-0.0113951384610246,-0.0113951384610246
1.889,0.242423632765536,-0.0116667141982485,-0.0113583584067689,-0.0113583584067689
1.89,0.241756075623546,-0.0116354394079637,-0.0113216971107377,-0.0113216971107377
1.891,0.241090308083253,-0.0116042452817568,-0.0112851541893183,-0.0112851541893183
1.892,0.240426325528558,-0.0115731316237482,-0.0112487292601375,-0.0112487292601375
1.893,0.239764123354576,-0.0115420982384855,-0.0112124219420577,-0.0112124219420577
1.894,0.239103696967605,-0.0115111449309427,-0.0111762318551735,-0.0111762318551735
1.895,0.238445041785108,-0.0114802715065195,-0.0111401586208071,-0.0111401586208071
1.896,0.237788153235683,-0.0114494777710406,-0.0111042018615045,-0.0111042018615045
1.897,0.237133026759043,-0.011418763530755,-0.0110683612010317,-0.0110683612010317
1.898,0.236479657805989,-0.011388128592335,-0.0110326362643705,-0.0110326362643705
1.899,0.235828041838387,-0.0113575727628758,-0.0109970266777149,-0.0109970266777149
1.9,0.235178174329144,-0.0113270958498947,-0.0109615320684668,-0.0109615320684668
1.901,0.234530050762183,-0.0112966976613303,-0.0109261520652323,-0.0109261520652323
1.902,0.23388366663242,-0.0112663780055419,-0.0108908862978179,-0.0108908862978179
1.903,0.233239017445737,-0.0112361366913085,-0.0108557343972263,-0.0108557343972263
1.904,0.232596098718962,-0.0112059735278285,-0.010820695995653,-0.010820695995653
1.905,0.231954905979844,-0.0111758883247185,-0.0107857707264819,-0.0107857707264819
1.906,0.231315434767025,-0.0111458808920131,-0.0107509582242818,-0.0107509582242818
1.907,0.230677680630023,-0.0111159510401637,-0.0107162581248028,-0.0107162581248028
1.908,0.230041639129201,-0.011086098580038,-0.0106816700649716,-0.0106816700649716
1.909,0.22940730583575,-0.0110563233229194,-0.0106471936828887,-0.0106471936828887
1.91,0.228774676331658,-0.011026625080506,-0.0106128286178241,-0.0106128286178241
1.911,0.228143746209694,-0.01099700366491,-0.0105785745102135,-0.0105785745102135
1.912,0.227514511073376,-0.0109674588886572,-0.0105444310016547,-0.0105444310016547
1.913,0.226886966536956,-0.0109379905646859,-0.0105103977349036,-0.0105103977349036
1.914,0.226261108225389,-0.0109085985063463,-0.0104764743538709,-0.0104764743538709
1.915,0.225636931774314,-0.0108792825274001,-0.0104426605036178,-0.0104426605036178
1.916,0.225014432830028,-0.0108500424420193,-0.0104089558303528,-0.0104089558303528
1.917,0.224393607049464,-0.0108208780647857,-0.0103753599814275,-0.0103753599814275
1.918,0.223774450100167,-0.0107917892106903,-0.0103418726053333,-0.0103418726053333
1.919,0.22315695766027,-0.0107627756951325,-0.0103084933516976,-0.0103084933516976
1.92,0.222541125418471,-0.0107338373339192,-0.01027522187128,-0.01027522187128
1.921,0.22192694907401,-0.0107049739432643,-0.0102420578159687,-0.0102420578159687
1.922,0.221314424336648,-0.0106761853397879,-0.0102090008387771,-0.0102090008387771
1.923,0.220703546926637,-0.0106474713405158,-0.0101760505938397,-0.0101760505938397
1.924,0.220094312574703,-0.0106188317628782,-0.0101432067364087,-0.0101432067364087
1.925,0.219486717022023,-0.0105902664247097,-0.0101104689228507,-0.0101104689228507
1.926,0.218880756020195,-0.0105617751442481,-0.0100778368106424,-0.0100778368106424
1.927,0.218276425331225,-0.0105333577401339,-0.0100453100583677,-0.0100453100583677
1.928,0.217673720727495,-0.0105050140314095,-0.0100128883257137,-0.0100128883257137
1.929,0.217072637991744,-0.0104767438375185,-0.00998057127346737,-0.00998057127346737
1.93,0.216473172917047,-0.0104485469783051,-0.00994835856351167,-0.00994835856351167
1.931,0.215875321306786,-0.0104204232740132,-0.00991624985882242,-0.00991624985882242
1.932,0.215279078974635,-0.0103923725452858,-0.00988424482346446,-0.00988424482346446
1.933,0.214684441744529,-0.0103643946131642,-0.00985234312258823,-0.00985234312258823
1.934,0.214091405450648,-0.0103364892990874,-0.0098205444224263,-0.0098205444224263
1.935,0.213499965937389,-0.0103086564248915,-0.00978884839028983,-0.00978884839028983
1.936,0.21291011905935,-0.0102808958128085,-0.00975725469456502,-0.00975725469456502
1.937,0.212321860681297,-0.0102532072854663,-0.00972576300470979,-0.00972576300470979
1.938,0.211735186678153,-0.0102255906658874,-0.0096943729912501,-0.0096943729912501
1.939,0.211150092934965,-0.0101980457774883,-0.00966308432577671,-0.00966308432577671
1.94,0.21056657534689,-0.0101705724440792,-0.00963189668094167,-0.00963189668094167
1.941,0.209984629819167,-0.0101431704898627,-0.00960080973045473,-0.00960080973045473
1.942,0.209404252267097,-0.0101158397394335,-0.00956982314908014,-0.00956982314908014
1.943,0.208825438616017,-0.0100885800177777,-0.00953893661263314,-0.00953893661263314
1.944,0.208248184801285,-0.0100613911502718,-0.00950814979797655,-0.00950814979797655
1.945,0.207672486768249,-0.0100342729626822,-0.00947746238301743,-0.00947746238301743
1.946,0.207098340472231,-0.0100072252811645,-0.00944687404670365,-0.00944687404670365
1.947,0.2065257418785,-0.0099802479322627,-0.00941638446902056,-0.00941638446902056
1.948,0.205954686962256,-0.00995334074290858,-0.00938599333098761,-0.00938599333098761
1.949,0.205385171708601,-0.00992650354042095,-0.00935570031465505,-0.00935570031465505
1.95,0.204817192112521,-0.00989973615250499,-0.00932550510310054,-0.00932550510310054
1.951,0.204250744178861,-0.0098730384072515,-0.00929540738042588,-0.00929540738042588
1.952,0.203685823922308,-0.00984641013313622,-0.00926540683175369,-0.00926540683175369
1.953,0.203122427367362,-0.00981985115901912,-0.00923550314322403,-0.00923550314322403
1.954,0.20256055054832,-0.00979336131414372,-0.00920569600199121,-0.00920569600199121
1.955,0.20200018950925,-0.00976694042813636,-0.00917598509622045,-0.00917598509622045
1.956,0.201441340303973,-0.00974058833100552,-0.00914637011508471,-0.00914637011508471
1.957,0.200883998996037,-0.0097143048531411,-0.00911685074876126,-0.00911685074876126
1.958,0.200328161658697,-0.00968808982531376,-0.00908742668842859,-0.00908742668842859
1.959,0.199773824374894,-0.00966194307867418,-0.00905809762626305,-0.00905809762626305
1.96,0.199220983237233,-0.0096358644447524,-0.00902886325543576,-0.00902886325543576
1.961,0.198669634347959,-0.00960985375545706,-0.00899972327010925,-0.00899972327010925
1.962,0.198119773818938,-0.00958391084307481,-0.00897067736543435,-0.00897067736543435
1.963,0.197571397771635,-0.00955803554026948,-0.00894172523754698,-0.00894172523754698
1.964,0.197024502337092,-0.0095322276800815,-0.00891286658356492,-0.00891286658356492
1.965,0.196479083655905,-0.00950648709592715,-0.00888410110158466,-0.00888410110158466
1.966,0.195935137878204,-0.00948081362159787,-0.00885542849067828,-0.00885542849067828
1.967,0.195392661163633,-0.00945520709125957,-0.00882684845089022,-0.00882684845089022
1.968,0.194851649681326,-0.00942966733945195,-0.00879836068323419,-0.00879836068323419
1.969,0.194312099609885,-0.00940419420108777,-0.00876996488969001,-0.00876996488969001
1.97,0.193774007137361,-0.00937878751145223,-0.0087416607732005,-0.0087416607732005
1.971,0.193237368461234,-0.00935344710620217,-0.00871344803766834,-0.00871344803766834
1.972,0.192702179788386,-0.0093281728213655,-0.00868532638795302,-0.00868532638795302
1.973,0.192168437335086,-0.00930296449334041,-0.00865729552986765,-0.00865729552986765
1.974,0.191636137326964,-0.00927782195889476,-0.00862935517017604,-0.00862935517017604
1.975,0.191105275998995,-0.00925274505516531,-0.00860150501658941,-0.00860150501658941
1.976,0.190575849595471,-0.00922773361965711,-0.00857374477776354,-0.00857374477776354
1.977,0.190047854369986,-0.00920278749024276,-0.00854607416329553,-0.00854607416329553
1.978,0.189521286585412,-0.00917790650516175,-0.00851849288372094,-0.00851849288372094
1.979,0.18899614251388,-0.00915309050301974,-0.00849100065051056,-0.00849100065051056
1.98,0.188472418436756,-0.00912833932278794,-0.00846359717606755,-0.00846359717606755
1.981,0.187950110644623,-0.00910365280380235,-0.00843628217372433,-0.00843628217372433
1.982,0.187429215437259,-0.00907903078576312,-0.00840905535773962,-0.00840905535773962
1.983,0.186909729123613,-0.00905447310873384,-0.00838191644329545,-0.00838191644329545
1.984,0.186391648021793,-0.0090299796131409,-0.00835486514649408,-0.00835486514649408
1.985,0.185874968459035,-0.00900555013977276,-0.0083279011843552,-0.0083279011843552
1.986,0.185359686771688,-0.00898118452977928,-0.00830102427481282,-0.00830102427481282
1.987,0.184845799305192,-0.00895688262467106,-0.00827423413671229,-0.00827423413671229
1.988,0.184333302414059,-0.00893264426631874,-0.00824753048980757,-0.00824753048980757
1.989,0.183822192461848,-0.00890846929695231,-0.00822091305475801,-0.00822091305475801
1.99,0.18331246582115,-0.00888435755916049,-0.00819438155312559,-0.00819438155312559
1.991,0.182804118873564,-0.00886030889588995,-0.00816793570737202,-0.00816793570737202
1.992,0.182297148009675,-0.00883632315044473,-0.00814157524085572,-0.00814157524085572
1.993,0.181791549629039,-0.0088124001664855,-0.008115299877829,-0.008115299877829
1.994,0.181287320140158,-0.00878853978802892,-0.00808910934343514,-0.00808910934343514
1.995,0.180784455960461,-0.00876474185944692,-0.00806300336370553,-0.00806300336370553
1.996,0.180282953516283,-0.00874100622546611,-0.00803698166555678,-0.00803698166555678
1.997,0.179782809242847,-0.00871733273116698,-0.00801104397678789,-0.00801104397678789
1.998,0.179284019584241,-0.00869372122198335,-0.00798519002607728,-0.00798519002607728
1.999,0.178786580993398,-0.00867017154370161,-0.0079594195429802,-0.0079594195429802
2,0.178290489932079,-0.00864668354246011,-0.00793373225792558,-0.00793373225792558
2.001,0.177795742870849,-0.0086232570647484,-0.00790812790221344,-0.00790812790221344
2.002,0.177302336289058,-0.00859989195740667,-0.00788260620801195,-0.00788260620801195
2.003,0.176810266674824,-0.00857658806762503,-0.00785716690835472,-0.00785716690835472
2.004,0.176319530525007,-0.00855334524294279,-0.00783180973713789,-0.00783180973713789
2.005,0.175830124345194,-0.00853016333124787,-0.00780653442911745,-0.00780653442911745
2.006,0.175342044649677,-0.00850704218077608,-0.00778134071990634,-0.00778134071990634
2.007,0.174855287961435,-0.0084839816401105,-0.00775622834597183,-0.00775622834597183
2.008,0.174369850812111,-0.00846098155818075,-0.00773119704463264,-0.00773119704463264
2.009,0.173885729741994,-0.00843804178426237,-0.0077062465540562,-0.0077062465540562
2.01,0.173402921299999,-0.00841516216797614,-0.00768137661325596,-0.00768137661325596
2.011,0.172921422043647,-0.00839234255928744,-0.00765658696208862,-0.00765658696208862
2.012,0.172441228539047,-0.00836958280850551,-0.00763187734125143,-0.00763187734125143
2.013,0.171962337360872,-0.0083468827662829,-0.00760724749227938,-0.00760724749227938
2.014,0.171484745092346,-0.00832424228361469,-0.00758269715754263,-0.00758269715754263
2.015,0.171008448325217,-0.00830166121183794,-0.00755822608024374,-0.00755822608024374
2.016,0.170533443659743,-0.00827913940263093,-0.00753383400441493,-0.00753383400441493
2.017,0.170059727704669,-0.00825667670801256,-0.00750952067491552,-0.00750952067491552
2.018,0.169587297077211,-0.00823427298034166,-0.00748528583742909,-0.00748528583742909
2.019,0.169116148403032,-0.00821192807231637,-0.00746112923846102,-0.00746112923846102
2.02,0.168646278316228,-0.00818964183697344,-0.00743705062533566,-0.00743705062533566
2.021,0.168177683459303,-0.00816741412768757,-0.00741304974619374,-0.00741304974619374
2.022,0.167710360483152,-0.00814524479817079,-0.00738912634998977,-0.00738912634998977
2.023,0.167244306047046,-0.0081231337024718,-0.00736528018648935,-0.00736528018648935
2.024,0.166779516818606,-0.00810108069497527,-0.00734151100626659,-0.00734151100626659
2.025,0.166315989473784,-0.00807908563040123,-0.00731781856070148,-0.00731781856070148
2.026,0.165853720696852,-0.00805714836380438,-0.00729420260197722,-0.00729420260197722
2.027,0.165392707180373,-0.00803526875057349,-0.00727066288307783,-0.00727066288307783
2.028,0.164932945625187,-0.0080134466464307,-0.00724719915778529,-0.00724719915778529
2.029,0.164474432740392,-0.00799168190743087,-0.00722381118067715,-0.00722381118067715
2.03,0.164017165243323,-0.00796997438996095,-0.00720049870712384,-0.00720049870712384
2.031,0.163561139859534,-0.00794832395073935,-0.00717726149328626,-0.00717726149328626
2.032,0.163106353322779,-0.00792673044681522,-0.00715409929611304,-0.00715409929611304
2.033,0.162652802374993,-0.00790519373556787,-0.00713101187333812,-0.00713101187333812
2.034,0.162200483766273,-0.00788371367470607,-0.00710799898347817,-0.00710799898347817
2.035,0.161749394254861,-0.00786229012226748,-0.00708506038583007,-0.00708506038583007
2.036,0.16129953060712,-0.0078409229366179,-0.00706219584046838,-0.00706219584046838
2.037,0.160850889597523,-0.0078196119764507,-0.00703940510824279,-0.00703940510824279
2.038,0.160403468008624,-0.00779835710078615,-0.00701668795077569,-0.00701668795077569
2.039,0.159957262631052,-0.00777715816897077,-0.00699404413045966,-0.00699404413045966
2.04,0.15951227026348,-0.00775601504067672,-0.00697147341045488,-0.00697147341045488
2.041,0.159068487712616,-0.0077349275759011,-0.00694897555468678,-0.00694897555468678
2.042,0.158625911793176,-0.00771389563496534,-0.00692655032784346,-0.00692655032784346
2.043,0.158184539327874,-0.00769291907851461,-0.00690419749537333,-0.00690419749537333
2.044,0.157744367147397,-0.00767199776751706,-0.00688191682348255,-0.00688191682348255
2.045,0.157305392090388,-0.0076511315632633,-0.00685970807913264,-0.00685970807913264
2.046,0.15686761100343,-0.00763032032736568,-0.00683757103003803,-0.00683757103003803
2.047,0.156431020741025,-0.00760956392175771,-0.00681550544466361,-0.00681550544466361
2.048,0.155995618165576,-0.00758886220869338,-0.00679351109222232,-0.00679351109222232
2.049,0.15556140014737,-0.00756821505074653,-0.00677158774267271,-0.00677158774267271
2.05,0.155128363564558,-0.00754762231081025,-0.00674973516671656,-0.00674973516671656
2.051,0.154696505303139,-0.00752708385209618,-0.00672795313579647,-0.00672795313579647
2.052,0.154265822256937,-0.00750659953813398,-0.00670624142209344,-0.00670624142209344
2.053,0.153836311327591,-0.00748616923277056,-0.0066845997985245,-0.0066845997985245
2.054,0.153407969424527,-0.00746579280016958,-0.00666302803874037,-0.00666302803874037
2.055,0.152980793464947,-0.0074454701048107,-0.00664152591712298,-0.00664152591712298
2.056,0.15255478037381,-0.00742520101148906,-0.00662009320878324,-0.00662009320878324
2.057,0.152129927083811,-0.00740498538531458,-0.0065987296895586,-0.0065987296895586
2.058,0.151706230535364,-0.00738482309171134,-0.00657743513601071,-0.00657743513601071
2.059,0.151283687676587,-0.00736471399641694,-0.00655620932542307,-0.00655620932542307
2.06,0.150862295463278,-0.00734465796548196,-0.00653505203579877,-0.00653505203579877
2.061,0.150442050858906,-0.0073246548652692,-0.0065139630458581,-0.0065139630458581
2.062,0.150022950834583,-0.00730470456245314,-0.00649294213503619,-0.00649294213503619
2.063,0.149604992369053,-0.00728480692401929,-0.00647198908348081,-0.00647198908348081
2.064,0.149188172448674,-0.0072649618172636,-0.00645110367204998,-0.00645110367204998
2.065,0.148772488067395,-0.00724516910979177,-0.00643028568230972,-0.00643028568230972
2.066,0.148357936226745,-0.00722542866951867,-0.00640953489653172,-0.00640953489653172
2.067,0.147944513935809,-0.00720574036466772,-0.0063888510976911,-0.0063888510976911
2.068,0.147532218211217,-0.00718610406377028,-0.00636823406946409,-0.00636823406946409
2.069,0.14712104607712,-0.00716651963566497,-0.00634768359622585,-0.00634768359622585
2.07,0.146710994565177,-0.00714698694949712,-0.00632719946304811,-0.00632719946304811
2.071,0.146302060714533,-0.00712750587471809,-0.00630678145569695,-0.00630678145569695
2.072,0.145894241571807,-0.00710807628108474,-0.00628642936063062,-0.00628642936063062
2.073,0.145487534191071,-0.0070886980386587,-0.00626614296499718,-0.00626614296499718
2.074,0.145081935633832,-0.00706937101780585,-0.00624592205663242,-0.00624592205663242
2.075,0.144677442969016,-0.00705009508919563,-0.00622576642405748,-0.00622576642405748
2.076,0.144274053272953,-0.0070308701238005,-0.00620567585647676,-0.00620567585647676
2.077,0.143871763629352,-0.00701169599289525,-0.00618565014377567,-0.00618565014377567
2.078,0.143470571129295,-0.00699257256805646,-0.00616568907651835,-0.00616568907651835
2.079,0.143070472871208,-0.00697349972116182,-0.00614579244594563,-0.00614579244594563
2.08,0.142671465960852,-0.00695447732438957,-0.00612596004397274,-0.00612596004397274
2.081,0.142273547511303,-0.00693550525021787,-0.00610619166318713,-0.00610619166318713
2.082,0.141876714642934,-0.00691658337142417,-0.00608648709684634,-0.00608648709684634
2.083,0.1414809644834,-0.00689771156108463,-0.00606684613887578,-0.00606684613887578
2.084,0.141086294167618,-0.00687888969257353,-0.00604726858386664,-0.00604726858386664
2.085,0.140692700837753,-0.00686011763956261,-0.00602775422707368,-0.00602775422707368
2.086,0.140300181643199,-0.00684139527602049,-0.00600830286441312,-0.00600830286441312
2.087,0.139908733740562,-0.00682272247621207,-0.00598891429246047,-0.00598891429246047
2.088,0.139518354293645,-0.00680409911469792,-0.00596958830844844,-0.00596958830844844
2.089,0.139129040473429,-0.00678552506633368,-0.00595032471026478,-0.00595032471026478
2.09,0.138740789458056,-0.00676700020626945,-0.00593112329645017,-0.00593112329645017
2.091,0.138353598432814,-0.00674852440994917,-0.00591198386619612,-0.00591198386619612
2.092,0.137967464590118,-0.00673009755311007,-0.00589290621934289,-0.00589290621934289
2.093,0.137582385129497,-0.00671171951178204,-0.00587389015637733,-0.00587389015637733
2.094,0.137198357257572,-0.00669339016228699,-0.00585493547843081,-0.00585493547843081
2.095,0.136815378188041,-0.00667510938123832,-0.0058360419872772,-0.0058360419872772
2.096,0.136433445141667,-0.00665687704554031,-0.00581720948533072,-0.00581720948533072
2.097,0.136052555346255,-0.00663869303238746,-0.00579843777564391,-0.00579843777564391
2.098,0.135672706036637,-0.00662055721926397,-0.00577972666190549,-0.00577972666190549
2.099,0.135293894454659,-0.00660246948394309,-0.00576107594843848,-0.00576107594843848
2.1,0.13491611784916,-0.00658442970448659,-0.00574248544019796,-0.00574248544019796
2.101,0.134539373475958,-0.00656643775924407,-0.00572395494276907,-0.00572395494276907
2.102,0.134163658597832,-0.00654849352685247,-0.00570548426236511,-0.00570548426236511
2.103,0.133788970484507,-0.00653059688623538,-0.0056870732058253,-0.0056870732058253
2.104,0.133415306412638,-0.00651274771660255,-0.00566872158061294,-0.00566872158061294
2.105,0.13304266366579,-0.00649494589744922,-0.00565042919481328,-0.00565042919481328
2.106,0.132671039534427,-0.00647719130855556,-0.00563219585713155,-0.00563219585713155
2.107,0.132300431315891,-0.00645948382998607,-0.00561402137689095,-0.00561402137689095
2.108,0.131930836314389,-0.00644182334208903,-0.00559590556403069,-0.00559590556403069
2.109,0.131562251840974,-0.00642420972549586,-0.00557784822910388,-0.00557784822910388
2.11,0.131194675213532,-0.00640664286112057,-0.00555984918327573,-0.00555984918327573
2.111,0.130828103756762,-0.00638912263015914,-0.0055419082383214,-0.0055419082383214
2.112,0.130462534802164,-0.00637164891408901,-0.00552402520662413,-0.00552402520662413
2.113,0.130097965688019,-0.00635422159466838,-0.00550619990117323,-0.00550619990117323
2.114,0.129734393759375,-0.00633684055393575,-0.00548843213556215,-0.00548843213556215
2.115,0.129371816368033,-0.00631950567420922,-0.00547072172398652,-0.00547072172398652
2.116,0.129010230872525,-0.00630221683808604,-0.00545306848124215,-0.00545306848124215
2.117,0.128649634638105,-0.00628497392844189,-0.0054354722227232,-0.0054354722227232
2.118,0.128290025036727,-0.00626777682843042,-0.00541793276442015,-0.00541793276442015
2.119,0.127931399447033,-0.00625062542148259,-0.00540044992291788,-0.00540044992291788
2.12,0.127573755254338,-0.00623351959130613,-0.00538302351539383,-0.00538302351539383
2.121,0.127217089850609,-0.00621645922188498,-0.005365653359616,-0.005365653359616
2.122,0.126861400634454,-0.00619944419747865,-0.00534833927394106,-0.00534833927394106
2.123,0.126506685011104,-0.0061824744026217,-0.00533108107731248,-0.00533108107731248
2.124,0.126152940392397,-0.00616554972212318,-0.00531387858925862,-0.00531387858925862
2.125,0.125800164196766,-0.00614867004106598,-0.00529673162989077,-0.00529673162989077
2.126,0.125448353849218,-0.00613183524480634,-0.00527964001990142,-0.00527964001990142
2.127,0.12509750678132,-0.00611504521897322,-0.00526260358056219,-0.00526260358056219
2.128,0.124747620431187,-0.00609829984946777,-0.00524562213372215,-0.00524562213372215
2.129,0.124398692243462,-0.00608159902246274,-0.0052286955018058,-0.0052286955018058
2.13,0.124050719669301,-0.0060649426244019,-0.0052118235078113,-0.0052118235078113
2.131,0.123703700166361,-0.00604833054199948,-0.00519500597530856,-0.00519500597530856
2.132,0.12335763119878,-0.00603176266223964,-0.00517824272843743,-0.00517824272843743
2.133,0.123012510237164,-0.00601523887237585,-0.00516153359190587,-0.00516153359190587
2.134,0.122668334758573,-0.00599875905993033,-0.00514487839098808,-0.00514487839098808
2.135,0.122325102246501,-0.00598232311269353,-0.00512827695152265,-0.00512827695152265
2.136,0.121982810190865,-0.00596593091872351,-0.00511172909991082,-0.00511172909991082
2.137,0.121641456087989,-0.00594958236634543,-0.00509523466311457,-0.00509523466311457
2.138,0.121301037440586,-0.00593327734415093,-0.00507879346865484,-0.00507879346865484
2.139,0.120961551757745,-0.00591701574099761,-0.00506240534460975,-0.00506240534460975
2.14,0.120622996554917,-0.0059007974460085,-0.00504607011961281,-0.00504607011961281
2.141,0.120285369353897,-0.00588462234857138,-0.00502978762285103,-0.00502978762285103
2.142,0.11994866768281,-0.00586849033833838,-0.00501355768406323,-0.00501355768406323
2.143,0.119612889076095,-0.00585240130522527,-0.00499738013353822,-0.00499738013353822
2.144,0.119278031074492,-0.00583635513941105,-0.00498125480211303,-0.00498125480211303
2.145,0.118944091225027,-0.00582035173133726,-0.00496518152117112,-0.00496518152117112
2.146,0.118611067080992,-0.0058043909717075,-0.00494916012264064,-0.00494916012264064
2.147,0.118278956201938,-0.00578847275148686,-0.00493319043899264,-0.00493319043899264
2.148,0.117947756153654,-0.0057725969619014,-0.00491727230323933,-0.00491727230323933
2.149,0.117617464508152,-0.0057567634944375,-0.00490140554893238,-0.00490140554893238
2.15,0.117288078843656,-0.00574097224084142,-0.00488559001016107,-0.00488559001016107
2.151,0.116959596744585,-0.00572522309311867,-0.00486982552155063,-0.00486982552155063
2.152,0.116632015801537,-0.00570951594353351,-0.00485411191826052,-0.00485411191826052
2.153,0.116305333611278,-0.00569385068460838,-0.00483844903598262,-0.00483844903598262
2.154,0.115979547776721,-0.00567822720912334,-0.00482283671093962,-0.00482283671093962
2.155,0.115654655906918,-0.00566264541011552,-0.00480727477988321,-0.00480727477988321
2.156,0.11533065561704,-0.00564710518087863,-0.00479176308009242,-0.00479176308009242
2.157,0.115007544528365,-0.00563160641496235,-0.0047763014493719,-0.0047763014493719
2.158,0.114685320268265,-0.00561614900617179,-0.00476088972605024,-0.00476088972605024
2.159,0.114363980470185,-0.00560073284856697,-0.00474552774897823,-0.00474552774897823
2.16,0.114043522773637,-0.0055853578364623,-0.00473021535752727,-0.00473021535752727
2.161,0.113723944824178,-0.00557002386442597,-0.00471495239158753,-0.00471495239158753
2.162,0.113405244273401,-0.00555473082727947,-0.00469973869156643,-0.00469973869156643
2.163,0.113087418778915,-0.00553947862009698,-0.00468457409838688,-0.00468457409838688
2.164,0.112770466004336,-0.00552426713820495,-0.00466945845348565,-0.00466945845348565
2.165,0.11245438361927,-0.00550909627718141,-0.0046543915988117,-0.0046543915988117
2.166,0.112139169299297,-0.00549396593285556,-0.0046393733768245,-0.0046393733768245
2.167,0.11182482072596,-0.00547887600130715,-0.00462440363049241,-0.00462440363049241
2.168,0.111511335586749,-0.00546382637886599,-0.00460948220329106,-0.00460948220329106
2.169,0.111198711575086,-0.0054488169621114,-0.00459460893920161,-0.00459460893920161
2.17,0.110886946390311,-0.00543384764787166,-0.00457978368270926,-0.00457978368270926
2.171,0.110576037737669,-0.00541891833322349,-0.0045650062788015,-0.0045650062788015
2.172,0.110265983328296,-0.00540402891549155,-0.00455027657296656,-0.00455027657296656
2.173,0.109956780879202,-0.00538917929224782,-0.00453559441119172,-0.00453559441119172
2.174,0.109648428113259,-0.00537436936131117,-0.0045209596399618,-0.0045209596399618
2.175,0.109340922759187,-0.00535959902074677,-0.00450637210625743,-0.00450637210625743
2.176,0.109034262551538,-0.00534486816886556,-0.0044918316575536,-0.0044918316575536
2.177,0.108728445230686,-0.00533017670422377,-0.00447733814181787,-0.00447733814181787
2.178,0.108423468542808,-0.0053155245256223,-0.00446289140750895,-0.00446289140750895
2.179,0.108119330239874,-0.00530091153210632,-0.00444849130357504,-0.00444849130357504
2.18,0.107816028079628,-0.00528633762296462,-0.00443413767945221,-0.00443413767945221
2.181,0.107513559825582,-0.00527180269772917,-0.00441983038506293,-0.00441983038506293
2.182,0.107211923246993,-0.00525730665617455,-0.0044055692708144,-0.0044055692708144
2.183,0.106911116118858,-0.00524284939831746,-0.00439135418759701,-0.00439135418759701
2.184,0.106611136221892,-0.00522843082441615,-0.00437718498678277,-0.00437718498678277
2.185,0.106311981342519,-0.00521405083496996,-0.00436306152022385,-0.00436306152022385
2.186,0.106013649272858,-0.00519970933071876,-0.00434898364025086,-0.00434898364025086
2.187,0.105716137810707,-0.00518540621264242,-0.00433495119967145,-0.00433495119967145
2.188,0.105419444759532,-0.0051711413819603,-0.00432096405176868,-0.00432096405176868
2.189,0.10512356792845,-0.00515691474013079,-0.00430702205029953,-0.00430702205029953
2.19,0.10482850513222,-0.0051427261888507,-0.00429312504949336,-0.00429312504949336
2.191,0.104534254191222,-0.00512857563005479,-0.00427927290405036,-0.00427927290405036
2.192,0.104240812931453,-0.00511446296591525,-0.00426546546914003,-0.00426546546914003
2.193,0.103948179184506,-0.00510038809884121,-0.00425170260039974,-0.00425170260039974
2.194,0.103656350787557,-0.00508635093147818,-0.00423798415393308,-0.00423798415393308
2.195,0.103365325583357,-0.00507235136670755,-0.0042243099863085,-0.0042243099863085
2.196,0.103075101420212,-0.0050583893076461,-0.00421067995455768,-0.00421067995455768
2.197,0.102785676151972,-0.00504446465764549,-0.00419709391617413,-0.00419709391617413
2.198,0.102497047638021,-0.0050305773202917,-0.00418355172911166,-0.00418355172911166
2.199,0.102209213743256,-0.00501672719940458,-0.00417005325178286,-0.00417005325178286
2.2,0.101922172338082,-0.00500291419903729,-0.00415659834305768,-0.00415659834305768
2.201,0.101635921298393,-0.00498913822347587,-0.0041431868622619,-0.0041431868622619
2.202,0.101350458505559,-0.00497539917723862,-0.00412981866917569,-0.00412981866917569
2.203,0.101065781846417,-0.00496169696507569,-0.00411649362403212,-0.00411649362403212
2.204,0.100781889213252,-0.00494803149196852,-0.00410321158751573,-0.00410321158751573
2.205,0.100498778503788,-0.00493440266312939,-0.00408997242076102,-0.00408997242076102
2.206,0.100216447621173,-0.00492081038400084,-0.00407677598535103,-0.00407677598535103
2.207,0.0999348944739664,-0.00490725456025524,-0.0040636221433159,-0.0040636221433159
2.208,0.0996541169761255,-0.00489373509779422,-0.00405051075713139,-0.00405051075713139
2.209,0.0993741130469925,-0.00488025190274825,-0.00403744168971746,-0.00403744168971746
2.21,0.0990948806112812,-0.00486680488147607,-0.00402441480443685,-0.00402441480443685
2.211,0.0988164175990641,-0.00485339394056421,-0.00401142996509361,-0.00401142996509361
2.212,0.0985387219457594,-0.00484001898682652,-0.00399848703593171,-0.00399848703593171
2.213,0.0982617915921184,-0.00482667992730363,-0.00398558588163364,-0.00398558588163364
2.214,0.0979856244842116,-0.00481337666926248,-0.00397272636731889,-0.00397272636731889
2.215,0.0977102185734164,-0.00480010912019583,-0.00395990835854265,-0.00395990835854265
2.216,0.0974355718164039,-0.00478687718782172,-0.00394713172129435,-0.00394713172129435
2.217,0.0971616821751266,-0.00477368078008305,-0.00393439632199626,-0.00393439632199626
2.218,0.0968885476168044,-0.00476051980514702,-0.00392170202750211,-0.00392170202750211
2.219,0.0966161661139129,-0.00474739417140465,-0.00390904870509569,-0.00390904870509569
2.22,0.0963445356441697,-0.00473430378747033,-0.00389643622248938,-0.00389643622248938
2.221,0.0960736541905226,-0.00472124856218129,-0.00388386444782296,-0.00388386444782296
2.222,0.0958035197411356,-0.0047082284045971,-0.00387133324966201,-0.00387133324966201
2.223,0.0955341302893774,-0.00469524322399923,-0.00385884249699667,-0.00385884249699667
2.224,0.0952654838338077,-0.00468229292989051,-0.00384639205924021,-0.00384639205924021
2.225,0.0949975783781654,-0.00466937743199469,-0.00383398180622771,-0.00383398180622771
2.226,0.0947304119313552,-0.0046564966402559,-0.00382161160821465,-0.00382161160821465
2.227,0.0944639825074355,-0.0046436504648382,-0.00380928133587556,-0.00380928133587556
2.228,0.0941982881256054,-0.0046308388161251,-0.00379699086030269,-0.00379699086030269
2.229,0.0939333268101927,-0.00461806160471907,-0.00378474005300467,-0.00378474005300467
2.23,0.0936690965906409,-0.00460531874144102,-0.00377252878590511,-0.00377252878590511
2.231,0.0934055955014968,-0.00459261013732988,-0.00376035693134127,-0.00376035693134127
2.232,0.093142821582398,-0.00457993570364206,-0.00374822436206281,-0.00374822436206281
2.233,0.0928807728780606,-0.00456729535185103,-0.00373613095123033,-0.00373613095123033
2.234,0.0926194474382669,-0.00455468899364678,-0.00372407657241414,-0.00372407657241414
2.235,0.0923588433178523,-0.00454211654093537,-0.00371206109959286,-0.00371206109959286
2.236,0.0920989585766937,-0.00452957790583846,-0.00370008440715219,-0.00370008440715219
2.237,0.0918397912796972,-0.00451707300069282,-0.00368814636988353,-0.00368814636988353
2.238,0.091581339496785,-0.00450460173804985,-0.00367624686298263,-0.00367624686298263
2.239,0.0913236013028838,-0.00449216403067513,-0.00366438576204844,-0.00366438576204844
2.24,0.0910665747779122,-0.00447975979154788,-0.00365256294308159,-0.00365256294308159
2.241,0.0908102580067691,-0.0044673889338606,-0.0036407782824833,-0.0036407782824833
2.242,0.0905546490793204,-0.00445505137101847,-0.00362903165705396,-0.00362903165705396
2.243,0.0902997460903876,-0.00444274701663897,-0.00361732294399184,-0.00361732294399184
2.244,0.0900455471397357,-0.00443047578455136,-0.00360565202089186,-0.00360565202089186
2.245,0.0897920503320608,-0.00441823758879623,-0.00359401876574433,-0.00359401876574433
2.246,0.0895392537769779,-0.00440603234362504,-0.00358242305693356,-0.00358242305693356
2.247,0.0892871555890091,-0.0043938599634996,-0.00357086477323668,-0.00357086477323668
2.248,0.0890357538875713,-0.00438172036309168,-0.00355934379382234,-0.00355934379382234
2.249,0.0887850467969649,-0.00436961345728248,-0.00354785999824948,-0.00354785999824948
2.25,0.0885350324463606,-0.00435753916116219,-0.00353641326646601,-0.00353641326646601
2.251,0.0882857089697884,-0.00434549739002951,-0.00352500347880758,-0.00352500347880758
2.252,0.0880370745061252,-0.00433348805939122,-0.00351363051599634,-0.00351363051599634
2.253,0.0877891271990834,-0.00432151108496166,-0.00350229425913969,-0.00350229425913969
2.254,0.0875418651971984,-0.00430956638266234,-0.003490994589729,-0.003490994589729
2.255,0.0872952866538171,-0.00429765386862139,-0.00347973138963842,-0.00347973138963842
2.256,0.0870493897270857,-0.00428577345917317,-0.00346850454112359,-0.00346850454112359
2.257,0.0868041725799389,-0.00427392507085779,-0.00345731392682049,-0.00345731392682049
2.258,0.0865596333800867,-0.00426210862042063,-0.0034461594297441,-0.0034461594297441
2.259,0.0863157703000038,-0.00425032402481192,-0.00343504093328725,-0.00343504093328725
2.26,0.086072581516917,-0.00423857120118622,-0.00342395832121937,-0.00342395832121937
2.261,0.0858300652127946,-0.00422685006690204,-0.00341291147768533,-0.00341291147768533
2.262,0.0855882195743336,-0.00421516053952133,-0.00340190028720414,-0.00340190028720414
2.263,0.0853470427929486,-0.00420350253680904,-0.0033909246346678,-0.0033909246346678
2.264,0.0851065330647601,-0.00419187597673266,-0.00337998440534006,-0.00337998440534006
2.265,0.0848666885905832,-0.00418028077746177,-0.00336907948485525,-0.00336907948485525
2.266,0.0846275075759155,-0.00416871685736761,-0.00335820975921707,-0.00335820975921707
2.267,0.0843889882309258,-0.00415718413502259,-0.00334737511479739,-0.00334737511479739
2.268,0.0841511287704426,-0.00414568252919984,-0.00333657543833507,-0.00333657543833507
2.269,0.083913927413943,-0.00413421195887281,-0.00332581061693478,-0.00332581061693478
2.27,0.0836773823855403,-0.00412277234321476,-0.00331508053806578,-0.00331508053806578
2.271,0.0834414919139734,-0.00411136360159834,-0.00330438508956079,-0.00330438508956079
2.272,0.083206254232595,-0.00409998565359514,-0.0032937241596148,-0.0032937241596148
2.273,0.0829716675793607,-0.00408863841897525,-0.00328309763678388,-0.00328309763678388
2.274,0.0827377301968166,-0.00407732181770679,-0.00327250540998406,-0.00327250540998406
2.275,0.0825044403320892,-0.00406603576995549,-0.00326194736849008,-0.00326194736849008
2.276,0.0822717962368731,-0.00405478019608422,-0.00325142340193435,-0.00325142340193435
2.277,0.0820397961674205,-0.00404355501665258,-0.00324093340030568,-0.00324093340030568
2.278,0.0818084383845293,-0.00403236015241643,-0.00323047725394822,-0.00323047725394822
2.279,0.0815777211535323,-0.00402119552432745,-0.00322005485356023,-0.00322005485356023
2.28,0.0813476427442857,-0.0040100610535327,-0.00320966609019302,-0.00320966609019302
2.281,0.0811182014311583,-0.0039989566613742,-0.00319931085524974,-0.00319931085524974
2.282,0.0808893954930198,-0.00398788226938847,-0.00318898904048428,-0.00318898904048428
2.283,0.0806612232132301,-0.00397683779930607,-0.00317870053800012,-0.00317870053800012
2.284,0.080433682879628,-0.00396582317305122,-0.0031684452402492,-0.0031684452402492
2.285,0.0802067727845205,-0.00395483831274131,-0.00315822304003083,-0.00315822304003083
2.286,0.0799804912246708,-0.00394388314068649,-0.00314803383049053,-0.00314803383049053
2.287,0.0797548365012885,-0.00393295757938922,-0.00313787750511888,-0.00313787750511888
2.288,0.0795298069200175,-0.00392206155154383,-0.00312775395775051,-0.00312775395775051
2.289,0.0793054007909259,-0.00391119498003614,-0.00311766308256288,-0.00311766308256288
2.29,0.0790816164284945,-0.00390035778794295,-0.00310760477407522,-0.00310760477407522
2.291,0.0788584521516058,-0.00388954989853164,-0.00309757892714744,-0.00309757892714744
2.292,0.0786359062835335,-0.00387877123525975,-0.003087585436979,-0.003087585436979
2.293,0.0784139771519317,-0.00386802172177455,-0.00307762419910782,-0.00307762419910782
2.294,0.0781926630888232,-0.00385730128191258,-0.0030676951094092,-0.0030676951094092
2.295,0.0779719624305895,-0.00384660983969926,-0.00305779806409473,-0.00305779806409473
2.296,0.0777518735179598,-0.00383594731934841,-0.00304793295971117,-0.00304793295971117
2.297,0.0775323946960001,-0.0038253136452619,-0.0030380996931394,-0.0030380996931394
2.298,0.0773135243141024,-0.00381470874202915,-0.00302829816159335,-0.00302829816159335
2.299,0.0770952607259742,-0.00380413253442672,-0.00301852826261888,-0.00301852826261888
2.3,0.0768776022896273,-0.00379358494741791,-0.00300878989409275,-0.00300878989409275
2.301,0.0766605473673679,-0.00378306590615234,-0.00299908295422152,-0.00299908295422152
2.302,0.0764440943257851,-0.00377257533596549,-0.00298940734154053,-0.00298940734154053
2.303,0.0762282415357409,-0.00376211316237828,-0.00297976295491276,-0.00297976295491276
2.304,0.0760129873723592,-0.00375167931109669,-0.00297014969352787,-0.00297014969352787
2.305,0.0757983302150154,-0.0037412737080113,-0.00296056745690103,-0.00296056745690103
2.306,0.0755842684473257,-0.00373089627919689,-0.002951016144872,-0.002951016144872
2.307,0.0753708004571368,-0.003720546950912,-0.00294149565760397,-0.00294149565760397
2.308,0.0751579246365151,-0.00371022564959854,-0.00293200589558256,-0.00293200589558256
2.309,0.0749456393817361,-0.00369993230188133,-0.00292254675961478,-0.00292254675961478
2.31,0.0747339430932748,-0.00368966683456773,-0.002913118150828,-0.002913118150828
2.311,0.0745228341757939,-0.00367942917464721,-0.00290371997066888,-0.00290371997066888
2.312,0.0743123110381346,-0.0036692192492909,-0.00289435212090238,-0.00289435212090238
2.313,0.0741023720933052,-0.00365903698585121,-0.00288501450361069,-0.00288501450361069
2.314,0.0738930157584718,-0.00364888231186143,-0.00287570702119226,-0.00287570702119226
2.315,0.073684240454947,-0.00363875515503525,-0.00286642957636073,-0.00286642957636073
2.316,0.07347604460818,-0.00362865544326644,-0.00285718207214391,-0.00285718207214391
2.317,0.073268426647746,-0.00361858310462836,-0.00284796441188279,-0.00284796441188279
2.318,0.0730613850073369,-0.00360853806737359,-0.00283877649923055,-0.00283877649923055
2.319,0.0728549181247494,-0.0035985202599335,-0.0028296182381515,-0.0028296182381515
2.32,0.0726490244418763,-0.00358852961091786,-0.00282048953292008,-0.00282048953292008
2.321,0.0724437024046952,-0.00357856604911441,-0.00281139028811988,-0.00281139028811988
2.322,0.0722389504632592,-0.0035686295034885,-0.00280232040864269,-0.00280232040864269
2.323,0.072034767071686,-0.00355871990318259,-0.00279327979968736,-0.00279327979968736
2.324,0.0718311506881484,-0.00354883717751593,-0.00278426836675899,-0.00278426836675899
2.325,0.0716280997748632,-0.00353898125598414,-0.00277528601566776,-0.00277528601566776
2.326,0.0714256127980827,-0.00352915206825878,-0.00276633265252811,-0.00276633265252811
2.327,0.0712236882280829,-0.00351934954418693,-0.00275740818375763,-0.00275740818375763
2.328,0.0710223245391546,-0.00350957361379086,-0.00274851251607616,-0.00274851251607616
2.329,0.0708215202095929,-0.00349982420726754,-0.00273964555650477,-0.00273964555650477
2.33,0.0706212737216875,-0.00349010125498831,-0.0027308072123648,-0.0027308072123648
2.331,0.0704215835617124,-0.00348040468749844,-0.0027219973912769,-0.0027219973912769
2.332,0.070222448219916,-0.00347073443551672,-0.00271321600116004,-0.00271321600116004
2.333,0.0700238661905114,-0.00346109042993512,-0.00270446295023058,-0.00270446295023058
2.334,0.0698258359716664,-0.00345147260181833,-0.00269573814700128,-0.00269573814700128
2.335,0.0696283560654936,-0.00344188088240337,-0.00268704150028035,-0.00268704150028035
2.336,0.0694314249780401,-0.00343231520309924,-0.00267837291917049,-0.00267837291917049
2.337,0.0692350412192785,-0.00342277549548647,-0.00266973231306796,-0.00266973231306796
2.338,0.0690392033030965,-0.00341326169131675,-0.00266111959166162,-0.00266111959166162
2.339,0.0688439097472872,-0.00340377372251254,-0.00265253466493196,-0.00265253466493196
2.34,0.0686491590735394,-0.00339431152116666,-0.0026439774431502,-0.0026439774431502
2.341,0.0684549498074277,-0.00338487501954191,-0.00263544783687733,-0.00263544783687733
2.342,0.0682612804784033,-0.00337546415007067,-0.00262694575696317,-0.00262694575696317
2.343,0.0680681496197835,-0.00336607884535452,-0.00261847111454545,-0.00261847111454545
2.344,0.0678755557687424,-0.00335671903816383,-0.00261002382104885,-0.00261002382104885
2.345,0.0676834974663014,-0.00334738466143739,-0.00260160378818411,-0.00260160378818411
2.346,0.0674919732573195,-0.00333807564828201,-0.0025932109279471,-0.0025932109279471
2.347,0.0673009816904834,-0.00332879193197213,-0.00258484515261787,-0.00258484515261787
2.348,0.0671105213182982,-0.00331953344594945,-0.00257650637475977,-0.00257650637475977
2.349,0.0669205906970776,-0.00331030012382251,-0.00256819450721848,-0.00256819450721848
2.35,0.0667311883869347,-0.00330109189936634,-0.00255990946312118,-0.00255990946312118
2.351,0.0665423129517721,-0.00329190870652205,-0.00255165115587558,-0.00255165115587558
2.352,0.0663539629592726,-0.00328275047939645,-0.002543419499169,-0.002543419499169
2.353,0.0661661369808894,-0.00327361715226169,-0.00253521440696754,-0.00253521440696754
2.354,0.0659788335918375,-0.00326450865955483,-0.00252703579351509,-0.00252703579351509
2.355,0.0657920513710831,-0.00325542493587751,-0.00251888357333252,-0.00251888357333252
2.356,0.065605788901335,-0.00324636591599553,-0.00251075766121671,-0.00251075766121671
2.357,0.0654200447690348,-0.00323733153483847,-0.00250265797223968,-0.00250265797223968
2.358,0.0652348175643479,-0.00322832172749935,-0.00249458442174776,-0.00249458442174776
2.359,0.0650501058811539,-0.00321933642923421,-0.00248653692536061,-0.00248653692536061
2.36,0.0648659083170369,-0.00321037557546175,-0.00247851539897042,-0.00247851539897042
2.361,0.0646822234732771,-0.00320143910176292,-0.00247051975874094,-0.00247051975874094
2.362,0.0644990499548407,-0.00319252694388062,-0.00246254992110671,-0.00246254992110671
2.363,0.0643163863703711,-0.00318363903771924,-0.0024546058027721,-0.0024546058027721
2.364,0.0641342313321794,-0.00317477531934431,-0.00244668732071048,-0.00244668732071048
2.365,0.063952583456235,-0.00316593572498216,-0.00243879439216331,-0.00243879439216331
2.366,0.0637714413621572,-0.00315712019101951,-0.00243092693463935,-0.00243092693463935
2.367,0.0635908036732053,-0.00314832865400311,-0.00242308486591371,-0.00242308486591371
2.368,0.0634106690162693,-0.00313956105063935,-0.00241526810402705,-0.00241526810402705
2.369,0.0632310360218614,-0.00313081731779392,-0.00240747656728469,-0.00240747656728469
2.37,0.0630519033241066,-0.0031220973924914,-0.00239971017425579,-0.00239971017425579
2.371,0.0628732695607335,-0.00311340121191494,-0.00239196884377243,-0.00239196884377243
2.372,0.0626951333730653,-0.00310472871340585,-0.00238425249492884,-0.00238425249492884
2.373,0.0625174934060106,-0.00309607983446321,-0.00237656104708051,-0.00237656104708051
2.374,0.0623403483080548,-0.0030874545127436,-0.00236889441984336,-0.00236889441984336
2.375,0.0621636967312508,-0.00307885268606061,-0.00236125253309286,-0.00236125253309286
2.376,0.0619875373312099,-0.00307027429238455,-0.00235363530696327,-0.00235363530696327
2.377,0.0618118687670928,-0.00306171926984207,-0.00234604266184672,-0.00234604266184672
2.378,0.0616366897016012,-0.0030531875567158,-0.00233847451839243,-0.00233847451839243
2.379,0.0614619988009682,-0.00304467909144395,-0.00233093079750588,-0.00233093079750588
2.38,0.0612877947349498,-0.00303619381261999,-0.00232341142034794,-0.00232341142034794
2.381,0.0611140761768158,-0.00302773165899226,-0.00231591630833407,-0.00231591630833407
2.382,0.0609408418033412,-0.00301929256946362,-0.00230844538313353,-0.00230844538313353
2.383,0.0607680902947971,-0.00301087648309109,-0.0023009985666685,-0.0023009985666685
2.384,0.0605958203349418,-0.00300248333908548,-0.0022935757811133,-0.0022935757811133
2.385,0.0604240306110123,-0.00299411307681103,-0.00228617694889358,-0.00228617694889358
2.386,0.0602527198137157,-0.00298576563578507,-0.00227880199268547,-0.00227880199268547
2.387,0.0600818866372195,-0.00297744095567764,-0.00227145083541481,-0.00227145083541481
2.388,0.0599115297791441,-0.00296913897631113,-0.00226412340025635,-0.00226412340025635
2.389,0.0597416479405529,-0.00296085963765995,-0.00225681961063289,-0.00225681961063289
2.39,0.0595722398259447,-0.00295260287985013,-0.00224953939021453,-0.00224953939021453
2.391,0.0594033041432442,-0.00294436864315903,-0.00224228266291786,-0.00224228266291786
2.392,0.0592348396037935,-0.0029361568680149,-0.00223504935290517,-0.00223504935290517
2.393,0.0590668449223439,-0.0029279674949966,-0.0022278393845836,-0.0022278393845836
2.394,0.0588993188170469,-0.00291980046483321,-0.00222065268260446,-0.00222065268260446
2.395,0.0587322600094455,-0.0029116557184037,-0.00221348917186232,-0.00221348917186232
2.396,0.0585656672244659,-0.00290353319673653,-0.00220634877749429,-0.00220634877749429
2.397,0.0583995391904089,-0.00289543284100935,-0.00219923142487927,-0.00219923142487927
2.398,0.0582338746389414,-0.00288735459254865,-0.00219213703963707,-0.00219213703963707
2.399,0.0580686723050876,-0.00287929839282936,-0.00218506554762772,-0.00218506554762772
2.4,0.0579039309272207,-0.00287126418347454,-0.00217801687495064,-0.00217801687495064
2.401,0.0577396492470544,-0.00286325190625504,-0.00217099094794391,-0.00217099094794391
2.402,0.0575758260096346,-0.00285526150308912,-0.00216398769318346,-0.00216398769318346
2.403,0.0574124599633309,-0.00284729291604213,-0.00215700703748233,-0.00215700703748233
2.404,0.0572495498598278,-0.00283934608732614,-0.00215004890788989,-0.00215004890788989
2.405,0.0570870944541167,-0.0028314209592996,-0.00214311323169106,-0.00214311323169106
2.406,0.0569250925044878,-0.00282351747446704,-0.0021361999364056,-0.0021361999364056
2.407,0.0567635427725208,-0.00281563557547866,-0.0021293089497873,-0.0021293089497873
2.408,0.0566024440230775,-0.00280777520513,-0.00212244019982323,-0.00212244019982323
2.409,0.056441795024293,-0.00279993630636164,-0.00211559361473305,-0.00211559361473305
2.41,0.0562815945475676,-0.00279211882225883,-0.00210876912296815,-0.00210876912296815
2.411,0.0561218413675584,-0.00278432269605112,-0.00210196665321099,-0.00210196665321099
2.412,0.055962534262171,-0.00277654787111207,-0.00209518613437433,-0.00209518613437433
2.413,0.0558036720125513,-0.00276879429095889,-0.00208842749560047,-0.00208842749560047
2.414,0.0556452534030777,-0.00276106189925208,-0.00208169066626051,-0.00208169066626051
2.415,0.0554872772213521,-0.00275335063979513,-0.00207497557595364,-0.00207497557595364
2.416,0.0553297422581923,-0.00274566045653416,-0.00206828215450635,-0.00206828215450635
2.417,0.0551726473076236,-0.00273799129355756,-0.00206161033197176,-0.00206161033197176
2.418,0.0550159911668708,-0.0027303430950957,-0.00205496003862884,-0.00205496003862884
2.419,0.05485977263635,-0.00272271580552058,-0.00204833120498171,-0.00204833120498171
2.42,0.0547039905196605,-0.00271510936934547,-0.00204172376175888,-0.00204172376175888
2.421,0.0545486436235766,-0.0027075237312246,-0.00203513763991255,-0.00203513763991255
2.422,0.0543937307580399,-0.00269995883595282,-0.0020285727706179,-0.0020285727706179
2.423,0.0542392507361508,-0.00269241462846527,-0.00202202908527232,-0.00202202908527232
2.424,0.0540852023741607,-0.00268489105383702,-0.00201550651549476,-0.00201550651549476
2.425,0.053931584491464,-0.0026773880572828,-0.00200900499312495,-0.00200900499312495
2.426,0.0537783959105901,-0.00266990558415662,-0.00200252445022271,-0.00200252445022271
2.427,0.0536256354571953,-0.00266244357995143,-0.00199606481906728,-0.00199606481906728
2.428,0.0534733019600551,-0.00265500199029883,-0.00198962603215655,-0.00198962603215655
2.429,0.0533213942510559,-0.00264758076096872,-0.00198320802220636,-0.00198320802220636
2.43,0.0531699111651876,-0.00264017983786898,-0.00197681072214986,-0.00197681072214986
2.431,0.0530188515405352,-0.00263279916704512,-0.00197043406513673,-0.00197043406513673
2.432,0.052868214218271,-0.00262543869468,-0.00196407798453253,-0.00196407798453253
2.433,0.0527179980426473,-0.00261809836709344,-0.00195774241391796,-0.00195774241391796
2.434,0.0525682018609876,-0.00261077813074195,-0.00195142728708822,-0.00195142728708822
2.435,0.0524188245236799,-0.00260347793221838,-0.00194513253805229,-0.00194513253805229
2.436,0.0522698648841677,-0.0025961977182516,-0.00193885810103221,-0.00193885810103221
2.437,0.0521213217989432,-0.00258893743570618,-0.00193260391046243,-0.00193260391046243
2.438,0.0519731941275391,-0.00258169703158205,-0.00192636990098913,-0.00192636990098913
2.439,0.0518254807325208,-0.00257447645301421,-0.00192015600746951,-0.00192015600746951
2.44,0.0516781804794789,-0.00256727564727237,-0.00191396216497111,-0.00191396216497111
2.441,0.0515312922370214,-0.00256009456176067,-0.00190778830877113,-0.00190778830877113
2.442,0.0513848148767657,-0.00255293314401733,-0.0019016343743558,-0.0019016343743558
2.443,0.0512387472733316,-0.00254579134171434,-0.00189550029741962,-0.00189550029741962
2.444,0.0510930883043329,-0.00253866910265713,-0.00188938601386477,-0.00188938601386477
2.445,0.0509478368503705,-0.00253156637478429,-0.00188329145980036,-0.00188329145980036
2.446,0.0508029917950238,-0.00252448310616721,-0.00187721657154186,-0.00187721657154186
2.447,0.0506585520248444,-0.00251741924500977,-0.00187116128561033,-0.00187116128561033
2.448,0.0505145164293473,-0.00251037473964805,-0.00186512553873181,-0.00186512553873181
2.449,0.050370883901004,-0.00250334953854999,-0.00185910926783669,-0.00185910926783669
2.45,0.0502276533352348,-0.00249634359031509,-0.00185311241005896,-0.00185311241005896
2.451,0.0500848236304014,-0.00248935684367407,-0.00184713490273562,-0.00184713490273562
2.452,0.0499423936877991,-0.0024823892474886,-0.00184117668340604,-0.00184117668340604
2.453,0.0498003624116494,-0.00247544075075096,-0.00183523768981122,-0.00183523768981122
2.454,0.0496587287090928,-0.0024685113025837,-0.00182931785989322,-0.00182931785989322
2.455,0.049517491490181,-0.0024616008522394,-0.00182341713179449,-0.00182341713179449
2.456,0.0493766496678696,-0.0024547093491003,-0.00181753544385722,-0.00181753544385722
2.457,0.0492362021580108,-0.002447836742678,-0.00181167273462266,-0.00181167273462266
2.458,0.0490961478793457,-0.00244098298261317,-0.00180582894283053,-0.00180582894283053
2.459,0.0489564857534973,-0.00243414801867524,-0.00180000400741836,-0.00180000400741836
2.46,0.0488172147049627,-0.00242733180076207,-0.00179419786752083,-0.00179419786752083
2.461,0.048678333661106,-0.00242053427889965,-0.00178841046246917,-0.00178841046246917
2.462,0.048539841552151,-0.0024137554032418,-0.0017826417317905,-0.0017826417317905
2.463,0.048401737311174,-0.00240699512406988,-0.00177689161520719,-0.00177689161520719
2.464,0.048264019874096,-0.00240025339179244,-0.00177116005263625,-0.00177116005263625
2.465,0.0481266881796759,-0.00239353015694497,-0.00176544698418872,-0.00176544698418872
2.466,0.0479897411695029,-0.00238682537018953,-0.00175975235016897,-0.00175975235016897
2.467,0.0478531777879899,-0.00238013898231451,-0.00175407609107415,-0.00175407609107415
2.468,0.0477169969823654,-0.00237347094423431,-0.00174841814759354,-0.00174841814759354
2.469,0.0475811977026667,-0.002366821206989,-0.00174277846060793,-0.00174277846060793
2.47,0.0474457789017328,-0.00236018972174406,-0.00173715697118899,-0.00173715697118899
2.471,0.0473107395351973,-0.00235357643979008,-0.00173155362059868,-0.00173155362059868
2.472,0.0471760785614807,-0.00234698131254241,-0.0017259683502886,-0.0017259683502886
2.473,0.047041794941784,-0.00234040429154094,-0.00172040110189941,-0.00172040110189941
2.474,0.0469078876400809,-0.00233384532844971,-0.0017148518172602,-0.0017148518172602
2.475,0.0467743556231112,-0.0023273043750567,-0.0017093204383879,-0.0017093204383879
2.476,0.0466411978603733,-0.00232078138327346,-0.00170380690748664,-0.00170380690748664
2.477,0.0465084133241176,-0.00231427630513487,-0.00169831116694718,-0.00169831116694718
2.478,0.0463760009893389,-0.00230778909279878,-0.0016928331593463,-0.0016928331593463
2.479,0.0462439598337699,-0.00230131969854579,-0.00168737282744618,-0.00168737282744618
2.48,0.0461122888378737,-0.0022948680747789,-0.00168193011419382,-0.00168193011419382
2.481,0.0459809869848371,-0.00228843417402321,-0.00167650496272043,-0.00167650496272043
2.482,0.0458500532605635,-0.00228201794892568,-0.00167109731634085,-0.00167109731634085
2.483,0.0457194866536659,-0.00227561935225478,-0.00166570711855294,-0.00166570711855294
2.484,0.0455892861554602,-0.00226923833690024,-0.00166033431303701,-0.00166033431303701
2.485,0.0454594507599577,-0.00226287485587272,-0.00165497884365521,-0.00165497884365521
2.486,0.0453299794638588,-0.00225652886230355,-0.00164964065445094,-0.00164964065445094
2.487,0.0452008712665458,-0.00225020030944441,-0.00164431968964831,-0.00164431968964831
2.488,0.045072125170076,-0.00224388915066709,-0.00163901589365147,-0.00163901589365147
2.489,0.0449437401791748,-0.00223759533946312,-0.00163372921104413,-0.00163372921104413
2.49,0.0448157153012289,-0.00223131882944356,-0.0016284595865889,-0.0016284595865889
2.491,0.0446880495462798,-0.00222505957433867,-0.00162320696522675,-0.00162320696522675
2.492,0.0445607419270163,-0.00221881752799763,-0.00161797129207643,-0.00161797129207643
2.493,0.044433791458768,-0.00221259264438826,-0.0016127525124339,-0.0016127525124339
2.494,0.0443071971594989,-0.00220638487759671,-0.00160755057177173,-0.00160755057177173
2.495,0.0441809580498,-0.00220019418182723,-0.00160236541573856,-0.00160236541573856
2.496,0.0440550731528829,-0.00219402051140179,-0.00159719699015851,-0.00159719699015851
2.497,0.0439295414945732,-0.00218786382075991,-0.00159204524103065,-0.00159204524103065
2.498,0.0438043621033031,-0.00218172406445827,-0.00158691011452837,-0.00158691011452837
2.499,0.0436795340101056,-0.00217560119717051,-0.00158179155699889,-0.00158179155699889
2.5,0.0435550562486072,-0.00216949517368689,-0.00157668951496266,-0.00157668951496266
2.501,0.0434309278550214,-0.00216340594891404,-0.00157160393511278,-0.00157160393511278
2.502,0.043307147868142,-0.00215733347787466,-0.00156653476431448,-0.00156653476431448
2.503,0.0431837153293365,-0.00215127771570724,-0.00156148194960457,-0.00156148194960457
2.504,0.0430606292825395,-0.00214523861766582,-0.00155644543819084,-0.00155644543819084
2.505,0.0429378887742461,-0.00213921613911964,-0.00155142517745155,-0.00155142517745155
2.506,0.0428154928535051,-0.00213321023555291,-0.00154642111493486,-0.00154642111493486
2.507,0.0426934405719128,-0.00212722086256453,-0.00154143319835827,-0.00154143319835827
2.508,0.0425717309836059,-0.00212124797586778,-0.00153646137560812,-0.00153646137560812
2.509,0.0424503631452557,-0.00211529153129007,-0.00153150559473898,-0.00153150559473898
2.51,0.0423293361160607,-0.00210935148477268,-0.00152656580397316,-0.00152656580397316
2.511,0.0422086489577409,-0.00210342779237043,-0.00152164195170015,-0.00152164195170015
2.512,0.0420883007345306,-0.00209752041025145,-0.00151673398647607,-0.00151673398647607
2.513,0.0419682905131725,-0.00209162929469689,-0.00151184185702312,-0.00151184185702312
2.514,0.0418486173629109,-0.00208575440210064,-0.0015069655122291,-0.0015069655122291
2.515,0.0417292803554851,-0.00207989568896907,-0.00150210490114683,-0.00150210490114683
2.516,0.0416102785651237,-0.00207405311192075,-0.00149725997299359,-0.00149725997299359
2.517,0.041491611068537,-0.00206822662768616,-0.00149243067715068,-0.00149243067715068
2.518,0.0413732769449119,-0.00206241619310745,-0.00148761696316277,-0.00148761696316277
2.519,0.0412552752759044,-0.00205662176513815,-0.00148281878073751,-0.00148281878073751
2.52,0.0411376051456339,-0.00205084330084291,-0.00147803607974486,-0.00147803607974486
2.521,0.0410202656406766,-0.0020450807573972,-0.00147326881021668,-0.00147326881021668
2.522,0.0409032558500593,-0.00203933409208709,-0.00146851692234615,-0.00146851692234615
2.523,0.0407865748652528,-0.00203360326230894,-0.00146378036648727,-0.00146378036648727
2.524,0.0406702217801659,-0.00202788822556914,-0.00145905909315432,-0.00145905909315432
2.525,0.0405541956911388,-0.00202218893948386,-0.00145435305302136,-0.00145435305302136
2.526,0.040438495696937,-0.00201650536177876,-0.0014496621969217,-0.0014496621969217
2.527,0.0403231208987453,-0.00201083745028873,-0.00144498647584742,-0.00144498647584742
2.528,0.0402080704001608,-0.00200518516295765,-0.00144032584094881,-0.00144032584094881
2.529,0.0400933433071876,-0.00199954845783808,-0.00143568024353389,-0.00143568024353389
2.53,0.0399789387282296,-0.00199392729309103,-0.00143104963506787,-0.00143104963506787
2.531,0.0398648557740852,-0.00198832162698567,-0.0014264339671727,-0.0014264339671727
2.532,0.0397510935579406,-0.00198273141789909,-0.0014218331916265,-0.0014218331916265
2.533,0.0396376511953636,-0.00197715662431602,-0.00141724726036311,-0.00141724726036311
2.534,0.0395245278042977,-0.00197159720482858,-0.00141267612547151,-0.00141267612547151
2.535,0.0394117225050559,-0.00196605311813601,-0.00140811973919542,-0.00140811973919542
2.536,0.0392992344203143,-0.00196052432304441,-0.00140357805393274,-0.00140357805393274
2.537,0.0391870626751062,-0.00195501077846646,-0.00139905102223503,-0.00139905102223503
2.538,0.0390752063968162,-0.00194951244342121,-0.00139453859680707,-0.00139453859680707
2.539,0.0389636647151737,-0.00194402927703377,-0.00139004073050635,-0.00139004073050635
2.54,0.0388524367622471,-0.00193856123853508,-0.00138555737634254,-0.00138555737634254
2.541,0.0387415216724376,-0.00193310828726164,-0.00138108848747703,-0.00138108848747703
2.542,0.0386309185824732,-0.00192767038265523,-0.00137663401722247,-0.00137663401722247
2.543,0.038520626631403,-0.00192224748426272,-0.0013721939190422,-0.0013721939190422
2.544,0.0384106449605905,-0.00191683955173574,-0.00136776814654984,-0.00136776814654984
2.545,0.0383009727137082,-0.00191144654483045,-0.00136335665350876,-0.00136335665350876
2.546,0.0381916090367314,-0.0019060684234073,-0.00135895939383161,-0.00135895939383161
2.547,0.0380825530779323,-0.00190070514743077,-0.00135457632157986,-0.00135457632157986
2.548,0.0379738039878739,-0.00189535667696908,-0.00135020739096327,-0.00135020739096327
2.549,0.037865360919404,-0.00189002297219398,-0.00134585255633946,-0.00134585255633946
2.55,0.0377572230276498,-0.00188470399338049,-0.00134151177221341,-0.00134151177221341
2.551,0.0376493894700113,-0.00187939970090662,-0.00133718499323697,-0.00133718499323697
2.552,0.037541859406156,-0.00187411005525315,-0.00133287217420841,-0.00133287217420841
2.553,0.0374346319980124,-0.00186883501700335,-0.00132857327007195,-0.00132857327007195
2.554,0.0373277064097649,-0.00186357454684275,-0.00132428823591725,-0.00132428823591725
2.555,0.0372210818078472,-0.00185832860555887,-0.00132001702697901,-0.00132001702697901
2.556,0.0371147573609369,-0.001853097154041,-0.00131575959863642,-0.00131575959863642
2.557,0.0370087322399496,-0.00184788015327991,-0.00131151590641275,-0.00131151590641275
2.558,0.036903005618033,-0.00184267756436765,-0.00130728590597485,-0.00130728590597485
2.559,0.0367975766705613,-0.00183748934849724,-0.00130306955313274,-0.00130306955313274
2.56,0.0366924445751292,-0.00183231546696249,-0.00129886680383907,-0.00129886680383907
2.561,0.036587608511546,-0.0018271558811577,-0.00129467761418873,-0.00129467761418873
2.562,0.0364830676618306,-0.00182201055257743,-0.00129050194041834,-0.00129050194041834
2.563,0.0363788212102047,-0.00181687944281627,-0.00128633973890582,-0.00128633973890582
2.564,0.0362748683430878,-0.00181176251356857,-0.00128219096616994,-0.00128219096616994
2.565,0.0361712082490916,-0.0018066597266282,-0.00127805557886983,-0.00127805557886983
2.566,0.0360678401190134,-0.00180157104388833,-0.00127393353380456,-0.00127393353380456
2.567,0.0359647631458315,-0.00179649642734115,-0.00126982478791269,-0.00126982478791269
2.568,0.035861976524699,-0.00179143583907765,-0.00126572929827177,-0.00126572929827177
2.569,0.035759479452938,-0.00178638924128737,-0.00126164702209796,-0.00126164702209796
2.57,0.0356572711300343,-0.00178135659625814,-0.00125757791674554,-0.00125757791674554
2.571,0.0355553507576315,-0.00177633786637589,-0.00125352193970648,-0.00125352193970648
2.572,0.0354537175395258,-0.00177133301412435,-0.00124947904860996,-0.00124947904860996
2.573,0.03535237068166,-0.00176634200208485,-0.00124544920122199,-0.00124544920122199
2.574,0.0352513093921178,-0.00176136479293603,-0.00124143235544492,-0.00124143235544492
2.575,0.0351505328811188,-0.00175640134945368,-0.00123742846931701,-0.00123742846931701
2.576,0.0350500403610125,-0.00175145163451042,-0.00123343750101199,-0.00123343750101199
2.577,0.0349498310462728,-0.00174651561107552,-0.00122945940883865,-0.00122945940883865
2.578,0.0348499041534927,-0.00174159324221462,-0.00122549415124036,-0.00122549415124036
2.579,0.0347502589013784,-0.0017366844910895,-0.00122154168679466,-0.00122154168679466
2.58,0.0346508945107443,-0.0017317893209579,-0.00121760197421283,-0.00121760197421283
2.581,0.0345518102045071,-0.00172690769517319,-0.00121367497233944,-0.00121367497233944
2.582,0.0344530052076803,-0.00172203957718419,-0.00120976064015193,-0.00120976064015193
2.583,0.0343544787473692,-0.00171718493053495,-0.0012058589367602,-0.0012058589367602
2.584,0.0342562300527649,-0.00171234371886446,-0.00120196982140614,-0.00120196982140614
2.585,0.0341582583551393,-0.00170751590590647,-0.00119809325346323,-0.00119809325346323
2.586,0.0340605628878395,-0.00170270145548921,-0.00119422919243614,-0.00119422919243614
2.587,0.033963142886282,-0.0016979003315352,-0.00119037759796025,-0.00119037759796025
2.588,0.0338659975879483,-0.00169311249806098,-0.00118653842980125,-0.00118653842980125
2.589,0.0337691262323786,-0.0016883379191769,-0.00118271164785476,-0.00118271164785476
2.59,0.0336725280611666,-0.00168357655908689,-0.00117889721214585,-0.00117889721214585
2.591,0.0335762023179544,-0.00167882838208821,-0.00117509508282865,-0.00117509508282865
2.592,0.0334801482484273,-0.00167409335257123,-0.00117130522018593,-0.00117130522018593
2.593,0.0333843651003079,-0.00166937143501921,-0.0011675275846287,-0.0011675275846287
2.594,0.0332888521233512,-0.00166466259400805,-0.00116376213669577,-0.00116376213669577
2.595,0.0331936085693393,-0.00165996679420607,-0.00116000883705334,-0.00116000883705334
2.596,0.0330986336920758,-0.00165528400037379,-0.00115626764649462,-0.00115626764649462
2.597,0.033003926747381,-0.00165061417736369,-0.00115253852593937,-0.00115253852593937
2.598,0.0329094869930861,-0.00164595729011999,-0.00114882143643355,-0.00114882143643355
2.599,0.0328153136890285,-0.00164131330367842,-0.00114511633914885,-0.00114511633914885
2.6,0.0327214060970461,-0.00163668218316599,-0.00114142319538234,-0.00114142319538234
2.601,0.0326277634809723,-0.00163206389380077,-0.00113774196655601,-0.00113774196655601
2.602,0.0325343851066309,-0.00162745840089164,-0.00113407261421644,-0.00113407261421644
2.603,0.0324412702418305,-0.00162286566983813,-0.0011304151000343,-0.0011304151000343
2.604,0.0323484181563597,-0.00161828566613012,-0.00112676938580405,-0.00112676938580405
2.605,0.0322558281219819,-0.00161371835534764,-0.00112313543344347,-0.00112313543344347
2.606,0.03216349941243,-0.00160916370316069,-0.0011195132049933,-0.0011195132049933
2.607,0.032071431303401,-0.00160462167532895,-0.0011159026626168,-0.0011159026626168
2.608,0.0319796230725517,-0.0016000922377016,-0.00111230376859941,-0.00111230376859941
2.609,0.0318880739994925,-0.00159557535621709,-0.00110871648534832,-0.00110871648534832
2.61,0.0317967833657833,-0.00159107099690291,-0.00110514077539208,-0.00110514077539208
2.611,0.0317057504549274,-0.00158657912587537,-0.00110157660138021,-0.00110157660138021
2.612,0.0316149745523676,-0.00158209970933939,-0.00109802392608284,-0.00109802392608284
2.613,0.0315244549454799,-0.00157763271358828,-0.00109448271239024,-0.00109448271239024
2.614,0.0314341909235694,-0.0015731781050035,-0.00109095292331254,-0.00109095292331254
2.615,0.0313441817778647,-0.00156873585005447,-0.00108743452197925,-0.00108743452197925
2.616,0.0312544268015131,-0.00156430591529833,-0.00108392747163892,-0.00108392747163892
2.617,0.0311649252895756,-0.00155988826737972,-0.00108043173565877,-0.00108043173565877
2.618,0.0310756765390216,-0.00155548287303058,-0.00107694727752425,-0.00107694727752425
2.619,0.0309866798487243,-0.00155108969906993,-0.00107347406083872,-0.00107347406083872
2.62,0.0308979345194556,-0.00154670871240364,-0.00107001204932302,-0.00107001204932302
2.621,0.0308094398538809,-0.00154233988002422,-0.00106656120681512,-0.00106656120681512
2.622,0.0307211951565544,-0.00153798316901062,-0.00106312149726974,-0.00106312149726974
2.623,0.030633199733914,-0.00153363854652798,-0.00105969288475797,-0.00105969288475797
2.624,0.0305454528942766,-0.00152930597982745,-0.00105627533346688,-0.00105627533346688
2.625,0.030457953947833,-0.00152498543624596,-0.00105286880769915,-0.00105286880769915
2.626,0.0303707022066426,-0.00152067688320601,-0.00104947327187274,-0.00104947327187274
2.627,0.0302836969846294,-0.00151638028821546,-0.00104608869052042,-0.00104608869052042
2.628,0.0301969375975765,-0.00151209561886731,-0.00104271502828952,-0.00104271502828952
2.629,0.0301104233631212,-0.00150782284283948,-0.00103935224994147,-0.00103935224994147
2.63,0.0300241536007503,-0.00150356192789463,-0.00103600032035146,-0.00103600032035146
2.631,0.0299381276317954,-0.00149931284187991,-0.00103265920450809,-0.00103265920450809
2.632,0.0298523447794279,-0.00149507555272678,-0.00102932886751297,-0.00102932886751297
2.633,0.029766804368654,-0.00149085002845079,-0.00102600927458039,-0.00102600927458039
2.634,0.0296815057263102,-0.00148663623715136,-0.00102270039103692,-0.00102270039103692
2.635,0.0295964481810584,-0.00148243414701157,-0.00101940218232109,-0.00101940218232109
2.636,0.0295116310633809,-0.00147824372629798,-0.00101611461398299,-0.00101611461398299
2.637,0.0294270537055761,-0.0014740649433604,-0.00101283765168393,-0.00101283765168393
2.638,0.0293427154417532,-0.00146989776663166,-0.00100957126119607,-0.00100957126119607
2.639,0.0292586156078278,-0.00146574216462746,-0.00100631540840206,-0.00100631540840206
2.64,0.029174753541517,-0.00146159810594611,-0.00100307005929472,-0.00100307005929472
2.641,0.0290911285823347,-0.00145746555926834,-0.000999835179976628,-0.000999835179976628
2.642,0.029007740071587,-0.00145334449335712,-0.000996610736659801,-0.000996610736659801
2.643,0.0289245873523674,-0.00144923487705741,-0.000993396695665335,-0.000993396695665335
2.644,0.0288416697695519,-0.00144513667929598,-0.00099019302342305,-0.00099019302342305
2.645,0.0287589866697949,-0.00144104986908122,-0.000986999686471139,-0.000986999686471139
2.646,0.0286765374015237,-0.0014369744155029,-0.000983816651455817,-0.000983816651455817
2.647,0.0285943213149347,-0.00143291028773199,-0.000980643885130974,-0.000980643885130974
2.648,0.0285123377619882,-0.00142885745502047,-0.000977481354357832,-0.000977481354357832
2.649,0.0284305860964038,-0.00142481588670109,-0.000974329026104588,-0.000974329026104588
2.65,0.028349065673656,-0.00142078555218719,-0.000971186867446083,-0.000971186867446083
2.651,0.0282677758509696,-0.0014167664209725,-0.000968054845563435,-0.000968054845563435
2.652,0.0281867159873147,-0.00141275846263094,-0.000964932927743719,-0.000964932927743719
2.653,0.0281058854434027,-0.0014087616468164,-0.000961821081379615,-0.000961821081379615
2.654,0.0280252835816813,-0.00140477594326258,-0.000958719273969065,-0.000958719273969065
2.655,0.0279449097663298,-0.00140080132178273,-0.000955627473114935,-0.000955627473114935
2.656,0.0278647633632553,-0.00139683775226951,-0.00095254564652468,-0.00095254564652468
2.657,0.0277848437400872,-0.00139288520469476,-0.000949473762010001,-0.000949473762010001
2.658,0.0277051502661733,-0.00138894364910931,-0.000946411787486508,-0.000946411787486508
2.659,0.0276256823125752,-0.00138501305564277,-0.000943359690973386,-0.000943359690973386
2.66,0.0275464392520636,-0.00138109339450336,-0.000940317440593067,-0.000940317440593067
2.661,0.0274674204591138,-0.00137718463597767,-0.000937285004570885,-0.000937285004570885
2.662,0.0273886253099015,-0.0013732867504305,-0.000934262351234755,-0.000934262351234755
2.663,0.0273100531822979,-0.00136939970830467,-0.000931249449014829,-0.000931249449014829
2.664,0.0272317034558658,-0.00136552348012079,-0.000928246266443181,-0.000928246266443181
2.665,0.0271535755118546,-0.00136165803647707,-0.000925252772153461,-0.000925252772153461
2.666,0.027075668733196,-0.00135780334804917,-0.000922268934880583,-0.000922268934880583
2.667,0.0269979825044998,-0.00135395938558993,-0.000919294723460383,-0.000919294723460383
2.668,0.0269205162120493,-0.00135012611992927,-0.000916330106829316,-0.000916330106829316
2.669,0.026843269243797,-0.00134630352197389,-0.0009133750540241,-0.0009133750540241
2.67,0.02676624098936,-0.00134249156270718,-0.000910429534181417,-0.000910429534181417
2.671,0.0266894308400157,-0.00133869021318894,-0.000907493516537575,-0.000907493516537575
2.672,0.0266128381886976,-0.00133489944455527,-0.0009045669704282,-0.0009045669704282
2.673,0.0265364624299908,-0.00133111922801829,-0.000901649865287905,-0.000901649865287905
2.674,0.0264603029601275,-0.00132734953486604,-0.000898742170649969,-0.000898742170649969
2.675,0.0263843591769829,-0.00132359033646221,-0.000895843856146029,-0.000895843856146029
2.676,0.0263086304800709,-0.001319841604246,-0.000892954891505756,-0.000892954891505756
2.677,0.0262331162705394,-0.00131610330973191,-0.000890075246556534,-0.000890075246556534
2.678,0.0261578159511664,-0.00131237542450956,-0.00088720489122315,-0.00088720489122315
2.679,0.0260827289263555,-0.00130865792024348,-0.000884343795527478,-0.000884343795527478
2.68,0.0260078546021319,-0.00130495076867296,-0.00088149192958817,-0.00088149192958817
2.681,0.0259331923861374,-0.00130125394161183,-0.000878649263620338,-0.000878649263620338
2.682,0.025858741687627,-0.00129756741094826,-0.000875815767935238,-0.000875815767935238
2.683,0.025784501917464,-0.00129389114864464,-0.000872991412939974,-0.000872991412939974
2.684,0.0257104724881165,-0.0012902251267373,-0.00087017616913717,-0.00087017616913717
2.685,0.025636652813652,-0.0012865693173364,-0.000867370007124687,-0.000867370007124687
2.686,0.0255630423097345,-0.0012829236926257,-0.00086457289759528,-0.00086457289759528
2.687,0.0254896403936191,-0.00127928822486241,-0.000861784811336329,-0.000861784811336329
2.688,0.0254164464841487,-0.00127566288637697,-0.000859005719229502,-0.000859005719229502
2.689,0.0253434600017494,-0.00127204764957288,-0.000856235592250478,-0.000856235592250478
2.69,0.0252706803684264,-0.00126844248692651,-0.000853474401468617,-0.000853474401468617
2.691,0.0251981070077596,-0.00126484737098694,-0.000850722118046678,-0.000850722118046678
2.692,0.0251257393448998,-0.00126126227437575,-0.000847978713240504,-0.000847978713240504
2.693,0.0250535768065644,-0.00125768716978684,-0.000845244158398741,-0.000845244158398741
2.694,0.0249816188210333,-0.00125412202998627,-0.000842518424962507,-0.000842518424962507
2.695,0.0249098648181446,-0.00125056682781203,-0.000839801484465117,-0.000839801484465117
2.696,0.0248383142292907,-0.00124702153617393,-0.000837093308531782,-0.000837093308531782
2.697,0.024766966487414,-0.00124348612805336,-0.000834393868879308,-0.000834393868879308
2.698,0.024695821027003,-0.00123996057650311,-0.000831703137315799,-0.000831703137315799
2.699,0.0246248772840882,-0.00123644485464725,-0.000829021085740372,-0.000829021085740372
2.7,0.0245541346962377,-0.00123293893568086,-0.000826347686142846,-0.000826347686142846
2.701,0.0244835927025537,-0.00122944279286993,-0.000823682910603468,-0.000823682910603468
2.702,0.0244132507436677,-0.00122595639955114,-0.000821026731292602,-0.000821026731292602
2.703,0.0243431082617374,-0.0012224797291317,-0.000818379120470458,-0.000818379120470458
2.704,0.0242731647004415,-0.00121901275508915,-0.000815740050486785,-0.000815740050486785
2.705,0.024203419504977,-0.00121555545097119,-0.000813109493780592,-0.000813109493780592
2.706,0.0241338721220539,-0.00121210779039552,-0.00081048742287986,-0.00081048742287986
2.707,0.0240645219998923,-0.00120866974704965,-0.00080787381040124,-0.00080787381040124
2.708,0.0239953685882174,-0.00120524129469071,-0.000805268629049788,-0.000805268629049788
2.709,0.0239264113382565,-0.00120182240714531,-0.000802671851618665,-0.000802671851618665
2.71,0.0238576497027342,-0.00119841305830932,-0.000800083450988861,-0.000800083450988861
2.711,0.0237890831358689,-0.00119501322214772,-0.000797503400128902,-0.000797503400128902
2.712,0.0237207110933686,-0.00119162287269444,-0.000794931672094569,-0.000794931672094569
2.713,0.0236525330324274,-0.00118824198405215,-0.000792368240028637,-0.000792368240028637
2.714,0.0235845484117209,-0.0011848705303921,-0.000789813077160559,-0.000789813077160559
2.715,0.0235167566914027,-0.00118150848595396,-0.000787266156806208,-0.000787266156806208
2.716,0.0234491573331006,-0.00117815582504563,-0.000784727452367601,-0.000784727452367601
2.717,0.0233817497999122,-0.00117481252204307,-0.000782196937332608,-0.000782196937332608
2.718,0.0233145335564015,-0.00117147855139016,-0.000779674585274681,-0.000779674585274681
2.719,0.0232475080685948,-0.00116815388759845,-0.00077716036985258,-0.00077716036985258
2.72,0.0231806728039767,-0.00116483850524706,-0.000774654264810089,-0.000774654264810089
2.721,0.0231140272314866,-0.00116153237898251,-0.000772156243975752,-0.000772156243975752
2.722,0.0230475708215144,-0.00115823548351849,-0.000769666281262595,-0.000769666281262595
2.723,0.0229813030458972,-0.00115494779363573,-0.000767184350667851,-0.000767184350667851
2.724,0.0229152233779146,-0.00115166928418184,-0.000764710426272688,-0.000764710426272688
2.725,0.0228493312922861,-0.00114839993007111,-0.000762244482241945,-0.000762244482241945
2.726,0.0227836262651659,-0.00114513970628437,-0.000759786492823848,-0.000759786492823848
2.727,0.0227181077741404,-0.0011418885878688,-0.000757336432349759,-0.000757336432349759
2.728,0.0226527752982234,-0.00113864654993776,-0.000754894275233888,-0.000754894275233888
2.729,0.0225876283178529,-0.00113541356767064,-0.000752459995973047,-0.000752459995973047
2.73,0.0225226663148869,-0.00113218961631269,-0.000750033569146363,-0.000750033569146363
2.731,0.0224578887726003,-0.00112897467117482,-0.00074761496941502,-0.00074761496941502
2.732,0.0223932951756801,-0.00112576870763349,-0.000745204171521998,-0.000745204171521998
2.733,0.0223288850102229,-0.00112257170113049,-0.00074280115029181,-0.00074280115029181
2.734,0.0222646577637299,-0.00111938362717281,-0.000740405880630226,-0.000740405880630226
2.735,0.0222006129251043,-0.00111620446133244,-0.000738018337524025,-0.000738018337524025
2.736,0.0221367499846467,-0.00111303417924625,-0.000735638496040722,-0.000735638496040722
2.737,0.0220730684340519,-0.0011098727566158,-0.000733266331328319,-0.000733266331328319
2.738,0.0220095677664051,-0.00110672016920715,-0.000730901818615036,-0.000730901818615036
2.739,0.0219462474761781,-0.00110357639285074,-0.000728544933209055,-0.000728544933209055
2.74,0.0218831070592256,-0.00110044140344121,-0.00072619565049826,-0.00072619565049826
2.741,0.0218201460127817,-0.00109731517693724,-0.000723853945949983,-0.000723853945949983
2.742,0.0217573638354561,-0.00109419768936136,-0.000721519795110747,-0.000721519795110747
2.743,0.0216947600272305,-0.00109108891679982,-0.000719193173606006,-0.000719193173606006
2.744,0.0216323340894548,-0.00108798883540243,-0.000716874057139893,-0.000716874057139893
2.745,0.0215700855248439,-0.00108489742138238,-0.000714562421494974,-0.000714562421494974
2.746,0.0215080138374736,-0.00108181465101607,-0.000712258242531975,-0.000712258242531975
2.747,0.021446118532777,-0.00107874050064297,-0.000709961496189548,-0.000709961496189548
2.748,0.0213843991175412,-0.00107567494666546,-0.000707672158484012,-0.000707672158484012
2.749,0.0213228550999036,-0.00107261796554866,-0.000705390205509105,-0.000705390205509105
2.75,0.0212614859893482,-0.00106956953382027,-0.000703115613435727,-0.000703115613435727
2.751,0.0212002912967021,-0.0010665296280704,-0.000700848358511701,-0.000700848358511701
2.752,0.0211392705341318,-0.00106349822495146,-0.000698588417061516,-0.000698588417061516
2.753,0.0210784232151398,-0.00106047530117793,-0.000696335765486086,-0.000696335765486086
2.754,0.0210177488545611,-0.00105746083352624,-0.000694090380262497,-0.000694090380262497
2.755,0.0209572469685593,-0.00105445479883463,-0.00069185223794377,-0.00069185223794377
2.756,0.0208969170746235,-0.00105145717400296,-0.0006896213151586,-0.0006896213151586
2.757,0.0208367586915646,-0.00104846793599256,-0.000687397588611132,-0.000687397588611132
2.758,0.0207767713395116,-0.00104548706182608,-0.0006851810350807,-0.0006851810350807
2.759,0.0207169545399083,-0.00104251452858732,-0.000682971631421593,-0.000682971631421593
2.76,0.0206573078155098,-0.00103955031342112,-0.000680769354562817,-0.000680769354562817
2.761,0.0205978306903791,-0.00103659439353313,-0.00067857418150784,-0.00067857418150784
2.762,0.0205385226898832,-0.00103364674618971,-0.000676386089334366,-0.000676386089334366
2.763,0.02047938334069,-0.00103070734871776,-0.000674205055194078,-0.000674205055194078
2.764,0.0204204121707648,-0.00102777617850456,-0.000672031056312424,-0.000672031056312424
2.765,0.0203616087093669,-0.00102485321299762,-0.000669864069988359,-0.000669864069988359
2.766,0.0203029724870457,-0.00102193842970453,-0.00066770407359411,-0.00066770407359411
2.767,0.020244503035638,-0.00101903180619281,-0.000665551044574948,-0.000665551044574948
2.768,0.0201861998882638,-0.00101613332008972,-0.000663404960448943,-0.000663404960448943
2.769,0.0201280625793236,-0.00101324294908216,-0.000661265798806735,-0.000661265798806735
2.77,0.0200700906444943,-0.00101036067091651,-0.000659133537311301,-0.000659133537311301
2.771,0.0200122836207265,-0.00100748646339842,-0.00065700815369771,-0.00065700815369771
2.772,0.0199546410462405,-0.00100462030439273,-0.000654889625772904,-0.000654889625772904
2.773,0.0198971624605232,-0.00100176217182329,-0.000652777931415458,-0.000652777931415458
2.774,0.0198398474043247,-0.000998912043672797,-0.000650673048575356,-0.000650673048575356
2.775,0.019782695419655,-0.000996069897982655,-0.000648574955273746,-0.000648574955273746
2.776,0.0197257060497804,-0.000993235712852831,-0.000646483629602729,-0.000646483629602729
2.777,0.0196688788392204,-0.000990409466441701,-0.000644399049725113,-0.000644399049725113
2.778,0.0196122133337443,-0.000987591136965897,-0.000642321193874198,-0.000642321193874198
2.779,0.0195557090803677,-0.000984780702700159,-0.000640250040353539,-0.000640250040353539
2.78,0.0194993656273494,-0.000981978141977187,-0.000638185567536722,-0.000638185567536722
2.781,0.019443182524188,-0.000979183433187495,-0.000636127753867142,-0.000636127753867142
2.782,0.0193871593216186,-0.000976396554779261,-0.000634076577857772,-0.000634076577857772
2.783,0.0193312955716094,-0.000973617485258175,-0.000632032018090942,-0.000632032018090942
2.784,0.0192755908273584,-0.000970846203187299,-0.000629994053218111,-0.000629994053218111
2.785,0.0192200446432905,-0.000968082687186918,-0.000627962661959646,-0.000627962661959646
2.786,0.0191646565750537,-0.000965326915934388,-0.000625937823104608,-0.000625937823104608
2.787,0.019109426179516,-0.000962578868163996,-0.000623919515510509,-0.000623919515510509
2.788,0.0190543530147625,-0.00095983852266681,-0.000621907718103114,-0.000621907718103114
2.789,0.0189994366400917,-0.00095710585829054,-0.000619902409876206,-0.000619902409876206
2.79,0.0189446766160123,-0.000954380853939383,-0.000617903569891374,-0.000617903569891374
2.791,0.0188900725042402,-0.000951663488573883,-0.000615911177277789,-0.000615911177277789
2.792,0.0188356238676952,-0.000948953741210789,-0.000613925211231987,-0.000613925211231987
2.793,0.0187813302704977,-0.000946251590922908,-0.000611945651017656,-0.000611945651017656
2.794,0.0187271912779656,-0.00094355701683896,-0.000609972475965412,-0.000609972475965412
2.795,0.0186732064566108,-0.000940869998143437,-0.000608005665472588,-0.000608005665472588
2.796,0.0186193753741366,-0.000938190514076457,-0.000606045199003017,-0.000606045199003017
2.797,0.0185656975994339,-0.000935518543933626,-0.000604091056086818,-0.000604091056086818
2.798,0.0185121727025783,-0.00093285406706589,-0.00060214321632018,-0.00060214321632018
2.799,0.0184588002548272,-0.000930197062879395,-0.000600201659365149,-0.000600201659365149
2.8,0.018405579828616,-0.000927547510835347,-0.000598266364949419,-0.000598266364949419
2.801,0.0183525109975555,-0.000924905390449869,-0.000596337312866119,-0.000596337312866119
2.802,0.0182995933364286,-0.000922270681293861,-0.000594414482973591,-0.000594414482973591
2.803,0.0182468264211871,-0.000919643362992854,-0.000592497855195201,-0.000592497855195201
2.804,0.0181942098289484,-0.000917023415226877,-0.000590587409519106,-0.000590587409519106
2.805,0.0181417431379929,-0.000914410817730315,-0.000588683125998063,-0.000588683125998063
2.806,0.0180894259277605,-0.000911805550291766,-0.000586784984749206,-0.000586784984749206
2.807,0.0180372577788475,-0.000909207592753902,-0.000584892965953853,-0.000584892965953853
2.808,0.0179852382730035,-0.000906616925013335,-0.000583007049857281,-0.000583007049857281
2.809,0.0179333669931288,-0.000904033527020473,-0.000581127216768539,-0.000581127216768539
2.81,0.0178816435232703,-0.000901457378779383,-0.000579253447060225,-0.000579253447060225
2.811,0.0178300674486196,-0.000898888460347654,-0.000577385721168291,-0.000577385721168291
2.812,0.0177786383555091,-0.000896326751836257,-0.000575524019591836,-0.000575524019591836
2.813,0.0177273558314094,-0.000893772233409412,-0.000573668322892901,-0.000573668322892901
2.814,0.0176762194649258,-0.000891224885284446,-0.000571818611696267,-0.000571818611696267
2.815,0.0176252288457959,-0.00088868468773166,-0.000569974866689248,-0.000569974866689248
2.816,0.0175743835648859,-0.000886151621074187,-0.0005681370686215,-0.0005681370686215
2.817,0.0175236832141882,-0.000883625665687864,-0.000566305198304808,-0.000566305198304808
2.818,0.0174731273868177,-0.000881106802001093,-0.00056447923661289,-0.00056447923661289
2.819,0.0174227156770096,-0.0008785950104947,-0.000562659164481197,-0.000562659164481197
2.82,0.0173724476801157,-0.000876090271701808,-0.000560844962906718,-0.000560844962906718
2.821,0.0173223229926016,-0.000873592566207697,-0.000559036612947772,-0.000559036612947772
2.822,0.017272341212044,-0.000871101874649675,-0.000557234095723817,-0.000557234095723817
2.823,0.0172225019371274,-0.000868618177716936,-0.000555437392415252,-0.000555437392415252
2.824,0.0171728047676413,-0.000866141456150433,-0.000553646484263215,-0.000553646484263215
2.825,0.0171232493044771,-0.00086367169074274,-0.000551861352569396,-0.000551861352569396
2.826,0.0170738351496253,-0.000861208862337926,-0.000550081978695834,-0.000550081978695834
2.827,0.0170245619061725,-0.000858752951831411,-0.000548308344064721,-0.000548308344064721
2.828,0.0169754291782984,-0.000856303940169843,-0.000546540430158218,-0.000546540430158218
2.829,0.0169264365712729,-0.000853861808350961,-0.000544778218518247,-0.000544778218518247
2.83,0.0168775836914532,-0.000851426537423468,-0.000543021690746313,-0.000543021690746313
2.831,0.0168288701462809,-0.000848998108486892,-0.000541270828503299,-0.000541270828503299
2.832,0.0167802955442791,-0.000846576502691461,-0.000539525613509283,-0.000539525613509283
2.833,0.0167318594950492,-0.000844161701237968,-0.000537786027543341,-0.000537786027543341
2.834,0.0166835616092688,-0.000841753685377648,-0.00053605205244336,-0.00053605205244336
2.835,0.0166354014986877,-0.000839352436412037,-0.000534323670105846,-0.000534323670105846
2.836,0.0165873787761259,-0.000836957935692847,-0.000532600862485739,-0.000532600862485739
2.837,0.0165394930554705,-0.00083457016462184,-0.000530883611596217,-0.000530883611596217
2.838,0.0164917439516726,-0.000832189104650695,-0.000529171899508515,-0.000529171899508515
2.839,0.0164441310807447,-0.000829814737280877,-0.000527465708351733,-0.000527465708351733
2.84,0.0163966540597578,-0.000827447044063512,-0.000525765020312654,-0.000525765020312654
2.841,0.0163493125068384,-0.000825086006599258,-0.000524069817635547,-0.000524069817635547
2.842,0.0163021060411659,-0.000822731606538176,-0.000522380082621998,-0.000522380082621998
2.843,0.0162550342829696,-0.000820383825579603,-0.000520695797630711,-0.000520695797630711
2.844,0.0162080968535259,-0.000818042645472024,-0.000519016945077331,-0.000519016945077331
2.845,0.0161612933751557,-0.000815708048012942,-0.000517343507434254,-0.000517343507434254
2.846,0.0161146234712213,-0.000813380015048761,-0.000515675467230452,-0.000515675467230452
2.847,0.0160680867661238,-0.000811058528474648,-0.000514012807051282,-0.000514012807051282
2.848,0.0160216828853,-0.000808743570234411,-0.00051235550953831,-0.00051235550953831
2.849,0.0159754114552202,-0.000806435122320375,-0.000510703557389124,-0.000510703557389124
2.85,0.0159292721033848,-0.000804133166773259,-0.000509056933357162,-0.000509056933357162
2.851,0.015883264458322,-0.000801837685682041,-0.00050741562025152,-0.00050741562025152
2.852,0.0158373881495847,-0.000799548661183841,-0.000505779600936785,-0.000505779600936785
2.853,0.0157916428077481,-0.000797266075463796,-0.000504148858332843,-0.000504148858332843
2.854,0.0157460280644064,-0.000794989910754932,-0.00050252337541471,-0.00050252337541471
2.855,0.0157005435521708,-0.000792720149338044,-0.000500903135212351,-0.000500903135212351
2.856,0.015655188904666,-0.000790456773541568,-0.000499288120810499,-0.000499288120810499
2.857,0.0156099637565281,-0.00078819976574146,-0.000497678315348485,-0.000497678315348485
2.858,0.0155648677434015,-0.000785949108361075,-0.000496073702020055,-0.000496073702020055
2.859,0.0155199005019365,-0.000783704783871039,-0.0004944742640732,-0.0004944742640732
2.86,0.0154750616697861,-0.000781466774789131,-0.000492879984809981,-0.000492879984809981
2.861,0.0154303508856038,-0.000779235063680158,-0.000491290847586342,-0.000491290847586342
2.862,0.0153857677890408,-0.000777009633155836,-0.000489706835811959,-0.000489706835811959
2.863,0.0153413120207431,-0.000774790465874664,-0.000488127932950041,-0.000488127932950041
2.864,0.0152969832223488,-0.000772577544541806,-0.000486554122517178,-0.000486554122517178
2.865,0.015252781036486,-0.00077037085190897,-0.000484985388083154,-0.000484985388083154
2.866,0.0152087051067694,-0.000768170370774287,-0.000483421713270787,-0.000483421713270787
2.867,0.0151647550777981,-0.000765976083982187,-0.000481863081755752,-0.000481863081755752
2.868,0.0151209305951527,-0.000763787974423285,-0.000480309477266404,-0.000480309477266404
2.869,0.0150772313053929,-0.000761606025034254,-0.000478760883583619,-0.000478760883583619
2.87,0.0150336568560547,-0.000759430218797715,-0.000477217284540625,-0.000477217284540625
2.871,0.0149902068956479,-0.000757260538742108,-0.000475678664022814,-0.000475678664022814
2.872,0.0149468810736531,-0.000755096967941578,-0.000474145005967602,-0.000474145005967602
2.873,0.0149036790405198,-0.000752939489515855,-0.000472616294364237,-0.000472616294364237
2.874,0.0148606004476629,-0.000750788086630138,-0.000471092513253648,-0.000471092513253648
2.875,0.014817644947461,-0.000748642742494973,-0.000469573646728265,-0.000469573646728265
2.876,0.014774812193253,-0.000746503440366137,-0.000468059678931864,-0.000468059678931864
2.877,0.0147321018393361,-0.000744370163544522,-0.000466550594059391,-0.000466550594059391
2.878,0.014689513540963,-0.000742242895376017,-0.000465046376356806,-0.000465046376356806
2.879,0.0146470469543393,-0.000740121619251389,-0.000463547010120914,-0.000463547010120914
2.88,0.0146047017366208,-0.000738006318606167,-0.000462052479699201,-0.000462052479699201
2.881,0.0145624775459113,-0.000735896976920528,-0.000460562769489672,-0.000460562769489672
2.882,0.0145203740412598,-0.000733793577719179,-0.00045907786394068,-0.00045907786394068
2.883,0.0144783908826579,-0.000731696104571243,-0.000457597747550778,-0.000457597747550778
2.884,0.0144365277310373,-0.000729604541090139,-0.000456122404868543,-0.000456122404868543
2.885,0.0143947842482676,-0.00072751887093347,-0.000454651820492424,-0.000454651820492424
2.886,0.0143531600971532,-0.000725439077802913,-0.000453185979070575,-0.000453185979070575
2.887,0.0143116549414312,-0.000723365145444094,-0.0004517248653007,-0.0004517248653007
2.888,0.0142702684457687,-0.000721297057646479,-0.000450268463929884,-0.000450268463929884
2.889,0.0142290002757603,-0.000719234798243261,-0.000448816759754446,-0.000448816759754446
2.89,0.0141878500979259,-0.000717178351111248,-0.000447369737619769,-0.000447369737619769
2.891,0.0141468175797076,-0.000715127700170741,-0.000445927382420151,-0.000445927382420151
2.892,0.0141059023894677,-0.000713082829385429,-0.000444489679098636,-0.000444489679098636
2.893,0.0140651041964862,-0.000711043722762272,-0.000443056612646864,-0.000443056612646864
2.894,0.0140244226709579,-0.000709010364351392,-0.000441628168104918,-0.000441628168104918
2.895,0.0139838574839905,-0.000706982738245955,-0.000440204330561157,-0.000440204330561157
2.896,0.0139434083076017,-0.000704960828582064,-0.000438785085152068,-0.000438785085152068
2.897,0.0139030748147171,-0.000702944619538642,-0.000437370417062109,-0.000437370417062109
2.898,0.0138628566791673,-0.000700934095337329,-0.00043596031152355,-0.00043596031152355
2.899,0.0138227535756858,-0.00069892924024236,-0.000434554753816326,-0.000434554753816326
2.9,0.0137827651799067,-0.00069693003856046,-0.000433153729267877,-0.000433153729267877
2.901,0.0137428911683617,-0.000694936474640735,-0.000431757223252998,-0.000431757223252998
2.902,0.0137031312184783,-0.000692948532874556,-0.000430365221193684,-0.000430365221193684
2.903,0.0136634850085768,-0.000690966197695454,-0.000428977708558978,-0.000428977708558978
2.904,0.0136239522178686,-0.000688989453579005,-0.000427594670864821,-0.000427594670864821
2.905,0.0135845325264529,-0.000687018285042725,-0.000426216093673897,-0.000426216093673897
2.906,0.0135452256153152,-0.000685052676645958,-0.000424841962595488,-0.000424841962595488
2.907,0.0135060311663243,-0.000683092612989768,-0.000423472263285317,-0.000423472263285317
2.908,0.01346694886223,-0.000681138078716828,-0.0004221069814454,-0.0004221069814454
2.909,0.0134279783866611,-0.000679189058511315,-0.000420746102823902,-0.000420746102823902
2.91,0.0133891194241225,-0.000677245537098799,-0.000419389613214978,-0.000419389613214978
2.911,0.0133503716599932,-0.000675307499246135,-0.000418037498458634,-0.000418037498458634
2.912,0.0133117347805237,-0.000673374929761358,-0.000416689744440573,-0.000416689744440573
2.913,0.0132732084728339,-0.000671447813493568,-0.00041534633709205,-0.00041534633709205
2.914,0.0132347924249106,-0.000669526135332836,-0.000414007262389725,-0.000414007262389725
2.915,0.013196486325605,-0.000667609880210083,-0.000412672506355516,-0.000412672506355516
2.916,0.0131582898646307,-0.000665699033096982,-0.000411342055056449,-0.000411342055056449
2.917,0.0131202027325611,-0.000663793579005846,-0.000410015894604521,-0.000410015894604521
2.918,0.0130822246208272,-0.00066189350298953,-0.00040869401115655,-0.00040869401115655
2.919,0.0130443552217153,-0.000659998790141315,-0.000407376390914025,-0.000407376390914025
2.92,0.0130065942283645,-0.00065810942559481,-0.000406063020122971,-0.000406063020122971
2.921,0.0129689413347647,-0.00065622539452384,-0.000404753885073801,-0.000404753885073801
2.922,0.012931396235754,-0.00065434668214235,-0.000403448972101172,-0.000403448972101172
2.923,0.0128939586270166,-0.000652473273704292,-0.000402148267583842,-0.000402148267583842
2.924,0.0128566282050804,-0.000650605154503521,-0.000400851757944532,-0.000400851757944532
2.925,0.0128194046673147,-0.000648742309873694,-0.000399559429649777,-0.000399559429649777
2.926,0.0127822877119282,-0.000646884725188168,-0.000398271269209791,-0.000398271269209791
2.927,0.0127452770379663,-0.000645032385859889,-0.000396987263178323,-0.000396987263178323
2.928,0.012708372345309,-0.000643185277341292,-0.000395707398152514,-0.000395707398152514
2.929,0.012671573334669,-0.000641343385124199,-0.000394431660772763,-0.000394431660772763
2.93,0.0126348797075889,-0.000639506694739716,-0.000393160037722581,-0.000393160037722581
2.931,0.0125982911664391,-0.000637675191758127,-0.00039189251572846,-0.00039189251572846
2.932,0.0125618074144158,-0.000635848861788794,-0.000390629081559723,-0.000390629081559723
2.933,0.0125254281555385,-0.000634027690480053,-0.000389369722028395,-0.000389369722028395
2.934,0.0124891530946481,-0.000632211663519116,-0.000388114423989063,-0.000388114423989063
2.935,0.0124529819374042,-0.000630400766631964,-0.000386863174338733,-0.000386863174338733
2.936,0.0124169143902832,-0.000628594985583247,-0.000385615960016703,-0.000385615960016703
2.937,0.012380950160576,-0.000626794306176185,-0.000384372768004418,-0.000384372768004418
2.938,0.0123450889563859,-0.000624998714252465,-0.000383133585325337,-0.000383133585325337
2.939,0.0123093304866264,-0.00062320819569214,-0.000381898399044798,-0.000381898399044798
2.94,0.0122736744610186,-0.000621422736413529,-0.000380667196269882,-0.000380667196269882
2.941,0.0122381205900895,-0.000619642322373118,-0.000379439964149277,-0.000379439964149277
2.942,0.0122026685851698,-0.000617866939565456,-0.000378216689873151,-0.000378216689873151
2.943,0.0121673181583913,-0.000616096574023062,-0.000376997360673003,-0.000376997360673003
2.944,0.0121320690226851,-0.000614331211816317,-0.000375781963821548,-0.000375781963821548
2.945,0.0120969208917795,-0.000612570839053372,-0.000374570486632567,-0.000374570486632567
2.946,0.0120618734801973,-0.000610815441880045,-0.000373362916460785,-0.000373362916460785
2.947,0.0120269265032543,-0.000609065006479723,-0.000372159240701739,-0.000372159240701739
2.948,0.0119920796770568,-0.000607319519073265,-0.000370959446791639,-0.000370959446791639
2.949,0.0119573327184994,-0.0006055789659189,-0.000369763522207242,-0.000369763522207242
2.95,0.0119226853452632,-0.000603843333312133,-0.00036857145446572,-0.00036857145446572
2.951,0.0118881372758131,-0.000602112607585647,-0.000367383231124531,-0.000367383231124531
2.952,0.0118536882293965,-0.0006003867751092,-0.000366198839781286,-0.000366198839781286
2.953,0.0118193379260401,-0.000598665822289535,-0.000365018268073618,-0.000365018268073618
2.954,0.011785086086549,-0.000596949735570277,-0.000363841503679063,-0.000363841503679063
2.955,0.0117509324325034,-0.000595238501431842,-0.000362668534314918,-0.000362668534314918
2.956,0.0117168766862575,-0.000593532106391334,-0.000361499347738121,-0.000361499347738121
2.957,0.0116829185709368,-0.000591830537002453,-0.000360333931745117,-0.000360333931745117
2.958,0.0116490578104361,-0.000590133779855397,-0.000359172274171739,-0.000359172274171739
2.959,0.0116152941294176,-0.000588441821576767,-0.000358014362893071,-0.000358014362893071
2.96,0.0115816272533085,-0.000586754648829473,-0.00035686018582333,-0.00035686018582333
2.961,0.0115480569082995,-0.000585072248312634,-0.000355709730915732,-0.000355709730915732
2.962,0.0115145828213419,-0.000583394606761485,-0.000354562986162373,-0.000354562986162373
2.963,0.0114812047201463,-0.000581721710947286,-0.0003534199395941,-0.0003534199395941
2.964,0.0114479223331802,-0.000580053547677222,-0.000352280579280384,-0.000352280579280384
2.965,0.0114147353896657,-0.000578390103794311,-0.0003511448933292,-0.0003511448933292
2.966,0.011381643619578,-0.000576731366177307,-0.000350012869886899,-0.000350012869886899
2.967,0.011348646753643,-0.000575077321740612,-0.000348884497138085,-0.000348884497138085
2.968,0.0113157445233353,-0.000573427957434177,-0.000347759763305492,-0.000347759763305492
2.969,0.0112829366608761,-0.000571783260243409,-0.000346638656649863,-0.000346638656649863
2.97,0.0112502228992315,-0.000570143217189079,-0.000345521165469822,-0.000345521165469822
2.971,0.01121760297211,-0.000568507815327231,-0.000344407278101755,-0.000344407278101755
2.972,0.0111850766139609,-0.000566877041749085,-0.000343296982919692,-0.000343296982919692
2.973,0.011152643559972,-0.000565250883580947,-0.000342190268335177,-0.000342190268335177
2.974,0.0111203035460678,-0.000563629327984115,-0.00034108712279715,-0.00034108712279715
2.975,0.0110880563089074,-0.000562012362154789,-0.000339987534791834,-0.000339987534791834
2.976,0.0110559015858823,-0.00056039997332398,-0.000338891492842603,-0.000338891492842603
2.977,0.0110238391151149,-0.000558792148757412,-0.000337798985509867,-0.000337798985509867
2.978,0.0109918686354561,-0.000557188875755438,-0.000336710001390954,-0.000336710001390954
2.979,0.0109599898864835,-0.000555590141652946,-0.000335624529119993,-0.000335624529119993
2.98,0.0109282026084992,-0.000553995933819268,-0.000334542557367787,-0.000334542557367787
2.981,0.0108965065425282,-0.000552406239658086,-0.0003334640748417,-0.0003334640748417
2.982,0.0108649014303161,-0.000550821046607348,-0.000332389070285538,-0.000332389070285538
2.983,0.0108333870143275,-0.000549240342139174,-0.000331317532479434,-0.000331317532479434
2.984,0.0108019630377434,-0.000547664113759765,-0.000330249450239728,-0.000330249450239728
2.985,0.01077062924446,-0.000546092349009315,-0.000329184812418849,-0.000329184812418849
2.986,0.0107393853790864,-0.000544525035461922,-0.000328123607905201,-0.000328123607905201
2.987,0.0107082311869426,-0.000542962160725497,-0.000327065825623046,-0.000327065825623046
2.988,0.0106771664140577,-0.000541403712441674,-0.000326011454532385,-0.000326011454532385
2.989,0.0106461908071678,-0.000539849678285725,-0.000324960483628851,-0.000324960483628851
2.99,0.0106153041137143,-0.000538300045966465,-0.000323912901943584,-0.000323912901943584
2.991,0.0105845060818418,-0.000536754803226173,-0.000322868698543126,-0.000322868698543126
2.992,0.0105537964603965,-0.000535213937840494,-0.000321827862529296,-0.000321827862529296
2.993,0.0105231749989237,-0.000533677437618354,-0.000320790383039088,-0.000320790383039088
2.994,0.0104926414476665,-0.000532145290401877,-0.000319756249244544,-0.000319756249244544
2.995,0.0104621955575634,-0.000530617484066292,-0.000318725450352658,-0.000318725450352658
2.996,0.010431837080247,-0.000529094006519846,-0.000317697975605244,-0.000317697975605244
2.997,0.0104015657680415,-0.00052757484570372,-0.000316673814278837,-0.000316673814278837
2.998,0.010371381373961,-0.000526059989591939,-0.00031565295568458,-0.00031565295568458
2.999,0.0103412836517081,-0.000524549426191288,-0.000314635389168103,-0.000314635389168103
3,0.0103112723556712,-0.000523043143541223,-0.000313621104109423,-0.000313621104109423
3.001,0.0102813472409233,-0.000521541129713785,-0.000312610089922825,-0.000312610089922825
3.002,0.0102515080632197,-0.000520043372813516,-0.000311602336056756,-0.000311602336056756
3.003,0.0102217545789966,-0.000518549860977371,-0.000310597831993711,-0.000310597831993711
3.004,0.0101920865453687,-0.000517060582374636,-0.000309596567250125,-0.000309596567250125
3.005,0.0101625037201279,-0.000515575525206835,-0.000308598531376269,-0.000308598531376269
3.006,0.0101330058617408,-0.000514094677707652,-0.000307603713956126,-0.000307603713956126
3.007,0.0101035927293477,-0.000512618028142847,-0.000306612104607301,-0.000306612104607301
3.008,0.0100742640827599,-0.000511145564810162,-0.000305623692980896,-0.000305623692980896
3.009,0.0100450196824585,-0.000509677276039247,-0.000304638468761412,-0.000304638468761412
3.01,0.0100158592895924,-0.000508213150191567,-0.000303656421666635,-0.000303656421666635
3.011,0.00998678266597617,-0.000506753175660328,-0.000302677541447536,-0.000302677541447536
3.012,0.00995778957408877,-0.000505297340870381,-0.000301701817888158,-0.000301701817888158
3.013,0.0099288797770713,-0.000503845634278147,-0.000300729240805507,-0.000300729240805507
3.014,0.00990005303872541,-0.000502398044371529,-0.000299759800049453,-0.000299759800049453
3.015,0.00987130912351144,-0.000500954559669836,-0.00029879348550262,-0.00029879348550262
3.016,0.00984264779654663,-0.000499515168723688,-0.000297830287080278,-0.000297830287080278
3.017,0.0098140688236033,-0.000498079860114943,-0.000296870194730244,-0.000296870194730244
3.018,0.0097855719711071,-0.00049664862245661,-0.000295913198432768,-0.000295913198432768
3.019,0.00975715700613526,-0.00049522144439277,-0.000294959288200436,-0.000294959288200436
3.02,0.00972882369641471,-0.000493798314598487,-0.000294008454078066,-0.000294008454078066
3.021,0.00970057181032039,-0.000492379221779735,-0.000293060686142594,-0.000293060686142594
3.022,0.00967240111687345,-0.000490964154673307,-0.000292115974502983,-0.000292115974502983
3.023,0.0096443113857395,-0.000489553102046742,-0.00029117430930011,-0.00029117430930011
3.024,0.00961630238722686,-0.000488146052698238,-0.000290235680706671,-0.000290235680706671
3.025,0.00958837389228474,-0.000486742995456573,-0.000289300078927067,-0.000289300078927067
3.026,0.00956052567250158,-0.00048534391918102,-0.000288367494197317,-0.000288367494197317
3.027,0.00953275750010326,-0.000483948812761275,-0.000287437916784943,-0.000287437916784943
3.028,0.00950506914795137,-0.000482557665117368,-0.000286511336988874,-0.000286511336988874
3.029,0.00947746038954144,-0.000481170465199586,-0.000285587745139341,-0.000285587745139341
3.03,0.00944993099900125,-0.000479787201988391,-0.000284667131597782,-0.000284667131597782
3.031,0.00942248075108912,-0.000478407864494346,-0.00028374948675674,-0.00028374948675674
3.032,0.00939510942119212,-0.000477032441758026,-0.000282834801039752,-0.000282834801039752
3.033,0.00936781678532441,-0.000475660922849946,-0.000281923064901265,-0.000281923064901265
3.034,0.00934060262012547,-0.000474293296870478,-0.000281014268826525,-0.000281014268826525
3.035,0.0093134667028585,-0.000472929552949773,-0.000280108403331485,-0.000280108403331485
3.036,0.0092864088114086,-0.000471569680247681,-0.000279205458962695,-0.000279205458962695
3.037,0.00925942872428111,-0.000470213667953674,-0.000278305426297216,-0.000278305426297216
3.038,0.00923252622059992,-0.000468861505286766,-0.000277408295942515,-0.000277408295942515
3.039,0.00920570108010582,-0.000467513181495436,-0.000276514058536367,-0.000276514058536367
3.04,0.00917895308315475,-0.000466168685857547,-0.000275622704746756,-0.000275622704746756
3.041,0.00915228201071612,-0.000464828007680272,-0.000274734225271782,-0.000274734225271782
3.042,0.00912568764437118,-0.000463491136300012,-0.00027384861083956,-0.00027384861083956
3.043,0.00909916976631134,-0.000462158061082325,-0.000272965852208123,-0.000272965852208123
3.044,0.00907272815933645,-0.000460828771421839,-0.000272085940165328,-0.000272085940165328
3.045,0.00904636260685319,-0.000459503256742184,-0.00027120886552876,-0.00027120886552876
3.046,0.00902007289287339,-0.000458181506495908,-0.000270334619145629,-0.000270334619145629
3.047,0.00899385880201238,-0.000456863510164406,-0.000269463191892685,-0.000269463191892685
3.048,0.00896772011948735,-0.000455549257257841,-0.000268594574676117,-0.000268594574676117
3.049,0.00894165663111566,-0.000454238737315066,-0.000267728758431454,-0.000267728758431454
3.05,0.00891566812331323,-0.000452931939903548,-0.000266865734123479,-0.000266865734123479
3.051,0.00888975438309296,-0.000451628854619297,-0.000266005492746129,-0.000266005492746129
3.052,0.00886391519806298,-0.000450329471086783,-0.000265148025322401,-0.000265148025322401
3.053,0.00883815035642508,-0.000449033778958866,-0.000264293322904261,-0.000264293322904261
3.054,0.00881245964697312,-0.000447741767916717,-0.000263441376572547,-0.000263441376572547
3.055,0.00878684285909136,-0.000446453427669746,-0.000262592177436879,-0.000262592177436879
3.056,0.00876129978275286,-0.000445168747955522,-0.000261745716635565,-0.000261745716635565
3.057,0.00873583020851786,-0.000443887718539704,-0.000260901985335506,-0.000260901985335506
3.058,0.0087104339275322,-0.000442610329215963,-0.000260060974732109,-0.000260060974732109
3.059,0.00868511073152568,-0.000441336569805908,-0.000259222676049187,-0.000259222676049187
3.06,0.00865986041281051,-0.000440066430159011,-0.000258387080538878,-0.000258387080538878
3.061,0.00863468276427965,-0.000438799900152537,-0.000257554179481544,-0.000257554179481544
3.062,0.00860957757940526,-0.000437536969691461,-0.000256723964185683,-0.000256723964185683
3.063,0.00858454465223715,-0.000436277628708408,-0.000255896425987843,-0.000255896425987843
3.064,0.00855958377740111,-0.000435021867163565,-0.00025507155625252,-0.00025507155625252
3.065,0.0085346947500974,-0.000433769675044617,-0.000254249346372082,-0.000254249346372082
3.066,0.00850987736609916,-0.000432521042366671,-0.000253429787766668,-0.000253429787766668
3.067,0.00848513142175085,-0.000431275959172185,-0.000252612871884104,-0.000252612871884104
3.068,0.00846045671396665,-0.00043003441553089,-0.000251798590199811,-0.000251798590199811
3.069,0.00843585304022892,-0.000428796401539724,-0.00025098693421672,-0.00025098693421672
3.07,0.00841132019858667,-0.000427561907322753,-0.000250177895465175,-0.000250177895465175
3.071,0.00838685798765398,-0.000426330923031107,-0.000249371465502854,-0.000249371465502854
3.072,0.00836246620660844,-0.0004251034388429,-0.000248567635914674,-0.000248567635914674
3.073,0.00833814465518963,-0.000423879444963161,-0.000247766398312705,-0.000247766398312705
3.074,0.00831389313369756,-0.000422658931623764,-0.000246967744336086,-0.000246967744336086
3.075,0.00828971144299115,-0.000421441889083356,-0.000246171665650931,-0.000246171665650931
3.076,0.00826559938448673,-0.000420228307627283,-0.000245378153950248,-0.000245378153950248
3.077,0.00824155676015642,-0.000419018177567522,-0.00024458720095385,-0.00024458720095385
3.078,0.00821758337252669,-0.000417811489242609,-0.000243798798408263,-0.000243798798408263
3.079,0.00819367902467679,-0.000416608233017566,-0.00024301293808665,-0.00024301293808665
3.08,0.0081698435202373,-0.000415408399283836,-0.000242229611788719,-0.000242229611788719
3.081,0.00814607666338855,-0.000414211978459208,-0.000241448811340639,-0.000241448811340639
3.082,0.00812237825885911,-0.000413018960987745,-0.000240670528594949,-0.000240670528594949
3.083,0.00809874811192435,-0.00041182933733972,-0.000239894755430482,-0.000239894755430482
3.084,0.0080751860284049,-0.000410643098011543,-0.000239121483752275,-0.000239121483752275
3.085,0.00805169181466515,-0.00040946023352569,-0.000238350705491486,-0.000238350705491486
3.086,0.00802826527761176,-0.000408280734430636,-0.000237582412605307,-0.000237582412605307
3.087,0.00800490622469218,-0.000407104591300783,-0.000236816597076882,-0.000236816597076882
3.088,0.00798161446389321,-0.000405931794736394,-0.000236053250915225,-0.000236053250915225
3.089,0.0079583898037394,-0.000404762335363521,-0.000235292366155132,-0.000235292366155132
3.09,0.00793523205329172,-0.000403596203833939,-0.000234533934857103,-0.000234533934857103
3.091,0.00791214102214596,-0.000402433390825076,-0.000233777949107253,-0.000233777949107253
3.092,0.00788911652043138,-0.000401273887039943,-0.000233024401017238,-0.000233024401017238
3.093,0.00786615835880914,-0.000400117683207068,-0.000232273282724162,-0.000232273282724162
3.094,0.0078432663484709,-0.000398964770080429,-0.000231524586390502,-0.000231524586390502
3.095,0.00782044030113735,-0.000397815138439382,-0.000230778304204025,-0.000230778304204025
3.096,0.00779768002905679,-0.000396668779088596,-0.000230034428377705,-0.000230034428377705
3.097,0.0077749853450036,-0.000395525682857986,-0.000229292951149644,-0.000229292951149644
3.098,0.00775235606227687,-0.000394385840602644,-0.000228553864782985,-0.000228553864782985
3.099,0.00772979199469893,-0.000393249243202771,-0.000227817161565838,-0.000227817161565838
3.1,0.00770729295661393,-0.000392115881563615,-0.000227082833811199,-0.000227082833811199
3.101,0.00768485876288639,-0.000390985746615397,-0.000226350873856862,-0.000226350873856862
3.102,0.00766248922889977,-0.000389858829313248,-0.000225621274065347,-0.000225621274065347
3.103,0.00764018417055503,-0.000388735120637145,-0.00022489402682382,-0.00022489402682382
3.104,0.00761794340426929,-0.000387614611591839,-0.000224169124544009,-0.000224169124544009
3.105,0.0075957667469743,-0.000386497293206793,-0.000223446559662123,-0.000223446559662123
3.106,0.00757365401611508,-0.000385383156536114,-0.000222726324638785,-0.000222726324638785
3.107,0.00755160502964852,-0.000384272192658487,-0.000222008411958936,-0.000222008411958936
3.108,0.00752961960604198,-0.000383164392677114,-0.000221292814131772,-0.000221292814131772
3.109,0.00750769756427184,-0.000382059747719639,-0.000220579523690655,-0.000220579523690655
3.11,0.00748583872382213,-0.000380958248938093,-0.000219868533193042,-0.000219868533193042
3.111,0.00746404290468313,-0.00037985988750882,-0.000219159835220403,-0.000219159835220403
3.112,0.00744230992735003,-0.00037876465463242,-0.000218453422378143,-0.000218453422378143
3.113,0.00742063961282145,-0.000377672541533678,-0.000217749287295531,-0.000217749287295531
3.114,0.0073990317825981,-0.000376583539461501,-0.000217047422625615,-0.000217047422625615
3.115,0.00737748625868141,-0.000375497639688855,-0.000216347821045149,-0.000216347821045149
3.116,0.00735600286357218,-0.000374414833512699,-0.000215650475254518,-0.000215650475254518
3.117,0.00733458142026911,-0.000373335112253924,-0.00021495537797766,-0.00021495537797766
3.118,0.00731322175226753,-0.000372258467257282,-0.000214262521961987,-0.000214262521961987
3.119,0.00729192368355798,-0.00037118488989133,-0.000213571899978315,-0.000213571899978315
3.12,0.00727068703862489,-0.000370114371548362,-0.000212883504820786,-0.000212883504820786
3.121,0.00724951164244519,-0.000369046903644346,-0.000212197329306791,-0.000212197329306791
3.122,0.00722839732048693,-0.000367982477618861,-0.000211513366276897,-0.000211513366276897
3.123,0.00720734389870798,-0.000366921084935035,-0.000210831608594769,-0.000210831608594769
3.124,0.00718635120355469,-0.00036586271707948,-0.000210152049147104,-0.000210152049147104
3.125,0.00716541906196049,-0.000364807365562229,-0.000209474680843545,-0.000209474680843545
3.126,0.00714454730134458,-0.000363755021916676,-0.000208799496616614,-0.000208799496616614
3.127,0.0071237357496106,-0.000362705677699509,-0.000208126489421638,-0.000208126489421638
3.128,0.00710298423514531,-0.000361659324490655,-0.000207455652236673,-0.000207455652236673
3.129,0.0070822925868172,-0.000360615953893208,-0.000206786978062434,-0.000206786978062434
3.13,0.00706166063397524,-0.000359575557533374,-0.000206120459922216,-0.000206120459922216
3.131,0.00704108820644749,-0.000358538127060408,-0.000205456090861825,-0.000205456090861825
3.132,0.00702057513453985,-0.00035750365414655,-0.00020479386394951,-0.00020479386394951
3.133,0.00700012124903469,-0.000356472130486965,-0.000204133772275881,-0.000204133772275881
3.134,0.00697972638118956,-0.000355443547799682,-0.000203475808953843,-0.000203475808953843
3.135,0.00695939036273585,-0.000354417897825532,-0.000202819967118522,-0.000202819967118522
3.136,0.00693911302587757,-0.000353395172328085,-0.000202166239927195,-0.000202166239927195
3.137,0.00691889420328995,-0.000352375363093594,-0.000201514620559217,-0.000201514620559217
3.138,0.00689873372811819,-0.000351358461930928,-0.000200865102215947,-0.000200865102215947
3.139,0.00687863143397618,-0.000350344460671517,-0.000200217678120685,-0.000200217678120685
3.14,0.00685858715494518,-0.000349333351169288,-0.000199572341518594,-0.000199572341518594
3.141,0.00683860072557253,-0.000348325125300606,-0.00019892908567663,-0.00019892908567663
3.142,0.00681867198087039,-0.000347319774964214,-0.000198287903883476,-0.000198287903883476
3.143,0.00679880075631444,-0.00034631729208117,-0.000197648789449467,-0.000197648789449467
3.144,0.00677898688784264,-0.000345317668594793,-0.000197011735706523,-0.000197011735706523
3.145,0.00675923021185389,-0.000344320896470599,-0.000196376736008081,-0.000196376736008081
3.146,0.00673953056520682,-0.00034332696769624,-0.000195743783729019,-0.000195743783729019
3.147,0.00671988778521848,-0.00034233587428145,-0.000195112872265593,-0.000195112872265593
3.148,0.00670030170966313,-0.000341347608257982,-0.000194483995035368,-0.000194483995035368
3.149,0.00668077217677093,-0.000340362161679548,-0.000193857145477144,-0.000193857145477144
3.15,0.00666129902522668,-0.000339379526621764,-0.000193232317050893,-0.000193232317050893
3.151,0.00664188209416862,-0.000338399695182087,-0.000192609503237685,-0.000192609503237685
3.152,0.00662252122318714,-0.00033742265947976,-0.000191988697539628,-0.000191988697539628
3.153,0.00660321625232354,-0.00033644841165575,-0.000191369893479792,-0.000191369893479792
3.154,0.00658396702206878,-0.000335476943872693,-0.000190753084602145,-0.000190753084602145
3.155,0.00656477337336224,-0.000334508248314832,-0.000190138264471487,-0.000190138264471487
3.156,0.00654563514759053,-0.000333542317187965,-0.000189525426673378,-0.000189525426673378
3.157,0.00652655218658619,-0.00033257914271938,-0.000188914564814078,-0.000188914564814078
3.158,0.00650752433262649,-0.000331618717157802,-0.000188305672520472,-0.000188305672520472
3.159,0.0064885514284322,-0.000330661032773333,-0.000187698743440011,-0.000187698743440011
3.16,0.00646963331716639,-0.000329706081857398,-0.00018709377124064,-0.00018709377124064
3.161,0.00645076984243318,-0.000328753856722683,-0.000186490749610735,-0.000186490749610735
3.162,0.00643196084827651,-0.00032780434970308,-0.000185889672259036,-0.000185889672259036
3.163,0.00641320617917898,-0.000326857553153631,-0.000185290532914581,-0.000185290532914581
3.164,0.00639450568006061,-0.000325913459450472,-0.000184693325326643,-0.000184693325326643
3.165,0.0063758591962776,-0.000324972060990772,-0.00018409804326466,-0.00018409804326466
3.166,0.00635726657362118,-0.000324033350192679,-0.000183504680518173,-0.000183504680518173
3.167,0.0063387276583164,-0.000323097319495266,-0.000182913230896762,-0.000182913230896762
3.168,0.0063202422970209,-0.000322163961358472,-0.000182323688229978,-0.000182323688229978
3.169,0.00630181033682376,-0.000321233268263044,-0.000181736046367282,-0.000181736046367282
3.17,0.00628343162524425,-0.000320305232710485,-0.00018115029917798,-0.00018115029917798
3.171,0.00626510601023072,-0.000319379847222996,-0.000180566440551156,-0.000180566440551156
3.172,0.00624683334015934,-0.000318457104343422,-0.000179984464395611,-0.000179984464395611
3.173,0.00622861346383299,-0.000317536996635194,-0.0001794043646398,-0.0001794043646398
3.174,0.00621044623048001,-0.000316619516682277,-0.000178826135231765,-0.000178826135231765
3.175,0.00619233148975308,-0.000315704657089108,-0.000178249770139078,-0.000178249770139078
3.176,0.00617426909172803,-0.000314792410480552,-0.000177675263348768,-0.000177675263348768
3.177,0.00615625888690266,-0.000313882769501836,-0.000177102608867271,-0.000177102608867271
3.178,0.00613830072619559,-0.000312975726818499,-0.000176531800720355,-0.000176531800720355
3.179,0.00612039446094509,-0.00031207127511634,-0.000175962832953067,-0.000175962832953067
3.18,0.00610253994290794,-0.000311169407101358,-0.000175395699629665,-0.000175395699629665
3.181,0.00608473702425824,-0.000310270115499701,-0.000174830394833558,-0.000174830394833558
3.182,0.00606698555758628,-0.000309373393057612,-0.000174266912667246,-0.000174266912667246
3.183,0.00604928539589738,-0.000308479232541372,-0.000173705247252253,-0.000173705247252253
3.184,0.00603163639261077,-0.00030758762673725,-0.000173145392729074,-0.000173145392729074
3.185,0.0060140384015584,-0.000306698568451445,-0.000172587343257105,-0.000172587343257105
3.186,0.00599649127698383,-0.000305812050510035,-0.000172031093014588,-0.000172031093014588
3.187,0.0059789948735411,-0.000304928065758924,-0.000171476636198546,-0.000171476636198546
3.188,0.00596154904629357,-0.000304046607063785,-0.000170923967024727,-0.000170923967024727
3.189,0.00594415365071282,-0.000303167667310013,-0.00017037307972754,-0.00017037307972754
3.19,0.00592680854267747,-0.000302291239402664,-0.000169823968559995,-0.000169823968559995
3.191,0.00590951357847211,-0.000301417316266409,-0.000169276627793644,-0.000169276627793644
3.192,0.00589226861478618,-0.000300545890845475,-0.000168731051718524,-0.000168731051718524
3.193,0.00587507350871277,-0.0002996769561036,-0.00016818723464309,-0.00016818723464309
3.194,0.00585792811774761,-0.000298810505023971,-0.000167645170894161,-0.000167645170894161
3.195,0.00584083229978787,-0.000297946530609179,-0.000167104854816861,-0.000167104854816861
3.196,0.00582378591313113,-0.000297085025881165,-0.000166566280774558,-0.000166566280774558
3.197,0.00580678881647419,-0.000296225983881165,-0.000166029443148805,-0.000166029443148805
3.198,0.00578984086891203,-0.000295369397669661,-0.000165494336339283,-0.000165494336339283
3.199,0.00577294192993667,-0.000294515260326326,-0.00016496095476374,-0.00016496095476374
3.2,0.00575609185943611,-0.000293663564949978,-0.000164429292857935,-0.000164429292857935
3.201,0.00573929051769319,-0.000292814304658522,-0.000163899345075578,-0.000163899345075578
3.202,0.00572253776538452,-0.000291967472588902,-0.000163371105888275,-0.000163371105888275
3.203,0.0057058334635794,-0.000291123061897047,-0.000162844569785467,-0.000162844569785467
3.204,0.00568917747373871,-0.000290281065757824,-0.000162319731274373,-0.000162319731274373
3.205,0.00567256965771387,-0.000289441477364983,-0.000161796584879936,-0.000161796584879936
3.206,0.0056560098777457,-0.000288604289931108,-0.000161275125144759,-0.000161275125144759
3.207,0.00563949799646337,-0.000287769496687565,-0.000160755346629057,-0.000160755346629057
3.208,0.00562303387688335,-0.000286937090884453,-0.00016023724391059,-0.00016023724391059
3.209,0.0056066173824083,-0.000286107065790552,-0.000159720811584617,-0.000159720811584617
3.21,0.00559024837682602,-0.000285279414693272,-0.000159206044263831,-0.000159206044263831
3.211,0.00557392672430839,-0.000284454130898604,-0.000158692936578306,-0.000158692936578306
3.212,0.00555765228941026,-0.000283631207731071,-0.000158181483175444,-0.000158181483175444
3.213,0.00554142493706849,-0.000282810638533674,-0.00015767167871991,-0.00015767167871991
3.214,0.00552524453260079,-0.000281992416667847,-0.000157163517893589,-0.000157163517893589
3.215,0.00550911094170469,-0.000281176535513403,-0.000156656995395518,-0.000156656995395518
3.216,0.00549302403045653,-0.000280362988468486,-0.000156152105941839,-0.000156152105941839
3.217,0.00547698366531038,-0.000279551768949524,-0.000155648844265743,-0.000155648844265743
3.218,0.00546098971309701,-0.000278742870391173,-0.000155147205117409,-0.000155147205117409
3.219,0.0054450420410228,-0.000277936286246275,-0.000154647183263954,-0.000154647183263954
3.22,0.00542914051666876,-0.000277132009985806,-0.00015414877348938,-0.00015414877348938
3.221,0.00541328500798948,-0.000276330035098825,-0.000153651970594517,-0.000153651970594517
3.222,0.00539747538331205,-0.000275530355092428,-0.000153156769396965,-0.000153156769396965
3.223,0.00538171151133509,-0.000274732963491698,-0.000152663164731047,-0.000152663164731047
3.224,0.00536599326112766,-0.000273937853839655,-0.000152171151447751,-0.000152171151447751
3.225,0.00535032050212829,-0.000273145019697213,-0.000151680724414676,-0.000151680724414676
3.226,0.00533469310414394,-0.000272354454643123,-0.000151191878515982,-0.000151191878515982
3.227,0.00531911093734893,-0.000271566152273932,-0.00015070460865233,-0.00015070460865233
3.228,0.00530357387228399,-0.000270780106203932,-0.000150218909740834,-0.000150218909740834
3.229,0.00528808177985523,-0.000269996310065112,-0.000149734776715008,-0.000149734776715008
3.23,0.00527263453133309,-0.000269214757507111,-0.00014925220452471,-0.00014925220452471
3.231,0.00525723199835137,-0.000268435442197169,-0.000148771188136091,-0.000148771188136091
3.232,0.00524187405290617,-0.00026765835782008,-0.000148291722531542,-0.000148291722531542
3.233,0.00522656056735498,-0.000266883498078146,-0.000147813802709644,-0.000147813802709644
3.234,0.00521129141441559,-0.000266110856691126,-0.00014733742368511,-0.00014733742368511
3.235,0.00519606646716512,-0.000265340427396193,-0.00014686258048874,-0.00014686258048874
3.236,0.00518088559903903,-0.000264572203947883,-0.000146389268167362,-0.000146389268167362
3.237,0.00516574868383013,-0.000263806180118052,-0.000145917481783786,-0.000145917481783786
3.238,0.00515065559568758,-0.000263042349695826,-0.000145447216416751,-0.000145447216416751
3.239,0.00513560620911588,-0.000262280706487555,-0.000144978467160872,-0.000144978467160872
3.24,0.00512060039897394,-0.000261521244316765,-0.000144511229126589,-0.000144511229126589
3.241,0.00510563804047405,-0.000260763957024118,-0.000144045497440117,-0.000144045497440117
3.242,0.00509071900918092,-0.000260008838467356,-0.000143581267243395,-0.000143581267243395
3.243,0.00507584318101069,-0.000259255882521261,-0.000143118533694035,-0.000143118533694035
3.244,0.00506101043222995,-0.000258505083077607,-0.00014265729196527,-0.00014265729196527
3.245,0.00504622063945481,-0.000257756434045117,-0.000142197537245907,-0.000142197537245907
3.246,0.00503147367964989,-0.000257009929349409,-0.000141739264740272,-0.000141739264740272
3.247,0.00501676943012734,-0.000256265562932961,-0.000141282469668166,-0.000141282469668166
3.248,0.00500210776854593,-0.000255523328755057,-0.000140827147264808,-0.000140827147264808
3.249,0.00498748857291004,-0.000254783220791745,-0.000140373292780792,-0.000140373292780792
3.25,0.00497291172156873,-0.000254045233035791,-0.000139920901482033,-0.000139920901482033
3.251,0.00495837709321475,-0.000253309359496634,-0.000139469968649717,-0.000139469968649717
3.252,0.00494388456688362,-0.00025257559420034,-0.000139020489580256,-0.000139020489580256
3.253,0.00492943402195268,-0.000251843931189559,-0.000138572459585236,-0.000138572459585236
3.254,0.00491502533814011,-0.000251114364523476,-0.000138125873991368,-0.000138125873991368
3.255,0.00490065839550399,-0.000250386888277771,-0.00013768072814044,-0.00013768072814044
3.256,0.0048863330744414,-0.000249661496544569,-0.000137237017389266,-0.000137237017389266
3.257,0.00487204925568741,-0.000248938183432402,-0.000136794737109642,-0.000136794737109642
3.258,0.00485780682031421,-0.000248216943066158,-0.000136353882688294,-0.000136353882688294
3.259,0.00484360564973013,-0.000247497769587042,-0.00013591444952683,-0.00013591444952683
3.26,0.00482944562567869,-0.000246780657152526,-0.000135476433041696,-0.000135476433041696
3.261,0.00481532663023774,-0.000246065599936311,-0.000135039828664123,-0.000135039828664123
3.262,0.00480124854581847,-0.00024535259212828,-0.000134604631840078,-0.000134604631840078
3.263,0.00478721125516451,-0.000244641627934452,-0.000134170838030226,-0.000134170838030226
3.264,0.00477321464135096,-0.000243932701576942,-0.000133738442709872,-0.000133738442709872
3.265,0.00475925858778358,-0.000243225807293917,-0.00013330744136892,-0.00013330744136892
3.266,0.00474534297819774,-0.000242520939339549,-0.000132877829511823,-0.000132877829511823
3.267,0.00473146769665759,-0.000241818091983974,-0.000132449602657537,-0.000132449602657537
3.268,0.0047176326275551,-0.000241117259513249,-0.000132022756339474,-0.000132022756339474
3.269,0.00470383765560921,-0.00024041843622931,-0.000131597286105458,-0.000131597286105458
3.27,0.00469008266586484,-0.000239721616449924,-0.000131173187517672,-0.000131173187517672
3.271,0.00467636754369205,-0.000239026794508652,-0.000130750456152619,-0.000130750456152619
3.272,0.0046626921747851,-0.0002383339647548,-0.000130329087601069,-0.000130329087601069
3.273,0.00464905644516156,-0.000237643121553383,-0.000129909077468022,-0.000129909077468022
3.274,0.00463546024116143,-0.000236954259285078,-0.00012949042137265,-0.00012949042137265
3.275,0.00462190344944619,-0.000236267372346181,-0.000129073114948264,-0.000129073114948264
3.276,0.00460838595699798,-0.000235582455148566,-0.000128657153842256,-0.000128657153842256
3.277,0.00459490765111865,-0.000234899502119644,-0.000128242533716065,-0.000128242533716065
3.278,0.0045814684194289,-0.000234218507702319,-0.000127829250245123,-0.000127829250245123
3.279,0.00456806814986738,-0.000233539466354946,-0.000127417299118816,-0.000127417299118816
3.28,0.00455470673068981,-0.00023286237255129,-0.000127006676040432,-0.000127006676040432
3.281,0.00454138405046811,-0.000232187220780482,-0.000126597376727125,-0.000126597376727125
3.282,0.00452809999808949,-0.00023151400554698,-0.000126189396909862,-0.000126189396909862
3.283,0.00451485446275562,-0.000230842721370526,-0.000125782732333385,-0.000125782732333385
3.284,0.00450164733398171,-0.000230173362786105,-0.00012537737875616,-0.00012537737875616
3.285,0.00448847850159566,-0.000229505924343901,-0.000124973331950341,-0.000124973331950341
3.286,0.00447534785573719,-0.000228840400609261,-0.000124570587701717,-0.000124570587701717
3.287,0.00446225528685696,-0.000228176786162648,-0.000124169141809672,-0.000124169141809672
3.288,0.00444920068571574,-0.000227515075599603,-0.000123768990087145,-0.000123768990087145
3.289,0.00443618394338349,-0.000226855263530705,-0.000123370128360579,-0.000123370128360579
3.29,0.00442320495123855,-0.000226197344581526,-0.000122972552469882,-0.000122972552469882
3.291,0.00441026360096676,-0.000225541313392596,-0.000122576258268383,-0.000122576258268383
3.292,0.00439735978456059,-0.000224887164619356,-0.000122181241622787,-0.000122181241622787
3.293,0.00438449339431835,-0.000224234892932123,-0.000121787498413134,-0.000121787498413134
3.294,0.00437166432284325,-0.000223584493016047,-0.000121395024532754,-0.000121395024532754
3.295,0.0043588724630426,-0.000222935959571068,-0.000121003815888226,-0.000121003815888226
3.296,0.00434611770812698,-0.000222289287311881,-0.000120613868399333,-0.000120613868399333
3.297,0.00433339995160935,-0.000221644470967894,-0.000120225177999023,-0.000120225177999023
3.298,0.00432071908730426,-0.000221001505283187,-0.000119837740633362,-0.000119837740633362
3.299,0.00430807500932695,-0.000220360385016469,-0.000119451552261493,-0.000119451552261493
3.3,0.00429546761209255,-0.000219721104941047,-0.000119066608855598,-0.000119066608855598
3.301,0.00428289679031528,-0.000219083659844777,-0.000118682906400851,-0.000118682906400851
3.302,0.00427036243900754,-0.000218448044530031,-0.000118300440895375,-0.000118300440895375
3.303,0.00425786445347912,-0.000217814253813652,-0.000117919208350208,-0.000117919208350208
3.304,0.00424540272933637,-0.000217182282526919,-0.000117539204789252,-0.000117539204789252
3.305,0.0042329771624814,-0.000216552125515506,-0.000117160426249237,-0.000117160426249237
3.306,0.00422058764911119,-0.000215923777639443,-0.00011678286877968,-0.00011678286877968
3.307,0.00420823408571683,-0.000215297233773077,-0.000116406528442838,-0.000116406528442838
3.308,0.00419591636908269,-0.000214672488805032,-0.000116031401313676,-0.000116031401313676
3.309,0.00418363439628556,-0.000214049537638171,-0.000115657483479816,-0.000115657483479816
3.31,0.00417138806469391,-0.000213428375189558,-0.000115284771041504,-0.000115284771041504
3.311,0.00415917727196699,-0.000212808996390417,-0.000114913260111566,-0.000114913260111566
3.312,0.00414700191605408,-0.000212191396186097,-0.000114542946815367,-0.000114542946815367
3.313,0.0041348618951937,-0.00021157556953603,-0.000114173827290772,-0.000114173827290772
3.314,0.00412275710791272,-0.000210961511413693,-0.000113805897688104,-0.000113805897688104
3.315,0.00411068745302563,-0.000210349216806574,-0.000113439154170105,-0.000113439154170105
3.316,0.00409865282963373,-0.000209738680716127,-0.000113073592911896,-0.000113073592911896
3.317,0.00408665313712429,-0.00020912989815774,-0.000112709210100937,-0.000112709210100937
3.318,0.00407468827516979,-0.000208522864160693,-0.000112346001936985,-0.000112346001936985
3.319,0.00406275814372713,-0.000207917573768123,-0.00011198396463206,-0.00011198396463206
3.32,0.00405086264303678,-0.000207314022036983,-0.000111623094410397,-0.000111623094410397
3.321,0.00403900167362209,-0.000206712204038009,-0.000111263387508414,-0.000111263387508414
3.322,0.00402717513628838,-0.000206112114855677,-0.00011090484017467,-0.00011090484017467
3.323,0.00401538293212225,-0.000205513749588169,-0.000110547448669824,-0.000110547448669824
3.324,0.00400362496249077,-0.000204917103347336,-0.000110191209266599,-0.000110191209266599
3.325,0.00399190112904067,-0.000204322171258659,-0.000109836118249741,-0.000109836118249741
3.326,0.00398021133369758,-0.00020372894846121,-0.000109482171915982,-0.000109482171915982
3.327,0.00396855547866526,-0.000203137430107621,-0.000109129366573999,-0.000109129366573999
3.328,0.00395693346642482,-0.000202547611364041,-0.000108777698544378,-0.000108777698544378
3.329,0.00394534519973394,-0.000201959487410102,-0.000108427164159572,-0.000108427164159572
3.33,0.00393379058162609,-0.000201373053438882,-0.000108077759763868,-0.000108077759763868
3.331,0.00392226951540978,-0.000200788304656866,-0.000107729481713343,-0.000107729481713343
3.332,0.0039107819046678,-0.000200205236283914,-0.000107382326375832,-0.000107382326375832
3.333,0.0038993276532564,-0.000199623843553221,-0.000107036290130883,-0.000107036290130883
3.334,0.00388790666530462,-0.000199044121711281,-0.000106691369369726,-0.000106691369369726
3.335,0.00387651884521343,-0.000198466066017852,-0.00010634756049523,-0.00010634756049523
3.336,0.00386516409765504,-0.000197889671745917,-0.000106004859921871,-0.000106004859921871
3.337,0.00385384232757211,-0.000197314934181652,-0.000105663264075687,-0.000105663264075687
3.338,0.00384255344017701,-0.000196741848624387,-0.000105322769394247,-0.000105322769394247
3.339,0.00383129734095107,-0.000196170410386571,-0.000104983372326615,-0.000104983372326615
3.34,0.00382007393564381,-0.000195600614793736,-0.000104645069333304,-0.000104645069333304
3.341,0.0038088831302722,-0.000195032457184461,-0.000104307856886248,-0.000104307856886248
3.342,0.00379772483111994,-0.000194465932910339,-0.000103971731468761,-0.000103971731468761
3.343,0.00378659894473667,-0.000193901037335936,-0.000103636689575503,-0.000103636689575503
3.344,0.00377550537793724,-0.00019333776583876,-0.000103302727712438,-0.000103302727712438
3.345,0.00376444403780102,-0.000192776113809225,-0.000102969842396805,-0.000102969842396805
3.346,0.00375341483167108,-0.000192216076650615,-0.000102638030157075,-0.000102638030157075
3.347,0.00374241766715352,-0.000191657649779049,-0.000102307287532917,-0.000102307287532917
3.348,0.0037314524521167,-0.000191100828623445,-0.000101977611075166,-0.000101977611075166
3.349,0.00372051909469051,-0.000190545608625487,-0.000101648997345778,-0.000101648997345778
3.35,0.00370961750326568,-0.000189991985239588,-0.000101321442917805,-0.000101321442917805
3.351,0.00369874758649297,-0.000189439953932859,-0.000100994944375349,-0.000100994944375349
3.352,0.00368790925328253,-0.000188889510185068,-0.000100669498313534,-0.000100669498313534
3.353,0.00367710241280312,-0.00018834064948861,-0.000100345101338464,-0.000100345101338464
3.354,0.00366632697448143,-0.000187793367348473,-0.000100021750067195,-0.000100021750067195
3.355,0.0036555828480013,-0.000187247659282202,-9.9699441127694e-05,-9.9699441127694e-05
3.356,0.00364486994330306,-0.000186703520819862,-9.93781711588033e-05,-9.93781711588033e-05
3.357,0.00363418817058278,-0.000186160947504008,-9.90579368102098e-05,-9.90579368102098e-05
3.358,0.00362353744029159,-0.000185619934889652,-9.87387347424074e-05,-9.87387347424074e-05
3.359,0.0036129176631349,-0.000185080478544221,-9.84205616266624e-05,-9.84205616266624e-05
3.36,0.00360232875007178,-0.000184542574047533,-9.81034141449779e-05,-9.81034141449779e-05
3.361,0.00359177061231416,-0.000184006216991755,-9.77872889900608e-05,-9.77872889900608e-05
3.362,0.00358124316132619,-0.000183471402981375,-9.74721828652862e-05,-9.74721828652862e-05
3.363,0.00357074630882353,-0.000182938127633164,-9.71580924846642e-05,-9.71580924846642e-05
3.364,0.00356027996677259,-0.000182406386576147,-9.68450145728025e-05,-9.68450145728025e-05
3.365,0.00354984404738988,-0.000181876175451564,-9.65329458648763e-05,-9.65329458648763e-05
3.366,0.00353943846314133,-0.00018134748991284,-9.62218831065916e-05,-9.62218831065916e-05
3.367,0.00352906312674153,-0.000180820325625553,-9.59118230541517e-05,-9.59118230541517e-05
3.368,0.00351871795115308,-0.000180294678267395,-9.56027624742235e-05,-9.56027624742235e-05
3.369,0.00350840284958586,-0.000179770543528147,-9.52946981439043e-05,-9.52946981439043e-05
3.37,0.00349811773549641,-0.000179247917109638,-9.49876268506863e-05,-9.49876268506863e-05
3.371,0.00348786252258714,-0.000178726794725718,-9.46815453924258e-05,-9.46815453924258e-05
3.372,0.00347763712480573,-0.00017820717210222,-9.43764505773076e-05,-9.43764505773076e-05
3.373,0.00346744145634439,-0.000177689044976932,-9.4072339223812e-05,-9.4072339223812e-05
3.374,0.00345727543163922,-0.000177172409099561,-9.37692081606825e-05,-9.37692081606825e-05
3.375,0.00344713896536947,-0.000176657260231703,-9.34670542268921e-05,-9.34670542268921e-05
3.376,0.00343703197245692,-0.000176143594146807,-9.31658742716094e-05,-9.31658742716094e-05
3.377,0.00342695436806515,-0.000175631406630145,-9.28656651541678e-05,-9.28656651541678e-05
3.378,0.00341690606759891,-0.000175120693478779,-9.25664237440313e-05,-9.25664237440313e-05
3.379,0.00340688698670342,-0.00017461145050153,-9.22681469207611e-05,-9.22681469207611e-05
3.38,0.00339689704126369,-0.000174103673518942,-9.19708315739848e-05,-9.19708315739848e-05
3.381,0.00338693614740387,-0.000173597358363255,-9.16744746033633e-05,-9.16744746033633e-05
3.382,0.00337700422148656,-0.000173092500878369,-9.1379072918557e-05,-9.1379072918557e-05
3.383,0.00336710118011218,-0.000172589096919814,-9.10846234391958e-05,-9.10846234391958e-05
3.384,0.00335722694011824,-0.000172087142354717,-9.07911230948455e-05,-9.07911230948455e-05
3.385,0.00334738141857873,-0.000171586633061772,-9.04985688249761e-05,-9.04985688249761e-05
3.386,0.00333756453280347,-0.000171087564931204,-9.02069575789291e-05,-9.02069575789291e-05
3.387,0.00332777620033738,-0.000170589933864745,-8.99162863158879e-05,-8.99162863158879e-05
3.388,0.00331801633895989,-0.000170093735775595,-8.96265520048433e-05,-8.96265520048433e-05
3.389,0.00330828486668425,-0.000169598966588394,-8.9337751624563e-05,-8.9337751624563e-05
3.39,0.0032985817017569,-0.000169105622239189,-8.90498821635613e-05,-8.90498821635613e-05
3.391,0.00328890676265678,-0.000168613698675407,-8.87629406200652e-05,-8.87629406200652e-05
3.392,0.00327925996809471,-0.000168123191855819,-8.84769240019846e-05,-8.84769240019846e-05
3.393,0.00326964123701271,-0.000167634097750508,-8.81918293268815e-05,-8.81918293268815e-05
3.394,0.00326005048858343,-0.000167146412340846,-8.79076536219375e-05,-8.79076536219375e-05
3.395,0.00325048764220938,-0.000166660131619452,-8.76243939239238e-05,-8.76243939239238e-05
3.396,0.00324095261752241,-0.000166175251590171,-8.73420472791689e-05,-8.73420472791689e-05
3.397,0.00323144533438296,-0.000165691768268035,-8.70606107435301e-05,-8.70606107435301e-05
3.398,0.00322196571287953,-0.000165209677679241,-8.67800813823608e-05,-8.67800813823608e-05
3.399,0.00321251367332793,-0.000164728975861112,-8.65004562704797e-05,-8.65004562704797e-05
3.4,0.00320308913627073,-0.000164249658862071,-8.62217324921421e-05,-8.62217324921421e-05
3.401,0.00319369202247657,-0.00016377172274161,-8.59439071410077e-05,-8.59439071410077e-05
3.402,0.00318432225293958,-0.00016329516357026,-8.5666977320111e-05,-8.5666977320111e-05
3.403,0.00317497974887868,-0.000162819977429557,-8.53909401418312e-05,-8.53909401418312e-05
3.404,0.003165664431737,-0.000162346160412019,-8.51157927278616e-05,-8.51157927278616e-05
3.405,0.00315637622318125,-0.000161873708621108,-8.48415322091793e-05,-8.48415322091793e-05
3.406,0.00314711504510107,-0.000161402618171206,-8.45681557260169e-05,-8.45681557260169e-05
3.407,0.00313788081960842,-0.000160932885187582,-8.42956604278299e-05,-8.42956604278299e-05
3.408,0.00312867346903695,-0.000160464505806362,-8.40240434732697e-05,-8.40240434732697e-05
3.409,0.00311949291594139,-0.0001599974761745,-8.37533020301515e-05,-8.37533020301515e-05
3.41,0.00311033908309693,-0.000159531792449749,-8.34834332754273e-05,-8.34834332754273e-05
3.411,0.00310121189349859,-0.00015906745080063,-8.32144343951545e-05,-8.32144343951545e-05
3.412,0.00309211127036059,-0.000158604447406404,-8.29463025844661e-05,-8.29463025844661e-05
3.413,0.00308303713711579,-0.000158142778457039,-8.26790350475436e-05,-8.26790350475436e-05
3.414,0.00307398941741501,-0.000157682440153187,-8.24126289975862e-05,-8.24126289975862e-05
3.415,0.00306496803512649,-0.000157223428706146,-8.21470816567817e-05,-8.21470816567817e-05
3.416,0.0030559729143352,-0.00015676574033784,-8.18823902562788e-05,-8.18823902562788e-05
3.417,0.0030470039793423,-0.000156309371280781,-8.1618552036156e-05,-8.1618552036156e-05
3.418,0.0030380611546645,-0.000155854317778049,-8.13555642453954e-05,-8.13555642453954e-05
3.419,0.00302914436503347,-0.000155400576083254,-8.10934241418512e-05,-8.10934241418512e-05
3.42,0.00302025353539523,-0.000154948142460513,-8.08321289922237e-05,-8.08321289922237e-05
3.421,0.00301138859090953,-0.000154497013184419,-8.05716760720289e-05,-8.05716760720289e-05
3.422,0.00300254945694931,-0.000154047184540014,-8.0312062665571e-05,-8.0312062665571e-05
3.423,0.00299373605910002,-0.000153598652822757,-8.00532860659135e-05,-8.00532860659135e-05
3.424,0.00298494832315911,-0.000153151414338497,-7.97953435748514e-05,-7.97953435748514e-05
3.425,0.00297618617513534,-0.000152705465403447,-7.95382325028823e-05,-7.95382325028823e-05
3.426,0.00296744954124829,-0.000152260802344151,-7.928195016918e-05,-7.928195016918e-05
3.427,0.0029587383479277,-0.000151817421497459,-7.90264939015642e-05,-7.90264939015642e-05
3.428,0.00295005252181288,-0.000151375319210496,-7.87718610364745e-05,-7.87718610364745e-05
3.429,0.00294139198975217,-0.000150934491840637,-7.85180489189406e-05,-7.85180489189406e-05
3.43,0.0029327566788023,-0.000150494935755476,-7.82650549025574e-05,-7.82650549025574e-05
3.431,0.00292414651622784,-0.0001500566473328,-7.80128763494549e-05,-7.80128763494549e-05
3.432,0.00291556142950061,-0.000149619622960557,-7.77615106302719e-05,-7.77615106302719e-05
3.433,0.00290700134629909,-0.000149183859036834,-7.75109551241275e-05,-7.75109551241275e-05
3.434,0.00289846619450785,-0.000148749351969825,-7.72612072185951e-05,-7.72612072185951e-05
3.435,0.00288995590221695,-0.000148316098177805,-7.70122643096741e-05,-7.70122643096741e-05
3.436,0.00288147039772141,-0.000147884094089099,-7.67641238017637e-05,-7.67641238017637e-05
3.437,0.00287300960952056,-0.000147453336142059,-7.65167831076337e-05,-7.65167831076337e-05
3.438,0.00286457346631756,-0.000147023820785035,-7.62702396484007e-05,-7.62702396484007e-05
3.439,0.00285616189701875,-0.000146595544476344,-7.60244908534983e-05,-7.60244908534983e-05
3.44,0.00284777483073311,-0.000146168503684247,-7.57795341606516e-05,-7.57795341606516e-05
3.441,0.00283941219677168,-0.000145742694886921,-7.55353670158505e-05,-7.55353670158505e-05
3.442,0.00283107392464705,-0.000145318114572429,-7.52919868733219e-05,-7.52919868733219e-05
3.443,0.00282275994407268,-0.000144894759238695,-7.50493911955055e-05,-7.50493911955055e-05
3.444,0.00281447018496246,-0.000144472625393476,-7.48075774530241e-05,-7.48075774530241e-05
3.445,0.00280620457743004,-0.000144051709554335,-7.456654312466e-05,-7.456654312466e-05
3.446,0.00279796305178837,-0.000143632008248616,-7.43262856973271e-05,-7.43262856973271e-05
3.447,0.00278974553854904,-0.000143213518013414,-7.40868026660457e-05,-7.40868026660457e-05
3.448,0.0027815519684218,-0.000142796235395549,-7.38480915339145e-05,-7.38480915339145e-05
3.449,0.00277338227231397,-0.00014238015695154,-7.36101498120871e-05,-7.36101498120871e-05
3.45,0.00276523638132989,-0.000141965279247579,-7.33729750197439e-05,-7.33729750197439e-05
3.451,0.00275711422677036,-0.000141551598859503,-7.31365646840675e-05,-7.31365646840675e-05
3.452,0.0027490157401321,-0.000141139112372767,-7.29009163402161e-05,-7.29009163402161e-05
3.453,0.00274094085310719,-0.000140727816382418,-7.26660275312976e-05,-7.26660275312976e-05
3.454,0.00273288949758254,-0.00014031770749307,-7.24318958083459e-05,-7.24318958083459e-05
3.455,0.0027248616056393,-0.000139908782318876,-7.2198518730292e-05,-7.2198518730292e-05
3.456,0.00271685710955236,-0.000139501037483503,-7.19658938639414e-05,-7.19658938639414e-05
3.457,0.00270887594178979,-0.000139094469620104,-7.17340187839475e-05,-7.17340187839475e-05
3.458,0.00270091803501229,-0.000138689075371293,-7.1502891072786e-05,-7.1502891072786e-05
3.459,0.00269298332207266,-0.000138284851389119,-7.12725083207308e-05,-7.12725083207308e-05
3.46,0.00268507173601523,-0.00013788179433504,-7.10428681258276e-05,-7.10428681258276e-05
3.461,0.00267718321007538,-0.000137479900879897,-7.08139680938696e-05,-7.08139680938696e-05
3.462,0.00266931767767894,-0.000137079167703887,-7.05858058383715e-05,-7.05858058383715e-05
3.463,0.00266147507244171,-0.00013667959149654,-7.03583789805466e-05,-7.03583789805466e-05
3.464,0.00265365532816888,-0.000136281168956689,-7.01316851492798e-05,-7.01316851492798e-05
3.465,0.00264585837885451,-0.00013588389679245,-6.99057219811041e-05,-6.99057219811041e-05
3.466,0.00263808415868102,-0.00013548777172119,-6.9680487120175e-05,-6.9680487120175e-05
3.467,0.00263033260201865,-0.000135092790469508,-6.94559782182473e-05,-6.94559782182473e-05
3.468,0.00262260364342493,-0.000134698949773203,-6.92321929346496e-05,-6.92321929346496e-05
3.469,0.00261489721764412,-0.000134306246377255,-6.90091289362593e-05,-6.90091289362593e-05
3.47,0.00260721325960676,-0.000133914677035794,-6.87867838974795e-05,-6.87867838974795e-05
3.471,0.00259955170442908,-0.000133524238512079,-6.85651555002144e-05,-6.85651555002144e-05
3.472,0.0025919124874125,-0.00013313492757847,-6.83442414338441e-05,-6.83442414338441e-05
3.473,0.00258429554404312,-0.000132746741016407,-6.81240393952024e-05,-6.81240393952024e-05
3.474,0.00257670080999117,-0.000132359675616377,-6.79045470885504e-05,-6.79045470885504e-05
3.475,0.00256912822111055,-0.000131973728177899,-6.76857622255541e-05,-6.76857622255541e-05
3.476,0.00256157771343824,-0.000131588895509491,-6.7467682525261e-05,-6.7467682525261e-05
3.477,0.00255404922319383,-0.00013120517442865,-6.72503057140742e-05,-6.72503057140742e-05
3.478,0.00254654268677901,-0.000130822561761824,-6.70336295257307e-05,-6.70336295257307e-05
3.479,0.00253905804077704,-0.000130441054344392,-6.68176517012764e-05,-6.68176517012764e-05
3.48,0.00253159522195224,-0.000130060649020632,-6.66023699890443e-05,-6.66023699890443e-05
3.481,0.00252415416724948,-0.000129681342643703,-6.63877821446279e-05,-6.63877821446279e-05
3.482,0.00251673481379369,-0.000129303132075618,-6.61738859308606e-05,-6.61738859308606e-05
3.483,0.00250933709888933,-0.00012892601418722,-6.59606791177916e-05,-6.59606791177916e-05
3.484,0.0025019609600199,-0.000128549985858156,-6.5748159482662e-05,-6.5748159482662e-05
3.485,0.00249460633484743,-0.000128175043976856,-6.55363248098821e-05,-6.55363248098821e-05
3.486,0.00248727316121198,-0.000127801185440504,-6.53251728910078e-05,-6.53251728910078e-05
3.487,0.00247996137713114,-0.000127428407155019,-6.51147015247185e-05,-6.51147015247185e-05
3.488,0.00247267092079953,-0.000127056706035028,-6.49049085167929e-05,-6.49049085167929e-05
3.489,0.00246540173058828,-0.000126686079003842,-6.46957916800875e-05,-6.46957916800875e-05
3.49,0.00245815374504458,-0.000126316522993432,-6.44873488345118e-05,-6.44873488345118e-05
3.491,0.00245092690289114,-0.000125948034944406,-6.4279577807008e-05,-6.4279577807008e-05
3.492,0.00244372114302573,-0.000125580611805985,-6.40724764315259e-05,-6.40724764315259e-05
3.493,0.00243653640452065,-0.000125214250535979,-6.38660425490023e-05,-6.38660425490023e-05
3.494,0.00242937262662227,-0.000124848948100762,-6.36602740073368e-05,-6.36602740073368e-05
3.495,0.00242222974875053,-0.00012448470147525,-6.34551686613707e-05,-6.34551686613707e-05
3.496,0.00241510771049845,-0.000124121507642878,-6.32507243728638e-05,-6.32507243728638e-05
3.497,0.00240800645163164,-0.000123759363595573,-6.30469390104723e-05,-6.30469390104723e-05
3.498,0.00240092591208782,-0.000123398266333736,-6.28438104497265e-05,-6.28438104497265e-05
3.499,0.00239386603197633,-0.000123038212866213,-6.26413365730085e-05,-6.26413365730085e-05
3.5,0.00238682675157765,-0.000122679200210275,-6.24395152695306e-05,-6.24395152695306e-05
3.501,0.00237980801134292,-0.000122321225391594,-6.22383444353127e-05,-6.22383444353127e-05
3.502,0.00237280975189346,-0.000121964285444218,-6.20378219731604e-05,-6.20378219731604e-05
3.503,0.00236583191402026,-0.000121608377410552,-6.18379457926438e-05,-6.18379457926438e-05
3.504,0.00235887443868357,-0.000121253498341331,-6.16387138100747e-05,-6.16387138100747e-05
3.505,0.00235193726701235,-0.000120899645295599,-6.14401239484851e-05,-6.14401239484851e-05
3.506,0.00234502034030384,-0.000120546815340684,-6.12421741376061e-05,-6.12421741376061e-05
3.507,0.00233812360002308,-0.000120195005552178,-6.10448623138459e-05,-6.10448623138459e-05
3.508,0.00233124698780242,-0.000119844213013911,-6.08481864202682e-05,-6.08481864202682e-05
3.509,0.00232439044544105,-0.000119494434817932,-6.06521444065702e-05,-6.06521444065702e-05
3.51,0.00231755391490455,-0.000119145668064482,-6.04567342290624e-05,-6.04567342290624e-05
3.511,0.00231073733832442,-0.000118797909861974,-6.02619538506468e-05,-6.02619538506468e-05
3.512,0.00230394065799759,-0.000118451157326972,-6.00678012407949e-05,-6.00678012407949e-05
3.513,0.00229716381638596,-0.000118105407584162,-5.98742743755271e-05,-5.98742743755271e-05
3.514,0.00229040675611594,-0.000117760657766337,-5.96813712373922e-05,-5.96813712373922e-05
3.515,0.00228366941997801,-0.000117416905014371,-5.94890898154448e-05,-5.94890898154448e-05
3.516,0.00227695175092622,-0.000117074146477197,-5.9297428105226e-05,-5.9297428105226e-05
3.517,0.00227025369207773,-0.000116732379311783,-5.91063841087409e-05,-5.91063841087409e-05
3.518,0.00226357518671239,-0.000116391600683114,-5.89159558344394e-05,-5.89159558344394e-05
3.519,0.00225691617827224,-0.000116051807764166,-5.87261412971935e-05,-5.87261412971935e-05
3.52,0.00225027661036107,-0.000115712997735886,-5.85369385182785e-05,-5.85369385182785e-05
3.521,0.00224365642674396,-0.000115375167787167,-5.83483455253509e-05,-5.83483455253509e-05
3.522,0.00223705557134683,-0.00011503831511483,-5.81603603524283e-05,-5.81603603524283e-05
3.523,0.00223047398825599,-0.000114702436923601,-5.79729810398693e-05,-5.79729810398693e-05
3.524,0.00222391162171767,-0.000114367530426086,-5.77862056343526e-05,-5.77862056343526e-05
3.525,0.0022173684161376,-0.000114033592842753,-5.76000321888566e-05,-5.76000321888566e-05
3.526,0.00221084431608051,-0.000113700621401909,-5.74144587626388e-05,-5.74144587626388e-05
3.527,0.00220433926626973,-0.000113368613339677,-5.72294834212165e-05,-5.72294834212165e-05
3.528,0.00219785321158674,-0.000113037565899976,-5.70451042363456e-05,-5.70451042363456e-05
3.529,0.00219138609707069,-0.000112707476334498,-5.68613192860012e-05,-5.68613192860012e-05
3.53,0.00218493786791796,-0.000112378341902688,-5.66781266543567e-05,-5.66781266543567e-05
3.531,0.00217850846948177,-0.000112050159871722,-5.6495524431765e-05,-5.6495524431765e-05
3.532,0.00217209784727167,-0.000111722927516486,-5.63135107147372e-05,-5.63135107147372e-05
3.533,0.00216570594695312,-0.000111396642119551,-5.61320836059236e-05,-5.61320836059236e-05
3.534,0.00215933271434709,-0.000111071300971159,-5.5951241214094e-05,-5.5951241214094e-05
3.535,0.00215297809542956,-0.000110746901369194,-5.57709816541178e-05,-5.57709816541178e-05
3.536,0.00214664203633113,-0.000110423440619166,-5.55913030469432e-05,-5.55913030469432e-05
3.537,0.00214032448333655,-0.000110100916034188,-5.54122035195796e-05,-5.54122035195796e-05
3.538,0.0021340253828843,-0.000109779324934956,-5.52336812050762e-05,-5.52336812050762e-05
3.539,0.00212774468156618,-0.000109458664649724,-5.50557342425044e-05,-5.50557342425044e-05
3.54,0.00212148232612682,-0.00010913893251429,-5.48783607769363e-05,-5.48783607769363e-05
3.541,0.0021152382634633,-0.000108820125871968,-5.47015589594265e-05,-5.47015589594265e-05
3.542,0.00210901244062471,-0.000108502242073573,-5.45253269469931e-05,-5.45253269469931e-05
3.543,0.00210280480481169,-0.000108185278477397,-5.43496629025976e-05,-5.43496629025976e-05
3.544,0.00209661530337605,-0.000107869232449188,-5.41745649951261e-05,-5.41745649951261e-05
3.545,0.0020904438838203,-0.000107554101362131,-5.40000313993705e-05,-5.40000313993705e-05
3.546,0.00208429049379724,-0.000107239882596825,-5.38260602960091e-05,-5.38260602960091e-05
3.547,0.00207815508110957,-0.000106926573541268,-5.36526498715877e-05,-5.36526498715877e-05
3.548,0.0020720375937094,-0.000106614171590827,-5.34797983185e-05,-5.34797983185e-05
3.549,0.00206593797969787,-0.000106302674148229,-5.33075038349702e-05,-5.33075038349702e-05
3.55,0.00205985618732474,-0.00010599207862353,-5.3135764625033e-05,-5.3135764625033e-05
3.551,0.00205379216498794,-0.000105682382434102,-5.29645788985156e-05,-5.29645788985156e-05
3.552,0.00204774586123317,-0.000105373583004609,-5.27939448710178e-05,-5.27939448710178e-05
3.553,0.00204171722475347,-0.000105065677766988,-5.26238607638947e-05,-5.26238607638947e-05
3.554,0.00203570620438881,-0.000104758664160429,-5.24543248042376e-05,-5.24543248042376e-05
3.555,0.0020297127491257,-0.000104452539631355,-5.2285335224856e-05,-5.2285335224856e-05
3.556,0.00202373680809672,-0.0001041473016334,-5.21168902642576e-05,-5.21168902642576e-05
3.557,0.00201777833058016,-0.000103842947627393,-5.1948988166632e-05,-5.1948988166632e-05
3.558,0.00201183726599958,-0.000103539475081333,-5.17816271818309e-05,-5.17816271818309e-05
3.559,0.00200591356392342,-0.000103236881470372,-5.16148055653505e-05,-5.16148055653505e-05
3.56,0.00200000717406456,-0.000102935164276797,-5.14485215783129e-05,-5.14485215783129e-05
3.561,0.00199411804627994,-0.000102634320990006,-5.12827734874482e-05,-5.12827734874482e-05
3.562,0.00198824613057015,-0.00010233434910649,-5.11175595650762e-05,-5.11175595650762e-05
3.563,0.001982391377079,-0.000102035246129814,-5.09528780890889e-05,-5.09528780890889e-05
3.564,0.00197655373609316,-0.000101737009570599,-5.07887273429322e-05,-5.07887273429322e-05
3.565,0.00197073315804171,-0.000101439636946498,-5.0625105615587e-05,-5.0625105615587e-05
3.566,0.00196492959349575,-0.000101143125782178,-5.04620112015532e-05,-5.04620112015532e-05
3.567,0.00195914299316802,-0.000100847473609305,-5.0299442400831e-05,-5.0299442400831e-05
3.568,0.00195337330791249,-0.000100552677966517,-5.01373975189022e-05,-5.01373975189022e-05
3.569,0.00194762048872394,-0.000100258736399412,-4.99758748667145e-05,-4.99758748667145e-05
3.57,0.00194188448673759,-9.99656464605215e-05,-4.9814872760662e-05,-4.9814872760662e-05
3.571,0.00193616525322869,-9.96734057092987e-05,-4.96543895225688e-05,-4.96543895225688e-05
3.572,0.00193046273961211,-9.93820117120933e-05,-4.94944234796713e-05,-4.94944234796713e-05
3.573,0.00192477689744198,-9.90914620421354e-05,-4.93349729645998e-05,-4.93349729645998e-05
3.574,0.00191910767841128,-9.88017542795154e-05,-4.91760363153628e-05,-4.91760363153628e-05
3.575,0.00191345503435142,-9.85128860111654e-05,-4.9017611875328e-05,-4.9017611875328e-05
3.576,0.00190781891723189,-9.82248548308396e-05,-4.8859697993206e-05,-4.8859697993206e-05
3.577,0.00190219927915986,-9.7937658339096e-05,-4.87022930230328e-05,-4.87022930230328e-05
3.578,0.00189659607237976,-9.76512941432769e-05,-4.85453953241522e-05,-4.85453953241522e-05
3.579,0.00189100924927295,-9.73657598574907e-05,-4.83890032611999e-05,-4.83890032611999e-05
3.58,0.00188543876235725,-9.70810531025926e-05,-4.82331152040845e-05,-4.82331152040845e-05
3.581,0.00187988456428666,-9.67971715061658e-05,-4.80777295279723e-05,-4.80777295279723e-05
3.582,0.00187434660785086,-9.65141127025032e-05,-4.79228446132697e-05,-4.79228446132697e-05
3.583,0.00186882484597492,-9.62318743325887e-05,-4.77684588456058e-05,-4.77684588456058e-05
3.584,0.00186331923171887,-9.59504540440781e-05,-4.76145706158164e-05,-4.76145706158164e-05
3.585,0.00185782971827734,-9.56698494912813e-05,-4.74611783199262e-05,-4.74611783199262e-05
3.586,0.00185235625897914,-9.53900583351431e-05,-4.7308280359133e-05,-4.7308280359133e-05
3.587,0.00184689880728694,-9.51110782432251e-05,-4.71558751397905e-05,-4.71558751397905e-05
3.588,0.00184145731679683,-9.48329068896876e-05,-4.70039610733924e-05,-4.70039610733924e-05
3.589,0.001836031741238,-9.45555419552707e-05,-4.68525365765544e-05,-4.68525365765544e-05
3.59,0.00183062203447231,-9.42789811272763e-05,-4.67016000709987e-05,-4.67016000709987e-05
3.591,0.00182522815049397,-9.40032220995496e-05,-4.65511499835377e-05,-4.65511499835377e-05
3.592,0.00181985004342911,-9.37282625724615e-05,-4.64011847460568e-05,-4.64011847460568e-05
3.593,0.00181448766753544,-9.34541002528898e-05,-4.62517027954989e-05,-4.62517027954989e-05
3.594,0.00180914097720187,-9.31807328542014e-05,-4.61027025738472e-05,-4.61027025738472e-05
3.595,0.00180380992694815,-9.2908158096234e-05,-4.59541825281093e-05,-4.59541825281093e-05
3.596,0.00179849447142448,-9.26363737052789e-05,-4.58061411103017e-05,-4.58061411103017e-05
3.597,0.00179319456541114,-9.2365377414062e-05,-4.56585767774321e-05,-4.56585767774321e-05
3.598,0.00178791016381815,-9.20951669617264e-05,-4.55114879914851e-05,-4.55114879914851e-05
3.599,0.00178264122168487,-9.18257400938145e-05,-4.53648732194047e-05,-4.53648732194047e-05
3.6,0.00177738769417965,-9.15570945622505e-05,-4.52187309330788e-05,-4.52187309330788e-05
3.601,0.00177214953659946,-9.12892281253222e-05,-4.50730596093237e-05,-4.50730596093237e-05
3.602,0.00176692670436956,-9.10221385476632e-05,-4.49278577298674e-05,-4.49278577298674e-05
3.603,0.00176171915304305,-9.07558236002357e-05,-4.47831237813342e-05,-4.47831237813342e-05
3.604,0.00175652683830061,-9.04902810603129e-05,-4.46388562552292e-05,-4.46388562552292e-05
3.605,0.00175134971595007,-9.0225508711461e-05,-4.44950536479218e-05,-4.44950536479218e-05
3.606,0.00174618774192608,-8.99615043435217e-05,-4.43517144606307e-05,-4.43517144606307e-05
3.607,0.00174104087228974,-8.96982657525952e-05,-4.42088371994077e-05,-4.42088371994077e-05
3.608,0.00173590906322826,-8.94357907410227e-05,-4.40664203751227e-05,-4.40664203751227e-05
3.609,0.00173079227105456,-8.91740771173684e-05,-4.39244625034476e-05,-4.39244625034476e-05
3.61,0.00172569045220696,-8.89131226964028e-05,-4.37829621048413e-05,-4.37829621048413e-05
3.611,0.00172060356324881,-8.86529252990853e-05,-4.36419177045336e-05,-4.36419177045336e-05
3.612,0.00171553156086812,-8.8393482752547e-05,-4.35013278325105e-05,-4.35013278325105e-05
3.613,0.00171047440187724,-8.81347928900733e-05,-4.33611910234988e-05,-4.33611910234988e-05
3.614,0.00170543204321246,-8.78768535510868e-05,-4.32215058169498e-05,-4.32215058169498e-05
3.615,0.00170040444193371,-8.76196625811304e-05,-4.30822707570257e-05,-4.30822707570257e-05
3.616,0.00169539155522418,-8.73632178318503e-05,-4.29434843925832e-05,-4.29434843925832e-05
3.617,0.00169039334038997,-8.71075171609786e-05,-4.28051452771584e-05,-4.28051452771584e-05
3.618,0.00168540975485975,-8.68525584323168e-05,-4.26672519689525e-05,-4.26672519689525e-05
3.619,0.00168044075618443,-8.65983395157185e-05,-4.25298030308159e-05,-4.25298030308159e-05
3.62,0.00167548630203677,-8.6344858287073e-05,-4.23927970302337e-05,-4.23927970302337e-05
3.621,0.00167054635021108,-8.60921126282881e-05,-4.22562325393108e-05,-4.22562325393108e-05
3.622,0.00166562085862283,-8.58401004272733e-05,-4.21201081347563e-05,-4.21201081347563e-05
3.623,0.00166070978530837,-8.55888195779235e-05,-4.19844223978695e-05,-4.19844223978695e-05
3.624,0.00165581308842451,-8.53382679801021e-05,-4.18491739145247e-05,-4.18491739145247e-05
3.625,0.00165093072624825,-8.50884435396241e-05,-4.17143612751564e-05,-4.17143612751564e-05
3.626,0.0016460626571764,-8.48393441682399e-05,-4.15799830747446e-05,-4.15799830747446e-05
3.627,0.00164120883972523,-8.45909677836183e-05,-4.14460379128006e-05,-4.14460379128006e-05
3.628,0.00163636923253017,-8.43433123093309e-05,-4.13125243933514e-05,-4.13125243933514e-05
3.629,0.00163154379434545,-8.40963756748347e-05,-4.11794411249262e-05,-4.11794411249262e-05
3.63,0.00162673248404375,-8.38501558154559e-05,-4.10467867205413e-05,-4.10467867205413e-05
3.631,0.00162193526061589,-8.36046506723739e-05,-4.09145597976854e-05,-4.09145597976854e-05
3.632,0.0016171520831705,-8.3359858192605e-05,-4.07827589783059e-05,-4.07827589783059e-05
3.633,0.00161238291093364,-8.31157763289855e-05,-4.0651382888794e-05,-4.0651382888794e-05
3.634,0.00160762770324851,-8.28724030401561e-05,-4.05204301599703e-05,-4.05204301599703e-05
3.635,0.00160288641957512,-8.26297362905454e-05,-4.03898994270706e-05,-4.03898994270706e-05
3.636,0.00159815901948992,-8.23877740503541e-05,-4.02597893297324e-05,-4.02597893297324e-05
3.637,0.00159344546268551,-8.21465142955383e-05,-4.01300985119793e-05,-4.01300985119793e-05
3.638,0.0015887457089703,-8.19059550077942e-05,-4.00008256222081e-05,-4.00008256222081e-05
3.639,0.00158405971826815,-8.16660941745412e-05,-3.98719693131738e-05,-3.98719693131738e-05
3.64,0.00157938745061809,-8.14269297889071e-05,-3.97435282419762e-05,-3.97435282419762e-05
3.641,0.00157472886617398,-8.1188459849711e-05,-3.96155010700455e-05,-3.96155010700455e-05
3.642,0.00157008392520415,-8.09506823614482e-05,-3.94878864631285e-05,-3.94878864631285e-05
3.643,0.00156545258809111,-8.07135953342738e-05,-3.93606830912745e-05,-3.93606830912745e-05
3.644,0.00156083481533125,-8.04771967839879e-05,-3.92338896288217e-05,-3.92338896288217e-05
3.645,0.00155623056753443,-8.02414847320184e-05,-3.91075047543832e-05,-3.91075047543832e-05
3.646,0.00155163980542376,-8.00064572054066e-05,-3.89815271508332e-05,-3.89815271508332e-05
3.647,0.00154706248983521,-7.97721122367906e-05,-3.88559555052929e-05,-3.88559555052929e-05
3.648,0.00154249858171731,-7.95384478643906e-05,-3.87307885091178e-05,-3.87307885091178e-05
3.649,0.00153794804213084,-7.93054621319925e-05,-3.86060248578831e-05,-3.86060248578831e-05
3.65,0.0015334108322485,-7.90731530889326e-05,-3.84816632513704e-05,-3.84816632513704e-05
3.651,0.0015288869133546,-7.88415187900824e-05,-3.83577023935541e-05,-3.83577023935541e-05
3.652,0.00152437624684474,-7.86105572958329e-05,-3.82341409925877e-05,-3.82341409925877e-05
3.653,0.00151987879422548,-7.83802666720792e-05,-3.8110977760791e-05,-3.8110977760791e-05
3.654,0.00151539451711405,-7.81506449902052e-05,-3.79882114146359e-05,-3.79882114146359e-05
3.655,0.00151092337723803,-7.79216903270681e-05,-3.78658406747334e-05,-3.78658406747334e-05
3.656,0.00150646533643502,-7.76934007649837e-05,-3.774386426582e-05,-3.774386426582e-05
3.657,0.00150202035665236,-7.74657743917103e-05,-3.76222809167446e-05,-3.76222809167446e-05
3.658,0.00149758839994676,-7.72388093004341e-05,-3.75010893604552e-05,-3.75010893604552e-05
3.659,0.00149316942848405,-7.70125035897538e-05,-3.73802883339856e-05,-3.73802883339856e-05
3.66,0.00148876340453887,-7.67868553636659e-05,-3.72598765784423e-05,-3.72598765784423e-05
3.661,0.0014843702904943,-7.65618627315488e-05,-3.7139852838991e-05,-3.7139852838991e-05
3.662,0.0014799900488416,-7.63375238081487e-05,-3.70202158648444e-05,-3.70202158648444e-05
3.663,0.00147562264217991,-7.61138367135637e-05,-3.69009644092483e-05,-3.69009644092483e-05
3.664,0.00147126803321592,-7.589079957323e-05,-3.67820972294688e-05,-3.67820972294688e-05
3.665,0.00146692618476356,-7.56684105179056e-05,-3.66636130867795e-05,-3.66636130867795e-05
3.666,0.00146259705974373,-7.54466676836567e-05,-3.65455107464483e-05,-3.65455107464483e-05
3.667,0.00145828062118395,-7.52255692118419e-05,-3.64277889777248e-05,-3.64277889777248e-05
3.668,0.0014539768322181,-7.50051132490983e-05,-3.63104465538276e-05,-3.63104465538276e-05
3.669,0.00144968565608608,-7.47852979473258e-05,-3.61934822519307e-05,-3.61934822519307e-05
3.67,0.00144540705613355,-7.45661214636731e-05,-3.60768948531517e-05,-3.60768948531517e-05
3.671,0.0014411409958116,-7.43475819605229e-05,-3.59606831425383e-05,-3.59606831425383e-05
3.672,0.00143688743867644,-7.41296776054771e-05,-3.58448459090568e-05,-3.58448459090568e-05
3.673,0.00143264634838914,-7.39124065713424e-05,-3.57293819455773e-05,-3.57293819455773e-05
3.674,0.00142841768871532,-7.36957670361155e-05,-3.56142900488636e-05,-3.56142900488636e-05
3.675,0.0014242014235248,-7.34797571829688e-05,-3.54995690195589e-05,-3.54995690195589e-05
3.676,0.00141999751679141,-7.3264375200236e-05,-3.53852176621741e-05,-3.53852176621741e-05
3.677,0.0014158059325926,-7.30496192813974e-05,-3.5271234785075e-05,-3.5271234785075e-05
3.678,0.00141162663510916,-7.28354876250659e-05,-3.51576192004703e-05,-3.51576192004703e-05
3.679,0.00140745958862498,-7.2621978434972e-05,-3.50443697243979e-05,-3.50443697243979e-05
3.68,0.00140330475752671,-7.24090899199506e-05,-3.49314851767147e-05,-3.49314851767147e-05
3.681,0.00139916210630348,-7.21968202939254e-05,-3.48189643810824e-05,-3.48189643810824e-05
3.682,0.00139503159954661,-7.19851677758956e-05,-3.47068061649563e-05,-3.47068061649563e-05
3.683,0.00139091320194931,-7.17741305899213e-05,-3.45950093595723e-05,-3.45950093595723e-05
3.684,0.00138680687830641,-7.15637069651098e-05,-3.44835727999351e-05,-3.44835727999351e-05
3.685,0.00138271259351406,-7.13538951356008e-05,-3.43724953248064e-05,-3.43724953248064e-05
3.686,0.00137863031256943,-7.11446933405528e-05,-3.42617757766921e-05,-3.42617757766921e-05
3.687,0.00137456000057046,-7.0936099824129e-05,-3.41514130018308e-05,-3.41514130018308e-05
3.688,0.00137050162271552,-7.07281128354833e-05,-3.40414058501812e-05,-3.40414058501812e-05
3.689,0.00136645514430318,-7.05207306287461e-05,-3.39317531754105e-05,-3.39317531754105e-05
3.69,0.00136242053073188,-7.03139514630107e-05,-3.38224538348825e-05,-3.38224538348825e-05
3.691,0.00135839774749967,-7.01077736023192e-05,-3.37135066896452e-05,-3.37135066896452e-05
3.692,0.00135438676020392,-6.99021953156489e-05,-3.36049106044195e-05,-3.36049106044195e-05
3.693,0.00135038753454104,-6.96972148768984e-05,-3.34966644475869e-05,-3.34966644475869e-05
3.694,0.00134640003630621,-6.94928305648733e-05,-3.33887670911781e-05,-3.33887670911781e-05
3.695,0.00134242423139307,-6.92890406632733e-05,-3.32812174108607e-05,-3.32812174108607e-05
3.696,0.00133846008579347,-6.90858434606782e-05,-3.31740142859279e-05,-3.31740142859279e-05
3.697,0.00133450756559716,-6.8883237250534e-05,-3.30671565992868e-05,-3.30671565992868e-05
3.698,0.00133056663699154,-6.86812203311395e-05,-3.29606432374463e-05,-3.29606432374463e-05
3.699,0.00132663726626138,-6.84797910056326e-05,-3.28544730905061e-05,-3.28544730905061e-05
3.7,0.00132271941978852,-6.82789475819772e-05,-3.27486450521447e-05,-3.27486450521447e-05
3.701,0.00131881306405162,-6.80786883729488e-05,-3.26431580196079e-05,-3.26431580196079e-05
3.702,0.00131491816562586,-6.7879011696122e-05,-3.25380108936976e-05,-3.25380108936976e-05
3.703,0.0013110346911827,-6.76799158738562e-05,-3.24332025787596e-05,-3.24332025787596e-05
3.704,0.00130716260748956,-6.74813992332831e-05,-3.23287319826731e-05,-3.23287319826731e-05
3.705,0.0013033018814096,-6.72834601062925e-05,-3.22245980168389e-05,-3.22245980168389e-05
3.706,0.00129945247990138,-6.70860968295195e-05,-3.21207995961679e-05,-3.21207995961679e-05
3.707,0.00129561437001867,-6.68893077443309e-05,-3.20173356390695e-05,-3.20173356390695e-05
3.708,0.00129178751891012,-6.66930911968125e-05,-3.19142050674413e-05,-3.19142050674413e-05
3.709,0.00128797189381899,-6.64974455377551e-05,-3.18114068066569e-05,-3.18114068066569e-05
3.71,0.00128416746208293,-6.63023691226418e-05,-3.17089397855549e-05,-3.17089397855549e-05
3.711,0.00128037419113366,-6.61078603116348e-05,-3.16068029364283e-05,-3.16068029364283e-05
3.712,0.00127659204849673,-6.59139174695623e-05,-3.15049951950125e-05,-3.15049951950125e-05
3.713,0.00127282100179123,-6.57205389659054e-05,-3.14035155004749e-05,-3.14035155004749e-05
3.714,0.00126906101872957,-6.55277231747849e-05,-3.13023627954035e-05,-3.13023627954035e-05
3.715,0.00126531206711715,-6.53354684749488e-05,-3.12015360257955e-05,-3.12015360257955e-05
3.716,0.00126157411485214,-6.51437732497586e-05,-3.11010341410473e-05,-3.11010341410473e-05
3.717,0.00125784712992522,-6.49526358871771e-05,-3.10008560939427e-05,-3.10008560939427e-05
3.718,0.00125413108041928,-6.4762054779755e-05,-3.09010008406421e-05,-3.09010008406421e-05
3.719,0.0012504259345092,-6.45720283246183e-05,-3.08014673406718e-05,-3.08014673406718e-05
3.72,0.00124673166046153,-6.43825549234553e-05,-3.0702254556913e-05,-3.0702254556913e-05
3.721,0.00124304822663432,-6.41936329825041e-05,-3.06033614555913e-05,-3.06033614555913e-05
3.722,0.00123937560147676,-6.40052609125396e-05,-3.05047870062655e-05,-3.05047870062655e-05
3.723,0.00123571375352898,-6.38174371288608e-05,-3.04065301818169e-05,-3.04065301818169e-05
3.724,0.00123206265142179,-6.36301600512781e-05,-3.03085899584388e-05,-3.03085899584388e-05
3.725,0.0012284222638764,-6.3443428104101e-05,-3.02109653156259e-05,-3.02109653156259e-05
3.726,0.00122479255970416,-6.32572397161251e-05,-3.0113655236163e-05,-3.0113655236163e-05
3.727,0.00122117350780634,-6.30715933206194e-05,-3.00166587061154e-05,-3.00166587061154e-05
3.728,0.00121756507717383,-6.28864873553142e-05,-2.99199747148171e-05,-2.99199747148171e-05
3.729,0.00121396723688692,-6.27019202623886e-05,-2.98236022548617e-05,-2.98236022548617e-05
3.73,0.001210379956115,-6.25178904884575e-05,-2.97275403220905e-05,-2.97275403220905e-05
3.731,0.00120680320411637,-6.23343964845596e-05,-2.96317879155829e-05,-2.96317879155829e-05
3.732,0.00120323695023792,-6.21514367061447e-05,-2.95363440376456e-05,-2.95363440376456e-05
3.733,0.00119968116391495,-6.19690096130619e-05,-2.94412076938025e-05,-2.94412076938025e-05
3.734,0.00119613581467085,-6.17871136695467e-05,-2.93463778927836e-05,-2.93463778927836e-05
3.735,0.00119260087211687,-6.16057473442086e-05,-2.92518536465156e-05,-2.92518536465156e-05
3.736,0.00118907630595191,-6.14249091100193e-05,-2.91576339701111e-05,-2.91576339701111e-05
3.737,0.0011855620859622,-6.12445974443005e-05,-2.90637178818585e-05,-2.90637178818585e-05
3.738,0.00118205818202112,-6.10648108287112e-05,-2.8970104403211e-05,-2.8970104403211e-05
3.739,0.0011785645640889,-6.08855477492357e-05,-2.88767925587778e-05,-2.88767925587778e-05
3.74,0.0011750812022124,-6.07068066961716e-05,-2.87837813763125e-05,-2.87837813763125e-05
3.741,0.00117160806652487,-6.05285861641181e-05,-2.86910698867041e-05,-2.86910698867041e-05
3.742,0.00116814512724566,-6.03508846519629e-05,-2.85986571239661e-05,-2.85986571239661e-05
3.743,0.00116469235468003,-6.01737006628711e-05,-2.8506542125227e-05,-2.8506542125227e-05
3.744,0.00116124971921887,-5.99970327042726e-05,-2.84147239307194e-05,-2.84147239307194e-05
3.745,0.00115781719133847,-5.98208792878508e-05,-2.83232015837712e-05,-2.83232015837712e-05
3.746,0.00115439474160028,-5.96452389295298e-05,-2.82319741307944e-05,-2.82319741307944e-05
3.747,0.00115098234065063,-5.94701101494634e-05,-2.81410406212762e-05,-2.81410406212762e-05
3.748,0.00114757995922055,-5.92954914720221e-05,-2.80504001077682e-05,-2.80504001077682e-05
3.749,0.00114418756812549,-5.91213814257829e-05,-2.79600516458772e-05,-2.79600516458772e-05
3.75,0.00114080513826507,-5.89477785435156e-05,-2.78699942942551e-05,-2.78699942942551e-05
3.751,0.00113743264062288,-5.87746813621726e-05,-2.77802271145887e-05,-2.77802271145887e-05
3.752,0.0011340700462662,-5.86020884228762e-05,-2.76907491715904e-05,-2.76907491715904e-05
3.753,0.00113071732634579,-5.84299982709074e-05,-2.76015595329883e-05,-2.76015595329883e-05
3.754,0.00112737445209562,-5.82584094556939e-05,-2.75126572695167e-05,-2.75126572695167e-05
3.755,0.00112404139483268,-5.80873205307988e-05,-2.74240414549058e-05,-2.74240414549058e-05
3.756,0.00112071812595669,-5.79167300539084e-05,-2.73357111658727e-05,-2.73357111658727e-05
3.757,0.00111740461694991,-5.77466365868215e-05,-2.72476654821111e-05,-2.72476654821111e-05
3.758,0.00111410083937689,-5.75770386954371e-05,-2.71599034862825e-05,-2.71599034862825e-05
3.759,0.00111080676488421,-5.74079349497432e-05,-2.70724242640061e-05,-2.70724242640061e-05
3.76,0.00110752236520027,-5.7239323923805e-05,-2.69852269038488e-05,-2.69852269038488e-05
3.761,0.00110424761213508,-5.70712041957542e-05,-2.68983104973172e-05,-2.68983104973172e-05
3.762,0.00110098247757997,-5.69035743477768e-05,-2.68116741388464e-05,-2.68116741388464e-05
3.763,0.00109772693350739,-5.67364329661021e-05,-2.67253169257916e-05,-2.67253169257916e-05
3.764,0.0010944809519707,-5.6569778640991e-05,-2.66392379584183e-05,-2.66392379584183e-05
3.765,0.00109124450510391,-5.64036099667252e-05,-2.65534363398935e-05,-2.65534363398935e-05
3.766,0.00108801756512144,-5.62379255415957e-05,-2.6467911176275e-05,-2.6467911176275e-05
3.767,0.00108480010431792,-5.60727239678911e-05,-2.63826615765036e-05,-2.63826615765036e-05
3.768,0.00108159209506795,-5.59080038518868e-05,-2.62976866523929e-05,-2.62976866523929e-05
3.769,0.00107839350982587,-5.57437638038342e-05,-2.62129855186203e-05,-2.62129855186203e-05
3.77,0.00107520432112553,-5.55800024379484e-05,-2.61285572927178e-05,-2.61285572927178e-05
3.771,0.00107202450158006,-5.54167183723981e-05,-2.60444010950625e-05,-2.60444010950625e-05
3.772,0.00106885402388167,-5.5253910229294e-05,-2.59605160488679e-05,-2.59605160488679e-05
3.773,0.00106569286080139,-5.50915766346778e-05,-2.58769012801744e-05,-2.58769012801744e-05
3.774,0.00106254098518885,-5.49297162185112e-05,-2.57935559178403e-05,-2.57935559178403e-05
3.775,0.0010593983699721,-5.4768327614665e-05,-2.57104790935326e-05,-2.57104790935326e-05
3.776,0.0010562649881573,-5.46074094609075e-05,-2.56276699417181e-05,-2.56276699417181e-05
3.777,0.0010531408128286,-5.44469603988947e-05,-2.55451275996543e-05,-2.55451275996543e-05
3.778,0.00105002581714783,-5.4286979074158e-05,-2.54628512073805e-05,-2.54628512073805e-05
3.779,0.00104691997435434,-5.41274641360946e-05,-2.53808399077087e-05,-2.53808399077087e-05
3.78,0.00104382325776474,-5.39684142379554e-05,-2.52990928462143e-05,-2.52990928462143e-05
3.781,0.00104073564077269,-5.38098280368354e-05,-2.52176091712281e-05,-2.52176091712281e-05
3.782,0.00103765709684868,-5.36517041936618e-05,-2.51363880338268e-05,-2.51363880338268e-05
3.783,0.00103458759953984,-5.34940413731839e-05,-2.50554285878238e-05,-2.50554285878238e-05
3.784,0.00103152712246967,-5.33368382439621e-05,-2.49747299897615e-05,-2.49747299897615e-05
3.785,0.00102847563933784,-5.31800934783573e-05,-2.48942913989011e-05,-2.48942913989011e-05
3.786,0.00102543312392001,-5.30238057525201e-05,-2.48141119772151e-05,-2.48141119772151e-05
3.787,0.00102239955006756,-5.28679737463801e-05,-2.47341908893774e-05,-2.47341908893774e-05
3.788,0.00101937489170739,-5.27125961436355e-05,-2.46545273027558e-05,-2.46545273027558e-05
3.789,0.00101635912284174,-5.25576716317423e-05,-2.45751203874022e-05,-2.45751203874022e-05
3.79,0.00101335221754793,-5.24031989019037e-05,-2.44959693160448e-05,-2.44959693160448e-05
3.791,0.00101035414997814,-5.22491766490597e-05,-2.44170732640788e-05,-2.44170732640788e-05
3.792,0.00100736489435926,-5.20956035718766e-05,-2.43384314095583e-05,-2.43384314095583e-05
3.793,0.00100438442499259,-5.19424783727363e-05,-2.42600429331874e-05,-2.42600429331874e-05
3.794,0.00100141271625371,-5.17897997577262e-05,-2.41819070183117e-05,-2.41819070183117e-05
3.795,0.000998449742592216,-5.16375664366283e-05,-2.41040228509101e-05,-2.41040228509101e-05
3.796,0.000995495478531509,-5.14857771229091e-05,-2.40263896195859e-05,-2.40263896195859e-05
3.797,0.000992549898668614,-5.13344305337095e-05,-2.39490065155583e-05,-2.39490065155583e-05
3.798,0.000989612977673948,-5.11835253898339e-05,-2.38718727326547e-05,-2.38718727326547e-05
3.799,0.000986684690291117,-5.10330604157401e-05,-2.37949874673011e-05,-2.37949874673011e-05
3.8,0.000983765011336701,-5.08830343395292e-05,-2.37183499185147e-05,-2.37183499185147e-05
3.801,0.000980853915700059,-5.07334458929351e-05,-2.36419592878955e-05,-2.36419592878955e-05
3.802,0.000977951378343105,-5.05842938113147e-05,-2.35658147796171e-05,-2.35658147796171e-05
3.803,0.000975057374300112,-5.04355768336368e-05,-2.34899156004192e-05,-2.34899156004192e-05
3.804,0.000972171878677498,-5.0287293702473e-05,-2.34142609595991e-05,-2.34142609595991e-05
3.805,0.000969294866653629,-5.01394431639869e-05,-2.33388500690036e-05,-2.33388500690036e-05
3.806,0.000966426313478602,-4.99920239679243e-05,-2.32636821430205e-05,-2.32636821430205e-05
3.807,0.00096356619447405,-4.98450348676027e-05,-2.31887563985705e-05,-2.31887563985705e-05
3.808,0.000960714485032929,-4.96984746199016e-05,-2.31140720550991e-05,-2.31140720550991e-05
3.809,0.000957871160619326,-4.95523419852526e-05,-2.30396283345683e-05,-2.30396283345683e-05
3.81,0.000955036196768242,-4.94066357276291e-05,-2.2965424461449e-05,-2.2965424461449e-05
3.811,0.000952209569085399,-4.92613546145362e-05,-2.2891459662712e-05,-2.2891459662712e-05
3.812,0.000949391253247032,-4.9116497417001e-05,-2.28177331678207e-05,-2.28177331678207e-05
3.813,0.000946581224999695,-4.89720629095631e-05,-2.27442442087228e-05,-2.27442442087228e-05
3.814,0.000943779460160052,-4.88280498702636e-05,-2.26709920198424e-05,-2.26709920198424e-05
3.815,0.000940985934614679,-4.86844570806363e-05,-2.25979758380718e-05,-2.25979758380718e-05
3.816,0.000938200624319867,-4.85412833256973e-05,-2.25251949027633e-05,-2.25251949027633e-05
3.817,0.000935423505301422,-4.83985273939355e-05,-2.24526484557224e-05,-2.24526484557224e-05
3.818,0.000932654553654464,-4.82561880773023e-05,-2.23803357411985e-05,-2.23803357411985e-05
3.819,0.00092989374554323,-4.81142641712026e-05,-2.23082560058778e-05,-2.23082560058778e-05
3.82,0.000927141057200874,-4.79727544744844e-05,-2.22364084988751e-05,-2.22364084988751e-05
3.821,0.000924396464929279,-4.78316577894295e-05,-2.21647924717264e-05,-2.21647924717264e-05
3.822,0.000921659945098847,-4.76909729217436e-05,-2.20934071783806e-05,-2.20934071783806e-05
3.823,0.000918931474148315,-4.75506986805469e-05,-2.20222518751922e-05,-2.20222518751922e-05
3.824,0.000916211028584552,-4.7410833878364e-05,-2.1951325820913e-05,-2.1951325820913e-05
3.825,0.000913498584982369,-4.72713773311151e-05,-2.18806282766847e-05,-2.18806282766847e-05
3.826,0.000910794119984322,-4.71323278581056e-05,-2.18101585060313e-05,-2.18101585060313e-05
3.827,0.000908097610300519,-4.69936842820169e-05,-2.17399157748512e-05,-2.17399157748512e-05
3.828,0.000905409032708424,-4.6855445428897e-05,-2.16698993514094e-05,-2.16698993514094e-05
3.829,0.000902728364052674,-4.67176101281511e-05,-2.16001085063302e-05,-2.16001085063302e-05
3.83,0.000900055581244875,-4.65801772125316e-05,-2.15305425125895e-05,-2.15305425125895e-05
3.831,0.000897390661263416,-4.64431455181292e-05,-2.14612006455074e-05,-2.14612006455074e-05
3.832,0.000894733581153279,-4.63065138843631e-05,-2.13920821827397e-05,-2.13920821827397e-05
3.833,0.000892084318025848,-4.61702811539723e-05,-2.13231864042719e-05,-2.13231864042719e-05
3.834,0.000889442849058717,-4.60344461730052e-05,-2.12545125924103e-05,-2.12545125924103e-05
3.835,0.000886809151495501,-4.58990077908111e-05,-2.11860600317754e-05,-2.11860600317754e-05
3.836,0.000884183202645649,-4.57639648600304e-05,-2.11178280092938e-05,-2.11178280092938e-05
3.837,0.000881564979884257,-4.56293162365859e-05,-2.10498158141915e-05,-2.10498158141915e-05
3.838,0.000878954460651875,-4.54950607796729e-05,-2.09820227379857e-05,-2.09820227379857e-05
3.839,0.000876351622454324,-4.53611973517502e-05,-2.0914448074478e-05,-2.0914448074478e-05
3.84,0.000873756442862507,-4.52277248185311e-05,-2.08470911197467e-05,-2.08470911197467e-05
3.841,0.000871168899512225,-4.50946420489739e-05,-2.07799511721395e-05,-2.07799511721395e-05
3.842,0.000868588970103991,-4.49619479152732e-05,-2.07130275322663e-05,-2.07130275322663e-05
3.843,0.000866016632402843,-4.48296412928501e-05,-2.0646319502992e-05,-2.0646319502992e-05
3.844,0.000863451864238158,-4.46977210603438e-05,-2.05798263894288e-05,-2.05798263894288e-05
3.845,0.000860894643503473,-4.45661860996018e-05,-2.05135474989294e-05,-2.05135474989294e-05
3.846,0.000858344948156301,-4.44350352956718e-05,-2.04474821410797e-05,-2.04474821410797e-05
3.847,0.00085580275621794,-4.43042675367916e-05,-2.03816296276911e-05,-2.03816296276911e-05
3.848,0.000853268045773301,-4.4173881714381e-05,-2.03159892727942e-05,-2.03159892727942e-05
3.849,0.000850740794970715,-4.4043876723032e-05,-2.02505603926309e-05,-2.02505603926309e-05
3.85,0.000848220982021767,-4.39142514605008e-05,-2.01853423056477e-05,-2.01853423056477e-05
3.851,0.000845708585201096,-4.37850048276979e-05,-2.01203343324882e-05,-2.01203343324882e-05
3.852,0.000843203582846231,-4.365613572868e-05,-2.00555357959862e-05,-2.00555357959862e-05
3.853,0.000840705953357397,-4.35276430706404e-05,-1.99909460211591e-05,-1.99909460211591e-05
3.854,0.000838215675197351,-4.3399525763901e-05,-1.99265643351999e-05,-1.99265643351999e-05
3.855,0.000835732726891187,-4.32717827219026e-05,-1.98623900674712e-05,-1.98623900674712e-05
3.856,0.000833257087026171,-4.31444128611967e-05,-1.97984225494973e-05,-1.97984225494973e-05
3.857,0.000830788734251551,-4.30174151014362e-05,-1.97346611149578e-05,-1.97346611149578e-05
3.858,0.000828327647278392,-4.28907883653673e-05,-1.96711050996807e-05,-1.96711050996807e-05
3.859,0.000825873804879388,-4.27645315788203e-05,-1.96077538416349e-05,-1.96077538416349e-05
3.86,0.000823427185888694,-4.2638643670701e-05,-1.9544606680924e-05,-1.9544606680924e-05
3.861,0.000820987769201741,-4.25131235729818e-05,-1.94816629597788e-05,-1.94816629597788e-05
3.862,0.000818555533775073,-4.23879702206937e-05,-1.94189220225509e-05,-1.94189220225509e-05
3.863,0.000816130458626159,-4.2263182551917e-05,-1.93563832157056e-05,-1.93563832157056e-05
3.864,0.000813712522833226,-4.21387595077728e-05,-1.92940458878153e-05,-1.92940458878153e-05
3.865,0.000811301705535083,-4.20147000324146e-05,-1.92319093895521e-05,-1.92319093895521e-05
3.866,0.000808897985930951,-4.18910030730199e-05,-1.91699730736823e-05,-1.91699730736823e-05
3.867,0.000806501343280283,-4.17676675797811e-05,-1.9108236295058e-05,-1.9108236295058e-05
3.868,0.000804111756902596,-4.16446925058974e-05,-1.90466984106116e-05,-1.90466984106116e-05
3.869,0.0008017292061773,-4.15220768075664e-05,-1.89853587793488e-05,-1.89853587793488e-05
3.87,0.000799353670543525,-4.13998194439752e-05,-1.89242167623418e-05,-1.89242167623418e-05
3.871,0.000796985129499947,-4.12779193772924e-05,-1.88632717227223e-05,-1.88632717227223e-05
3.872,0.000794623562604622,-4.11563755726593e-05,-1.88025230256756e-05,-1.88025230256756e-05
3.873,0.000792268949474814,-4.10351869981818e-05,-1.87419700384334e-05,-1.87419700384334e-05
3.874,0.000789921269786826,-4.09143526249219e-05,-1.86816121302675e-05,-1.86816121302675e-05
3.875,0.00078758050327583,-4.07938714268893e-05,-1.8621448672483e-05,-1.8621448672483e-05
3.876,0.000785246629735697,-4.06737423810331e-05,-1.85614790384119e-05,-1.85614790384119e-05
3.877,0.000782919629018831,-4.05539644672335e-05,-1.85017026034064e-05,-1.85017026034064e-05
3.878,0.000780599481036005,-4.04345366682938e-05,-1.84421187448328e-05,-1.84421187448328e-05
3.879,0.000778286165756183,-4.03154579699316e-05,-1.83827268420643e-05,-1.83827268420643e-05
3.88,0.000775979663206364,-4.01967273607708e-05,-1.83235262764752e-05,-1.83235262764752e-05
3.881,0.00077367995347141,-4.00783438323336e-05,-1.82645164314342e-05,-1.82645164314342e-05
3.882,0.000771387016693883,-3.9960306379032e-05,-1.82056966922977e-05,-1.82056966922977e-05
3.883,0.000769100833073877,-3.98426139981599e-05,-1.81470664464039e-05,-1.81470664464039e-05
3.884,0.000766821382868855,-3.97252656898847e-05,-1.80886250830661e-05,-1.80886250830661e-05
3.885,0.000764548646393484,-3.96082604572393e-05,-1.8030371993566e-05,-1.8030371993566e-05
3.886,0.000762282604019471,-3.94915973061141e-05,-1.79723065711484e-05,-1.79723065711484e-05
3.887,0.0007600232361754,-3.93752752452486e-05,-1.79144282110136e-05,-1.79144282110136e-05
3.888,0.000757770523346569,-3.92592932862239e-05,-1.78567363103121e-05,-1.78567363103121e-05
3.889,0.000755524446074824,-3.91436504434538e-05,-1.77992302681374e-05,-1.77992302681374e-05
3.89,0.000753284984958405,-3.90283457341779e-05,-1.77419094855208e-05,-1.77419094855208e-05
3.891,0.000751052120651775,-3.89133781784526e-05,-1.76847733654243e-05,-1.76847733654243e-05
3.892,0.000748825833865466,-3.87987467991438e-05,-1.76278213127346e-05,-1.76278213127346e-05
3.893,0.000746606105365913,-3.86844506219186e-05,-1.7571052734257e-05,-1.7571052734257e-05
3.894,0.000744392915975298,-3.85704886752375e-05,-1.75144670387094e-05,-1.75144670387094e-05
3.895,0.000742186246571387,-3.84568599903464e-05,-1.74580636367154e-05,-1.74580636367154e-05
3.896,0.000739986078087372,-3.83435636012691e-05,-1.74018419407992e-05,-1.74018419407992e-05
3.897,0.000737792391511712,-3.82305985447988e-05,-1.73458013653786e-05,-1.73458013653786e-05
3.898,0.000735605167887977,-3.8117963860491e-05,-1.7289941326759e-05,-1.7289941326759e-05
3.899,0.000733424388314684,-3.80056585906549e-05,-1.72342612431282e-05,-1.72342612431282e-05
3.9,0.000731250033945145,-3.78936817803462e-05,-1.7178760534549e-05,-1.7178760534549e-05
3.901,0.000729082085987305,-3.77820324773592e-05,-1.71234386229541e-05,-1.71234386229541e-05
3.902,0.000726920525703592,-3.7670709732219e-05,-1.70682949321398e-05,-1.70682949321398e-05
3.903,0.000724765334410756,-3.75597125981738e-05,-1.70133288877598e-05,-1.70133288877598e-05
3.904,0.000722616493479711,-3.74490401311869e-05,-1.69585399173196e-05,-1.69585399173196e-05
3.905,0.000720473984335384,-3.73386913899296e-05,-1.690392745017e-05,-1.690392745017e-05
3.906,0.000718337788456563,-3.7228665435773e-05,-1.68494909175018e-05,-1.68494909175018e-05
3.907,0.000716207887375733,-3.71189613327808e-05,-1.67952297523393e-05,-1.67952297523393e-05
3.908,0.000714084262678929,-3.70095781477013e-05,-1.67411433895346e-05,-1.67411433895346e-05
3.909,0.00071196689600558,-3.69005149499598e-05,-1.66872312657619e-05,-1.66872312657619e-05
3.91,0.000709855769048359,-3.67917708116517e-05,-1.66334928195113e-05,-1.66334928195113e-05
3.911,0.000707750863553026,-3.66833448075339e-05,-1.6579927491083e-05,-1.6579927491083e-05
3.912,0.000705652161318276,-3.65752360150181e-05,-1.65265347225817e-05,-1.65265347225817e-05
3.913,0.00070355964419559,-3.64674435141628e-05,-1.64733139579105e-05,-1.64733139579105e-05
3.914,0.000701473294089083,-3.63599663876662e-05,-1.64202646427655e-05,-1.64202646427655e-05
3.915,0.000699393092955352,-3.62528037208582e-05,-1.63673862246292e-05,-1.63673862246292e-05
3.916,0.000697319022803324,-3.61459546016936e-05,-1.63146781527659e-05,-1.63146781527659e-05
3.917,0.000695251065694106,-3.6039418120744e-05,-1.62621398782149e-05,-1.62621398782149e-05
3.918,0.000693189203740841,-3.59331933711911e-05,-1.62097708537854e-05,-1.62097708537854e-05
3.919,0.000691133419108552,-3.58272794488185e-05,-1.61575705340505e-05,-1.61575705340505e-05
3.92,0.000689083694013995,-3.57216754520052e-05,-1.61055383753418e-05,-1.61055383753418e-05
3.921,0.000687040010725509,-3.56163804817174e-05,-1.60536738357434e-05,-1.60536738357434e-05
3.922,0.000685002351562875,-3.5511393641502e-05,-1.60019763750863e-05,-1.60019763750863e-05
3.923,0.00068297069889716,-3.54067140374785e-05,-1.59504454549431e-05,-1.59504454549431e-05
3.924,0.000680945035150573,-3.53023407783322e-05,-1.58990805386219e-05,-1.58990805386219e-05
3.925,0.000678925342796317,-3.5198272975307e-05,-1.58478810911612e-05,-1.58478810911612e-05
3.926,0.000676911604358448,-3.50945097421978e-05,-1.57968465793239e-05,-1.57968465793239e-05
3.927,0.000674903802411721,-3.49910501953435e-05,-1.57459764715919e-05,-1.57459764715919e-05
3.928,0.00067290191958145,-3.48878934536197e-05,-1.56952702381605e-05,-1.56952702381605e-05
3.929,0.000670905938543361,-3.47850386384316e-05,-1.56447273509331e-05,-1.56447273509331e-05
3.93,0.000668915842023447,-3.46824848737069e-05,-1.55943472835156e-05,-1.55943472835156e-05
3.931,0.000666931612797826,-3.45802312858883e-05,-1.55441295112105e-05,-1.55441295112105e-05
3.932,0.000664953233692593,-3.44782770039268e-05,-1.5494073511012e-05,-1.5494073511012e-05
3.933,0.000662980687583678,-3.43766211592742e-05,-1.54441787616004e-05,-1.54441787616004e-05
3.934,0.000661013957396708,-3.42752628858766e-05,-1.53944447433364e-05,-1.53944447433364e-05
3.935,0.000659053026106856,-3.41742013201667e-05,-1.53448709382558e-05,-1.53448709382558e-05
3.936,0.000657097876738704,-3.40734356010569e-05,-1.52954568300644e-05,-1.52954568300644e-05
3.937,0.000655148492366098,-3.39729648699326e-05,-1.52462019041321e-05,-1.52462019041321e-05
3.938,0.000653204856112014,-3.38727882706449e-05,-1.5197105647488e-05,-1.5197105647488e-05
3.939,0.000651266951148404,-3.37729049495037e-05,-1.51481675488148e-05,-1.51481675488148e-05
3.94,0.000649334760696067,-3.36733140552706e-05,-1.50993870984433e-05,-1.50993870984433e-05
3.941,0.000647408268024501,-3.35740147391522e-05,-1.50507637883477e-05,-1.50507637883477e-05
3.942,0.000645487456451773,-3.34750061547931e-05,-1.50022971121396e-05,-1.50022971121396e-05
3.943,0.000643572309344365,-3.33762874582686e-05,-1.49539865650632e-05,-1.49539865650632e-05
3.944,0.000641662810117048,-3.32778578080786e-05,-1.49058316439896e-05,-1.49058316439896e-05
3.945,0.000639758942232734,-3.31797163651397e-05,-1.48578318474122e-05,-1.48578318474122e-05
3.946,0.000637860689202347,-3.30818622927795e-05,-1.48099866754408e-05,-1.48099866754408e-05
3.947,0.000635968034584677,-3.29842947567287e-05,-1.47622956297967e-05,-1.47622956297967e-05
3.948,0.000634080961986244,-3.28870129251149e-05,-1.47147582138075e-05,-1.47147582138075e-05
3.949,0.000632199455061164,-3.27900159684558e-05,-1.4667373932402e-05,-1.4667373932402e-05
3.95,0.000630323497511012,-3.26933030596522e-05,-1.46201422921046e-05,-1.46201422921046e-05
3.951,0.000628453073084682,-3.25968733739812e-05,-1.4573062801031e-05,-1.4573062801031e-05
3.952,0.000626588165578253,-3.25007260890897e-05,-1.45261349688822e-05,-1.45261349688822e-05
3.953,0.000624728758834854,-3.24048603849875e-05,-1.44793583069395e-05,-1.44793583069395e-05
3.954,0.000622874836744531,-3.23092754440409e-05,-1.44327323280603e-05,-1.44327323280603e-05
3.955,0.000621026383244107,-3.22139704509653e-05,-1.43862565466719e-05,-1.43862565466719e-05
3.956,0.000619183382317049,-3.21189445928194e-05,-1.43399304787669e-05,-1.43399304787669e-05
3.957,0.000617345817993338,-3.20241970589981e-05,-1.42937536418984e-05,-1.42937536418984e-05
3.958,0.000615513674349332,-3.19297270412259e-05,-1.42477255551745e-05,-1.42477255551745e-05
3.959,0.000613686935507632,-3.18355337335503e-05,-1.42018457392535e-05,-1.42018457392535e-05
3.96,0.000611865585636951,-3.17416163323352e-05,-1.41561137163389e-05,-1.41561137163389e-05
3.961,0.000610049608951979,-3.16479740362545e-05,-1.41105290101748e-05,-1.41105290101748e-05
3.962,0.000608238989713257,-3.15546060462853e-05,-1.406509114604e-05,-1.406509114604e-05
3.963,0.000606433712227036,-3.14615115657016e-05,-1.4019799650744e-05,-1.4019799650744e-05
3.964,0.000604633760845153,-3.13686898000675e-05,-1.39746540526213e-05,-1.39746540526213e-05
3.965,0.000602839119964896,-3.12761399572309e-05,-1.39296538815273e-05,-1.39296538815273e-05
3.966,0.000601049774028876,-3.11838612473172e-05,-1.38847986688327e-05,-1.38847986688327e-05
3.967,0.000599265707524896,-3.10918528827222e-05,-1.38400879474188e-05,-1.38400879474188e-05
3.968,0.000597486904985818,-3.10001140781065e-05,-1.37955212516727e-05,-1.37955212516727e-05
3.969,0.000595713350989438,-3.09086440503883e-05,-1.37510981174826e-05,-1.37510981174826e-05
3.97,0.000593945030158352,-3.08174420187375e-05,-1.37068180822326e-05,-1.37068180822326e-05
3.971,0.000592181927159835,-3.07265072045692e-05,-1.36626806847983e-05,-1.36626806847983e-05
3.972,0.000590424026705703,-3.06358388315372e-05,-1.36186854655416e-05,-1.36186854655416e-05
3.973,0.00058867131355219,-3.05454361255277e-05,-1.35748319663059e-05,-1.35748319663059e-05
3.974,0.00058692377249982,-3.04552983146529e-05,-1.35311197304119e-05,-1.35311197304119e-05
3.975,0.000585181388393283,-3.0365424629245e-05,-1.3487548302652e-05,-1.3487548302652e-05
3.976,0.000583444146121298,-3.02758143018495e-05,-1.34441172292864e-05,-1.34441172292864e-05
3.977,0.000581712030616496,-3.01864665672189e-05,-1.34008260580375e-05,-1.34008260580375e-05
3.978,0.00057998502685529,-3.00973806623069e-05,-1.3357674338086e-05,-1.3357674338086e-05
3.979,0.000578263119857751,-3.00085558262618e-05,-1.33146616200656e-05,-1.33146616200656e-05
3.98,0.000576546294687478,-2.99199913004201e-05,-1.32717874560587e-05,-1.32717874560587e-05
3.981,0.000574834536451477,-2.98316863283008e-05,-1.32290513995914e-05,-1.32290513995914e-05
3.982,0.000573127830300034,-2.97436401555986e-05,-1.31864530056292e-05,-1.31864530056292e-05
3.983,0.000571426161426594,-2.96558520301784e-05,-1.31439918305721e-05,-1.31439918305721e-05
3.984,0.000569729515067632,-2.95683212020685e-05,-1.31016674322499e-05,-1.31016674322499e-05
3.985,0.00056803787650253,-2.94810469234547e-05,-1.30594793699181e-05,-1.30594793699181e-05
3.986,0.000566351231053457,-2.93940284486743e-05,-1.30174272042524e-05,-1.30174272042524e-05
3.987,0.000564669564085244,-2.930726503421e-05,-1.29755104973452e-05,-1.29755104973452e-05
3.988,0.000562992861005261,-2.92207559386834e-05,-1.29337288127003e-05,-1.29337288127003e-05
3.989,0.000561321107263293,-2.91345004228495e-05,-1.28920817152283e-05,-1.28920817152283e-05
3.99,0.000559654288351421,-2.904849774959e-05,-1.28505687712428e-05,-1.28505687712428e-05
3.991,0.0005579923898039,-2.89627471839079e-05,-1.28091895484548e-05,-1.28091895484548e-05
3.992,0.000556335397197035,-2.88772479929212e-05,-1.27679436159693e-05,-1.27679436159693e-05
3.993,0.000554683296149061,-2.87919994458566e-05,-1.27268305442799e-05,-1.27268305442799e-05
3.994,0.000553036072320025,-2.8707000814044e-05,-1.2685849905265e-05,-1.2685849905265e-05
3.995,0.000551393711411662,-2.86222513709102e-05,-1.26450012721827e-05,-1.26450012721827e-05
3.996,0.000549756199167278,-2.85377503919732e-05,-1.2604284219667e-05,-1.2604284219667e-05
3.997,0.000548123521371628,-2.84534971548359e-05,-1.2563698323723e-05,-1.2563698323723e-05
3.998,0.000546495663850797,-2.83694909391804e-05,-1.25232431617222e-05,-1.25232431617222e-05
3.999,0.000544872612472084,-2.82857310267622e-05,-1.2482918312399e-05,-1.2482918312399e-05
4,0.000543254353143879,-2.82022167014041e-05,-1.24427233558452e-05,-1.24427233558452e-05
4.001,0.000541640871815549,-2.81189472489903e-05,-1.24026578735064e-05,-1.24026578735064e-05
4.002,0.000540032154477316,-2.80359219574608e-05,-1.23627214481774e-05,-1.23627214481774e-05
4.003,0.000538428187160141,-2.79531401168052e-05,-1.23229136639978e-05,-1.23229136639978e-05
4.004,0.000536828955935608,-2.78706010190573e-05,-1.22832341064476e-05,-1.22832341064476e-05
4.005,0.000535234446915808,-2.77883039582888e-05,-1.22436823623431e-05,-1.22436823623431e-05
4.006,0.000533644646253215,-2.77062482306039e-05,-1.22042580198324e-05,-1.22042580198324e-05
4.007,0.000532059540140582,-2.76244331341335e-05,-1.21649606683914e-05,-1.21649606683914e-05
4.008,0.000530479114810812,-2.7542857969029e-05,-1.21257898988188e-05,-1.21257898988188e-05
4.009,0.000528903356536852,-2.74615220374571e-05,-1.20867453032327e-05,-1.20867453032327e-05
4.01,0.000527332251631576,-2.73804246435939e-05,-1.20478264750661e-05,-1.20478264750661e-05
4.011,0.000525765786447663,-2.72995650936188e-05,-1.20090330090621e-05,-1.20090330090621e-05
4.012,0.000524203947377493,-2.72189426957096e-05,-1.19703645012705e-05,-1.19703645012705e-05
4.013,0.000522646720853025,-2.71385567600359e-05,-1.1931820549043e-05,-1.1931820549043e-05
4.014,0.000521094093345684,-2.70584065987542e-05,-1.18934007510291e-05,-1.18934007510291e-05
4.015,0.000519546051366252,-2.69784915260017e-05,-1.18551047071723e-05,-1.18551047071723e-05
4.016,0.000518002581464749,-2.68988108578911e-05,-1.18169320187054e-05,-1.18169320187054e-05
4.017,0.000516463670230323,-2.68193639125045e-05,-1.17788822881466e-05,-1.17788822881466e-05
4.018,0.000514929304291138,-2.67401500098886e-05,-1.17409551192955e-05,-1.17409551192955e-05
4.019,0.000513399470314258,-2.66611684720478e-05,-1.17031501172287e-05,-1.17031501172287e-05
4.02,0.000511874155005539,-2.65824186229402e-05,-1.16654668882957e-05,-1.16654668882957e-05
4.021,0.000510353345109517,-2.65038997884708e-05,-1.16279050401152e-05,-1.16279050401152e-05
4.022,0.00050883702740929,-2.64256112964865e-05,-1.15904641815702e-05,-1.15904641815702e-05
4.023,0.000507325188726419,-2.63475524767706e-05,-1.15531439228048e-05,-1.15531439228048e-05
4.024,0.000505817815920802,-2.6269722661037e-05,-1.15159438752196e-05,-1.15159438752196e-05
4.025,0.00050431489589058,-2.6192121182925e-05,-1.14788636514678e-05,-1.14788636514678e-05
4.026,0.000502816415572014,-2.61147473779939e-05,-1.14419028654513e-05,-1.14419028654513e-05
4.027,0.000501322361939379,-2.6037600583717e-05,-1.14050611323163e-05,-1.14050611323163e-05
4.028,0.000499832722004859,-2.59606801394767e-05,-1.13683380684496e-05,-1.13683380684496e-05
4.029,0.000498347482818433,-2.58839853865589e-05,-1.13317332914746e-05,-1.13317332914746e-05
4.03,0.000496866631467763,-2.58075156681473e-05,-1.12952464202472e-05,-1.12952464202472e-05
4.031,0.000495390155078096,-2.57312703293186e-05,-1.12588770748519e-05,-1.12588770748519e-05
4.032,0.000493918040812143,-2.56552487170365e-05,-1.12226248765975e-05,-1.12226248765975e-05
4.033,0.000492450275869982,-2.55794501801467e-05,-1.11864894480138e-05,-1.11864894480138e-05
4.034,0.000490986847488944,-2.55038740693714e-05,-1.11504704128473e-05,-1.11504704128473e-05
4.035,0.000489527742943506,-2.5428519737304e-05,-1.1114567396057e-05,-1.1114567396057e-05
4.036,0.000488072949545188,-2.53533865384037e-05,-1.10787800238109e-05,-1.10787800238109e-05
4.037,0.000486622454642441,-2.52784738289904e-05,-1.10431079234823e-05,-1.10431079234823e-05
4.038,0.000485176245620543,-2.52037809672391e-05,-1.10075507236451e-05,-1.10075507236451e-05
4.039,0.000483734309901495,-2.51293073131749e-05,-1.09721080540707e-05,-1.09721080540707e-05
4.04,0.00048229663494391,-2.50550522286674e-05,-1.09367795457238e-05,-1.09367795457238e-05
4.041,0.000480863208242913,-2.49810150774259e-05,-1.09015648307585e-05,-1.09015648307585e-05
4.042,0.000479434017330033,-2.49071952249938e-05,-1.08664635425149e-05,-1.08664635425149e-05
4.043,0.000478009049773095,-2.48335920387433e-05,-1.08314753155147e-05,-1.08314753155147e-05
4.044,0.000476588293176122,-2.47602048878707e-05,-1.07965997854576e-05,-1.07965997854576e-05
4.045,0.00047517173517923,-2.46870331433909e-05,-1.07618365892176e-05,-1.07618365892176e-05
4.046,0.000473759363458512,-2.46140761781317e-05,-1.07271853648393e-05,-1.07271853648393e-05
4.047,0.000472351165725954,-2.45413333667298e-05,-1.06926457515339e-05,-1.06926457515339e-05
4.048,0.000470947129729312,-2.44688040856245e-05,-1.06582173896752e-05,-1.06582173896752e-05
4.049,0.000469547243252024,-2.43964877130532e-05,-1.06238999207968e-05,-1.06238999207968e-05
4.05,0.0004681514941131,-2.43243836290464e-05,-1.05896929875873e-05,-1.05896929875873e-05
4.051,0.000466759870167017,-2.42524912154219e-05,-1.05555962338871e-05,-1.05555962338871e-05
4.052,0.000465372359303623,-2.41808098557803e-05,-1.05216093046846e-05,-1.05216093046846e-05
4.053,0.000463988949448034,-2.41093389355e-05,-1.04877318461125e-05,-1.04877318461125e-05
4.054,0.000462609628560525,-2.40380778417314e-05,-1.04539635054441e-05,-1.04539635054441e-05
4.055,0.00046123438463644,-2.39670259633927e-05,-1.04203039310896e-05,-1.04203039310896e-05
4.056,0.000459863205706079,-2.38961826911645e-05,-1.03867527725925e-05,-1.03867527725925e-05
4.057,0.000458496079834607,-2.38255474174845e-05,-1.0353309680626e-05,-1.0353309680626e-05
4.058,0.00045713299512195,-2.37551195365432e-05,-1.03199743069891e-05,-1.03199743069891e-05
4.059,0.000455773939702691,-2.36848984442779e-05,-1.02867463046032e-05,-1.02867463046032e-05
4.06,0.000454418901745976,-2.3614883538369e-05,-1.02536253275083e-05,-1.02536253275083e-05
4.061,0.000453067869455411,-2.35450742182337e-05,-1.02206110308598e-05,-1.02206110308598e-05
4.062,0.000451720831068962,-2.34754698850221e-05,-1.01877030709242e-05,-1.01877030709242e-05
4.063,0.000450377774858859,-2.34060699416116e-05,-1.01549011050765e-05,-1.01549011050765e-05
4.064,0.000449038689131493,-2.33368737926023e-05,-1.01222047917955e-05,-1.01222047917955e-05
4.065,0.000447703562227322,-2.32678808443121e-05,-1.0089613790661e-05,-1.0089613790661e-05
4.066,0.000446372382520769,-2.31990905047716e-05,-1.00571277623501e-05,-1.00571277623501e-05
4.067,0.000445045138420124,-2.31305021837193e-05,-1.00247463686336e-05,-1.00247463686336e-05
4.068,0.000443721818367451,-2.30621152925969e-05,-9.99246927237241e-06,-9.99246927237241e-06
4.069,0.000442402410838486,-2.29939292445442e-05,-9.96029613751422e-06,-9.96029613751422e-06
4.07,0.00044108690434254,-2.29259434543943e-05,-9.92822662908968e-06,-9.92822662908968e-06
4.071,0.000439775287422403,-2.2858157338669e-05,-9.89626041320932e-06,-9.89626041320932e-06
4.072,0.000438467548654249,-2.27905703155737e-05,-9.86439715705973e-06,-9.86439715705973e-06
4.073,0.000437163676647538,-2.27231818049927e-05,-9.83263652890032e-06,-9.83263652890032e-06
4.074,0.00043586366004492,-2.26559912284847e-05,-9.80097819805966e-06,-9.80097819805966e-06
4.075,0.000434567487522138,-2.25889980092773e-05,-9.76942183493221e-06,-9.76942183493221e-06
4.076,0.000433275147787936,-2.25222015722631e-05,-9.73796711097478e-06,-9.73796711097478e-06
4.077,0.000431986629583962,-2.24556013439944e-05,-9.70661369870313e-06,-9.70661369870313e-06
4.078,0.000430701921684669,-2.23891967526785e-05,-9.67536127168849e-06,-9.67536127168849e-06
4.079,0.000429421012897229,-2.23229872281733e-05,-9.64420950455439e-06,-9.64420950455439e-06
4.08,0.00042814389206143,-2.22569722019822e-05,-9.6131580729729e-06,-9.6131580729729e-06
4.081,0.000426870548049585,-2.21911511072496e-05,-9.58220665366164e-06,-9.58220665366164e-06
4.082,0.000425600969766444,-2.21255233787566e-05,-9.55135492438006e-06,-9.55135492438006e-06
4.083,0.000424335146149086,-2.20600884529153e-05,-9.52060256392625e-06,-9.52060256392625e-06
4.084,0.000423073066166843,-2.19948457677653e-05,-9.48994925213377e-06,-9.48994925213377e-06
4.085,0.000421814718821195,-2.19297947629683e-05,-9.45939466986796e-06,-9.45939466986796e-06
4.086,0.000420560093145679,-2.18649348798039e-05,-9.42893849902271e-06,-9.42893849902271e-06
4.087,0.000419309178205801,-2.18002655611646e-05,-9.39858042251735e-06,-9.39858042251735e-06
4.088,0.000418061963098938,-2.17357862515514e-05,-9.36832012429317e-06,-9.36832012429317e-06
4.089,0.000416818436954251,-2.16714963970694e-05,-9.33815728931011e-06,-9.33815728931011e-06
4.09,0.000415578588932591,-2.16073954454231e-05,-9.3080916035436e-06,-9.3080916035436e-06
4.091,0.000414342408226406,-2.15434828459113e-05,-9.27812275398107e-06,-9.27812275398107e-06
4.092,0.000413109884059652,-2.14797580494235e-05,-9.24825042861903e-06,-9.24825042861903e-06
4.093,0.000411881005687703,-2.14162205084348e-05,-9.21847431645945e-06,-9.21847431645945e-06
4.094,0.000410655762397255,-2.13528696770011e-05,-9.18879410750673e-06,-9.18879410750673e-06
4.095,0.000409434143506242,-2.12897050107554e-05,-9.15920949276443e-06,-9.15920949276443e-06
4.096,0.000408216138363741,-2.12267259669025e-05,-9.12972016423196e-06,-9.12972016423196e-06
4.097,0.000407001736349885,-2.1163932004215e-05,-9.10032581490162e-06,-9.10032581490162e-06
4.098,0.000405790926875773,-2.11013225830289e-05,-9.07102613875507e-06,-9.07102613875507e-06
4.099,0.000404583699383377,-2.10388971652385e-05,-9.04182083076029e-06,-9.04182083076029e-06
4.1,0.000403380043345461,-2.09766552142926e-05,-9.01270958686854e-06,-9.01270958686854e-06
4.101,0.000402179948265479,-2.09145961951897e-05,-8.98369210401093e-06,-8.98369210401093e-06
4.102,0.0004009834036775,-2.08527195744739e-05,-8.95476808009541e-06,-8.95476808009541e-06
4.103,0.000399790399146112,-2.07910248202303e-05,-8.92593721400366e-06,-8.92593721400366e-06
4.104,0.000398600924266335,-2.07295114020802e-05,-8.89719920558777e-06,-8.89719920558777e-06
4.105,0.000397414968663534,-2.06681787911776e-05,-8.86855375566736e-06,-8.86855375566736e-06
4.106,0.000396232521993332,-2.0607026460204e-05,-8.84000056602623e-06,-8.84000056602623e-06
4.107,0.000395053573941517,-2.05460538833646e-05,-8.81153933940938e-06,-8.81153933940938e-06
4.108,0.000393878114223965,-2.04852605363835e-05,-8.78316977951992e-06,-8.78316977951992e-06
4.109,0.000392706132586544,-2.04246458964997e-05,-8.75489159101584e-06,-8.75489159101584e-06
4.11,0.00039153761880503,-2.03642094424627e-05,-8.72670447950712e-06,-8.72670447950712e-06
4.111,0.000390372562685026,-2.0303950654528e-05,-8.69860815155257e-06,-8.69860815155257e-06
4.112,0.000389210954061864,-2.02438690144531e-05,-8.67060231465674e-06,-8.67060231465674e-06
4.113,0.000388052782800533,-2.01839640054928e-05,-8.64268667726692e-06,-8.64268667726692e-06
4.114,0.000386898038795584,-2.01242351123954e-05,-8.61486094877006e-06,-8.61486094877006e-06
4.115,0.000385746711971044,-2.00646818213982e-05,-8.58712483948982e-06,-8.58712483948982e-06
4.116,0.000384598792280338,-2.00053036202231e-05,-8.5594780606834e-06,-8.5594780606834e-06
4.117,0.000383454269706199,-1.99460999980726e-05,-8.53192032453876e-06,-8.53192032453876e-06
4.118,0.000382313134260582,-1.98870704456255e-05,-8.5044513441714e-06,-8.5044513441714e-06
4.119,0.000381175375984586,-1.98282144550327e-05,-8.47707083362145e-06,-8.47707083362145e-06
4.12,0.000380040984948361,-1.97695315199127e-05,-8.44977850785066e-06,-8.44977850785066e-06
4.121,0.00037890995125103,-1.97110211353479e-05,-8.42257408273958e-06,-8.42257408273958e-06
4.122,0.000377782265020608,-1.96526827978803e-05,-8.39545727508435e-06,-8.39545727508435e-06
4.123,0.000376657916413907,-1.95945160055068e-05,-8.36842780259397e-06,-8.36842780259397e-06
4.124,0.000375536895616465,-1.95365202576759e-05,-8.34148538388728e-06,-8.34148538388728e-06
4.125,0.000374419192842457,-1.94786950552827e-05,-8.3146297384898e-06,-8.3146297384898e-06
4.126,0.000373304798334613,-1.94210399006655e-05,-8.28786058683134e-06,-8.28786058683134e-06
4.127,0.000372193702364136,-1.93635542976011e-05,-8.26117765024252e-06,-8.26117765024252e-06
4.128,0.000371085895230619,-1.93062377513011e-05,-8.23458065095214e-06,-8.23458065095214e-06
4.129,0.000369981367261962,-1.92490897684075e-05,-8.20806931208437e-06,-8.20806931208437e-06
4.13,0.000368880108814295,-1.9192109856989e-05,-8.18164335765568e-06,-8.18164335765568e-06
4.131,0.000367782110271889,-1.91352975265362e-05,-8.15530251257196e-06,-8.15530251257196e-06
4.132,0.000366687362047082,-1.90786522879584e-05,-8.12904650262584e-06,-8.12904650262584e-06
4.133,0.00036559585458019,-1.90221736535791e-05,-8.10287505449359e-06,-8.10287505449359e-06
4.134,0.000364507578339434,-1.89658611371318e-05,-8.07678789573243e-06,-8.07678789573243e-06
4.135,0.000363422523820856,-1.89097142537564e-05,-8.05078475477777e-06,-8.05078475477777e-06
4.136,0.000362340681548233,-1.88537325199948e-05,-8.02486536094005e-06,-8.02486536094005e-06
4.137,0.00036126204207301,-1.8797915453787e-05,-7.99902944440238e-06,-7.99902944440238e-06
4.138,0.000360186595974205,-1.87422625744674e-05,-7.97327673621723e-06,-7.97327673621723e-06
4.139,0.00035911433385834,-1.86867734027603e-05,-7.947606968304e-06,-7.947606968304e-06
4.14,0.000358045246359358,-1.86314474607762e-05,-7.92201987344609e-06,-7.92201987344609e-06
4.141,0.00035697932413854,-1.8576284272008e-05,-7.89651518528814e-06,-7.89651518528814e-06
4.142,0.000355916557884433,-1.85212833613267e-05,-7.87109263833314e-06,-7.87109263833314e-06
4.143,0.000354856938312767,-1.84664442549778e-05,-7.84575196793992e-06,-7.84575196793992e-06
4.144,0.000353800456166374,-1.84117664805768e-05,-7.82049291032007e-06,-7.82049291032007e-06
4.145,0.000352747102215116,-1.83572495671062e-05,-7.79531520253542e-06,-7.79531520253542e-06
4.146,0.000351696867255801,-1.83028930449108e-05,-7.77021858249523e-06,-7.77021858249523e-06
4.147,0.000350649742112108,-1.8248696445694e-05,-7.74520278895346e-06,-7.74520278895346e-06
4.148,0.00034960571763451,-1.81946593025141e-05,-7.72026756150602e-06,-7.72026756150602e-06
4.149,0.000348564784700191,-1.81407811497802e-05,-7.69541264058808e-06,-7.69541264058808e-06
4.15,0.000347526934212977,-1.80870615232486e-05,-7.6706377674714e-06,-7.6706377674714e-06
4.151,0.000346492157103255,-1.80334999600187e-05,-7.64594268426156e-06,-7.64594268426156e-06
4.152,0.000345460444327891,-1.79800959985292e-05,-7.62132713389529e-06,-7.62132713389529e-06
4.153,0.000344431786870162,-1.79268491785544e-05,-7.59679086013788e-06,-7.59679086013788e-06
4.154,0.000343406175739677,-1.78737590412004e-05,-7.57233360758038e-06,-7.57233360758038e-06
4.155,0.000342383601972296,-1.78208251289008e-05,-7.54795512163697e-06,-7.54795512163697e-06
4.156,0.00034136405663006,-1.77680469854137e-05,-7.52365514854238e-06,-7.52365514854238e-06
4.157,0.000340347530801112,-1.77154241558171e-05,-7.49943343534921e-06,-7.49943343534921e-06
4.158,0.000339334015599623,-1.7662956186506e-05,-7.47528972992518e-06,-7.47528972992518e-06
4.159,0.000338323502165716,-1.76106426251879e-05,-7.45122378095074e-06,-7.45122378095074e-06
4.16,0.000337315981665389,-1.75584830208791e-05,-7.42723533791618e-06,-7.42723533791618e-06
4.161,0.000336311445290446,-1.75064769239013e-05,-7.40332415111922e-06,-7.40332415111922e-06
4.162,0.000335309884258415,-1.7454623885878e-05,-7.37948997166235e-06,-7.37948997166235e-06
4.163,0.000334311289812477,-1.740292345973e-05,-7.35573255145015e-06,-7.35573255145015e-06
4.164,0.000333315653221395,-1.73513751996725e-05,-7.33205164318688e-06,-7.33205164318688e-06
4.165,0.000332322965779431,-1.72999786612109e-05,-7.30844700037364e-06,-7.30844700037364e-06
4.166,0.000331333218806284,-1.72487334011374e-05,-7.28491837730612e-06,-7.28491837730612e-06
4.167,0.000330346403647006,-1.71976389775271e-05,-7.26146552907182e-06,-7.26146552907182e-06
4.168,0.000329362511671933,-1.71466949497344e-05,-7.23808821154748e-06,-7.23808821154748e-06
4.169,0.000328381534276613,-1.70959008783895e-05,-7.21478618139673e-06,-7.21478618139673e-06
4.17,0.000327403462881733,-1.70452563253945e-05,-7.19155919606735e-06,-7.19155919606735e-06
4.171,0.00032642828893304,-1.69947608539198e-05,-7.16840701378881e-06,-7.16840701378881e-06
4.172,0.000325456003901279,-1.69444140284006e-05,-7.14532939356985e-06,-7.14532939356985e-06
4.173,0.000324486599282109,-1.68942154145332e-05,-7.1223260951958e-06,-7.1223260951958e-06
4.174,0.000323520066596041,-1.68441645792714e-05,-7.09939687922623e-06,-7.09939687922623e-06
4.175,0.000322556397388361,-1.6794261090823e-05,-7.07654150699233e-06,-7.07654150699233e-06
4.176,0.000321595583229058,-1.67445045186459e-05,-7.05375974059444e-06,-7.05375974059444e-06
4.177,0.000320637615712755,-1.66948944334448e-05,-7.03105134289968e-06,-7.03105134289968e-06
4.178,0.000319682486458634,-1.66454304071678e-05,-7.00841607753939e-06,-7.00841607753939e-06
4.179,0.000318730187110369,-1.65961120130021e-05,-6.98585370890663e-06,-6.98585370890663e-06
4.18,0.000317780709336053,-1.65469388253714e-05,-6.96336400215387e-06,-6.96336400215387e-06
4.181,0.000316834044828125,-1.64979104199316e-05,-6.94094672319031e-06,-6.94094672319031e-06
4.182,0.000315890185303304,-1.64490263735678e-05,-6.91860163867962e-06,-6.91860163867962e-06
4.183,0.000314949122502519,-1.64002862643904e-05,-6.89632851603761e-06,-6.89632851603761e-06
4.184,0.00031401084819083,-1.63516896717319e-05,-6.87412712342939e-06,-6.87412712342939e-06
4.185,0.000313075354157371,-1.6303236176143e-05,-6.85199722976741e-06,-6.85199722976741e-06
4.186,0.000312142632215271,-1.62549253593897e-05,-6.82993860470887e-06,-6.82993860470887e-06
4.187,0.000311212674201586,-1.6206756804449e-05,-6.80795101865324e-06,-6.80795101865324e-06
4.188,0.000310285471977234,-1.61587300955064e-05,-6.78603424273991e-06,-6.78603424273991e-06
4.189,0.00030936101742692,-1.61108448179515e-05,-6.76418804884592e-06,-6.76418804884592e-06
4.19,0.000308439302459072,-1.60631005583754e-05,-6.74241220958345e-06,-6.74241220958345e-06
4.191,0.000307520319005771,-1.60154969045665e-05,-6.72070649829752e-06,-6.72070649829752e-06
4.192,0.000306604059022678,-1.59680334455076e-05,-6.69907068906357e-06,-6.69907068906357e-06
4.193,0.000305690514488973,-1.59207097713722e-05,-6.67750455668516e-06,-6.67750455668516e-06
4.194,0.000304779677407284,-1.58735254735213e-05,-6.65600787669159e-06,-6.65600787669159e-06
4.195,0.000303871539803614,-1.58264801444999e-05,-6.63458042533555e-06,-6.63458042533555e-06
4.196,0.000302966093727281,-1.57795733780333e-05,-6.61322197959085e-06,-6.61322197959085e-06
4.197,0.000302063331250845,-1.57328047690243e-05,-6.59193231715003e-06,-6.59193231715003e-06
4.198,0.000301163244470046,-1.56861739135494e-05,-6.57071121642207e-06,-6.57071121642207e-06
4.199,0.000300265825503731,-1.56396804088556e-05,-6.54955845653011e-06,-6.54955845653011e-06
4.2,0.000299371066493789,-1.5593323853357e-05,-6.52847381730907e-06,-6.52847381730907e-06
4.201,0.000298478959605086,-1.55471038466314e-05,-6.50745707930336e-06,-6.50745707930336e-06
4.202,0.000297589497025399,-1.55010199894172e-05,-6.48650802376478e-06,-6.48650802376478e-06
4.203,0.000296702670965344,-1.54550718836097e-05,-6.46562643264993e-06,-6.46562643264993e-06
4.204,0.000295818473658317,-1.54092591322582e-05,-6.4448120886182e-06,-6.4448120886182e-06
4.205,0.000294936897360421,-1.53635813395621e-05,-6.42406477502937e-06,-6.42406477502937e-06
4.206,0.000294057934350409,-1.53180381108684e-05,-6.40338427594135e-06,-6.40338427594135e-06
4.207,0.000293181576929608,-1.52726290526678e-05,-6.38277037610807e-06,-6.38277037610807e-06
4.208,0.000292307817421863,-1.52273537725915e-05,-6.36222286097702e-06,-6.36222286097702e-06
4.209,0.000291436648173463,-1.51822118794083e-05,-6.3417415166872e-06,-6.3417415166872e-06
4.21,0.000290568061553085,-1.51372029830209e-05,-6.3213261300668e-06,-6.3213261300668e-06
4.211,0.000289702049951722,-1.50923266944628e-05,-6.30097648863091e-06,-6.30097648863091e-06
4.212,0.00028883860578262,-1.50475826258952e-05,-6.28069238057956e-06,-6.28069238057956e-06
4.213,0.000287977721481217,-1.50029703906035e-05,-6.26047359479517e-06,-6.26047359479517e-06
4.214,0.000287119389505073,-1.49584896029943e-05,-6.24031992084067e-06,-6.24031992084067e-06
4.215,0.000286263602333812,-1.49141398785923e-05,-6.22023114895705e-06,-6.22023114895705e-06
4.216,0.000285410352469051,-1.48699208340366e-05,-6.20020707006129e-06,-6.20020707006129e-06
4.217,0.000284559632434344,-1.48258320870778e-05,-6.18024747574425e-06,-6.18024747574425e-06
4.218,0.000283711434775112,-1.47818732565752e-05,-6.16035215826838e-06,-6.16035215826838e-06
4.219,0.000282865752058583,-1.47380439624928e-05,-6.14052091056554e-06,-6.14052091056554e-06
4.22,0.000282022576873729,-1.46943438258968e-05,-6.12075352623501e-06,-6.12075352623501e-06
4.221,0.000281181901831199,-1.46507724689522e-05,-6.10104979954111e-06,-6.10104979954111e-06
4.222,0.00028034371956326,-1.46073295149194e-05,-6.08140952541125e-06,-6.08140952541125e-06
4.223,0.000279508022723736,-1.45640145881518e-05,-6.0618324994337e-06,-6.0618324994337e-06
4.224,0.000278674803987938,-1.45208273140917e-05,-6.04231851785549e-06,-6.04231851785549e-06
4.225,0.000277844056052612,-1.4477767319268e-05,-6.02286737758019e-06,-6.02286737758019e-06
4.226,0.000277015771635865,-1.44348342312924e-05,-6.00347887616598e-06,-6.00347887616598e-06
4.227,0.000276189943477113,-1.43920276788569e-05,-5.98415281182331e-06,-5.98415281182331e-06
4.228,0.000275366564337018,-1.43493472917304e-05,-5.96488898341309e-06,-5.96488898341309e-06
4.229,0.000274545626997418,-1.43067927007554e-05,-5.94568719044426e-06,-5.94568719044426e-06
4.23,0.000273727124261276,-1.42643635378454e-05,-5.92654723307195e-06,-5.92654723307195e-06
4.231,0.000272911048952612,-1.42220594359816e-05,-5.90746891209532e-06,-5.90746891209532e-06
4.232,0.000272097393916444,-1.41798800292096e-05,-5.88845202895541e-06,-5.88845202895541e-06
4.233,0.00027128615201873,-1.41378249526368e-05,-5.86949638573324e-06,-5.86949638573324e-06
4.234,0.000270477316146301,-1.40958938424289e-05,-5.8506017851475e-06,-5.8506017851475e-06
4.235,0.000269670879206805,-1.40540863358072e-05,-5.83176803055275e-06,-5.83176803055275e-06
4.236,0.000268866834128648,-1.40124020710455e-05,-5.81299492593725e-06,-5.81299492593725e-06
4.237,0.000268065173860926,-1.3970840687467e-05,-5.79428227592086e-06,-5.79428227592086e-06
4.238,0.000267265891373376,-1.39294018254411e-05,-5.77562988575314e-06,-5.77562988575314e-06
4.239,0.000266468979656307,-1.38880851263809e-05,-5.75703756131119e-06,-5.75703756131119e-06
4.24,0.000265674431720545,-1.38468902327398e-05,-5.73850510909773e-06,-5.73850510909773e-06
4.241,0.000264882240597372,-1.38058167880087e-05,-5.72003233623905e-06,-5.72003233623905e-06
4.242,0.000264092399338465,-1.37648644367127e-05,-5.70161905048289e-06,-5.70161905048289e-06
4.243,0.000263304901015841,-1.37240328244088e-05,-5.68326506019666e-06,-5.68326506019666e-06
4.244,0.000262519738721795,-1.36833215976821e-05,-5.66497017436526e-06,-5.66497017436526e-06
4.245,0.000261736905568842,-1.36427304041435e-05,-5.64673420258914e-06,-5.64673420258914e-06
4.246,0.000260956394689657,-1.36022588924265e-05,-5.62855695508229e-06,-5.62855695508229e-06
4.247,0.00026017819923702,-1.35619067121843e-05,-5.61043824267042e-06,-5.61043824267042e-06
4.248,0.00025940231238375,-1.35216735140867e-05,-5.59237787678869e-06,-5.59237787678869e-06
4.249,0.00025862872732266,-1.34815589498176e-05,-5.57437566948009e-06,-5.57437566948009e-06
4.25,0.000257857437266483,-1.34415626720715e-05,-5.55643143339319e-06,-5.55643143339319e-06
4.251,0.000257088435447827,-1.34016843345512e-05,-5.53854498178034e-06,-5.53854498178034e-06
4.252,0.000256321715119114,-1.33619235919646e-05,-5.52071612849568e-06,-5.52071612849568e-06
4.253,0.000255557269552515,-1.33222801000217e-05,-5.50294468799328e-06,-5.50294468799328e-06
4.254,0.000254795092039904,-1.32827535154318e-05,-5.485230475325e-06,-5.485230475325e-06
4.255,0.000254035175892794,-1.32433434959011e-05,-5.46757330613887e-06,-5.46757330613887e-06
4.256,0.00025327751444228,-1.32040497001289e-05,-5.44997299667681e-06,-5.44997299667681e-06
4.257,0.000252522101038987,-1.31648717878057e-05,-5.43242936377308e-06,-5.43242936377308e-06
4.258,0.000251768929053007,-1.31258094196096e-05,-5.41494222485207e-06,-5.41494222485207e-06
4.259,0.000251017991873846,-1.3086862257204e-05,-5.39751139792657e-06,-5.39751139792657e-06
4.26,0.000250269282910369,-1.30480299632346e-05,-5.38013670159582e-06,-5.38013670159582e-06
4.261,0.000249522795590739,-1.30093122013263e-05,-5.36281795504362e-06,-5.36281795504362e-06
4.262,0.000248778523362366,-1.29707086360808e-05,-5.34555497803644e-06,-5.34555497803644e-06
4.263,0.000248036459691849,-1.29322189330737e-05,-5.3283475909216e-06,-5.3283475909216e-06
4.264,0.000247296598064919,-1.28938427588514e-05,-5.31119561462524e-06,-5.31119561462524e-06
4.265,0.000246558931986385,-1.28555797809287e-05,-5.2940988706507e-06,-5.2940988706507e-06
4.266,0.00024582345498008,-1.28174296677856e-05,-5.2770571810764e-06,-5.2770571810764e-06
4.267,0.000245090160588801,-1.27793920888652e-05,-5.26007036855421e-06,-5.26007036855421e-06
4.268,0.000244359042374261,-1.27414667145702e-05,-5.24313825630745e-06,-5.24313825630745e-06
4.269,0.000243630093917026,-1.27036532162604e-05,-5.22626066812903e-06,-5.22626066812903e-06
4.27,0.000242903308816467,-1.26659512662502e-05,-5.20943742837981e-06,-5.20943742837981e-06
4.271,0.000242178680690702,-1.26283605378055e-05,-5.19266836198659e-06,-5.19266836198659e-06
4.272,0.000241456203176543,-1.25908807051413e-05,-5.17595329444031e-06,-5.17595329444031e-06
4.273,0.00024073586992944,-1.25535114434186e-05,-5.15929205179427e-06,-5.15929205179427e-06
4.274,0.000240017674623426,-1.25162524287419e-05,-5.1426844606623e-06,-5.1426844606623e-06
4.275,0.00023930161095107,-1.24791033381565e-05,-5.12613034821697e-06,-5.12613034821697e-06
4.276,0.000238587672623414,-1.24420638496459e-05,-5.10962954218778e-06,-5.10962954218778e-06
4.277,0.000237875853369924,-1.24051336421287e-05,-5.09318187085932e-06,-5.09318187085932e-06
4.278,0.000237166146938437,-1.23683123954564e-05,-5.07678716306962e-06,-5.07678716306962e-06
4.279,0.000236458547095105,-1.23315997904102e-05,-5.06044524820819e-06,-5.06044524820819e-06
4.28,0.000235753047624345,-1.2294995508699e-05,-5.04415595621428e-06,-5.04415595621428e-06
4.281,0.000235049642328783,-1.2258499232956e-05,-5.02791911757524e-06,-5.02791911757524e-06
4.282,0.000234348325029202,-1.22221106467366e-05,-5.01173456332465e-06,-5.01173456332465e-06
4.283,0.000233649089564491,-1.21858294345155e-05,-4.99560212504046e-06,-4.99560212504046e-06
4.284,0.000232951929791591,-1.2149655281684e-05,-4.97952163484354e-06,-4.97952163484354e-06
4.285,0.000232256839585441,-1.21135878745476e-05,-4.96349292539551e-06,-4.96349292539551e-06
4.286,0.000231563812838928,-1.20776269003231e-05,-4.94751582989742e-06,-4.94751582989742e-06
4.287,0.000230872843462836,-1.20417720471362e-05,-4.93159018208769e-06,-4.93159018208769e-06
4.288,0.000230183925385787,-1.20060230040188e-05,-4.91571581624053e-06,-4.91571581624053e-06
4.289,0.0002294970525542,-1.19703794609063e-05,-4.89989256716423e-06,-4.89989256716423e-06
4.29,0.000228812218932231,-1.19348411086351e-05,-4.88412027019933e-06,-4.88412027019933e-06
4.291,0.000228129418501723,-1.18994076389402e-05,-4.86839876121703e-06,-4.86839876121703e-06
4.292,0.000227448645262159,-1.18640787444522e-05,-4.85272787661736e-06,-4.85272787661736e-06
4.293,0.000226769893230603,-1.1828854118695e-05,-4.83710745332756e-06,-4.83710745332756e-06
4.294,0.000226093156441655,-1.17937334560832e-05,-4.8215373288003e-06,-4.8215373288003e-06
4.295,0.000225418428947402,-1.17587164519195e-05,-4.80601734101212e-06,-4.80601734101212e-06
4.296,0.000224745704817356,-1.17238028023921e-05,-4.79054732846162e-06,-4.79054732846162e-06
4.297,0.000224074978138419,-1.16889922045722e-05,-4.77512713016781e-06,-4.77512713016781e-06
4.298,0.000223406243014817,-1.16542843564116e-05,-4.75975658566846e-06,-4.75975658566846e-06
4.299,0.000222739493568062,-1.16196789567399e-05,-4.74443553501838e-06,-4.74443553501838e-06
4.3,0.000222074723936895,-1.15851757052621e-05,-4.7291638187878e-06,-4.7291638187878e-06
4.301,0.000221411928277237,-1.15507743025563e-05,-4.71394127806068e-06,-4.71394127806068e-06
4.302,0.00022075110076214,-1.15164744500706e-05,-4.69876775443307e-06,-4.69876775443307e-06
4.303,0.000220092235581738,-1.14822758501213e-05,-4.68364309001146e-06,-4.68364309001146e-06
4.304,0.000219435326943195,-1.144817820589e-05,-4.66856712741105e-06,-4.66856712741105e-06
4.305,0.000218780369070657,-1.14141812214211e-05,-4.65353970975434e-06,-4.65353970975434e-06
4.306,0.000218127356205202,-1.13802846016193e-05,-4.63856068066919e-06,-4.63856068066919e-06
4.307,0.000217476282604792,-1.13464880522476e-05,-4.62362988428743e-06,-4.62362988428743e-06
4.308,0.000216827142544223,-1.13127912799241e-05,-4.60874716524312e-06,-4.60874716524312e-06
4.309,0.000216179930315075,-1.127919399212e-05,-4.59391236867094e-06,-4.59391236867094e-06
4.31,0.000215534640225665,-1.12456958971571e-05,-4.57912534020466e-06,-4.57912534020466e-06
4.311,0.000214891266600997,-1.12122967042053e-05,-4.5643859259754e-06,-4.5643859259754e-06
4.312,0.000214249803782716,-1.11789961232799e-05,-4.54969397261012e-06,-4.54969397261012e-06
4.313,0.000213610246129056,-1.11457938652398e-05,-4.53504932722999e-06,-4.53504932722999e-06
4.314,0.000212972588014792,-1.11126896417845e-05,-4.52045183744879e-06,-4.52045183744879e-06
4.315,0.000212336823831198,-1.10796831654517e-05,-4.50590135137139e-06,-4.50590135137139e-06
4.316,0.00021170294798599,-1.10467741496153e-05,-4.49139771759202e-06,-4.49139771759202e-06
4.317,0.000211070954903284,-1.10139623084828e-05,-4.47694078519286e-06,-4.47694078519286e-06
4.318,0.000210440839023548,-1.09812473570925e-05,-4.46253040374237e-06,-4.46253040374237e-06
4.319,0.000209812594803553,-1.09486290113118e-05,-4.44816642329373e-06,-4.44816642329373e-06
4.32,0.000209186216716323,-1.09161069878343e-05,-4.43384869438327e-06,-4.43384869438327e-06
4.321,0.000208561699251096,-1.08836810041777e-05,-4.41957706802904e-06,-4.41957706802904e-06
4.322,0.000207939036913266,-1.08513507786811e-05,-4.405351395729e-06,-4.405351395729e-06
4.323,0.000207318224224345,-1.0819116030503e-05,-4.39117152945968e-06,-4.39117152945968e-06
4.324,0.000206699255721913,-1.0786976479619e-05,-4.37703732167468e-06,-4.37703732167468e-06
4.325,0.000206082125959566,-1.07549318468188e-05,-4.36294862530289e-06,-4.36294862530289e-06
4.326,0.000205466829506881,-1.07229818537046e-05,-4.34890529374716e-06,-4.34890529374716e-06
4.327,0.000204853360949359,-1.06911262226884e-05,-4.33490718088277e-06,-4.33490718088277e-06
4.328,0.000204241714888382,-1.06593646769896e-05,-4.32095414105573e-06,-4.32095414105573e-06
4.329,0.000203631885941169,-1.0627696940633e-05,-4.3070460290815e-06,-4.3070460290815e-06
4.33,0.000203023868740727,-1.05961227384461e-05,-4.29318270024326e-06,-4.29318270024326e-06
4.331,0.000202417657935807,-1.05646417960571e-05,-4.27936401029061e-06,-4.27936401029061e-06
4.332,0.000201813248190859,-1.05332538398923e-05,-4.26558981543786e-06,-4.26558981543786e-06
4.333,0.00020121063418598,-1.05019585971742e-05,-4.25185997236267e-06,-4.25185997236267e-06
4.334,0.000200609810616879,-1.04707557959186e-05,-4.23817433820455e-06,-4.23817433820455e-06
4.335,0.000200010772194822,-1.0439645164933e-05,-4.22453277056329e-06,-4.22453277056329e-06
4.336,0.000199413513646592,-1.0408626433814e-05,-4.21093512749755e-06,-4.21093512749755e-06
4.337,0.000198818029714443,-1.03776993329448e-05,-4.19738126752334e-06,-4.19738126752334e-06
4.338,0.000198224315156052,-1.03468635934932e-05,-4.18387104961259e-06,-4.18387104961259e-06
4.339,0.000197632364744479,-1.03161189474096e-05,-4.17040433319161e-06,-4.17040433319161e-06
4.34,0.000197042173268119,-1.02854651274241e-05,-4.15698097813971e-06,-4.15698097813971e-06
4.341,0.000196453735530658,-1.02549018670448e-05,-4.14360084478766e-06,-4.14360084478766e-06
4.342,0.000195867046351028,-1.02244289005552e-05,-4.13026379391632e-06,-4.13026379391632e-06
4.343,0.000195282100563366,-1.01940459630122e-05,-4.11696968675511e-06,-4.11696968675511e-06
4.344,0.000194698893016962,-1.01637527902439e-05,-4.10371838498057e-06,-4.10371838498057e-06
4.345,0.000194117418576226,-1.01335491188471e-05,-4.09050975071501e-06,-4.09050975071501e-06
4.346,0.000193537672120632,-1.01034346861853e-05,-4.07734364652494e-06,-4.07734364652494e-06
4.347,0.000192959648544684,-1.00734092303865e-05,-4.06421993541975e-06,-4.06421993541975e-06
4.348,0.000192383342757869,-1.00434724903409e-05,-4.05113848085022e-06,-4.05113848085022e-06
4.349,0.000191808749684607,-1.00136242056988e-05,-4.03809914670715e-06,-4.03809914670715e-06
4.35,0.00019123586426422,-9.98386411686831e-06,-4.02510179731982e-06,-4.02510179731982e-06
4.351,0.000190664681450878,-9.95419196501321e-06,-4.01214629745474e-06,-4.01214629745474e-06
4.352,0.000190095196213561,-9.92460749205074e-06,-3.99923251231418e-06,-3.99923251231418e-06
4.353,0.000189527403536014,-9.89511044064956e-06,-3.98636030753473e-06,-3.98636030753473e-06
4.354,0.000188961298416703,-9.86570055422736e-06,-3.9735295491858e-06,-3.9735295491858e-06
4.355,0.000188396875868778,-9.83637757694893e-06,-3.96074010376859e-06,-3.96074010376859e-06
4.356,0.000187834130920021,-9.80714125372388e-06,-3.94799183821422e-06,-3.94799183821422e-06
4.357,0.000187273058612812,-9.77799133020445e-06,-3.93528461988267e-06,-3.93528461988267e-06
4.358,0.00018671365400408,-9.74892755278353e-06,-3.92261831656134e-06,-3.92261831656134e-06
4.359,0.000186155912165266,-9.71994966859232e-06,-3.90999279646359e-06,-3.90999279646359e-06
4.36,0.000185599828182277,-9.6910574254984e-06,-3.89740792822743e-06,-3.89740792822743e-06
4.361,0.000185045397155444,-9.66225057210351e-06,-3.88486358091414e-06,-3.88486358091414e-06
4.362,0.000184492614199483,-9.63352885774136e-06,-3.87235962400688e-06,-3.87235962400688e-06
4.363,0.00018394147444345,-9.60489203247567e-06,-3.85989592740938e-06,-3.85989592740938e-06
4.364,0.000183391973030702,-9.576339847098e-06,-3.84747236144453e-06,-3.84747236144453e-06
4.365,0.000182844105118851,-9.54787205312558e-06,-3.83508879685306e-06,-3.83508879685306e-06
4.366,0.000182297865879727,-9.51948840279935e-06,-3.82274510479223e-06,-3.82274510479223e-06
4.367,0.000181753250499336,-9.49118864908174e-06,-3.81044115683436e-06,-3.81044115683436e-06
4.368,0.000181210254177815,-9.4629725456547e-06,-3.79817682496566e-06,-3.79817682496566e-06
4.369,0.000180668872129396,-9.4348398469176e-06,-3.78595198158477e-06,-3.78595198158477e-06
4.37,0.00018012909958236,-9.40679030798505e-06,-3.77376649950146e-06,-3.77376649950146e-06
4.371,0.000179590931779001,-9.37882368468501e-06,-3.76162025193538e-06,-3.76162025193538e-06
4.372,0.00017905436397558,-9.35093973355664e-06,-3.74951311251464e-06,-3.74951311251464e-06
4.373,0.000178519391442288,-9.32313821184819e-06,-3.7374449552745e-06,-3.7374449552745e-06
4.374,0.000177986009463205,-9.29541887751511e-06,-3.72541565465616e-06,-3.72541565465616e-06
4.375,0.000177454213336259,-9.26778148921784e-06,-3.71342508550531e-06,-3.71342508550531e-06
4.376,0.000176923998373184,-9.24022580631992e-06,-3.70147312307093e-06,-3.70147312307093e-06
4.377,0.000176395359899484,-9.21275158888589e-06,-3.68955964300397e-06,-3.68955964300397e-06
4.378,0.000175868293254387,-9.18535859767923e-06,-3.67768452135602e-06,-3.67768452135602e-06
4.379,0.000175342793790811,-9.15804659416043e-06,-3.66584763457803e-06,-3.66584763457803e-06
4.38,0.000174818856875321,-9.13081534048496e-06,-3.65404885951909e-06,-3.65404885951909e-06
4.381,0.000174296477888087,-9.10366459950118e-06,-3.64228807342499e-06,-3.64228807342499e-06
4.382,0.00017377565222285,-9.07659413474848e-06,-3.63056515393715e-06,-3.63056515393715e-06
4.383,0.000173256375286879,-9.04960371045511e-06,-3.61887997909116e-06,-3.61887997909116e-06
4.384,0.00017273864250093,-9.0226930915364e-06,-3.60723242731559e-06,-3.60723242731559e-06
4.385,0.000172222449299212,-8.99586204359263e-06,-3.59562237743077e-06,-3.59562237743077e-06
4.386,0.000171707791129342,-8.96911033290704e-06,-3.58404970864741e-06,-3.58404970864741e-06
4.387,0.000171194663452308,-8.94243772644399e-06,-3.57251430056547e-06,-3.57251430056547e-06
4.388,0.000170683061742433,-8.9158439918469e-06,-3.5610160331728e-06,-3.5610160331728e-06
4.389,0.000170172981487332,-8.88932889743625e-06,-3.54955478684394e-06,-3.54955478684394e-06
4.39,0.000169664418187875,-8.86289221220778e-06,-3.53813044233888e-06,-3.53813044233888e-06
4.391,0.000169157367358149,-8.83653370583032e-06,-3.52674288080178e-06,-3.52674288080178e-06
4.392,0.000168651824525418,-8.81025314864407e-06,-3.51539198375978e-06,-3.51539198375978e-06
4.393,0.000168147785230085,-8.78405031165856e-06,-3.50407763312173e-06,-3.50407763312173e-06
4.394,0.000167645245025655,-8.75792496655064e-06,-3.49279971117698e-06,-3.49279971117698e-06
4.395,0.000167144199478696,-8.73187688566271e-06,-3.48155810059412e-06,-3.48155810059412e-06
4.396,0.000166644644168801,-8.70590584200072e-06,-3.47035268441982e-06,-3.47035268441982e-06
4.397,0.000166146574688547,-8.68001160923218e-06,-3.45918334607753e-06,-3.45918334607753e-06
4.398,0.000165649986643465,-8.65419396168445e-06,-3.44804996936635e-06,-3.44804996936635e-06
4.399,0.000165154875651992,-8.62845267434257e-06,-3.43695243845974e-06,-3.43695243845974e-06
4.4,0.000164661237345441,-8.60278752284763e-06,-3.42589063790436e-06,-3.42589063790436e-06
4.401,0.000164169067367963,-8.57719828349469e-06,-3.41486445261892e-06,-3.41486445261892e-06
4.402,0.000163678361376505,-8.55168473323094e-06,-3.40387376789282e-06,-3.40387376789282e-06
4.403,0.000163189115040775,-8.52624664965385e-06,-3.39291846938512e-06,-3.39291846938512e-06
4.404,0.000162701324043208,-8.50088381100929e-06,-3.38199844312329e-06,-3.38199844312329e-06
4.405,0.000162214984078923,-8.47559599618957e-06,-3.37111357550195e-06,-3.37111357550195e-06
4.406,0.00016173009085569,-8.45038298473172e-06,-3.36026375328184e-06,-3.36026375328184e-06
4.407,0.000161246640093894,-8.42524455681548e-06,-3.34944886358847e-06,-3.34944886358847e-06
4.408,0.000160764627526494,-8.40018049326156e-06,-3.33866879391109e-06,-3.33866879391109e-06
4.409,0.00016028404889899,-8.37519057552975e-06,-3.32792343210142e-06,-3.32792343210142e-06
4.41,0.000159804899969384,-8.35027458571699e-06,-3.31721266637253e-06,-3.31721266637253e-06
4.411,0.000159327176508147,-8.32543230655568e-06,-3.30653638529766e-06,-3.30653638529766e-06
4.412,0.000158850874298178,-8.30066352141178e-06,-3.29589447780906e-06,-3.29589447780906e-06
4.413,0.00015837598913477,-8.27596801428288e-06,-3.28528683319681e-06,-3.28528683319681e-06
4.414,0.000157902516825577,-8.25134556979657e-06,-3.27471334110773e-06,-3.27471334110773e-06
4.415,0.000157430453190572,-8.22679597320842e-06,-3.26417389154418e-06,-3.26417389154418e-06
4.416,0.000156959794062015,-8.20231901040034e-06,-3.25366837486289e-06,-3.25366837486289e-06
4.417,0.000156490535284416,-8.17791446787867e-06,-3.24319668177392e-06,-3.24319668177392e-06
4.418,0.000156022672714499,-8.15358213277235e-06,-3.23275870333936e-06,-3.23275870333936e-06
4.419,0.000155556202221167,-8.12932179283123e-06,-3.22235433097238e-06,-3.22235433097238e-06
4.42,0.000155091119685469,-8.1051332364242e-06,-3.21198345643597e-06,-3.21198345643597e-06
4.421,0.000154627421000557,-8.08101625253739e-06,-3.20164597184183e-06,-3.20164597184183e-06
4.422,0.00015416510207166,-8.05697063077246e-06,-3.19134176964929e-06,-3.19134176964929e-06
4.423,0.00015370415881604,-8.03299616134471e-06,-3.18107074266417e-06,-3.18107074266417e-06
4.424,0.000153244587162966,-8.00909263508142e-06,-3.17083278403763e-06,-3.17083278403763e-06
4.425,0.000152786383053671,-7.98525984342005e-06,-3.16062778726513e-06,-3.16062778726513e-06
4.426,0.00015232954244132,-7.96149757840639e-06,-3.15045564618525e-06,-3.15045564618525e-06
4.427,0.000151874061290979,-7.93780563269293e-06,-3.14031625497859e-06,-3.14031625497859e-06
4.428,0.000151419935579573,-7.91418379953705e-06,-3.13020950816671e-06,-3.13020950816671e-06
4.429,0.000150967161295857,-7.89063187279922e-06,-3.12013530061103e-06,-3.12013530061103e-06
4.43,0.000150515734440379,-7.86714964694137e-06,-3.11009352751167e-06,-3.11009352751167e-06
4.431,0.000150065651025448,-7.84373691702503e-06,-3.10008408440643e-06,-3.10008408440643e-06
4.432,0.000149616907075095,-7.82039347870969e-06,-3.09010686716967e-06,-3.09010686716967e-06
4.433,0.000149169498625044,-7.79711912825105e-06,-3.08016177201123e-06,-3.08016177201123e-06
4.434,0.000148723421722675,-7.77391366249924e-06,-3.07024869547532e-06,-3.07024869547532e-06
4.435,0.000148278672426992,-7.75077687889718e-06,-3.06036753443953e-06,-3.06036753443953e-06
4.436,0.000147835246808584,-7.72770857547884e-06,-3.05051818611364e-06,-3.05051818611364e-06
4.437,0.000147393140949599,-7.70470855086748e-06,-3.04070054803862e-06,-3.04070054803862e-06
4.438,0.000146952350943705,-7.68177660427404e-06,-3.03091451808556e-06,-3.03091451808556e-06
4.439,0.000146512872896055,-7.65891253549535e-06,-3.02115999445458e-06,-3.02115999445458e-06
4.44,0.000146074702923259,-7.63611614491249e-06,-3.01143687567378e-06,-3.01143687567378e-06
4.441,0.000145637837153348,-7.61338723348914e-06,-3.00174506059819e-06,-3.00174506059819e-06
4.442,0.000145202271725738,-7.59072560276974e-06,-2.99208444840873e-06,-2.99208444840873e-06
4.443,0.0001447680027912,-7.56813105487799e-06,-2.98245493861112e-06,-2.98245493861112e-06
4.444,0.000144335026511826,-7.54560339251511e-06,-2.97285643103487e-06,-2.97285643103487e-06
4.445,0.000143903339060996,-7.52314241895808e-06,-2.96328882583218e-06,-2.96328882583218e-06
4.446,0.000143472936623346,-7.50074793805815e-06,-2.95375202347703e-06,-2.95375202347703e-06
4.447,0.000143043815394732,-7.478419754239e-06,-2.94424592476396e-06,-2.94424592476396e-06
4.448,0.0001426159715822,-7.45615767249523e-06,-2.93477043080717e-06,-2.93477043080717e-06
4.449,0.000142189401403953,-7.43396149839063e-06,-2.92532544303948e-06,-2.92532544303948e-06
4.45,0.000141764101089319,-7.41183103805653e-06,-2.9159108632112e-06,-2.9159108632112e-06
4.451,0.000141340066878716,-7.38976609819019e-06,-2.90652659338926e-06,-2.90652659338926e-06
4.452,0.000140917295023622,-7.36776648605318e-06,-2.89717253595607e-06,-2.89717253595607e-06
4.453,0.000140495781786541,-7.34583200946968e-06,-2.88784859360856e-06,-2.88784859360856e-06
4.454,0.000140075523440975,-7.32396247682494e-06,-2.87855466935712e-06,-2.87855466935712e-06
4.455,0.000139656516271384,-7.30215769706354e-06,-2.86929066652464e-06,-2.86929066652464e-06
4.456,0.000139238756573163,-7.28041747968792e-06,-2.86005648874549e-06,-2.86005648874549e-06
4.457,0.000138822240652603,-7.25874163475666e-06,-2.85085203996451e-06,-2.85085203996451e-06
4.458,0.000138406964826863,-7.23712997288286e-06,-2.84167722443597e-06,-2.84167722443597e-06
4.459,0.000137992925423936,-7.21558230523264e-06,-2.83253194672266e-06,-2.83253194672266e-06
4.46,0.000137580118782622,-7.19409844352346e-06,-2.82341611169483e-06,-2.82341611169483e-06
4.461,0.000137168541252488,-7.17267820002248e-06,-2.81432962452919e-06,-2.81432962452919e-06
4.462,0.000136758189193846,-7.15132138754514e-06,-2.805272390708e-06,-2.805272390708e-06
4.463,0.000136349058977714,-7.13002781945334e-06,-2.79624431601797e-06,-2.79624431601797e-06
4.464,0.00013594114698579,-7.10879730965409e-06,-2.78724530654938e-06,-2.78724530654938e-06
4.465,0.000135534449610419,-7.08762967259778e-06,-2.77827526869506e-06,-2.77827526869506e-06
4.466,0.00013512896325456,-7.06652472327664e-06,-2.76933410914943e-06,-2.76933410914943e-06
4.467,0.000134724684331758,-7.0454822772232e-06,-2.76042173490749e-06,-2.76042173490749e-06
4.468,0.000134321609266111,-7.02450215050875e-06,-2.75153805326388e-06,-2.75153805326388e-06
4.469,0.00013391973449224,-7.00358415974166e-06,-2.74268297181194e-06,-2.74268297181194e-06
4.47,0.000133519056455259,-6.98272812206599e-06,-2.73385639844268e-06,-2.73385639844268e-06
4.471,0.000133119571610743,-6.9619338551598e-06,-2.72505824134388e-06,-2.72505824134388e-06
4.472,0.000132721276424697,-6.94120117723369e-06,-2.71628840899913e-06,-2.71628840899913e-06
4.473,0.000132324167373529,-6.92052990702927e-06,-2.70754681018684e-06,-2.70754681018684e-06
4.474,0.000131928240944014,-6.89991986381748e-06,-2.6988333539793e-06,-2.6988333539793e-06
4.475,0.000131533493633271,-6.87937086739727e-06,-2.69014794974176e-06,-2.69014794974176e-06
4.476,0.000131139921948724,-6.85888273809393e-06,-2.68149050713148e-06,-2.68149050713148e-06
4.477,0.000130747522408081,-6.83845529675755e-06,-2.67286093609675e-06,-2.67286093609675e-06
4.478,0.000130356291539296,-6.81808836476164e-06,-2.664259146876e-06,-2.664259146876e-06
4.479,0.000129966225880544,-6.79778176400144e-06,-2.65568504999682e-06,-2.65568504999682e-06
4.48,0.000129577321980189,-6.77753531689255e-06,-2.64713855627507e-06,-2.64713855627507e-06
4.481,0.000129189576396758,-6.75734884636939e-06,-2.63861957681396e-06,-2.63861957681396e-06
4.482,0.000128802985698904,-6.73722217588359e-06,-2.63012802300305e-06,-2.63012802300305e-06
4.483,0.000128417546465384,-6.71715512940268e-06,-2.62166380651738e-06,-2.62166380651738e-06
4.484,0.000128033255285024,-6.69714753140842e-06,-2.61322683931659e-06,-2.61322683931659e-06
4.485,0.000127650108756692,-6.67719920689543e-06,-2.60481703364392e-06,-2.60481703364392e-06
4.486,0.00012726810348927,-6.65730998136968e-06,-2.59643430202531e-06,-2.59643430202531e-06
4.487,0.000126887236101622,-6.63747968084691e-06,-2.58807855726858e-06,-2.58807855726858e-06
4.488,0.000126507503222566,-6.61770813185133e-06,-2.57974971246238e-06,-2.57974971246238e-06
4.489,0.000126128901490846,-6.59799516141402e-06,-2.57144768097543e-06,-2.57144768097543e-06
4.49,0.000125751427555099,-6.57834059707145e-06,-2.56317237645548e-06,-2.56317237645548e-06
4.491,0.000125375078073833,-6.55874426686415e-06,-2.55492371282853e-06,-2.55492371282853e-06
4.492,0.000124999849715391,-6.53920599933508e-06,-2.54670160429784e-06,-2.54670160429784e-06
4.493,0.000124625739157926,-6.5197256235283e-06,-2.5385059653431e-06,-2.5385059653431e-06
4.494,0.000124252743089373,-6.5003029689875e-06,-2.53033671071952e-06,-2.53033671071952e-06
4.495,0.000123880858207419,-6.48093786575445e-06,-2.5221937554569e-06,-2.5221937554569e-06
4.496,0.000123510081219473,-6.46163014436771e-06,-2.51407701485884e-06,-2.51407701485884e-06
4.497,0.00012314040884264,-6.44237963586112e-06,-2.50598640450176e-06,-2.50598640450176e-06
4.498,0.000122771837803694,-6.42318617176228e-06,-2.49792184023407e-06,-2.49792184023407e-06
4.499,0.000122404364839044,-6.40404958409131e-06,-2.48988323817528e-06,-2.48988323817528e-06
4.5,0.000122037986694711,-6.38496970535923e-06,-2.48187051471516e-06,-2.48187051471516e-06
4.501,0.000121672700126301,-6.36594636856666e-06,-2.47388358651278e-06,-2.47388358651278e-06
4.502,0.00012130850189897,-6.3469794072024e-06,-2.46592237049579e-06,-2.46592237049579e-06
4.503,0.000120945388787402,-6.32806865524191e-06,-2.45798678385936e-06,-2.45798678385936e-06
4.504,0.000120583357575782,-6.30921394714602e-06,-2.45007674406552e-06,-2.45007674406552e-06
4.505,0.000120222405057763,-6.29041511785947e-06,-2.44219216884215e-06,-2.44219216884215e-06
4.506,0.000119862528036442,-6.2716720028095e-06,-2.43433297618219e-06,-2.43433297618219e-06
4.507,0.000119503723324332,-6.25298443790448e-06,-2.4264990843428e-06,-2.4264990843428e-06
4.508,0.000119145987743332,-6.23435225953247e-06,-2.4186904118444e-06,-2.4186904118444e-06
4.509,0.000118789318124705,-6.2157753045599e-06,-2.41090687747002e-06,-2.41090687747002e-06
4.51,0.000118433711309044,-6.19725341033016e-06,-2.40314840026426e-06,-2.40314840026426e-06
4.511,0.00011807916414625,-6.17878641466212e-06,-2.39541489953252e-06,-2.39541489953252e-06
4.512,0.000117725673495502,-6.16037415584891e-06,-2.3877062948402e-06,-2.3877062948402e-06
4.513,0.00011737323622523,-6.14201647265647e-06,-2.38002250601183e-06,-2.38002250601183e-06
4.514,0.000117021849213089,-6.12371320432213e-06,-2.37236345313018e-06,-2.37236345313018e-06
4.515,0.000116671509345932,-6.10546419055336e-06,-2.36472905653553e-06,-2.36472905653553e-06
4.516,0.000116322213519782,-6.08726927152626e-06,-2.35711923682476e-06,-2.35711923682476e-06
4.517,0.000115973958639806,-6.06912828788436e-06,-2.34953391485056e-06,-2.34953391485056e-06
4.518,0.000115626741620289,-6.05104108073717e-06,-2.3419730117206e-06,-2.3419730117206e-06
4.519,0.000115280559384604,-6.03300749165881e-06,-2.3344364487967e-06,-2.3344364487967e-06
4.52,0.000114935408865191,-6.01502736268674e-06,-2.32692414769402e-06,-2.32692414769402e-06
4.521,0.000114591287003525,-5.99710053632039e-06,-2.31943603028026e-06,-2.31943603028026e-06
4.522,0.000114248190750092,-5.97922685551975e-06,-2.31197201867476e-06,-2.31197201867476e-06
4.523,0.000113906117064365,-5.96140616370417e-06,-2.30453203524784e-06,-2.30453203524784e-06
4.524,0.000113565062914772,-5.94363830475088e-06,-2.29711600261984e-06,-2.29711600261984e-06
4.525,0.000113225025278676,-5.92592312299378e-06,-2.28972384366042e-06,-2.28972384366042e-06
4.526,0.000112886001142344,-5.90826046322209e-06,-2.28235548148772e-06,-2.28235548148772e-06
4.527,0.000112547987500923,-5.89065017067895e-06,-2.27501083946752e-06,-2.27501083946752e-06
4.528,0.000112210981358415,-5.8730920910602e-06,-2.26768984121248e-06,-2.26768984121248e-06
4.529,0.00011187497972765,-5.85558607051307e-06,-2.26039241058141e-06,-2.26039241058141e-06
4.53,0.000111539979630258,-5.83813195563474e-06,-2.25311847167832e-06,-2.25311847167832e-06
4.531,0.000111205978096649,-5.82072959347123e-06,-2.2458679488518e-06,-2.2458679488518e-06
4.532,0.000110872972165982,-5.80337883151592e-06,-2.23864076669406e-06,-2.23864076669406e-06
4.533,0.00011054095888614,-5.78607951770838e-06,-2.23143685004032e-06,-2.23143685004032e-06
4.534,0.000110209935313707,-5.76883150043301e-06,-2.22425612396791e-06,-2.22425612396791e-06
4.535,0.000109879898513942,-5.75163462851776e-06,-2.21709851379551e-06,-2.21709851379551e-06
4.536,0.000109550845560751,-5.73448875123285e-06,-2.2099639450824e-06,-2.2099639450824e-06
4.537,0.000109222773536665,-5.71739371828953e-06,-2.20285234362767e-06,-2.20285234362767e-06
4.538,0.000108895679532813,-5.70034937983868e-06,-2.19576363546944e-06,-2.19576363546944e-06
4.539,0.000108569560648896,-5.68335558646969e-06,-2.18869774688413e-06,-2.18869774688413e-06
4.54,0.000108244413993165,-5.66641218920905e-06,-2.18165460438557e-06,-2.18165460438557e-06
4.541,0.000107920236682392,-5.64951903951919e-06,-2.17463413472441e-06,-2.17463413472441e-06
4.542,0.00010759702584185,-5.63267598929717e-06,-2.16763626488725e-06,-2.16763626488725e-06
4.543,0.000107274778605281,-5.61588289087336e-06,-2.16066092209589e-06,-2.16066092209589e-06
4.544,0.000106953492114879,-5.59913959701032e-06,-2.15370803380656e-06,-2.15370803380656e-06
4.545,0.000106633163521262,-5.58244596090143e-06,-2.14677752770923e-06,-2.14677752770923e-06
4.546,0.000106313789983443,-5.56580183616966e-06,-2.13986933172678e-06,-2.13986933172678e-06
4.547,0.000105995368668815,-5.5492070768664e-06,-2.1329833740143e-06,-2.1329833740143e-06
4.548,0.000105677896753116,-5.53266153747007e-06,-2.12611958295832e-06,-2.12611958295832e-06
4.549,0.000105361371420412,-5.51616507288506e-06,-2.11927788717606e-06,-2.11927788717606e-06
4.55,0.000105045789863072,-5.49971753844038e-06,-2.11245821551472e-06,-2.11245821551472e-06
4.551,0.000104731149281738,-5.4833187898884e-06,-2.10566049705067e-06,-2.10566049705067e-06
4.552,0.000104417446885306,-5.46696868340374e-06,-2.09888466108879e-06,-2.09888466108879e-06
4.553,0.000104104679890904,-5.45066707558196e-06,-2.09213063716169e-06,-2.09213063716169e-06
4.554,0.000103792845523858,-5.43441382343834e-06,-2.08539835502899e-06,-2.08539835502899e-06
4.555,0.00010348194101768,-5.41820878440671e-06,-2.07868774467658e-06,-2.07868774467658e-06
4.556,0.000103171963614036,-5.40205181633815e-06,-2.07199873631586e-06,-2.07199873631586e-06
4.557,0.000102862910562725,-5.38594277749991e-06,-2.06533126038312e-06,-2.06533126038312e-06
4.558,0.000102554779121656,-5.36988152657409e-06,-2.05868524753868e-06,-2.05868524753868e-06
4.559,0.000102247566556819,-5.35386792265644e-06,-2.05206062866627e-06,-2.05206062866627e-06
4.56,0.000101941270142271,-5.33790182525524e-06,-2.04545733487223e-06,-2.04545733487223e-06
4.561,0.000101635887160103,-5.32198309429006e-06,-2.03887529748487e-06,-2.03887529748487e-06
4.562,0.000101331414900421,-5.30611159009051e-06,-2.03231444805371e-06,-2.03231444805371e-06
4.563,0.000101027850661323,-5.29028717339516e-06,-2.02577471834877e-06,-2.02577471834877e-06
4.564,0.000100725191748873,-5.27450970535025e-06,-2.01925604035986e-06,-2.01925604035986e-06
4.565,0.000100423435477079,-5.25877904750856e-06,-2.01275834629588e-06,-2.01275834629588e-06
4.566,0.000100122579167873,-5.24309506182826e-06,-2.00628156858412e-06,-2.00628156858412e-06
4.567,9.98226201510788e-05,-5.22745761067164e-06,-1.99982563986954e-06,-1.99982563986954e-06
4.568,9.95235557643999e-05,-5.21186655680401e-06,-1.99339049301407e-06,-1.99339049301407e-06
4.569,9.92253833533892e-05,-5.19632176339254e-06,-1.98697606109593e-06,-1.98697606109593e-06
4.57,9.89281002714277e-05,-5.18082309400502e-06,-1.9805822774089e-06,-1.9805822774089e-06
4.571,9.8631703879703e-05,-5.16537041260878e-06,-1.97420907546166e-06,-1.97420907546166e-06
4.572,9.83361915471842e-05,-5.14996358356945e-06,-1.96785638897706e-06,-1.96785638897706e-06
4.573,9.80415606506013e-05,-5.13460247164988e-06,-1.9615241518915e-06,-1.9615241518915e-06
4.574,9.77478085744214e-05,-5.11928694200896e-06,-1.95521229835414e-06,-1.95521229835414e-06
4.575,9.74549327108251e-05,-5.10401686020042e-06,-1.94892076272629e-06,-1.94892076272629e-06
4.576,9.7162930459686e-05,-5.08879209217174e-06,-1.9426494795807e-06,-1.9426494795807e-06
4.577,9.68717992285469e-05,-5.07361250426304e-06,-1.93639838370091e-06,-1.93639838370091e-06
4.578,9.65815364325969e-05,-5.05847796320582e-06,-1.9301674100805e-06,-1.9301674100805e-06
4.579,9.62921394946504e-05,-5.04338833612194e-06,-1.92395649392249e-06,-1.92395649392249e-06
4.58,9.60036058451234e-05,-5.02834349052243e-06,-1.9177655706386e-06,-1.9177655706386e-06
4.581,9.57159329220122e-05,-5.01334329430637e-06,-1.91159457584866e-06,-1.91159457584866e-06
4.582,9.54291181708711e-05,-4.99838761575978e-06,-1.90544344537983e-06,-1.90544344537983e-06
4.583,9.51431590447891e-05,-4.98347632355446e-06,-1.89931211526604e-06,-1.89931211526604e-06
4.584,9.48580530043694e-05,-4.96860928674689e-06,-1.89320052174723e-06,-1.89320052174723e-06
4.585,9.4573797517707e-05,-4.95378637477716e-06,-1.88710860126878e-06,-1.88710860126878e-06
4.586,9.42903900603655e-05,-4.93900745746773e-06,-1.88103629048075e-06,-1.88103629048075e-06
4.587,9.40078281153573e-05,-4.92427240502248e-06,-1.8749835262373e-06,-1.8749835262373e-06
4.588,9.37261091731194e-05,-4.90958108802545e-06,-1.86895024559599e-06,-1.86895024559599e-06
4.589,9.34452307314942e-05,-4.89493337743985e-06,-1.86293638581714e-06,-1.86293638581714e-06
4.59,9.3165190295706e-05,-4.88032914460694e-06,-1.85694188436318e-06,-1.85694188436318e-06
4.591,9.28859853783394e-05,-4.86576826124482e-06,-1.85096667889796e-06,-1.85096667889796e-06
4.592,9.26076134993191e-05,-4.85125059944751e-06,-1.84501070728617e-06,-1.84501070728617e-06
4.593,9.23300721858872e-05,-4.83677603168374e-06,-1.83907390759263e-06,-1.83907390759263e-06
4.594,9.20533589725816e-05,-4.82234443079586e-06,-1.83315621808168e-06,-1.83315621808168e-06
4.595,9.17774714012161e-05,-4.80795566999884e-06,-1.82725757721654e-06,-1.82725757721654e-06
4.596,9.15024070208571e-05,-4.79360962287908e-06,-1.8213779236586e-06,-1.8213779236586e-06
4.597,9.12281633878039e-05,-4.77930616339344e-06,-1.81551719626693e-06,-1.81551719626693e-06
4.598,9.09547380655673e-05,-4.76504516586807e-06,-1.80967533409747e-06,-1.80967533409747e-06
4.599,9.0682128624847e-05,-4.75082650499738e-06,-1.80385227640252e-06,-1.80385227640252e-06
4.6,9.04103326435126e-05,-4.73665005584298e-06,-1.79804796263004e-06,-1.79804796263004e-06
4.601,9.01393477065818e-05,-4.7225156938326e-06,-1.79226233242306e-06,-1.79226233242306e-06
4.602,8.98691714061982e-05,-4.70842329475899e-06,-1.78649532561901e-06,-1.78649532561901e-06
4.603,8.95998013416129e-05,-4.69437273477894e-06,-1.78074688224915e-06,-1.78074688224915e-06
4.604,8.93312351191609e-05,-4.68036389041213e-06,-1.77501694253789e-06,-1.77501694253789e-06
4.605,8.90634703522429e-05,-4.66639663854016e-06,-1.76930544690221e-06,-1.76930544690221e-06
4.606,8.8796504661303e-05,-4.65247085640545e-06,-1.763612335951e-06,-1.763612335951e-06
4.607,8.8530335673808e-05,-4.63858642161018e-06,-1.75793755048448e-06,-1.75793755048448e-06
4.608,8.82649610242281e-05,-4.62474321211528e-06,-1.75228103149354e-06,-1.75228103149354e-06
4.609,8.80003783540152e-05,-4.6109411062394e-06,-1.74664272015917e-06,-1.74664272015917e-06
4.61,8.77365853115826e-05,-4.59717998265778e-06,-1.74102255785184e-06,-1.74102255785184e-06
4.611,8.74735795522852e-05,-4.58345972040134e-06,-1.73542048613086e-06,-1.73542048613086e-06
4.612,8.72113587383984e-05,-4.56978019885553e-06,-1.72983644674378e-06,-1.72983644674378e-06
4.613,8.69499205390983e-05,-4.55614129775939e-06,-1.72427038162582e-06,-1.72427038162582e-06
4.614,8.66892626304417e-05,-4.54254289720447e-06,-1.71872223289922e-06,-1.71872223289922e-06
4.615,8.64293826953449e-05,-4.52898487763382e-06,-1.71319194287265e-06,-1.71319194287265e-06
4.616,8.61702784235649e-05,-4.51546711984097e-06,-1.70767945404064e-06,-1.70767945404064e-06
4.617,8.5911947511678e-05,-4.50198950496888e-06,-1.70218470908293e-06,-1.70218470908293e-06
4.618,8.56543876630613e-05,-4.48855191450901e-06,-1.69670765086391e-06,-1.69670765086391e-06
4.619,8.53975965878718e-05,-4.47515423030022e-06,-1.69124822243202e-06,-1.69124822243202e-06
4.62,8.5141572003026e-05,-4.46179633452776e-06,-1.68580636701912e-06,-1.68580636701912e-06
4.621,8.48863116321816e-05,-4.44847810972234e-06,-1.68038202803998e-06,-1.68038202803998e-06
4.622,8.46318132057168e-05,-4.43519943875906e-06,-1.6749751490916e-06,-1.6749751490916e-06
4.623,8.43780744607102e-05,-4.42196020485641e-06,-1.66958567395269e-06,-1.66958567395269e-06
4.624,8.41250931409225e-05,-4.40876029157532e-06,-1.66421354658303e-06,-1.66421354658303e-06
4.625,8.38728669967752e-05,-4.39559958281811e-06,-1.65885871112294e-06,-1.65885871112294e-06
4.626,8.36213937853324e-05,-4.38247796282751e-06,-1.65352111189266e-06,-1.65352111189266e-06
4.627,8.33706712702813e-05,-4.36939531618573e-06,-1.64820069339178e-06,-1.64820069339178e-06
4.628,8.31206972219112e-05,-4.35635152781335e-06,-1.64289740029867e-06,-1.64289740029867e-06
4.629,8.28714694170965e-05,-4.34334648296846e-06,-1.63761117746988e-06,-1.63761117746988e-06
4.63,8.26229856392756e-05,-4.33038006724564e-06,-1.63234196993964e-06,-1.63234196993964e-06
4.631,8.23752436784321e-05,-4.3174521665749e-06,-1.62708972291917e-06,-1.62708972291917e-06
4.632,8.21282413310762e-05,-4.30456266722085e-06,-1.6218543817962e-06,-1.6218543817962e-06
4.633,8.18819764002245e-05,-4.29171145578158e-06,-1.61663589213438e-06,-1.61663589213438e-06
4.634,8.16364466953821e-05,-4.27889841918782e-06,-1.61143419967268e-06,-1.61143419967268e-06
4.635,8.13916500325229e-05,-4.26612344470188e-06,-1.60624925032488e-06,-1.60624925032488e-06
4.636,8.11475842340702e-05,-4.25338641991672e-06,-1.60108099017896e-06,-1.60108099017896e-06
4.637,8.09042471288788e-05,-4.240687232755e-06,-1.59592936549655e-06,-1.59592936549655e-06
4.638,8.06616365522157e-05,-4.22802577146809e-06,-1.5907943227124e-06,-1.5907943227124e-06
4.639,8.04197503457407e-05,-4.21540192463513e-06,-1.58567580843378e-06,-1.58567580843378e-06
4.64,8.01785863574889e-05,-4.2028155811621e-06,-1.58057376943996e-06,-1.58057376943996e-06
4.641,7.99381424418504e-05,-4.19026663028082e-06,-1.57548815268164e-06,-1.57548815268164e-06
4.642,7.96984164595533e-05,-4.17775496154803e-06,-1.57041890528035e-06,-1.57041890528035e-06
4.643,7.94594062776443e-05,-4.16528046484449e-06,-1.56536597452802e-06,-1.56536597452802e-06
4.644,7.92211097694695e-05,-4.15284303037391e-06,-1.56032930788629e-06,-1.56032930788629e-06
4.645,7.89835248146573e-05,-4.14044254866215e-06,-1.55530885298609e-06,-1.55530885298609e-06
4.646,7.87466492990994e-05,-4.12807891055622e-06,-1.55030455762699e-06,-1.55030455762699e-06
4.647,7.85104811149316e-05,-4.11575200722331e-06,-1.54531636977671e-06,-1.54531636977671e-06
4.648,7.8275018160517e-05,-4.10346173014995e-06,-1.54034423757059e-06,-1.54034423757059e-06
4.649,7.80402583404262e-05,-4.09120797114098e-06,-1.535388109311e-06,-1.535388109311e-06
4.65,7.78061995654205e-05,-4.0789906223187e-06,-1.53044793346687e-06,-1.53044793346687e-06
4.651,7.7572839752433e-05,-4.06680957612192e-06,-1.52552365867307e-06,-1.52552365867307e-06
4.652,7.73401768245498e-05,-4.05466472530501e-06,-1.52061523372995e-06,-1.52061523372995e-06
4.653,7.71082087109935e-05,-4.04255596293704e-06,-1.51572260760276e-06,-1.51572260760276e-06
4.654,7.68769333471043e-05,-4.03048318240083e-06,-1.51084572942116e-06,-1.51084572942116e-06
4.655,7.66463486743217e-05,-4.01844627739201e-06,-1.50598454847863e-06,-1.50598454847863e-06
4.656,7.64164526401677e-05,-4.00644514191817e-06,-1.50113901423203e-06,-1.50113901423203e-06
4.657,7.61872431982275e-05,-3.9944796702979e-06,-1.49630907630094e-06,-1.49630907630094e-06
4.658,7.59587183081331e-05,-3.98254975715991e-06,-1.4914946844673e-06,-1.4914946844673e-06
4.659,7.57308759355452e-05,-3.97065529744216e-06,-1.48669578867477e-06,-1.48669578867477e-06
4.66,7.55037140521344e-05,-3.95879618639087e-06,-1.48191233902822e-06,-1.48191233902822e-06
4.661,7.5277230635565e-05,-3.94697231955969e-06,-1.47714428579327e-06,-1.47714428579327e-06
4.662,7.50514236694772e-05,-3.93518359280883e-06,-1.47239157939572e-06,-1.47239157939572e-06
4.663,7.48262911434683e-05,-3.92342990230407e-06,-1.46765417042105e-06,-1.46765417042105e-06
4.664,7.46018310530769e-05,-3.91171114451598e-06,-1.4629320096139e-06,-1.4629320096139e-06
4.665,7.43780413997643e-05,-3.90002721621894e-06,-1.45822504787757e-06,-1.45822504787757e-06
4.666,7.41549201908976e-05,-3.88837801449032e-06,-1.45353323627348e-06,-1.45353323627348e-06
4.667,7.39324654397325e-05,-3.87676343670959e-06,-1.44885652602073e-06,-1.44885652602073e-06
4.668,7.37106751653952e-05,-3.86518338055739e-06,-1.44419486849549e-06,-1.44419486849549e-06
4.669,7.34895473928664e-05,-3.85363774401472e-06,-1.43954821523056e-06,-1.43954821523056e-06
4.67,7.32690801529635e-05,-3.84212642536202e-06,-1.43491651791489e-06,-1.43491651791489e-06
4.671,7.30492714823225e-05,-3.8306493231783e-06,-1.43029972839299e-06,-1.43029972839299e-06
4.672,7.28301194233832e-05,-3.81920633634032e-06,-1.4256977986645e-06,-1.4256977986645e-06
4.673,7.26116220243696e-05,-3.80779736402164e-06,-1.42111068088365e-06,-1.42111068088365e-06
4.674,7.2393777339275e-05,-3.79642230569183e-06,-1.41653832735882e-06,-1.41653832735882e-06
4.675,7.21765834278439e-05,-3.7850810611156e-06,-1.41198069055198e-06,-1.41198069055198e-06
4.676,7.19600383555553e-05,-3.77377353035187e-06,-1.40743772307819e-06,-1.40743772307819e-06
4.677,7.17441401936062e-05,-3.76249961375299e-06,-1.40290937770519e-06,-1.40290937770519e-06
4.678,7.15288870188947e-05,-3.75125921196388e-06,-1.3983956073528e-06,-1.3983956073528e-06
4.679,7.13142769140026e-05,-3.74005222592111e-06,-1.39389636509254e-06,-1.39389636509254e-06
4.68,7.11003079671801e-05,-3.72887855685215e-06,-1.38941160414703e-06,-1.38941160414703e-06
4.681,7.08869782723276e-05,-3.71773810627442e-06,-1.38494127788958e-06,-1.38494127788958e-06
4.682,7.06742859289803e-05,-3.70663077599453e-06,-1.38048533984369e-06,-1.38048533984369e-06
4.683,7.04622290422912e-05,-3.69555646810739e-06,-1.37604374368256e-06,-1.37604374368256e-06
4.684,7.02508057230141e-05,-3.68451508499539e-06,-1.37161644322857e-06,-1.37161644322857e-06
4.685,7.00400140874883e-05,-3.67350652932756e-06,-1.36720339245289e-06,-1.36720339245289e-06
4.686,6.98298522576214e-05,-3.66253070405872e-06,-1.36280454547489e-06,-1.36280454547489e-06
4.687,6.96203183608728e-05,-3.65158751242866e-06,-1.35841985656176e-06,-1.35841985656176e-06
4.688,6.94114105302381e-05,-3.64067685796132e-06,-1.35404928012798e-06,-1.35404928012798e-06
4.689,6.9203126904232e-05,-3.62979864446393e-06,-1.34969277073484e-06,-1.34969277073484e-06
4.69,6.8995465626873e-05,-3.61895277602624e-06,-1.34535028309001e-06,-1.34535028309001e-06
4.691,6.87884248476667e-05,-3.60813915701965e-06,-1.34102177204703e-06,-1.34102177204703e-06
4.692,6.85820027215893e-05,-3.59735769209636e-06,-1.33670719260484e-06,-1.33670719260484e-06
4.693,6.83761974090727e-05,-3.58660828618865e-06,-1.33240649990735e-06,-1.33240649990735e-06
4.694,6.81710070759874e-05,-3.57589084450801e-06,-1.32811964924293e-06,-1.32811964924293e-06
4.695,6.79664298936267e-05,-3.56520527254426e-06,-1.32384659604395e-06,-1.32384659604395e-06
4.696,6.77624640386916e-05,-3.55455147606488e-06,-1.31958729588638e-06,-1.31958729588638e-06
4.697,6.75591076932734e-05,-3.54392936111406e-06,-1.31534170448921e-06,-1.31534170448921e-06
4.698,6.73563590448396e-05,-3.53333883401201e-06,-1.31110977771408e-06,-1.31110977771408e-06
4.699,6.71542162862171e-05,-3.52277980135409e-06,-1.30689147156482e-06,-1.30689147156482e-06
4.7,6.6952677615576e-05,-3.51225217000998e-06,-1.30268674218691e-06,-1.30268674218691e-06
4.701,6.67517412364153e-05,-3.50175584712299e-06,-1.29849554586713e-06,-1.29849554586713e-06
4.702,6.65514053575463e-05,-3.49129074010916e-06,-1.29431783903304e-06,-1.29431783903304e-06
4.703,6.63516681930767e-05,-3.48085675665649e-06,-1.29015357825253e-06,-1.29015357825253e-06
4.704,6.61525279623962e-05,-3.47045380472418e-06,-1.2860027202334e-06,-1.2860027202334e-06
4.705,6.59539828901597e-05,-3.4600817925418e-06,-1.28186522182285e-06,-1.28186522182285e-06
4.706,6.57560312062728e-05,-3.44974062860853e-06,-1.27774104000711e-06,-1.27774104000711e-06
4.707,6.55586711458761e-05,-3.43943022169237e-06,-1.27363013191093e-06,-1.27363013191093e-06
4.708,6.53619009493292e-05,-3.42915048082933e-06,-1.26953245479717e-06,-1.26953245479717e-06
4.709,6.51657188621964e-05,-3.41890131532269e-06,-1.26544796606632e-06,-1.26544796606632e-06
4.71,6.49701231352309e-05,-3.4086826347422e-06,-1.26137662325609e-06,-1.26137662325609e-06
4.711,6.47751120243591e-05,-3.39849434892327e-06,-1.25731838404094e-06,-1.25731838404094e-06
4.712,6.45806837906663e-05,-3.38833636796628e-06,-1.25327320623167e-06,-1.25327320623167e-06
4.713,6.43868367003808e-05,-3.3782086022357e-06,-1.24924104777494e-06,-1.24924104777494e-06
4.714,6.41935690248593e-05,-3.36811096235943e-06,-1.24522186675289e-06,-1.24522186675289e-06
4.715,6.40008790405717e-05,-3.35804335922794e-06,-1.24121562138267e-06,-1.24121562138267e-06
4.716,6.38087650290855e-05,-3.34800570399356e-06,-1.23722227001595e-06,-1.23722227001595e-06
4.717,6.36172252770519e-05,-3.3379979080697e-06,-1.2332417711386e-06,-1.2332417711386e-06
4.718,6.34262580761902e-05,-3.32801988313009e-06,-1.22927408337018e-06,-1.22927408337018e-06
4.719,6.32358617232723e-05,-3.31807154110801e-06,-1.22531916546352e-06,-1.22531916546352e-06
4.72,6.30460345201096e-05,-3.30815279419554e-06,-1.22137697630432e-06,-1.22137697630432e-06
4.721,6.28567747735361e-05,-3.29826355484282e-06,-1.21744747491066e-06,-1.21744747491066e-06
4.722,6.26680807953955e-05,-3.28840373575728e-06,-1.21353062043267e-06,-1.21353062043267e-06
4.723,6.24799509025251e-05,-3.27857324990291e-06,-1.209626372152e-06,-1.209626372152e-06
4.724,6.22923834167419e-05,-3.26877201049946e-06,-1.20573468948148e-06,-1.20573468948148e-06
4.725,6.21053766648275e-05,-3.25899993102177e-06,-1.20185553196463e-06,-1.20185553196463e-06
4.726,6.19189289785143e-05,-3.24925692519898e-06,-1.19798885927531e-06,-1.19798885927531e-06
4.727,6.17330386944696e-05,-3.23954290701377e-06,-1.19413463121722e-06,-1.19413463121722e-06
4.728,6.15477041542827e-05,-3.22985779070168e-06,-1.19029280772356e-06,-1.19029280772356e-06
4.729,6.13629237044487e-05,-3.22020149075032e-06,-1.18646334885657e-06,-1.18646334885657e-06
4.73,6.11786956963558e-05,-3.21057392189864e-06,-1.18264621480707e-06,-1.18264621480707e-06
4.731,6.09950184862699e-05,-3.20097499913627e-06,-1.17884136589418e-06,-1.17884136589418e-06
4.732,6.08118904353201e-05,-3.19140463770264e-06,-1.17504876256474e-06,-1.17504876256474e-06
4.733,6.06293099094853e-05,-3.18186275308643e-06,-1.17126836539304e-06,-1.17126836539304e-06
4.734,6.04472752795791e-05,-3.1723492610247e-06,-1.16750013508034e-06,-1.16750013508034e-06
4.735,6.0265784921236e-05,-3.16286407750222e-06,-1.16374403245443e-06,-1.16374403245443e-06
4.736,6.00848372148972e-05,-3.15340711875078e-06,-1.16000001846934e-06,-1.16000001846934e-06
4.737,5.99044305457962e-05,-3.14397830124841e-06,-1.15626805420476e-06,-1.15626805420476e-06
4.738,5.97245633039451e-05,-3.1345775417187e-06,-1.15254810086582e-06,-1.15254810086582e-06
4.739,5.95452338841205e-05,-3.12520475713007e-06,-1.14884011978255e-06,-1.14884011978255e-06
4.74,5.9366440685849e-05,-3.11585986469504e-06,-1.14514407240953e-06,-1.14514407240953e-06
4.741,5.91881821133939e-05,-3.10654278186957e-06,-1.1414599203255e-06,-1.1414599203255e-06
4.742,5.90104565757408e-05,-3.09725342635228e-06,-1.13778762523293e-06,-1.13778762523293e-06
4.743,5.88332624865839e-05,-3.0879917160838e-06,-1.13412714895765e-06,-1.13412714895765e-06
4.744,5.86565982643124e-05,-3.07875756924605e-06,-1.13047845344842e-06,-1.13047845344842e-06
4.745,5.8480462331996e-05,-3.06955090426148e-06,-1.12684150077656e-06,-1.12684150077656e-06
4.746,5.83048531173718e-05,-3.06037163979247e-06,-1.12321625313555e-06,-1.12321625313555e-06
4.747,5.81297690528306e-05,-3.05121969474056e-06,-1.11960267284063e-06,-1.11960267284063e-06
4.748,5.79552085754023e-05,-3.04209498824574e-06,-1.11600072232842e-06,-1.11600072232842e-06
4.749,5.77811701267438e-05,-3.03299743968582e-06,-1.11241036415651e-06,-1.11241036415651e-06
4.75,5.76076521531236e-05,-3.02392696867566e-06,-1.10883156100307e-06,-1.10883156100307e-06
4.751,5.74346531054097e-05,-3.01488349506655e-06,-1.1052642756665e-06,-1.1052642756665e-06
4.752,5.72621714390558e-05,-3.00586693894547e-06,-1.10170847106499e-06,-1.10170847106499e-06
4.753,5.70902056140866e-05,-2.99687722063442e-06,-1.09816411023618e-06,-1.09816411023618e-06
4.754,5.69187540950863e-05,-2.98791426068973e-06,-1.09463115633673e-06,-1.09463115633673e-06
4.755,5.67478153511836e-05,-2.97897797990139e-06,-1.09110957264199e-06,-1.09110957264199e-06
4.756,5.65773878560391e-05,-2.97006829929233e-06,-1.08759932254555e-06,-1.08759932254555e-06
4.757,5.64074700878317e-05,-2.96118514011781e-06,-1.08410036955893e-06,-1.08410036955893e-06
4.758,5.62380605292455e-05,-2.95232842386465e-06,-1.08061267731115e-06,-1.08061267731115e-06
4.759,5.60691576674565e-05,-2.94349807225063e-06,-1.07713620954837e-06,-1.07713620954837e-06
4.76,5.59007599941193e-05,-2.9346940072238e-06,-1.07367093013352e-06,-1.07367093013352e-06
4.761,5.57328660053537e-05,-2.92591615096176e-06,-1.0702168030459e-06,-1.0702168030459e-06
4.762,5.55654742017323e-05,-2.91716442587105e-06,-1.06677379238084e-06,-1.06677379238084e-06
4.763,5.53985830882667e-05,-2.90843875458648e-06,-1.06334186234929e-06,-1.06334186234929e-06
4.764,5.52321911743946e-05,-2.89973905997038e-06,-1.05992097727747e-06,-1.05992097727747e-06
4.765,5.5066296973967e-05,-2.89106526511207e-06,-1.05651110160649e-06,-1.05651110160649e-06
4.766,5.49008990052349e-05,-2.88241729332706e-06,-1.05311219989198e-06,-1.05311219989198e-06
4.767,5.47359957908367e-05,-2.87379506815649e-06,-1.04972423680372e-06,-1.04972423680372e-06
4.768,5.45715858577853e-05,-2.86519851336644e-06,-1.0463471771253e-06,-1.0463471771253e-06
4.769,5.44076677374544e-05,-2.85662755294725e-06,-1.04298098575368e-06,-1.04298098575368e-06
4.77,5.4244239965567e-05,-2.8480821111129e-06,-1.03962562769894e-06,-1.03962562769894e-06
4.771,5.40813010821818e-05,-2.83956211230033e-06,-1.03628106808378e-06,-1.03628106808378e-06
4.772,5.39188496316802e-05,-2.8310674811688e-06,-1.03294727214328e-06,-1.03294727214328e-06
4.773,5.37568841627544e-05,-2.82259814259926e-06,-1.02962420522445e-06,-1.02962420522445e-06
4.774,5.35954032283938e-05,-2.81415402169365e-06,-1.02631183278592e-06,-1.02631183278592e-06
4.775,5.34344053858732e-05,-2.80573504377432e-06,-1.02301012039756e-06,-1.02301012039756e-06
4.776,5.327388919674e-05,-2.79734113438335e-06,-1.01971903374013e-06,-1.01971903374013e-06
4.777,5.31138532268007e-05,-2.78897221928189e-06,-1.0164385386049e-06,-1.0164385386049e-06
4.778,5.29542960461099e-05,-2.78062822444956e-06,-1.01316860089334e-06,-1.01316860089334e-06
4.779,5.27952162289566e-05,-2.77230907608382e-06,-1.00990918661671e-06,-1.00990918661671e-06
4.78,5.26366123538521e-05,-2.76401470059926e-06,-1.00666026189576e-06,-1.00666026189576e-06
4.781,5.2478483003518e-05,-2.75574502462705e-06,-1.00342179296033e-06,-1.00342179296033e-06
4.782,5.2320826764873e-05,-2.74749997501426e-06,-1.00019374614902e-06,-1.00019374614902e-06
4.783,5.21636422290211e-05,-2.73927947882324e-06,-9.96976087908855e-07,-9.96976087908855e-07
4.784,5.20069279912396e-05,-2.73108346333102e-06,-9.93768784794907e-07,-9.93768784794907e-07
4.785,5.18506826509656e-05,-2.72291185602861e-06,-9.90571803469959e-07,-9.90571803469959e-07
4.786,5.16949048117853e-05,-2.71476458462045e-06,-9.87385110704163e-07,-9.87385110704163e-07
4.787,5.15395930814206e-05,-2.70664157702377e-06,-9.84208673374688e-07,-9.84208673374688e-07
4.788,5.13847460717173e-05,-2.69854276136792e-06,-9.81042458465376e-07,-9.81042458465376e-07
4.789,5.12303623986335e-05,-2.69046806599383e-06,-9.77886433066402e-07,-9.77886433066402e-07
4.79,5.10764406822263e-05,-2.6824174194533e-06,-9.74740564373918e-07,-9.74740564373918e-07
4.791,5.09229795466412e-05,-2.67439075050847e-06,-9.71604819689738e-07,-9.71604819689738e-07
4.792,5.07699776200989e-05,-2.66638798813117e-06,-9.6847916642097e-07,-9.6847916642097e-07
4.793,5.06174335348836e-05,-2.65840906150226e-06,-9.65363572079688e-07,-9.65363572079688e-07
4.794,5.04653459273315e-05,-2.65045390001112e-06,-9.62258004282606e-07,-9.62258004282606e-07
4.795,5.03137134378185e-05,-2.64252243325497e-06,-9.59162430750723e-07,-9.59162430750723e-07
4.796,5.0162534710748e-05,-2.63461459103824e-06,-9.5607681930898e-07,-9.5607681930898e-07
4.797,5.00118083945398e-05,-2.62673030337207e-06,-9.53001137885968e-07,-9.53001137885968e-07
4.798,4.98615331416175e-05,-2.61886950047357e-06,-9.49935354513522e-07,-9.49935354513522e-07
4.799,4.97117076083974e-05,-2.61103211276534e-06,-9.46879437326474e-07,-9.46879437326474e-07
4.8,4.95623304552764e-05,-2.60321807087479e-06,-9.43833354562255e-07,-9.43833354562255e-07
4.801,4.94134003466198e-05,-2.59542730563357e-06,-9.40797074560585e-07,-9.40797074560585e-07
4.802,4.92649159507507e-05,-2.58765974807699e-06,-9.37770565763153e-07,-9.37770565763153e-07
4.803,4.91168759399378e-05,-2.57991532944339e-06,-9.34753796713293e-07,-9.34753796713293e-07
4.804,4.89692789903831e-05,-2.57219398117355e-06,-9.31746736055611e-07,-9.31746736055611e-07
4.805,4.88221237822117e-05,-2.56449563491015e-06,-9.28749352535733e-07,-9.28749352535733e-07
4.806,4.86754089994589e-05,-2.5568202224971e-06,-9.25761614999913e-07,-9.25761614999913e-07
4.807,4.85291333300598e-05,-2.54916767597902e-06,-9.22783492394734e-07,-9.22783492394734e-07
4.808,4.83832954658372e-05,-2.54153792760062e-06,-9.19814953766809e-07,-9.19814953766809e-07
4.809,4.823789410249e-05,-2.53393090980612e-06,-9.16855968262412e-07,-9.16855968262412e-07
4.81,4.80929279395824e-05,-2.52634655523866e-06,-9.13906505127188e-07,-9.13906505127188e-07
4.811,4.7948395680532e-05,-2.51878479673976e-06,-9.10966533705823e-07,-9.10966533705823e-07
4.812,4.78042960325985e-05,-2.51124556734867e-06,-9.08036023441736e-07,-9.08036023441736e-07
4.813,4.7660627706873e-05,-2.50372880030184e-06,-9.05114943876739e-07,-9.05114943876739e-07
4.814,4.75173894182656e-05,-2.49623442903234e-06,-9.02203264650753e-07,-9.02203264650753e-07
4.815,4.73745798854953e-05,-2.48876238716927e-06,-8.99300955501449e-07,-8.99300955501449e-07
4.816,4.72321978310781e-05,-2.48131260853722e-06,-8.96407986263971e-07,-8.96407986263971e-07
4.817,4.70902419813157e-05,-2.47388502715564e-06,-8.93524326870597e-07,-8.93524326870597e-07
4.818,4.69487110662851e-05,-2.46647957723833e-06,-8.90649947350453e-07,-8.90649947350453e-07
4.819,4.68076038198269e-05,-2.45909619319282e-06,-8.87784817829164e-07,-8.87784817829164e-07
4.82,4.6666918979534e-05,-2.45173480961986e-06,-8.84928908528571e-07,-8.84928908528571e-07
4.821,4.65266552867414e-05,-2.4443953613128e-06,-8.82082189766419e-07,-8.82082189766419e-07
4.822,4.63868114865141e-05,-2.43707778325707e-06,-8.79244631956036e-07,-8.79244631956036e-07
4.823,4.62473863276371e-05,-2.42978201062958e-06,-8.76416205606041e-07,-8.76416205606041e-07
4.824,4.61083785626039e-05,-2.42250797879821e-06,-8.73596881320011e-07,-8.73596881320011e-07
4.825,4.59697869476056e-05,-2.41525562332118e-06,-8.70786629796207e-07,-8.70786629796207e-07
4.826,4.58316102425202e-05,-2.40802487994658e-06,-8.67985421827241e-07,-8.67985421827241e-07
4.827,4.56938472109017e-05,-2.40081568461176e-06,-8.65193228299802e-07,-8.65193228299802e-07
4.828,4.5556496619969e-05,-2.39362797344274e-06,-8.62410020194314e-07,-8.62410020194314e-07
4.829,4.54195572405955e-05,-2.38646168275378e-06,-8.59635768584666e-07,-8.59635768584666e-07
4.83,4.5283027847298e-05,-2.37931674904669e-06,-8.56870444637902e-07,-8.56870444637902e-07
4.831,4.51469072182262e-05,-2.37219310901038e-06,-8.54114019613921e-07,-8.54114019613921e-07
4.832,4.5011194135152e-05,-2.36509069952028e-06,-8.51366464865177e-07,-8.51366464865177e-07
4.833,4.48758873834586e-05,-2.35800945763777e-06,-8.48627751836362e-07,-8.48627751836362e-07
4.834,4.47409857521299e-05,-2.35094932060968e-06,-8.45897852064155e-07,-8.45897852064155e-07
4.835,4.46064880337406e-05,-2.34391022586774e-06,-8.43176737176872e-07,-8.43176737176872e-07
4.836,4.4472393024444e-05,-2.33689211102799e-06,-8.40464378894212e-07,-8.40464378894212e-07
4.837,4.43386995239635e-05,-2.3298949138903e-06,-8.37760749026947e-07,-8.37760749026947e-07
4.838,4.42054063355802e-05,-2.32291857243781e-06,-8.35065819476622e-07,-8.35065819476622e-07
4.839,4.40725122661238e-05,-2.31596302483638e-06,-8.32379562235264e-07,-8.32379562235264e-07
4.84,4.39400161259616e-05,-2.30902820943409e-06,-8.29701949385116e-07,-8.29701949385116e-07
4.841,4.38079167289877e-05,-2.30211406476067e-06,-8.27032953098299e-07,-8.27032953098299e-07
4.842,4.36762128926134e-05,-2.29522052952699e-06,-8.2437254563657e-07,-8.2437254563657e-07
4.843,4.35449034377564e-05,-2.28834754262454e-06,-8.2172069935101e-07,-8.2172069935101e-07
4.844,4.34139871888301e-05,-2.28149504312485e-06,-8.19077386681729e-07,-8.19077386681729e-07
4.845,4.32834629737341e-05,-2.27466297027904e-06,-8.16442580157595e-07,-8.16442580157595e-07
4.846,4.31533296238434e-05,-2.26785126351722e-06,-8.13816252395945e-07,-8.13816252395945e-07
4.847,4.30235859739982e-05,-2.26105986244803e-06,-8.11198376102293e-07,-8.11198376102293e-07
4.848,4.2894230862494e-05,-2.25428870685808e-06,-8.08588924070058e-07,-8.08588924070058e-07
4.849,4.27652631310709e-05,-2.24753773671142e-06,-8.05987869180252e-07,-8.05987869180252e-07
4.85,4.26366816249039e-05,-2.24080689214907e-06,-8.03395184401244e-07,-8.03395184401244e-07
4.851,4.25084851925927e-05,-2.23409611348844e-06,-8.00810842788445e-07,-8.00810842788445e-07
4.852,4.23806726861512e-05,-2.22740534122287e-06,-7.98234817484023e-07,-7.98234817484023e-07
4.853,4.22532429609981e-05,-2.22073451602107e-06,-7.95667081716656e-07,-7.95667081716656e-07
4.854,4.21261948759463e-05,-2.21408357872665e-06,-7.93107608801221e-07,-7.93107608801221e-07
4.855,4.19995272931931e-05,-2.20745247035755e-06,-7.9055637213853e-07,-7.9055637213853e-07
4.856,4.18732390783107e-05,-2.20084113210562e-06,-7.88013345215063e-07,-7.88013345215063e-07
4.857,4.17473291002349e-05,-2.19424950533599e-06,-7.85478501602668e-07,-7.85478501602668e-07
4.858,4.16217962312569e-05,-2.18767753158668e-06,-7.82951814958305e-07,-7.82951814958305e-07
4.859,4.14966393470123e-05,-2.18112515256802e-06,-7.80433259023768e-07,-7.80433259023768e-07
4.86,4.13718573264713e-05,-2.17459231016218e-06,-7.77922807625407e-07,-7.77922807625407e-07
4.861,4.12474490519296e-05,-2.16807894642265e-06,-7.75420434673855e-07,-7.75420434673855e-07
4.862,4.11234134089975e-05,-2.16158500357373e-06,-7.72926114163763e-07,-7.72926114163763e-07
4.863,4.09997492865911e-05,-2.15511042401008e-06,-7.70439820173536e-07,-7.70439820173536e-07
4.864,4.08764555769223e-05,-2.14865515029616e-06,-7.67961526865037e-07,-7.67961526865037e-07
4.865,4.07535311754884e-05,-2.14221912516576e-06,-7.65491208483342e-07,-7.65491208483342e-07
4.866,4.06309749810637e-05,-2.13580229152152e-06,-7.63028839356466e-07,-7.63028839356466e-07
4.867,4.05087858956884e-05,-2.12940459243439e-06,-7.60574393895094e-07,-7.60574393895094e-07
4.868,4.03869628246602e-05,-2.1230259711432e-06,-7.58127846592315e-07,-7.58127846592315e-07
4.869,4.02655046765241e-05,-2.11666637105412e-06,-7.55689172023354e-07,-7.55689172023354e-07
4.87,4.01444103630626e-05,-2.11032573574017e-06,-7.53258344845309e-07,-7.53258344845309e-07
4.871,4.00236787992867e-05,-2.10400400894077e-06,-7.50835339796891e-07,-7.50835339796891e-07
4.872,3.99033089034262e-05,-2.09770113456123e-06,-7.48420131698162e-07,-7.48420131698162e-07
4.873,3.978329959692e-05,-2.09141705667224e-06,-7.46012695450259e-07,-7.46012695450259e-07
4.874,3.9663649804407e-05,-2.08515171950945e-06,-7.43613006035152e-07,-7.43613006035152e-07
4.875,3.95443584537159e-05,-2.0789050674729e-06,-7.41221038515376e-07,-7.41221038515376e-07
4.876,3.94254244758571e-05,-2.07267704512661e-06,-7.38836768033761e-07,-7.38836768033761e-07
4.877,3.93068468050121e-05,-2.06646759719809e-06,-7.36460169813192e-07,-7.36460169813192e-07
4.878,3.91886243785246e-05,-2.06027666857782e-06,-7.34091219156327e-07,-7.34091219156327e-07
4.879,3.90707561368913e-05,-2.05410420431881e-06,-7.31729891445376e-07,-7.31729891445376e-07
4.88,3.89532410237527e-05,-2.04795014963613e-06,-7.29376162141806e-07,-7.29376162141806e-07
4.881,3.88360779858831e-05,-2.04181444990639e-06,-7.27030006786112e-07,-7.27030006786112e-07
4.882,3.87192659731823e-05,-2.03569705066732e-06,-7.24691400997544e-07,-7.24691400997544e-07
4.883,3.86028039386658e-05,-2.02959789761725e-06,-7.22360320473878e-07,-7.22360320473878e-07
4.884,3.84866908384557e-05,-2.0235169366147e-06,-7.20036740991134e-07,-7.20036740991134e-07
4.885,3.83709256317719e-05,-2.01745411367785e-06,-7.17720638403347e-07,-7.17720638403347e-07
4.886,3.82555072809222e-05,-2.01140937498409e-06,-7.15411988642296e-07,-7.15411988642296e-07
4.887,3.81404347512941e-05,-2.00538266686959e-06,-7.13110767717272e-07,-7.13110767717272e-07
4.888,3.8025707011345e-05,-1.99937393582879e-06,-7.10816951714826e-07,-7.10816951714826e-07
4.889,3.79113230325934e-05,-1.99338312851395e-06,-7.08530516798498e-07,-7.08530516798498e-07
4.89,3.77972817896102e-05,-1.9874101917347e-06,-7.06251439208601e-07,-7.06251439208601e-07
4.891,3.7683582260009e-05,-1.98145507245755e-06,-7.03979695261948e-07,-7.03979695261948e-07
4.892,3.75702234244378e-05,-1.97551771780548e-06,-7.01715261351612e-07,-7.01715261351612e-07
4.893,3.74572042665696e-05,-1.96959807505744e-06,-6.99458113946705e-07,-6.99458113946705e-07
4.894,3.73445237730937e-05,-1.96369609164788e-06,-6.97208229592091e-07,-6.97208229592091e-07
4.895,3.72321809337067e-05,-1.95781171516637e-06,-6.94965584908172e-07,-6.94965584908172e-07
4.896,3.71201747411037e-05,-1.95194489335705e-06,-6.9273015659063e-07,-6.9273015659063e-07
4.897,3.70085041909694e-05,-1.94609557411824e-06,-6.905019214102e-07,-6.905019214102e-07
4.898,3.68971682819695e-05,-1.94026370550199e-06,-6.88280856212415e-07,-6.88280856212415e-07
4.899,3.67861660157411e-05,-1.93444923571356e-06,-6.86066937917354e-07,-6.86066937917354e-07
4.9,3.66754963968853e-05,-1.92865211311108e-06,-6.83860143519437e-07,-6.83860143519437e-07
4.901,3.65651584329574e-05,-1.92287228620501e-06,-6.81660450087158e-07,-6.81660450087158e-07
4.902,3.64551511344581e-05,-1.91710970365773e-06,-6.79467834762844e-07,-6.79467834762844e-07
4.903,3.63454735148257e-05,-1.9113643142831e-06,-6.77282274762445e-07,-6.77282274762445e-07
4.904,3.62361245904269e-05,-1.90563606704602e-06,-6.75103747375262e-07,-6.75103747375262e-07
4.905,3.61271033805477e-05,-1.89992491106194e-06,-6.7293222996373e-07,-6.7293222996373e-07
4.906,3.60184089073859e-05,-1.8942307955965e-06,-6.70767699963186e-07,-6.70767699963186e-07
4.907,3.59100401960413e-05,-1.888553670065e-06,-6.68610134881619e-07,-6.68610134881619e-07
4.908,3.58019962745081e-05,-1.88289348403205e-06,-6.66459512299454e-07,-6.66459512299454e-07
4.909,3.56942761736659e-05,-1.87725018721106e-06,-6.64315809869303e-07,-6.64315809869303e-07
4.91,3.5586878927271e-05,-1.87162372946385e-06,-6.62179005315738e-07,-6.62179005315738e-07
4.911,3.54798035719485e-05,-1.86601406080018e-06,-6.6004907643506e-07,-6.6004907643506e-07
4.912,3.53730491471834e-05,-1.86042113137736e-06,-6.57926001095078e-07,-6.57926001095078e-07
4.913,3.52666146953121e-05,-1.85484489149976e-06,-6.5580975723485e-07,-6.5580975723485e-07
4.914,3.51604992615144e-05,-1.84928529161845e-06,-6.53700322864489e-07,-6.53700322864489e-07
4.915,3.50547018938046e-05,-1.84374228233069e-06,-6.51597676064906e-07,-6.51597676064906e-07
4.916,3.49492216430235e-05,-1.83821581437957e-06,-6.49501794987598e-07,-6.49501794987598e-07
4.917,3.48440575628301e-05,-1.83270583865356e-06,-6.47412657854419e-07,-6.47412657854419e-07
4.918,3.47392087096929e-05,-1.82721230618606e-06,-6.45330242957343e-07,-6.45330242957343e-07
4.919,3.46346741428819e-05,-1.82173516815501e-06,-6.43254528658245e-07,-6.43254528658245e-07
4.92,3.45304529244604e-05,-1.81627437588244e-06,-6.4118549338869e-07,-6.4118549338869e-07
4.921,3.44265441192764e-05,-1.81082988083407e-06,-6.39123115649667e-07,-6.39123115649667e-07
4.922,3.43229467949548e-05,-1.80540163461887e-06,-6.37067374011424e-07,-6.37067374011424e-07
4.923,3.42196600218888e-05,-1.79998958898865e-06,-6.35018247113188e-07,-6.35018247113188e-07
4.924,3.41166828732322e-05,-1.79459369583763e-06,-6.32975713662987e-07,-6.32975713662987e-07
4.925,3.40140144248909e-05,-1.78921390720206e-06,-6.30939752437401e-07,-6.30939752437401e-07
4.926,3.39116537555145e-05,-1.78385017525974e-06,-6.28910342281346e-07,-6.28910342281346e-07
4.927,3.38095999464892e-05,-1.77850245232966e-06,-6.26887462107873e-07,-6.26887462107873e-07
4.928,3.37078520819287e-05,-1.77317069087157e-06,-6.2487109089792e-07,-6.2487109089792e-07
4.929,3.36064092486665e-05,-1.76785484348556e-06,-6.22861207700111e-07,-6.22861207700111e-07
4.93,3.35052705362482e-05,-1.76255486291164e-06,-6.20857791630531e-07,-6.20857791630531e-07
4.931,3.34044350369227e-05,-1.75727070202935e-06,-6.18860821872522e-07,-6.18860821872522e-07
4.932,3.33039018456351e-05,-1.75200231385736e-06,-6.16870277676444e-07,-6.16870277676444e-07
4.933,3.32036700600185e-05,-1.74674965155303e-06,-6.14886138359476e-07,-6.14886138359476e-07
4.934,3.31037387803855e-05,-1.741512668412e-06,-6.12908383305391e-07,-6.12908383305391e-07
4.935,3.30041071097209e-05,-1.73629131786784e-06,-6.10936991964357e-07,-6.10936991964357e-07
4.936,3.29047741536737e-05,-1.73108555349159e-06,-6.089719438527e-07,-6.089719438527e-07
4.937,3.2805739020549e-05,-1.72589532899137e-06,-6.07013218552713e-07,-6.07013218552713e-07
4.938,3.27070008213005e-05,-1.720720598212e-06,-6.05060795712433e-07,-6.05060795712433e-07
4.939,3.26085586695222e-05,-1.71556131513457e-06,-6.03114655045414e-07,-6.03114655045414e-07
4.94,3.25104116814413e-05,-1.71041743387606e-06,-6.01174776330561e-07,-6.01174776330561e-07
4.941,3.24125589759097e-05,-1.70528890868893e-06,-5.99241139411865e-07,-5.99241139411865e-07
4.942,3.23149996743965e-05,-1.70017569396073e-06,-5.97313724198227e-07,-5.97313724198227e-07
4.943,3.22177329009807e-05,-1.69507774421371e-06,-5.95392510663248e-07,-5.95392510663248e-07
4.944,3.2120757782343e-05,-1.6899950141044e-06,-5.93477478845e-07,-5.93477478845e-07
4.945,3.2024073447758e-05,-1.68492745842324e-06,-5.91568608845845e-07,-5.91568608845845e-07
4.946,3.19276790290871e-05,-1.67987503209419e-06,-5.89665880832204e-07,-5.89665880832204e-07
4.947,3.18315736607704e-05,-1.67483769017431e-06,-5.87769275034373e-07,-5.87769275034373e-07
4.948,3.17357564798192e-05,-1.6698153878534e-06,-5.85878771746289e-07,-5.85878771746289e-07
4.949,3.16402266258087e-05,-1.6648080804536e-06,-5.83994351325357e-07,-5.83994351325357e-07
4.95,3.15449832408697e-05,-1.659815723429e-06,-5.8211599419222e-07,-5.8211599419222e-07
4.951,3.1450025469682e-05,-1.65483827236523e-06,-5.80243680830569e-07,-5.80243680830569e-07
4.952,3.13553524594662e-05,-1.64987568297914e-06,-5.78377391786941e-07,-5.78377391786941e-07
4.953,3.12609633599763e-05,-1.64492791111834e-06,-5.76517107670502e-07,-5.76517107670502e-07
4.954,3.11668573234926e-05,-1.63999491276086e-06,-5.74662809152862e-07,-5.74662809152862e-07
4.955,3.10730335048134e-05,-1.63507664401476e-06,-5.72814476967865e-07,-5.72814476967865e-07
4.956,3.09794910612487e-05,-1.63017306111774e-06,-5.70972091911395e-07,-5.70972091911395e-07
4.957,3.08862291526119e-05,-1.62528412043676e-06,-5.69135634841162e-07,-5.69135634841162e-07
4.958,3.07932469412127e-05,-1.62040977846768e-06,-5.67305086676518e-07,-5.67305086676518e-07
4.959,3.07005435918497e-05,-1.61554999183485e-06,-5.65480428398255e-07,-5.65480428398255e-07
4.96,3.06081182718033e-05,-1.61070471729077e-06,-5.63661641048405e-07,-5.63661641048405e-07
4.961,3.05159701508277e-05,-1.60587391171568e-06,-5.61848705730035e-07,-5.61848705730035e-07
4.962,3.04240984011446e-05,-1.6010575321172e-06,-5.60041603607071e-07,-5.60041603607071e-07
4.963,3.03325021974348e-05,-1.59625553562997e-06,-5.58240315904077e-07,-5.58240315904077e-07
4.964,3.02411807168318e-05,-1.59146787951525e-06,-5.5644482390608e-07,-5.5644482390608e-07
4.965,3.01501331389142e-05,-1.58669452116056e-06,-5.54655108958361e-07,-5.54655108958361e-07
4.966,3.00593586456982e-05,-1.58193541807933e-06,-5.52871152466273e-07,-5.52871152466273e-07
4.967,2.99688564216312e-05,-1.57719052791048e-06,-5.51092935895037e-07,-5.51092935895037e-07
4.968,2.98786256535838e-05,-1.57245980841812e-06,-5.49320440769562e-07,-5.49320440769562e-07
4.969,2.9788665530843e-05,-1.56774321749112e-06,-5.47553648674227e-07,-5.47553648674227e-07
4.97,2.96989752451052e-05,-1.56304071314279e-06,-5.45792541252724e-07,-5.45792541252724e-07
4.971,2.96095539904684e-05,-1.55835225351047e-06,-5.44037100207841e-07,-5.44037100207841e-07
4.972,2.95204009634264e-05,-1.55367779685521e-06,-5.42287307301286e-07,-5.42287307301286e-07
4.973,2.94315153628603e-05,-1.54901730156139e-06,-5.4054314435349e-07,-5.4054314435349e-07
4.974,2.93428963900322e-05,-1.54437072613635e-06,-5.38804593243414e-07,-5.38804593243414e-07
4.975,2.92545432485782e-05,-1.53973802921003e-06,-5.37071635908373e-07,-5.37071635908373e-07
4.976,2.91664551445013e-05,-1.53511916953463e-06,-5.3534425434384e-07,-5.3534425434384e-07
4.977,2.90786312861639e-05,-1.53051410598421e-06,-5.33622430603254e-07,-5.33622430603254e-07
4.978,2.89910708842817e-05,-1.5259227975544e-06,-5.31906146797846e-07,-5.31906146797846e-07
4.979,2.89037731519161e-05,-1.52134520336196e-06,-5.30195385096442e-07,-5.30195385096442e-07
4.98,2.88167373044674e-05,-1.51678128264449e-06,-5.28490127725283e-07,-5.28490127725283e-07
4.981,2.87299625596683e-05,-1.51223099476005e-06,-5.2679035696784e-07,-5.2679035696784e-07
4.982,2.86434481375763e-05,-1.50769429918681e-06,-5.25096055164625e-07,-5.25096055164625e-07
4.983,2.85571932605673e-05,-1.50317115552268e-06,-5.23407204713008e-07,-5.23407204713008e-07
4.984,2.84711971533289e-05,-1.498661523485e-06,-5.21723788067045e-07,-5.21723788067045e-07
4.985,2.83854590428528e-05,-1.49416536291013e-06,-5.20045787737276e-07,-5.20045787737276e-07
4.986,2.82999781584291e-05,-1.48968263375318e-06,-5.18373186290564e-07,-5.18373186290564e-07
4.987,2.82147537316384e-05,-1.48521329608756e-06,-5.16705966349898e-07,-5.16705966349898e-07
4.988,2.81297849963458e-05,-1.48075731010474e-06,-5.1504411059421e-07,-5.1504411059421e-07
4.989,2.80450711886939e-05,-1.47631463611383e-06,-5.13387601758222e-07,-5.13387601758222e-07
4.99,2.7960611547096e-05,-1.47188523454125e-06,-5.11736422632224e-07,-5.11736422632224e-07
4.991,2.78764053122293e-05,-1.46746906593039e-06,-5.10090556061937e-07,-5.10090556061937e-07
4.992,2.77924517270289e-05,-1.46306609094129e-06,-5.08449984948303e-07,-5.08449984948303e-07
4.993,2.77087500366797e-05,-1.45867627035026e-06,-5.06814692247325e-07,-5.06814692247325e-07
4.994,2.76252994886115e-05,-1.45429956504956e-06,-5.05184660969878e-07,-5.05184660969878e-07
4.995,2.75420993324909e-05,-1.44993593604704e-06,-5.03559874181545e-07,-5.03559874181545e-07
4.996,2.74591488202155e-05,-1.44558534446585e-06,-5.01940315002431e-07,-5.01940315002431e-07
4.997,2.73764472059072e-05,-1.44124775154402e-06,-5.00325966606987e-07,-5.00325966606987e-07
4.998,2.72939937459052e-05,-1.43692311863421e-06,-4.98716812223843e-07,-4.98716812223843e-07
4.999,2.72117876987602e-05,-1.43261140720331e-06,-4.97112835135631e-07,-4.97112835135631e-07
5,2.7129828325227e-05,-1.42831257883213e-06,-4.95514018678802e-07,-4.95514018678802e-07
5.001,2.70481148882585e-05,-1.42402659521506e-06,-4.93920346243462e-07,-4.93920346243462e-07
5.002,2.69666466529994e-05,-1.41975341815975e-06,-4.923318012732e-07,-4.923318012732e-07
5.003,2.6885422886779e-05,-1.41549300958676e-06,-4.90748367264907e-07,-4.90748367264907e-07
5.004,2.68044428591054e-05,-1.41124533152924e-06,-4.89170027768615e-07,-4.89170027768615e-07
5.005,2.67237058416588e-05,-1.40701034613257e-06,-4.87596766387316e-07,-4.87596766387316e-07
5.006,2.66432111082851e-05,-1.40278801565409e-06,-4.86028566776799e-07,-4.86028566776799e-07
5.007,2.65629579349895e-05,-1.39857830246271e-06,-4.84465412645478e-07,-4.84465412645478e-07
5.008,2.648294559993e-05,-1.39438116903863e-06,-4.82907287754218e-07,-4.82907287754218e-07
5.009,2.64031733834114e-05,-1.39019657797296e-06,-4.81354175916171e-07,-4.81354175916171e-07
5.01,2.63236405678783e-05,-1.38602449196745e-06,-4.79806060996602e-07,-4.79806060996602e-07
5.011,2.62443464379096e-05,-1.38186487383413e-06,-4.78262926912738e-07,-4.78262926912738e-07
5.012,2.61652902802116e-05,-1.377717686495e-06,-4.76724757633574e-07,-4.76724757633574e-07
5.013,2.60864713836117e-05,-1.37358289298171e-06,-4.75191537179727e-07,-4.75191537179727e-07
5.014,2.60078890390526e-05,-1.36946045643521e-06,-4.73663249623258e-07,-4.73663249623258e-07
5.015,2.59295425395855e-05,-1.36535034010548e-06,-4.72139879087518e-07,-4.72139879087518e-07
5.016,2.58514311803641e-05,-1.36125250735116e-06,-4.70621409746972e-07,-4.70621409746972e-07
5.017,2.57735542586387e-05,-1.35716692163924e-06,-4.6910782582704e-07,-4.6910782582704e-07
5.018,2.56959110737492e-05,-1.35309354654478e-06,-4.67599111603929e-07,-4.67599111603929e-07
5.019,2.56185009271199e-05,-1.34903234575055e-06,-4.66095251404471e-07,-4.66095251404471e-07
5.02,2.55413231222527e-05,-1.34498328304674e-06,-4.64596229605966e-07,-4.64596229605966e-07
5.021,2.54643769647207e-05,-1.3409463223306e-06,-4.63102030636009e-07,-4.63102030636009e-07
5.022,2.5387661762163e-05,-1.33692142760619e-06,-4.61612638972331e-07,-4.61612638972331e-07
5.023,2.53111768242779e-05,-1.33290856298404e-06,-4.60128039142649e-07,-4.60128039142649e-07
5.024,2.52349214628168e-05,-1.3289076926808e-06,-4.58648215724486e-07,-4.58648215724486e-07
5.025,2.51588949915787e-05,-1.32491878101898e-06,-4.57173153345028e-07,-4.57173153345028e-07
5.026,2.50830967264031e-05,-1.32094179242662e-06,-4.55702836680944e-07,-4.55702836680944e-07
5.027,2.50075259851653e-05,-1.31697669143698e-06,-4.54237250458253e-07,-4.54237250458253e-07
5.028,2.49321820877692e-05,-1.31302344268821e-06,-4.52776379452147e-07,-4.52776379452147e-07
5.029,2.48570643561421e-05,-1.30908201092308e-06,-4.51320208486826e-07,-4.51320208486826e-07
5.03,2.47821721142281e-05,-1.30515236098866e-06,-4.49868722435364e-07,-4.49868722435364e-07
5.031,2.47075046879828e-05,-1.30123445783598e-06,-4.48421906219535e-07,-4.48421906219535e-07
5.032,2.46330614053667e-05,-1.29732826651978e-06,-4.46979744809657e-07,-4.46979744809657e-07
5.033,2.45588415963396e-05,-1.29343375219817e-06,-4.45542223224438e-07,-4.45542223224438e-07
5.034,2.44848445928546e-05,-1.28955088013231e-06,-4.44109326530818e-07,-4.44109326530818e-07
5.035,2.44110697288525e-05,-1.28567961568616e-06,-4.42681039843823e-07,-4.42681039843823e-07
5.036,2.43375163402555e-05,-1.28181992432613e-06,-4.41257348326398e-07,-4.41257348326398e-07
5.037,2.42641837649612e-05,-1.27797177162082e-06,-4.39838237189259e-07,-4.39838237189259e-07
5.038,2.41910713428376e-05,-1.27413512324067e-06,-4.38423691690734e-07,-4.38423691690734e-07
5.039,2.41181784157165e-05,-1.2703099449577e-06,-4.3701369713662e-07,-4.3701369713662e-07
5.04,2.40455043273877e-05,-1.26649620264519e-06,-4.35608238880017e-07,-4.35608238880017e-07
5.041,2.39730484235937e-05,-1.26269386227742e-06,-4.34207302321189e-07,-4.34207302321189e-07
5.042,2.39008100520235e-05,-1.2589028899293e-06,-4.32810872907398e-07,-4.32810872907398e-07
5.043,2.3828788562307e-05,-1.25512325177615e-06,-4.31418936132768e-07,-4.31418936132768e-07
5.044,2.37569833060095e-05,-1.25135491409338e-06,-4.30031477538116e-07,-4.30031477538116e-07
5.045,2.36853936366253e-05,-1.24759784325615e-06,-4.28648482710823e-07,-4.28648482710823e-07
5.046,2.36140189095726e-05,-1.24385200573916e-06,-4.27269937284667e-07,-4.27269937284667e-07
5.047,2.35428584821877e-05,-1.24011736811629e-06,-4.25895826939672e-07,-4.25895826939672e-07
5.048,2.34719117137191e-05,-1.23639389706032e-06,-4.2452613740198e-07,-4.2452613740198e-07
5.049,2.34011779653221e-05,-1.23268155934269e-06,-4.23160854443679e-07,-4.23160854443679e-07
5.05,2.3330656600053e-05,-1.22898032183314e-06,-4.21799963882669e-07,-4.21799963882669e-07
5.051,2.32603469828634e-05,-1.22529015149945e-06,-4.20443451582505e-07,-4.20443451582505e-07
5.052,2.31902484805949e-05,-1.22161101540717e-06,-4.19091303452265e-07,-4.19091303452265e-07
5.053,2.31203604619731e-05,-1.21794288071932e-06,-4.17743505446386e-07,-4.17743505446386e-07
5.054,2.30506822976024e-05,-1.21428571469607e-06,-4.16400043564524e-07,-4.16400043564524e-07
5.055,2.29812133599604e-05,-1.21063948469452e-06,-4.15060903851419e-07,-4.15060903851419e-07
5.056,2.29119530233917e-05,-1.20700415816836e-06,-4.13726072396728e-07,-4.13726072396728e-07
5.057,2.28429006641036e-05,-1.2033797026676e-06,-4.12395535334904e-07,-4.12395535334904e-07
5.058,2.27740556601594e-05,-1.19976608583831e-06,-4.11069278845032e-07,-4.11069278845032e-07
5.059,2.27054173914735e-05,-1.1961632754223e-06,-4.09747289150702e-07,-4.09747289150702e-07
5.06,2.2636985239806e-05,-1.19257123925688e-06,-4.08429552519852e-07,-4.08429552519852e-07
5.061,2.25687585887568e-05,-1.18898994527452e-06,-4.07116055264632e-07,-4.07116055264632e-07
5.062,2.25007368237606e-05,-1.18541936150266e-06,-4.05806783741261e-07,-4.05806783741261e-07
5.063,2.24329193320814e-05,-1.18185945606333e-06,-4.04501724349886e-07,-4.04501724349886e-07
5.064,2.23653055028065e-05,-1.17831019717294e-06,-4.03200863534432e-07,-4.03200863534432e-07
5.065,2.22978947268422e-05,-1.17477155314199e-06,-4.01904187782478e-07,-4.01904187782478e-07
5.066,2.22306863969071e-05,-1.17124349237477e-06,-4.00611683625103e-07,-4.00611683625103e-07
5.067,2.21636799075279e-05,-1.16772598336911e-06,-3.99323337636741e-07,-3.99323337636741e-07
5.068,2.20968746550336e-05,-1.16421899471608e-06,-3.98039136435063e-07,-3.98039136435063e-07
5.069,2.20302700375498e-05,-1.16072249509975e-06,-3.96759066680811e-07,-3.96759066680811e-07
5.07,2.1963865454994e-05,-1.15723645329689e-06,-3.95483115077687e-07,-3.95483115077687e-07
5.071,2.18976603090698e-05,-1.15376083817669e-06,-3.94211268372187e-07,-3.94211268372187e-07
5.072,2.18316540032619e-05,-1.15029561870052e-06,-3.92943513353483e-07,-3.92943513353483e-07
5.073,2.17658459428309e-05,-1.14684076392164e-06,-3.91679836853278e-07,-3.91679836853278e-07
5.074,2.17002355348076e-05,-1.14339624298492e-06,-3.90420225745673e-07,-3.90420225745673e-07
5.075,2.16348221879884e-05,-1.13996202512658e-06,-3.89164666947019e-07,-3.89164666947019e-07
5.076,2.15696053129294e-05,-1.13653807967393e-06,-3.87913147415803e-07,-3.87913147415803e-07
5.077,2.15045843219416e-05,-1.13312437604511e-06,-3.86665654152484e-07,-3.86665654152484e-07
5.078,2.14397586290858e-05,-1.12972088374877e-06,-3.85422174199382e-07,-3.85422174199382e-07
5.079,2.13751276501671e-05,-1.12632757238387e-06,-3.84182694640532e-07,-3.84182694640532e-07
5.08,2.13106908027297e-05,-1.12294441163939e-06,-3.8294720260155e-07,-3.8294720260155e-07
5.081,2.12464475060523e-05,-1.11957137129403e-06,-3.81715685249502e-07,-3.81715685249502e-07
5.082,2.11823971811423e-05,-1.116208421216e-06,-3.80488129792765e-07,-3.80488129792765e-07
5.083,2.1118539250731e-05,-1.11285553136273e-06,-3.79264523480903e-07,-3.79264523480903e-07
5.084,2.10548731392686e-05,-1.10951267178061e-06,-3.78044853604527e-07,-3.78044853604527e-07
5.085,2.09913982729188e-05,-1.10617981260472e-06,-3.76829107495165e-07,-3.76829107495165e-07
5.086,2.0928114079554e-05,-1.10285692405859e-06,-3.75617272525131e-07,-3.75617272525131e-07
5.087,2.08650199887502e-05,-1.09954397645394e-06,-3.74409336107391e-07,-3.74409336107391e-07
5.088,2.08021154317817e-05,-1.09624094019037e-06,-3.73205285695437e-07,-3.73205285695437e-07
5.089,2.07393998416166e-05,-1.09294778575517e-06,-3.72005108783153e-07,-3.72005108783153e-07
5.09,2.06768726529109e-05,-1.08966448372302e-06,-3.70808792904681e-07,-3.70808792904681e-07
5.091,2.06145333020046e-05,-1.08639100475575e-06,-3.69616325634301e-07,-3.69616325634301e-07
5.092,2.0552381226916e-05,-1.08312731960208e-06,-3.68427694586296e-07,-3.68427694586296e-07
5.093,2.04904158673367e-05,-1.07987339909736e-06,-3.67242887414822e-07,-3.67242887414822e-07
5.094,2.04286366646269e-05,-1.0766292141633e-06,-3.66061891813778e-07,-3.66061891813778e-07
5.095,2.03670430618107e-05,-1.07339473580777e-06,-3.64884695516692e-07,-3.64884695516692e-07
5.096,2.03056345035704e-05,-1.07016993512448e-06,-3.63711286296565e-07,-3.63711286296565e-07
5.097,2.02444104362425e-05,-1.06695478329276e-06,-3.6254165196578e-07,-3.6254165196578e-07
5.098,2.01833703078119e-05,-1.06374925157732e-06,-3.61375780375951e-07,-3.61375780375951e-07
5.099,2.01225135679078e-05,-1.06055331132798e-06,-3.60213659417794e-07,-3.60213659417794e-07
5.1,2.00618396677986e-05,-1.0573669339794e-06,-3.59055277021016e-07,-3.59055277021016e-07
5.101,2.00013480603865e-05,-1.05419009105089e-06,-3.57900621154185e-07,-3.57900621154185e-07
5.102,1.99410382002035e-05,-1.05102275414609e-06,-3.567496798246e-07,-3.567496798246e-07
5.103,1.98809095434061e-05,-1.04786489495279e-06,-3.55602441078165e-07,-3.55602441078165e-07
5.104,1.98209615477704e-05,-1.04471648524262e-06,-3.54458892999276e-07,-3.54458892999276e-07
5.105,1.97611936726876e-05,-1.04157749687085e-06,-3.53319023710686e-07,-3.53319023710686e-07
5.106,1.97016053791591e-05,-1.03844790177611e-06,-3.52182821373383e-07,-3.52182821373383e-07
5.107,1.96421961297917e-05,-1.03532767198018e-06,-3.51050274186471e-07,-3.51050274186471e-07
5.108,1.95829653887928e-05,-1.03221677958771e-06,-3.49921370387051e-07,-3.49921370387051e-07
5.109,1.95239126219658e-05,-1.02911519678598e-06,-3.48796098250081e-07,-3.48796098250081e-07
5.11,1.94650372967051e-05,-1.02602289584471e-06,-3.47674446088274e-07,-3.47674446088274e-07
5.111,1.9406338881992e-05,-1.02293984911574e-06,-3.46556402251968e-07,-3.46556402251968e-07
5.112,1.93478168483891e-05,-1.01986602903282e-06,-3.45441955129001e-07,-3.45441955129001e-07
5.113,1.92894706680364e-05,-1.0168014081114e-06,-3.443310931446e-07,-3.443310931446e-07
5.114,1.92312998146461e-05,-1.01374595894835e-06,-3.43223804761251e-07,-3.43223804761251e-07
5.115,1.91733037634982e-05,-1.01069965422171e-06,-3.42120078478582e-07,-3.42120078478582e-07
5.116,1.91154819914361e-05,-1.00766246669052e-06,-3.41019902833252e-07,-3.41019902833252e-07
5.117,1.90578339768612e-05,-1.00463436919449e-06,-3.39923266398814e-07,-3.39923266398814e-07
5.118,1.90003591997292e-05,-1.00161533465383e-06,-3.38830157785611e-07,-3.38830157785611e-07
5.119,1.89430571415448e-05,-9.98605336068991e-07,-3.37740565640657e-07,-3.37740565640657e-07
5.12,1.88859272853574e-05,-9.95604346520415e-07,-3.36654478647505e-07,-3.36654478647505e-07
5.121,1.88289691157566e-05,-9.92612339168328e-07,-3.35571885526148e-07,-3.35571885526148e-07
5.122,1.87721821188673e-05,-9.89629287252475e-07,-3.34492775032889e-07,-3.34492775032889e-07
5.123,1.87155657823457e-05,-9.8665516409191e-07,-3.33417135960228e-07,-3.33417135960228e-07
5.124,1.86591195953743e-05,-9.83689943084754e-07,-3.32344957136744e-07,-3.32344957136744e-07
5.125,1.86028430486573e-05,-9.80733597707951e-07,-3.31276227426981e-07,-3.31276227426981e-07
5.126,1.85467356344167e-05,-9.77786101517055e-07,-3.30210935731334e-07,-3.30210935731334e-07
5.127,1.8490796846387e-05,-9.74847428145988e-07,-3.29149070985927e-07,-3.29149070985927e-07
5.128,1.84350261798115e-05,-9.71917551306805e-07,-3.28090622162504e-07,-3.28090622162504e-07
5.129,1.83794231314372e-05,-9.68996444789478e-07,-3.27035578268308e-07,-3.27035578268308e-07
5.13,1.83239871995106e-05,-9.66084082461649e-07,-3.25983928345972e-07,-3.25983928345972e-07
5.131,1.82687178837735e-05,-9.63180438268416e-07,-3.24935661473411e-07,-3.24935661473411e-07
5.132,1.82136146854581e-05,-9.60285486232101e-07,-3.23890766763692e-07,-3.23890766763692e-07
5.133,1.81586771072828e-05,-9.57399200452012e-07,-3.22849233364932e-07,-3.22849233364932e-07
5.134,1.81039046534478e-05,-9.54521555104233e-07,-3.21811050460184e-07,-3.21811050460184e-07
5.135,1.8049296829631e-05,-9.51652524441388e-07,-3.20776207267327e-07,-3.20776207267327e-07
5.136,1.79948531429829e-05,-9.48792082792413e-07,-3.19744693038942e-07,-3.19744693038942e-07
5.137,1.7940573102123e-05,-9.45940204562343e-07,-3.18716497062215e-07,-3.18716497062215e-07
5.138,1.78864562171348e-05,-9.43096864232071e-07,-3.17691608658819e-07,-3.17691608658819e-07
5.139,1.78325019995621e-05,-9.40262036358142e-07,-3.16670017184799e-07,-3.16670017184799e-07
5.14,1.77787099624041e-05,-9.3743569557252e-07,-3.15651712030468e-07,-3.15651712030468e-07
5.141,1.77250796201113e-05,-9.34617816582363e-07,-3.14636682620297e-07,-3.14636682620297e-07
5.142,1.76716104885816e-05,-9.31808374169814e-07,-3.13624918412794e-07,-3.13624918412794e-07
5.143,1.76183020851551e-05,-9.29007343191764e-07,-3.12616408900407e-07,-3.12616408900407e-07
5.144,1.75651539286108e-05,-9.26214698579648e-07,-3.11611143609416e-07,-3.11611143609416e-07
5.145,1.75121655391616e-05,-9.23430415339215e-07,-3.10609112099804e-07,-3.10609112099804e-07
5.146,1.74593364384505e-05,-9.20654468550308e-07,-3.09610303965176e-07,-3.09610303965176e-07
5.147,1.74066661495461e-05,-9.17886833366652e-07,-3.08614708832632e-07,-3.08614708832632e-07
5.148,1.73541541969386e-05,-9.15127485015639e-07,-3.07622316362664e-07,-3.07622316362664e-07
5.149,1.73018001065354e-05,-9.12376398798094e-07,-3.06633116249049e-07,-3.06633116249049e-07
5.15,1.7249603405657e-05,-9.09633550088082e-07,-3.05647098218743e-07,-3.05647098218743e-07
5.151,1.71975636230325e-05,-9.06898914332671e-07,-3.0466425203177e-07,-3.0466425203177e-07
5.152,1.71456802887962e-05,-9.04172467051731e-07,-3.03684567481122e-07,-3.03684567481122e-07
5.153,1.70939529344824e-05,-9.01454183837718e-07,-3.02708034392649e-07,-3.02708034392649e-07
5.154,1.70423810930222e-05,-8.98744040355449e-07,-3.01734642624948e-07,-3.01734642624948e-07
5.155,1.69909642987386e-05,-8.96042012341902e-07,-3.0076438206927e-07,-3.0076438206927e-07
5.156,1.69397020873431e-05,-8.93348075606e-07,-2.99797242649406e-07,-2.99797242649406e-07
5.157,1.68885939959306e-05,-8.90662206028389e-07,-2.98833214321579e-07,-2.98833214321579e-07
5.158,1.68376395629766e-05,-8.87984379561245e-07,-2.97872287074353e-07,-2.97872287074353e-07
5.159,1.67868383283317e-05,-8.85314572228041e-07,-2.96914450928509e-07,-2.96914450928509e-07
5.16,1.67361898332188e-05,-8.82652760123359e-07,-2.95959695936966e-07,-2.95959695936966e-07
5.161,1.66856936202281e-05,-8.79998919412668e-07,-2.95008012184654e-07,-2.95008012184654e-07
5.162,1.66353492333135e-05,-8.77353026332111e-07,-2.94059389788427e-07,-2.94059389788427e-07
5.163,1.65851562177884e-05,-8.7471505718831e-07,-2.93113818896949e-07,-2.93113818896949e-07
5.164,1.65351141203219e-05,-8.72084988358151e-07,-2.92171289690602e-07,-2.92171289690602e-07
5.165,1.64852224889342e-05,-8.6946279628857e-07,-2.91231792381375e-07,-2.91231792381375e-07
5.166,1.64354808729935e-05,-8.66848457496364e-07,-2.90295317212766e-07,-2.90295317212766e-07
5.167,1.6385888823211e-05,-8.64241948567964e-07,-2.89361854459685e-07,-2.89361854459685e-07
5.168,1.63364458916377e-05,-8.61643246159249e-07,-2.88431394428342e-07,-2.88431394428342e-07
5.169,1.62871516316603e-05,-8.5905232699533e-07,-2.87503927456158e-07,-2.87503927456158e-07
5.17,1.62380055979965e-05,-8.56469167870345e-07,-2.86579443911654e-07,-2.86579443911654e-07
5.171,1.61890073466923e-05,-8.53893745647264e-07,-2.85657934194362e-07,-2.85657934194362e-07
5.172,1.61401564351169e-05,-8.51326037257683e-07,-2.84739388734712e-07,-2.84739388734712e-07
5.173,1.60914524219593e-05,-8.48766019701611e-07,-2.83823797993944e-07,-2.83823797993944e-07
5.174,1.60428948672248e-05,-8.4621367004729e-07,-2.82911152464003e-07,-2.82911152464003e-07
5.175,1.599448333223e-05,-8.43668965430967e-07,-2.8200144266744e-07,-2.8200144266744e-07
5.176,1.59462173796e-05,-8.41131883056719e-07,-2.81094659157318e-07,-2.81094659157318e-07
5.177,1.5898096573264e-05,-8.38602400196239e-07,-2.80190792517107e-07,-2.80190792517107e-07
5.178,1.58501204784513e-05,-8.36080494188635e-07,-2.79289833360592e-07,-2.79289833360592e-07
5.179,1.58022886616878e-05,-8.33566142440239e-07,-2.78391772331772e-07,-2.78391772331772e-07
5.18,1.57546006907922e-05,-8.31059322424409e-07,-2.77496600104765e-07,-2.77496600104765e-07
5.181,1.57070561348715e-05,-8.2856001168132e-07,-2.76604307383708e-07,-2.76604307383708e-07
5.182,1.56596545643181e-05,-8.26068187817781e-07,-2.75714884902663e-07,-2.75714884902663e-07
5.183,1.56123955508052e-05,-8.23583828507027e-07,-2.7482832342552e-07,-2.7482832342552e-07
5.184,1.55652786672835e-05,-8.21106911488534e-07,-2.739446137459e-07,-2.739446137459e-07
5.185,1.55183034879772e-05,-8.18637414567817e-07,-2.73063746687058e-07,-2.73063746687058e-07
5.186,1.54714695883803e-05,-8.16175315616231e-07,-2.72185713101795e-07,-2.72185713101795e-07
5.187,1.54247765452527e-05,-8.13720592570789e-07,-2.71310503872351e-07,-2.71310503872351e-07
5.188,1.53782239366167e-05,-8.1127322343396e-07,-2.7043810991032e-07,-2.7043810991032e-07
5.189,1.53318113417529e-05,-8.08833186273473e-07,-2.69568522156552e-07,-2.69568522156552e-07
5.19,1.52855383411968e-05,-8.06400459222137e-07,-2.68701731581058e-07,-2.68701731581058e-07
5.191,1.52394045167349e-05,-8.03975020477632e-07,-2.67837729182917e-07,-2.67837729182917e-07
5.192,1.5193409451401e-05,-8.01556848302335e-07,-2.66976505990181e-07,-2.66976505990181e-07
5.193,1.51475527294726e-05,-7.99145921023119e-07,-2.66118053059786e-07,-2.66118053059786e-07
5.194,1.5101833936467e-05,-7.96742217031161e-07,-2.65262361477455e-07,-2.65262361477455e-07
5.195,1.50562526591379e-05,-7.9434571478176e-07,-2.644094223576e-07,-2.644094223576e-07
5.196,1.50108084854716e-05,-7.91956392794145e-07,-2.63559226843249e-07,-2.63559226843249e-07
5.197,1.49655010046831e-05,-7.89574229651282e-07,-2.62711766105927e-07,-2.62711766105927e-07
5.198,1.4920329807213e-05,-7.87199203999693e-07,-2.61867031345589e-07,-2.61867031345589e-07
5.199,1.48752944847233e-05,-7.84831294549261e-07,-2.61025013790508e-07,-2.61025013790508e-07
5.2,1.48303946300941e-05,-7.82470480073052e-07,-2.60185704697199e-07,-2.60185704697199e-07
5.201,1.478562983742e-05,-7.80116739407124e-07,-2.59349095350324e-07,-2.59349095350324e-07
5.202,1.47409997020063e-05,-7.77770051450333e-07,-2.58515177062593e-07,-2.58515177062593e-07
5.203,1.46965038203655e-05,-7.75430395164165e-07,-2.57683941174685e-07,-2.57683941174685e-07
5.204,1.46521417902138e-05,-7.73097749572541e-07,-2.56855379055154e-07,-2.56855379055154e-07
5.205,1.46079132104674e-05,-7.70772093761627e-07,-2.56029482100333e-07,-2.56029482100333e-07
5.206,1.45638176812391e-05,-7.68453406879666e-07,-2.55206241734258e-07,-2.55206241734258e-07
5.207,1.45198548038345e-05,-7.66141668136778e-07,-2.54385649408563e-07,-2.54385649408563e-07
5.208,1.44760241807487e-05,-7.63836856804792e-07,-2.53567696602404e-07,-2.53567696602404e-07
5.209,1.44323254156626e-05,-7.61538952217057e-07,-2.52752374822364e-07,-2.52752374822364e-07
5.21,1.43887581134395e-05,-7.59247933768256e-07,-2.51939675602367e-07,-2.51939675602367e-07
5.211,1.43453218801215e-05,-7.56963780914234e-07,-2.51129590503586e-07,-2.51129590503586e-07
5.212,1.43020163229263e-05,-7.54686473171817e-07,-2.50322111114361e-07,-2.50322111114361e-07
5.213,1.42588410502429e-05,-7.52415990118618e-07,-2.49517229050108e-07,-2.49517229050108e-07
5.214,1.42157956716293e-05,-7.50152311392882e-07,-2.48714935953233e-07,-2.48714935953233e-07
5.215,1.41728797978081e-05,-7.47895416693282e-07,-2.47915223493043e-07,-2.47915223493043e-07
5.216,1.41300930406632e-05,-7.45645285778757e-07,-2.47118083365663e-07,-2.47118083365663e-07
5.217,1.40874350132369e-05,-7.43401898468334e-07,-2.46323507293947e-07,-2.46323507293947e-07
5.218,1.40449053297257e-05,-7.41165234640936e-07,-2.45531487027391e-07,-2.45531487027391e-07
5.219,1.40025036054775e-05,-7.38935274235223e-07,-2.44742014342052e-07,-2.44742014342052e-07
5.22,1.39602294569878e-05,-7.36711997249407e-07,-2.43955081040457e-07,-2.43955081040457e-07
5.221,1.39180825018964e-05,-7.34495383741073e-07,-2.43170678951521e-07,-2.43170678951521e-07
5.222,1.38760623589842e-05,-7.32285413827016e-07,-2.42388799930459e-07,-2.42388799930459e-07
5.223,1.38341686481693e-05,-7.30082067683047e-07,-2.41609435858708e-07,-2.41609435858708e-07
5.224,1.37924009905042e-05,-7.27885325543841e-07,-2.40832578643831e-07,-2.40832578643831e-07
5.225,1.37507590081722e-05,-7.2569516770275e-07,-2.40058220219449e-07,-2.40058220219449e-07
5.226,1.37092423244839e-05,-7.23511574511626e-07,-2.3928635254514e-07,-2.3928635254514e-07
5.227,1.3667850563874e-05,-7.21334526380663e-07,-2.38516967606365e-07,-2.38516967606365e-07
5.228,1.36265833518982e-05,-7.19164003778213e-07,-2.37750057414386e-07,-2.37750057414386e-07
5.229,1.35854403152291e-05,-7.16999987230614e-07,-2.36985614006178e-07,-2.36985614006178e-07
5.23,1.35444210816541e-05,-7.14842457322032e-07,-2.36223629444347e-07,-2.36223629444347e-07
5.231,1.35035252800706e-05,-7.12691394694271e-07,-2.3546409581705e-07,-2.3546409581705e-07
5.232,1.34627525404842e-05,-7.10546780046619e-07,-2.34707005237911e-07,-2.34707005237911e-07
5.233,1.34221024940043e-05,-7.08408594135672e-07,-2.3395234984594e-07,-2.3395234984594e-07
5.234,1.33815747728413e-05,-7.06276817775162e-07,-2.33200121805449e-07,-2.33200121805449e-07
5.235,1.33411690103034e-05,-7.04151431835794e-07,-2.32450313305973e-07,-2.32450313305973e-07
5.236,1.3300884840793e-05,-7.02032417245077e-07,-2.31702916562188e-07,-2.31702916562188e-07
5.237,1.32607218998038e-05,-6.99919754987147e-07,-2.30957923813832e-07,-2.30957923813832e-07
5.238,1.32206798239174e-05,-6.97813426102619e-07,-2.30215327325617e-07,-2.30215327325617e-07
5.239,1.31807582507999e-05,-6.95713411688396e-07,-2.29475119387156e-07,-2.29475119387156e-07
5.24,1.31409568191991e-05,-6.93619692897525e-07,-2.28737292312883e-07,-2.28737292312883e-07
5.241,1.31012751689409e-05,-6.91532250939021e-07,-2.2800183844197e-07,-2.2800183844197e-07
5.242,1.30617129409263e-05,-6.89451067077695e-07,-2.27268750138246e-07,-2.27268750138246e-07
5.243,1.30222697771282e-05,-6.87376122634005e-07,-2.26538019790119e-07,-2.26538019790119e-07
5.244,1.2982945320588e-05,-6.85307398983883e-07,-2.25809639810502e-07,-2.25809639810502e-07
5.245,1.29437392154128e-05,-6.83244877558565e-07,-2.25083602636723e-07,-2.25083602636723e-07
5.246,1.29046511067718e-05,-6.81188539844443e-07,-2.24359900730461e-07,-2.24359900730461e-07
5.247,1.28656806408937e-05,-6.79138367382886e-07,-2.23638526577654e-07,-2.23638526577654e-07
5.248,1.28268274650628e-05,-6.77094341770091e-07,-2.22919472688425e-07,-2.22919472688425e-07
5.249,1.27880912276168e-05,-6.75056444656915e-07,-2.2220273159701e-07,-2.2220273159701e-07
5.25,1.27494715779427e-05,-6.73024657748709e-07,-2.21488295861675e-07,-2.21488295861675e-07
5.251,1.27109681664744e-05,-6.70998962805167e-07,-2.20776158064637e-07,-2.20776158064637e-07
5.252,1.26725806446893e-05,-6.68979341640162e-07,-2.20066310811992e-07,-2.20066310811992e-07
5.253,1.26343086651053e-05,-6.66965776121578e-07,-2.19358746733635e-07,-2.19358746733635e-07
5.254,1.25961518812775e-05,-6.64958248171165e-07,-2.18653458483183e-07,-2.18653458483183e-07
5.255,1.25581099477953e-05,-6.62956739764366e-07,-2.179504387379e-07,-2.179504387379e-07
5.256,1.25201825202794e-05,-6.60961232930167e-07,-2.1724968019862e-07,-2.1724968019862e-07
5.257,1.24823692553786e-05,-6.58971709750939e-07,-2.16551175589673e-07,-2.16551175589673e-07
5.258,1.24446698107668e-05,-6.56988152362272e-07,-2.15854917658806e-07,-2.15854917658806e-07
5.259,1.24070838451397e-05,-6.5501054295283e-07,-2.1516089917711e-07,-2.1516089917711e-07
5.26,1.23696110182124e-05,-6.53038863764185e-07,-2.14469112938945e-07,-2.14469112938945e-07
5.261,1.23322509907157e-05,-6.51073097090661e-07,-2.13779551761863e-07,-2.13779551761863e-07
5.262,1.22950034243933e-05,-6.49113225279187e-07,-2.13092208486536e-07,-2.13092208486536e-07
5.263,1.22578679819991e-05,-6.47159230729129e-07,-2.12407075976678e-07,-2.12407075976678e-07
5.264,1.22208443272936e-05,-6.45211095892146e-07,-2.11724147118976e-07,-2.11724147118976e-07
5.265,1.21839321250417e-05,-6.43268803272032e-07,-2.11043414823012e-07,-2.11043414823012e-07
5.266,1.21471310410089e-05,-6.41332335424555e-07,-2.1036487202119e-07,-2.1036487202119e-07
5.267,1.21104407419588e-05,-6.39401674957319e-07,-2.09688511668661e-07,-2.09688511668661e-07
5.268,1.20738608956501e-05,-6.3747680452959e-07,-2.09014326743254e-07,-2.09014326743254e-07
5.269,1.20373911708334e-05,-6.35557706852166e-07,-2.08342310245402e-07,-2.08342310245402e-07
5.27,1.20010312372487e-05,-6.33644364687209e-07,-2.07672455198063e-07,-2.07672455198063e-07
5.271,1.19647807656218e-05,-6.31736760848095e-07,-2.07004754646657e-07,-2.07004754646657e-07
5.272,1.19286394276623e-05,-6.29834878199272e-07,-2.06339201658984e-07,-2.06339201658984e-07
5.273,1.18926068960596e-05,-6.279386996561e-07,-2.05675789325164e-07,-2.05675789325164e-07
5.274,1.18566828444808e-05,-6.260482081847e-07,-2.05014510757551e-07,-2.05014510757551e-07
5.275,1.18208669475675e-05,-6.24163386801816e-07,-2.04355359090672e-07,-2.04355359090672e-07
5.276,1.17851588809329e-05,-6.22284218574646e-07,-2.03698327481149e-07,-2.03698327481149e-07
5.277,1.17495583211588e-05,-6.20410686620712e-07,-2.03043409107637e-07,-2.03043409107637e-07
5.278,1.17140649457932e-05,-6.18542774107704e-07,-2.0239059717074e-07,-2.0239059717074e-07
5.279,1.16786784333466e-05,-6.16680464253324e-07,-2.01739884892952e-07,-2.01739884892952e-07
5.28,1.16433984632901e-05,-6.1482374032515e-07,-2.01091265518579e-07,-2.01091265518579e-07
5.281,1.16082247160518e-05,-6.12972585640486e-07,-2.00444732313673e-07,-2.00444732313673e-07
5.282,1.15731568730143e-05,-6.11126983566206e-07,-1.99800278565961e-07,-1.99800278565961e-07
5.283,1.15381946165117e-05,-6.09286917518622e-07,-1.99157897584773e-07,-1.99157897584773e-07
5.284,1.15033376298271e-05,-6.07452370963325e-07,-1.98517582700973e-07,-1.98517582700973e-07
5.285,1.14685855971893e-05,-6.05623327415048e-07,-1.97879327266895e-07,-1.97879327266895e-07
5.286,1.14339382037703e-05,-6.03799770437519e-07,-1.97243124656269e-07,-1.97243124656269e-07
5.287,1.13993951356824e-05,-6.01981683643307e-07,-1.9660896826415e-07,-1.9660896826415e-07
5.288,1.13649560799757e-05,-6.00169050693695e-07,-1.95976851506852e-07,-1.95976851506852e-07
5.289,1.13306207246346e-05,-5.98361855298524e-07,-1.95346767821884e-07,-1.95346767821884e-07
5.29,1.12963887585758e-05,-5.96560081216047e-07,-1.94718710667872e-07,-1.94718710667872e-07
5.291,1.12622598716452e-05,-5.94763712252799e-07,-1.94092673524501e-07,-1.94092673524501e-07
5.292,1.12282337546148e-05,-5.92972732263438e-07,-1.9346864989244e-07,-1.9346864989244e-07
5.293,1.11943100991808e-05,-5.91187125150617e-07,-1.92846633293278e-07,-1.92846633293278e-07
5.294,1.11604885979598e-05,-5.89406874864837e-07,-1.92226617269456e-07,-1.92226617269456e-07
5.295,1.11267689444871e-05,-5.87631965404299e-07,-1.91608595384199e-07,-1.91608595384199e-07
5.296,1.1093150833213e-05,-5.85862380814774e-07,-1.9099256122145e-07,-1.9099256122145e-07
5.297,1.1059633959501e-05,-5.84098105189458e-07,-1.90378508385803e-07,-1.90378508385803e-07
5.298,1.10262180196243e-05,-5.82339122668826e-07,-1.89766430502436e-07,-1.89766430502436e-07
5.299,1.09929027107637e-05,-5.80585417440503e-07,-1.89156321217045e-07,-1.89156321217045e-07
5.3,1.09596877310043e-05,-5.78836973739113e-07,-1.88548174195782e-07,-1.88548174195782e-07
5.301,1.09265727793334e-05,-5.77093775846153e-07,-1.87941983125177e-07,-1.87941983125177e-07
5.302,1.08935575556376e-05,-5.75355808089845e-07,-1.87337741712089e-07,-1.87337741712089e-07
5.303,1.08606417606999e-05,-5.73623054844997e-07,-1.86735443683627e-07,-1.86735443683627e-07
5.304,1.08278250961973e-05,-5.71895500532872e-07,-1.86135082787092e-07,-1.86135082787092e-07
5.305,1.07951072646981e-05,-5.70173129621051e-07,-1.85536652789911e-07,-1.85536652789911e-07
5.306,1.07624879696593e-05,-5.68455926623284e-07,-1.84940147479569e-07,-1.84940147479569e-07
5.307,1.07299669154238e-05,-5.66743876099371e-07,-1.84345560663549e-07,-1.84345560663549e-07
5.308,1.06975438072176e-05,-5.65036962655008e-07,-1.83752886169262e-07,-1.83752886169262e-07
5.309,1.06652183511479e-05,-5.63335170941669e-07,-1.83162117843988e-07,-1.83162117843988e-07
5.31,1.06329902541996e-05,-5.61638485656459e-07,-1.82573249554812e-07,-1.82573249554812e-07
5.311,1.06008592242333e-05,-5.59946891541977e-07,-1.81986275188553e-07,-1.81986275188553e-07
5.312,1.05688249699823e-05,-5.58260373386193e-07,-1.81401188651711e-07,-1.81401188651711e-07
5.313,1.05368872010505e-05,-5.56578916022307e-07,-1.80817983870397e-07,-1.80817983870397e-07
5.314,1.05050456279091e-05,-5.5490250432861e-07,-1.80236654790269e-07,-1.80236654790269e-07
5.315,1.04732999618948e-05,-5.53231123228364e-07,-1.79657195376474e-07,-1.79657195376474e-07
5.316,1.04416499152065e-05,-5.51564757689655e-07,-1.79079599613581e-07,-1.79079599613581e-07
5.317,1.04100952009033e-05,-5.4990339272527e-07,-1.78503861505521e-07,-1.78503861505521e-07
5.318,1.03786355329018e-05,-5.48247013392565e-07,-1.77929975075523e-07,-1.77929975075523e-07
5.319,1.03472706259732e-05,-5.46595604793321e-07,-1.77357934366053e-07,-1.77357934366053e-07
5.32,1.03160001957414e-05,-5.44949152073629e-07,-1.76787733438751e-07,-1.76787733438751e-07
5.321,1.02848239586797e-05,-5.43307640423753e-07,-1.76219366374372e-07,-1.76219366374372e-07
5.322,1.0253741632109e-05,-5.41671055077989e-07,-1.75652827272719e-07,-1.75652827272719e-07
5.323,1.02227529341947e-05,-5.40039381314553e-07,-1.75088110252588e-07,-1.75088110252588e-07
5.324,1.01918575839447e-05,-5.38412604455437e-07,-1.74525209451701e-07,-1.74525209451701e-07
5.325,1.01610553012064e-05,-5.36790709866285e-07,-1.73964119026651e-07,-1.73964119026651e-07
5.326,1.01303458066646e-05,-5.35173682956266e-07,-1.73404833152836e-07,-1.73404833152836e-07
5.327,1.00997288218387e-05,-5.33561509177939e-07,-1.72847346024402e-07,-1.72847346024402e-07
5.328,1.00692040690806e-05,-5.3195417402713e-07,-1.72291651854181e-07,-1.72291651854181e-07
5.329,1.00387712715717e-05,-5.30351663042804e-07,-1.71737744873629e-07,-1.71737744873629e-07
5.33,1.0008430153321e-05,-5.28753961806932e-07,-1.71185619332771e-07,-1.71185619332771e-07
5.331,9.97818043916218e-06,-5.27161055944373e-07,-1.70635269500137e-07,-1.70635269500137e-07
5.332,9.94802185475136e-06,-5.25572931122734e-07,-1.70086689662704e-07,-1.70086689662704e-07
5.333,9.91795412656466e-06,-5.23989573052259e-07,-1.69539874125836e-07,-1.69539874125836e-07
5.334,9.88797698189576e-06,-5.22410967485693e-07,-1.68994817213227e-07,-1.68994817213227e-07
5.335,9.85809014885332e-06,-5.20837100218155e-07,-1.68451513266836e-07,-1.68451513266836e-07
5.336,9.82829335635876e-06,-5.19267957087021e-07,-1.67909956646836e-07,-1.67909956646836e-07
5.337,9.79858633414376e-06,-5.17703523971792e-07,-1.67370141731553e-07,-1.67370141731553e-07
5.338,9.76896881274775e-06,-5.16143786793969e-07,-1.66832062917401e-07,-1.66832062917401e-07
5.339,9.73944052351571e-06,-5.14588731516939e-07,-1.66295714618834e-07,-1.66295714618834e-07
5.34,9.71000119859554e-06,-5.13038344145833e-07,-1.65761091268279e-07,-1.65761091268279e-07
5.341,9.68065057093591e-06,-5.11492610727422e-07,-1.65228187316086e-07,-1.65228187316086e-07
5.342,9.65138837428372e-06,-5.09951517349983e-07,-1.64696997230463e-07,-1.64696997230463e-07
5.343,9.62221434318172e-06,-5.08415050143172e-07,-1.64167515497425e-07,-1.64167515497425e-07
5.344,9.59312821296624e-06,-5.06883195277915e-07,-1.6363973662073e-07,-1.6363973662073e-07
5.345,9.56412971976481e-06,-5.05355938966276e-07,-1.63113655121827e-07,-1.63113655121827e-07
5.346,9.53521860049366e-06,-5.03833267461335e-07,-1.625892655398e-07,-1.625892655398e-07
5.347,9.50639459285562e-06,-5.02315167057076e-07,-1.62066562431305e-07,-1.62066562431305e-07
5.348,9.47765743533755e-06,-5.00801624088251e-07,-1.61545540370518e-07,-1.61545540370518e-07
5.349,9.44900686720815e-06,-4.99292624930275e-07,-1.61026193949078e-07,-1.61026193949078e-07
5.35,9.42044262851561e-06,-4.97788155999098e-07,-1.60508517776032e-07,-1.60508517776032e-07
5.351,9.39196446008521e-06,-4.96288203751079e-07,-1.59992506477776e-07,-1.59992506477776e-07
5.352,9.36357210351711e-06,-4.9479275468288e-07,-1.59478154697999e-07,-1.59478154697999e-07
5.353,9.33526530118402e-06,-4.9330179533134e-07,-1.58965457097632e-07,-1.58965457097632e-07
5.354,9.30704379622883e-06,-4.9181531227335e-07,-1.58454408354788e-07,-1.58454408354788e-07
5.355,9.27890733256242e-06,-4.90333292125747e-07,-1.57945003164708e-07,-1.57945003164708e-07
5.356,9.25085565486128e-06,-4.88855721545183e-07,-1.57437236239704e-07,-1.57437236239704e-07
5.357,9.22288850856533e-06,-4.8738258722802e-07,-1.5693110230911e-07,-1.5693110230911e-07
5.358,9.1950056398756e-06,-4.85913875910202e-07,-1.5642659611922e-07,-1.5642659611922e-07
5.359,9.16720679575189e-06,-4.84449574367142e-07,-1.55923712433237e-07,-1.55923712433237e-07
5.36,9.13949172391066e-06,-4.82989669413606e-07,-1.55422446031219e-07,-1.55422446031219e-07
5.361,9.1118601728227e-06,-4.81534147903596e-07,-1.54922791710025e-07,-1.54922791710025e-07
5.362,9.08431189171082e-06,-4.80082996730232e-07,-1.54424744283256e-07,-1.54424744283256e-07
5.363,9.05684663054778e-06,-4.7863620282564e-07,-1.53928298581209e-07,-1.53928298581209e-07
5.364,9.02946414005385e-06,-4.7719375316083e-07,-1.53433449450816e-07,-1.53433449450816e-07
5.365,9.00216417169478e-06,-4.7575563474559e-07,-1.52940191755595e-07,-1.52940191755595e-07
5.366,8.9749464776795e-06,-4.74321834628365e-07,-1.52448520375595e-07,-1.52448520375595e-07
5.367,8.94781081095782e-06,-4.72892339896142e-07,-1.51958430207342e-07,-1.51958430207342e-07
5.368,8.92075692521838e-06,-4.71467137674341e-07,-1.51469916163789e-07,-1.51469916163789e-07
5.369,8.89378457488641e-06,-4.70046215126697e-07,-1.50982973174259e-07,-1.50982973174259e-07
5.37,8.86689351512138e-06,-4.68629559455145e-07,-1.50497596184394e-07,-1.50497596184394e-07
5.371,8.84008350181511e-06,-4.67217157899716e-07,-1.50013780156105e-07,-1.50013780156105e-07
5.372,8.81335429158927e-06,-4.65808997738412e-07,-1.49531520067514e-07,-1.49531520067514e-07
5.373,8.78670564179346e-06,-4.64405066287102e-07,-1.49050810912909e-07,-1.49050810912909e-07
5.374,8.76013731050294e-06,-4.6300535089941e-07,-1.48571647702686e-07,-1.48571647702686e-07
5.375,8.73364905651641e-06,-4.61609838966595e-07,-1.48094025463299e-07,-1.48094025463299e-07
5.376,8.70724063935399e-06,-4.60218517917451e-07,-1.47617939237209e-07,-1.47617939237209e-07
5.377,8.68091181925498e-06,-4.58831375218189e-07,-1.47143384082834e-07,-1.47143384082834e-07
5.378,8.65466235717572e-06,-4.57448398372323e-07,-1.4667035507449e-07,-1.4667035507449e-07
5.379,8.62849201478754e-06,-4.56069574920572e-07,-1.46198847302352e-07,-1.46198847302352e-07
5.38,8.60240055447448e-06,-4.54694892440734e-07,-1.45728855872392e-07,-1.45728855872392e-07
5.381,8.57638773933135e-06,-4.5332433854759e-07,-1.45260375906335e-07,-1.45260375906335e-07
5.382,8.55045333316149e-06,-4.51957900892786e-07,-1.44793402541606e-07,-1.44793402541606e-07
5.383,8.52459710047467e-06,-4.50595567164727e-07,-1.44327930931277e-07,-1.44327930931277e-07
5.384,8.49881880648504e-06,-4.49237325088468e-07,-1.4386395624402e-07,-1.4386395624402e-07
5.385,8.47311821710903e-06,-4.47883162425606e-07,-1.43401473664056e-07,-1.43401473664056e-07
5.386,8.44749509896315e-06,-4.46533066974168e-07,-1.42940478391106e-07,-1.42940478391106e-07
5.387,8.4219492193621e-06,-4.45187026568512e-07,-1.42480965640336e-07,-1.42480965640336e-07
5.388,8.39648034631647e-06,-4.43845029079206e-07,-1.42022930642313e-07,-1.42022930642313e-07
5.389,8.37108824853087e-06,-4.42507062412934e-07,-1.41566368642956e-07,-1.41566368642956e-07
5.39,8.34577269540176e-06,-4.41173114512385e-07,-1.4111127490348e-07,-1.4111127490348e-07
5.391,8.32053345701534e-06,-4.39843173356137e-07,-1.40657644700353e-07,-1.40657644700353e-07
5.392,8.29537030414564e-06,-4.38517226958568e-07,-1.40205473325245e-07,-1.40205473325245e-07
5.393,8.27028300825232e-06,-4.37195263369732e-07,-1.39754756084976e-07,-1.39754756084976e-07
5.394,8.24527134147877e-06,-4.35877270675269e-07,-1.39305488301471e-07,-1.39305488301471e-07
5.395,8.22033507664999e-06,-4.3456323699629e-07,-1.38857665311714e-07,-1.38857665311714e-07
5.396,8.19547398727052e-06,-4.33253150489272e-07,-1.3841128246769e-07,-1.3841128246769e-07
5.397,8.17068784752254e-06,-4.31946999345959e-07,-1.37966335136346e-07,-1.37966335136346e-07
5.398,8.14597643226378e-06,-4.30644771793256e-07,-1.37522818699539e-07,-1.37522818699539e-07
5.399,8.12133951702545e-06,-4.29346456093117e-07,-1.37080728553988e-07,-1.37080728553988e-07
5.4,8.09677687801039e-06,-4.28052040542455e-07,-1.36640060111226e-07,-1.36640060111226e-07
5.401,8.07228829209088e-06,-4.26761513473025e-07,-1.36200808797554e-07,-1.36200808797554e-07
5.402,8.04787353680683e-06,-4.2547486325133e-07,-1.35762970053991e-07,-1.35762970053991e-07
5.403,8.0235323903637e-06,-4.24192078278515e-07,-1.35326539336228e-07,-1.35326539336228e-07
5.404,7.99926463163044e-06,-4.22913146990261e-07,-1.34891512114582e-07,-1.34891512114582e-07
5.405,7.97507004013769e-06,-4.21638057856689e-07,-1.34457883873946e-07,-1.34457883873946e-07
5.406,7.95094839607572e-06,-4.20366799382257e-07,-1.34025650113744e-07,-1.34025650113744e-07
5.407,7.92689948029238e-06,-4.1909936010565e-07,-1.33594806347885e-07,-1.33594806347885e-07
5.408,7.90292307429132e-06,-4.17835728599691e-07,-1.33165348104714e-07,-1.33165348104714e-07
5.409,7.87901896022988e-06,-4.16575893471229e-07,-1.32737270926967e-07,-1.32737270926967e-07
5.41,7.85518692091723e-06,-4.15319843361047e-07,-1.32310570371724e-07,-1.32310570371724e-07
5.411,7.83142673981245e-06,-4.14067566943757e-07,-1.31885242010366e-07,-1.31885242010366e-07
5.412,7.80773820102245e-06,-4.12819052927697e-07,-1.31461281428521e-07,-1.31461281428521e-07
5.413,7.78412108930022e-06,-4.11574290054837e-07,-1.31038684226026e-07,-1.31038684226026e-07
5.414,7.76057519004284e-06,-4.10333267100678e-07,-1.30617446016882e-07,-1.30617446016882e-07
5.415,7.73710028928945e-06,-4.09095972874148e-07,-1.30197562429199e-07,-1.30197562429199e-07
5.416,7.71369617371955e-06,-4.0786239621751e-07,-1.29779029105161e-07,-1.29779029105161e-07
5.417,7.69036263065089e-06,-4.06632526006256e-07,-1.29361841700974e-07,-1.29361841700974e-07
5.418,7.6670994480377e-06,-4.05406351149015e-07,-1.28945995886823e-07,-1.28945995886823e-07
5.419,7.64390641446879e-06,-4.04183860587452e-07,-1.28531487346829e-07,-1.28531487346829e-07
5.42,7.62078331916552e-06,-4.02965043296169e-07,-1.28118311779001e-07,-1.28118311779001e-07
5.421,7.5977299519801e-06,-4.01749888282609e-07,-1.27706464895192e-07,-1.27706464895192e-07
5.422,7.57474610339363e-06,-4.00538384586961e-07,-1.27295942421055e-07,-1.27295942421055e-07
5.423,7.55183156451416e-06,-3.99330521282054e-07,-1.26886740096001e-07,-1.26886740096001e-07
5.424,7.52898612707496e-06,-3.98126287473273e-07,-1.26478853673149e-07,-1.26478853673149e-07
5.425,7.50620958343252e-06,-3.96925672298452e-07,-1.26072278919287e-07,-1.26072278919287e-07
5.426,7.48350172656481e-06,-3.95728664927785e-07,-1.25667011614825e-07,-1.25667011614825e-07
5.427,7.46086235006938e-06,-3.94535254563726e-07,-1.25263047553754e-07,-1.25263047553754e-07
5.428,7.43829124816145e-06,-3.93345430440894e-07,-1.24860382543598e-07,-1.24860382543598e-07
5.429,7.41578821567219e-06,-3.92159181825978e-07,-1.24459012405375e-07,-1.24459012405375e-07
5.43,7.39335304804683e-06,-3.90976498017645e-07,-1.24058932973551e-07,-1.24058932973551e-07
5.431,7.37098554134278e-06,-3.89797368346438e-07,-1.23660140095998e-07,-1.23660140095998e-07
5.432,7.34868549222791e-06,-3.8862178217469e-07,-1.23262629633946e-07,-1.23262629633946e-07
5.433,7.3264526979786e-06,-3.87449728896423e-07,-1.22866397461951e-07,-1.22866397461951e-07
5.434,7.30428695647808e-06,-3.86281197937259e-07,-1.22471439467838e-07,-1.22471439467838e-07
5.435,7.28218806621453e-06,-3.85116178754324e-07,-1.22077751552672e-07,-1.22077751552672e-07
5.436,7.26015582627923e-06,-3.83954660836153e-07,-1.21685329630704e-07,-1.21685329630704e-07
5.437,7.2381900363649e-06,-3.82796633702601e-07,-1.21294169629336e-07,-1.21294169629336e-07
5.438,7.21629049676381e-06,-3.81642086904749e-07,-1.20904267489074e-07,-1.20904267489074e-07
5.439,7.19445700836597e-06,-3.80491010024805e-07,-1.20515619163489e-07,-1.20515619163489e-07
5.44,7.17268937265748e-06,-3.79343392676025e-07,-1.20128220619175e-07,-1.20128220619175e-07
5.441,7.15098739171859e-06,-3.78199224502606e-07,-1.19742067835705e-07,-1.19742067835705e-07
5.442,7.12935086822206e-06,-3.77058495179606e-07,-1.19357156805587e-07,-1.19357156805587e-07
5.443,7.10777960543134e-06,-3.75921194412849e-07,-1.18973483534231e-07,-1.18973483534231e-07
5.444,7.08627340719877e-06,-3.74787311938827e-07,-1.18591044039897e-07,-1.18591044039897e-07
5.445,7.06483207796392e-06,-3.7365683752462e-07,-1.18209834353663e-07,-1.18209834353663e-07
5.446,7.04345542275178e-06,-3.72529760967801e-07,-1.17829850519375e-07,-1.17829850519375e-07
5.447,7.02214324717098e-06,-3.7140607209634e-07,-1.17451088593613e-07,-1.17451088593613e-07
5.448,7.00089535741218e-06,-3.70285760768525e-07,-1.17073544645646e-07,-1.17073544645646e-07
5.449,6.97971156024615e-06,-3.69168816872859e-07,-1.16697214757393e-07,-1.16697214757393e-07
5.45,6.95859166302222e-06,-3.68055230327983e-07,-1.16322095023381e-07,-1.16322095023381e-07
5.451,6.93753547366646e-06,-3.66944991082581e-07,-1.15948181550705e-07,-1.15948181550705e-07
5.452,6.91654280067994e-06,-3.65838089115286e-07,-1.15575470458989e-07,-1.15575470458989e-07
5.453,6.89561345313711e-06,-3.64734514434602e-07,-1.15203957880343e-07,-1.15203957880343e-07
5.454,6.87474724068403e-06,-3.63634257078807e-07,-1.14833639959322e-07,-1.14833639959322e-07
5.455,6.85394397353662e-06,-3.62537307115866e-07,-1.14464512852892e-07,-1.14464512852892e-07
5.456,6.83320346247909e-06,-3.61443654643348e-07,-1.14096572730384e-07,-1.14096572730384e-07
5.457,6.81252551886209e-06,-3.60353289788331e-07,-1.13729815773456e-07,-1.13729815773456e-07
5.458,6.79190995460118e-06,-3.5926620270732e-07,-1.13364238176053e-07,-1.13364238176053e-07
5.459,6.77135658217505e-06,-3.58182383586161e-07,-1.12999836144371e-07,-1.12999836144371e-07
5.46,6.75086521462381e-06,-3.57101822639943e-07,-1.12636605896811e-07,-1.12636605896811e-07
5.461,6.73043566554743e-06,-3.56024510112928e-07,-1.12274543663944e-07,-1.12274543663944e-07
5.462,6.71006774910401e-06,-3.54950436278451e-07,-1.11913645688473e-07,-1.11913645688473e-07
5.463,6.68976128000805e-06,-3.53879591438837e-07,-1.11553908225191e-07,-1.11553908225191e-07
5.464,6.66951607352893e-06,-3.52811965925323e-07,-1.11195327540941e-07,-1.11195327540941e-07
5.465,6.64933194548912e-06,-3.51747550097958e-07,-1.10837899914584e-07,-1.10837899914584e-07
5.466,6.62920871226266e-06,-3.50686334345531e-07,-1.10481621636949e-07,-1.10481621636949e-07
5.467,6.60914619077342e-06,-3.4962830908548e-07,-1.10126489010808e-07,-1.10126489010808e-07
5.468,6.58914419849346e-06,-3.48573464763804e-07,-1.09772498350826e-07,-1.09772498350826e-07
5.469,6.56920255344148e-06,-3.47521791854984e-07,-1.09419645983529e-07,-1.09419645983529e-07
5.47,6.54932107418112e-06,-3.46473280861897e-07,-1.09067928247264e-07,-1.09067928247264e-07
5.471,6.52949957981934e-06,-3.45427922315728e-07,-1.08717341492162e-07,-1.08717341492162e-07
5.472,6.50973789000483e-06,-3.44385706775891e-07,-1.08367882080097e-07,-1.08367882080097e-07
5.473,6.49003582492636e-06,-3.43346624829943e-07,-1.08019546384653e-07,-1.08019546384653e-07
5.474,6.47039320531121e-06,-3.42310667093501e-07,-1.07672330791081e-07,-1.07672330791081e-07
5.475,6.45080985242355e-06,-3.41277824210159e-07,-1.07326231696267e-07,-1.07326231696267e-07
5.476,6.43128558806279e-06,-3.40248086851402e-07,-1.06981245508689e-07,-1.06981245508689e-07
5.477,6.41182023456208e-06,-3.3922144571653e-07,-1.06637368648385e-07,-1.06637368648385e-07
5.478,6.39241361478664e-06,-3.38197891532569e-07,-1.0629459754691e-07,-1.0629459754691e-07
5.479,6.37306555213219e-06,-3.37177415054191e-07,-1.05952928647305e-07,-1.05952928647305e-07
5.48,6.3537758705234e-06,-3.36160007063635e-07,-1.05612358404056e-07,-1.05612358404056e-07
5.481,6.33454439441227e-06,-3.35145658370617e-07,-1.05272883283057e-07,-1.05272883283057e-07
5.482,6.3153709487766e-06,-3.3413435981226e-07,-1.04934499761576e-07,-1.04934499761576e-07
5.483,6.29625535911841e-06,-3.33126102253004e-07,-1.04597204328217e-07,-1.04597204328217e-07
5.484,6.27719745146231e-06,-3.32120876584526e-07,-1.04260993482883e-07,-1.04260993482883e-07
5.485,6.25819705235406e-06,-3.31118673725664e-07,-1.0392586373674e-07,-1.0392586373674e-07
5.486,6.23925398885895e-06,-3.30119484622333e-07,-1.03591811612181e-07,-1.03591811612181e-07
5.487,6.22036808856022e-06,-3.29123300247441e-07,-1.03258833642789e-07,-1.03258833642789e-07
5.488,6.2015391795576e-06,-3.28130111600819e-07,-1.02926926373303e-07,-1.02926926373303e-07
5.489,6.18276709046567e-06,-3.2713990970913e-07,-1.02596086359579e-07,-1.02596086359579e-07
5.49,6.16405165041242e-06,-3.26152685625797e-07,-1.02266310168557e-07,-1.02266310168557e-07
5.491,6.14539268903768e-06,-3.25168430430922e-07,-1.01937594378225e-07,-1.01937594378225e-07
5.492,6.12679003649154e-06,-3.24187135231202e-07,-1.0160993557758e-07,-1.0160993557758e-07
5.493,6.10824352343292e-06,-3.23208791159858e-07,-1.01283330366598e-07,-1.01283330366598e-07
5.494,6.08975298102804e-06,-3.22233389376552e-07,-1.00957775356195e-07,-1.00957775356195e-07
5.495,6.07131824094879e-06,-3.21260921067306e-07,-1.00633267168193e-07,-1.00633267168193e-07
5.496,6.05293913537139e-06,-3.20291377444431e-07,-1.00309802435283e-07,-1.00309802435283e-07
5.497,6.03461549697476e-06,-3.1932474974644e-07,-9.99873778009939e-08,-9.99873778009939e-08
5.498,6.01634715893909e-06,-3.18361029237979e-07,-9.96659899196536e-08,-9.96659899196536e-08
5.499,5.99813395494434e-06,-3.17400207209745e-07,-9.93456354563565e-08,-9.93456354563565e-08
5.5,5.97997571916868e-06,-3.16442274978406e-07,-9.90263110869289e-08,-9.90263110869289e-08
5.501,5.96187228628709e-06,-3.1548722388653e-07,-9.87080134978921e-08,-9.87080134978921e-08
5.502,5.94382349146986e-06,-3.14535045302507e-07,-9.83907393864323e-08,-9.83907393864323e-08
5.503,5.92582917038104e-06,-3.13585730620465e-07,-9.80744854603612e-08,-9.80744854603612e-08
5.504,5.9078891591771e-06,-3.12639271260205e-07,-9.7759248438086e-08,-9.7759248438086e-08
5.505,5.89000329450531e-06,-3.11695658667115e-07,-9.7445025048573e-08,-9.7445025048573e-08
5.506,5.87217141350241e-06,-3.10754884312101e-07,-9.71318120313128e-08,-9.71318120313128e-08
5.507,5.85439335379308e-06,-3.09816939691509e-07,-9.68196061362908e-08,-9.68196061362908e-08
5.508,5.83666895348846e-06,-3.08881816327045e-07,-9.6508404123947e-08,-9.6508404123947e-08
5.509,5.81899805118476e-06,-3.07949505765708e-07,-9.61982027651491e-08,-9.61982027651491e-08
5.51,5.80138048596183e-06,-3.0701999957971e-07,-9.58889988411532e-08,-9.58889988411532e-08
5.511,5.7838160973816e-06,-3.06093289366398e-07,-9.55807891435738e-08,-9.55807891435738e-08
5.512,5.76630472548678e-06,-3.0516936674819e-07,-9.52735704743493e-08,-9.52735704743493e-08
5.513,5.74884621079931e-06,-3.04248223372487e-07,-9.49673396457082e-08,-9.49673396457082e-08
5.514,5.73144039431903e-06,-3.0332985091161e-07,-9.46620934801374e-08,-9.46620934801374e-08
5.515,5.7140871175222e-06,-3.02414241062722e-07,-9.43578288103486e-08,-9.43578288103486e-08
5.516,5.69678622236006e-06,-3.01501385547751e-07,-9.4054542479244e-08,-9.4054542479244e-08
5.517,5.67953755125748e-06,-3.00591276113323e-07,-9.37522313398871e-08,-9.37522313398871e-08
5.518,5.66234094711149e-06,-2.99683904530684e-07,-9.34508922554653e-08,-9.34508922554653e-08
5.519,5.64519625328986e-06,-2.98779262595627e-07,-9.31505220992594e-08,-9.31505220992594e-08
5.52,5.62810331362979e-06,-2.97877342128422e-07,-9.2851117754614e-08,-9.2851117754614e-08
5.521,5.61106197243637e-06,-2.96978134973741e-07,-9.25526761149001e-08,-9.25526761149001e-08
5.522,5.59407207448132e-06,-2.96081633000585e-07,-9.22551940834862e-08,-9.22551940834862e-08
5.523,5.57713346500152e-06,-2.95187828102218e-07,-9.19586685737044e-08,-9.19586685737044e-08
5.524,5.5602459896976e-06,-2.94296712196083e-07,-9.16630965088191e-08,-9.16630965088191e-08
5.525,5.54340949473266e-06,-2.93408277223743e-07,-9.13684748219962e-08,-9.13684748219962e-08
5.526,5.52662382673076e-06,-2.92522515150801e-07,-9.10748004562684e-08,-9.10748004562684e-08
5.527,5.50988883277566e-06,-2.91639417966832e-07,-9.07820703645048e-08,-9.07820703645048e-08
5.528,5.49320436040939e-06,-2.90758977685312e-07,-9.04902815093815e-08,-9.04902815093815e-08
5.529,5.47657025763085e-06,-2.89881186343544e-07,-9.01994308633458e-08,-9.01994308633458e-08
5.53,5.45998637289454e-06,-2.89006036002592e-07,-8.99095154085884e-08,-8.99095154085884e-08
5.531,5.44345255510914e-06,-2.88133518747208e-07,-8.962053213701e-08,-8.962053213701e-08
5.532,5.42696865363613e-06,-2.87263626685758e-07,-8.93324780501901e-08,-8.93324780501901e-08
5.533,5.4105345182885e-06,-2.8639635195016e-07,-8.90453501593573e-08,-8.90453501593573e-08
5.534,5.39414999932936e-06,-2.85531686695808e-07,-8.87591454853567e-08,-8.87591454853567e-08
5.535,5.37781494747063e-06,-2.84669623101503e-07,-8.84738610586192e-08,-8.84738610586192e-08
5.536,5.36152921387168e-06,-2.83810153369386e-07,-8.81894939191324e-08,-8.81894939191324e-08
5.537,5.34529265013797e-06,-2.82953269724865e-07,-8.79060411164063e-08,-8.79060411164063e-08
5.538,5.32910510831978e-06,-2.82098964416552e-07,-8.76234997094464e-08,-8.76234997094464e-08
5.539,5.31296644091084e-06,-2.81247229716187e-07,-8.73418667667211e-08,-8.73418667667211e-08
5.54,5.296876500847e-06,-2.80398057918572e-07,-8.7061139366131e-08,-8.7061139366131e-08
5.541,5.28083514150496e-06,-2.79551441341506e-07,-8.67813145949809e-08,-8.67813145949809e-08
5.542,5.26484221670086e-06,-2.78707372325711e-07,-8.65023895499461e-08,-8.65023895499461e-08
5.543,5.24889758068909e-06,-2.77865843234768e-07,-8.6224361337044e-08,-8.6224361337044e-08
5.544,5.23300108816091e-06,-2.77026846455049e-07,-8.59472270716048e-08,-8.59472270716048e-08
5.545,5.21715259424313e-06,-2.76190374395646e-07,-8.56709838782404e-08,-8.56709838782404e-08
5.546,5.20135195449685e-06,-2.75356419488307e-07,-8.53956288908143e-08,-8.53956288908143e-08
5.547,5.18559902491617e-06,-2.74524974187368e-07,-8.51211592524133e-08,-8.51211592524133e-08
5.548,5.16989366192686e-06,-2.73696030969683e-07,-8.48475721153161e-08,-8.48475721153161e-08
5.549,5.1542357223851e-06,-2.72869582334563e-07,-8.4574864640965e-08,-8.4574864640965e-08
5.55,5.13862506357616e-06,-2.72045620803701e-07,-8.43030339999348e-08,-8.43030339999348e-08
5.551,5.12306154321318e-06,-2.71224138921115e-07,-8.40320773719063e-08,-8.40320773719063e-08
5.552,5.10754501943586e-06,-2.70405129253077e-07,-8.37619919456331e-08,-8.37619919456331e-08
5.553,5.09207535080916e-06,-2.69588584388042e-07,-8.34927749189168e-08,-8.34927749189168e-08
5.554,5.07665239632205e-06,-2.68774496936592e-07,-8.32244234985726e-08,-8.32244234985726e-08
5.555,5.06127601538631e-06,-2.67962859531365e-07,-8.29569349004059e-08,-8.29569349004059e-08
5.556,5.04594606783512e-06,-2.67153664826986e-07,-8.26903063491792e-08,-8.26903063491792e-08
5.557,5.03066241392198e-06,-2.66346905500011e-07,-8.24245350785852e-08,-8.24245350785852e-08
5.558,5.01542491431928e-06,-2.65542574248852e-07,-8.21596183312177e-08,-8.21596183312177e-08
5.559,5.00023343011719e-06,-2.64740663793718e-07,-8.18955533585417e-08,-8.18955533585417e-08
5.56,4.98508782282238e-06,-2.63941166876551e-07,-8.16323374208683e-08,-8.16323374208683e-08
5.561,4.96998795435668e-06,-2.63144076260956e-07,-8.1369967787322e-08,-8.1369967787322e-08
5.562,4.95493368705597e-06,-2.62349384732141e-07,-8.11084417358152e-08,-8.11084417358152e-08
5.563,4.93992488366889e-06,-2.61557085096853e-07,-8.08477565530182e-08,-8.08477565530182e-08
5.564,4.92496140735558e-06,-2.60767170183311e-07,-8.05879095343325e-08,-8.05879095343325e-08
5.565,4.9100431216865e-06,-2.59979632841146e-07,-8.03288979838616e-08,-8.03288979838616e-08
5.566,4.89516989064117e-06,-2.59194465941332e-07,-8.00707192143833e-08,-8.00707192143833e-08
5.567,4.88034157860698e-06,-2.5841166237613e-07,-7.98133705473218e-08,-7.98133705473218e-08
5.568,4.86555805037795e-06,-2.5763121505902e-07,-7.95568493127215e-08,-7.95568493127215e-08
5.569,4.8508191711535e-06,-2.56853116924635e-07,-7.93011528492142e-08,-7.93011528492142e-08
5.57,4.83612480653729e-06,-2.56077360928706e-07,-7.90462785039987e-08,-7.90462785039987e-08
5.571,4.82147482253599e-06,-2.55303940047994e-07,-7.87922236328074e-08,-7.87922236328074e-08
5.572,4.80686908555802e-06,-2.54532847280229e-07,-7.85389855998804e-08,-7.85389855998804e-08
5.573,4.79230746241246e-06,-2.53764075644046e-07,-7.82865617779398e-08,-7.82865617779398e-08
5.574,4.77778982030775e-06,-2.52997618178926e-07,-7.80349495481612e-08,-7.80349495481612e-08
5.575,4.76331602685057e-06,-2.52233467945132e-07,-7.77841463001459e-08,-7.77841463001459e-08
5.576,4.74888595004463e-06,-2.51471618023649e-07,-7.75341494318951e-08,-7.75341494318951e-08
5.577,4.73449945828945e-06,-2.50712061516117e-07,-7.72849563497801e-08,-7.72849563497801e-08
5.578,4.72015642037923e-06,-2.49954791544777e-07,-7.70365644685203e-08,-7.70365644685203e-08
5.579,4.70585670550164e-06,-2.49199801252409e-07,-7.67889712111524e-08,-7.67889712111524e-08
5.58,4.69160018323664e-06,-2.48447083802262e-07,-7.6542174009003e-08,-7.6542174009003e-08
5.581,4.67738672355535e-06,-2.47696632378005e-07,-7.62961703016647e-08,-7.62961703016647e-08
5.582,4.66321619681883e-06,-2.4694844018366e-07,-7.60509575369694e-08,-7.60509575369694e-08
5.583,4.64908847377694e-06,-2.4620250044354e-07,-7.58065331709595e-08,-7.58065331709595e-08
5.584,4.6350034255672e-06,-2.45458806402196e-07,-7.55628946678629e-08,-7.55628946678629e-08
5.585,4.62096092371358e-06,-2.44717351324347e-07,-7.53200395000668e-08,-7.53200395000668e-08
5.586,4.6069608401254e-06,-2.43978128494828e-07,-7.50779651480907e-08,-7.50779651480907e-08
5.587,4.59300304709616e-06,-2.43241131218529e-07,-7.48366691005611e-08,-7.48366691005611e-08
5.588,4.57908741730235e-06,-2.4250635282033e-07,-7.45961488541839e-08,-7.45961488541839e-08
5.589,4.56521382380241e-06,-2.41773786645049e-07,-7.43564019137209e-08,-7.43564019137209e-08
5.59,4.55138214003544e-06,-2.41043426057376e-07,-7.41174257919615e-08,-7.41174257919615e-08
5.591,4.53759223982022e-06,-2.40315264441819e-07,-7.38792180096977e-08,-7.38792180096977e-08
5.592,4.52384399735399e-06,-2.39589295202645e-07,-7.36417760956988e-08,-7.36417760956988e-08
5.593,4.51013728721129e-06,-2.38865511763816e-07,-7.34050975866851e-08,-7.34050975866851e-08
5.594,4.49647198434291e-06,-2.38143907568936e-07,-7.3169180027302e-08,-7.3169180027302e-08
5.595,4.48284796407475e-06,-2.37424476081191e-07,-7.2934020970097e-08,-7.2934020970097e-08
5.596,4.46926510210664e-06,-2.36707210783289e-07,-7.26996179754895e-08,-7.26996179754895e-08
5.597,4.45572327451131e-06,-2.35992105177404e-07,-7.24659686117504e-08,-7.24659686117504e-08
5.598,4.44222235773317e-06,-2.35279152785119e-07,-7.22330704549736e-08,-7.22330704549736e-08
5.599,4.42876222858733e-06,-2.34568347147365e-07,-7.20009210890517e-08,-7.20009210890517e-08
5.6,4.41534276425839e-06,-2.33859681824367e-07,-7.17695181056528e-08,-7.17695181056528e-08
5.601,4.40196384229936e-06,-2.33153150395583e-07,-7.15388591041915e-08,-7.15388591041915e-08
5.602,4.38862534063059e-06,-2.32448746459651e-07,-7.13089416918078e-08,-7.13089416918078e-08
5.603,4.37532713753866e-06,-2.31746463634329e-07,-7.10797634833399e-08,-7.10797634833399e-08
5.604,4.36206911167525e-06,-2.31046295556438e-07,-7.08513221013005e-08,-7.08513221013005e-08
5.605,4.34885114205612e-06,-2.30348235881809e-07,-7.06236151758525e-08,-7.06236151758525e-08
5.606,4.33567310805992e-06,-2.29652278285222e-07,-7.03966403447815e-08,-7.03966403447815e-08
5.607,4.32253488942722e-06,-2.2895841646035e-07,-7.01703952534761e-08,-7.01703952534761e-08
5.608,4.30943636625938e-06,-2.2826664411971e-07,-6.99448775548991e-08,-6.99448775548991e-08
5.609,4.29637741901741e-06,-2.27576954994594e-07,-6.97200849095653e-08,-6.97200849095653e-08
5.61,4.28335792852101e-06,-2.26889342835026e-07,-6.94960149855163e-08,-6.94960149855163e-08
5.611,4.27037777594744e-06,-2.26203801409701e-07,-6.92726654582971e-08,-6.92726654582971e-08
5.612,4.2574368428304e-06,-2.25520324505924e-07,-6.90500340109315e-08,-6.90500340109315e-08
5.613,4.24453501105908e-06,-2.24838905929566e-07,-6.88281183338979e-08,-6.88281183338979e-08
5.614,4.231672162877e-06,-2.24159539505e-07,-6.86069161251052e-08,-6.86069161251052e-08
5.615,4.21884818088101e-06,-2.2348221907505e-07,-6.83864250898692e-08,-6.83864250898692e-08
5.616,4.20606294802021e-06,-2.22806938500934e-07,-6.81666429408892e-08,-6.81666429408892e-08
5.617,4.19331634759488e-06,-2.2213369166221e-07,-6.79475673982229e-08,-6.79475673982229e-08
5.618,4.18060826325547e-06,-2.21462472456724e-07,-6.77291961892643e-08,-6.77291961892643e-08
5.619,4.16793857900155e-06,-2.20793274800552e-07,-6.75115270487188e-08,-6.75115270487188e-08
5.62,4.1553071791807e-06,-2.20126092627946e-07,-6.72945577185806e-08,-6.72945577185806e-08
5.621,4.1427139484876e-06,-2.19460919891285e-07,-6.70782859481084e-08,-6.70782859481084e-08
5.622,4.13015877196282e-06,-2.18797750561012e-07,-6.68627094938023e-08,-6.68627094938023e-08
5.623,4.11764153499197e-06,-2.1813657862559e-07,-6.66478261193812e-08,-6.66478261193812e-08
5.624,4.10516212330454e-06,-2.17477398091443e-07,-6.64336335957592e-08,-6.64336335957592e-08
5.625,4.09272042297291e-06,-2.16820202982902e-07,-6.62201297010216e-08,-6.62201297010216e-08
5.626,4.08031632041132e-06,-2.16164987342155e-07,-6.60073122204019e-08,-6.60073122204019e-08
5.627,4.06794970237492e-06,-2.15511745229192e-07,-6.57951789462615e-08,-6.57951789462615e-08
5.628,4.05562045595859e-06,-2.14860470721751e-07,-6.55837276780624e-08,-6.55837276780624e-08
5.629,4.04332846859611e-06,-2.1421115791527e-07,-6.53729562223474e-08,-6.53729562223474e-08
5.63,4.031073628059e-06,-2.13563800922826e-07,-6.51628623927164e-08,-6.51628623927164e-08
5.631,4.01885582245562e-06,-2.12918393875091e-07,-6.49534440098045e-08,-6.49534440098045e-08
5.632,4.00667494023009e-06,-2.12274930920277e-07,-6.47446989012578e-08,-6.47446989012578e-08
5.633,3.9945308701613e-06,-2.11633406224079e-07,-6.45366249017111e-08,-6.45366249017111e-08
5.634,3.98242350136195e-06,-2.10993813969631e-07,-6.43292198527671e-08,-6.43292198527671e-08
5.635,3.97035272327751e-06,-2.10356148357448e-07,-6.41224816029725e-08,-6.41224816029725e-08
5.636,3.95831842568522e-06,-2.09720403605375e-07,-6.3916408007796e-08,-6.3916408007796e-08
5.637,3.94632049869317e-06,-2.09086573948543e-07,-6.37109969296055e-08,-6.37109969296055e-08
5.638,3.93435883273919e-06,-2.08454653639303e-07,-6.35062462376473e-08,-6.35062462376473e-08
5.639,3.92243331858998e-06,-2.0782463694719e-07,-6.3302153808022e-08,-6.3302153808022e-08
5.64,3.91054384734009e-06,-2.07196518158864e-07,-6.30987175236645e-08,-6.30987175236645e-08
5.641,3.89869031041089e-06,-2.06570291578056e-07,-6.28959352743201e-08,-6.28959352743201e-08
5.642,3.88687259954965e-06,-2.05945951525528e-07,-6.2693804956524e-08,-6.2693804956524e-08
5.643,3.87509060682858e-06,-2.0532349233901e-07,-6.24923244735792e-08,-6.24923244735792e-08
5.644,3.86334422464377e-06,-2.04702908373159e-07,-6.22914917355335e-08,-6.22914917355335e-08
5.645,3.85163334571435e-06,-2.04084193999505e-07,-6.209130465916e-08,-6.209130465916e-08
5.646,3.83995786308138e-06,-2.03467343606397e-07,-6.18917611679332e-08,-6.18917611679332e-08
5.647,3.82831767010703e-06,-2.02852351598961e-07,-6.16928591920086e-08,-6.16928591920086e-08
5.648,3.81671266047354e-06,-2.02239212399046e-07,-6.14945966682015e-08,-6.14945966682015e-08
5.649,3.80514272818222e-06,-2.0162792044517e-07,-6.12969715399649e-08,-6.12969715399649e-08
5.65,3.79360776755264e-06,-2.01018470192479e-07,-6.10999817573675e-08,-6.10999817573675e-08
5.651,3.78210767322152e-06,-2.00410856112691e-07,-6.09036252770747e-08,-6.09036252770747e-08
5.652,3.77064234014188e-06,-1.99805072694049e-07,-6.0707900062324e-08,-6.0707900062324e-08
5.653,3.75921166358209e-06,-1.99201114441272e-07,-6.05128040829082e-08,-6.05128040829082e-08
5.654,3.74781553912486e-06,-1.98598975875505e-07,-6.03183353151498e-08,-6.03183353151498e-08
5.655,3.73645386266639e-06,-1.97998651534271e-07,-6.01244917418828e-08,-6.01244917418828e-08
5.656,3.72512653041537e-06,-1.97400135971424e-07,-5.99312713524312e-08,-5.99312713524312e-08
5.657,3.71383343889205e-06,-1.96803423757096e-07,-5.97386721425871e-08,-5.97386721425871e-08
5.658,3.70257448492735e-06,-1.96208509477652e-07,-5.95466921145921e-08,-5.95466921145921e-08
5.659,3.69134956566188e-06,-1.95615387735639e-07,-5.9355329277113e-08,-5.9355329277113e-08
5.66,3.68015857854506e-06,-1.95024053149744e-07,-5.91645816452252e-08,-5.91645816452252e-08
5.661,3.66900142133417e-06,-1.94434500354738e-07,-5.89744472403894e-08,-5.89744472403894e-08
5.662,3.65787799209342e-06,-1.93846724001431e-07,-5.87849240904315e-08,-5.87849240904315e-08
5.663,3.64678818919306e-06,-1.93260718756629e-07,-5.85960102295225e-08,-5.85960102295225e-08
5.664,3.63573191130847e-06,-1.92676479303079e-07,-5.84077036981583e-08,-5.84077036981583e-08
5.665,3.62470905741919e-06,-1.92094000339426e-07,-5.82200025431383e-08,-5.82200025431383e-08
5.666,3.61371952680809e-06,-1.91513276580165e-07,-5.80329048175467e-08,-5.80329048175467e-08
5.667,3.60276321906039e-06,-1.90934302755593e-07,-5.78464085807308e-08,-5.78464085807308e-08
5.668,3.59184003406281e-06,-1.90357073611764e-07,-5.76605118982815e-08,-5.76605118982815e-08
5.669,3.58094987200267e-06,-1.89781583910439e-07,-5.74752128420132e-08,-5.74752128420132e-08
5.67,3.57009263336692e-06,-1.89207828429041e-07,-5.72905094899434e-08,-5.72905094899434e-08
5.671,3.55926821894133e-06,-1.88635801960608e-07,-5.71063999262736e-08,-5.71063999262736e-08
5.672,3.54847652980956e-06,-1.8806549931375e-07,-5.69228822413688e-08,-5.69228822413688e-08
5.673,3.53771746735223e-06,-1.87496915312595e-07,-5.67399545317367e-08,-5.67399545317367e-08
5.674,3.52699093324615e-06,-1.86930044796751e-07,-5.65576149000106e-08,-5.65576149000106e-08
5.675,3.51629682946327e-06,-1.86364882621253e-07,-5.63758614549264e-08,-5.63758614549264e-08
5.676,3.50563505826993e-06,-1.85801423656523e-07,-5.61946923113052e-08,-5.61946923113052e-08
5.677,3.49500552222595e-06,-1.8523966278832e-07,-5.60141055900338e-08,-5.60141055900338e-08
5.678,3.48440812418368e-06,-1.84679594917697e-07,-5.58340994180432e-08,-5.58340994180432e-08
5.679,3.47384276728724e-06,-1.84121214960953e-07,-5.56546719282913e-08,-5.56546719282913e-08
5.68,3.46330935497156e-06,-1.83564517849591e-07,-5.54758212597427e-08,-5.54758212597427e-08
5.681,3.45280779096152e-06,-1.83009498530268e-07,-5.52975455573481e-08,-5.52975455573481e-08
5.682,3.44233797927115e-06,-1.82456151964757e-07,-5.51198429720276e-08,-5.51198429720276e-08
5.683,3.43189982420267e-06,-1.81904473129892e-07,-5.49427116606494e-08,-5.49427116606494e-08
5.684,3.42149323034571e-06,-1.81354457017534e-07,-5.47661497860114e-08,-5.47661497860114e-08
5.685,3.41111810257641e-06,-1.80806098634518e-07,-5.45901555168227e-08,-5.45901555168227e-08
5.686,3.40077434605654e-06,-1.80259393002612e-07,-5.44147270276825e-08,-5.44147270276825e-08
5.687,3.39046186623271e-06,-1.79714335158474e-07,-5.42398624990646e-08,-5.42398624990646e-08
5.688,3.38018056883548e-06,-1.79170920153605e-07,-5.40655601172953e-08,-5.40655601172953e-08
5.689,3.36993035987848e-06,-1.78629143054303e-07,-5.38918180745349e-08,-5.38918180745349e-08
5.69,3.35971114565765e-06,-1.78088998941624e-07,-5.37186345687621e-08,-5.37186345687621e-08
5.691,3.34952283275029e-06,-1.77550482911337e-07,-5.35460078037507e-08,-5.35460078037507e-08
5.692,3.3393653280143e-06,-1.77013590073875e-07,-5.33739359890547e-08,-5.33739359890547e-08
5.693,3.32923853858733e-06,-1.764783155543e-07,-5.32024173399875e-08,-5.32024173399875e-08
5.694,3.31914237188587e-06,-1.7594465449225e-07,-5.3031450077604e-08,-5.3031450077604e-08
5.695,3.30907673560453e-06,-1.75412602041902e-07,-5.28610324286828e-08,-5.28610324286828e-08
5.696,3.29904153771513e-06,-1.74882153371929e-07,-5.26911626257069e-08,-5.26911626257069e-08
5.697,3.28903668646585e-06,-1.74353303665451e-07,-5.25218389068451e-08,-5.25218389068451e-08
5.698,3.27906209038052e-06,-1.7382604812e-07,-5.23530595159348e-08,-5.23530595159348e-08
5.699,3.26911765825766e-06,-1.7330038194747e-07,-5.21848227024625e-08,-5.21848227024625e-08
5.7,3.25920329916973e-06,-1.72776300374077e-07,-5.20171267215475e-08,-5.20171267215475e-08
5.701,3.24931892246232e-06,-1.72253798640319e-07,-5.18499698339215e-08,-5.18499698339215e-08
5.702,3.23946443775329e-06,-1.71732872000929e-07,-5.16833503059119e-08,-5.16833503059119e-08
5.703,3.22963975493197e-06,-1.71213515724835e-07,-5.15172664094238e-08,-5.15172664094238e-08
5.704,3.2198447841584e-06,-1.70695725095117e-07,-5.13517164219211e-08,-5.13517164219211e-08
5.705,3.21007943586242e-06,-1.70179495408967e-07,-5.11866986264099e-08,-5.11866986264099e-08
5.706,3.20034362074294e-06,-1.69664821977643e-07,-5.10222113114195e-08,-5.10222113114195e-08
5.707,3.19063724976712e-06,-1.6915170012643e-07,-5.08582527709857e-08,-5.08582527709857e-08
5.708,3.18096023416955e-06,-1.68640125194598e-07,-5.06948213046315e-08,-5.06948213046315e-08
5.709,3.17131248545148e-06,-1.68130092535361e-07,-5.05319152173521e-08,-5.05319152173521e-08
5.71,3.16169391537997e-06,-1.67621597515832e-07,-5.03695328195942e-08,-5.03695328195942e-08
5.711,3.15210443598716e-06,-1.67114635516985e-07,-5.02076724272401e-08,-5.02076724272401e-08
5.712,3.14254395956943e-06,-1.66609201933614e-07,-5.0046332361591e-08,-5.0046332361591e-08
5.713,3.1330123986866e-06,-1.66105292174288e-07,-4.98855109493472e-08,-4.98855109493472e-08
5.714,3.12350966616123e-06,-1.65602901661316e-07,-4.97252065225932e-08,-4.97252065225932e-08
5.715,3.11403567507769e-06,-1.65102025830699e-07,-4.95654174187785e-08,-4.95654174187785e-08
5.716,3.10459033878152e-06,-1.64602660132096e-07,-4.94061419807018e-08,-4.94061419807018e-08
5.717,3.09517357087857e-06,-1.64104800028778e-07,-4.92473785564924e-08,-4.92473785564924e-08
5.718,3.0857852852342e-06,-1.63608440997591e-07,-4.90891254995944e-08,-4.90891254995944e-08
5.719,3.07642539597258e-06,-1.63113578528914e-07,-4.89313811687481e-08,-4.89313811687481e-08
5.72,3.06709381747588e-06,-1.62620208126618e-07,-4.8774143927975e-08,-4.8774143927975e-08
5.721,3.05779046438345e-06,-1.62128325308029e-07,-4.8617412146558e-08,-4.8617412146558e-08
5.722,3.04851525159115e-06,-1.61637925603883e-07,-4.84611841990276e-08,-4.84611841990276e-08
5.723,3.03926809425047e-06,-1.6114900455829e-07,-4.83054584651421e-08,-4.83054584651421e-08
5.724,3.03004890776786e-06,-1.60661557728694e-07,-4.81502333298734e-08,-4.81502333298734e-08
5.725,3.02085760780392e-06,-1.60175580685831e-07,-4.79955071833885e-08,-4.79955071833885e-08
5.726,3.01169411027264e-06,-1.5969106901369e-07,-4.78412784210324e-08,-4.78412784210324e-08
5.727,3.00255833134067e-06,-1.59208018309476e-07,-4.76875454433131e-08,-4.76875454433131e-08
5.728,2.99345018742652e-06,-1.58726424183567e-07,-4.75343066558853e-08,-4.75343066558853e-08
5.729,2.98436959519983e-06,-1.58246282259478e-07,-4.738156046953e-08,-4.738156046953e-08
5.73,2.97531647158065e-06,-1.5776758817382e-07,-4.7229305300143e-08,-4.7229305300143e-08
5.731,2.96629073373862e-06,-1.5729033757626e-07,-4.70775395687147e-08,-4.70775395687147e-08
5.732,2.95729229909228e-06,-1.56814526129487e-07,-4.69262617013162e-08,-4.69262617013162e-08
5.733,2.94832108530834e-06,-1.56340149509166e-07,-4.67754701290818e-08,-4.67754701290818e-08
5.734,2.93937701030084e-06,-1.55867203403905e-07,-4.66251632881918e-08,-4.66251632881918e-08
5.735,2.93045999223051e-06,-1.55395683515214e-07,-4.64753396198582e-08,-4.64753396198582e-08
5.736,2.92156994950403e-06,-1.54925585557468e-07,-4.63259975703076e-08,-4.63259975703076e-08
5.737,2.91270680077318e-06,-1.54456905257867e-07,-4.61771355907644e-08,-4.61771355907644e-08
5.738,2.90387046493427e-06,-1.53989638356398e-07,-4.60287521374357e-08,-4.60287521374357e-08
5.739,2.89506086112726e-06,-1.535237806058e-07,-4.58808456714955e-08,-4.58808456714955e-08
5.74,2.88627790873514e-06,-1.53059327771519e-07,-4.57334146590667e-08,-4.57334146590667e-08
5.741,2.87752152738315e-06,-1.52596275631681e-07,-4.5586457571208e-08,-4.5586457571208e-08
5.742,2.86879163693804e-06,-1.52134619977042e-07,-4.5439972883896e-08,-4.5439972883896e-08
5.743,2.86008815750738e-06,-1.51674356610958e-07,-4.52939590780098e-08,-4.52939590780098e-08
5.744,2.85141100943887e-06,-1.51215481349349e-07,-4.51484146393166e-08,-4.51484146393166e-08
5.745,2.84276011331951e-06,-1.50757990020653e-07,-4.50033380584527e-08,-4.50033380584527e-08
5.746,2.83413538997503e-06,-1.50301878465798e-07,-4.48587278309119e-08,-4.48587278309119e-08
5.747,2.82553676046903e-06,-1.49847142538158e-07,-4.47145824570268e-08,-4.47145824570268e-08
5.748,2.81696414610239e-06,-1.49393778103522e-07,-4.45709004419548e-08,-4.45709004419548e-08
5.749,2.80841746841249e-06,-1.48941781040051e-07,-4.44276802956619e-08,-4.44276802956619e-08
5.75,2.79989664917251e-06,-1.48491147238244e-07,-4.42849205329068e-08,-4.42849205329068e-08
5.751,2.79140161039075e-06,-1.48041872600903e-07,-4.41426196732277e-08,-4.41426196732277e-08
5.752,2.78293227430992e-06,-1.47593953043093e-07,-4.40007762409239e-08,-4.40007762409239e-08
5.753,2.77448856340639e-06,-1.47147384492105e-07,-4.38593887650418e-08,-4.38593887650418e-08
5.754,2.76607040038958e-06,-1.46702162887427e-07,-4.37184557793613e-08,-4.37184557793613e-08
5.755,2.75767770820117e-06,-1.46258284180696e-07,-4.3577975822377e-08,-4.3577975822377e-08
5.756,2.74931041001446e-06,-1.45815744335671e-07,-4.34379474372859e-08,-4.34379474372859e-08
5.757,2.74096842923368e-06,-1.45374539328195e-07,-4.32983691719719e-08,-4.32983691719719e-08
5.758,2.73265168949325e-06,-1.44934665146154e-07,-4.31592395789894e-08,-4.31592395789894e-08
5.759,2.72436011465716e-06,-1.44496117789449e-07,-4.30205572155493e-08,-4.30205572155493e-08
5.76,2.71609362881821e-06,-1.44058893269953e-07,-4.28823206435039e-08,-4.28823206435039e-08
5.761,2.70785215629739e-06,-1.4362298761148e-07,-4.27445284293319e-08,-4.27445284293319e-08
5.762,2.69963562164316e-06,-1.43188396849749e-07,-4.26071791441228e-08,-4.26071791441228e-08
5.763,2.69144394963075e-06,-1.42755117032343e-07,-4.24702713635638e-08,-4.24702713635638e-08
5.764,2.68327706526153e-06,-1.42323144218683e-07,-4.23338036679228e-08,-4.23338036679228e-08
5.765,2.67513489376234e-06,-1.41892474479985e-07,-4.21977746420358e-08,-4.21977746420358e-08
5.766,2.66701736058472e-06,-1.41463103899227e-07,-4.20621828752904e-08,-4.20621828752904e-08
5.767,2.65892439140435e-06,-1.41035028571118e-07,-4.19270269616121e-08,-4.19270269616121e-08
5.768,2.65085591212033e-06,-1.40608244602056e-07,-4.17923054994503e-08,-4.17923054994503e-08
5.769,2.64281184885448e-06,-1.40182748110098e-07,-4.16580170917613e-08,-4.16580170917613e-08
5.77,2.63479212795075e-06,-1.39758535224924e-07,-4.15241603459975e-08,-4.15241603459975e-08
5.771,2.62679667597447e-06,-1.39335602087803e-07,-4.1390733874089e-08,-4.1390733874089e-08
5.772,2.61882541971175e-06,-1.38913944851555e-07,-4.12577362924327e-08,-4.12577362924327e-08
5.773,2.61087828616881e-06,-1.38493559680525e-07,-4.11251662218749e-08,-4.11251662218749e-08
5.774,2.60295520257127e-06,-1.38074442750536e-07,-4.09930222876996e-08,-4.09930222876996e-08
5.775,2.59505609636357e-06,-1.37656590248867e-07,-4.08613031196122e-08,-4.08613031196122e-08
5.776,2.58718089520824e-06,-1.37239998374212e-07,-4.07300073517265e-08,-4.07300073517265e-08
5.777,2.57932952698531e-06,-1.36824663336648e-07,-4.05991336225501e-08,-4.05991336225501e-08
5.778,2.57150191979162e-06,-1.36410581357599e-07,-4.04686805749697e-08,-4.04686805749697e-08
5.779,2.56369800194019e-06,-1.35997748669805e-07,-4.03386468562386e-08,-4.03386468562386e-08
5.78,2.55591770195954e-06,-1.35586161517289e-07,-4.02090311179604e-08,-4.02090311179604e-08
5.781,2.54816094859311e-06,-1.35175816155319e-07,-4.00798320160775e-08,-4.00798320160775e-08
5.782,2.54042767079853e-06,-1.34766708850378e-07,-3.99510482108546e-08,-3.99510482108546e-08
5.783,2.53271779774708e-06,-1.34358835880129e-07,-3.98226783668671e-08,-3.98226783668671e-08
5.784,2.52503125882293e-06,-1.33952193533382e-07,-3.96947211529854e-08,-3.96947211529854e-08
5.785,2.51736798362261e-06,-1.33546778110063e-07,-3.95671752423623e-08,-3.95671752423623e-08
5.786,2.50972790195433e-06,-1.33142585921177e-07,-3.94400393124185e-08,-3.94400393124185e-08
5.787,2.50211094383732e-06,-1.32739613288777e-07,-3.93133120448295e-08,-3.93133120448295e-08
5.788,2.49451703950126e-06,-1.32337856545932e-07,-3.91869921255111e-08,-3.91869921255111e-08
5.789,2.4869461193856e-06,-1.31937312036691e-07,-3.90610782446069e-08,-3.90610782446069e-08
5.79,2.47939811413893e-06,-1.31537976116055e-07,-3.89355690964731e-08,-3.89355690964731e-08
5.791,2.47187295461839e-06,-1.3113984514994e-07,-3.88104633796666e-08,-3.88104633796666e-08
5.792,2.46437057188902e-06,-1.30742915515145e-07,-3.86857597969301e-08,-3.86857597969301e-08
5.793,2.45689089722315e-06,-1.30347183599324e-07,-3.85614570551794e-08,-3.85614570551794e-08
5.794,2.44943386209976e-06,-1.29952645800947e-07,-3.84375538654905e-08,-3.84375538654905e-08
5.795,2.44199939820387e-06,-1.29559298529273e-07,-3.83140489430846e-08,-3.83140489430846e-08
5.796,2.43458743742595e-06,-1.29167138204316e-07,-3.81909410073164e-08,-3.81909410073164e-08
5.797,2.42719791186126e-06,-1.28776161256812e-07,-3.80682287816597e-08,-3.80682287816597e-08
5.798,2.41983075380926e-06,-1.28386364128186e-07,-3.79459109936947e-08,-3.79459109936947e-08
5.799,2.412485895773e-06,-1.27997743270527e-07,-3.78239863750947e-08,-3.78239863750947e-08
5.8,2.40516327045851e-06,-1.27610295146547e-07,-3.77024536616124e-08,-3.77024536616124e-08
5.801,2.39786281077417e-06,-1.27224016229554e-07,-3.75813115930676e-08,-3.75813115930676e-08
5.802,2.39058444983015e-06,-1.26838903003422e-07,-3.74605589133342e-08,-3.74605589133342e-08
5.803,2.38332812093775e-06,-1.26454951962556e-07,-3.73401943703257e-08,-3.73401943703257e-08
5.804,2.37609375760884e-06,-1.2607215961186e-07,-3.7220216715984e-08,-3.7220216715984e-08
5.805,2.36888129355524e-06,-1.25690522466713e-07,-3.71006247062656e-08,-3.71006247062656e-08
5.806,2.36169066268813e-06,-1.25310037052927e-07,-3.69814171011277e-08,-3.69814171011277e-08
5.807,2.35452179911744e-06,-1.24930699906725e-07,-3.68625926645178e-08,-3.68625926645178e-08
5.808,2.34737463715126e-06,-1.24552507574704e-07,-3.67441501643586e-08,-3.67441501643586e-08
5.809,2.34024911129526e-06,-1.24175456613807e-07,-3.66260883725359e-08,-3.66260883725359e-08
5.81,2.33314515625209e-06,-1.23799543591293e-07,-3.65084060648866e-08,-3.65084060648866e-08
5.811,2.32606270692076e-06,-1.23424765084702e-07,-3.63911020211843e-08,-3.63911020211843e-08
5.812,2.31900169839611e-06,-1.2305111768183e-07,-3.62741750251287e-08,-3.62741750251287e-08
5.813,2.31196206596818e-06,-1.22678597980695e-07,-3.61576238643318e-08,-3.61576238643318e-08
5.814,2.30494374512163e-06,-1.22307202589503e-07,-3.60414473303047e-08,-3.60414473303047e-08
5.815,2.29794667153518e-06,-1.21936928126628e-07,-3.59256442184467e-08,-3.59256442184467e-08
5.816,2.29097078108099e-06,-1.2156777122057e-07,-3.58102133280312e-08,-3.58102133280312e-08
5.817,2.28401600982412e-06,-1.21199728509932e-07,-3.56951534621945e-08,-3.56951534621945e-08
5.818,2.27708229402194e-06,-1.2083279664339e-07,-3.55804634279222e-08,-3.55804634279222e-08
5.819,2.27016957012353e-06,-1.20466972279658e-07,-3.54661420360381e-08,-3.54661420360381e-08
5.82,2.26327777476914e-06,-1.20102252087462e-07,-3.53521881011907e-08,-3.53521881011907e-08
5.821,2.2564068447896e-06,-1.19738632745509e-07,-3.52386004418414e-08,-3.52386004418414e-08
5.822,2.24955671720573e-06,-1.19376110942458e-07,-3.51253778802525e-08,-3.51253778802525e-08
5.823,2.24272732922783e-06,-1.19014683376889e-07,-3.5012519242474e-08,-3.5012519242474e-08
5.824,2.23591861825505e-06,-1.18654346757273e-07,-3.49000233583327e-08,-3.49000233583327e-08
5.825,2.22913052187484e-06,-1.18295097801947e-07,-3.47878890614191e-08,-3.47878890614191e-08
5.826,2.22236297786241e-06,-1.17936933239077e-07,-3.46761151890761e-08,-3.46761151890761e-08
5.827,2.21561592418015e-06,-1.17579849806636e-07,-3.45647005823852e-08,-3.45647005823852e-08
5.828,2.20888929897706e-06,-1.17223844252369e-07,-3.44536440861574e-08,-3.44536440861574e-08
5.829,2.20218304058821e-06,-1.16868913333769e-07,-3.43429445489181e-08,-3.43429445489181e-08
5.83,2.19549708753417e-06,-1.16515053818043e-07,-3.42326008228969e-08,-3.42326008228969e-08
5.831,2.18883137852047e-06,-1.16162262482087e-07,-3.4122611764016e-08,-3.4122611764016e-08
5.832,2.18218585243699e-06,-1.15810536112454e-07,-3.40129762318766e-08,-3.40129762318766e-08
5.833,2.17556044835752e-06,-1.15459871505328e-07,-3.3903693089749e-08,-3.3903693089749e-08
5.834,2.16895510553909e-06,-1.15110265466493e-07,-3.37947612045596e-08,-3.37947612045596e-08
5.835,2.16236976342147e-06,-1.14761714811306e-07,-3.36861794468788e-08,-3.36861794468788e-08
5.836,2.15580436162664e-06,-1.14414216364667e-07,-3.35779466909109e-08,-3.35779466909109e-08
5.837,2.14925883995825e-06,-1.14067766960992e-07,-3.34700618144813e-08,-3.34700618144813e-08
5.838,2.142733138401e-06,-1.13722363444182e-07,-3.3362523699024e-08,-3.3362523699024e-08
5.839,2.13622719712018e-06,-1.13378002667599e-07,-3.32553312295719e-08,-3.32553312295719e-08
5.84,2.1297409564611e-06,-1.13034681494033e-07,-3.31484832947439e-08,-3.31484832947439e-08
5.841,2.12327435694854e-06,-1.12692396795679e-07,-3.3041978786734e-08,-3.3041978786734e-08
5.842,2.11682733928624e-06,-1.12351145454103e-07,-3.29358166012991e-08,-3.29358166012991e-08
5.843,2.11039984435631e-06,-1.12010924360219e-07,-3.28299956377484e-08,-3.28299956377484e-08
5.844,2.10399181321876e-06,-1.1167173041426e-07,-3.27245147989311e-08,-3.27245147989311e-08
5.845,2.09760318711095e-06,-1.11333560525746e-07,-3.26193729912261e-08,-3.26193729912261e-08
5.846,2.09123390744699e-06,-1.10996411613464e-07,-3.25145691245291e-08,-3.25145691245291e-08
5.847,2.08488391581732e-06,-1.10660280605434e-07,-3.2410102112243e-08,-3.2410102112243e-08
5.848,2.07855315398811e-06,-1.10325164438882e-07,-3.2305970871265e-08,-3.2305970871265e-08
5.849,2.07224156390073e-06,-1.09991060060217e-07,-3.22021743219768e-08,-3.22021743219768e-08
5.85,2.0659490876713e-06,-1.09657964425e-07,-3.20987113882325e-08,-3.20987113882325e-08
5.851,2.05967566759004e-06,-1.09325874497915e-07,-3.19955809973477e-08,-3.19955809973477e-08
5.852,2.05342124612087e-06,-1.08994787252747e-07,-3.1892782080088e-08,-3.1892782080088e-08
5.853,2.04718576590084e-06,-1.08664699672352e-07,-3.17903135706589e-08,-3.17903135706589e-08
5.854,2.04096916973958e-06,-1.08335608748626e-07,-3.16881744066933e-08,-3.16881744066933e-08
5.855,2.03477140061884e-06,-1.08007511482486e-07,-3.15863635292415e-08,-3.15863635292415e-08
5.856,2.02859240169192e-06,-1.07680404883838e-07,-3.14848798827601e-08,-3.14848798827601e-08
5.857,2.02243211628321e-06,-1.07354285971551e-07,-3.13837224151007e-08,-3.13837224151007e-08
5.858,2.01629048788765e-06,-1.0702915177343e-07,-3.12828900774994e-08,-3.12828900774994e-08
5.859,2.0101674601702e-06,-1.06704999326189e-07,-3.1182381824565e-08,-3.1182381824565e-08
5.86,2.00406297696535e-06,-1.06381825675427e-07,-3.10821966142695e-08,-3.10821966142695e-08
5.861,1.99797698227663e-06,-1.06059627875599e-07,-3.09823334079361e-08,-3.09823334079361e-08
5.862,1.99190942027607e-06,-1.0573840298999e-07,-3.08827911702292e-08,-3.08827911702292e-08
5.863,1.98586023530371e-06,-1.05418148090689e-07,-3.07835688691431e-08,-3.07835688691431e-08
5.864,1.97982937186709e-06,-1.05098860258561e-07,-3.0684665475992e-08,-3.0684665475992e-08
5.865,1.97381677464078e-06,-1.04780536583225e-07,-3.05860799653979e-08,-3.05860799653979e-08
5.866,1.96782238846581e-06,-1.04463174163025e-07,-3.0487811315282e-08,-3.0487811315282e-08
5.867,1.96184615834925e-06,-1.04146770105002e-07,-3.03898585068521e-08,-3.03898585068521e-08
5.868,1.95588802946366e-06,-1.03831321524871e-07,-3.02922205245934e-08,-3.02922205245934e-08
5.869,1.94994794714662e-06,-1.03516825546997e-07,-3.01948963562576e-08,-3.01948963562576e-08
5.87,1.9440258569002e-06,-1.03203279304363e-07,-3.00978849928516e-08,-3.00978849928516e-08
5.871,1.93812170439052e-06,-1.02890679938549e-07,-3.00011854286284e-08,-3.00011854286284e-08
5.872,1.9322354354472e-06,-1.02579024599706e-07,-2.99047966610753e-08,-2.99047966610753e-08
5.873,1.92636699606294e-06,-1.02268310446529e-07,-2.98087176909047e-08,-2.98087176909047e-08
5.874,1.92051633239295e-06,-1.01958534646233e-07,-2.97129475220428e-08,-2.97129475220428e-08
5.875,1.91468339075453e-06,-1.01649694374524e-07,-2.96174851616196e-08,-2.96174851616196e-08
5.876,1.90886811762655e-06,-1.01341786815578e-07,-2.95223296199587e-08,-2.95223296199587e-08
5.877,1.90307045964896e-06,-1.01034809162016e-07,-2.94274799105671e-08,-2.94274799105671e-08
5.878,1.89729036362234e-06,-1.00728758614873e-07,-2.93329350501246e-08,-2.93329350501246e-08
5.879,1.89152777650739e-06,-1.00423632383579e-07,-2.92386940584733e-08,-2.92386940584733e-08
5.88,1.88578264542445e-06,-1.0011942768593e-07,-2.9144755958609e-08,-2.9144755958609e-08
5.881,1.88005491765304e-06,-9.9816141748067e-08,-2.9051119776669e-08,-2.9051119776669e-08
5.882,1.87434454063137e-06,-9.95137718044471e-08,-2.89577845419232e-08,-2.89577845419232e-08
5.883,1.86865146195586e-06,-9.921231509782e-08,-2.88647492867639e-08,-2.88647492867639e-08
5.884,1.86297562938068e-06,-9.89117688792044e-08,-2.87720130466956e-08,-2.87720130466956e-08
5.885,1.85731699081727e-06,-9.86121304078623e-08,-2.86795748603251e-08,-2.86795748603251e-08
5.886,1.85167549433386e-06,-9.83133969512737e-08,-2.85874337693511e-08,-2.85874337693511e-08
5.887,1.846051088155e-06,-9.80155657851142e-08,-2.84955888185545e-08,-2.84955888185545e-08
5.888,1.84044372066112e-06,-9.77186341932279e-08,-2.84040390557895e-08,-2.84040390557895e-08
5.889,1.83485334038801e-06,-9.74225994676053e-08,-2.83127835319712e-08,-2.83127835319712e-08
5.89,1.82927989602643e-06,-9.71274589083578e-08,-2.8221821301069e-08,-2.8221821301069e-08
5.891,1.82372333642156e-06,-9.68332098236931e-08,-2.81311514200935e-08,-2.81311514200935e-08
5.892,1.81818361057258e-06,-9.65398495298921e-08,-2.80407729490898e-08,-2.80407729490898e-08
5.893,1.81266066763223e-06,-9.62473753512845e-08,-2.7950684951125e-08,-2.7950684951125e-08
5.894,1.8071544569063e-06,-9.59557846202236e-08,-2.78608864922802e-08,-2.78608864922802e-08
5.895,1.80166492785322e-06,-9.56650746770644e-08,-2.77713766416407e-08,-2.77713766416407e-08
5.896,1.79619203008355e-06,-9.53752428701376e-08,-2.76821544712857e-08,-2.76821544712857e-08
5.897,1.79073571335956e-06,-9.50862865557274e-08,-2.75932190562783e-08,-2.75932190562783e-08
5.898,1.78529592759479e-06,-9.47982030980471e-08,-2.75045694746576e-08,-2.75045694746576e-08
5.899,1.77987262285354e-06,-9.4510989869215e-08,-2.74162048074271e-08,-2.74162048074271e-08
5.9,1.77446574935047e-06,-9.42246442492315e-08,-2.73281241385467e-08,-2.73281241385467e-08
5.901,1.76907525745012e-06,-9.39391636259556e-08,-2.72403265549226e-08,-2.72403265549226e-08
5.902,1.76370109766648e-06,-9.36545453950803e-08,-2.71528111463972e-08,-2.71528111463972e-08
5.903,1.75834322066253e-06,-9.33707869601111e-08,-2.70655770057411e-08,-2.70655770057411e-08
5.904,1.75300157724978e-06,-9.30878857323404e-08,-2.69786232286419e-08,-2.69786232286419e-08
5.905,1.74767611838786e-06,-9.28058391308263e-08,-2.68919489136968e-08,-2.68919489136968e-08
5.906,1.74236679518404e-06,-9.25246445823687e-08,-2.68055531624012e-08,-2.68055531624012e-08
5.907,1.73707355889282e-06,-9.2244299521485e-08,-2.67194350791414e-08,-2.67194350791414e-08
5.908,1.73179636091544e-06,-9.19648013903892e-08,-2.66335937711833e-08,-2.66335937711833e-08
5.909,1.72653515279951e-06,-9.16861476389668e-08,-2.65480283486649e-08,-2.65480283486649e-08
5.91,1.72128988623849e-06,-9.14083357247535e-08,-2.64627379245859e-08,-2.64627379245859e-08
5.911,1.71606051307133e-06,-9.11313631129119e-08,-2.63777216147986e-08,-2.63777216147986e-08
5.912,1.71084698528198e-06,-9.08552272762077e-08,-2.6292978537999e-08,-2.6292978537999e-08
5.913,1.70564925499898e-06,-9.05799256949885e-08,-2.62085078157186e-08,-2.62085078157186e-08
5.914,1.700467274495e-06,-9.03054558571607e-08,-2.61243085723131e-08,-2.61243085723131e-08
5.915,1.69530099618645e-06,-9.00318152581657e-08,-2.60403799349552e-08,-2.60403799349552e-08
5.916,1.69015037263302e-06,-8.97590014009595e-08,-2.59567210336245e-08,-2.59567210336245e-08
5.917,1.68501535653723e-06,-8.94870117959884e-08,-2.5873331001099e-08,-2.5873331001099e-08
5.918,1.67989590074407e-06,-8.92158439611676e-08,-2.57902089729462e-08,-2.57902089729462e-08
5.919,1.67479195824051e-06,-8.89454954218592e-08,-2.57073540875133e-08,-2.57073540875133e-08
5.92,1.66970348215507e-06,-8.86759637108482e-08,-2.56247654859192e-08,-2.56247654859192e-08
5.921,1.66463042575744e-06,-8.84072463683228e-08,-2.55424423120448e-08,-2.55424423120448e-08
5.922,1.65957274245806e-06,-8.81393409418505e-08,-2.54603837125252e-08,-2.54603837125252e-08
5.923,1.65453038580763e-06,-8.78722449863562e-08,-2.53785888367392e-08,-2.53785888367392e-08
5.924,1.64950330949676e-06,-8.76059560641015e-08,-2.52970568368023e-08,-2.52970568368023e-08
5.925,1.6444914673555e-06,-8.7340471744661e-08,-2.52157868675563e-08,-2.52157868675563e-08
5.926,1.63949481335296e-06,-8.70757896049018e-08,-2.51347780865617e-08,-2.51347780865617e-08
5.927,1.63451330159688e-06,-8.68119072289614e-08,-2.50540296540884e-08,-2.50540296540884e-08
5.928,1.6295468863332e-06,-8.65488222082253e-08,-2.49735407331067e-08,-2.49735407331067e-08
5.929,1.62459552194567e-06,-8.62865321413064e-08,-2.48933104892796e-08,-2.48933104892796e-08
5.93,1.6196591629554e-06,-8.60250346340228e-08,-2.48133380909532e-08,-2.48133380909532e-08
5.931,1.6147377640205e-06,-8.57643272993758e-08,-2.4733622709148e-08,-2.4733622709148e-08
5.932,1.60983127993561e-06,-8.550440775753e-08,-2.46541635175514e-08,-2.46541635175514e-08
5.933,1.60493966563154e-06,-8.52452736357898e-08,-2.45749596925081e-08,-2.45749596925081e-08
5.934,1.60006287617484e-06,-8.49869225685798e-08,-2.44960104130116e-08,-2.44960104130116e-08
5.935,1.59520086676739e-06,-8.47293521974232e-08,-2.44173148606962e-08,-2.44173148606962e-08
5.936,1.59035359274598e-06,-8.44725601709193e-08,-2.4338872219828e-08,-2.4338872219828e-08
5.937,1.58552100958196e-06,-8.42165441447242e-08,-2.42606816772971e-08,-2.42606816772971e-08
5.938,1.58070307288078e-06,-8.39613017815286e-08,-2.41827424226085e-08,-2.41827424226085e-08
5.939,1.57589973838159e-06,-8.37068307510367e-08,-2.41050536478735e-08,-2.41050536478735e-08
5.94,1.57111096195689e-06,-8.34531287299462e-08,-2.40276145478024e-08,-2.40276145478024e-08
5.941,1.56633669961206e-06,-8.32001934019259e-08,-2.39504243196951e-08,-2.39504243196951e-08
5.942,1.56157690748503e-06,-8.29480224575965e-08,-2.38734821634327e-08,-2.38734821634327e-08
5.943,1.55683154184584e-06,-8.26966135945092e-08,-2.37967872814709e-08,-2.37967872814709e-08
5.944,1.55210055909622e-06,-8.24459645171239e-08,-2.3720338878829e-08,-2.3720338878829e-08
5.945,1.54738391576928e-06,-8.21960729367903e-08,-2.36441361630839e-08,-2.36441361630839e-08
5.946,1.54268156852903e-06,-8.19469365717266e-08,-2.35681783443612e-08,-2.35681783443612e-08
5.947,1.53799347417002e-06,-8.16985531469982e-08,-2.3492464635326e-08,-2.3492464635326e-08
5.948,1.53331958961696e-06,-8.14509203944987e-08,-2.34169942511766e-08,-2.34169942511766e-08
5.949,1.52865987192431e-06,-8.1204036052928e-08,-2.33417664096346e-08,-2.33417664096346e-08
5.95,1.5240142782759e-06,-8.09578978677734e-08,-2.3266780330938e-08,-2.3266780330938e-08
5.951,1.51938276598456e-06,-8.07125035912883e-08,-2.31920352378324e-08,-2.31920352378324e-08
5.952,1.51476529249167e-06,-8.04678509824719e-08,-2.3117530355563e-08,-2.3117530355563e-08
5.953,1.51016181536686e-06,-8.02239378070501e-08,-2.30432649118671e-08,-2.30432649118671e-08
5.954,1.50557229230756e-06,-7.99807618374545e-08,-2.29692381369658e-08,-2.29692381369658e-08
5.955,1.50099668113863e-06,-7.9738320852802e-08,-2.28954492635553e-08,-2.28954492635553e-08
5.956,1.49643493981202e-06,-7.94966126388764e-08,-2.28218975267999e-08,-2.28218975267999e-08
5.957,1.49188702640632e-06,-7.92556349881066e-08,-2.27485821643237e-08,-2.27485821643237e-08
5.958,1.48735289912644e-06,-7.90153856995479e-08,-2.26755024162026e-08,-2.26755024162026e-08
5.959,1.48283251630318e-06,-7.87758625788624e-08,-2.26026575249569e-08,-2.26026575249569e-08
5.96,1.4783258363929e-06,-7.85370634382977e-08,-2.25300467355426e-08,-2.25300467355426e-08
5.961,1.47383281797711e-06,-7.82989860966693e-08,-2.24576692953437e-08,-2.24576692953437e-08
5.962,1.46935341976211e-06,-7.80616283793395e-08,-2.23855244541656e-08,-2.23855244541656e-08
5.963,1.46488760057861e-06,-7.78249881181979e-08,-2.23136114642258e-08,-2.23136114642258e-08
5.964,1.46043531938134e-06,-7.75890631516432e-08,-2.22419295801469e-08,-2.22419295801469e-08
5.965,1.45599653524873e-06,-7.73538513245617e-08,-2.21704780589484e-08,-2.21704780589484e-08
5.966,1.45157120738246e-06,-7.71193504883098e-08,-2.20992561600399e-08,-2.20992561600399e-08
5.967,1.44715929510718e-06,-7.68855585006938e-08,-2.20282631452121e-08,-2.20282631452121e-08
5.968,1.44276075787006e-06,-7.66524732259501e-08,-2.19574982786306e-08,-2.19574982786306e-08
5.969,1.43837555524046e-06,-7.64200925347271e-08,-2.18869608268268e-08,-2.18869608268268e-08
5.97,1.43400364690958e-06,-7.61884143040656e-08,-2.18166500586913e-08,-2.18166500586913e-08
5.971,1.42964499269005e-06,-7.5957436417379e-08,-2.17465652454662e-08,-2.17465652454662e-08
5.972,1.42529955251561e-06,-7.57271567644356e-08,-2.16767056607369e-08,-2.16767056607369e-08
5.973,1.4209672864407e-06,-7.54975732413378e-08,-2.16070705804252e-08,-2.16070705804252e-08
5.974,1.41664815464015e-06,-7.52686837505053e-08,-2.15376592827816e-08,-2.15376592827816e-08
5.975,1.41234211740879e-06,-7.50404862006548e-08,-2.1468471048378e-08,-2.1468471048378e-08
5.976,1.40804913516107e-06,-7.48129785067807e-08,-2.13995051600995e-08,-2.13995051600995e-08
5.977,1.40376916843074e-06,-7.45861585901381e-08,-2.1330760903138e-08,-2.1330760903138e-08
5.978,1.39950217787046e-06,-7.4360024378223e-08,-2.12622375649838e-08,-2.12622375649838e-08
5.979,1.39524812425149e-06,-7.4134573804753e-08,-2.1193934435419e-08,-2.1193934435419e-08
5.98,1.39100696846326e-06,-7.39098048096504e-08,-2.11258508065097e-08,-2.11258508065097e-08
5.981,1.38677867151308e-06,-7.36857153390217e-08,-2.10579859725986e-08,-2.10579859725986e-08
5.982,1.38256319452575e-06,-7.3462303345141e-08,-2.0990339230298e-08,-2.0990339230298e-08
5.983,1.37836049874325e-06,-7.32395667864304e-08,-2.09229098784821e-08,-2.09229098784821e-08
5.984,1.37417054552431e-06,-7.30175036274413e-08,-2.08556972182802e-08,-2.08556972182802e-08
5.985,1.36999329634416e-06,-7.27961118388374e-08,-2.07887005530691e-08,-2.07887005530691e-08
5.986,1.36582871279408e-06,-7.25753893973756e-08,-2.07219191884657e-08,-2.07219191884657e-08
5.987,1.36167675658112e-06,-7.23553342858872e-08,-2.06553524323202e-08,-2.06553524323202e-08
5.988,1.35753738952775e-06,-7.21359444932612e-08,-2.05889995947089e-08,-2.05889995947089e-08
5.989,1.35341057357146e-06,-7.19172180144247e-08,-2.05228599879268e-08,-2.05228599879268e-08
5.99,1.34929627076448e-06,-7.16991528503259e-08,-2.04569329264805e-08,-2.04569329264805e-08
5.991,1.34519444327338e-06,-7.14817470079159e-08,-2.03912177270812e-08,-2.03912177270812e-08
5.992,1.34110505337877e-06,-7.12649985001301e-08,-2.03257137086373e-08,-2.03257137086373e-08
5.993,1.33702806347493e-06,-7.10489053458709e-08,-2.02604201922481e-08,-2.02604201922481e-08
5.994,1.33296343606948e-06,-7.08334655699902e-08,-2.0195336501196e-08,-2.0195336501196e-08
5.995,1.32891113378304e-06,-7.06186772032702e-08,-2.01304619609393e-08,-2.01304619609393e-08
5.996,1.3248711193489e-06,-7.04045382824076e-08,-2.00657958991063e-08,-2.00657958991063e-08
5.997,1.32084335561263e-06,-7.01910468499942e-08,-2.00013376454872e-08,-2.00013376454872e-08
5.998,1.31682780553183e-06,-6.99782009545003e-08,-1.99370865320274e-08,-1.99370865320274e-08
5.999,1.31282443217573e-06,-6.97659986502569e-08,-1.98730418928212e-08,-1.98730418928212e-08
6,1.30883319872485e-06,-6.95544379974376e-08,-1.98092030641044e-08,-1.98092030641044e-08
6.001,1.30485406847072e-06,-6.93435170620423e-08,-1.97455693842469e-08,-1.97455693842469e-08
6.002,1.30088700481549e-06,-6.91332339158784e-08,-1.9682140193747e-08,-1.9682140193747e-08
6.003,1.29693197127162e-06,-6.89235866365444e-08,-1.96189148352235e-08,-1.96189148352235e-08
6.004,1.29298893146158e-06,-6.87145733074126e-08,-1.95558926534095e-08,-1.95558926534095e-08
6.005,1.28905784911745e-06,-6.85061920176107e-08,-1.94930729951453e-08,-1.94930729951453e-08
6.006,1.28513868808066e-06,-6.82984408620063e-08,-1.9430455209372e-08,-1.9430455209372e-08
6.007,1.28123141230162e-06,-6.80913179411885e-08,-1.93680386471238e-08,-1.93680386471238e-08
6.008,1.27733598583941e-06,-6.78848213614507e-08,-1.93058226615225e-08,-1.93058226615225e-08
6.009,1.27345237286143e-06,-6.76789492347746e-08,-1.92438066077702e-08,-1.92438066077702e-08
6.01,1.26958053764313e-06,-6.74736996788123e-08,-1.91819898431425e-08,-1.91819898431425e-08
6.011,1.2657204445676e-06,-6.72690708168693e-08,-1.91203717269817e-08,-1.91203717269817e-08
6.012,1.26187205812533e-06,-6.70650607778883e-08,-1.90589516206909e-08,-1.90589516206909e-08
6.013,1.25803534291386e-06,-6.68616676964319e-08,-1.89977288877264e-08,-1.89977288877264e-08
6.014,1.25421026363742e-06,-6.66588897126654e-08,-1.89367028935918e-08,-1.89367028935918e-08
6.015,1.25039678510665e-06,-6.64567249723405e-08,-1.88758730058313e-08,-1.88758730058313e-08
6.016,1.24659487223829e-06,-6.62551716267792e-08,-1.88152385940226e-08,-1.88152385940226e-08
6.017,1.24280449005482e-06,-6.60542278328559e-08,-1.87547990297712e-08,-1.87547990297712e-08
6.018,1.23902560368418e-06,-6.5853891752981e-08,-1.86945536867031e-08,-1.86945536867031e-08
6.019,1.23525817835942e-06,-6.56541615550855e-08,-1.86345019404591e-08,-1.86345019404591e-08
6.02,1.23150217941842e-06,-6.54550354126035e-08,-1.85746431686873e-08,-1.85746431686873e-08
6.021,1.22775757230355e-06,-6.52565115044552e-08,-1.85149767510377e-08,-1.85149767510377e-08
6.022,1.22402432256137e-06,-6.50585880150321e-08,-1.84555020691548e-08,-1.84555020691548e-08
6.023,1.2203023958423e-06,-6.48612631341796e-08,-1.8396218506672e-08,-1.8396218506672e-08
6.024,1.21659175790031e-06,-6.46645350571801e-08,-1.8337125449205e-08,-1.8337125449205e-08
6.025,1.21289237459265e-06,-6.44684019847382e-08,-1.82782222843447e-08,-1.82782222843447e-08
6.026,1.20920421187947e-06,-6.42728621229637e-08,-1.82195084016518e-08,-1.82195084016518e-08
6.027,1.20552723582358e-06,-6.40779136833549e-08,-1.81609831926503e-08,-1.81609831926503e-08
6.028,1.20186141259008e-06,-6.38835548827836e-08,-1.81026460508203e-08,-1.81026460508203e-08
6.029,1.19820670844611e-06,-6.36897839434784e-08,-1.80444963715933e-08,-1.80444963715933e-08
6.03,1.19456308976049e-06,-6.34965990930085e-08,-1.79865335523442e-08,-1.79865335523442e-08
6.031,1.19093052300346e-06,-6.33039985642676e-08,-1.7928756992386e-08,-1.7928756992386e-08
6.032,1.18730897474635e-06,-6.31119805954596e-08,-1.78711660929636e-08,-1.78711660929636e-08
6.033,1.18369841166128e-06,-6.29205434300802e-08,-1.78137602572476e-08,-1.78137602572476e-08
6.034,1.18009880052085e-06,-6.27296853169026e-08,-1.77565388903271e-08,-1.77565388903271e-08
6.035,1.17651010819786e-06,-6.25394045099617e-08,-1.76995013992054e-08,-1.76995013992054e-08
6.036,1.172932301665e-06,-6.23496992685381e-08,-1.76426471927919e-08,-1.76426471927919e-08
6.037,1.16936534799453e-06,-6.21605678571418e-08,-1.75859756818974e-08,-1.75859756818974e-08
6.038,1.165809214358e-06,-6.19720085454978e-08,-1.75294862792269e-08,-1.75294862792269e-08
6.039,1.16226386802597e-06,-6.17840196085295e-08,-1.74731783993745e-08,-1.74731783993745e-08
6.04,1.15872927636766e-06,-6.15965993263432e-08,-1.74170514588166e-08,-1.74170514588166e-08
6.041,1.1552054068507e-06,-6.14097459842135e-08,-1.73611048759063e-08,-1.73611048759063e-08
6.042,1.15169222704082e-06,-6.12234578725668e-08,-1.73053380708669e-08,-1.73053380708669e-08
6.043,1.14818970460156e-06,-6.10377332869662e-08,-1.72497504657864e-08,-1.72497504657864e-08
6.044,1.14469780729395e-06,-6.0852570528096e-08,-1.71943414846108e-08,-1.71943414846108e-08
6.045,1.14121650297626e-06,-6.06679679017476e-08,-1.71391105531392e-08,-1.71391105531392e-08
6.046,1.13774575960367e-06,-6.0483923718802e-08,-1.70840570990167e-08,-1.70840570990167e-08
6.047,1.13428554522799e-06,-6.03004362952162e-08,-1.70291805517293e-08,-1.70291805517293e-08
6.048,1.13083582799739e-06,-6.01175039520077e-08,-1.69744803425973e-08,-1.69744803425973e-08
6.049,1.12739657615609e-06,-5.99351250152392e-08,-1.69199559047701e-08,-1.69199559047701e-08
6.05,1.12396775804406e-06,-5.97532978160033e-08,-1.68656066732196e-08,-1.68656066732196e-08
6.051,1.12054934209677e-06,-5.95720206904079e-08,-1.6811432084735e-08,-1.6811432084735e-08
6.052,1.11714129684486e-06,-5.9391291979561e-08,-1.67574315779164e-08,-1.67574315779164e-08
6.053,1.11374359091389e-06,-5.92111100295553e-08,-1.67036045931696e-08,-1.67036045931696e-08
6.054,1.11035619302404e-06,-5.90314731914541e-08,-1.66499505726996e-08,-1.66499505726996e-08
6.055,1.10697907198981e-06,-5.88523798212761e-08,-1.65964689605052e-08,-1.65964689605052e-08
6.056,1.10361219671976e-06,-5.86738282799797e-08,-1.6543159202373e-08,-1.6543159202373e-08
6.057,1.10025553621621e-06,-5.84958169334498e-08,-1.6490020745872e-08,-1.6490020745872e-08
6.058,1.096909059575e-06,-5.83183441524821e-08,-1.64370530403479e-08,-1.64370530403479e-08
6.059,1.09357273598514e-06,-5.81414083127682e-08,-1.63842555369168e-08,-1.63842555369168e-08
6.06,1.09024653472858e-06,-5.79650077948811e-08,-1.63316276884597e-08,-1.63316276884597e-08
6.061,1.08693042517991e-06,-5.77891409842618e-08,-1.62791689496174e-08,-1.62791689496174e-08
6.062,1.0836243768061e-06,-5.76138062712028e-08,-1.62268787767843e-08,-1.62268787767843e-08
6.063,1.0803283591662e-06,-5.74390020508344e-08,-1.61747566281027e-08,-1.61747566281027e-08
6.064,1.07704234191109e-06,-5.72647267231109e-08,-1.61228019634577e-08,-1.61228019634577e-08
6.065,1.07376629478316e-06,-5.70909786927953e-08,-1.60710142444711e-08,-1.60710142444711e-08
6.066,1.07050018761609e-06,-5.6917756369445e-08,-1.60193929344956e-08,-1.60193929344956e-08
6.067,1.06724399033454e-06,-5.67450581673978e-08,-1.59679374986102e-08,-1.59679374986102e-08
6.068,1.06399767295388e-06,-5.65728825057575e-08,-1.59166474036136e-08,-1.59166474036136e-08
6.069,1.06076120557992e-06,-5.6401227808379e-08,-1.58655221180193e-08,-1.58655221180193e-08
6.07,1.05753455840866e-06,-5.62300925038553e-08,-1.581456111205e-08,-1.581456111205e-08
6.071,1.05431770172597e-06,-5.60594750255023e-08,-1.57637638576316e-08,-1.57637638576316e-08
6.072,1.05111060590738e-06,-5.58893738113449e-08,-1.57131298283886e-08,-1.57131298283886e-08
6.073,1.04791324141776e-06,-5.5719787304103e-08,-1.56626584996378e-08,-1.56626584996378e-08
6.074,1.04472557881108e-06,-5.55507139511779e-08,-1.56123493483835e-08,-1.56123493483835e-08
6.075,1.04154758873013e-06,-5.53821522046372e-08,-1.55622018533115e-08,-1.55622018533115e-08
6.076,1.03837924190624e-06,-5.52141005212014e-08,-1.55122154947841e-08,-1.55122154947841e-08
6.077,1.03522050915907e-06,-5.50465573622308e-08,-1.54623897548347e-08,-1.54623897548347e-08
6.078,1.03207136139628e-06,-5.48795211937102e-08,-1.5412724117162e-08,-1.5412724117162e-08
6.079,1.02893176961329e-06,-5.47129904862357e-08,-1.53632180671252e-08,-1.53632180671252e-08
6.08,1.02580170489301e-06,-5.4546963715001e-08,-1.53138710917383e-08,-1.53138710917383e-08
6.081,1.02268113840561e-06,-5.43814393597837e-08,-1.52646826796651e-08,-1.52646826796651e-08
6.082,1.0195700414082e-06,-5.42164159049308e-08,-1.52156523212133e-08,-1.52156523212133e-08
6.083,1.01646838524462e-06,-5.40518918393463e-08,-1.51667795083297e-08,-1.51667795083297e-08
6.084,1.01337614134516e-06,-5.38878656564767e-08,-1.51180637345952e-08,-1.51180637345952e-08
6.085,1.01029328122629e-06,-5.37243358542969e-08,-1.50695044952185e-08,-1.50695044952185e-08
6.086,1.0072197764904e-06,-5.35613009352982e-08,-1.50211012870321e-08,-1.50211012870321e-08
6.087,1.00415559882559e-06,-5.33987594064734e-08,-1.49728536084862e-08,-1.49728536084862e-08
6.088,1.00110072000533e-06,-5.32367097793037e-08,-1.49247609596439e-08,-1.49247609596439e-08
6.089,9.98055111888273e-07,-5.30751505697457e-08,-1.48768228421757e-08,-1.48768228421757e-08
6.09,9.95018746417971e-07,-5.29140802982175e-08,-1.4829038759355e-08,-1.4829038759355e-08
6.091,9.91991595622617e-07,-5.27534974895854e-08,-1.47814082160518e-08,-1.47814082160518e-08
6.092,9.88973631614792e-07,-5.25934006731505e-08,-1.47339307187288e-08,-1.47339307187288e-08
6.093,9.85964826591232e-07,-5.24337883826363e-08,-1.46866057754356e-08,-1.46866057754356e-08
6.094,9.82965152832542e-07,-5.22746591561741e-08,-1.46394328958037e-08,-1.46394328958037e-08
6.095,9.79974582702962e-07,-5.21160115362904e-08,-1.4592411591041e-08,-1.4592411591041e-08
6.096,9.76993088650119e-07,-5.19578440698942e-08,-1.4545541373928e-08,-1.4545541373928e-08
6.097,9.74020643204772e-07,-5.18001553082635e-08,-1.44988217588112e-08,-1.44988217588112e-08
6.098,9.71057218980551e-07,-5.16429438070317e-08,-1.44522522615989e-08,-1.44522522615989e-08
6.099,9.68102788673727e-07,-5.14862081261752e-08,-1.44058323997563e-08,-1.44058323997563e-08
6.1,9.65157325062953e-07,-5.13299468300008e-08,-1.43595616923e-08,-1.43595616923e-08
6.101,9.6222080100901e-07,-5.11741584871312e-08,-1.43134396597933e-08,-1.43134396597933e-08
6.102,9.59293189454575e-07,-5.10188416704937e-08,-1.42674658243409e-08,-1.42674658243409e-08
6.103,9.56374463423969e-07,-5.08639949573066e-08,-1.42216397095849e-08,-1.42216397095849e-08
6.104,9.534645960229e-07,-5.0709616929066e-08,-1.41759608406982e-08,-1.41759608406982e-08
6.105,9.50563560438237e-07,-5.05557061715338e-08,-1.41304287443814e-08,-1.41304287443814e-08
6.106,9.47671329937756e-07,-5.04022612747244e-08,-1.40850429488565e-08,-1.40850429488565e-08
6.107,9.44787877869894e-07,-5.02492808328919e-08,-1.40398029838628e-08,-1.40398029838628e-08
6.108,9.41913177663505e-07,-5.00967634445174e-08,-1.39947083806514e-08,-1.39947083806514e-08
6.109,9.39047202827641e-07,-4.99447077122973e-08,-1.3949758671981e-08,-1.3949758671981e-08
6.11,9.36189926951277e-07,-4.9793112243129e-08,-1.39049533921127e-08,-1.39049533921127e-08
6.111,9.33341323703091e-07,-4.96419756480996e-08,-1.3860292076805e-08,-1.3860292076805e-08
6.112,9.30501366831221e-07,-4.94912965424729e-08,-1.38157742633095e-08,-1.38157742633095e-08
6.113,9.27670030163031e-07,-4.9341073545677e-08,-1.37713994903654e-08,-1.37713994903654e-08
6.114,9.24847287604854e-07,-4.91913052812916e-08,-1.37271672981955e-08,-1.37271672981955e-08
6.115,9.22033113141778e-07,-4.90419903770358e-08,-1.36830772285005e-08,-1.36830772285005e-08
6.116,9.19227480837397e-07,-4.88931274647558e-08,-1.36391288244553e-08,-1.36391288244553e-08
6.117,9.16430364833572e-07,-4.8744715180412e-08,-1.35953216307033e-08,-1.35953216307033e-08
6.118,9.13641739350204e-07,-4.85967521640672e-08,-1.35516551933525e-08,-1.35516551933525e-08
6.119,9.10861578684996e-07,-4.84492370598746e-08,-1.350812905997e-08,-1.350812905997e-08
6.12,9.08089857213214e-07,-4.83021685160642e-08,-1.3464742779578e-08,-1.3464742779578e-08
6.121,9.05326549387463e-07,-4.81555451849322e-08,-1.34214959026486e-08,-1.34214959026486e-08
6.122,9.02571629737449e-07,-4.80093657228279e-08,-1.33783879810997e-08,-1.33783879810997e-08
6.123,8.99825072869745e-07,-4.78636287901418e-08,-1.33354185682894e-08,-1.33354185682894e-08
6.124,8.97086853467558e-07,-4.77183330512929e-08,-1.32925872190125e-08,-1.32925872190125e-08
6.125,8.94356946290519e-07,-4.75734771747184e-08,-1.32498934894952e-08,-1.32498934894952e-08
6.126,8.91635326174423e-07,-4.74290598328593e-08,-1.32073369373906e-08,-1.32073369373906e-08
6.127,8.88921968031014e-07,-4.72850797021499e-08,-1.31649171217741e-08,-1.31649171217741e-08
6.128,8.86216846847764e-07,-4.71415354630057e-08,-1.31226336031388e-08,-1.31226336031388e-08
6.129,8.83519937687636e-07,-4.69984257998112e-08,-1.30804859433915e-08,-1.30804859433915e-08
6.13,8.80831215688855e-07,-4.68557494009077e-08,-1.30384737058471e-08,-1.30384737058471e-08
6.131,8.78150656064687e-07,-4.67135049585823e-08,-1.29965964552248e-08,-1.29965964552248e-08
6.132,8.75478234103216e-07,-4.65716911690554e-08,-1.29548537576438e-08,-1.29548537576438e-08
6.133,8.72813925167107e-07,-4.6430306732469e-08,-1.29132451806178e-08,-1.29132451806178e-08
6.134,8.70157704693396e-07,-4.62893503528751e-08,-1.28717702930516e-08,-1.28717702930516e-08
6.135,8.67509548193258e-07,-4.61488207382242e-08,-1.2830428665236e-08,-1.2830428665236e-08
6.136,8.64869431251781e-07,-4.60087166003529e-08,-1.27892198688434e-08,-1.27892198688434e-08
6.137,8.62237329527753e-07,-4.58690366549731e-08,-1.27481434769237e-08,-1.27481434769237e-08
6.138,8.59613218753438e-07,-4.57297796216599e-08,-1.27071990638996e-08,-1.27071990638996e-08
6.139,8.56997074734347e-07,-4.55909442238401e-08,-1.26663862055618e-08,-1.26663862055618e-08
6.14,8.54388873349019e-07,-4.54525291887803e-08,-1.26257044790655e-08,-1.26257044790655e-08
6.141,8.51788590548821e-07,-4.53145332475767e-08,-1.25851534629253e-08,-1.25851534629253e-08
6.142,8.49196202357701e-07,-4.51769551351419e-08,-1.25447327370111e-08,-1.25447327370111e-08
6.143,8.46611684871982e-07,-4.50397935901945e-08,-1.25044418825438e-08,-1.25044418825438e-08
6.144,8.4403501426015e-07,-4.49030473552475e-08,-1.24642804820905e-08,-1.24642804820905e-08
6.145,8.41466166762631e-07,-4.4766715176597e-08,-1.24242481195609e-08,-1.24242481195609e-08
6.146,8.38905118691567e-07,-4.46307958043104e-08,-1.23843443802023e-08,-1.23843443802023e-08
6.147,8.36351846430618e-07,-4.4495287992216e-08,-1.23445688505958e-08,-1.23445688505958e-08
6.148,8.33806326434734e-07,-4.43601904978907e-08,-1.23049211186519e-08,-1.23049211186519e-08
6.149,8.31268535229937e-07,-4.42255020826494e-08,-1.22654007736055e-08,-1.22654007736055e-08
6.15,8.28738449413121e-07,-4.40912215115338e-08,-1.22260074060131e-08,-1.22260074060131e-08
6.151,8.26216045651833e-07,-4.39573475533009e-08,-1.21867406077473e-08,-1.21867406077473e-08
6.152,8.23701300684048e-07,-4.3823878980412e-08,-1.2147599971993e-08,-1.2147599971993e-08
6.153,8.2119419131798e-07,-4.36908145690218e-08,-1.21085850932429e-08,-1.21085850932429e-08
6.154,8.18694694431853e-07,-4.35581530989673e-08,-1.20696955672942e-08,-1.20696955672942e-08
6.155,8.16202786973696e-07,-4.34258933537562e-08,-1.20309309912433e-08,-1.20309309912433e-08
6.156,8.13718445961129e-07,-4.32940341205565e-08,-1.1992290963482e-08,-1.1992290963482e-08
6.157,8.11241648481169e-07,-4.31625741901857e-08,-1.19537750836938e-08,-1.19537750836938e-08
6.158,8.08772371690001e-07,-4.30315123570993e-08,-1.19153829528491e-08,-1.19153829528491e-08
6.159,8.06310592812777e-07,-4.29008474193798e-08,-1.18771141732012e-08,-1.18771141732012e-08
6.16,8.03856289143416e-07,-4.27705781787266e-08,-1.18389683482826e-08,-1.18389683482826e-08
6.161,8.01409438044391e-07,-4.26407034404448e-08,-1.18009450829004e-08,-1.18009450829004e-08
6.162,7.98970016946516e-07,-4.25112220134336e-08,-1.17630439831324e-08,-1.17630439831324e-08
6.163,7.96538003348754e-07,-4.2382132710177e-08,-1.17252646563228e-08,-1.17252646563228e-08
6.164,7.94113374818007e-07,-4.22534343467319e-08,-1.16876067110788e-08,-1.16876067110788e-08
6.165,7.916961089889e-07,-4.21251257427179e-08,-1.16500697572657e-08,-1.16500697572657e-08
6.166,7.89286183563597e-07,-4.19972057213063e-08,-1.16126534060031e-08,-1.16126534060031e-08
6.167,7.86883576311584e-07,-4.186967310921e-08,-1.15753572696615e-08,-1.15753572696615e-08
6.168,7.84488265069471e-07,-4.17425267366722e-08,-1.1538180961857e-08,-1.1538180961857e-08
6.169,7.82100227740781e-07,-4.16157654374562e-08,-1.15011240974487e-08,-1.15011240974487e-08
6.17,7.79719442295775e-07,-4.14893880488351e-08,-1.14641862925337e-08,-1.14641862925337e-08
6.171,7.77345886771218e-07,-4.13633934115807e-08,-1.14273671644435e-08,-1.14273671644435e-08
6.172,7.74979539270194e-07,-4.12377803699531e-08,-1.13906663317401e-08,-1.13906663317401e-08
6.173,7.72620377961915e-07,-4.11125477716909e-08,-1.1354083414212e-08,-1.1354083414212e-08
6.174,7.7026838108151e-07,-4.09876944680002e-08,-1.13176180328698e-08,-1.13176180328698e-08
6.175,7.67923526929825e-07,-4.08632193135439e-08,-1.12812698099431e-08,-1.12812698099431e-08
6.176,7.65585793873235e-07,-4.07391211664322e-08,-1.1245038368876e-08,-1.1245038368876e-08
6.177,7.63255160343445e-07,-4.06153988882117e-08,-1.12089233343232e-08,-1.12089233343232e-08
6.178,7.6093160483728e-07,-4.0492051343855e-08,-1.11729243321463e-08,-1.11729243321463e-08
6.179,7.5861510591651e-07,-4.03690774017509e-08,-1.11370409894099e-08,-1.11370409894099e-08
6.18,7.5630564220764e-07,-4.02464759336938e-08,-1.11012729343778e-08,-1.11012729343778e-08
6.181,7.54003192401715e-07,-4.01242458148735e-08,-1.10656197965088e-08,-1.10656197965088e-08
6.182,7.51707735254136e-07,-4.00023859238653e-08,-1.10300812064531e-08,-1.10300812064531e-08
6.183,7.4941924958446e-07,-3.98808951426195e-08,-1.09946567960487e-08,-1.09946567960487e-08
6.184,7.47137714276202e-07,-3.97597723564514e-08,-1.09593461983172e-08,-1.09593461983172e-08
6.185,7.44863108276647e-07,-3.96390164540312e-08,-1.09241490474599e-08,-1.09241490474599e-08
6.186,7.4259541059667e-07,-3.95186263273745e-08,-1.08890649788546e-08,-1.08890649788546e-08
6.187,7.40334600310522e-07,-3.93986008718312e-08,-1.08540936290513e-08,-1.08540936290513e-08
6.188,7.3808065655565e-07,-3.9278938986076e-08,-1.08192346357684e-08,-1.08192346357684e-08
6.189,7.35833558532515e-07,-3.91596395720989e-08,-1.07844876378894e-08,-1.07844876378894e-08
6.19,7.33593285504391e-07,-3.90407015351947e-08,-1.07498522754587e-08,-1.07498522754587e-08
6.191,7.31359816797177e-07,-3.89221237839531e-08,-1.07153281896781e-08,-1.07153281896781e-08
6.192,7.29133131799213e-07,-3.88039052302492e-08,-1.06809150229029e-08,-1.06809150229029e-08
6.193,7.26913209961094e-07,-3.86860447892332e-08,-1.06466124186387e-08,-1.06466124186387e-08
6.194,7.24700030795471e-07,-3.85685413793209e-08,-1.06124200215367e-08,-1.06124200215367e-08
6.195,7.22493573876877e-07,-3.84513939221837e-08,-1.0578337477391e-08,-1.0578337477391e-08
6.196,7.20293818841538e-07,-3.83346013427391e-08,-1.05443644331346e-08,-1.05443644331346e-08
6.197,7.18100745387177e-07,-3.82181625691406e-08,-1.05105005368355e-08,-1.05105005368355e-08
6.198,7.15914333272842e-07,-3.81020765327683e-08,-1.04767454376931e-08,-1.04767454376931e-08
6.199,7.13734562318719e-07,-3.79863421682193e-08,-1.04430987860351e-08,-1.04430987860351e-08
6.2,7.1156141240594e-07,-3.78709584132975e-08,-1.04095602333133e-08,-1.04095602333133e-08
6.201,7.09394863476401e-07,-3.77559242090044e-08,-1.03761294320997e-08,-1.03761294320997e-08
6.202,7.07234895532598e-07,-3.764123849953e-08,-1.03428060360842e-08,-1.03428060360842e-08
6.203,7.05081488637413e-07,-3.75269002322421e-08,-1.03095897000694e-08,-1.03095897000694e-08
6.204,7.02934622913956e-07,-3.74129083576774e-08,-1.02764800799681e-08,-1.02764800799681e-08
6.205,7.00794278545375e-07,-3.72992618295324e-08,-1.02434768327993e-08,-1.02434768327993e-08
6.206,6.9866043577468e-07,-3.71859596046533e-08,-1.02105796166849e-08,-1.02105796166849e-08
6.207,6.96533074904553e-07,-3.70730006430265e-08,-1.01777880908458e-08,-1.01777880908458e-08
6.208,6.94412176297178e-07,-3.69603839077697e-08,-1.01451019155986e-08,-1.01451019155986e-08
6.209,6.92297720374061e-07,-3.68481083651222e-08,-1.01125207523522e-08,-1.01125207523522e-08
6.21,6.90189687615842e-07,-3.67361729844355e-08,-1.00800442636038e-08,-1.00800442636038e-08
6.211,6.88088058562131e-07,-3.66245767381641e-08,-1.00476721129362e-08,-1.00476721129362e-08
6.212,6.85992813811322e-07,-3.65133186018562e-08,-1.00154039650133e-08,-1.00154039650133e-08
6.213,6.83903934020411e-07,-3.64023975541441e-08,-9.98323948557732e-09,-9.98323948557732e-09
6.214,6.81821399904834e-07,-3.62918125767354e-08,-9.95117834144551e-09,-9.95117834144551e-09
6.215,6.79745192238281e-07,-3.61815626544038e-08,-9.91922020050599e-09,-9.91922020050599e-09
6.216,6.77675291852519e-07,-3.60716467749792e-08,-9.88736473171469e-09,-9.88736473171469e-09
6.217,6.7561167963722e-07,-3.59620639293391e-08,-9.85561160509196e-09,-9.85561160509196e-09
6.218,6.73554336539798e-07,-3.58528131114e-08,-9.82396049171905e-09,-9.82396049171905e-09
6.219,6.71503243565212e-07,-3.5743893318107e-08,-9.7924110637347e-09,-9.7924110637347e-09
6.22,6.69458381775809e-07,-3.56353035494254e-08,-9.76096299433192e-09,-9.76096299433192e-09
6.221,6.6741973229115e-07,-3.55270428083318e-08,-9.72961595775413e-09,-9.72961595775413e-09
6.222,6.65387276287837e-07,-3.54191101008052e-08,-9.69836962929238e-09,-9.69836962929238e-09
6.223,6.63360994999331e-07,-3.5311504435817e-08,-9.66722368528157e-09,-9.66722368528157e-09
6.224,6.61340869715797e-07,-3.52042248253231e-08,-9.63617780309724e-09,-9.63617780309724e-09
6.225,6.59326881783925e-07,-3.50972702842547e-08,-9.60523166115213e-09,-9.60523166115213e-09
6.226,6.57319012606753e-07,-3.49906398305087e-08,-9.57438493889295e-09,-9.57438493889295e-09
6.227,6.55317243643514e-07,-3.48843324849399e-08,-9.5436373167971e-09,-9.5436373167971e-09
6.228,6.53321556409453e-07,-3.47783472713512e-08,-9.51298847636924e-09,-9.51298847636924e-09
6.229,6.5133193247566e-07,-3.46726832164851e-08,-9.48243810013788e-09,-9.48243810013788e-09
6.23,6.49348353468909e-07,-3.45673393500151e-08,-9.45198587165233e-09,-9.45198587165233e-09
6.231,6.47370801071487e-07,-3.44623147045367e-08,-9.42163147547935e-09,-9.42163147547935e-09
6.232,6.4539925702102e-07,-3.43576083155583e-08,-9.39137459719977e-09,-9.39137459719977e-09
6.233,6.43433703110312e-07,-3.42532192214929e-08,-9.36121492340523e-09,-9.36121492340523e-09
6.234,6.41474121187189e-07,-3.41491464636496e-08,-9.33115214169531e-09,-9.33115214169531e-09
6.235,6.39520493154313e-07,-3.40453890862244e-08,-9.3011859406736e-09,-9.3011859406736e-09
6.236,6.37572800969027e-07,-3.39419461362914e-08,-9.27131600994492e-09,-9.27131600994492e-09
6.237,6.35631026643197e-07,-3.3838816663795e-08,-9.24154204011223e-09,-9.24154204011223e-09
6.238,6.33695152243038e-07,-3.37359997215406e-08,-9.21186372277305e-09,-9.21186372277305e-09
6.239,6.31765159888951e-07,-3.36334943651859e-08,-9.18228075051647e-09,-9.18228075051647e-09
6.24,6.29841031755365e-07,-3.3531299653233e-08,-9.15279281691978e-09,-9.15279281691978e-09
6.241,6.27922750070573e-07,-3.34294146470196e-08,-9.12339961654574e-09,-9.12339961654574e-09
6.242,6.26010297116563e-07,-3.33278384107098e-08,-9.09410084493877e-09,-9.09410084493877e-09
6.243,6.24103655228868e-07,-3.32265700112868e-08,-9.06489619862229e-09,-9.06489619862229e-09
6.244,6.22202806796396e-07,-3.31256085185437e-08,-9.03578537509545e-09,-9.03578537509545e-09
6.245,6.20307734261267e-07,-3.30249530050751e-08,-9.00676807282977e-09,-9.00676807282977e-09
6.246,6.18418420118665e-07,-3.29246025462687e-08,-8.97784399126636e-09,-8.97784399126636e-09
6.247,6.16534846916668e-07,-3.28245562202976e-08,-8.9490128308125e-09,-8.9490128308125e-09
6.248,6.14656997256088e-07,-3.27248131081108e-08,-8.92027429283882e-09,-8.92027429283882e-09
6.249,6.12784853790314e-07,-3.26253722934254e-08,-8.89162807967581e-09,-8.89162807967581e-09
6.25,6.10918399225167e-07,-3.2526232862719e-08,-8.8630738946112e-09,-8.8630738946112e-09
6.251,6.09057616318717e-07,-3.24273939052202e-08,-8.83461144188653e-09,-8.83461144188653e-09
6.252,6.07202487881142e-07,-3.23288545129009e-08,-8.80624042669409e-09,-8.80624042669409e-09
6.253,6.05352996774571e-07,-3.22306137804683e-08,-8.77796055517429e-09,-8.77796055517429e-09
6.254,6.03509125912925e-07,-3.21326708053566e-08,-8.74977153441194e-09,-8.74977153441194e-09
6.255,6.01670858261754e-07,-3.2035024687718e-08,-8.72167307243383e-09,-8.72167307243383e-09
6.256,5.99838176838094e-07,-3.1937674530416e-08,-8.69366487820523e-09,-8.69366487820523e-09
6.257,5.98011064710303e-07,-3.18406194390162e-08,-8.66574666162727e-09,-8.66574666162727e-09
6.258,5.96189504997909e-07,-3.17438585217782e-08,-8.63791813353363e-09,-8.63791813353363e-09
6.259,5.94373480871455e-07,-3.16473908896482e-08,-8.6101790056876e-09,-8.6101790056876e-09
6.26,5.92562975552352e-07,-3.15512156562503e-08,-8.58252899077931e-09,-8.58252899077931e-09
6.261,5.90757972312711e-07,-3.14553319378787e-08,-8.55496780242245e-09,-8.55496780242245e-09
6.262,5.88958454475207e-07,-3.13597388534897e-08,-8.5274951551514e-09,-8.5274951551514e-09
6.263,5.87164405412916e-07,-3.12644355246939e-08,-8.50011076441828e-09,-8.50011076441828e-09
6.264,5.85375808549165e-07,-3.11694210757476e-08,-8.47281434659028e-09,-8.47281434659028e-09
6.265,5.83592647357381e-07,-3.10746946335454e-08,-8.445605618946e-09,-8.445605618946e-09
6.266,5.81814905360948e-07,-3.09802553276127e-08,-8.41848429967343e-09,-8.41848429967343e-09
6.267,5.80042566133042e-07,-3.08861022900965e-08,-8.39145010786626e-09,-8.39145010786626e-09
6.268,5.78275613296489e-07,-3.07922346557586e-08,-8.36450276352135e-09,-8.36450276352135e-09
6.269,5.76514030523616e-07,-3.06986515619676e-08,-8.33764198753578e-09,-8.33764198753578e-09
6.27,5.74757801536106e-07,-3.06053521486909e-08,-8.31086750170399e-09,-8.31086750170399e-09
6.271,5.73006910104834e-07,-3.05123355584865e-08,-8.28417902871469e-09,-8.28417902871469e-09
6.272,5.71261340049735e-07,-3.04196009364962e-08,-8.25757629214817e-09,-8.25757629214817e-09
6.273,5.69521075239651e-07,-3.03271474304371e-08,-8.23105901647341e-09,-8.23105901647341e-09
6.274,5.67786099592178e-07,-3.02349741905939e-08,-8.20462692704517e-09,-8.20462692704517e-09
6.275,5.66056397073526e-07,-3.01430803698115e-08,-8.17827975010119e-09,-8.17827975010119e-09
6.276,5.64331951698373e-07,-3.00514651234871e-08,-8.15201721275926e-09,-8.15201721275926e-09
6.277,5.6261274752971e-07,-2.99601276095628e-08,-8.12583904301456e-09,-8.12583904301456e-09
6.278,5.60898768678707e-07,-2.98690669885174e-08,-8.09974496973673e-09,-8.09974496973673e-09
6.279,5.59189999304563e-07,-2.97782824233596e-08,-8.0737347226669e-09,-8.0737347226669e-09
6.28,5.57486423614356e-07,-2.96877730796196e-08,-8.04780803241527e-09,-8.04780803241527e-09
6.281,5.55788025862903e-07,-2.95975381253419e-08,-8.02196463045792e-09,-8.02196463045792e-09
6.282,5.54094790352627e-07,-2.95075767310782e-08,-7.99620424913429e-09,-7.99620424913429e-09
6.283,5.52406701433391e-07,-2.94178880698788e-08,-7.97052662164438e-09,-7.97052662164438e-09
6.284,5.50723743502373e-07,-2.9328471317286e-08,-7.94493148204571e-09,-7.94493148204571e-09
6.285,5.49045901003918e-07,-2.92393256513264e-08,-7.91941856525091e-09,-7.91941856525091e-09
6.286,5.47373158429395e-07,-2.91504502525034e-08,-7.89398760702487e-09,-7.89398760702487e-09
6.287,5.45705500317054e-07,-2.90618443037894e-08,-7.86863834398181e-09,-7.86863834398181e-09
6.288,5.44042911251889e-07,-2.8973506990619e-08,-7.8433705135828e-09,-7.8433705135828e-09
6.289,5.42385375865495e-07,-2.88854375008815e-08,-7.81818385413296e-09,-7.81818385413296e-09
6.29,5.40732878835926e-07,-2.87976350249129e-08,-7.79307810477865e-09,-7.79307810477865e-09
6.291,5.39085404887555e-07,-2.87100987554894e-08,-7.76805300550482e-09,-7.76805300550482e-09
6.292,5.37442938790942e-07,-2.86228278878197e-08,-7.74310829713237e-09,-7.74310829713237e-09
6.293,5.35805465362681e-07,-2.85358216195374e-08,-7.71824372131542e-09,-7.71824372131542e-09
6.294,5.3417296946527e-07,-2.84490791506939e-08,-7.69345902053852e-09,-7.69345902053852e-09
6.295,5.32545436006979e-07,-2.8362599683752e-08,-7.66875393811431e-09,-7.66875393811431e-09
6.296,5.30922849941698e-07,-2.82763824235773e-08,-7.64412821818044e-09,-7.64412821818044e-09
6.297,5.29305196268804e-07,-2.81904265774314e-08,-7.61958160569709e-09,-7.61958160569709e-09
6.298,5.27692460033033e-07,-2.81047313549655e-08,-7.59511384644455e-09,-7.59511384644455e-09
6.299,5.26084626324334e-07,-2.80192959682123e-08,-7.57072468702018e-09,-7.57072468702018e-09
6.3,5.2448168027773e-07,-2.79341196315791e-08,-7.54641387483603e-09,-7.54641387483603e-09
6.301,5.22883607073195e-07,-2.78492015618409e-08,-7.52218115811617e-09,-7.52218115811617e-09
6.302,5.21290391935507e-07,-2.77645409781332e-08,-7.49802628589423e-09,-7.49802628589423e-09
6.303,5.19702020134115e-07,-2.76801371019445e-08,-7.47394900801037e-09,-7.47394900801037e-09
6.304,5.1811847698301e-07,-2.759598915711e-08,-7.44994907510914e-09,-7.44994907510914e-09
6.305,5.16539747840586e-07,-2.75120963698039e-08,-7.42602623863673e-09,-7.42602623863673e-09
6.306,5.14965818109503e-07,-2.74284579685326e-08,-7.40218025083824e-09,-7.40218025083824e-09
6.307,5.13396673236564e-07,-2.73450731841278e-08,-7.37841086475532e-09,-7.37841086475532e-09
6.308,5.11832298712573e-07,-2.72619412497394e-08,-7.35471783422373e-09,-7.35471783422373e-09
6.309,5.10272680072203e-07,-2.71790614008286e-08,-7.33110091387017e-09,-7.33110091387017e-09
6.31,5.08717802893865e-07,-2.70964328751606e-08,-7.30755985911038e-09,-7.30755985911038e-09
6.311,5.07167652799585e-07,-2.70140549127985e-08,-7.28409442614664e-09,-7.28409442614664e-09
6.312,5.05622215454857e-07,-2.69319267560957e-08,-7.2607043719645e-09,-7.2607043719645e-09
6.313,5.04081476568518e-07,-2.6850047649689e-08,-7.23738945433101e-09,-7.23738945433101e-09
6.314,5.02545421892626e-07,-2.67684168404922e-08,-7.21414943179194e-09,-7.21414943179194e-09
6.315,5.01014037222319e-07,-2.66870335776892e-08,-7.19098406366924e-09,-7.19098406366924e-09
6.316,4.99487308395686e-07,-2.66058971127264e-08,-7.16789311005852e-09,-7.16789311005852e-09
6.317,4.97965221293645e-07,-2.65250066993072e-08,-7.14487633182672e-09,-7.14487633182672e-09
6.318,4.96447761839808e-07,-2.64443615933842e-08,-7.12193349060945e-09,-7.12193349060945e-09
6.319,4.9493491600035e-07,-2.63639610531527e-08,-7.09906434880864e-09,-7.09906434880864e-09
6.32,4.93426669783888e-07,-2.62838043390441e-08,-7.07626866959002e-09,-7.07626866959002e-09
6.321,4.91923009241349e-07,-2.62038907137195e-08,-7.05354621688064e-09,-7.05354621688064e-09
6.322,4.9042392046584e-07,-2.6124219442062e-08,-7.03089675536651e-09,-7.03089675536651e-09
6.323,4.88929389592526e-07,-2.60447897911711e-08,-7.00832005049007e-09,-7.00832005049007e-09
6.324,4.87439402798502e-07,-2.59656010303556e-08,-6.98581586844787e-09,-6.98581586844787e-09
6.325,4.85953946302662e-07,-2.58866524311267e-08,-6.96338397618794e-09,-6.96338397618794e-09
6.326,4.84473006365575e-07,-2.58079432671916e-08,-6.94102414140756e-09,-6.94102414140756e-09
6.327,4.82996569289369e-07,-2.57294728144476e-08,-6.91873613255095e-09,-6.91873613255095e-09
6.328,4.8152462141759e-07,-2.56512403509741e-08,-6.89651971880647e-09,-6.89651971880647e-09
6.329,4.80057149135085e-07,-2.55732451570272e-08,-6.87437467010446e-09,-6.87437467010446e-09
6.33,4.7859413886788e-07,-2.54954865150326e-08,-6.85230075711515e-09,-6.85230075711515e-09
6.331,4.77135577083053e-07,-2.54179637095797e-08,-6.8302977512457e-09,-6.8302977512457e-09
6.332,4.75681450288607e-07,-2.53406760274141e-08,-6.80836542463833e-09,-6.80836542463833e-09
6.333,4.74231745033353e-07,-2.5263622757432e-08,-6.78650355016756e-09,-6.78650355016756e-09
6.334,4.72786447906784e-07,-2.51868031906734e-08,-6.76471190143814e-09,-6.76471190143814e-09
6.335,4.71345545538948e-07,-2.51102166203156e-08,-6.74299025278265e-09,-6.74299025278265e-09
6.336,4.69909024600334e-07,-2.5033862341667e-08,-6.72133837925901e-09,-6.72133837925901e-09
6.337,4.68476871801745e-07,-2.49577396521604e-08,-6.69975605664839e-09,-6.69975605664839e-09
6.338,4.67049073894177e-07,-2.4881847851347e-08,-6.67824306145265e-09,-6.67824306145265e-09
6.339,4.65625617668697e-07,-2.48061862408895e-08,-6.65679917089204e-09,-6.65679917089204e-09
6.34,4.64206489956328e-07,-2.47307541245565e-08,-6.63542416290316e-09,-6.63542416290316e-09
6.341,4.62791677627917e-07,-2.46555508082153e-08,-6.61411781613634e-09,-6.61411781613634e-09
6.342,4.61381167594026e-07,-2.45805755998263e-08,-6.59287990995344e-09,-6.59287990995344e-09
6.343,4.5997494680481e-07,-2.45058278094367e-08,-6.57171022442569e-09,-6.57171022442569e-09
6.344,4.58573002249893e-07,-2.44313067491734e-08,-6.55060854033124e-09,-6.55060854033124e-09
6.345,4.5717532095825e-07,-2.43570117332377e-08,-6.52957463915302e-09,-6.52957463915302e-09
6.346,4.55781889998094e-07,-2.42829420778987e-08,-6.50860830307639e-09,-6.50860830307639e-09
6.347,4.54392696476753e-07,-2.42090971014872e-08,-6.48770931498688e-09,-6.48770931498688e-09
6.348,4.53007727540549e-07,-2.4135476124389e-08,-6.46687745846792e-09,-6.46687745846792e-09
6.349,4.5162697037469e-07,-2.40620784690394e-08,-6.44611251779869e-09,-6.44611251779869e-09
6.35,4.50250412203145e-07,-2.3988903459917e-08,-6.42541427795188e-09,-6.42541427795188e-09
6.351,4.48878040288526e-07,-2.39159504235368e-08,-6.40478252459121e-09,-6.40478252459121e-09
6.352,4.47509841931978e-07,-2.3843218688445e-08,-6.38421704406973e-09,-6.38421704406973e-09
6.353,4.46145804473059e-07,-2.37707075852124e-08,-6.36371762342697e-09,-6.36371762342697e-09
6.354,4.44785915289624e-07,-2.36984164464284e-08,-6.34328405038712e-09,-6.34328405038712e-09
6.355,4.4343016179771e-07,-2.36263446066949e-08,-6.32291611335689e-09,-6.32291611335689e-09
6.356,4.42078531451422e-07,-2.35544914026206e-08,-6.30261360142309e-09,-6.30261360142309e-09
6.357,4.40731011742817e-07,-2.34828561728143e-08,-6.28237630435044e-09,-6.28237630435044e-09
6.358,4.39387590201785e-07,-2.34114382578793e-08,-6.26220401257956e-09,-6.26220401257956e-09
6.359,4.3804825439595e-07,-2.33402370004079e-08,-6.24209651722478e-09,-6.24209651722478e-09
6.36,4.36712991930537e-07,-2.32692517449743e-08,-6.22205361007177e-09,-6.22205361007177e-09
6.361,4.35381790448269e-07,-2.31984818381294e-08,-6.20207508357563e-09,-6.20207508357563e-09
6.362,4.34054637629254e-07,-2.31279266283949e-08,-6.18216073085851e-09,-6.18216073085851e-09
6.363,4.32731521190873e-07,-2.3057585466257e-08,-6.16231034570767e-09,-6.16231034570767e-09
6.364,4.31412428887658e-07,-2.29874577041608e-08,-6.14252372257328e-09,-6.14252372257328e-09
6.365,4.30097348511195e-07,-2.29175426965041e-08,-6.12280065656618e-09,-6.12280065656618e-09
6.366,4.28786267890002e-07,-2.28478397996321e-08,-6.10314094345594e-09,-6.10314094345594e-09
6.367,4.27479174889416e-07,-2.27783483718307e-08,-6.08354437966847e-09,-6.08354437966847e-09
6.368,4.26176057411491e-07,-2.27090677733214e-08,-6.06401076228418e-09,-6.06401076228418e-09
6.369,4.24876903394882e-07,-2.26399973662554e-08,-6.04453988903582e-09,-6.04453988903582e-09
6.37,4.23581700814731e-07,-2.25711365147073e-08,-6.02513155830626e-09,-6.02513155830626e-09
6.371,4.22290437682564e-07,-2.25024845846697e-08,-6.00578556912644e-09,-6.00578556912644e-09
6.372,4.21003102046179e-07,-2.24340409440476e-08,-5.98650172117352e-09,-5.98650172117352e-09
6.373,4.19719681989533e-07,-2.23658049626522e-08,-5.96727981476829e-09,-5.96727981476829e-09
6.374,4.18440165632635e-07,-2.22977760121954e-08,-5.94811965087365e-09,-5.94811965087365e-09
6.375,4.17164541131444e-07,-2.22299534662844e-08,-5.9290210310923e-09,-5.9290210310923e-09
6.376,4.15892796677748e-07,-2.21623367004153e-08,-5.90998375766451e-09,-5.90998375766451e-09
6.377,4.14624920499065e-07,-2.20949250919681e-08,-5.89100763346641e-09,-5.89100763346641e-09
6.378,4.13360900858532e-07,-2.20277180202006e-08,-5.87209246200775e-09,-5.87209246200775e-09
6.379,4.121007260548e-07,-2.19607148662431e-08,-5.85323804742991e-09,-5.85323804742991e-09
6.38,4.10844384421923e-07,-2.18939150130922e-08,-5.83444419450375e-09,-5.83444419450375e-09
6.381,4.09591864329254e-07,-2.18273178456061e-08,-5.81571070862785e-09,-5.81571070862785e-09
6.382,4.08343154181339e-07,-2.1760922750498e-08,-5.79703739582626e-09,-5.79703739582626e-09
6.383,4.07098242417808e-07,-2.16947291163313e-08,-5.77842406274652e-09,-5.77842406274652e-09
6.384,4.05857117513272e-07,-2.16287363335137e-08,-5.75987051665775e-09,-5.75987051665775e-09
6.385,4.04619767977216e-07,-2.15629437942917e-08,-5.74137656544861e-09,-5.74137656544861e-09
6.386,4.03386182353893e-07,-2.14973508927448e-08,-5.72294201762523e-09,-5.72294201762523e-09
6.387,4.02156349222224e-07,-2.14319570247806e-08,-5.70456668230936e-09,-5.70456668230936e-09
6.388,4.00930257195685e-07,-2.1366761588129e-08,-5.68625036923635e-09,-5.68625036923635e-09
6.389,3.99707894922212e-07,-2.13017639823364e-08,-5.66799288875302e-09,-5.66799288875302e-09
6.39,3.98489251084085e-07,-2.12369636087606e-08,-5.64979405181583e-09,-5.64979405181583e-09
6.391,3.97274314397844e-07,-2.11723598705656e-08,-5.63165366998916e-09,-5.63165366998916e-09
6.392,3.96063073614163e-07,-2.11079521727155e-08,-5.61357155544277e-09,-5.61357155544277e-09
6.393,3.9485551751776e-07,-2.10437399219695e-08,-5.59554752095035e-09,-5.59554752095035e-09
6.394,3.93651634927295e-07,-2.09797225268765e-08,-5.57758137988746e-09,-5.57758137988746e-09
6.395,3.92451414695264e-07,-2.09158993977698e-08,-5.55967294622948e-09,-5.55967294622948e-09
6.396,3.91254845707894e-07,-2.08522699467613e-08,-5.54182203454981e-09,-5.54182203454981e-09
6.397,3.90061916885046e-07,-2.07888335877368e-08,-5.52402846001776e-09,-5.52402846001776e-09
6.398,3.88872617180117e-07,-2.07255897363501e-08,-5.50629203839695e-09,-5.50629203839695e-09
6.399,3.87686935579925e-07,-2.06625378100179e-08,-5.48861258604306e-09,-5.48861258604306e-09
6.4,3.86504861104625e-07,-2.05996772279146e-08,-5.47098991990213e-09,-5.47098991990213e-09
6.401,3.85326382807599e-07,-2.0537007410967e-08,-5.4534238575087e-09,-5.4534238575087e-09
6.402,3.84151489775353e-07,-2.04745277818486e-08,-5.43591421698369e-09,-5.43591421698369e-09
6.403,3.82980171127426e-07,-2.04122377649752e-08,-5.41846081703271e-09,-5.41846081703271e-09
6.404,3.81812416016286e-07,-2.03501367864988e-08,-5.40106347694414e-09,-5.40106347694414e-09
6.405,3.80648213627228e-07,-2.02882242743029e-08,-5.38372201658728e-09,-5.38372201658728e-09
6.406,3.79487553178275e-07,-2.0226499657997e-08,-5.36643625641028e-09,-5.36643625641028e-09
6.407,3.7833042392009e-07,-2.01649623689119e-08,-5.34920601743857e-09,-5.34920601743857e-09
6.408,3.77176815135862e-07,-2.01036118400937e-08,-5.33203112127293e-09,-5.33203112127293e-09
6.409,3.76026716141216e-07,-2.00424475062993e-08,-5.31491139008738e-09,-5.31491139008738e-09
6.41,3.74880116284116e-07,-1.99814688039913e-08,-5.29784664662773e-09,-5.29784664662773e-09
6.411,3.73737004944766e-07,-1.99206751713325e-08,-5.28083671420944e-09,-5.28083671420944e-09
6.412,3.7259737153551e-07,-1.98600660481807e-08,-5.263881416716e-09,-5.263881416716e-09
6.413,3.71461205500737e-07,-1.97996408760841e-08,-5.24698057859688e-09,-5.24698057859688e-09
6.414,3.7032849631679e-07,-1.9739399098276e-08,-5.23013402486599e-09,-5.23013402486599e-09
6.415,3.69199233491857e-07,-1.96793401596694e-08,-5.21334158109946e-09,-5.21334158109946e-09
6.416,3.68073406565886e-07,-1.96194635068525e-08,-5.19660307343437e-09,-5.19660307343437e-09
6.417,3.66951005110487e-07,-1.95597685880834e-08,-5.17991832856648e-09,-5.17991832856648e-09
6.418,3.65832018728831e-07,-1.95002548532849e-08,-5.1632871737486e-09,-5.1632871737486e-09
6.419,3.64716437055558e-07,-1.94409217540396e-08,-5.14670943678891e-09,-5.14670943678891e-09
6.42,3.63604249756688e-07,-1.93817687435855e-08,-5.13018494604906e-09,-5.13018494604906e-09
6.421,3.62495446529517e-07,-1.93227952768098e-08,-5.11371353044225e-09,-5.11371353044225e-09
6.422,3.61390017102525e-07,-1.92640008102452e-08,-5.09729501943183e-09,-5.09729501943183e-09
6.423,3.60287951235287e-07,-1.9205384802064e-08,-5.0809292430291e-09,-5.0809292430291e-09
6.424,3.59189238718374e-07,-1.9146946712074e-08,-5.06461603179199e-09,-5.06461603179199e-09
6.425,3.5809386937326e-07,-1.90886860017126e-08,-5.04835521682283e-09,-5.04835521682283e-09
6.426,3.57001833052231e-07,-1.90306021340429e-08,-5.03214662976703e-09,-5.03214662976703e-09
6.427,3.55913119638292e-07,-1.89726945737483e-08,-5.01599010281099e-09,-5.01599010281099e-09
6.428,3.5482771904507e-07,-1.89149627871273e-08,-4.99988546868068e-09,-4.99988546868068e-09
6.429,3.53745621216727e-07,-1.88574062420894e-08,-4.98383256063958e-09,-4.98383256063958e-09
6.43,3.52666816127865e-07,-1.880002440815e-08,-4.96783121248726e-09,-4.96783121248726e-09
6.431,3.51591293783434e-07,-1.87428167564249e-08,-4.95188125855731e-09,-4.95188125855731e-09
6.432,3.50519044218641e-07,-1.86857827596266e-08,-4.93598253371606e-09,-4.93598253371606e-09
6.433,3.49450057498861e-07,-1.86289218920587e-08,-4.92013487336047e-09,-4.92013487336047e-09
6.434,3.48384323719541e-07,-1.85722336296113e-08,-4.9043381134166e-09,-4.9043381134166e-09
6.435,3.47321833006111e-07,-1.85157174497562e-08,-4.8885920903379e-09,-4.8885920903379e-09
6.436,3.46262575513901e-07,-1.84593728315426e-08,-4.87289664110355e-09,-4.87289664110355e-09
6.437,3.45206541428036e-07,-1.84031992555917e-08,-4.85725160321666e-09,-4.85725160321666e-09
6.438,3.44153720963358e-07,-1.83471962040922e-08,-4.84165681470266e-09,-4.84165681470266e-09
6.439,3.43104104364334e-07,-1.82913631607958e-08,-4.82611211410766e-09,-4.82611211410766e-09
6.44,3.42057681904963e-07,-1.82356996110122e-08,-4.81061734049667e-09,-4.81061734049667e-09
6.441,3.41014443888689e-07,-1.81802050416046e-08,-4.79517233345198e-09,-4.79517233345198e-09
6.442,3.39974380648315e-07,-1.8124878940985e-08,-4.77977693307158e-09,-4.77977693307158e-09
6.443,3.38937482545908e-07,-1.80697207991096e-08,-4.76443097996734e-09,-4.76443097996734e-09
6.444,3.37903739972715e-07,-1.80147301074739e-08,-4.74913431526346e-09,-4.74913431526346e-09
6.445,3.36873143349076e-07,-1.79599063591082e-08,-4.73388678059485e-09,-4.73388678059485e-09
6.446,3.35845683124334e-07,-1.79052490485733e-08,-4.7186882181054e-09,-4.7186882181054e-09
6.447,3.34821349776746e-07,-1.78507576719554e-08,-4.70353847044639e-09,-4.70353847044639e-09
6.448,3.33800133813398e-07,-1.77964317268617e-08,-4.68843738077487e-09,-4.68843738077487e-09
6.449,3.3278202577012e-07,-1.77422707124162e-08,-4.67338479275203e-09,-4.67338479275203e-09
6.45,3.31767016211395e-07,-1.76882741292543e-08,-4.65838055054155e-09,-4.65838055054155e-09
6.451,3.3075509573027e-07,-1.76344414795191e-08,-4.64342449880794e-09,-4.64342449880794e-09
6.452,3.29746254948284e-07,-1.75807722668564e-08,-4.62851648271516e-09,-4.62851648271516e-09
6.453,3.28740484515363e-07,-1.75272659964102e-08,-4.61365634792467e-09,-4.61365634792467e-09
6.454,3.27737775109746e-07,-1.74739221748185e-08,-4.59884394059409e-09,-4.59884394059409e-09
6.455,3.26738117437899e-07,-1.74207403102085e-08,-4.5840791073755e-09,-4.5840791073755e-09
6.456,3.25741502234426e-07,-1.7367719912192e-08,-4.56936169541392e-09,-4.56936169541392e-09
6.457,3.24747920261986e-07,-1.73148604918615e-08,-4.55469155234555e-09,-4.55469155234555e-09
6.458,3.23757362311206e-07,-1.72621615617852e-08,-4.54006852629648e-09,-4.54006852629648e-09
6.459,3.22769819200604e-07,-1.72096226360028e-08,-4.52549246588083e-09,-4.52549246588083e-09
6.46,3.21785281776493e-07,-1.71572432300208e-08,-4.51096322019931e-09,-4.51096322019931e-09
6.461,3.20803740912907e-07,-1.71050228608087e-08,-4.49648063883778e-09,-4.49648063883778e-09
6.462,3.19825187511515e-07,-1.70529610467939e-08,-4.48204457186537e-09,-4.48204457186537e-09
6.463,3.18849612501533e-07,-1.70010573078578e-08,-4.46765486983323e-09,-4.46765486983323e-09
6.464,3.17877006839646e-07,-1.69493111653311e-08,-4.45331138377281e-09,-4.45331138377281e-09
6.465,3.16907361509924e-07,-1.68977221419899e-08,-4.43901396519445e-09,-4.43901396519445e-09
6.466,3.15940667523738e-07,-1.68462897620505e-08,-4.4247624660857e-09,-4.4247624660857e-09
6.467,3.14976915919676e-07,-1.67950135511661e-08,-4.41055673890974e-09,-4.41055673890974e-09
6.468,3.14016097763468e-07,-1.67438930364218e-08,-4.39639663660418e-09,-4.39639663660418e-09
6.469,3.13058204147895e-07,-1.66929277463304e-08,-4.38228201257916e-09,-4.38228201257916e-09
6.47,3.12103226192712e-07,-1.66421172108283e-08,-4.36821272071601e-09,-4.36821272071601e-09
6.471,3.11151155044567e-07,-1.6591460961271e-08,-4.35418861536571e-09,-4.35418861536571e-09
6.472,3.10201981876919e-07,-1.6540958530429e-08,-4.34020955134741e-09,-4.34020955134741e-09
6.473,3.09255697889955e-07,-1.64906094524835e-08,-4.32627538394681e-09,-4.32627538394681e-09
6.474,3.08312294310513e-07,-1.64404132630219e-08,-4.31238596891481e-09,-4.31238596891481e-09
6.475,3.07371762392e-07,-1.63903694990342e-08,-4.29854116246593e-09,-4.29854116246593e-09
6.476,3.06434093414309e-07,-1.63404776989079e-08,-4.28474082127679e-09,-4.28474082127679e-09
6.477,3.05499278683745e-07,-1.62907374024246e-08,-4.27098480248481e-09,-4.27098480248481e-09
6.478,3.04567309532938e-07,-1.62411481507553e-08,-4.25727296368635e-09,-4.25727296368635e-09
6.479,3.03638177320769e-07,-1.61917094864565e-08,-4.24360516293569e-09,-4.24360516293569e-09
6.48,3.0271187343229e-07,-1.61424209534659e-08,-4.22998125874321e-09,-4.22998125874321e-09
6.481,3.01788389278644e-07,-1.60932820970982e-08,-4.21640111007412e-09,-4.21640111007412e-09
6.482,3.00867716296983e-07,-1.60442924640411e-08,-4.20286457634688e-09,-4.20286457634688e-09
6.483,2.99949845950395e-07,-1.59954516023509e-08,-4.18937151743182e-09,-4.18937151743182e-09
6.484,2.99034769727825e-07,-1.59467590614489e-08,-4.17592179364965e-09,-4.17592179364965e-09
6.485,2.98122479143992e-07,-1.58982143921167e-08,-4.16251526577007e-09,-4.16251526577007e-09
6.486,2.97212965739316e-07,-1.58498171464924e-08,-4.14915179501018e-09,-4.14915179501018e-09
6.487,2.96306221079839e-07,-1.58015668780666e-08,-4.13583124303318e-09,-4.13583124303318e-09
6.488,2.95402236757148e-07,-1.57534631416782e-08,-4.12255347194699e-09,-4.12255347194699e-09
6.489,2.94501004388295e-07,-1.57055054935102e-08,-4.10931834430263e-09,-4.10931834430263e-09
6.49,2.93602515615725e-07,-1.5657693491086e-08,-4.09612572309281e-09,-4.09612572309281e-09
6.491,2.92706762107196e-07,-1.56100266932651e-08,-4.0829754717508e-09,-4.0829754717508e-09
6.492,2.91813735555701e-07,-1.55625046602391e-08,-4.06986745414858e-09,-4.06986745414858e-09
6.493,2.90923427679398e-07,-1.55151269535279e-08,-4.05680153459578e-09,-4.05680153459578e-09
6.494,2.90035830221529e-07,-1.54678931359754e-08,-4.04377757783819e-09,-4.04377757783819e-09
6.495,2.89150934950342e-07,-1.54208027717457e-08,-4.03079544905623e-09,-4.03079544905623e-09
6.496,2.88268733659022e-07,-1.53738554263192e-08,-4.01785501386363e-09,-4.01785501386363e-09
6.497,2.87389218165614e-07,-1.53270506664885e-08,-4.00495613830608e-09,-4.00495613830608e-09
6.498,2.86512380312943e-07,-1.52803880603543e-08,-3.99209868885977e-09,-3.99209868885977e-09
6.499,2.85638211968543e-07,-1.52338671773218e-08,-3.97928253243009e-09,-3.97928253243009e-09
6.5,2.84766705024584e-07,-1.51874875880967e-08,-3.96650753635015e-09,-3.96650753635015e-09
6.501,2.83897851397796e-07,-1.5141248864681e-08,-3.95377356837952e-09,-3.95377356837952e-09
6.502,2.8303164302939e-07,-1.50951505803695e-08,-3.9410804967027e-09,-3.9410804967027e-09
6.503,2.82168071884993e-07,-1.50491923097455e-08,-3.92842818992791e-09,-3.92842818992791e-09
6.504,2.81307129954569e-07,-1.50033736286773e-08,-3.91581651708569e-09,-3.91581651708569e-09
6.505,2.80448809252344e-07,-1.49576941143142e-08,-3.90324534762744e-09,-3.90324534762744e-09
6.506,2.79593101816737e-07,-1.49121533450824e-08,-3.89071455142417e-09,-3.89071455142417e-09
6.507,2.78739999710286e-07,-1.48667509006816e-08,-3.87822399876518e-09,-3.87822399876518e-09
6.508,2.77889495019569e-07,-1.48214863620808e-08,-3.86577356035659e-09,-3.86577356035659e-09
6.509,2.77041579855142e-07,-1.47763593115145e-08,-3.8533631073201e-09,-3.8533631073201e-09
6.51,2.7619624635146e-07,-1.47313693324792e-08,-3.84099251119162e-09,-3.84099251119162e-09
6.511,2.75353486666802e-07,-1.46865160097294e-08,-3.82866164391995e-09,-3.82866164391995e-09
6.512,2.74513292983207e-07,-1.46417989292737e-08,-3.81637037786545e-09,-3.81637037786545e-09
6.513,2.73675657506397e-07,-1.45972176783713e-08,-3.80411858579867e-09,-3.80411858579867e-09
6.514,2.72840572465706e-07,-1.45527718455277e-08,-3.79190614089913e-09,-3.79190614089913e-09
6.515,2.72008030114008e-07,-1.45084610204918e-08,-3.77973291675384e-09,-3.77973291675384e-09
6.516,2.71178022727651e-07,-1.44642847942515e-08,-3.76759878735628e-09,-3.76759878735628e-09
6.517,2.70350542606379e-07,-1.442024275903e-08,-3.75550362710475e-09,-3.75550362710475e-09
6.518,2.69525582073264e-07,-1.43763345082823e-08,-3.74344731080129e-09,-3.74344731080129e-09
6.519,2.68703133474639e-07,-1.43325596366916e-08,-3.7314297136503e-09,-3.7314297136503e-09
6.52,2.67883189180025e-07,-1.42889177401653e-08,-3.71945071125731e-09,-3.71945071125731e-09
6.521,2.67065741582056e-07,-1.42454084158314e-08,-3.70751017962761e-09,-3.70751017962761e-09
6.522,2.6625078309642e-07,-1.42020312620349e-08,-3.69560799516495e-09,-3.69560799516495e-09
6.523,2.65438306161779e-07,-1.41587858783341e-08,-3.68374403467047e-09,-3.68374403467047e-09
6.524,2.64628303239707e-07,-1.4115671865497e-08,-3.67191817534109e-09,-3.67191817534109e-09
6.525,2.63820766814614e-07,-1.40726888254975e-08,-3.66013029476853e-09,-3.66013029476853e-09
6.526,2.63015689393686e-07,-1.4029836361512e-08,-3.64838027093787e-09,-3.64838027093787e-09
6.527,2.62213063506806e-07,-1.39871140779156e-08,-3.63666798222632e-09,-3.63666798222632e-09
6.528,2.61412881706492e-07,-1.39445215802784e-08,-3.62499330740198e-09,-3.62499330740198e-09
6.529,2.6061513656783e-07,-1.39020584753624e-08,-3.61335612562265e-09,-3.61335612562265e-09
6.53,2.59819820688399e-07,-1.38597243711172e-08,-3.60175631643443e-09,-3.60175631643443e-09
6.531,2.59026926688205e-07,-1.38175188766769e-08,-3.59019375977055e-09,-3.59019375977055e-09
6.532,2.58236447209624e-07,-1.37754416023566e-08,-3.57866833595015e-09,-3.57866833595015e-09
6.533,2.57448374917316e-07,-1.37334921596484e-08,-3.56717992567707e-09,-3.56717992567707e-09
6.534,2.56662702498171e-07,-1.36916701612182e-08,-3.55572841003842e-09,-3.55572841003842e-09
6.535,2.55879422661239e-07,-1.36499752209022e-08,-3.54431367050356e-09,-3.54431367050356e-09
6.536,2.55098528137662e-07,-1.36084069537031e-08,-3.53293558892283e-09,-3.53293558892283e-09
6.537,2.54320011680606e-07,-1.35669649757868e-08,-3.52159404752623e-09,-3.52159404752623e-09
6.538,2.53543866065195e-07,-1.35256489044789e-08,-3.51028892892226e-09,-3.51028892892226e-09
6.539,2.5277008408845e-07,-1.34844583582611e-08,-3.49902011609673e-09,-3.49902011609673e-09
6.54,2.51998658569212e-07,-1.34433929567678e-08,-3.48778749241153e-09,-3.48778749241153e-09
6.541,2.51229582348087e-07,-1.34024523207825e-08,-3.47659094160336e-09,-3.47659094160336e-09
6.542,2.50462848287376e-07,-1.33616360722345e-08,-3.46543034778263e-09,-3.46543034778263e-09
6.543,2.49698449271005e-07,-1.33209438341956e-08,-3.45430559543215e-09,-3.45430559543215e-09
6.544,2.48936378204467e-07,-1.3280375230876e-08,-3.443216569406e-09,-3.443216569406e-09
6.545,2.48176628014754e-07,-1.32399298876218e-08,-3.4321631549284e-09,-3.4321631549284e-09
6.546,2.47419191650289e-07,-1.31996074309107e-08,-3.42114523759232e-09,-3.42114523759232e-09
6.547,2.46664062080866e-07,-1.31594074883492e-08,-3.41016270335847e-09,-3.41016270335847e-09
6.548,2.45911232297582e-07,-1.3119329688669e-08,-3.39921543855409e-09,-3.39921543855409e-09
6.549,2.45160695312777e-07,-1.30793736617236e-08,-3.38830332987174e-09,-3.38830332987174e-09
6.55,2.44412444159961e-07,-1.30395390384847e-08,-3.37742626436805e-09,-3.37742626436805e-09
6.551,2.43666471893761e-07,-1.29998254510394e-08,-3.36658412946276e-09,-3.36658412946276e-09
6.552,2.42922771589852e-07,-1.29602325325863e-08,-3.35577681293735e-09,-3.35577681293735e-09
6.553,2.42181336344888e-07,-1.29207599174323e-08,-3.34500420293392e-09,-3.34500420293392e-09
6.554,2.4144215927645e-07,-1.28814072409895e-08,-3.33426618795414e-09,-3.33426618795414e-09
6.555,2.40705233522975e-07,-1.28421741397716e-08,-3.32356265685797e-09,-3.32356265685797e-09
6.556,2.39970552243692e-07,-1.28030602513906e-08,-3.31289349886252e-09,-3.31289349886252e-09
6.557,2.39238108618566e-07,-1.27640652145535e-08,-3.30225860354101e-09,-3.30225860354101e-09
6.558,2.38507895848229e-07,-1.27251886690594e-08,-3.29165786082149e-09,-3.29165786082149e-09
6.559,2.37779907153919e-07,-1.26864302557955e-08,-3.28109116098583e-09,-3.28109116098583e-09
6.56,2.37054135777419e-07,-1.26477896167343e-08,-3.27055839466837e-09,-3.27055839466837e-09
6.561,2.36330574980999e-07,-1.26092663949304e-08,-3.26005945285513e-09,-3.26005945285513e-09
6.562,2.35609218047342e-07,-1.25708602345167e-08,-3.2495942268823e-09,-3.2495942268823e-09
6.563,2.34890058279495e-07,-1.2532570780702e-08,-3.23916260843539e-09,-3.23916260843539e-09
6.564,2.341730890008e-07,-1.24943976797668e-08,-3.22876448954796e-09,-3.22876448954796e-09
6.565,2.33458303554838e-07,-1.24563405790609e-08,-3.21839976260061e-09,-3.21839976260061e-09
6.566,2.32745695305359e-07,-1.24183991269996e-08,-3.2080683203197e-09,-3.2080683203197e-09
6.567,2.32035257636234e-07,-1.23805729730609e-08,-3.19777005577648e-09,-3.19777005577648e-09
6.568,2.31326983951383e-07,-1.23428617677819e-08,-3.18750486238574e-09,-3.18750486238574e-09
6.569,2.30620867674717e-07,-1.23052651627562e-08,-3.17727263390482e-09,-3.17727263390482e-09
6.57,2.29916902250083e-07,-1.22677828106298e-08,-3.16707326443256e-09,-3.16707326443256e-09
6.571,2.29215081141198e-07,-1.2230414365099e-08,-3.1569066484081e-09,-3.1569066484081e-09
6.572,2.2851539783159e-07,-1.21931594809064e-08,-3.14677268060978e-09,-3.14677268060978e-09
6.573,2.2781784582454e-07,-1.21560178138382e-08,-3.13667125615417e-09,-3.13667125615417e-09
6.574,2.2712241864302e-07,-1.21189890207208e-08,-3.12660227049486e-09,-3.12660227049486e-09
6.575,2.26429109829637e-07,-1.20820727594179e-08,-3.11656561942148e-09,-3.11656561942148e-09
6.576,2.25737912946567e-07,-1.20452686888271e-08,-3.10656119905851e-09,-3.10656119905851e-09
6.577,2.25048821575506e-07,-1.20085764688771e-08,-3.09658890586429e-09,-3.09658890586429e-09
6.578,2.243618293176e-07,-1.19719957605245e-08,-3.08664863662986e-09,-3.08664863662986e-09
6.579,2.23676929793395e-07,-1.19355262257503e-08,-3.076740288478e-09,-3.076740288478e-09
6.58,2.22994116642772e-07,-1.18991675275575e-08,-3.06686375886211e-09,-3.06686375886211e-09
6.581,2.22313383524894e-07,-1.18629193299675e-08,-3.05701894556515e-09,-3.05701894556515e-09
6.582,2.21634724118142e-07,-1.18267812980173e-08,-3.04720574669852e-09,-3.04720574669852e-09
6.583,2.20958132120062e-07,-1.17907530977562e-08,-3.03742406070111e-09,-3.03742406070111e-09
6.584,2.20283601247307e-07,-1.17548343962432e-08,-3.02767378633819e-09,-3.02767378633819e-09
6.585,2.19611125235571e-07,-1.17190248615432e-08,-3.01795482270034e-09,-3.01795482270034e-09
6.586,2.18940697839544e-07,-1.16833241627248e-08,-3.00826706920243e-09,-3.00826706920243e-09
6.587,2.18272312832847e-07,-1.16477319698569e-08,-2.99861042558267e-09,-2.99861042558267e-09
6.588,2.17605964007972e-07,-1.16122479540053e-08,-2.98898479190136e-09,-2.98898479190136e-09
6.589,2.16941645176234e-07,-1.15768717872304e-08,-2.97939006854003e-09,-2.97939006854003e-09
6.59,2.16279350167707e-07,-1.1541603142584e-08,-2.96982615620039e-09,-2.96982615620039e-09
6.591,2.1561907283117e-07,-1.1506441694106e-08,-2.96029295590319e-09,-2.96029295590319e-09
6.592,2.14960807034047e-07,-1.14713871168214e-08,-2.95079036898728e-09,-2.95079036898728e-09
6.593,2.14304546662359e-07,-1.1436439086738e-08,-2.94131829710863e-09,-2.94131829710863e-09
6.594,2.13650285620659e-07,-1.14015972808429e-08,-2.93187664223916e-09,-2.93187664223916e-09
6.595,2.12998017831978e-07,-1.13668613770993e-08,-2.92246530666595e-09,-2.92246530666595e-09
6.596,2.12347737237773e-07,-1.13322310544443e-08,-2.91308419298998e-09,-2.91308419298998e-09
6.597,2.11699437797869e-07,-1.12977059927853e-08,-2.90373320412526e-09,-2.90373320412526e-09
6.598,2.110531134904e-07,-1.12632858729975e-08,-2.89441224329785e-09,-2.89441224329785e-09
6.599,2.1040875831176e-07,-1.12289703769208e-08,-2.88512121404478e-09,-2.88512121404478e-09
6.6,2.09766366276544e-07,-1.11947591873569e-08,-2.87586002021307e-09,-2.87586002021307e-09
6.601,2.09125931417491e-07,-1.11606519880664e-08,-2.86662856595868e-09,-2.86662856595868e-09
6.602,2.08487447785437e-07,-1.11266484637659e-08,-2.85742675574571e-09,-2.85742675574571e-09
6.603,2.0785090944925e-07,-1.10927483001252e-08,-2.84825449434519e-09,-2.84825449434519e-09
6.604,2.07216310495784e-07,-1.10589511837644e-08,-2.83911168683422e-09,-2.83911168683422e-09
6.605,2.06583645029818e-07,-1.1025256802251e-08,-2.82999823859487e-09,-2.82999823859487e-09
6.606,2.05952907174009e-07,-1.0991664844097e-08,-2.82091405531338e-09,-2.82091405531338e-09
6.607,2.05324091068831e-07,-1.09581749987563e-08,-2.81185904297902e-09,-2.81185904297902e-09
6.608,2.04697190872522e-07,-1.09247869566213e-08,-2.80283310788312e-09,-2.80283310788312e-09
6.609,2.0407220076104e-07,-1.0891500409021e-08,-2.79383615661829e-09,-2.79383615661829e-09
6.61,2.03449114927995e-07,-1.0858315048217e-08,-2.78486809607721e-09,-2.78486809607721e-09
6.611,2.02827927584603e-07,-1.08252305674018e-08,-2.77592883345179e-09,-2.77592883345179e-09
6.612,2.02208632959635e-07,-1.07922466606953e-08,-2.7670182762322e-09,-2.7670182762322e-09
6.613,2.01591225299361e-07,-1.07593630231423e-08,-2.75813633220591e-09,-2.75813633220591e-09
6.614,2.00975698867493e-07,-1.07265793507094e-08,-2.74928290945668e-09,-2.74928290945668e-09
6.615,2.00362047945141e-07,-1.06938953402827e-08,-2.74045791636369e-09,-2.74045791636369e-09
6.616,1.99750266830756e-07,-1.06613106896648e-08,-2.73166126160053e-09,-2.73166126160053e-09
6.617,1.99140349840073e-07,-1.06288250975719e-08,-2.7228928541343e-09,-2.7228928541343e-09
6.618,1.98532291306067e-07,-1.0596438263631e-08,-2.71415260322461e-09,-2.71415260322461e-09
6.619,1.97926085578898e-07,-1.05641498883776e-08,-2.7054404184227e-09,-2.7054404184227e-09
6.62,1.97321727025853e-07,-1.05319596732526e-08,-2.69675620957043e-09,-2.69675620957043e-09
6.621,1.96719210031304e-07,-1.04998673205995e-08,-2.68809988679943e-09,-2.68809988679943e-09
6.622,1.96118528996651e-07,-1.04678725336621e-08,-2.67947136053011e-09,-2.67947136053011e-09
6.623,1.95519678340269e-07,-1.04359750165813e-08,-2.67087054147074e-09,-2.67087054147074e-09
6.624,1.94922652497459e-07,-1.04041744743925e-08,-2.66229734061653e-09,-2.66229734061653e-09
6.625,1.94327445920401e-07,-1.03724706130235e-08,-2.65375166924878e-09,-2.65375166924878e-09
6.626,1.93734053078093e-07,-1.03408631392908e-08,-2.64523343893379e-09,-2.64523343893379e-09
6.627,1.93142468456309e-07,-1.03093517608976e-08,-2.63674256152207e-09,-2.63674256152207e-09
6.628,1.92552686557543e-07,-1.02779361864312e-08,-2.62827894914747e-09,-2.62827894914747e-09
6.629,1.91964701900964e-07,-1.02466161253599e-08,-2.61984251422611e-09,-2.61984251422611e-09
6.63,1.91378509022357e-07,-1.02153912880305e-08,-2.61143316945564e-09,-2.61143316945564e-09
6.631,1.90794102474082e-07,-1.01842613856659e-08,-2.60305082781418e-09,-2.60305082781418e-09
6.632,1.90211476825019e-07,-1.01532261303621e-08,-2.59469540255958e-09,-2.59469540255958e-09
6.633,1.89630626660516e-07,-1.01222852350859e-08,-2.58636680722837e-09,-2.58636680722837e-09
6.634,1.89051546582345e-07,-1.00914384136718e-08,-2.57806495563495e-09,-2.57806495563495e-09
6.635,1.88474231208648e-07,-1.00606853808201e-08,-2.56978976187072e-09,-2.56978976187072e-09
6.636,1.87898675173889e-07,-1.00300258520936e-08,-2.56154114030309e-09,-2.56154114030309e-09
6.637,1.87324873128803e-07,-9.99945954391528e-09,-2.55331900557463e-09,-2.55331900557463e-09
6.638,1.86752819740352e-07,-9.96898617356593e-09,-2.54512327260232e-09,-2.54512327260232e-09
6.639,1.86182509691667e-07,-9.93860545918114e-09,-2.53695385657642e-09,-2.53695385657642e-09
6.64,1.85613937682007e-07,-9.90831711974892e-09,-2.52881067295982e-09,-2.52881067295982e-09
6.641,1.85047098426709e-07,-9.87812087510734e-09,-2.52069363748701e-09,-2.52069363748701e-09
6.642,1.84481986657135e-07,-9.84801644594155e-09,-2.51260266616333e-09,-2.51260266616333e-09
6.643,1.83918597120626e-07,-9.81800355378151e-09,-2.50453767526395e-09,-2.50453767526395e-09
6.644,1.83356924580457e-07,-9.7880819209994e-09,-2.49649858133314e-09,-2.49649858133314e-09
6.645,1.82796963815785e-07,-9.75825127080706e-09,-2.48848530118334e-09,-2.48848530118334e-09
6.646,1.82238709621598e-07,-9.72851132725339e-09,-2.48049775189432e-09,-2.48049775189432e-09
6.647,1.81682156808677e-07,-9.69886181522195e-09,-2.47253585081232e-09,-2.47253585081232e-09
6.648,1.81127300203537e-07,-9.66930246042839e-09,-2.46459951554913e-09,-2.46459951554913e-09
6.649,1.80574134648388e-07,-9.63983298941785e-09,-2.45668866398136e-09,-2.45668866398136e-09
6.65,1.80022655001082e-07,-9.61045312956262e-09,-2.44880321424946e-09,-2.44880321424946e-09
6.651,1.79472856135069e-07,-9.5811626090596e-09,-2.440943084757e-09,-2.440943084757e-09
6.652,1.78924732939347e-07,-9.55196115692765e-09,-2.43310819416965e-09,-2.43310819416965e-09
6.653,1.78378280318419e-07,-9.52284850300538e-09,-2.42529846141455e-09,-2.42529846141455e-09
6.654,1.77833493192242e-07,-9.49382437794851e-09,-2.41751380567933e-09,-2.41751380567933e-09
6.655,1.77290366496182e-07,-9.4648885132274e-09,-2.40975414641125e-09,-2.40975414641125e-09
6.656,1.76748895180967e-07,-9.43604064112459e-09,-2.40201940331646e-09,-2.40201940331646e-09
6.657,1.76209074212644e-07,-9.40728049473258e-09,-2.39430949635915e-09,-2.39430949635915e-09
6.658,1.75670898572526e-07,-9.37860780795102e-09,-2.38662434576072e-09,-2.38662434576072e-09
6.659,1.75134363257148e-07,-9.3500223154845e-09,-2.37896387199882e-09,-2.37896387199882e-09
6.66,1.74599463278228e-07,-9.32152375284014e-09,-2.37132799580672e-09,-2.37132799580672e-09
6.661,1.74066193662611e-07,-9.29311185632509e-09,-2.36371663817243e-09,-2.36371663817243e-09
6.662,1.73534549452228e-07,-9.26478636304409e-09,-2.35612972033777e-09,-2.35612972033777e-09
6.663,1.73004525704051e-07,-9.23654701089715e-09,-2.34856716379774e-09,-2.34856716379774e-09
6.664,1.72476117490048e-07,-9.20839353857717e-09,-2.34102889029953e-09,-2.34102889029953e-09
6.665,1.71949319897132e-07,-9.18032568556738e-09,-2.33351482184184e-09,-2.33351482184184e-09
6.666,1.71424128027123e-07,-9.15234319213917e-09,-2.32602488067395e-09,-2.32602488067395e-09
6.667,1.70900536996701e-07,-9.12444579934959e-09,-2.31855898929508e-09,-2.31855898929508e-09
6.668,1.70378541937355e-07,-9.09663324903897e-09,-2.3111170704534e-09,-2.3111170704534e-09
6.669,1.69858137995348e-07,-9.06890528382863e-09,-2.30369904714534e-09,-2.30369904714534e-09
6.67,1.69339320331666e-07,-9.04126164711851e-09,-2.29630484261482e-09,-2.29630484261482e-09
6.671,1.68822084121973e-07,-9.01370208308477e-09,-2.28893438035236e-09,-2.28893438035236e-09
6.672,1.6830642455657e-07,-8.98622633667743e-09,-2.28158758409434e-09,-2.28158758409434e-09
6.673,1.67792336840349e-07,-8.95883415361819e-09,-2.27426437782221e-09,-2.27426437782221e-09
6.674,1.6727981619275e-07,-8.93152528039797e-09,-2.26696468576166e-09,-2.26696468576166e-09
6.675,1.66768857847714e-07,-8.90429946427456e-09,-2.25968843238195e-09,-2.25968843238195e-09
6.676,1.66259457053642e-07,-8.87715645327042e-09,-2.25243554239496e-09,-2.25243554239496e-09
6.677,1.65751609073352e-07,-8.85009599617035e-09,-2.24520594075452e-09,-2.24520594075452e-09
6.678,1.65245309184031e-07,-8.82311784251906e-09,-2.23799955265567e-09,-2.23799955265567e-09
6.679,1.64740552677196e-07,-8.79622174261908e-09,-2.23081630353372e-09,-2.23081630353372e-09
6.68,1.64237334858648e-07,-8.76940744752837e-09,-2.22365611906367e-09,-2.22365611906367e-09
6.681,1.63735651048432e-07,-8.74267470905795e-09,-2.21651892515929e-09,-2.21651892515929e-09
6.682,1.63235496580788e-07,-8.71602327976982e-09,-2.20940464797245e-09,-2.20940464797245e-09
6.683,1.62736866804116e-07,-8.6894529129746e-09,-2.20231321389231e-09,-2.20231321389231e-09
6.684,1.62239757080925e-07,-8.66296336272923e-09,-2.19524454954456e-09,-2.19524454954456e-09
6.685,1.61744162787795e-07,-8.63655438383471e-09,-2.18819858179064e-09,-2.18819858179064e-09
6.686,1.61250079315337e-07,-8.61022573183408e-09,-2.18117523772706e-09,-2.18117523772706e-09
6.687,1.60757502068143e-07,-8.58397716300985e-09,-2.17417444468457e-09,-2.17417444468457e-09
6.688,1.60266426464748e-07,-8.55780843438197e-09,-2.16719613022739e-09,-2.16719613022739e-09
6.689,1.59776847937591e-07,-8.53171930370559e-09,-2.16024022215254e-09,-2.16024022215254e-09
6.69,1.59288761932967e-07,-8.50570952946883e-09,-2.15330664848904e-09,-2.15330664848904e-09
6.691,1.58802163910989e-07,-8.47977887089049e-09,-2.14639533749716e-09,-2.14639533749716e-09
6.692,1.58317049345542e-07,-8.45392708791797e-09,-2.13950621766771e-09,-2.13950621766771e-09
6.693,1.57833413724249e-07,-8.42815394122502e-09,-2.13263921772126e-09,-2.13263921772126e-09
6.694,1.5735125254842e-07,-8.40245919220949e-09,-2.12579426660743e-09,-2.12579426660743e-09
6.695,1.56870561333018e-07,-8.37684260299124e-09,-2.11897129350415e-09,-2.11897129350415e-09
6.696,1.56391335606615e-07,-8.35130393640995e-09,-2.11217022781693e-09,-2.11217022781693e-09
6.697,1.55913570911348e-07,-8.32584295602283e-09,-2.10539099917807e-09,-2.10539099917807e-09
6.698,1.55437262802883e-07,-8.30045942610263e-09,-2.09863353744603e-09,-2.09863353744603e-09
6.699,1.54962406850372e-07,-8.2751531116354e-09,-2.09189777270463e-09,-2.09189777270463e-09
6.7,1.5448899863641e-07,-8.24992377831826e-09,-2.08518363526235e-09,-2.08518363526235e-09
6.701,1.54017033756997e-07,-8.22477119255735e-09,-2.07849105565162e-09,-2.07849105565162e-09
6.702,1.53546507821499e-07,-8.19969512146578e-09,-2.07181996462807e-09,-2.07181996462807e-09
6.703,1.53077416452602e-07,-8.17469533286127e-09,-2.06517029316984e-09,-2.06517029316984e-09
6.704,1.52609755286276e-07,-8.14977159526416e-09,-2.05854197247682e-09,-2.05854197247682e-09
6.705,1.52143519971735e-07,-8.12492367789531e-09,-2.05193493397004e-09,-2.05193493397004e-09
6.706,1.51678706171393e-07,-8.10015135067397e-09,-2.04534910929083e-09,-2.04534910929083e-09
6.707,1.51215309560829e-07,-8.07545438421558e-09,-2.03878443030019e-09,-2.03878443030019e-09
6.708,1.50753325828745e-07,-8.0508325498298e-09,-2.03224082907804e-09,-2.03224082907804e-09
6.709,1.50292750676924e-07,-8.02628561951837e-09,-2.02571823792263e-09,-2.02571823792263e-09
6.71,1.49833579820194e-07,-8.00181336597294e-09,-2.01921658934963e-09,-2.01921658934963e-09
6.711,1.49375808986388e-07,-7.97741556257314e-09,-2.01273581609161e-09,-2.01273581609161e-09
6.712,1.48919433916302e-07,-7.95309198338441e-09,-2.00627585109735e-09,-2.00627585109735e-09
6.713,1.48464450363658e-07,-7.92884240315589e-09,-1.99983662753092e-09,-1.99983662753092e-09
6.714,1.48010854095065e-07,-7.90466659731847e-09,-1.99341807877132e-09,-1.99341807877132e-09
6.715,1.47558640889979e-07,-7.88056434198268e-09,-1.98702013841149e-09,-1.98702013841149e-09
6.716,1.47107806540665e-07,-7.85653541393659e-09,-1.9806427402578e-09,-1.9806427402578e-09
6.717,1.46658346852155e-07,-7.8325795906438e-09,-1.97428581832931e-09,-1.97428581832931e-09
6.718,1.46210257642216e-07,-7.80869665024152e-09,-1.9679493068571e-09,-1.9679493068571e-09
6.719,1.45763534741306e-07,-7.78488637153833e-09,-1.96163314028355e-09,-1.96163314028355e-09
6.72,1.45318173992536e-07,-7.76114853401226e-09,-1.95533725326168e-09,-1.95533725326168e-09
6.721,1.44874171251635e-07,-7.73748291780881e-09,-1.94906158065453e-09,-1.94906158065453e-09
6.722,1.44431522386908e-07,-7.7138893037389e-09,-1.94280605753441e-09,-1.94280605753441e-09
6.723,1.43990223279199e-07,-7.69036747327677e-09,-1.93657061918223e-09,-1.93657061918223e-09
6.724,1.43550269821856e-07,-7.66691720855816e-09,-1.93035520108689e-09,-1.93035520108689e-09
6.725,1.4311165792069e-07,-7.64353829237817e-09,-1.92415973894455e-09,-1.92415973894455e-09
6.726,1.42674383493936e-07,-7.6202305081893e-09,-1.91798416865799e-09,-1.91798416865799e-09
6.727,1.4223844247222e-07,-7.59699364009952e-09,-1.91182842633597e-09,-1.91182842633597e-09
6.728,1.41803830798519e-07,-7.57382747287025e-09,-1.9056924482925e-09,-1.9056924482925e-09
6.729,1.41370544428121e-07,-7.55073179191436e-09,-1.89957617104624e-09,-1.89957617104624e-09
6.73,1.40938579328593e-07,-7.52770638329426e-09,-1.89347953131986e-09,-1.89347953131986e-09
6.731,1.4050793147974e-07,-7.50475103371996e-09,-1.88740246603927e-09,-1.88740246603927e-09
6.732,1.40078596873569e-07,-7.48186553054701e-09,-1.88134491233313e-09,-1.88134491233313e-09
6.733,1.39650571514252e-07,-7.45904966177459e-09,-1.87530680753202e-09,-1.87530680753202e-09
6.734,1.3922385141809e-07,-7.43630321604373e-09,-1.86928808916801e-09,-1.86928808916801e-09
6.735,1.38798432613477e-07,-7.41362598263511e-09,-1.86328869497377e-09,-1.86328869497377e-09
6.736,1.38374311140858e-07,-7.39101775146726e-09,-1.85730856288207e-09,-1.85730856288207e-09
6.737,1.37951483052701e-07,-7.3684783130947e-09,-1.85134763102517e-09,-1.85134763102517e-09
6.738,1.37529944413454e-07,-7.34600745870594e-09,-1.84540583773405e-09,-1.84540583773405e-09
6.739,1.37109691299509e-07,-7.32360498012151e-09,-1.83948312153786e-09,-1.83948312153786e-09
6.74,1.36690719799172e-07,-7.3012706697922e-09,-1.83357942116326e-09,-1.83357942116326e-09
6.741,1.36273026012621e-07,-7.27900432079706e-09,-1.82769467553381e-09,-1.82769467553381e-09
6.742,1.35856606051869e-07,-7.25680572684147e-09,-1.82182882376929e-09,-1.82182882376929e-09
6.743,1.35441456040734e-07,-7.23467468225538e-09,-1.81598180518508e-09,-1.81598180518508e-09
6.744,1.35027572114801e-07,-7.21261098199133e-09,-1.81015355929157e-09,-1.81015355929157e-09
6.745,1.34614950421382e-07,-7.19061442162252e-09,-1.8043440257935e-09,-1.8043440257935e-09
6.746,1.34203587119487e-07,-7.1686847973411e-09,-1.79855314458935e-09,-1.79855314458935e-09
6.747,1.33793478379784e-07,-7.14682190595618e-09,-1.7927808557707e-09,-1.7927808557707e-09
6.748,1.33384620384566e-07,-7.12502554489196e-09,-1.78702709962162e-09,-1.78702709962162e-09
6.749,1.32977009327715e-07,-7.10329551218591e-09,-1.78129181661804e-09,-1.78129181661804e-09
6.75,1.32570641414669e-07,-7.08163160648702e-09,-1.7755749474272e-09,-1.7755749474272e-09
6.751,1.32165512862381e-07,-7.06003362705373e-09,-1.76987643290689e-09,-1.76987643290689e-09
6.752,1.31761619899292e-07,-7.03850137375225e-09,-1.764196214105e-09,-1.764196214105e-09
6.753,1.3135895876529e-07,-7.01703464705472e-09,-1.7585342322588e-09,-1.7585342322588e-09
6.754,1.30957525711679e-07,-6.99563324803735e-09,-1.75289042879439e-09,-1.75289042879439e-09
6.755,1.30557317001143e-07,-6.97429697837854e-09,-1.74726474532603e-09,-1.74726474532603e-09
6.756,1.30158328907713e-07,-6.95302564035719e-09,-1.74165712365564e-09,-1.74165712365564e-09
6.757,1.29760557716729e-07,-6.93181903685079e-09,-1.73606750577208e-09,-1.73606750577208e-09
6.758,1.29363999724809e-07,-6.91067697133361e-09,-1.7304958338506e-09,-1.7304958338506e-09
6.759,1.28968651239815e-07,-6.88959924787497e-09,-1.72494205025227e-09,-1.72494205025227e-09
6.76,1.28574508580818e-07,-6.86858567113741e-09,-1.71940609752336e-09,-1.71940609752336e-09
6.761,1.28181568078062e-07,-6.84763604637483e-09,-1.71388791839468e-09,-1.71388791839468e-09
6.762,1.27789826072936e-07,-6.82675017943085e-09,-1.70838745578114e-09,-1.70838745578114e-09
6.763,1.27399278917932e-07,-6.8059278767369e-09,-1.70290465278098e-09,-1.70290465278098e-09
6.764,1.2700992297662e-07,-6.7851689453105e-09,-1.69743945267531e-09,-1.69743945267531e-09
6.765,1.26621754623606e-07,-6.76447319275343e-09,-1.69199179892748e-09,-1.69199179892748e-09
6.766,1.26234770244508e-07,-6.74384042725017e-09,-1.68656163518247e-09,-1.68656163518247e-09
6.767,1.25848966235913e-07,-6.72327045756584e-09,-1.68114890526634e-09,-1.68114890526634e-09
6.768,1.25464339005351e-07,-6.70276309304465e-09,-1.67575355318562e-09,-1.67575355318562e-09
6.769,1.25080884971258e-07,-6.68231814360812e-09,-1.67037552312677e-09,-1.67037552312677e-09
6.77,1.24698600562946e-07,-6.66193541975331e-09,-1.66501475945556e-09,-1.66501475945556e-09
6.771,1.24317482220565e-07,-6.64161473255106e-09,-1.65967120671655e-09,-1.65967120671655e-09
6.772,1.23937526395076e-07,-6.62135589364432e-09,-1.65434480963241e-09,-1.65434480963241e-09
6.773,1.23558729548217e-07,-6.6011587152464e-09,-1.64903551310346e-09,-1.64903551310346e-09
6.774,1.23181088152464e-07,-6.58102301013919e-09,-1.64374326220705e-09,-1.64374326220705e-09
6.775,1.2280459869101e-07,-6.56094859167154e-09,-1.63846800219699e-09,-1.63846800219699e-09
6.776,1.2242925765772e-07,-6.5409352737575e-09,-1.63320967850297e-09,-1.63320967850297e-09
6.777,1.2205506155711e-07,-6.52098287087456e-09,-1.62796823673004e-09,-1.62796823673004e-09
6.778,1.21682006904305e-07,-6.50109119806207e-09,-1.622743622658e-09,-1.622743622658e-09
6.779,1.21310090225016e-07,-6.48126007091946e-09,-1.61753578224086e-09,-1.61753578224086e-09
6.78,1.209393080555e-07,-6.46148930560454e-09,-1.61234466160629e-09,-1.61234466160629e-09
6.781,1.20569656942531e-07,-6.44177871883182e-09,-1.60717020705501e-09,-1.60717020705501e-09
6.782,1.20201133443372e-07,-6.42212812787096e-09,-1.60201236506033e-09,-1.60201236506033e-09
6.783,1.19833734125737e-07,-6.40253735054488e-09,-1.59687108226749e-09,-1.59687108226749e-09
6.784,1.19467455567763e-07,-6.3830062052282e-09,-1.59174630549316e-09,-1.59174630549316e-09
6.785,1.19102294357977e-07,-6.36353451084562e-09,-1.5866379817249e-09,-1.5866379817249e-09
6.786,1.18738247095268e-07,-6.34412208687018e-09,-1.5815460581206e-09,-1.5815460581206e-09
6.787,1.18375310388847e-07,-6.32476875332161e-09,-1.57647048200793e-09,-1.57647048200793e-09
6.788,1.18013480858228e-07,-6.30547433076472e-09,-1.57141120088375e-09,-1.57141120088375e-09
6.789,1.17652755133186e-07,-6.28623864030778e-09,-1.56636816241364e-09,-1.56636816241364e-09
6.79,1.17293129853731e-07,-6.26706150360073e-09,-1.56134131443132e-09,-1.56134131443132e-09
6.791,1.16934601670077e-07,-6.24794274283373e-09,-1.55633060493812e-09,-1.55633060493812e-09
6.792,1.16577167242611e-07,-6.22888218073546e-09,-1.55133598210245e-09,-1.55133598210245e-09
6.793,1.1622082324186e-07,-6.2098796405714e-09,-1.54635739425919e-09,-1.54635739425919e-09
6.794,1.15865566348462e-07,-6.19093494614235e-09,-1.54139478990929e-09,-1.54139478990929e-09
6.795,1.15511393253135e-07,-6.17204792178276e-09,-1.53644811771913e-09,-1.53644811771913e-09
6.796,1.15158300656649e-07,-6.15321839235908e-09,-1.53151732651998e-09,-1.53151732651998e-09
6.797,1.14806285269789e-07,-6.13444618326817e-09,-1.52660236530755e-09,-1.52660236530755e-09
6.798,1.14455343813333e-07,-6.1157311204358e-09,-1.52170318324144e-09,-1.52170318324144e-09
6.799,1.14105473018016e-07,-6.09707303031489e-09,-1.51681972964455e-09,-1.51681972964455e-09
6.8,1.137566696245e-07,-6.07847173988399e-09,-1.51195195400261e-09,-1.51195195400261e-09
6.801,1.13408930383347e-07,-6.05992707664576e-09,-1.50709980596366e-09,-1.50709980596366e-09
6.802,1.13062252054987e-07,-6.04143886862528e-09,-1.50226323533749e-09,-1.50226323533749e-09
6.803,1.12716631409689e-07,-6.02300694436852e-09,-1.49744219209517e-09,-1.49744219209517e-09
6.804,1.12372065227531e-07,-6.00463113294079e-09,-1.49263662636849e-09,-1.49263662636849e-09
6.805,1.12028550298368e-07,-5.98631126392513e-09,-1.48784648844946e-09,-1.48784648844946e-09
6.806,1.11686083421806e-07,-5.96804716742075e-09,-1.4830717287898e-09,-1.4830717287898e-09
6.807,1.1134466140717e-07,-5.9498386740415e-09,-1.4783122980004e-09,-1.4783122980004e-09
6.808,1.11004281073478e-07,-5.93168561491433e-09,-1.47356814685088e-09,-1.47356814685088e-09
6.809,1.10664939249404e-07,-5.91358782167765e-09,-1.46883922626897e-09,-1.46883922626897e-09
6.81,1.10326632773259e-07,-5.89554512647985e-09,-1.46412548734006e-09,-1.46412548734006e-09
6.811,1.09989358492953e-07,-5.87755736197785e-09,-1.45942688130676e-09,-1.45942688130676e-09
6.812,1.09653113265972e-07,-5.85962436133536e-09,-1.45474335956826e-09,-1.45474335956826e-09
6.813,1.09317893959345e-07,-5.8417459582215e-09,-1.45007487367994e-09,-1.45007487367994e-09
6.814,1.08983697449616e-07,-5.82392198680925e-09,-1.44542137535279e-09,-1.44542137535279e-09
6.815,1.08650520622819e-07,-5.8061522817739e-09,-1.44078281645296e-09,-1.44078281645296e-09
6.816,1.08318360374442e-07,-5.78843667829152e-09,-1.43615914900124e-09,-1.43615914900124e-09
6.817,1.07987213609404e-07,-5.7707750120375e-09,-1.43155032517258e-09,-1.43155032517258e-09
6.818,1.07657077242027e-07,-5.75316711918503e-09,-1.42695629729557e-09,-1.42695629729557e-09
6.819,1.07327948196002e-07,-5.73561283640353e-09,-1.42237701785195e-09,-1.42237701785195e-09
6.82,1.06999823404367e-07,-5.71811200085724e-09,-1.41781243947614e-09,-1.41781243947614e-09
6.821,1.06672699809472e-07,-5.70066445020369e-09,-1.41326251495474e-09,-1.41326251495474e-09
6.822,1.06346574362958e-07,-5.68327002259217e-09,-1.40872719722601e-09,-1.40872719722601e-09
6.823,1.06021444025723e-07,-5.66592855666232e-09,-1.40420643937945e-09,-1.40420643937945e-09
6.824,1.05697305767899e-07,-5.6486398915426e-09,-1.39970019465522e-09,-1.39970019465522e-09
6.825,1.05374156568817e-07,-5.63140386684882e-09,-1.39520841644377e-09,-1.39520841644377e-09
6.826,1.05051993416986e-07,-5.61422032268264e-09,-1.39073105828522e-09,-1.39073105828522e-09
6.827,1.04730813310065e-07,-5.59708909963023e-09,-1.38626807386904e-09,-1.38626807386904e-09
6.828,1.04410613254828e-07,-5.58001003876062e-09,-1.38181941703343e-09,-1.38181941703343e-09
6.829,1.04091390267144e-07,-5.56298298162434e-09,-1.37738504176487e-09,-1.37738504176487e-09
6.83,1.03773141371947e-07,-5.54600777025201e-09,-1.37296490219774e-09,-1.37296490219774e-09
6.831,1.03455863603207e-07,-5.52908424715281e-09,-1.36855895261377e-09,-1.36855895261377e-09
6.832,1.03139554003905e-07,-5.51221225531304e-09,-1.36416714744148e-09,-1.36416714744148e-09
6.833,1.02824209626003e-07,-5.49539163819475e-09,-1.3597894412559e-09,-1.3597894412559e-09
6.834,1.02509827530421e-07,-5.47862223973422e-09,-1.35542578877795e-09,-1.35542578877795e-09
6.835,1.02196404787004e-07,-5.46190390434056e-09,-1.35107614487403e-09,-1.35107614487403e-09
6.836,1.01883938474501e-07,-5.4452364768943e-09,-1.34674046455554e-09,-1.34674046455554e-09
6.837,1.01572425680535e-07,-5.42861980274596e-09,-1.34241870297842e-09,-1.34241870297842e-09
6.838,1.01261863501573e-07,-5.41205372771458e-09,-1.33811081544267e-09,-1.33811081544267e-09
6.839,1.00952249042907e-07,-5.39553809808637e-09,-1.33381675739191e-09,-1.33381675739191e-09
6.84,1.00643579418619e-07,-5.37907276061329e-09,-1.32953648441289e-09,-1.32953648441289e-09
6.841,1.00335851751562e-07,-5.36265756251159e-09,-1.32526995223508e-09,-1.32526995223508e-09
6.842,1.00029063173326e-07,-5.34629235146044e-09,-1.32101711673014e-09,-1.32101711673014e-09
6.843,9.97232108242169e-08,-5.3299769756006e-09,-1.31677793391154e-09,-1.31677793391154e-09
6.844,9.94182918532285e-08,-5.3137112835329e-09,-1.31255235993402e-09,-1.31255235993402e-09
6.845,9.91143034180148e-08,-5.2974951243169e-09,-1.3083403510932e-09,-1.3083403510932e-09
6.846,9.8811242684866e-08,-5.28132834746957e-09,-1.30414186382512e-09,-1.30414186382512e-09
6.847,9.85091068286813e-08,-5.26521080296382e-09,-1.29995685470579e-09,-1.29995685470579e-09
6.848,9.82078930329417e-08,-5.24914234122714e-09,-1.29578528045068e-09,-1.29578528045068e-09
6.849,9.79075984896862e-08,-5.23312281314028e-09,-1.29162709791433e-09,-1.29162709791433e-09
6.85,9.76082203994846e-08,-5.21715207003583e-09,-1.28748226408996e-09,-1.28748226408996e-09
6.851,9.7309755971411e-08,-5.20122996369683e-09,-1.28335073610886e-09,-1.28335073610886e-09
6.852,9.70122024230196e-08,-5.18535634635551e-09,-1.27923247124011e-09,-1.27923247124011e-09
6.853,9.67155569803184e-08,-5.16953107069183e-09,-1.27512742689003e-09,-1.27512742689003e-09
6.854,9.64198168777424e-08,-5.15375398983216e-09,-1.27103556060179e-09,-1.27103556060179e-09
6.855,9.61249793581301e-08,-5.13802495734797e-09,-1.26695683005499e-09,-1.26695683005499e-09
6.856,9.58310416726969e-08,-5.12234382725443e-09,-1.26289119306514e-09,-1.26289119306514e-09
6.857,9.55380010810092e-08,-5.1067104540091e-09,-1.25883860758332e-09,-1.25883860758332e-09
6.858,9.52458548509596e-08,-5.09112469251055e-09,-1.25479903169564e-09,-1.25479903169564e-09
6.859,9.49546002587435e-08,-5.07558639809715e-09,-1.25077242362294e-09,-1.25077242362294e-09
6.86,9.46642345888304e-08,-5.06009542654558e-09,-1.24675874172022e-09,-1.24675874172022e-09
6.861,9.43747551339411e-08,-5.04465163406959e-09,-1.24275794447628e-09,-1.24275794447628e-09
6.862,9.40861591950226e-08,-5.02925487731868e-09,-1.23876999051331e-09,-1.23876999051331e-09
6.863,9.3798444081223e-08,-5.01390501337681e-09,-1.2347948385864e-09,-1.2347948385864e-09
6.864,9.35116071098657e-08,-4.99860189976096e-09,-1.23083244758315e-09,-1.23083244758315e-09
6.865,9.3225645606426e-08,-4.98334539442e-09,-1.22688277652326e-09,-1.22688277652326e-09
6.866,9.2940556904506e-08,-4.96813535573327e-09,-1.22294578455806e-09,-1.22294578455806e-09
6.867,9.26563383458089e-08,-4.95297164250926e-09,-1.21902143097011e-09,-1.21902143097011e-09
6.868,9.2372987280116e-08,-4.93785411398443e-09,-1.21510967517279e-09,-1.21510967517279e-09
6.869,9.20905010652617e-08,-4.92278262982181e-09,-1.21121047670986e-09,-1.21121047670986e-09
6.87,9.18088770671079e-08,-4.90775705010973e-09,-1.20732379525505e-09,-1.20732379525505e-09
6.871,9.15281126595218e-08,-4.89277723536058e-09,-1.20344959061166e-09,-1.20344959061166e-09
6.872,9.12482052243503e-08,-4.8778430465095e-09,-1.1995878227121e-09,-1.1995878227121e-09
6.873,9.09691521513955e-08,-4.8629543449131e-09,-1.19573845161753e-09,-1.19573845161753e-09
6.874,9.06909508383912e-08,-4.84811099234813e-09,-1.19190143751737e-09,-1.19190143751737e-09
6.875,9.04135986909799e-08,-4.8333128510104e-09,-1.18807674072897e-09,-1.18807674072897e-09
6.876,9.01370931226865e-08,-4.81855978351325e-09,-1.18426432169716e-09,-1.18426432169716e-09
6.877,8.98614315548958e-08,-4.80385165288649e-09,-1.18046414099383e-09,-1.18046414099383e-09
6.878,8.95866114168291e-08,-4.78918832257506e-09,-1.17667615931755e-09,-1.17667615931755e-09
6.879,8.93126301455197e-08,-4.77456965643779e-09,-1.17290033749315e-09,-1.17290033749315e-09
6.88,8.90394851857887e-08,-4.75999551874613e-09,-1.16913663647127e-09,-1.16913663647127e-09
6.881,8.87671739902229e-08,-4.74546577418295e-09,-1.16538501732807e-09,-1.16538501732807e-09
6.882,8.84956940191505e-08,-4.73098028784125e-09,-1.16164544126468e-09,-1.16164544126468e-09
6.883,8.82250427406166e-08,-4.71653892522292e-09,-1.15791786960694e-09,-1.15791786960694e-09
6.884,8.79552176303618e-08,-4.70214155223755e-09,-1.15420226380488e-09,-1.15420226380488e-09
6.885,8.76862161717976e-08,-4.68778803520117e-09,-1.15049858543241e-09,-1.15049858543241e-09
6.886,8.74180358559829e-08,-4.67347824083498e-09,-1.14680679618685e-09,-1.14680679618685e-09
6.887,8.71506741816019e-08,-4.65921203626422e-09,-1.1431268578886e-09,-1.1431268578886e-09
6.888,8.68841286549406e-08,-4.64498928901688e-09,-1.1394587324807e-09,-1.1394587324807e-09
6.889,8.6618396789863e-08,-4.63080986702246e-09,-1.13580238202845e-09,-1.13580238202845e-09
6.89,8.63534761077884e-08,-4.61667363861082e-09,-1.132157768719e-09,-1.132157768719e-09
6.891,8.60893641376703e-08,-4.60258047251099e-09,-1.12852485486099e-09,-1.12852485486099e-09
6.892,8.58260584159706e-08,-4.58853023784984e-09,-1.12490360288415e-09,-1.12490360288415e-09
6.893,8.55635564866387e-08,-4.574522804151e-09,-1.1212939753389e-09,-1.1212939753389e-09
6.894,8.53018559010886e-08,-4.5605580413336e-09,-1.11769593489596e-09,-1.11769593489596e-09
6.895,8.50409542181764e-08,-4.54663581971112e-09,-1.11410944434596e-09,-1.11410944434596e-09
6.896,8.47808490041766e-08,-4.53275600999012e-09,-1.11053446659908e-09,-1.11053446659908e-09
6.897,8.45215378327609e-08,-4.51891848326913e-09,-1.10697096468467e-09,-1.10697096468467e-09
6.898,8.42630182849756e-08,-4.50512311103746e-09,-1.10341890175081e-09,-1.10341890175081e-09
6.899,8.40052879492183e-08,-4.49136976517394e-09,-1.09987824106397e-09,-1.09987824106397e-09
6.9,8.37483444212166e-08,-4.47765831794584e-09,-1.09634894600865e-09,-1.09634894600865e-09
6.901,8.3492185304006e-08,-4.46398864200764e-09,-1.09283098008695e-09,-1.09283098008695e-09
6.902,8.32368082079062e-08,-4.45036061039986e-09,-1.08932430691826e-09,-1.08932430691826e-09
6.903,8.29822107505011e-08,-4.43677409654791e-09,-1.08582889023879e-09,-1.08582889023879e-09
6.904,8.27283905566157e-08,-4.42322897426096e-09,-1.08234469390128e-09,-1.08234469390128e-09
6.905,8.24753452582937e-08,-4.40972511773069e-09,-1.07887168187456e-09,-1.07887168187456e-09
6.906,8.22230724947759e-08,-4.39626240153019e-09,-1.07540981824324e-09,-1.07540981824324e-09
6.907,8.19715699124803e-08,-4.38284070061285e-09,-1.0719590672073e-09,-1.0719590672073e-09
6.908,8.17208351649768e-08,-4.36945989031114e-09,-1.06851939308172e-09,-1.06851939308172e-09
6.909,8.14708659129682e-08,-4.35611984633544e-09,-1.06509076029611e-09,-1.06509076029611e-09
6.91,8.12216598242678e-08,-4.34282044477301e-09,-1.06167313339435e-09,-1.06167313339435e-09
6.911,8.09732145737779e-08,-4.32956156208678e-09,-1.05826647703423e-09,-1.05826647703423e-09
6.912,8.07255278434676e-08,-4.31634307511417e-09,-1.05487075598707e-09,-1.05487075598707e-09
6.913,8.04785973223528e-08,-4.30316486106605e-09,-1.05148593513734e-09,-1.05148593513734e-09
6.914,8.02324207064737e-08,-4.29002679752557e-09,-1.04811197948235e-09,-1.04811197948235e-09
6.915,7.99869956988735e-08,-4.276928762447e-09,-1.04474885413183e-09,-1.04474885413183e-09
6.916,7.97423200095778e-08,-4.26387063415468e-09,-1.04139652430761e-09,-1.04139652430761e-09
6.917,7.94983913555736e-08,-4.25085229134185e-09,-1.03805495534321e-09,-1.03805495534321e-09
6.918,7.92552074607866e-08,-4.23787361306953e-09,-1.03472411268354e-09,-1.03472411268354e-09
6.919,7.90127660560622e-08,-4.22493447876544e-09,-1.03140396188451e-09,-1.03140396188451e-09
6.92,7.87710648791435e-08,-4.21203476822289e-09,-1.02809446861267e-09,-1.02809446861267e-09
6.921,7.85301016746502e-08,-4.19917436159963e-09,-1.02479559864487e-09,-1.02479559864487e-09
6.922,7.82898741940576e-08,-4.18635313941679e-09,-1.0215073178679e-09,-1.0215073178679e-09
6.923,7.80503801956778e-08,-4.1735709825578e-09,-1.01822959227813e-09,-1.01822959227813e-09
6.924,7.7811617444636e-08,-4.16082777226724e-09,-1.01496238798115e-09,-1.01496238798115e-09
6.925,7.75735837128513e-08,-4.14812339014976e-09,-1.01170567119147e-09,-1.01170567119147e-09
6.926,7.73362767790169e-08,-4.13545771816904e-09,-1.00845940823208e-09,-1.00845940823208e-09
6.927,7.70996944285783e-08,-4.12283063864665e-09,-1.00522356553419e-09,-1.00522356553419e-09
6.928,7.6863834453713e-08,-4.11024203426097e-09,-1.00199810963683e-09,-1.00199810963683e-09
6.929,7.66286946533106e-08,-4.09769178804616e-09,-9.98783007186527e-10,-9.98783007186527e-10
6.93,7.63942728329525e-08,-4.08517978339106e-09,-9.95578224936947e-10,-9.95578224936947e-10
6.931,7.61605668048904e-08,-4.07270590403806e-09,-9.92383729748556e-10,-9.92383729748556e-10
6.932,7.59275743880279e-08,-4.06027003408213e-09,-9.89199488588265e-10,-9.89199488588265e-10
6.933,7.56952934078991e-08,-4.04787205796969e-09,-9.86025468529116e-10,-9.86025468529116e-10
6.934,7.54637216966485e-08,-4.03551186049756e-09,-9.82861636749919e-10,-9.82861636749919e-10
6.935,7.5232857093011e-08,-4.02318932681187e-09,-9.79707960534898e-10,-9.79707960534898e-10
6.936,7.50026974422934e-08,-4.01090434240713e-09,-9.76564407273412e-10,-9.76564407273412e-10
6.937,7.47732405963522e-08,-3.99865679312498e-09,-9.73430944459537e-10,-9.73430944459537e-10
6.938,7.45444844135746e-08,-3.9864465651533e-09,-9.70307539691774e-10,-9.70307539691774e-10
6.939,7.43164267588595e-08,-3.9742735450251e-09,-9.67194160672724e-10,-9.67194160672724e-10
6.94,7.40890655035972e-08,-3.96213761961748e-09,-9.64090775208732e-10,-9.64090775208732e-10
6.941,7.38623985256487e-08,-3.95003867615057e-09,-9.60997351209549e-10,-9.60997351209549e-10
6.942,7.3636423709328e-08,-3.93797660218656e-09,-9.57913856688027e-10,-9.57913856688027e-10
6.943,7.34111389453812e-08,-3.92595128562859e-09,-9.54840259759756e-10,-9.54840259759756e-10
6.944,7.31865421309671e-08,-3.91396261471975e-09,-9.51776528642754e-10,-9.51776528642754e-10
6.945,7.29626311696382e-08,-3.90201047804206e-09,-9.48722631657137e-10,-9.48722631657137e-10
6.946,7.27394039713213e-08,-3.89009476451545e-09,-9.45678537224781e-10,-9.45678537224781e-10
6.947,7.25168584522974e-08,-3.87821536339669e-09,-9.42644213868983e-10,-9.42644213868983e-10
6.948,7.22949925351834e-08,-3.86637216427844e-09,-9.3961963021418e-10,-9.3961963021418e-10
6.949,7.20738041489127e-08,-3.8545650570882e-09,-9.36604754985592e-10,-9.36604754985592e-10
6.95,7.18532912287153e-08,-3.84279393208727e-09,-9.33599557008891e-10,-9.33599557008891e-10
6.951,7.1633451716099e-08,-3.83105867986976e-09,-9.30604005209881e-10,-9.30604005209881e-10
6.952,7.14142835588319e-08,-3.81935919136167e-09,-9.27618068614216e-10,-9.27618068614216e-10
6.953,7.11957847109209e-08,-3.80769535781974e-09,-9.24641716347024e-10,-9.24641716347024e-10
6.954,7.0977953132594e-08,-3.7960670708305e-09,-9.21674917632606e-10,-9.21674917632606e-10
6.955,7.07607867902819e-08,-3.78447422230936e-09,-9.1871764179415e-10,-9.1871764179415e-10
6.956,7.05442836565987e-08,-3.7729167044995e-09,-9.1576985825335e-10,-9.1576985825335e-10
6.957,7.03284417103227e-08,-3.76139440997092e-09,-9.12831536530159e-10,-9.12831536530159e-10
6.958,7.01132589363785e-08,-3.74990723161949e-09,-9.09902646242419e-10,-9.09902646242419e-10
6.959,6.98987333258181e-08,-3.73845506266592e-09,-9.06983157105577e-10,-9.06983157105577e-10
6.96,6.96848628758016e-08,-3.72703779665475e-09,-9.0407303893234e-10,-9.0407303893234e-10
6.961,6.947164558958e-08,-3.71565532745346e-09,-9.01172261632415e-10,-9.01172261632415e-10
6.962,6.9259079476476e-08,-3.70430754925142e-09,-8.98280795212156e-10,-8.98280795212156e-10
6.963,6.90471625518647e-08,-3.69299435655894e-09,-8.95398609774248e-10,-8.95398609774248e-10
6.964,6.88358928371573e-08,-3.68171564420628e-09,-8.92525675517429e-10,-8.92525675517429e-10
6.965,6.8625268359781e-08,-3.67047130734275e-09,-8.89661962736153e-10,-8.89661962736153e-10
6.966,6.84152871531616e-08,-3.65926124143565e-09,-8.86807441820308e-10,-8.86807441820308e-10
6.967,6.82059472567044e-08,-3.64808534226934e-09,-8.83962083254879e-10,-8.83962083254879e-10
6.968,6.79972467157783e-08,-3.63694350594435e-09,-8.81125857619681e-10,-8.81125857619681e-10
6.969,6.77891835816947e-08,-3.62583562887634e-09,-8.78298735589026e-10,-8.78298735589026e-10
6.97,6.75817559116914e-08,-3.61476160779515e-09,-8.75480687931397e-10,-8.75480687931397e-10
6.971,6.73749617689144e-08,-3.60372133974391e-09,-8.72671685509222e-10,-8.72671685509222e-10
6.972,6.71687992223996e-08,-3.59271472207806e-09,-8.69871699278494e-10,-8.69871699278494e-10
6.973,6.69632663470549e-08,-3.58174165246435e-09,-8.67080700288499e-10,-8.67080700288499e-10
6.974,6.67583612236429e-08,-3.57080202888001e-09,-8.64298659681541e-10,-8.64298659681541e-10
6.975,6.65540819387626e-08,-3.55989574961173e-09,-8.615255486926e-10,-8.615255486926e-10
6.976,6.63504265848318e-08,-3.54902271325473e-09,-8.58761338649058e-10,-8.58761338649058e-10
6.977,6.61473932600697e-08,-3.53818281871187e-09,-8.56006000970405e-10,-8.56006000970405e-10
6.978,6.59449800684793e-08,-3.52737596519266e-09,-8.53259507167923e-10,-8.53259507167923e-10
6.979,6.57431851198293e-08,-3.51660205221239e-09,-8.50521828844419e-10,-8.50521828844419e-10
6.98,6.55420065296372e-08,-3.50586097959116e-09,-8.47792937693913e-10,-8.47792937693913e-10
6.981,6.53414424191521e-08,-3.49515264745299e-09,-8.45072805501352e-10,-8.45072805501352e-10
6.982,6.51414909153362e-08,-3.48447695622489e-09,-8.423614041423e-10,-8.423614041423e-10
6.983,6.49421501508482e-08,-3.47383380663589e-09,-8.39658705582663e-10,-8.39658705582663e-10
6.984,6.47434182640269e-08,-3.46322309971628e-09,-8.36964681878408e-10,-8.36964681878408e-10
6.985,6.4545293398872e-08,-3.4526447367965e-09,-8.34279305175273e-10,-8.34279305175273e-10
6.986,6.43477737050281e-08,-3.44209861950636e-09,-8.31602547708424e-10,-8.31602547708424e-10
6.987,6.4150857337768e-08,-3.4315846497741e-09,-8.28934381802254e-10,-8.28934381802254e-10
6.988,6.39545424579748e-08,-3.42110272982552e-09,-8.26274779870042e-10,-8.26274779870042e-10
6.989,6.37588272321249e-08,-3.41065276218299e-09,-8.23623714413674e-10,-8.23623714413674e-10
6.99,6.35637098322715e-08,-3.40023464966465e-09,-8.20981158023349e-10,-8.20981158023349e-10
6.991,6.33691884360277e-08,-3.38984829538349e-09,-8.1834708337734e-10,-8.1834708337734e-10
6.992,6.31752612265488e-08,-3.3794936027464e-09,-8.15721463241666e-10,-8.15721463241666e-10
6.993,6.29819263925166e-08,-3.36917047545335e-09,-8.13104270469821e-10,-8.13104270469821e-10
6.994,6.2789182128122e-08,-3.3588788174965e-09,-8.10495478002504e-10,-8.10495478002504e-10
6.995,6.25970266330481e-08,-3.34861853315925e-09,-8.07895058867323e-10,-8.07895058867323e-10
6.996,6.24054581124541e-08,-3.33838952701543e-09,-8.0530298617853e-10,-8.0530298617853e-10
6.997,6.22144747769586e-08,-3.32819170392841e-09,-8.0271923313673e-10,-8.0271923313673e-10
6.998,6.20240748426225e-08,-3.31802496905018e-09,-8.00143773028621e-10,-8.00143773028621e-10
6.999,6.18342565309325e-08,-3.30788922782049e-09,-7.97576579226691e-10,-7.97576579226691e-10
7,6.16450180687862e-08,-3.29778438596606e-09,-7.95017625188984e-10,-7.95017625188984e-10
7.001,6.14563576884734e-08,-3.2877103494996e-09,-7.92466884458768e-10,-7.92466884458768e-10
7.002,6.1268273627661e-08,-3.27766702471897e-09,-7.8992433066431e-10,-7.8992433066431e-10
7.003,6.10807641293766e-08,-3.26765431820639e-09,-7.87389937518576e-10,-7.87389937518576e-10
7.004,6.08938274419924e-08,-3.25767213682752e-09,-7.84863678818983e-10,-7.84863678818983e-10
7.005,6.0707461819208e-08,-3.24772038773056e-09,-7.82345528447085e-10,-7.82345528447085e-10
7.006,6.05216655200356e-08,-3.2377989783455e-09,-7.79835460368364e-10,-7.79835460368364e-10
7.007,6.03364368087832e-08,-3.22790781638321e-09,-7.77333448631902e-10,-7.77333448631902e-10
7.008,6.01517739550379e-08,-3.21804680983456e-09,-7.74839467370139e-10,-7.74839467370139e-10
7.009,5.99676752336512e-08,-3.20821586696962e-09,-7.72353490798615e-10,-7.72353490798615e-10
7.01,5.97841389247222e-08,-3.19841489633682e-09,-7.69875493215684e-10,-7.69875493215684e-10
7.011,5.96011633135816e-08,-3.18864380676206e-09,-7.67405449002245e-10,-7.67405449002245e-10
7.012,5.94187466907763e-08,-3.17890250734792e-09,-7.64943332621509e-10,-7.64943332621509e-10
7.013,5.92368873520533e-08,-3.1691909074728e-09,-7.6248911861869e-10,-7.6248911861869e-10
7.014,5.9055583598344e-08,-3.15950891679008e-09,-7.6004278162077e-10,-7.6004278162077e-10
7.015,5.88748337357478e-08,-3.14985644522726e-09,-7.57604296336239e-10,-7.57604296336239e-10
7.016,5.86946360755183e-08,-3.14023340298526e-09,-7.55173637554812e-10,-7.55173637554812e-10
7.017,5.85149889340454e-08,-3.13063970053742e-09,-7.52750780147192e-10,-7.52750780147192e-10
7.018,5.83358906328407e-08,-3.12107524862875e-09,-7.50335699064776e-10,-7.50335699064776e-10
7.019,5.81573394985226e-08,-3.11153995827516e-09,-7.47928369339444e-10,-7.47928369339444e-10
7.02,5.79793338627997e-08,-3.10203374076257e-09,-7.45528766083253e-10,-7.45528766083253e-10
7.021,5.78018720624559e-08,-3.0925565076461e-09,-7.43136864488214e-10,-7.43136864488214e-10
7.022,5.76249524393351e-08,-3.08310817074928e-09,-7.40752639826011e-10,-7.40752639826011e-10
7.023,5.74485733403256e-08,-3.07368864216325e-09,-7.38376067447765e-10,-7.38376067447765e-10
7.024,5.72727331173445e-08,-3.0642978342459e-09,-7.36007122783755e-10,-7.36007122783755e-10
7.025,5.70974301273234e-08,-3.05493565962109e-09,-7.33645781343194e-10,-7.33645781343194e-10
7.026,5.69226627321924e-08,-3.04560203117787e-09,-7.31292018713951e-10,-7.31292018713951e-10
7.027,5.67484292988646e-08,-3.03629686206962e-09,-7.28945810562304e-10,-7.28945810562304e-10
7.028,5.65747281992221e-08,-3.02702006571331e-09,-7.26607132632691e-10,-7.26607132632691e-10
7.029,5.64015578101003e-08,-3.01777155578868e-09,-7.24275960747463e-10,-7.24275960747463e-10
7.03,5.62289165132725e-08,-3.00855124623742e-09,-7.2195227080663e-10,-7.2195227080663e-10
7.031,5.60568026954351e-08,-2.99935905126238e-09,-7.19636038787586e-10,-7.19636038787586e-10
7.032,5.5885214748194e-08,-2.99019488532686e-09,-7.17327240744929e-10,-7.17327240744929e-10
7.033,5.57141510680474e-08,-2.9810586631537e-09,-7.15025852810134e-10,-7.15025852810134e-10
7.034,5.55436100563723e-08,-2.97195029972456e-09,-7.12731851191344e-10,-7.12731851191344e-10
7.035,5.53735901194098e-08,-2.96286971027917e-09,-7.10445212173128e-10,-7.10445212173128e-10
7.036,5.52040896682502e-08,-2.95381681031448e-09,-7.08165912116241e-10,-7.08165912116241e-10
7.037,5.50351071188174e-08,-2.94479151558389e-09,-7.05893927457331e-10,-7.05893927457331e-10
7.038,5.48666408918555e-08,-2.93579374209652e-09,-7.03629234708765e-10,-7.03629234708765e-10
7.039,5.46986894129138e-08,-2.92682340611644e-09,-7.01371810458326e-10,-7.01371810458326e-10
7.04,5.45312511123313e-08,-2.91788042416179e-09,-6.99121631369006e-10,-6.99121631369006e-10
7.041,5.43643244252235e-08,-2.90896471300416e-09,-6.96878674178762e-10,-6.96878674178762e-10
7.042,5.41979077914672e-08,-2.90007618966772e-09,-6.94642915700243e-10,-6.94642915700243e-10
7.043,5.40319996556859e-08,-2.89121477142849e-09,-6.924143328206e-10,-6.924143328206e-10
7.044,5.38665984672358e-08,-2.88238037581358e-09,-6.90192902501197e-10,-6.90192902501197e-10
7.045,5.37017026801915e-08,-2.87357292060044e-09,-6.87978601777422e-10,-6.87978601777422e-10
7.046,5.35373107533311e-08,-2.86479232381606e-09,-6.85771407758399e-10,-6.85771407758399e-10
7.047,5.3373421150122e-08,-2.85603850373623e-09,-6.83571297626781e-10,-6.83571297626781e-10
7.048,5.3210032338708e-08,-2.84731137888486e-09,-6.81378248638527e-10,-6.81378248638527e-10
7.049,5.30471427918931e-08,-2.83861086803313e-09,-6.79192238122614e-10,-6.79192238122614e-10
7.05,5.28847509871285e-08,-2.82993689019875e-09,-6.77013243480862e-10,-6.77013243480862e-10
7.051,5.27228554064984e-08,-2.82128936464529e-09,-6.74841242187667e-10,-6.74841242187667e-10
7.052,5.25614545367061e-08,-2.81266821088139e-09,-6.72676211789774e-10,-6.72676211789774e-10
7.053,5.2400546869059e-08,-2.80407334865997e-09,-6.70518129906034e-10,-6.70518129906034e-10
7.054,5.2240130899456e-08,-2.79550469797759e-09,-6.6836697422721e-10,-6.6836697422721e-10
7.055,5.20802051283729e-08,-2.78696217907363e-09,-6.66222722515695e-10,-6.66222722515695e-10
7.056,5.19207680608478e-08,-2.77844571242959e-09,-6.64085352605313e-10,-6.64085352605313e-10
7.057,5.17618182064687e-08,-2.76995521876836e-09,-6.61954842401078e-10,-6.61954842401078e-10
7.058,5.16033540793589e-08,-2.76149061905348e-09,-6.59831169878985e-10,-6.59831169878985e-10
7.059,5.14453741981627e-08,-2.75305183448841e-09,-6.57714313085757e-10,-6.57714313085757e-10
7.06,5.12878770860324e-08,-2.74463878651578e-09,-6.55604250138622e-10,-6.55604250138622e-10
7.061,5.11308612706154e-08,-2.73625139681675e-09,-6.53500959225105e-10,-6.53500959225105e-10
7.062,5.09743252840384e-08,-2.72788958731019e-09,-6.51404418602776e-10,-6.51404418602776e-10
7.063,5.08182676628956e-08,-2.71955328015199e-09,-6.49314606599051e-10,-6.49314606599051e-10
7.064,5.06626869482344e-08,-2.7112423977344e-09,-6.47231501610939e-10,-6.47231501610939e-10
7.065,5.05075816855425e-08,-2.70295686268523e-09,-6.45155082104852e-10,-6.45155082104852e-10
7.066,5.03529504247333e-08,-2.69469659786717e-09,-6.4308532661635e-10,-6.4308532661635e-10
7.067,5.01987917201335e-08,-2.68646152637711e-09,-6.41022213749945e-10,-6.41022213749945e-10
7.068,5.00451041304694e-08,-2.6782515715454e-09,-6.3896572217885e-10,-6.3896572217885e-10
7.069,4.98918862188531e-08,-2.67006665693512e-09,-6.36915830644796e-10,-6.36915830644796e-10
7.07,4.973913655277e-08,-2.66190670634143e-09,-6.34872517957776e-10,-6.34872517957776e-10
7.071,4.95868537040649e-08,-2.65377164379084e-09,-6.32835762995857e-10,-6.32835762995857e-10
7.072,4.94350362489288e-08,-2.64566139354049e-09,-6.3080554470492e-10,-6.3080554470492e-10
7.073,4.9283682767886e-08,-2.63757588007749e-09,-6.28781842098495e-10,-6.28781842098495e-10
7.074,4.91327918457811e-08,-2.6295150281182e-09,-6.267646342575e-10,-6.267646342575e-10
7.075,4.89823620717651e-08,-2.62147876260754e-09,-6.24753900330048e-10,-6.24753900330048e-10
7.076,4.88323920392826e-08,-2.61346700871827e-09,-6.22749619531221e-10,-6.22749619531221e-10
7.077,4.868288034606e-08,-2.6054796918504e-09,-6.20751771142851e-10,-6.20751771142851e-10
7.078,4.85338255940906e-08,-2.59751673763037e-09,-6.18760334513325e-10,-6.18760334513325e-10
7.079,4.83852263896225e-08,-2.58957807191043e-09,-6.16775289057351e-10,-6.16775289057351e-10
7.08,4.82370813431462e-08,-2.58166362076798e-09,-6.14796614255747e-10,-6.14796614255747e-10
7.081,4.8089389069381e-08,-2.57377331050484e-09,-6.12824289655252e-10,-6.12824289655252e-10
7.082,4.79421481872622e-08,-2.5659070676466e-09,-6.10858294868268e-10,-6.10858294868268e-10
7.083,4.77953573199287e-08,-2.55806481894193e-09,-6.08898609572706e-10,-6.08898609572706e-10
7.084,4.76490150947101e-08,-2.55024649136191e-09,-6.0694521351173e-10,-6.0694521351173e-10
7.085,4.75031201431135e-08,-2.54245201209933e-09,-6.04998086493566e-10,-6.04998086493566e-10
7.086,4.73576711008115e-08,-2.53468130856808e-09,-6.03057208391295e-10,-6.03057208391295e-10
7.087,4.72126666076295e-08,-2.52693430840242e-09,-6.01122559142637e-10,-6.01122559142637e-10
7.088,4.70681053075322e-08,-2.51921093945634e-09,-5.99194118749741e-10,-5.99194118749741e-10
7.089,4.69239858486122e-08,-2.5115111298029e-09,-5.97271867278996e-10,-5.97271867278996e-10
7.09,4.6780306883077e-08,-2.50383480773354e-09,-5.95355784860815e-10,-5.95355784860815e-10
7.091,4.6637067067236e-08,-2.49618190175745e-09,-5.93445851689409e-10,-5.93445851689409e-10
7.092,4.64942650614887e-08,-2.48855234060088e-09,-5.91542048022605e-10,-5.91542048022605e-10
7.093,4.63518995303124e-08,-2.48094605320653e-09,-5.89644354181648e-10,-5.89644354181648e-10
7.094,4.62099691422492e-08,-2.47336296873282e-09,-5.87752750550986e-10,-5.87752750550986e-10
7.095,4.60684725698937e-08,-2.46580301655332e-09,-5.85867217578041e-10,-5.85867217578041e-10
7.096,4.59274084898815e-08,-2.45826612625603e-09,-5.83987735773062e-10,-5.83987735773062e-10
7.097,4.57867755828763e-08,-2.45075222764278e-09,-5.82114285708873e-10,-5.82114285708873e-10
7.098,4.56465725335571e-08,-2.44326125072855e-09,-5.80246848020708e-10,-5.80246848020708e-10
7.099,4.55067980306075e-08,-2.43579312574084e-09,-5.78385403405983e-10,-5.78385403405983e-10
7.1,4.53674507667024e-08,-2.42834778311902e-09,-5.76529932624112e-10,-5.76529932624112e-10
7.101,4.52285294384958e-08,-2.4209251535137e-09,-5.74680416496305e-10,-5.74680416496305e-10
7.102,4.50900327466095e-08,-2.41352516778607e-09,-5.72836835905368e-10,-5.72836835905368e-10
7.103,4.49519593956208e-08,-2.40614775700728e-09,-5.70999171795506e-10,-5.70999171795506e-10
7.104,4.48143080940497e-08,-2.39879285245778e-09,-5.69167405172116e-10,-5.69167405172116e-10
7.105,4.46770775543481e-08,-2.39146038562674e-09,-5.67341517101614e-10,-5.67341517101614e-10
7.106,4.45402664928873e-08,-2.38415028821136e-09,-5.65521488711216e-10,-5.65521488711216e-10
7.107,4.44038736299458e-08,-2.37686249211626e-09,-5.63707301188753e-10,-5.63707301188753e-10
7.108,4.42678976896978e-08,-2.36959692945283e-09,-5.61898935782468e-10,-5.61898935782468e-10
7.109,4.41323374002017e-08,-2.3623535325387e-09,-5.60096373800838e-10,-5.60096373800838e-10
7.11,4.39971914933876e-08,-2.35513223389696e-09,-5.58299596612373e-10,-5.58299596612373e-10
7.111,4.38624587050458e-08,-2.34793296625567e-09,-5.56508585645404e-10,-5.56508585645404e-10
7.112,4.37281377748154e-08,-2.34075566254716e-09,-5.5472332238792e-10,-5.5472332238792e-10
7.113,4.35942274461723e-08,-2.33360025590748e-09,-5.52943788387364e-10,-5.52943788387364e-10
7.114,4.34607264664173e-08,-2.32646667967571e-09,-5.51169965250441e-10,-5.51169965250441e-10
7.115,4.33276335866651e-08,-2.31935486739337e-09,-5.49401834642921e-10,-5.49401834642921e-10
7.116,4.31949475618326e-08,-2.31226475280387e-09,-5.47639378289474e-10,-5.47639378289474e-10
7.117,4.30626671506265e-08,-2.30519626985177e-09,-5.45882577973445e-10,-5.45882577973445e-10
7.118,4.2930791115533e-08,-2.2981493526823e-09,-5.44131415536692e-10,-5.44131415536692e-10
7.119,4.27993182228057e-08,-2.29112393564069e-09,-5.42385872879391e-10,-5.42385872879391e-10
7.12,4.26682472424539e-08,-2.28411995327154e-09,-5.40645931959848e-10,-5.40645931959848e-10
7.121,4.25375769482319e-08,-2.27713734031829e-09,-5.38911574794309e-10,-5.38911574794309e-10
7.122,4.24073061176271e-08,-2.27017603172253e-09,-5.37182783456775e-10,-5.37182783456775e-10
7.123,4.22774335318488e-08,-2.26323596262349e-09,-5.35459540078825e-10,-5.35459540078825e-10
7.124,4.21479579758166e-08,-2.25631706835734e-09,-5.33741826849411e-10,-5.33741826849411e-10
7.125,4.20188782381502e-08,-2.24941928445673e-09,-5.32029626014712e-10,-5.32029626014712e-10
7.126,4.18901931111568e-08,-2.24254254665003e-09,-5.30322919877899e-10,-5.30322919877899e-10
7.127,4.17619013908203e-08,-2.23568679086088e-09,-5.28621690798988e-10,-5.28621690798988e-10
7.128,4.1634001876791e-08,-2.2288519532075e-09,-5.26925921194654e-10,-5.26925921194654e-10
7.129,4.15064933723734e-08,-2.22203797000218e-09,-5.25235593538027e-10,-5.25235593538027e-10
7.13,4.13793746845154e-08,-2.21524477775061e-09,-5.23550690358538e-10,-5.23550690358538e-10
7.131,4.12526446237975e-08,-2.20847231315138e-09,-5.21871194241723e-10,-5.21871194241723e-10
7.132,4.11263020044218e-08,-2.20172051309532e-09,-5.20197087829044e-10,-5.20197087829044e-10
7.133,4.10003456442002e-08,-2.19498931466497e-09,-5.18528353817709e-10,-5.18528353817709e-10
7.134,4.08747743645446e-08,-2.18827865513395e-09,-5.16864974960506e-10,-5.16864974960506e-10
7.135,4.07495869904552e-08,-2.18158847196646e-09,-5.15206934065597e-10,-5.15206934065597e-10
7.136,4.06247823505096e-08,-2.1749187028166e-09,-5.13554213996376e-10,-5.13554213996376e-10
7.137,4.05003592768525e-08,-2.16826928552788e-09,-5.1190679767125e-10,-5.1190679767125e-10
7.138,4.03763166051843e-08,-2.16164015813262e-09,-5.10264668063499e-10,-5.10264668063499e-10
7.139,4.02526531747503e-08,-2.15503125885134e-09,-5.08627808201081e-10,-5.08627808201081e-10
7.14,4.01293678283303e-08,-2.14844252609223e-09,-5.06996201166462e-10,-5.06996201166462e-10
7.141,4.0006459412228e-08,-2.14187389845061e-09,-5.05369830096436e-10,-5.05369830096436e-10
7.142,3.98839267762594e-08,-2.13532531470829e-09,-5.03748678181957e-10,-5.03748678181957e-10
7.143,3.97617687737431e-08,-2.12879671383303e-09,-5.02132728667957e-10,-5.02132728667957e-10
7.144,3.96399842614891e-08,-2.12228803497803e-09,-5.00521964853181e-10,-5.00521964853181e-10
7.145,3.95185720997886e-08,-2.11579921748131e-09,-4.98916370090014e-10,-4.98916370090014e-10
7.146,3.93975311524028e-08,-2.10933020086513e-09,-4.97315927784295e-10,-4.97315927784295e-10
7.147,3.92768602865532e-08,-2.10288092483553e-09,-4.95720621395164e-10,-4.95720621395164e-10
7.148,3.91565583729104e-08,-2.09645132928167e-09,-4.94130434434877e-10,-4.94130434434877e-10
7.149,3.90366242855837e-08,-2.09004135427532e-09,-4.92545350468644e-10,-4.92545350468644e-10
7.15,3.89170569021111e-08,-2.08365094007031e-09,-4.90965353114455e-10,-4.90965353114455e-10
7.151,3.87978551034487e-08,-2.07728002710198e-09,-4.89390426042905e-10,-4.89390426042905e-10
7.152,3.86790177739598e-08,-2.07092855598659e-09,-4.87820552977039e-10,-4.87820552977039e-10
7.153,3.85605438014052e-08,-2.06459646752085e-09,-4.86255717692171e-10,-4.86255717692171e-10
7.154,3.84424320769328e-08,-2.0582837026813e-09,-4.8469590401572e-10,-4.8469590401572e-10
7.155,3.83246814950669e-08,-2.05199020262378e-09,-4.83141095827045e-10,-4.83141095827045e-10
7.156,3.8207290953698e-08,-2.04571590868291e-09,-4.81591277057265e-10,-4.81591277057265e-10
7.157,3.80902593540736e-08,-2.03946076237156e-09,-4.80046431689127e-10,-4.80046431689127e-10
7.158,3.79735856007864e-08,-2.03322470538025e-09,-4.78506543756791e-10,-4.78506543756791e-10
7.159,3.78572686017649e-08,-2.02700767957666e-09,-4.76971597345709e-10,-4.76971597345709e-10
7.16,3.77413072682637e-08,-2.02080962700509e-09,-4.75441576592434e-10,-4.75441576592434e-10
7.161,3.7625700514853e-08,-2.01463048988592e-09,-4.73916465684468e-10,-4.73916465684468e-10
7.162,3.75104472594079e-08,-2.00847021061505e-09,-4.72396248860086e-10,-4.72396248860086e-10
7.163,3.73955464230995e-08,-2.00232873176342e-09,-4.7088091040819e-10,-4.7088091040819e-10
7.164,3.72809969303844e-08,-1.99620599607643e-09,-4.69370434668133e-10,-4.69370434668133e-10
7.165,3.71667977089941e-08,-1.99010194647343e-09,-4.67864806029561e-10,-4.67864806029561e-10
7.166,3.7052947689926e-08,-1.98401652604721e-09,-4.66364008932253e-10,-4.66364008932253e-10
7.167,3.69394458074333e-08,-1.97794967806345e-09,-4.64868027865955e-10,-4.64868027865955e-10
7.168,3.68262909990144e-08,-1.97190134596021e-09,-4.63376847370228e-10,-4.63376847370228e-10
7.169,3.67134822054038e-08,-1.9658714733474e-09,-4.61890452034282e-10,-4.61890452034282e-10
7.17,3.6601018370562e-08,-1.95986000400626e-09,-4.60408826496817e-10,-4.60408826496817e-10
7.171,3.64888984416658e-08,-1.95386688188884e-09,-4.58931955445861e-10,-4.58931955445861e-10
7.172,3.63771213690979e-08,-1.94789205111749e-09,-4.57459823618622e-10,-4.57459823618622e-10
7.173,3.62656861064386e-08,-1.94193545598435e-09,-4.55992415801314e-10,-4.55992415801314e-10
7.174,3.61545916104545e-08,-1.93599704095081e-09,-4.54529716829013e-10,-4.54529716829013e-10
7.175,3.60438368410894e-08,-1.93007675064701e-09,-4.53071711585502e-10,-4.53071711585502e-10
7.176,3.59334207614552e-08,-1.92417452987135e-09,-4.516183850031e-10,-4.516183850031e-10
7.177,3.58233423378217e-08,-1.91829032358993e-09,-4.5016972206252e-10,-4.5016972206252e-10
7.178,3.57136005396068e-08,-1.9124240769361e-09,-4.4872570779269e-10,-4.4872570779269e-10
7.179,3.56041943393676e-08,-1.90657573520991e-09,-4.47286327270647e-10,-4.47286327270647e-10
7.18,3.54951227127905e-08,-1.90074524387762e-09,-4.45851565621325e-10,-4.45851565621325e-10
7.181,3.53863846386813e-08,-1.89493254857122e-09,-4.44421408017439e-10,-4.44421408017439e-10
7.182,3.52779790989565e-08,-1.88913759508786e-09,-4.42995839679319e-10,-4.42995839679319e-10
7.183,3.51699050786336e-08,-1.88336032938944e-09,-4.41574845874757e-10,-4.41574845874757e-10
7.184,3.50621615658211e-08,-1.87760069760203e-09,-4.40158411918854e-10,-4.40158411918854e-10
7.185,3.49547475517098e-08,-1.87185864601543e-09,-4.3874652317387e-10,-4.3874652317387e-10
7.186,3.48476620305633e-08,-1.86613412108263e-09,-4.37339165049071e-10,-4.37339165049071e-10
7.187,3.47409039997084e-08,-1.86042706941936e-09,-4.35936323000583e-10,-4.35936323000583e-10
7.188,3.46344724595259e-08,-1.85473743780354e-09,-4.34537982531238e-10,-4.34537982531238e-10
7.189,3.45283664134414e-08,-1.84906517317485e-09,-4.33144129190414e-10,-4.33144129190414e-10
7.19,3.44225848679162e-08,-1.84341022263421e-09,-4.31754748573908e-10,-4.31754748573908e-10
7.191,3.43171268324377e-08,-1.83777253344326e-09,-4.30369826323761e-10,-4.30369826323761e-10
7.192,3.42119913195103e-08,-1.83215205302395e-09,-4.28989348128134e-10,-4.28989348128134e-10
7.193,3.41071773446466e-08,-1.82654872895799e-09,-4.27613299721137e-10,-4.27613299721137e-10
7.194,3.40026839263578e-08,-1.82096250898636e-09,-4.26241666882702e-10,-4.26241666882702e-10
7.195,3.38985100861447e-08,-1.81539334100888e-09,-4.24874435438418e-10,-4.24874435438418e-10
7.196,3.3794654848489e-08,-1.80984117308371e-09,-4.23511591259402e-10,-4.23511591259402e-10
7.197,3.36911172408434e-08,-1.80430595342683e-09,-4.22153120262129e-10,-4.22153120262129e-10
7.198,3.35878962936236e-08,-1.79878763041161e-09,-4.20799008408319e-10,-4.20799008408319e-10
7.199,3.34849910401987e-08,-1.79328615256832e-09,-4.19449241704759e-10,-4.19449241704759e-10
7.2,3.3382400516882e-08,-1.78780146858364e-09,-4.18103806203175e-10,-4.18103806203175e-10
7.201,3.32801237629225e-08,-1.78233352730019e-09,-4.16762688000084e-10,-4.16762688000084e-10
7.202,3.31781598204962e-08,-1.77688227771608e-09,-4.15425873236661e-10,-4.15425873236661e-10
7.203,3.30765077346964e-08,-1.77144766898441e-09,-4.14093348098579e-10,-4.14093348098579e-10
7.204,3.29751665535255e-08,-1.76602965041281e-09,-4.12765098815866e-10,-4.12765098815866e-10
7.205,3.28741353278858e-08,-1.76062817146299e-09,-4.11441111662778e-10,-4.11441111662778e-10
7.206,3.27734131115711e-08,-1.75524318175023e-09,-4.10121372957652e-10,-4.10121372957652e-10
7.207,3.26729989612573e-08,-1.74987463104296e-09,-4.08805869062745e-10,-4.08805869062745e-10
7.208,3.25728919364942e-08,-1.74452246926226e-09,-4.07494586384126e-10,-4.07494586384126e-10
7.209,3.24730910996966e-08,-1.73918664648145e-09,-4.06187511371502e-10,-4.06187511371502e-10
7.21,3.23735955161353e-08,-1.73386711292555e-09,-4.04884630518106e-10,-4.04884630518106e-10
7.211,3.22744042539288e-08,-1.72856381897087e-09,-4.0358593036054e-10,-4.0358593036054e-10
7.212,3.21755163840347e-08,-1.72327671514458e-09,-4.0229139747864e-10,-4.0229139747864e-10
7.213,3.20769309802404e-08,-1.71800575212416e-09,-4.01001018495335e-10,-4.01001018495335e-10
7.214,3.19786471191554e-08,-1.71275088073704e-09,-3.99714780076517e-10,-3.99714780076517e-10
7.215,3.18806638802022e-08,-1.70751205196011e-09,-3.98432668930896e-10,-3.98432668930896e-10
7.216,3.17829803456078e-08,-1.70228921691924e-09,-3.97154671809857e-10,-3.97154671809857e-10
7.217,3.16855956003949e-08,-1.69708232688884e-09,-3.95880775507332e-10,-3.95880775507332e-10
7.218,3.15885087323744e-08,-1.69189133329148e-09,-3.94610966859668e-10,-3.94610966859668e-10
7.219,3.14917188321358e-08,-1.68671618769731e-09,-3.9334523274548e-10,-3.9334523274548e-10
7.22,3.13952249930393e-08,-1.68155684182373e-09,-3.92083560085508e-10,-3.92083560085508e-10
7.221,3.12990263112071e-08,-1.67641324753489e-09,-3.90825935842504e-10,-3.90825935842504e-10
7.222,3.12031218855157e-08,-1.67128535684125e-09,-3.89572347021087e-10,-3.89572347021087e-10
7.223,3.11075108175865e-08,-1.66617312189913e-09,-3.883227806676e-10,-3.883227806676e-10
7.224,3.10121922117781e-08,-1.66107649501028e-09,-3.87077223869981e-10,-3.87077223869981e-10
7.225,3.0917165175178e-08,-1.65599542862146e-09,-3.85835663757642e-10,-3.85835663757642e-10
7.226,3.08224288175941e-08,-1.65092987532395e-09,-3.84598087501317e-10,-3.84598087501317e-10
7.227,3.07279822515463e-08,-1.64587978785314e-09,-3.83364482312934e-10,-3.83364482312934e-10
7.228,3.06338245922589e-08,-1.64084511908811e-09,-3.82134835445495e-10,-3.82134835445495e-10
7.229,3.05399549576514e-08,-1.63582582205116e-09,-3.80909134192933e-10,-3.80909134192933e-10
7.23,3.0446372468331e-08,-1.6308218499074e-09,-3.79687365889972e-10,-3.79687365889972e-10
7.231,3.03530762475846e-08,-1.6258331559643e-09,-3.78469517912028e-10,-3.78469517912028e-10
7.232,3.02600654213698e-08,-1.62085969367128e-09,-3.7725557767503e-10,-3.7725557767503e-10
7.233,3.01673391183075e-08,-1.61590141661925e-09,-3.76045532635335e-10,-3.76045532635335e-10
7.234,3.00748964696738e-08,-1.61095827854022e-09,-3.74839370289578e-10,-3.74839370289578e-10
7.235,2.99827366093916e-08,-1.60603023330682e-09,-3.73637078174539e-10,-3.73637078174539e-10
7.236,2.98908586740224e-08,-1.60111723493194e-09,-3.7243864386702e-10,-3.7243864386702e-10
7.237,2.97992618027589e-08,-1.59621923756823e-09,-3.7124405498372e-10,-3.7124405498372e-10
7.238,2.97079451374168e-08,-1.59133619550774e-09,-3.70053299181101e-10,-3.70053299181101e-10
7.239,2.96169078224262e-08,-1.58646806318147e-09,-3.68866364155257e-10,-3.68866364155257e-10
7.24,2.95261490048244e-08,-1.58161479515894e-09,-3.67683237641795e-10,-3.67683237641795e-10
7.241,2.94356678342479e-08,-1.57677634614779e-09,-3.66503907415714e-10,-3.66503907415714e-10
7.242,2.9345463462924e-08,-1.57195267099334e-09,-3.6532836129125e-10,-3.6532836129125e-10
7.243,2.92555350456634e-08,-1.5671437246782e-09,-3.64156587121787e-10,-3.64156587121787e-10
7.244,2.91658817398523e-08,-1.56234946232183e-09,-3.62988572799705e-10,-3.62988572799705e-10
7.245,2.90765027054441e-08,-1.55756983918012e-09,-3.61824306256262e-10,-3.61824306256262e-10
7.246,2.89873971049522e-08,-1.552804810645e-09,-3.60663775461468e-10,-3.60663775461468e-10
7.247,2.8898564103442e-08,-1.54805433224404e-09,-3.59506968423971e-10,-3.59506968423971e-10
7.248,2.8810002868523e-08,-1.54331835963998e-09,-3.58353873190923e-10,-3.58353873190923e-10
7.249,2.87217125703411e-08,-1.53859684863035e-09,-3.57204477847855e-10,-3.57204477847855e-10
7.25,2.86336923815714e-08,-1.53388975514711e-09,-3.56058770518554e-10,-3.56058770518554e-10
7.251,2.85459414774094e-08,-1.52919703525617e-09,-3.54916739364947e-10,-3.54916739364947e-10
7.252,2.84584590355645e-08,-1.524518645157e-09,-3.53778372586973e-10,-3.53778372586973e-10
7.253,2.83712442362516e-08,-1.51985454118228e-09,-3.52643658422463e-10,-3.52643658422463e-10
7.254,2.82842962621841e-08,-1.5152046797974e-09,-3.51512585147015e-10,-3.51512585147015e-10
7.255,2.81976142985655e-08,-1.51056901760016e-09,-3.50385141073877e-10,-3.50385141073877e-10
7.256,2.81111975330827e-08,-1.50594751132029e-09,-3.49261314553825e-10,-3.49261314553825e-10
7.257,2.80250451558977e-08,-1.50134011781909e-09,-3.48141093975036e-10,-3.48141093975036e-10
7.258,2.79391563596406e-08,-1.49674679408902e-09,-3.47024467762979e-10,-3.47024467762979e-10
7.259,2.78535303394018e-08,-1.4921674972533e-09,-3.45911424380292e-10,-3.45911424380292e-10
7.26,2.77681662927248e-08,-1.48760218456552e-09,-3.44801952326657e-10,-3.44801952326657e-10
7.261,2.76830634195982e-08,-1.48305081340924e-09,-3.43696040138677e-10,-3.43696040138677e-10
7.262,2.7598220922449e-08,-1.47851334129759e-09,-3.42593676389774e-10,-3.42593676389774e-10
7.263,2.75136380061349e-08,-1.47398972587289e-09,-3.41494849690065e-10,-3.41494849690065e-10
7.264,2.74293138779362e-08,-1.46947992490627e-09,-3.40399548686225e-10,-3.40399548686225e-10
7.265,2.73452477475496e-08,-1.46498389629721e-09,-3.39307762061397e-10,-3.39307762061397e-10
7.266,2.72614388270804e-08,-1.46050159807326e-09,-3.38219478535065e-10,-3.38219478535065e-10
7.267,2.71778863310346e-08,-1.45603298838957e-09,-3.37134686862928e-10,-3.37134686862928e-10
7.268,2.70945894763123e-08,-1.4515780255285e-09,-3.3605337583679e-10,-3.3605337583679e-10
7.269,2.70115474822004e-08,-1.44713666789931e-09,-3.34975534284451e-10,-3.34975534284451e-10
7.27,2.69287595703651e-08,-1.4427088740377e-09,-3.33901151069578e-10,-3.33901151069578e-10
7.271,2.68462249648443e-08,-1.43829460260543e-09,-3.32830215091603e-10,-3.32830215091603e-10
7.272,2.67639428920414e-08,-1.43389381239001e-09,-3.31762715285608e-10,-3.31762715285608e-10
7.273,2.66819125807172e-08,-1.42950646230424e-09,-3.30698640622188e-10,-3.30698640622188e-10
7.274,2.66001332619829e-08,-1.42513251138584e-09,-3.29637980107366e-10,-3.29637980107366e-10
7.275,2.65186041692934e-08,-1.42077191879713e-09,-3.28580722782463e-10,-3.28580722782463e-10
7.276,2.64373245384397e-08,-1.41642464382459e-09,-3.27526857723988e-10,-3.27526857723988e-10
7.277,2.63562936075421e-08,-1.4120906458785e-09,-3.26476374043528e-10,-3.26476374043528e-10
7.278,2.62755106170427e-08,-1.40776988449259e-09,-3.25429260887626e-10,-3.25429260887626e-10
7.279,2.61949748096989e-08,-1.40346231932362e-09,-3.24385507437686e-10,-3.24385507437686e-10
7.28,2.61146854305761e-08,-1.39916791015105e-09,-3.23345102909841e-10,-3.23345102909841e-10
7.281,2.60346417270402e-08,-1.39488661687663e-09,-3.22308036554855e-10,-3.22308036554855e-10
7.282,2.59548429487518e-08,-1.39061839952409e-09,-3.21274297658007e-10,-3.21274297658007e-10
7.283,2.5875288347658e-08,-1.38636321823868e-09,-3.20243875538979e-10,-3.20243875538979e-10
7.284,2.57959771779858e-08,-1.38212103328688e-09,-3.19216759551751e-10,-3.19216759551751e-10
7.285,2.57169086962357e-08,-1.37789180505599e-09,-3.18192939084481e-10,-3.18192939084481e-10
7.286,2.56380821611743e-08,-1.37367549405379e-09,-3.17172403559412e-10,-3.17172403559412e-10
7.287,2.55594968338273e-08,-1.36947206090815e-09,-3.16155142432737e-10,-3.16155142432737e-10
7.288,2.54811519774729e-08,-1.36528146636666e-09,-3.15141145194513e-10,-3.15141145194513e-10
7.289,2.5403046857635e-08,-1.36110367129632e-09,-3.14130401368553e-10,-3.14130401368553e-10
7.29,2.53251807420761e-08,-1.35693863668312e-09,-3.13122900512288e-10,-3.13122900512288e-10
7.291,2.52475529007908e-08,-1.35278632363169e-09,-3.12118632216696e-10,-3.12118632216696e-10
7.292,2.51701626059987e-08,-1.34864669336497e-09,-3.1111758610617e-10,-3.1111758610617e-10
7.293,2.50930091321378e-08,-1.34451970722381e-09,-3.10119751838417e-10,-3.10119751838417e-10
7.294,2.50160917558577e-08,-1.34040532666666e-09,-3.09125119104365e-10,-3.09125119104365e-10
7.295,2.49394097560131e-08,-1.33630351326916e-09,-3.08133677628027e-10,-3.08133677628027e-10
7.296,2.48629624136568e-08,-1.33221422872384e-09,-3.07145417166424e-10,-3.07145417166424e-10
7.297,2.47867490120328e-08,-1.3281374348397e-09,-3.06160327509456e-10,-3.06160327509456e-10
7.298,2.47107688365707e-08,-1.32407309354193e-09,-3.05178398479818e-10,-3.05178398479818e-10
7.299,2.46350211748776e-08,-1.32002116687149e-09,-3.04199619932875e-10,-3.04199619932875e-10
7.3,2.45595053167323e-08,-1.3159816169848e-09,-3.03223981756569e-10,-3.03223981756569e-10
7.301,2.4484220554079e-08,-1.3119544061534e-09,-3.02251473871309e-10,-3.02251473871309e-10
7.302,2.44091661810199e-08,-1.30793949676355e-09,-3.01282086229869e-10,-3.01282086229869e-10
7.303,2.43343414938091e-08,-1.30393685131592e-09,-3.00315808817288e-10,-3.00315808817288e-10
7.304,2.4259745790846e-08,-1.29994643242524e-09,-2.99352631650754e-10,-2.99352631650754e-10
7.305,2.41853783726689e-08,-1.29596820281996e-09,-2.98392544779513e-10,-2.98392544779513e-10
7.306,2.41112385419481e-08,-1.29200212534187e-09,-2.97435538284767e-10,-2.97435538284767e-10
7.307,2.40373256034799e-08,-1.28804816294579e-09,-2.96481602279554e-10,-2.96481602279554e-10
7.308,2.39636388641798e-08,-1.28410627869922e-09,-2.95530726908669e-10,-2.95530726908669e-10
7.309,2.38901776330761e-08,-1.28017643578199e-09,-2.94582902348544e-10,-2.94582902348544e-10
7.31,2.38169412213037e-08,-1.27625859748593e-09,-2.93638118807159e-10,-2.93638118807159e-10
7.311,2.37439289420974e-08,-1.27235272721452e-09,-2.92696366523928e-10,-2.92696366523928e-10
7.312,2.36711401107856e-08,-1.26845878848255e-09,-2.91757635769613e-10,-2.91757635769613e-10
7.313,2.35985740447839e-08,-1.2645767449158e-09,-2.90821916846203e-10,-2.90821916846203e-10
7.314,2.35262300635892e-08,-1.26070656025069e-09,-2.8988920008684e-10,-2.8988920008684e-10
7.315,2.34541074887726e-08,-1.25684819833393e-09,-2.88959475855697e-10,-2.88959475855697e-10
7.316,2.33822056439735e-08,-1.25300162312222e-09,-2.88032734547886e-10,-2.88032734547886e-10
7.317,2.33105238548935e-08,-1.24916679868189e-09,-2.87108966589359e-10,-2.87108966589359e-10
7.318,2.323906144929e-08,-1.24534368918857e-09,-2.86188162436816e-10,-2.86188162436816e-10
7.319,2.31678177569693e-08,-1.24153225892686e-09,-2.85270312577586e-10,-2.85270312577586e-10
7.32,2.30967921097815e-08,-1.23773247229001e-09,-2.84355407529554e-10,-2.84355407529554e-10
7.321,2.30259838416135e-08,-1.23394429377959e-09,-2.8344343784104e-10,-2.8344343784104e-10
7.322,2.2955392288383e-08,-1.23016768800513e-09,-2.82534394090723e-10,-2.82534394090723e-10
7.323,2.28850167880323e-08,-1.22640261968384e-09,-2.81628266887519e-10,-2.81628266887519e-10
7.324,2.28148566805224e-08,-1.22264905364025e-09,-2.80725046870508e-10,-2.80725046870508e-10
7.325,2.27449113078265e-08,-1.21890695480588e-09,-2.79824724708825e-10,-2.79824724708825e-10
7.326,2.26751800139236e-08,-1.21517628821896e-09,-2.78927291101552e-10,-2.78927291101552e-10
7.327,2.26056621447937e-08,-1.21145701902405e-09,-2.78032736777652e-10,-2.78032736777652e-10
7.328,2.25363570484102e-08,-1.20774911247175e-09,-2.77141052495846e-10,-2.77141052495846e-10
7.329,2.24672640747344e-08,-1.20405253391836e-09,-2.76252229044526e-10,-2.76252229044526e-10
7.33,2.23983825757099e-08,-1.2003672488256e-09,-2.75366257241666e-10,-2.75366257241666e-10
7.331,2.23297119052561e-08,-1.19669322276024e-09,-2.74483127934716e-10,-2.74483127934716e-10
7.332,2.2261251419262e-08,-1.19303042139379e-09,-2.73602832000516e-10,-2.73602832000516e-10
7.333,2.21930004755807e-08,-1.18937881050221e-09,-2.72725360345198e-10,-2.72725360345198e-10
7.334,2.21249584340233e-08,-1.18573835596557e-09,-2.71850703904095e-10,-2.71850703904095e-10
7.335,2.20571246563525e-08,-1.18210902376776e-09,-2.70978853641636e-10,-2.70978853641636e-10
7.336,2.19894985062775e-08,-1.17849077999612e-09,-2.7010980055127e-10,-2.7010980055127e-10
7.337,2.19220793494473e-08,-1.17488359084119e-09,-2.6924353565536e-10,-2.6924353565536e-10
7.338,2.1854866553445e-08,-1.17128742259635e-09,-2.68380050005098e-10,-2.68380050005098e-10
7.339,2.17878594877823e-08,-1.16770224165755e-09,-2.67519334680399e-10,-2.67519334680399e-10
7.34,2.1721057523893e-08,-1.16412801452295e-09,-2.66661380789831e-10,-2.66661380789831e-10
7.341,2.16544600351279e-08,-1.16056470779265e-09,-2.658061794705e-10,-2.658061794705e-10
7.342,2.1588066396748e-08,-1.15701228816836e-09,-2.64953721887971e-10,-2.64953721887971e-10
7.343,2.15218759859199e-08,-1.15347072245309e-09,-2.64103999236181e-10,-2.64103999236181e-10
7.344,2.14558881817089e-08,-1.14993997755087e-09,-2.6325700273733e-10,-2.6325700273733e-10
7.345,2.13901023650738e-08,-1.1464200204664e-09,-2.62412723641804e-10,-2.62412723641804e-10
7.346,2.1324517918861e-08,-1.14291081830478e-09,-2.6157115322809e-10,-2.6157115322809e-10
7.347,2.12591342277989e-08,-1.1394123382712e-09,-2.60732282802669e-10,-2.60732282802669e-10
7.348,2.11939506784919e-08,-1.13592454767061e-09,-2.59896103699935e-10,-2.59896103699935e-10
7.349,2.11289666594147e-08,-1.13244741390745e-09,-2.59062607282107e-10,-2.59062607282107e-10
7.35,2.10641815609072e-08,-1.12898090448533e-09,-2.5823178493914e-10,-2.5823178493914e-10
7.351,2.09995947751679e-08,-1.12552498700674e-09,-2.57403628088628e-10,-2.57403628088628e-10
7.352,2.09352056962489e-08,-1.12207962917272e-09,-2.56578128175724e-10,-2.56578128175724e-10
7.353,2.08710137200503e-08,-1.11864479878263e-09,-2.55755276673046e-10,-2.55755276673046e-10
7.354,2.08070182443138e-08,-1.11522046373375e-09,-2.54935065080592e-10,-2.54935065080592e-10
7.355,2.07432186686182e-08,-1.11180659202107e-09,-2.5411748492565e-10,-2.5411748492565e-10
7.356,2.0679614394373e-08,-1.10840315173698e-09,-2.53302527762715e-10,-2.53302527762715e-10
7.357,2.06162048248132e-08,-1.10501011107091e-09,-2.52490185173393e-10,-2.52490185173393e-10
7.358,2.05529893649934e-08,-1.1016274383091e-09,-2.5168044876632e-10,-2.5168044876632e-10
7.359,2.04899674217829e-08,-1.09825510183432e-09,-2.50873310177075e-10,-2.50873310177075e-10
7.36,2.04271384038594e-08,-1.09489307012551e-09,-2.50068761068093e-10,-2.50068761068093e-10
7.361,2.0364501721704e-08,-1.09154131175751e-09,-2.49266793128578e-10,-2.49266793128578e-10
7.362,2.03020567875957e-08,-1.08819979540083e-09,-2.48467398074412e-10,-2.48467398074412e-10
7.363,2.02398030156057e-08,-1.08486848982127e-09,-2.47670567648086e-10,-2.47670567648086e-10
7.364,2.01777398215921e-08,-1.08154736387969e-09,-2.46876293618591e-10,-2.46876293618591e-10
7.365,2.01158666231943e-08,-1.0782363865317e-09,-2.4608456778135e-10,-2.4608456778135e-10
7.366,2.0054182839828e-08,-1.07493552682739e-09,-2.4529538195813e-10,-2.4529538195813e-10
7.367,1.99926878926792e-08,-1.07164475391099e-09,-2.44508727996953e-10,-2.44508727996953e-10
7.368,1.99313812046993e-08,-1.06836403702067e-09,-2.43724597772013e-10,-2.43724597772013e-10
7.369,1.98702622005994e-08,-1.06509334548819e-09,-2.42942983183597e-10,-2.42942983183597e-10
7.37,1.98093303068452e-08,-1.06183264873861e-09,-2.42163876157989e-10,-2.42163876157989e-10
7.371,1.97485849516515e-08,-1.05858191629007e-09,-2.41387268647409e-10,-2.41387268647409e-10
7.372,1.9688025564977e-08,-1.05534111775346e-09,-2.40613152629901e-10,-2.40613152629901e-10
7.373,1.96276515785188e-08,-1.05211022283212e-09,-2.39841520109273e-10,-2.39841520109273e-10
7.374,1.95674624257071e-08,-1.04888920132162e-09,-2.39072363114999e-10,-2.39072363114999e-10
7.375,1.95074575417005e-08,-1.04567802310942e-09,-2.38305673702152e-10,-2.38305673702152e-10
7.376,1.944763636338e-08,-1.04247665817463e-09,-2.37541443951307e-10,-2.37541443951307e-10
7.377,1.93879983293438e-08,-1.03928507658773e-09,-2.36779665968466e-10,-2.36779665968466e-10
7.378,1.93285428799029e-08,-1.03610324851025e-09,-2.36020331884977e-10,-2.36020331884977e-10
7.379,1.92692694570749e-08,-1.03293114419457e-09,-2.3526343385745e-10,-2.3526343385745e-10
7.38,1.92101775045793e-08,-1.02976873398355e-09,-2.34508964067675e-10,-2.34508964067675e-10
7.381,1.91512664678323e-08,-1.02661598831035e-09,-2.33756914722549e-10,-2.33756914722549e-10
7.382,1.90925357939416e-08,-1.02347287769807e-09,-2.33007278053981e-10,-2.33007278053981e-10
7.383,1.90339849317012e-08,-1.02033937275956e-09,-2.3226004631883e-10,-2.3226004631883e-10
7.384,1.89756133315861e-08,-1.01721544419706e-09,-2.31515211798808e-10,-2.31515211798808e-10
7.385,1.89174204457478e-08,-1.01410106280201e-09,-2.3077276680041e-10,-2.3077276680041e-10
7.386,1.88594057280083e-08,-1.01099619945473e-09,-2.30032703654825e-10,-2.30032703654825e-10
7.387,1.88015686338559e-08,-1.00790082512416e-09,-2.29295014717874e-10,-2.29295014717874e-10
7.388,1.87439086204396e-08,-1.0048149108676e-09,-2.28559692369913e-10,-2.28559692369913e-10
7.389,1.8686425146564e-08,-1.00173842783044e-09,-2.27826729015765e-10,-2.27826729015765e-10
7.39,1.86291176726845e-08,-9.98671347245855e-10,-2.27096117084633e-10,-2.27096117084633e-10
7.391,1.85719856609025e-08,-9.95613640434625e-10,-2.26367849030031e-10,-2.26367849030031e-10
7.392,1.85150285749597e-08,-9.9256527880478e-10,-2.25641917329702e-10,-2.25641917329702e-10
7.393,1.84582458802337e-08,-9.89526233851378e-10,-2.24918314485531e-10,-2.24918314485531e-10
7.394,1.84016370437328e-08,-9.86496477156237e-10,-2.24197033023489e-10,-2.24197033023489e-10
7.395,1.83452015340911e-08,-9.83475980387672e-10,-2.23478065493532e-10,-2.23478065493532e-10
7.396,1.82889388215634e-08,-9.80464715300216e-10,-2.22761404469542e-10,-2.22761404469542e-10
7.397,1.82328483780204e-08,-9.77462653734384e-10,-2.22047042549232e-10,-2.22047042549232e-10
7.398,1.81769296769441e-08,-9.74469767616396e-10,-2.21334972354097e-10,-2.21334972354097e-10
7.399,1.81211821934219e-08,-9.7148602895791e-10,-2.20625186529305e-10,-2.20625186529305e-10
7.4,1.8065605404143e-08,-9.68511409855785e-10,-2.19917677743645e-10,-2.19917677743645e-10
7.401,1.80101987873926e-08,-9.65545882491806e-10,-2.19212438689443e-10,-2.19212438689443e-10
7.402,1.79549618230473e-08,-9.62589419132422e-10,-2.18509462082481e-10,-2.18509462082481e-10
7.403,1.78998939925705e-08,-9.59641992128505e-10,-2.17808740661934e-10,-2.17808740661934e-10
7.404,1.78449947790072e-08,-9.56703573915086e-10,-2.17110267190282e-10,-2.17110267190282e-10
7.405,1.77902636669794e-08,-9.53774137011092e-10,-2.16414034453245e-10,-2.16414034453245e-10
7.406,1.77357001426812e-08,-9.50853654019097e-10,-2.157200352597e-10,-2.157200352597e-10
7.407,1.76813036938743e-08,-9.47942097625083e-10,-2.1502826244162e-10,-2.1502826244162e-10
7.408,1.76270738098826e-08,-9.45039440598157e-10,-2.14338708853979e-10,-2.14338708853979e-10
7.409,1.75730099815881e-08,-9.4214565579032e-10,-2.13651367374696e-10,-2.13651367374696e-10
7.41,1.75191117014259e-08,-9.39260716136211e-10,-2.12966230904556e-10,-2.12966230904556e-10
7.411,1.74653784633795e-08,-9.36384594652856e-10,-2.12283292367139e-10,-2.12283292367139e-10
7.412,1.74118097629758e-08,-9.33517264439408e-10,-2.11602544708732e-10,-2.11602544708732e-10
7.413,1.73584050972809e-08,-9.30658698676916e-10,-2.10923980898282e-10,-2.10923980898282e-10
7.414,1.73051639648952e-08,-9.27808870628064e-10,-2.102475939273e-10,-2.102475939273e-10
7.415,1.72520858659485e-08,-9.24967753636918e-10,-2.09573376809798e-10,-2.09573376809798e-10
7.416,1.71991703020956e-08,-9.22135321128697e-10,-2.08901322582217e-10,-2.08901322582217e-10
7.417,1.71464167765119e-08,-9.19311546609511e-10,-2.08231424303358e-10,-2.08231424303358e-10
7.418,1.7093824793888e-08,-9.16496403666116e-10,-2.07563675054303e-10,-2.07563675054303e-10
7.419,1.7041393860426e-08,-9.1368986596568e-10,-2.06898067938346e-10,-2.06898067938346e-10
7.42,1.69891234838341e-08,-9.10891907255532e-10,-2.06234596080923e-10,-2.06234596080923e-10
7.421,1.69370131733226e-08,-9.08102501362915e-10,-2.05573252629544e-10,-2.05573252629544e-10
7.422,1.6885062439599e-08,-9.05321622194742e-10,-2.04914030753709e-10,-2.04914030753709e-10
7.423,1.68332707948636e-08,-9.02549243737377e-10,-2.04256923644861e-10,-2.04256923644861e-10
7.424,1.6781637752805e-08,-8.99785340056357e-10,-2.03601924516289e-10,-2.03601924516289e-10
7.425,1.67301628285953e-08,-8.97029885296177e-10,-2.02949026603074e-10,-2.02949026603074e-10
7.426,1.66788455388857e-08,-8.94282853680046e-10,-2.02298223162019e-10,-2.02298223162019e-10
7.427,1.66276854018024e-08,-8.91544219509645e-10,-2.0164950747157e-10,-2.0164950747157e-10
7.428,1.65766819369414e-08,-8.88813957164885e-10,-2.01002872831755e-10,-2.01002872831755e-10
7.429,1.65258346653645e-08,-8.86092041103677e-10,-2.0035831256411e-10,-2.0035831256411e-10
7.43,1.64751431095948e-08,-8.83378445861694e-10,-1.99715820011617e-10,-1.99715820011617e-10
7.431,1.64246067936121e-08,-8.80673146052124e-10,-1.99075388538619e-10,-1.99075388538619e-10
7.432,1.63742252428485e-08,-8.77976116365453e-10,-1.98437011530771e-10,-1.98437011530771e-10
7.433,1.63239979841843e-08,-8.75287331569216e-10,-1.97800682394961e-10,-1.97800682394961e-10
7.434,1.62739245459429e-08,-8.72606766507764e-10,-1.97166394559238e-10,-1.97166394559238e-10
7.435,1.6224004457887e-08,-8.69934396102039e-10,-1.96534141472758e-10,-1.96534141472758e-10
7.436,1.61742372512143e-08,-8.67270195349338e-10,-1.95903916605703e-10,-1.95903916605703e-10
7.437,1.61246224585524e-08,-8.64614139323072e-10,-1.95275713449216e-10,-1.95275713449216e-10
7.438,1.6075159613955e-08,-8.61966203172543e-10,-1.94649525515339e-10,-1.94649525515339e-10
7.439,1.6025848252898e-08,-8.59326362122725e-10,-1.94025346336944e-10,-1.94025346336944e-10
7.44,1.59766879122739e-08,-8.5669459147401e-10,-1.9340316946766e-10,-1.9340316946766e-10
7.441,1.59276781303887e-08,-8.54070866601989e-10,-1.92782988481816e-10,-1.92782988481816e-10
7.442,1.58788184469571e-08,-8.51455162957236e-10,-1.92164796974367e-10,-1.92164796974367e-10
7.443,1.5830108403098e-08,-8.48847456065064e-10,-1.91548588560833e-10,-1.91548588560833e-10
7.444,1.57815475413306e-08,-8.46247721525302e-10,-1.90934356877226e-10,-1.90934356877226e-10
7.445,1.573313540557e-08,-8.43655935012072e-10,-1.9032209557999e-10,-1.9032209557999e-10
7.446,1.5684871541123e-08,-8.41072072273566e-10,-1.89711798345939e-10,-1.89711798345939e-10
7.447,1.56367554946837e-08,-8.38496109131808e-10,-1.89103458872179e-10,-1.89103458872179e-10
7.448,1.55887868143294e-08,-8.35928021482446e-10,-1.88497070876054e-10,-1.88497070876054e-10
7.449,1.55409650495166e-08,-8.33367785294519e-10,-1.8789262809508e-10,-1.8789262809508e-10
7.45,1.54932897510762e-08,-8.30815376610234e-10,-1.87290124286873e-10,-1.87290124286873e-10
7.451,1.54457604712098e-08,-8.28270771544743e-10,-1.8668955322909e-10,-1.8668955322909e-10
7.452,1.53983767634857e-08,-8.25733946285935e-10,-1.86090908719369e-10,-1.86090908719369e-10
7.453,1.53511381828342e-08,-8.23204877094193e-10,-1.85494184575249e-10,-1.85494184575249e-10
7.454,1.53040442855437e-08,-8.20683540302186e-10,-1.84899374634127e-10,-1.84899374634127e-10
7.455,1.52570946292566e-08,-8.18169912314655e-10,-1.84306472753175e-10,-1.84306472753175e-10
7.456,1.52102887729653e-08,-8.15663969608184e-10,-1.83715472809296e-10,-1.83715472809296e-10
7.457,1.51636262770077e-08,-8.13165688730982e-10,-1.83126368699039e-10,-1.83126368699039e-10
7.458,1.51171067030634e-08,-8.10675046302672e-10,-1.82539154338553e-10,-1.82539154338553e-10
7.459,1.50707296141499e-08,-8.08192019014072e-10,-1.81953823663517e-10,-1.81953823663517e-10
7.46,1.50244945746176e-08,-8.05716583626972e-10,-1.81370370629077e-10,-1.81370370629077e-10
7.461,1.49784011501467e-08,-8.03248716973928e-10,-1.80788789209784e-10,-1.80788789209784e-10
7.462,1.49324489077428e-08,-8.00788395958044e-10,-1.80209073399538e-10,-1.80209073399538e-10
7.463,1.48866374157326e-08,-7.98335597552751e-10,-1.79631217211511e-10,-1.79631217211511e-10
7.464,1.48409662437603e-08,-7.95890298801603e-10,-1.790552146781e-10,-1.790552146781e-10
7.465,1.47954349627835e-08,-7.93452476818062e-10,-1.78481059850862e-10,-1.78481059850862e-10
7.466,1.47500431450687e-08,-7.91022108785278e-10,-1.77908746800445e-10,-1.77908746800445e-10
7.467,1.47047903641881e-08,-7.8859917195588e-10,-1.77338269616531e-10,-1.77338269616531e-10
7.468,1.46596761950152e-08,-7.86183643651781e-10,-1.76769622407781e-10,-1.76769622407781e-10
7.469,1.46147002137207e-08,-7.83775501263942e-10,-1.76202799301767e-10,-1.76202799301767e-10
7.47,1.45698619977688e-08,-7.81374722252177e-10,-1.75637794444908e-10,-1.75637794444908e-10
7.471,1.45251611259133e-08,-7.78981284144942e-10,-1.75074602002419e-10,-1.75074602002419e-10
7.472,1.44805971781934e-08,-7.76595164539129e-10,-1.74513216158247e-10,-1.74513216158247e-10
7.473,1.44361697359301e-08,-7.74216341099848e-10,-1.73953631115006e-10,-1.73953631115006e-10
7.474,1.43918783817221e-08,-7.71844791560233e-10,-1.73395841093925e-10,-1.73395841093925e-10
7.475,1.43477226994418e-08,-7.69480493721226e-10,-1.72839840334782e-10,-1.72839840334782e-10
7.476,1.43037022742318e-08,-7.6712342545137e-10,-1.72285623095844e-10,-1.72285623095844e-10
7.477,1.42598166925007e-08,-7.64773564686614e-10,-1.71733183653813e-10,-1.71733183653813e-10
7.478,1.42160655419193e-08,-7.62430889430101e-10,-1.71182516303768e-10,-1.71182516303768e-10
7.479,1.4172448411417e-08,-7.60095377751957e-10,-1.70633615359094e-10,-1.70633615359094e-10
7.48,1.41289648911775e-08,-7.57767007789102e-10,-1.70086475151434e-10,-1.70086475151434e-10
7.481,1.40856145726355e-08,-7.55445757745042e-10,-1.69541090030632e-10,-1.69541090030632e-10
7.482,1.40423970484725e-08,-7.53131605889657e-10,-1.68997454364667e-10,-1.68997454364667e-10
7.483,1.39993119126131e-08,-7.50824530559007e-10,-1.68455562539593e-10,-1.68455562539593e-10
7.484,1.39563587602215e-08,-7.48524510155144e-10,-1.67915408959496e-10,-1.67915408959496e-10
7.485,1.39135371876973e-08,-7.46231523145884e-10,-1.67376988046416e-10,-1.67376988046416e-10
7.486,1.38708467926719e-08,-7.43945548064626e-10,-1.66840294240305e-10,-1.66840294240305e-10
7.487,1.38282871740048e-08,-7.41666563510149e-10,-1.66305321998961e-10,-1.66305321998961e-10
7.488,1.378585793178e-08,-7.39394548146417e-10,-1.65772065797979e-10,-1.65772065797979e-10
7.489,1.37435586673019e-08,-7.37129480702368e-10,-1.65240520130678e-10,-1.65240520130678e-10
7.49,1.37013889830917e-08,-7.3487133997173e-10,-1.64710679508063e-10,-1.64710679508063e-10
7.491,1.36593484828842e-08,-7.32620104812823e-10,-1.64182538458759e-10,-1.64182538458759e-10
7.492,1.36174367716232e-08,-7.30375754148351e-10,-1.6365609152895e-10,-1.6365609152895e-10
7.493,1.35756534554587e-08,-7.28138266965219e-10,-1.63131333282332e-10,-1.63131333282332e-10
7.494,1.35339981417424e-08,-7.25907622314335e-10,-1.6260825830005e-10,-1.6260825830005e-10
7.495,1.34924704390249e-08,-7.23683799310409e-10,-1.62086861180644e-10,-1.62086861180644e-10
7.496,1.34510699570513e-08,-7.21466777131767e-10,-1.61567136539996e-10,-1.61567136539996e-10
7.497,1.34097963067581e-08,-7.19256535020157e-10,-1.61049079011271e-10,-1.61049079011271e-10
7.498,1.33686491002692e-08,-7.1705305228055e-10,-1.60532683244861e-10,-1.60532683244861e-10
7.499,1.33276279508924e-08,-7.14856308280948e-10,-1.60017943908329e-10,-1.60017943908329e-10
7.5,1.3286732473116e-08,-7.12666282452209e-10,-1.59504855686362e-10,-1.59504855686362e-10
7.501,1.3245962282605e-08,-7.10482954287832e-10,-1.58993413280704e-10,-1.58993413280704e-10
7.502,1.32053169961972e-08,-7.08306303343781e-10,-1.58483611410109e-10,-1.58483611410109e-10
7.503,1.31647962319005e-08,-7.06136309238292e-10,-1.57975444810284e-10,-1.57975444810284e-10
7.504,1.31243996088886e-08,-7.03972951651689e-10,-1.57468908233837e-10,-1.57468908233837e-10
7.505,1.30841267474973e-08,-7.0181621032618e-10,-1.56963996450218e-10,-1.56963996450218e-10
7.506,1.30439772692219e-08,-6.99666065065688e-10,-1.56460704245669e-10,-1.56460704245669e-10
7.507,1.30039507967128e-08,-6.97522495735653e-10,-1.55959026423168e-10,-1.55959026423168e-10
7.508,1.29640469537722e-08,-6.95385482262841e-10,-1.55458957802377e-10,-1.55458957802377e-10
7.509,1.29242653653507e-08,-6.93255004635169e-10,-1.54960493219586e-10,-1.54960493219586e-10
7.51,1.2884605657544e-08,-6.91131042901515e-10,-1.54463627527663e-10,-1.54463627527663e-10
7.511,1.28450674575888e-08,-6.89013577171522e-10,-1.53968355595995e-10,-1.53968355595995e-10
7.512,1.28056503938599e-08,-6.86902587615433e-10,-1.53474672310445e-10,-1.53474672310445e-10
7.513,1.27663540958667e-08,-6.84798054463891e-10,-1.52982572573282e-10,-1.52982572573282e-10
7.514,1.27271781942491e-08,-6.82699958007761e-10,-1.52492051303154e-10,-1.52492051303154e-10
7.515,1.2688122320775e-08,-6.80608278597943e-10,-1.52003103435006e-10,-1.52003103435006e-10
7.516,1.26491861083361e-08,-6.78522996645206e-10,-1.51515723920051e-10,-1.51515723920051e-10
7.517,1.26103691909449e-08,-6.7644409261998e-10,-1.51029907725707e-10,-1.51029907725707e-10
7.518,1.25716712037312e-08,-6.74371547052192e-10,-1.50545649835545e-10,-1.50545649835545e-10
7.519,1.25330917829385e-08,-6.72305340531083e-10,-1.50062945249239e-10,-1.50062945249239e-10
7.52,1.24946305659209e-08,-6.70245453705028e-10,-1.49581788982518e-10,-1.49581788982518e-10
7.521,1.24562871911395e-08,-6.68191867281346e-10,-1.49102176067107e-10,-1.49102176067107e-10
7.522,1.24180612981591e-08,-6.66144562026137e-10,-1.4862410155068e-10,-1.4862410155068e-10
7.523,1.23799525276449e-08,-6.64103518764095e-10,-1.48147560496811e-10,-1.48147560496811e-10
7.524,1.23419605213591e-08,-6.62068718378323e-10,-1.47672547984913e-10,-1.47672547984913e-10
7.525,1.23040849221574e-08,-6.6004014181017e-10,-1.47199059110205e-10,-1.47199059110205e-10
7.526,1.2266325373986e-08,-6.58017770059047e-10,-1.46727088983642e-10,-1.46727088983642e-10
7.527,1.2228681521878e-08,-6.56001584182243e-10,-1.46256632731874e-10,-1.46256632731874e-10
7.528,1.21911530119501e-08,-6.53991565294764e-10,-1.45787685497196e-10,-1.45787685497196e-10
7.529,1.21537394913997e-08,-6.51987694569148e-10,-1.45320242437499e-10,-1.45320242437499e-10
7.53,1.21164406085009e-08,-6.49989953235289e-10,-1.44854298726213e-10,-1.44854298726213e-10
7.531,1.20792560126018e-08,-6.47998322580264e-10,-1.44389849552258e-10,-1.44389849552258e-10
7.532,1.20421853541211e-08,-6.46012783948173e-10,-1.43926890120011e-10,-1.43926890120011e-10
7.533,1.20052282845446e-08,-6.44033318739941e-10,-1.43465415649228e-10,-1.43465415649228e-10
7.534,1.19683844564222e-08,-6.42059908413161e-10,-1.43005421375019e-10,-1.43005421375019e-10
7.535,1.19316535233647e-08,-6.4009253448192e-10,-1.42546902547783e-10,-1.42546902547783e-10
7.536,1.18950351400403e-08,-6.38131178516628e-10,-1.4208985443317e-10,-1.4208985443317e-10
7.537,1.18585289621716e-08,-6.36175822143839e-10,-1.41634272312025e-10,-1.41634272312025e-10
7.538,1.18221346465322e-08,-6.34226447046091e-10,-1.4118015148034e-10,-1.4118015148034e-10
7.539,1.17858518509438e-08,-6.32283034961732e-10,-1.40727487249213e-10,-1.40727487249213e-10
7.54,1.17496802342727e-08,-6.3034556768474e-10,-1.40276274944783e-10,-1.40276274944783e-10
7.541,1.17136194564268e-08,-6.28414027064574e-10,-1.39826509908203e-10,-1.39826509908203e-10
7.542,1.16776691783524e-08,-6.26488395005991e-10,-1.3937818749557e-10,-1.3937818749557e-10
7.543,1.16418290620307e-08,-6.24568653468875e-10,-1.38931303077898e-10,-1.38931303077898e-10
7.544,1.16060987704753e-08,-6.22654784468085e-10,-1.38485852041051e-10,-1.38485852041051e-10
7.545,1.15704779677287e-08,-6.20746770073276e-10,-1.3804182978571e-10,-1.3804182978571e-10
7.546,1.1534966318859e-08,-6.18844592408732e-10,-1.37599231727316e-10,-1.37599231727316e-10
7.547,1.14995634899568e-08,-6.169482336532e-10,-1.37158053296027e-10,-1.37158053296027e-10
7.548,1.14642691481326e-08,-6.15057676039741e-10,-1.36718289936675e-10,-1.36718289936675e-10
7.549,1.14290829615131e-08,-6.13172901855538e-10,-1.36279937108706e-10,-1.36279937108706e-10
7.55,1.13940045992383e-08,-6.11293893441749e-10,-1.35842990286144e-10,-1.35842990286144e-10
7.551,1.13590337314586e-08,-6.0942063319334e-10,-1.35407444957542e-10,-1.35407444957542e-10
7.552,1.13241700293314e-08,-6.07553103558921e-10,-1.34973296625935e-10,-1.34973296625935e-10
7.553,1.12894131650182e-08,-6.05691287040577e-10,-1.34540540808789e-10,-1.34540540808789e-10
7.554,1.12547628116816e-08,-6.03835166193716e-10,-1.34109173037963e-10,-1.34109173037963e-10
7.555,1.12202186434821e-08,-6.01984723626902e-10,-1.33679188859656e-10,-1.33679188859656e-10
7.556,1.11857803355753e-08,-6.00139942001685e-10,-1.33250583834363e-10,-1.33250583834363e-10
7.557,1.11514475641084e-08,-5.98300804032455e-10,-1.3282335353683e-10,-1.3282335353683e-10
7.558,1.11172200062179e-08,-5.96467292486275e-10,-1.32397493556008e-10,-1.32397493556008e-10
7.559,1.10830973400257e-08,-5.94639390182712e-10,-1.31972999495008e-10,-1.31972999495008e-10
7.56,1.1049079244637e-08,-5.92817079993693e-10,-1.31549866971052e-10,-1.31549866971052e-10
7.561,1.10151654001366e-08,-5.91000344843336e-10,-1.31128091615432e-10,-1.31128091615432e-10
7.562,1.09813554875862e-08,-5.89189167707792e-10,-1.30707669073461e-10,-1.30707669073461e-10
7.563,1.09476491890215e-08,-5.87383531615085e-10,-1.30288595004432e-10,-1.30288595004432e-10
7.564,1.09140461874492e-08,-5.8558341964497e-10,-1.29870865081573e-10,-1.29870865081573e-10
7.565,1.08805461668438e-08,-5.83788814928749e-10,-1.29454474991995e-10,-1.29454474991995e-10
7.566,1.08471488121449e-08,-5.81999700649135e-10,-1.29039420436656e-10,-1.29039420436656e-10
7.567,1.08138538092543e-08,-5.8021606004009e-10,-1.28625697130315e-10,-1.28625697130315e-10
7.568,1.07806608450328e-08,-5.78437876386668e-10,-1.28213300801483e-10,-1.28213300801483e-10
7.569,1.07475696072975e-08,-5.76665133024857e-10,-1.27802227192384e-10,-1.27802227192384e-10
7.57,1.07145797848189e-08,-5.74897813341431e-10,-1.27392472058905e-10,-1.27392472058905e-10
7.571,1.06816910673177e-08,-5.73135900773791e-10,-1.26984031170562e-10,-1.26984031170562e-10
7.572,1.06489031454624e-08,-5.71379378809809e-10,-1.26576900310445e-10,-1.26576900310445e-10
7.573,1.0616215710866e-08,-5.6962823098768e-10,-1.26171075275182e-10,-1.26171075275182e-10
7.574,1.05836284560832e-08,-5.67882440895769e-10,-1.25766551874894e-10,-1.25766551874894e-10
7.575,1.05511410746076e-08,-5.66141992172451e-10,-1.25363325933146e-10,-1.25363325933146e-10
7.576,1.05187532608689e-08,-5.64406868505962e-10,-1.24961393286916e-10,-1.24961393286916e-10
7.577,1.048646471023e-08,-5.6267705363426e-10,-1.24560749786539e-10,-1.24560749786539e-10
7.578,1.04542751189839e-08,-5.60952531344853e-10,-1.24161391295671e-10,-1.24161391295671e-10
7.579,1.04221841843514e-08,-5.59233285474658e-10,-1.23763313691246e-10,-1.23763313691246e-10
7.58,1.03901916044777e-08,-5.57519299909859e-10,-1.23366512863429e-10,-1.23366512863429e-10
7.581,1.035829707843e-08,-5.55810558585743e-10,-1.22970984715584e-10,-1.22970984715584e-10
7.582,1.03265003061944e-08,-5.54107045486558e-10,-1.22576725164216e-10,-1.22576725164216e-10
7.583,1.02948009886735e-08,-5.52408744645365e-10,-1.22183730138941e-10,-1.22183730138941e-10
7.584,1.02631988276831e-08,-5.50715640143887e-10,-1.21791995582442e-10,-1.21791995582442e-10
7.585,1.02316935259497e-08,-5.4902771611236e-10,-1.21401517450421e-10,-1.21401517450421e-10
7.586,1.02002847871077e-08,-5.47344956729389e-10,-1.21012291711566e-10,-1.21012291711566e-10
7.587,1.01689723156968e-08,-5.456673462218e-10,-1.20624314347499e-10,-1.20624314347499e-10
7.588,1.01377558171586e-08,-5.43994868864489e-10,-1.20237581352746e-10,-1.20237581352746e-10
7.589,1.01066349978348e-08,-5.42327508980283e-10,-1.19852088734685e-10,-1.19852088734685e-10
7.59,1.00756095649638e-08,-5.40665250939789e-10,-1.19467832513513e-10,-1.19467832513513e-10
7.591,1.0044679226678e-08,-5.3900807916125e-10,-1.19084808722198e-10,-1.19084808722198e-10
7.592,1.00138436920013e-08,-5.37355978110398e-10,-1.18703013406442e-10,-1.18703013406442e-10
7.593,9.98310267084636e-09,-5.3570893230032e-10,-1.18322442624642e-10,-1.18322442624642e-10
7.594,9.95245587401173e-09,-5.34066926291298e-10,-1.17943092447844e-10,-1.17943092447844e-10
7.595,9.92190301317925e-09,-5.32429944690674e-10,-1.17564958959707e-10,-1.17564958959707e-10
7.596,9.8914438009114e-09,-5.30797972152712e-10,-1.17188038256456e-10,-1.17188038256456e-10
7.597,9.86107795064854e-09,-5.29170993378445e-10,-1.16812326446853e-10,-1.16812326446853e-10
7.598,9.83080517670623e-09,-5.27548993115538e-10,-1.16437819652143e-10,-1.16437819652143e-10
7.599,9.80062519427263e-09,-5.25931956158146e-10,-1.16064514006024e-10,-1.16064514006024e-10
7.6,9.77053771940581e-09,-5.24319867346775e-10,-1.15692405654606e-10,-1.15692405654606e-10
7.601,9.74054246903104e-09,-5.22712711568133e-10,-1.15321490756365e-10,-1.15321490756365e-10
7.602,9.71063916093824e-09,-5.21110473754998e-10,-1.1495176548211e-10,-1.1495176548211e-10
7.603,9.68082751377931e-09,-5.19513138886076e-10,-1.14583226014939e-10,-1.14583226014939e-10
7.604,9.65110724706543e-09,-5.17920691985855e-10,-1.142158685502e-10,-1.142158685502e-10
7.605,9.62147808116458e-09,-5.16333118124476e-10,-1.13849689295456e-10,-1.13849689295456e-10
7.606,9.59193973729885e-09,-5.14750402417589e-10,-1.13484684470441e-10,-1.13484684470441e-10
7.607,9.56249193754177e-09,-5.13172530026209e-10,-1.13120850307024e-10,-1.13120850307024e-10
7.608,9.5331344048158e-09,-5.11599486156584e-10,-1.12758183049166e-10,-1.12758183049166e-10
7.609,9.50386686288984e-09,-5.10031256060067e-10,-1.12396678952885e-10,-1.12396678952885e-10
7.61,9.47468903637641e-09,-5.08467825032959e-10,-1.12036334286216e-10,-1.12036334286216e-10
7.611,9.44560065072921e-09,-5.06909178416381e-10,-1.11677145329172e-10,-1.11677145329172e-10
7.612,9.41660143224063e-09,-5.05355301596146e-10,-1.11319108373707e-10,-1.11319108373707e-10
7.613,9.38769110803909e-09,-5.03806180002612e-10,-1.10962219723676e-10,-1.10962219723676e-10
7.614,9.35886940608644e-09,-5.02261799110548e-10,-1.10606475694797e-10,-1.10606475694797e-10
7.615,9.33013605517559e-09,-5.00722144439007e-10,-1.10251872614615e-10,-1.10251872614615e-10
7.616,9.30149078492787e-09,-4.99187201551181e-10,-1.09898406822463e-10,-1.09898406822463e-10
7.617,9.27293332579043e-09,-4.97656956054273e-10,-1.09546074669417e-10,-1.09546074669417e-10
7.618,9.2444634090339e-09,-4.9613139359936e-10,-1.09194872518272e-10,-1.09194872518272e-10
7.619,9.2160807667498e-09,-4.94610499881264e-10,-1.08844796743496e-10,-1.08844796743496e-10
7.62,9.18778513184792e-09,-4.93094260638413e-10,-1.08495843731191e-10,-1.08495843731191e-10
7.621,9.15957623805403e-09,-4.91582661652713e-10,-1.08148009879059e-10,-1.08148009879059e-10
7.622,9.13145381990729e-09,-4.90075688749414e-10,-1.07801291596368e-10,-1.07801291596368e-10
7.623,9.10341761275772e-09,-4.88573327796978e-10,-1.07455685303906e-10,-1.07455685303906e-10
7.624,9.07546735276376e-09,-4.87075564706944e-10,-1.0711118743395e-10,-1.0711118743395e-10
7.625,9.04760277688998e-09,-4.8558238543381e-10,-1.0676779443023e-10,-1.0676779443023e-10
7.626,9.01982362290431e-09,-4.84093775974885e-10,-1.06425502747888e-10,-1.06425502747888e-10
7.627,8.99212962937579e-09,-4.82609722370168e-10,-1.06084308853448e-10,-1.06084308853448e-10
7.628,8.96452053567215e-09,-4.8113021070222e-10,-1.05744209224769e-10,-1.05744209224769e-10
7.629,8.93699608195728e-09,-4.79655227096031e-10,-1.05405200351018e-10,-1.05405200351018e-10
7.63,8.90955600918879e-09,-4.78184757718888e-10,-1.05067278732632e-10,-1.05067278732632e-10
7.631,8.88220005911571e-09,-4.76718788780254e-10,-1.04730440881277e-10,-1.04730440881277e-10
7.632,8.85492797427598e-09,-4.75257306531634e-10,-1.04394683319817e-10,-1.04394683319817e-10
7.633,8.82773949799403e-09,-4.73800297266448e-10,-1.04060002582278e-10,-1.04060002582278e-10
7.634,8.80063437437848e-09,-4.72347747319905e-10,-1.03726395213804e-10,-1.03726395213804e-10
7.635,8.77361234831967e-09,-4.70899643068875e-10,-1.03393857770635e-10,-1.03393857770635e-10
7.636,8.74667316548726e-09,-4.69455970931762e-10,-1.03062386820059e-10,-1.03062386820059e-10
7.637,8.71981657232794e-09,-4.68016717368377e-10,-1.02731978940385e-10,-1.02731978940385e-10
7.638,8.69304231606303e-09,-4.66581868879816e-10,-1.02402630720903e-10,-1.02402630720903e-10
7.639,8.66635014468602e-09,-4.65151412008329e-10,-1.02074338761849e-10,-1.02074338761849e-10
7.64,8.63973980696033e-09,-4.63725333337195e-10,-1.01747099674371e-10,-1.01747099674371e-10
7.641,8.61321105241701e-09,-4.62303619490606e-10,-1.01420910080496e-10,-1.01420910080496e-10
7.642,8.5867636313522e-09,-4.60886257133531e-10,-1.01095766613089e-10,-1.01095766613089e-10
7.643,8.56039729482496e-09,-4.59473232971596e-10,-1.00771665915826e-10,-1.00771665915826e-10
7.644,8.53411179465493e-09,-4.58064533750963e-10,-1.00448604643152e-10,-1.00448604643152e-10
7.645,8.50790688341996e-09,-4.56660146258209e-10,-1.00126579460252e-10,-1.00126579460252e-10
7.646,8.48178231445378e-09,-4.5526005732019e-10,-9.98055870430137e-11,-9.98055870430137e-11
7.647,8.4557378418438e-09,-4.53864253803935e-10,-9.94856240779938e-11,-9.94856240779938e-11
7.648,8.42977322042872e-09,-4.52472722616515e-10,-9.91666872623818e-11,-9.91666872623818e-11
7.649,8.40388820579623e-09,-4.51085450704917e-10,-9.88487733039699e-11,-9.88487733039699e-11
7.65,8.3780825542808e-09,-4.49702425055934e-10,-9.85318789211168e-11,-9.85318789211168e-11
7.651,8.3523560229614e-09,-4.48323632696037e-10,-9.82160008427122e-11,-9.82160008427122e-11
7.652,8.32670836965909e-09,-4.46949060691252e-10,-9.79011358081452e-11,-9.79011358081452e-11
7.653,8.30113935293496e-09,-4.45578696147043e-10,-9.75872805672707e-11,-9.75872805672707e-11
7.654,8.27564873208775e-09,-4.44212526208198e-10,-9.7274431880374e-11,-9.7274431880374e-11
7.655,8.25023626715159e-09,-4.42850538058694e-10,-9.69625865181389e-11,-9.69625865181389e-11
7.656,8.22490171889378e-09,-4.41492718921592e-10,-9.66517412616129e-11,-9.66517412616129e-11
7.657,8.19964484881269e-09,-4.40139056058915e-10,-9.63418929021773e-11,-9.63418929021773e-11
7.658,8.17446541913529e-09,-4.38789536771523e-10,-9.60330382415071e-11,-9.60330382415071e-11
7.659,8.14936319281506e-09,-4.37444148399001e-10,-9.57251740915457e-11,-9.57251740915457e-11
7.66,8.1243379335298e-09,-4.36102878319539e-10,-9.54182972744671e-11,-9.54182972744671e-11
7.661,8.09938940567939e-09,-4.34765713949818e-10,-9.51124046226464e-11,-9.51124046226464e-11
7.662,8.07451737438352e-09,-4.33432642744885e-10,-9.48074929786222e-11,-9.48074929786222e-11
7.663,8.04972160547962e-09,-4.32103652198045e-10,-9.45035591950695e-11,-9.45035591950695e-11
7.664,8.0250018655206e-09,-4.30778729840741e-10,-9.42006001347632e-11,-9.42006001347632e-11
7.665,8.00035792177262e-09,-4.29457863242433e-10,-9.38986126705469e-11,-9.38986126705469e-11
7.666,7.97578954221302e-09,-4.28141040010492e-10,-9.3597593685303e-11,-9.3597593685303e-11
7.667,7.95129649552813e-09,-4.26828247790078e-10,-9.3297540071915e-11,-9.3297540071915e-11
7.668,7.92687855111099e-09,-4.25519474264027e-10,-9.29984487332398e-11,-9.29984487332398e-11
7.669,7.90253547905936e-09,-4.24214707152734e-10,-9.27003165820749e-11,-9.27003165820749e-11
7.67,7.87826705017349e-09,-4.22913934214046e-10,-9.24031405411276e-11,-9.24031405411276e-11
7.671,7.85407303595397e-09,-4.21617143243137e-10,-9.21069175429786e-11,-9.21069175429786e-11
7.672,7.82995320859953e-09,-4.20324322072402e-10,-9.18116445300536e-11,-9.18116445300536e-11
7.673,7.80590734100518e-09,-4.19035458571345e-10,-9.15173184545935e-11,-9.15173184545935e-11
7.674,7.78193520675971e-09,-4.1775054064646e-10,-9.12239362786189e-11,-9.12239362786189e-11
7.675,7.75803658014383e-09,-4.16469556241122e-10,-9.09314949739028e-11,-9.09314949739028e-11
7.676,7.734211236128e-09,-4.15192493335474e-10,-9.06399915219343e-11,-9.06399915219343e-11
7.677,7.71045895037034e-09,-4.13919339946318e-10,-9.03494229138931e-11,-9.03494229138931e-11
7.678,7.68677949921442e-09,-4.12650084126997e-10,-9.0059786150613e-11,-9.0059786150613e-11
7.679,7.66317265968734e-09,-4.11384713967291e-10,-8.97710782425543e-11,-8.97710782425543e-11
7.68,7.63963820949756e-09,-4.10123217593302e-10,-8.94832962097734e-11,-8.94832962097734e-11
7.681,7.61617592703276e-09,-4.08865583167343e-10,-8.9196437081887e-11,-8.9196437081887e-11
7.682,7.59278559135791e-09,-4.07611798887829e-10,-8.89104978980493e-11,-8.89104978980493e-11
7.683,7.56946698221312e-09,-4.0636185298917e-10,-8.86254757069145e-11,-8.86254757069145e-11
7.684,7.54621988001151e-09,-4.05115733741655e-10,-8.83413675666082e-11,-8.83413675666082e-11
7.685,7.52304406583734e-09,-4.03873429451349e-10,-8.80581705446994e-11,-8.80581705446994e-11
7.686,7.49993932144382e-09,-4.02634928459982e-10,-8.77758817181688e-11,-8.77758817181688e-11
7.687,7.4769054292511e-09,-4.01400219144839e-10,-8.74944981733762e-11,-8.74944981733762e-11
7.688,7.45394217234421e-09,-4.0016928991865e-10,-8.72140170060337e-11,-8.72140170060337e-11
7.689,7.4310493344712e-09,-3.98942129229492e-10,-8.69344353211746e-11,-8.69344353211746e-11
7.69,7.40822670004085e-09,-3.97718725560669e-10,-8.66557502331223e-11,-8.66557502331223e-11
7.691,7.38547405412082e-09,-3.96499067430611e-10,-8.63779588654613e-11,-8.63779588654613e-11
7.692,7.36279118243567e-09,-3.95283143392767e-10,-8.61010583510089e-11,-8.61010583510089e-11
7.693,7.34017787136476e-09,-3.940709420355e-10,-8.58250458317835e-11,-8.58250458317835e-11
7.694,7.31763390794027e-09,-3.92862451981974e-10,-8.55499184589754e-11,-8.55499184589754e-11
7.695,7.29515907984527e-09,-3.91657661890057e-10,-8.52756733929181e-11,-8.52756733929181e-11
7.696,7.27275317541169e-09,-3.90456560452209e-10,-8.50023078030593e-11,-8.50023078030593e-11
7.697,7.25041598361829e-09,-3.89259136395378e-10,-8.4729818867931e-11,-8.4729818867931e-11
7.698,7.22814729408882e-09,-3.88065378480897e-10,-8.44582037751173e-11,-8.44582037751173e-11
7.699,7.20594689708996e-09,-3.86875275504379e-10,-8.41874597212324e-11,-8.41874597212324e-11
7.7,7.18381458352932e-09,-3.85688816295609e-10,-8.39175839118842e-11,-8.39175839118842e-11
7.701,7.16175014495356e-09,-3.84505989718444e-10,-8.3648573561651e-11,-8.3648573561651e-11
7.702,7.13975337354649e-09,-3.83326784670711e-10,-8.33804258940506e-11,-8.33804258940506e-11
7.703,7.11782406212698e-09,-3.82151190084098e-10,-8.31131381415093e-11,-8.31131381415093e-11
7.704,7.09596200414711e-09,-3.80979194924051e-10,-8.28467075453362e-11,-8.28467075453362e-11
7.705,7.07416699369024e-09,-3.79810788189679e-10,-8.25811313556963e-11,-8.25811313556963e-11
7.706,7.05243882546912e-09,-3.78645958913646e-10,-8.23164068315766e-11,-8.23164068315766e-11
7.707,7.03077729482381e-09,-3.77484696162064e-10,-8.20525312407614e-11,-8.20525312407614e-11
7.708,7.00918219771999e-09,-3.76326989034402e-10,-8.17895018598046e-11,-8.17895018598046e-11
7.709,6.98765333074691e-09,-3.75172826663378e-10,-8.15273159740018e-11,-8.15273159740018e-11
7.71,6.96619049111548e-09,-3.74022198214857e-10,-8.12659708773567e-11,-8.12659708773567e-11
7.711,6.94479347665644e-09,-3.72875092887753e-10,-8.10054638725601e-11,-8.10054638725601e-11
7.712,6.92346208581848e-09,-3.71731499913928e-10,-8.07457922709597e-11,-8.07457922709597e-11
7.713,6.90219611766623e-09,-3.70591408558089e-10,-8.0486953392531e-11,-8.0486953392531e-11
7.714,6.88099537187855e-09,-3.69454808117693e-10,-8.02289445658501e-11,-8.02289445658501e-11
7.715,6.85985964874656e-09,-3.68321687922842e-10,-7.99717631280679e-11,-7.99717631280679e-11
7.716,6.83878874917175e-09,-3.67192037336188e-10,-7.97154064248785e-11,-7.97154064248785e-11
7.717,6.81778247466413e-09,-3.66065845752827e-10,-7.9459871810497e-11,-7.9459871810497e-11
7.718,6.79684062734054e-09,-3.64943102600213e-10,-7.92051566476286e-11,-7.92051566476286e-11
7.719,6.77596300992252e-09,-3.63823797338047e-10,-7.89512583074419e-11,-7.89512583074419e-11
7.72,6.75514942573461e-09,-3.62707919458182e-10,-7.86981741695425e-11,-7.86981741695425e-11
7.721,6.73439967870259e-09,-3.6159545848453e-10,-7.84459016219455e-11,-7.84459016219455e-11
7.722,6.7137135733515e-09,-3.60486403972962e-10,-7.81944380610486e-11,-7.81944380610486e-11
7.723,6.69309091480385e-09,-3.59380745511205e-10,-7.79437808916045e-11,-7.79437808916045e-11
7.724,6.67253150877788e-09,-3.58278472718753e-10,-7.76939275266951e-11,-7.76939275266951e-11
7.725,6.65203516158566e-09,-3.57179575246769e-10,-7.74448753877053e-11,-7.74448753877053e-11
7.726,6.63160168013126e-09,-3.56084042777981e-10,-7.71966219042938e-11,-7.71966219042938e-11
7.727,6.61123087190903e-09,-3.54991865026598e-10,-7.69491645143686e-11,-7.69491645143686e-11
7.728,6.59092254500176e-09,-3.53903031738205e-10,-7.67025006640613e-11,-7.67025006640613e-11
7.729,6.57067650807881e-09,-3.52817532689668e-10,-7.64566278076972e-11,-7.64566278076972e-11
7.73,6.55049257039447e-09,-3.51735357689045e-10,-7.62115434077727e-11,-7.62115434077727e-11
7.731,6.53037054178606e-09,-3.50656496575486e-10,-7.59672449349279e-11,-7.59672449349279e-11
7.732,6.51031023267217e-09,-3.49580939219138e-10,-7.57237298679188e-11,-7.57237298679188e-11
7.733,6.49031145405088e-09,-3.48508675521052e-10,-7.54809956935941e-11,-7.54809956935941e-11
7.734,6.47037401749814e-09,-3.47439695413093e-10,-7.5239039906867e-11,-7.5239039906867e-11
7.735,6.45049773516573e-09,-3.46373988857838e-10,-7.49978600106891e-11,-7.49978600106891e-11
7.736,6.43068241977971e-09,-3.45311545848488e-10,-7.47574535160274e-11,-7.47574535160274e-11
7.737,6.41092788463863e-09,-3.44252356408774e-10,-7.45178179418353e-11,-7.45178179418353e-11
7.738,6.39123394361178e-09,-3.43196410592864e-10,-7.42789508150293e-11,-7.42789508150293e-11
7.739,6.37160041113737e-09,-3.42143698485267e-10,-7.40408496704609e-11,-7.40408496704609e-11
7.74,6.35202710222091e-09,-3.41094210200748e-10,-7.38035120508951e-11,-7.38035120508951e-11
7.741,6.33251383243343e-09,-3.4004793588423e-10,-7.35669355069801e-11,-7.35669355069801e-11
7.742,6.31306041790972e-09,-3.39004865710699e-10,-7.33311175972275e-11,-7.33311175972275e-11
7.743,6.29366667534666e-09,-3.37964989885125e-10,-7.30960558879796e-11,-7.30960558879796e-11
7.744,6.2743324220015e-09,-3.36928298642357e-10,-7.28617479533941e-11,-7.28617479533941e-11
7.745,6.25505747569011e-09,-3.3589478224704e-10,-7.26281913754086e-11,-7.26281913754086e-11
7.746,6.23584165478533e-09,-3.34864430993521e-10,-7.23953837437247e-11,-7.23953837437247e-11
7.747,6.21668477821523e-09,-3.33837235205763e-10,-7.21633226557765e-11,-7.21633226557765e-11
7.748,6.19758666546144e-09,-3.32813185237247e-10,-7.19320057167085e-11,-7.19320057167085e-11
7.749,6.1785471365574e-09,-3.31792271470887e-10,-7.1701430539352e-11,-7.1701430539352e-11
7.75,6.15956601208684e-09,-3.30774484318946e-10,-7.14715947441978e-11,-7.14715947441978e-11
7.751,6.14064311318189e-09,-3.29759814222934e-10,-7.12424959593743e-11,-7.12424959593743e-11
7.752,6.12177826152151e-09,-3.28748251653529e-10,-7.10141318206189e-11,-7.10141318206189e-11
7.753,6.10297127932986e-09,-3.27739787110483e-10,-7.07864999712588e-11,-7.07864999712588e-11
7.754,6.08422198937459e-09,-3.26734411122539e-10,-7.05595980621831e-11,-7.05595980621831e-11
7.755,6.06553021496514e-09,-3.25732114247333e-10,-7.03334237518208e-11,-7.03334237518208e-11
7.756,6.04689577995118e-09,-3.24732887071319e-10,-7.01079747061123e-11,-7.01079747061123e-11
7.757,6.02831850872091e-09,-3.2373672020967e-10,-6.98832485984905e-11,-6.98832485984905e-11
7.758,6.00979822619937e-09,-3.22743604306195e-10,-6.96592431098544e-11,-6.96592431098544e-11
7.759,5.99133475784689e-09,-3.21753530033253e-10,-6.9435955928545e-11,-6.9435955928545e-11
7.76,5.97292792965745e-09,-3.20766488091665e-10,-6.9213384750321e-11,-6.9213384750321e-11
7.761,5.95457756815695e-09,-3.19782469210627e-10,-6.89915272783361e-11,-6.89915272783361e-11
7.762,5.93628350040171e-09,-3.18801464147622e-10,-6.87703812231156e-11,-6.87703812231156e-11
7.763,5.91804555397678e-09,-3.17823463688339e-10,-6.85499443025302e-11,-6.85499443025302e-11
7.764,5.89986355699435e-09,-3.16848458646581e-10,-6.83302142417766e-11,-6.83302142417766e-11
7.765,5.8817373380921e-09,-3.15876439864181e-10,-6.8111188773348e-11,-6.8111188773348e-11
7.766,5.86366672643172e-09,-3.14907398210923e-10,-6.78928656370181e-11,-6.78928656370181e-11
7.767,5.84565155169715e-09,-3.13941324584447e-10,-6.76752425798115e-11,-6.76752425798115e-11
7.768,5.82769164409306e-09,-3.12978209910168e-10,-6.7458317355983e-11,-6.7458317355983e-11
7.769,5.8097868343433e-09,-3.12018045141198e-10,-6.72420877269948e-11,-6.72420877269948e-11
7.77,5.79193695368928e-09,-3.11060821258251e-10,-6.70265514614921e-11,-6.70265514614921e-11
7.771,5.77414183388834e-09,-3.10106529269564e-10,-6.6811706335281e-11,-6.6811706335281e-11
7.772,5.75640130721226e-09,-3.09155160210817e-10,-6.65975501313056e-11,-6.65975501313056e-11
7.773,5.73871520644566e-09,-3.08206705145042e-10,-6.63840806396235e-11,-6.63840806396235e-11
7.774,5.7210833648844e-09,-3.07261155162543e-10,-6.61712956573853e-11,-6.61712956573853e-11
7.775,5.70350561633406e-09,-3.06318501380815e-10,-6.59591929888095e-11,-6.59591929888095e-11
7.776,5.68598179510841e-09,-3.05378734944461e-10,-6.57477704451612e-11,-6.57477704451612e-11
7.777,5.66851173602775e-09,-3.04441847025102e-10,-6.55370258447305e-11,-6.55370258447305e-11
7.778,5.65109527441749e-09,-3.03507828821306e-10,-6.53269570128075e-11,-6.53269570128075e-11
7.779,5.63373224610655e-09,-3.025766715585e-10,-6.51175617816616e-11,-6.51175617816616e-11
7.78,5.61642248742582e-09,-3.01648366488886e-10,-6.49088379905166e-11,-6.49088379905166e-11
7.781,5.59916583520659e-09,-3.00722904891362e-10,-6.47007834855341e-11,-6.47007834855341e-11
7.782,5.58196212677919e-09,-2.99800278071446e-10,-6.44933961197833e-11,-6.44933961197833e-11
7.783,5.56481119997124e-09,-2.98880477361185e-10,-6.42866737532256e-11,-6.42866737532256e-11
7.784,5.54771289310625e-09,-2.97963494119078e-10,-6.40806142526882e-11,-6.40806142526882e-11
7.785,5.53066704500213e-09,-2.97049319730001e-10,-6.38752154918452e-11,-6.38752154918452e-11
7.786,5.51367349496965e-09,-2.96137945605121e-10,-6.36704753511938e-11,-6.36704753511938e-11
7.787,5.49673208281089e-09,-2.95229363181813e-10,-6.34663917180308e-11,-6.34663917180308e-11
7.788,5.47984264881782e-09,-2.94323563923589e-10,-6.32629624864352e-11,-6.32629624864352e-11
7.789,5.46300503377078e-09,-2.93420539320013e-10,-6.30601855572423e-11,-6.30601855572423e-11
7.79,5.44621907893692e-09,-2.92520280886619e-10,-6.28580588380234e-11,-6.28580588380234e-11
7.791,5.42948462606881e-09,-2.91622780164839e-10,-6.26565802430663e-11,-6.26565802430663e-11
7.792,5.41280151740296e-09,-2.9072802872192e-10,-6.24557476933499e-11,-6.24557476933499e-11
7.793,5.3961695956582e-09,-2.89836018150842e-10,-6.22555591165246e-11,-6.22555591165246e-11
7.794,5.37958870403441e-09,-2.88946740070248e-10,-6.20560124468922e-11,-6.20560124468922e-11
7.795,5.36305868621091e-09,-2.88060186124358e-10,-6.18571056253819e-11,-6.18571056253819e-11
7.796,5.34657938634505e-09,-2.87176347982897e-10,-6.16588365995318e-11,-6.16588365995318e-11
7.797,5.3301506490707e-09,-2.86295217341011e-10,-6.14612033234652e-11,-6.14612033234652e-11
7.798,5.31377231949692e-09,-2.85416785919199e-10,-6.12642037578707e-11,-6.12642037578707e-11
7.799,5.29744424320636e-09,-2.84541045463223e-10,-6.10678358699819e-11,-6.10678358699819e-11
7.8,5.28116626625389e-09,-2.83667987744043e-10,-6.08720976335538e-11,-6.08720976335538e-11
7.801,5.26493823516516e-09,-2.82797604557733e-10,-6.06769870288447e-11,-6.06769870288447e-11
7.802,5.24875999693517e-09,-2.8192988772541e-10,-6.04825020425936e-11,-6.04825020425936e-11
7.803,5.23263139902678e-09,-2.81064829093149e-10,-6.02886406679994e-11,-6.02886406679994e-11
7.804,5.21655228936935e-09,-2.80202420531917e-10,-6.00954009047023e-11,-6.00954009047023e-11
7.805,5.2005225163573e-09,-2.79342653937494e-10,-5.99027807587607e-11,-5.99027807587607e-11
7.806,5.18454192884864e-09,-2.7848552123039e-10,-5.97107782426308e-11,-5.97107782426308e-11
7.807,5.16861037616361e-09,-2.77631014355781e-10,-5.9519391375147e-11,-5.9519391375147e-11
7.808,5.15272770808328e-09,-2.76779125283428e-10,-5.93286181815016e-11,-5.93286181815016e-11
7.809,5.13689377484807e-09,-2.759298460076e-10,-5.91384566932235e-11,-5.91384566932235e-11
7.81,5.12110842715642e-09,-2.75083168547005e-10,-5.89489049481576e-11,-5.89489049481576e-11
7.811,5.1053715161634e-09,-2.74239084944714e-10,-5.87599609904474e-11,-5.87599609904474e-11
7.812,5.0896828934792e-09,-2.73397587268081e-10,-5.85716228705094e-11,-5.85716228705094e-11
7.813,5.07404241116787e-09,-2.72558667608675e-10,-5.83838886450181e-11,-5.83838886450181e-11
7.814,5.05844992174592e-09,-2.71722318082209e-10,-5.81967563768841e-11,-5.81967563768841e-11
7.815,5.04290527818086e-09,-2.70888530828458e-10,-5.80102241352325e-11,-5.80102241352325e-11
7.816,5.02740833388987e-09,-2.70057298011189e-10,-5.78242899953858e-11,-5.78242899953858e-11
7.817,5.01195894273844e-09,-2.69228611818093e-10,-5.76389520388415e-11,-5.76389520388415e-11
7.818,4.99655695903902e-09,-2.68402464460705e-10,-5.7454208353254e-11,-5.7454208353254e-11
7.819,4.98120223754956e-09,-2.67578848174335e-10,-5.72700570324133e-11,-5.72700570324133e-11
7.82,4.96589463347226e-09,-2.66757755217996e-10,-5.70864961762277e-11,-5.70864961762277e-11
7.821,4.95063400245217e-09,-2.6593917787433e-10,-5.69035238907018e-11,-5.69035238907018e-11
7.822,4.93542020057581e-09,-2.65123108449536e-10,-5.67211382879168e-11,-5.67211382879168e-11
7.823,4.92025308436986e-09,-2.64309539273301e-10,-5.65393374860133e-11,-5.65393374860133e-11
7.824,4.90513251079984e-09,-2.63498462698724e-10,-5.63581196091703e-11,-5.63581196091703e-11
7.825,4.89005833726868e-09,-2.6268987110225e-10,-5.61774827875857e-11,-5.61774827875857e-11
7.826,4.87503042161543e-09,-2.61883756883592e-10,-5.5997425157457e-11,-5.5997425157457e-11
7.827,4.86004862211405e-09,-2.61080112465669e-10,-5.58179448609627e-11,-5.58179448609627e-11
7.828,4.84511279747186e-09,-2.60278930294527e-10,-5.5639040046244e-11,-5.5639040046244e-11
7.829,4.83022280682835e-09,-2.59480202839273e-10,-5.54607088673817e-11,-5.54607088673817e-11
7.83,4.81537850975386e-09,-2.58683922592005e-10,-5.52829494843819e-11,-5.52829494843819e-11
7.831,4.80057976624828e-09,-2.57890082067739e-10,-5.51057600631544e-11,-5.51057600631544e-11
7.832,4.7858264367396e-09,-2.57098673804341e-10,-5.4929138775494e-11,-5.4929138775494e-11
7.833,4.77111838208281e-09,-2.56309690362458e-10,-5.47530837990622e-11,-5.47530837990622e-11
7.834,4.75645546355845e-09,-2.55523124325448e-10,-5.45775933173686e-11,-5.45775933173686e-11
7.835,4.74183754287133e-09,-2.54738968299311e-10,-5.440266551975e-11,-5.440266551975e-11
7.836,4.7272644821493e-09,-2.53957214912618e-10,-5.42282986013542e-11,-5.42282986013542e-11
7.837,4.7127361439419e-09,-2.53177856816446e-10,-5.40544907631212e-11,-5.40544907631212e-11
7.838,4.69825239121907e-09,-2.52400886684306e-10,-5.38812402117617e-11,-5.38812402117617e-11
7.839,4.68381308736992e-09,-2.51626297212077e-10,-5.37085451597431e-11,-5.37085451597431e-11
7.84,4.6694180962014e-09,-2.50854081117938e-10,-5.35364038252671e-11,-5.35364038252671e-11
7.841,4.65506728193704e-09,-2.50084231142296e-10,-5.33648144322534e-11,-5.33648144322534e-11
7.842,4.64076050921565e-09,-2.49316740047721e-10,-5.31937752103202e-11,-5.31937752103202e-11
7.843,4.62649764309016e-09,-2.48551600618884e-10,-5.30232843947674e-11,-5.30232843947674e-11
7.844,4.6122785490262e-09,-2.4778880566248e-10,-5.28533402265562e-11,-5.28533402265562e-11
7.845,4.59810309290093e-09,-2.47028348007165e-10,-5.26839409522928e-11,-5.26839409522928e-11
7.846,4.5839711410018e-09,-2.46270220503492e-10,-5.25150848242101e-11,-5.25150848242101e-11
7.847,4.56988256002525e-09,-2.4551441602384e-10,-5.23467701001484e-11,-5.23467701001484e-11
7.848,4.55583721707547e-09,-2.44760927462349e-10,-5.21789950435385e-11,-5.21789950435385e-11
7.849,4.54183497966319e-09,-2.44009747734855e-10,-5.20117579233832e-11,-5.20117579233832e-11
7.85,4.52787571570438e-09,-2.43260869778823e-10,-5.184505701424e-11,-5.184505701424e-11
7.851,4.51395929351907e-09,-2.42514286553279e-10,-5.16788905962034e-11,-5.16788905962034e-11
7.852,4.50008558183008e-09,-2.41769991038747e-10,-5.15132569548849e-11,-5.15132569548849e-11
7.853,4.48625444976182e-09,-2.41027976237186e-10,-5.13481543813988e-11,-5.13481543813988e-11
7.854,4.472465766839e-09,-2.40288235171915e-10,-5.11835811723414e-11,-5.11835811723414e-11
7.855,4.45871940298551e-09,-2.39550760887559e-10,-5.10195356297758e-11,-5.10195356297758e-11
7.856,4.44501522852312e-09,-2.38815546449979e-10,-5.08560160612131e-11,-5.08560160612131e-11
7.857,4.43135311417029e-09,-2.38082584946206e-10,-5.06930207795949e-11,-5.06930207795949e-11
7.858,4.41773293104093e-09,-2.37351869484379e-10,-5.05305481032757e-11,-5.05305481032757e-11
7.859,4.4041545506433e-09,-2.36623393193681e-10,-5.03685963560071e-11,-5.03685963560071e-11
7.86,4.39061784487865e-09,-2.35897149224272e-10,-5.02071638669179e-11,-5.02071638669179e-11
7.861,4.37712268604011e-09,-2.35173130747227e-10,-5.00462489704985e-11,-5.00462489704985e-11
7.862,4.36366894681152e-09,-2.34451330954473e-10,-4.98858500065852e-11,-4.98858500065852e-11
7.863,4.35025650026618e-09,-2.33731743058726e-10,-4.97259653203388e-11,-4.97259653203388e-11
7.864,4.33688521986565e-09,-2.33014360293421e-10,-4.95665932622309e-11,-4.95665932622309e-11
7.865,4.32355497945864e-09,-2.3229917591266e-10,-4.94077321880271e-11,-4.94077321880271e-11
7.866,4.31026565327975e-09,-2.31586183191141e-10,-4.92493804587669e-11,-4.92493804587669e-11
7.867,4.29701711594831e-09,-2.30875375424095e-10,-4.90915364407501e-11,-4.90915364407501e-11
7.868,4.28380924246726e-09,-2.3016674592723e-10,-4.8934198505518e-11,-4.8934198505518e-11
7.869,4.27064190822193e-09,-2.29460288036661e-10,-4.87773650298373e-11,-4.87773650298373e-11
7.87,4.25751498897883e-09,-2.28755995108853e-10,-4.86210343956827e-11,-4.86210343956827e-11
7.871,4.24442836088459e-09,-2.28053860520556e-10,-4.84652049902204e-11,-4.84652049902204e-11
7.872,4.23138190046473e-09,-2.27353877668747e-10,-4.8309875205793e-11,-4.8309875205793e-11
7.873,4.2183754846225e-09,-2.26656039970562e-10,-4.81550434399001e-11,-4.81550434399001e-11
7.874,4.20540899063774e-09,-2.25960340863239e-10,-4.80007080951833e-11,-4.80007080951833e-11
7.875,4.19248229616579e-09,-2.25266773804061e-10,-4.78468675794114e-11,-4.78468675794114e-11
7.876,4.17959527923623e-09,-2.24575332270283e-10,-4.7693520305459e-11,-4.7693520305459e-11
7.877,4.1667478182518e-09,-2.23886009759083e-10,-4.75406646912958e-11,-4.75406646912958e-11
7.878,4.15393979198727e-09,-2.23198799787494e-10,-4.73882991599665e-11,-4.73882991599665e-11
7.879,4.14117107958831e-09,-2.22513695892348e-10,-4.7236422139576e-11,-4.7236422139576e-11
7.88,4.12844156057028e-09,-2.21830691630211e-10,-4.70850320632729e-11,-4.70850320632729e-11
7.881,4.11575111481721e-09,-2.21149780577327e-10,-4.69341273692329e-11,-4.69341273692329e-11
7.882,4.10309962258061e-09,-2.20470956329556e-10,-4.67837065006433e-11,-4.67837065006433e-11
7.883,4.09048696447833e-09,-2.19794212502316e-10,-4.66337679056868e-11,-4.66337679056868e-11
7.884,4.07791302149351e-09,-2.1911954273052e-10,-4.64843100375244e-11,-4.64843100375244e-11
7.885,4.06537767497342e-09,-2.1844694066852e-10,-4.6335331354282e-11,-4.6335331354282e-11
7.886,4.05288080662831e-09,-2.17776399990046e-10,-4.61868303190299e-11,-4.61868303190299e-11
7.887,4.04042229853039e-09,-2.17107914388148e-10,-4.60388053997732e-11,-4.60388053997732e-11
7.888,4.02800203311269e-09,-2.16441477575136e-10,-4.58912550694303e-11,-4.58912550694303e-11
7.889,4.0156198931679e-09,-2.15777083282521e-10,-4.57441778058204e-11,-4.57441778058204e-11
7.89,4.00327576184733e-09,-2.15114725260958e-10,-4.55975720916458e-11,-4.55975720916458e-11
7.891,3.99096952265985e-09,-2.14454397280189e-10,-4.54514364144784e-11,-4.54514364144784e-11
7.892,3.97870105947071e-09,-2.1379609312898e-10,-4.53057692667419e-11,-4.53057692667419e-11
7.893,3.96647025650049e-09,-2.13139806615065e-10,-4.51605691456977e-11,-4.51605691456977e-11
7.894,3.95427699832403e-09,-2.12485531565093e-10,-4.5015834553428e-11,-4.5015834553428e-11
7.895,3.94212116986937e-09,-2.11833261824563e-10,-4.48715639968226e-11,-4.48715639968226e-11
7.896,3.93000265641658e-09,-2.11182991257771e-10,-4.47277559875616e-11,-4.47277559875616e-11
7.897,3.91792134359677e-09,-2.10534713747751e-10,-4.45844090420993e-11,-4.45844090420993e-11
7.898,3.905877117391e-09,-2.0988842319622e-10,-4.4441521681651e-11,-4.4441521681651e-11
7.899,3.89386986412919e-09,-2.09244113523518e-10,-4.42990924321772e-11,-4.42990924321772e-11
7.9,3.88189947048907e-09,-2.08601778668554e-10,-4.41571198243672e-11,-4.41571198243672e-11
7.901,3.86996582349512e-09,-2.07961412588748e-10,-4.4015602393625e-11,-4.4015602393625e-11
7.902,3.85806881051748e-09,-2.07323009259972e-10,-4.38745386800534e-11,-4.38745386800534e-11
7.903,3.84620831927095e-09,-2.06686562676502e-10,-4.37339272284393e-11,-4.37339272284393e-11
7.904,3.83438423781391e-09,-2.06052066850951e-10,-4.35937665882399e-11,-4.35937665882399e-11
7.905,3.82259645454724e-09,-2.05419515814223e-10,-4.34540553135652e-11,-4.34540553135652e-11
7.906,3.81084485821329e-09,-2.04788903615449e-10,-4.33147919631645e-11,-4.33147919631645e-11
7.907,3.79912933789493e-09,-2.04160224321938e-10,-4.31759751004123e-11,-4.31759751004123e-11
7.908,3.78744978301433e-09,-2.03533472019118e-10,-4.30376032932915e-11,-4.30376032932915e-11
7.909,3.77580608333207e-09,-2.02908640810481e-10,-4.28996751143803e-11,-4.28996751143803e-11
7.91,3.76419812894606e-09,-2.02285724817529e-10,-4.27621891408367e-11,-4.27621891408367e-11
7.911,3.75262581029052e-09,-2.0166471817972e-10,-4.26251439543836e-11,-4.26251439543836e-11
7.912,3.74108901813489e-09,-2.01045615054409e-10,-4.24885381412948e-11,-4.24885381412948e-11
7.913,3.7295876435829e-09,-2.00428409616799e-10,-4.23523702923802e-11,-4.23523702923802e-11
7.914,3.71812157807153e-09,-1.99813096059884e-10,-4.22166390029705e-11,-4.22166390029705e-11
7.915,3.70669071336989e-09,-1.99199668594392e-10,-4.20813428729032e-11,-4.20813428729032e-11
7.916,3.69529494157835e-09,-1.98588121448736e-10,-4.1946480506509e-11,-4.1946480506509e-11
7.917,3.68393415512745e-09,-1.97978448868959e-10,-4.18120505125969e-11,-4.18120505125969e-11
7.918,3.67260824677688e-09,-1.97370645118676e-10,-4.16780515044374e-11,-4.16780515044374e-11
7.919,3.66131710961452e-09,-1.96764704479025e-10,-4.15444820997522e-11,-4.15444820997522e-11
7.92,3.65006063705542e-09,-1.96160621248613e-10,-4.14113409206979e-11,-4.14113409206979e-11
7.921,3.63883872284078e-09,-1.95558389743459e-10,-4.12786265938508e-11,-4.12786265938508e-11
7.922,3.62765126103696e-09,-1.94958004296946e-10,-4.11463377501945e-11,-4.11463377501945e-11
7.923,3.61649814603455e-09,-1.94359459259768e-10,-4.10144730251051e-11,-4.10144730251051e-11
7.924,3.60537927254727e-09,-1.9376274899987e-10,-4.08830310583371e-11,-4.08830310583371e-11
7.925,3.59429453561105e-09,-1.93167867902402e-10,-4.07520104940085e-11,-4.07520104940085e-11
7.926,3.58324383058306e-09,-1.92574810369669e-10,-4.06214099805888e-11,-4.06214099805888e-11
7.927,3.5722270531407e-09,-1.91983570821069e-10,-4.04912281708835e-11,-4.04912281708835e-11
7.928,3.5612440992806e-09,-1.91394143693051e-10,-4.0361463722019e-11,-4.0361463722019e-11
7.929,3.5502948653177e-09,-1.90806523439056e-10,-4.02321152954319e-11,-4.02321152954319e-11
7.93,3.53937924788423e-09,-1.90220704529469e-10,-4.01031815568536e-11,-4.01031815568536e-11
7.931,3.52849714392877e-09,-1.89636681451567e-10,-3.99746611762948e-11,-3.99746611762948e-11
7.932,3.51764845071527e-09,-1.89054448709464e-10,-3.98465528280351e-11,-3.98465528280351e-11
7.933,3.50683306582209e-09,-1.88474000824065e-10,-3.97188551906065e-11,-3.97188551906065e-11
7.934,3.49605088714103e-09,-1.87895332333011e-10,-3.95915669467817e-11,-3.95915669467817e-11
7.935,3.4853018128764e-09,-1.87318437790629e-10,-3.9464686783558e-11,-3.9464686783558e-11
7.936,3.47458574154404e-09,-1.86743311767883e-10,-3.93382133921478e-11,-3.93382133921478e-11
7.937,3.46390257197037e-09,-1.8616994885232e-10,-3.92121454679605e-11,-3.92121454679605e-11
7.938,3.45325220329143e-09,-1.85598343648019e-10,-3.90864817105915e-11,-3.90864817105915e-11
7.939,3.44263453495201e-09,-1.85028490775548e-10,-3.89612208238099e-11,-3.89612208238099e-11
7.94,3.43204946670458e-09,-1.84460384871903e-10,-3.88363615155417e-11,-3.88363615155417e-11
7.941,3.42149689860845e-09,-1.83894020590466e-10,-3.87119024978594e-11,-3.87119024978594e-11
7.942,3.41097673102881e-09,-1.83329392600953e-10,-3.85878424869676e-11,-3.85878424869676e-11
7.943,3.40048886463577e-09,-1.82766495589361e-10,-3.84641802031898e-11,-3.84641802031898e-11
7.944,3.39003320040343e-09,-1.82205324257923e-10,-3.83409143709553e-11,-3.83409143709553e-11
7.945,3.379609639609e-09,-1.81645873325055e-10,-3.82180437187847e-11,-3.82180437187847e-11
7.946,3.36921808383183e-09,-1.81088137525309e-10,-3.80955669792806e-11,-3.80955669792806e-11
7.947,3.35885843495248e-09,-1.80532111609322e-10,-3.79734828891086e-11,-3.79734828891086e-11
7.948,3.34853059515182e-09,-1.79977790343768e-10,-3.78517901889902e-11,-3.78517901889902e-11
7.949,3.33823446691014e-09,-1.79425168511311e-10,-3.77304876236862e-11,-3.77304876236862e-11
7.95,3.32796995300616e-09,-1.78874240910551e-10,-3.7609573941984e-11,-3.7609573941984e-11
7.951,3.31773695651618e-09,-1.78325002355979e-10,-3.74890478966862e-11,-3.74890478966862e-11
7.952,3.30753538081319e-09,-1.77777447677931e-10,-3.73689082445965e-11,-3.73689082445965e-11
7.953,3.29736512956586e-09,-1.77231571722534e-10,-3.72491537465074e-11,-3.72491537465074e-11
7.954,3.28722610673775e-09,-1.76687369351661e-10,-3.71297831671866e-11,-3.71297831671866e-11
7.955,3.27711821658635e-09,-1.76144835442883e-10,-3.70107952753659e-11,-3.70107952753659e-11
7.956,3.26704136366222e-09,-1.75603964889422e-10,-3.68921888437267e-11,-3.68921888437267e-11
7.957,3.25699545280801e-09,-1.75064752600101e-10,-3.67739626488874e-11,-3.67739626488874e-11
7.958,3.24698038915768e-09,-1.74527193499296e-10,-3.6656115471393e-11,-3.6656115471393e-11
7.959,3.23699607813555e-09,-1.73991282526894e-10,-3.65386460956998e-11,-3.65386460956998e-11
7.96,3.22704242545539e-09,-1.73457014638237e-10,-3.64215533101641e-11,-3.64215533101641e-11
7.961,3.2171193371196e-09,-1.72924384804083e-10,-3.63048359070297e-11,-3.63048359070297e-11
7.962,3.20722671941829e-09,-1.72393388010556e-10,-3.61884926824152e-11,-3.61884926824152e-11
7.963,3.19736447892837e-09,-1.71864019259095e-10,-3.60725224363018e-11,-3.60725224363018e-11
7.964,3.18753252251276e-09,-1.71336273566416e-10,-3.59569239725201e-11,-3.59569239725201e-11
7.965,3.17773075731943e-09,-1.70810145964458e-10,-3.58416960987392e-11,-3.58416960987392e-11
7.966,3.16795909078057e-09,-1.70285631500338e-10,-3.5726837626453e-11,-3.5726837626453e-11
7.967,3.1582174306117e-09,-1.69762725236307e-10,-3.56123473709687e-11,-3.56123473709687e-11
7.968,3.14850568481087e-09,-1.69241422249704e-10,-3.54982241513939e-11,-3.54982241513939e-11
7.969,3.13882376165771e-09,-1.68721717632907e-10,-3.53844667906259e-11,-3.53844667906259e-11
7.97,3.12917156971259e-09,-1.68203606493289e-10,-3.52710741153369e-11,-3.52710741153369e-11
7.971,3.11954901781581e-09,-1.67687083953173e-10,-3.51580449559648e-11,-3.51580449559648e-11
7.972,3.10995601508672e-09,-1.67172145149786e-10,-3.50453781466995e-11,-3.50453781466995e-11
7.973,3.10039247092282e-09,-1.66658785235209e-10,-3.49330725254705e-11,-3.49330725254705e-11
7.974,3.09085829499897e-09,-1.66146999376341e-10,-3.48211269339361e-11,-3.48211269339361e-11
7.975,3.08135339726655e-09,-1.65636782754846e-10,-3.47095402174709e-11,-3.47095402174709e-11
7.976,3.07187768795255e-09,-1.6512813056711e-10,-3.45983112251531e-11,-3.45983112251531e-11
7.977,3.06243107755878e-09,-1.64621038024198e-10,-3.4487438809754e-11,-3.4487438809754e-11
7.978,3.05301347686103e-09,-1.64115500351808e-10,-3.4376921827726e-11,-3.4376921827726e-11
7.979,3.04362479690819e-09,-1.63611512790225e-10,-3.42667591391889e-11,-3.42667591391889e-11
7.98,3.03426494902147e-09,-1.63109070594279e-10,-3.41569496079206e-11,-3.41569496079206e-11
7.981,3.02493384479354e-09,-1.62608169033299e-10,-3.40474921013437e-11,-3.40474921013437e-11
7.982,3.01563139608769e-09,-1.62108803391069e-10,-3.39383854905151e-11,-3.39383854905151e-11
7.983,3.00635751503701e-09,-1.61610968965784e-10,-3.38296286501123e-11,-3.38296286501123e-11
7.984,2.99711211404361e-09,-1.61114661070007e-10,-3.37212204584245e-11,-3.37212204584245e-11
7.985,2.98789510577773e-09,-1.60619875030624e-10,-3.3613159797339e-11,-3.3613159797339e-11
7.986,2.97870640317695e-09,-1.601266061888e-10,-3.35054455523299e-11,-3.35054455523299e-11
7.987,2.96954591944537e-09,-1.59634849899937e-10,-3.33980766124473e-11,-3.33980766124473e-11
7.988,2.96041356805282e-09,-1.5914460153363e-10,-3.32910518703055e-11,-3.32910518703055e-11
7.989,2.95130926273401e-09,-1.58655856473622e-10,-3.31843702220714e-11,-3.31843702220714e-11
7.99,2.94223291748775e-09,-1.58168610117764e-10,-3.30780305674531e-11,-3.30780305674531e-11
7.991,2.93318444657612e-09,-1.5768285787797e-10,-3.29720318096891e-11,-3.29720318096891e-11
7.992,2.92416376452367e-09,-1.57198595180173e-10,-3.28663728555357e-11,-3.28663728555357e-11
7.993,2.91517078611664e-09,-1.56715817464284e-10,-3.27610526152576e-11,-3.27610526152576e-11
7.994,2.90620542640215e-09,-1.56234520184152e-10,-3.26560700026148e-11,-3.26560700026148e-11
7.995,2.89726760068737e-09,-1.55754698807513e-10,-3.25514239348522e-11,-3.25514239348522e-11
7.996,2.88835722453877e-09,-1.55276348815958e-10,-3.24471133326885e-11,-3.24471133326885e-11
7.997,2.87947421378132e-09,-1.54799465704885e-10,-3.23431371203058e-11,-3.23431371203058e-11
7.998,2.87061848449767e-09,-1.54324044983456e-10,-3.22394942253354e-11,-3.22394942253354e-11
7.999,2.86178995302738e-09,-1.53850082174556e-10,-3.21361835788511e-11,-3.21361835788511e-11
8,2.85298853596615e-09,-1.53377572814756e-10,-3.20332041153552e-11,-3.20332041153552e-11
8.001,2.84421415016504e-09,-1.52906512454264e-10,-3.19305547727677e-11,-3.19305547727677e-11
8.002,2.83546671272964e-09,-1.52436896656887e-10,-3.18282344924167e-11,-3.18282344924167e-11
8.003,2.82674614101936e-09,-1.51968720999992e-10,-3.1726242219027e-11,-3.1726242219027e-11
8.004,2.81805235264659e-09,-1.51501981074457e-10,-3.1624576900708e-11,-3.1624576900708e-11
8.005,2.80938526547599e-09,-1.51036672484638e-10,-3.1523237488944e-11,-3.1523237488944e-11
8.006,2.80074479762364e-09,-1.50572790848322e-10,-3.14222229385825e-11,-3.14222229385825e-11
8.007,2.79213086745639e-09,-1.50110331796693e-10,-3.13215322078253e-11,-3.13215322078253e-11
8.008,2.78354339359095e-09,-1.49649290974281e-10,-3.12211642582158e-11,-3.12211642582158e-11
8.009,2.77498229489323e-09,-1.49189664038931e-10,-3.11211180546286e-11,-3.11211180546286e-11
8.01,2.76644749047756e-09,-1.48731446661757e-10,-3.10213925652591e-11,-3.10213925652591e-11
8.011,2.75793889970589e-09,-1.48274634527102e-10,-3.09219867616134e-11,-3.09219867616134e-11
8.012,2.74945644218707e-09,-1.47819223332498e-10,-3.08228996184964e-11,-3.08228996184964e-11
8.013,2.74100003777611e-09,-1.47365208788631e-10,-3.07241301140027e-11,-3.07241301140027e-11
8.014,2.73256960657338e-09,-1.46912586619291e-10,-3.06256772295052e-11,-3.06256772295052e-11
8.015,2.72416506892386e-09,-1.46461352561337e-10,-3.05275399496434e-11,-3.05275399496434e-11
8.016,2.71578634541648e-09,-1.46011502364662e-10,-3.04297172623161e-11,-3.04297172623161e-11
8.017,2.70743335688327e-09,-1.45563031792145e-10,-3.03322081586677e-11,-3.03322081586677e-11
8.018,2.69910602439864e-09,-1.45115936619614e-10,-3.02350116330793e-11,-3.02350116330793e-11
8.019,2.6908042692787e-09,-1.44670212635812e-10,-3.01381266831584e-11,-3.01381266831584e-11
8.02,2.68252801308047e-09,-1.44225855642349e-10,-3.00415523097283e-11,-3.00415523097283e-11
8.021,2.6742771776011e-09,-1.43782861453667e-10,-2.9945287516817e-11,-2.9945287516817e-11
8.022,2.66605168487728e-09,-1.43341225897003e-10,-2.9849331311649e-11,-2.9849331311649e-11
8.023,2.65785145718434e-09,-1.42900944812346e-10,-2.97536827046322e-11,-2.97536827046322e-11
8.024,2.64967641703561e-09,-1.424620140524e-10,-2.96583407093501e-11,-2.96583407093501e-11
8.025,2.64152648718173e-09,-1.42024429482546e-10,-2.95633043425509e-11,-2.95633043425509e-11
8.026,2.6334015906098e-09,-1.415881869808e-10,-2.94685726241361e-11,-2.94685726241361e-11
8.027,2.62530165054279e-09,-1.41153282437779e-10,-2.93741445771525e-11,-2.93741445771525e-11
8.028,2.61722659043871e-09,-1.40719711756658e-10,-2.92800192277797e-11,-2.92800192277797e-11
8.029,2.60917633398999e-09,-1.40287470853138e-10,-2.91861956053229e-11,-2.91861956053229e-11
8.03,2.6011508051227e-09,-1.39856555655399e-10,-2.90926727422004e-11,-2.90926727422004e-11
8.031,2.59314992799582e-09,-1.39426962104069e-10,-2.89994496739345e-11,-2.89994496739345e-11
8.032,2.58517362700061e-09,-1.38998686152185e-10,-2.89065254391423e-11,-2.89065254391423e-11
8.033,2.57722182675982e-09,-1.38571723765153e-10,-2.88138990795243e-11,-2.88138990795243e-11
8.034,2.56929445212699e-09,-1.38146070920708e-10,-2.87215696398552e-11,-2.87215696398552e-11
8.035,2.56139142818583e-09,-1.37721723608884e-10,-2.86295361679749e-11,-2.86295361679749e-11
8.036,2.5535126802494e-09,-1.37298677831971e-10,-2.85377977147772e-11,-2.85377977147772e-11
8.037,2.54565813385947e-09,-1.36876929604477e-10,-2.84463533342009e-11,-2.84463533342009e-11
8.038,2.53782771478582e-09,-1.36456474953093e-10,-2.83552020832191e-11,-2.83552020832191e-11
8.039,2.53002134902555e-09,-1.36037309916657e-10,-2.82643430218308e-11,-2.82643430218308e-11
8.04,2.52223896280234e-09,-1.35619430546112e-10,-2.81737752130512e-11,-2.81737752130512e-11
8.041,2.5144804825658e-09,-1.35202832904474e-10,-2.80834977228996e-11,-2.80834977228996e-11
8.042,2.5067458349908e-09,-1.34787513066794e-10,-2.79935096203934e-11,-2.79935096203934e-11
8.043,2.4990349469767e-09,-1.34373467120121e-10,-2.79038099775347e-11,-2.79038099775347e-11
8.044,2.49134774564672e-09,-1.33960691163461e-10,-2.7814397869304e-11,-2.7814397869304e-11
8.045,2.4836841583473e-09,-1.33549181307751e-10,-2.77252723736487e-11,-2.77252723736487e-11
8.046,2.47604411264731e-09,-1.33138933675811e-10,-2.76364325714748e-11,-2.76364325714748e-11
8.047,2.46842753633743e-09,-1.32729944402314e-10,-2.75478775466353e-11,-2.75478775466353e-11
8.048,2.46083435742951e-09,-1.32322209633751e-10,-2.74596063859234e-11,-2.74596063859234e-11
8.049,2.45326450415581e-09,-1.3191572552839e-10,-2.73716181790613e-11,-2.73716181790613e-11
8.05,2.44571790496838e-09,-1.31510488256245e-10,-2.72839120186918e-11,-2.72839120186918e-11
8.051,2.43819448853839e-09,-1.31106493999036e-10,-2.7196487000368e-11,-2.7196487000368e-11
8.052,2.43069418375544e-09,-1.30703738950158e-10,-2.71093422225446e-11,-2.71093422225446e-11
8.053,2.42321691972688e-09,-1.30302219314638e-10,-2.70224767865683e-11,-2.70224767865683e-11
8.054,2.4157626257772e-09,-1.2990193130911e-10,-2.69358897966687e-11,-2.69358897966687e-11
8.055,2.4083312314473e-09,-1.29502871161769e-10,-2.68495803599493e-11,-2.68495803599493e-11
8.056,2.40092266649386e-09,-1.29105035112341e-10,-2.67635475863771e-11,-2.67635475863771e-11
8.057,2.3935368608887e-09,-1.28708419412051e-10,-2.66777905887758e-11,-2.66777905887758e-11
8.058,2.38617374481807e-09,-1.28313020323579e-10,-2.65923084828135e-11,-2.65923084828135e-11
8.059,2.37883324868205e-09,-1.27918834121035e-10,-2.65071003869957e-11,-2.65071003869957e-11
8.06,2.37151530309385e-09,-1.27525857089915e-10,-2.6422165422656e-11,-2.6422165422656e-11
8.061,2.36421983887922e-09,-1.27134085527075e-10,-2.63375027139465e-11,-2.63375027139465e-11
8.062,2.35694678707571e-09,-1.26743515740687e-10,-2.62531113878286e-11,-2.62531113878286e-11
8.063,2.34969607893208e-09,-1.26354144050214e-10,-2.6168990574065e-11,-2.6168990574065e-11
8.064,2.3424676459077e-09,-1.25965966786369e-10,-2.60851394052097e-11,-2.60851394052097e-11
8.065,2.3352614196718e-09,-1.25578980291083e-10,-2.60015570165991e-11,-2.60015570165991e-11
8.066,2.32807733210287e-09,-1.25193180917468e-10,-2.59182425463438e-11,-2.59182425463438e-11
8.067,2.3209153152881e-09,-1.2480856502979e-10,-2.58351951353191e-11,-2.58351951353191e-11
8.068,2.31377530152261e-09,-1.24425129003426e-10,-2.5752413927156e-11,-2.5752413927156e-11
8.069,2.30665722330889e-09,-1.24042869224838e-10,-2.56698980682334e-11,-2.56698980682334e-11
8.07,2.29956101335617e-09,-1.23661782091531e-10,-2.55876467076672e-11,-2.55876467076672e-11
8.071,2.29248660457978e-09,-1.23281864012028e-10,-2.55056589973046e-11,-2.55056589973046e-11
8.072,2.28543393010049e-09,-1.22903111405831e-10,-2.54239340917117e-11,-2.54239340917117e-11
8.073,2.27840292324389e-09,-1.22525520703388e-10,-2.53424711481678e-11,-2.53424711481678e-11
8.074,2.27139351753983e-09,-1.22149088346061e-10,-2.5261269326656e-11,-2.5261269326656e-11
8.075,2.26440564672169e-09,-1.21773810786091e-10,-2.51803277898524e-11,-2.51803277898524e-11
8.076,2.25743924472583e-09,-1.21399684486568e-10,-2.50996457031204e-11,-2.50996457031204e-11
8.077,2.25049424569097e-09,-1.21026705921393e-10,-2.50192222345006e-11,-2.50192222345006e-11
8.078,2.24357058395753e-09,-1.2065487157525e-10,-2.49390565547025e-11,-2.49390565547025e-11
8.079,2.23666819406702e-09,-1.20284177943568e-10,-2.48591478370948e-11,-2.48591478370948e-11
8.08,2.22978701076148e-09,-1.19914621532496e-10,-2.47794952576993e-11,-2.47794952576993e-11
8.081,2.22292696898279e-09,-1.19546198858861e-10,-2.47000979951802e-11,-2.47000979951802e-11
8.082,2.21608800387211e-09,-1.19178906450139e-10,-2.46209552308366e-11,-2.46209552308366e-11
8.083,2.20927005076928e-09,-1.18812740844428e-10,-2.4542066148594e-11,-2.4542066148594e-11
8.084,2.20247304521215e-09,-1.18447698590408e-10,-2.44634299349957e-11,-2.44634299349957e-11
8.085,2.19569692293602e-09,-1.18083776247309e-10,-2.43850457791936e-11,-2.43850457791936e-11
8.086,2.18894161987306e-09,-1.17720970384886e-10,-2.43069128729425e-11,-2.43069128729425e-11
8.087,2.18220707215165e-09,-1.17359277583381e-10,-2.42290304105879e-11,-2.42290304105879e-11
8.088,2.17549321609581e-09,-1.16998694433489e-10,-2.41513975890607e-11,-2.41513975890607e-11
8.089,2.16879998822461e-09,-1.16639217536334e-10,-2.40740136078681e-11,-2.40740136078681e-11
8.09,2.16212732525157e-09,-1.16280843503429e-10,-2.39968776690843e-11,-2.39968776690843e-11
8.091,2.15547516408405e-09,-1.15923568956649e-10,-2.39199889773441e-11,-2.39199889773441e-11
8.092,2.14884344182263e-09,-1.15567390528199e-10,-2.38433467398325e-11,-2.38433467398325e-11
8.093,2.14223209576063e-09,-1.1521230486058e-10,-2.37669501662788e-11,-2.37669501662788e-11
8.094,2.1356410633834e-09,-1.14858308606562e-10,-2.36907984689469e-11,-2.36907984689469e-11
8.095,2.12907028236776e-09,-1.14505398429145e-10,-2.36148908626269e-11,-2.36148908626269e-11
8.096,2.12251969058149e-09,-1.14153571001538e-10,-2.35392265646292e-11,-2.35392265646292e-11
8.097,2.11598922608264e-09,-1.1380282300712e-10,-2.34638047947733e-11,-2.34638047947733e-11
8.098,2.10947882711902e-09,-1.1345315113941e-10,-2.33886247753822e-11,-2.33886247753822e-11
8.099,2.10298843212759e-09,-1.13104552102041e-10,-2.33136857312735e-11,-2.33136857312735e-11
8.1,2.0965179797339e-09,-1.12757022608723e-10,-2.32389868897513e-11,-2.32389868897513e-11
8.101,2.0900674087515e-09,-1.12410559383216e-10,-2.31645274805982e-11,-2.31645274805982e-11
8.102,2.08363665818134e-09,-1.12065159159297e-10,-2.30903067360675e-11,-2.30903067360675e-11
8.103,2.07722566721127e-09,-1.11720818680733e-10,-2.30163238908755e-11,-2.30163238908755e-11
8.104,2.07083437521539e-09,-1.11377534701247e-10,-2.29425781821928e-11,-2.29425781821928e-11
8.105,2.06446272175352e-09,-1.11035303984487e-10,-2.28690688496373e-11,-2.28690688496373e-11
8.106,2.05811064657065e-09,-1.10694123304001e-10,-2.27957951352664e-11,-2.27957951352664e-11
8.107,2.0517780895963e-09,-1.103539894432e-10,-2.27227562835682e-11,-2.27227562835682e-11
8.108,2.04546499094405e-09,-1.10014899195333e-10,-2.26499515414542e-11,-2.26499515414542e-11
8.109,2.03917129091092e-09,-1.09676849363456e-10,-2.25773801582523e-11,-2.25773801582523e-11
8.11,2.03289692997681e-09,-1.09339836760398e-10,-2.25050413856978e-11,-2.25050413856978e-11
8.111,2.02664184880395e-09,-1.09003858208736e-10,-2.24329344779261e-11,-2.24329344779261e-11
8.112,2.02040598823637e-09,-1.08668910540767e-10,-2.23610586914657e-11,-2.23610586914657e-11
8.113,2.0141892892993e-09,-1.08334990598469e-10,-2.22894132852294e-11,-2.22894132852294e-11
8.114,2.00799169319861e-09,-1.08002095233482e-10,-2.22179975205073e-11,-2.22179975205073e-11
8.115,2.00181314132035e-09,-1.07670221307071e-10,-2.21468106609597e-11,-2.21468106609597e-11
8.116,1.99565357523007e-09,-1.07339365690103e-10,-2.20758519726078e-11,-2.20758519726078e-11
8.117,1.98951293667234e-09,-1.0700952526301e-10,-2.20051207238279e-11,-2.20051207238279e-11
8.118,1.98339116757023e-09,-1.06680696915768e-10,-2.1934616185343e-11,-2.1934616185343e-11
8.119,1.97728821002469e-09,-1.0635287754786e-10,-2.18643376302153e-11,-2.18643376302153e-11
8.12,1.97120400631405e-09,-1.06026064068255e-10,-2.17942843338389e-11,-2.17942843338389e-11
8.121,1.9651384988935e-09,-1.05700253395372e-10,-2.17244555739318e-11,-2.17244555739318e-11
8.122,1.95909163039449e-09,-1.05375442457056e-10,-2.16548506305296e-11,-2.16548506305296e-11
8.123,1.95306334362425e-09,-1.05051628190545e-10,-2.15854687859768e-11,-2.15854687859768e-11
8.124,1.94705358156518e-09,-1.04728807542446e-10,-2.15163093249196e-11,-2.15163093249196e-11
8.125,1.94106228737442e-09,-1.04406977468703e-10,-2.14473715342999e-11,-2.14473715342999e-11
8.126,1.93508940438322e-09,-1.0408613493457e-10,-2.13786547033455e-11,-2.13786547033455e-11
8.127,1.92913487609642e-09,-1.03766276914581e-10,-2.13101581235652e-11,-2.13101581235652e-11
8.128,1.923198646192e-09,-1.03447400392525e-10,-2.12418810887397e-11,-2.12418810887397e-11
8.129,1.91728065852045e-09,-1.03129502361414e-10,-2.11738228949155e-11,-2.11738228949155e-11
8.13,1.91138085710428e-09,-1.02812579823456e-10,-2.1105982840397e-11,-2.1105982840397e-11
8.131,1.9054991861375e-09,-1.02496629790028e-10,-2.10383602257387e-11,-2.10383602257387e-11
8.132,1.89963558998514e-09,-1.02181649281648e-10,-2.097095435374e-11,-2.097095435374e-11
8.133,1.89379001318262e-09,-1.01867635327946e-10,-2.09037645294356e-11,-2.09037645294356e-11
8.134,1.88796240043532e-09,-1.01554584967636e-10,-2.08367900600895e-11,-2.08367900600895e-11
8.135,1.88215269661803e-09,-1.0124249524849e-10,-2.07700302551886e-11,-2.07700302551886e-11
8.136,1.87636084677442e-09,-1.00931363227308e-10,-2.07034844264334e-11,-2.07034844264334e-11
8.137,1.87058679611653e-09,-1.00621185969892e-10,-2.06371518877333e-11,-2.06371518877333e-11
8.138,1.86483049002428e-09,-1.0031196055102e-10,-2.05710319551978e-11,-2.05710319551978e-11
8.139,1.85909187404494e-09,-1.00003684054414e-10,-2.05051239471305e-11,-2.05051239471305e-11
8.14,1.85337089389257e-09,-9.9696353572718e-11,-2.04394271840207e-11,-2.04394271840207e-11
8.141,1.84766749544761e-09,-9.93899662074671e-11,-2.03739409885387e-11,-2.03739409885387e-11
8.142,1.84198162475629e-09,-9.90845190690613e-11,-2.03086646855264e-11,-2.03086646855264e-11
8.143,1.83631322803014e-09,-9.87800092767386e-11,-2.02435976019914e-11,-2.02435976019914e-11
8.144,1.83066225164551e-09,-9.84764339585496e-11,-2.01787390671004e-11,-2.01787390671004e-11
8.145,1.82502864214304e-09,-9.81737902513276e-11,-2.01140884121718e-11,-2.01140884121718e-11
8.146,1.81941234622715e-09,-9.78720753006629e-11,-2.00496449706685e-11,-2.00496449706685e-11
8.147,1.81381331076561e-09,-9.75712862608786e-11,-1.99854080781915e-11,-1.99854080781915e-11
8.148,1.80823148278892e-09,-9.72714202949998e-11,-1.99213770724731e-11,-1.99213770724731e-11
8.149,1.80266680948991e-09,-9.69724745747292e-11,-1.98575512933695e-11,-1.98575512933695e-11
8.15,1.79711923822323e-09,-9.66744462804219e-11,-1.9793930082855e-11,-1.9793930082855e-11
8.151,1.7915887165048e-09,-9.63773326010559e-11,-1.9730512785014e-11,-1.9730512785014e-11
8.152,1.78607519201136e-09,-9.60811307342082e-11,-1.96672987460348e-11,-1.96672987460348e-11
8.153,1.78057861257998e-09,-9.57858378860269e-11,-1.96042873142032e-11,-1.96042873142032e-11
8.154,1.77509892620759e-09,-9.54914512712076e-11,-1.95414778398949e-11,-1.95414778398949e-11
8.155,1.7696360810504e-09,-9.51979681129639e-11,-1.947886967557e-11,-1.947886967557e-11
8.156,1.76419002542352e-09,-9.49053856430032e-11,-1.9416462175765e-11,-1.9416462175765e-11
8.157,1.75876070780041e-09,-9.46137011015022e-11,-1.93542546970869e-11,-1.93542546970869e-11
8.158,1.75334807681244e-09,-9.43229117370778e-11,-1.92922465982066e-11,-1.92922465982066e-11
8.159,1.74795208124834e-09,-9.4033014806763e-11,-1.92304372398519e-11,-1.92304372398519e-11
8.16,1.74257267005379e-09,-9.37440075759829e-11,-1.91688259848013e-11,-1.91688259848013e-11
8.161,1.73720979233091e-09,-9.34558873185259e-11,-1.91074121978768e-11,-1.91074121978768e-11
8.162,1.73186339733776e-09,-9.31686513165199e-11,-1.90461952459381e-11,-1.90461952459381e-11
8.163,1.72653343448789e-09,-9.28822968604064e-11,-1.89851744978752e-11,-1.89851744978752e-11
8.164,1.72121985334989e-09,-9.25968212489166e-11,-1.89243493246037e-11,-1.89243493246037e-11
8.165,1.71592260364685e-09,-9.23122217890434e-11,-1.88637190990555e-11,-1.88637190990555e-11
8.166,1.71064163525592e-09,-9.20284957960177e-11,-1.88032831961742e-11,-1.88032831961742e-11
8.167,1.70537689820788e-09,-9.17456405932843e-11,-1.87430409929089e-11,-1.87430409929089e-11
8.168,1.70012834268658e-09,-9.14636535124745e-11,-1.86829918682065e-11,-1.86829918682065e-11
8.169,1.69489591902855e-09,-9.11825318933822e-11,-1.86231352030061e-11,-1.86231352030061e-11
8.17,1.68967957772251e-09,-9.09022730839402e-11,-1.85634703802326e-11,-1.85634703802326e-11
8.171,1.68447926940889e-09,-9.06228744401931e-11,-1.85039967847903e-11,-1.85039967847903e-11
8.172,1.67929494487936e-09,-9.03443333262735e-11,-1.84447138035553e-11,-1.84447138035553e-11
8.173,1.67412655507642e-09,-9.00666471143787e-11,-1.83856208253722e-11,-1.83856208253722e-11
8.174,1.66897405109288e-09,-8.97898131847435e-11,-1.83267172410441e-11,-1.83267172410441e-11
8.175,1.6638373841714e-09,-8.95138289256171e-11,-1.82680024433287e-11,-1.82680024433287e-11
8.176,1.6587165057041e-09,-8.92386917332395e-11,-1.8209475826932e-11,-1.8209475826932e-11
8.177,1.65361136723203e-09,-8.89643990118151e-11,-1.81511367885004e-11,-1.81511367885004e-11
8.178,1.64852192044473e-09,-8.86909481734891e-11,-1.80929847266161e-11,-1.80929847266161e-11
8.179,1.64344811717981e-09,-8.8418336638325e-11,-1.80350190417908e-11,-1.80350190417908e-11
8.18,1.63838990942246e-09,-8.81465618342776e-11,-1.79772391364582e-11,-1.79772391364582e-11
8.181,1.633347249305e-09,-8.78756211971701e-11,-1.79196444149686e-11,-1.79196444149686e-11
8.182,1.62832008910649e-09,-8.76055121706717e-11,-1.78622342835839e-11,-1.78622342835839e-11
8.183,1.62330838125217e-09,-8.73362322062708e-11,-1.78050081504692e-11,-1.78050081504692e-11
8.184,1.61831207831311e-09,-8.70677787632529e-11,-1.77479654256883e-11,-1.77479654256883e-11
8.185,1.61333113300572e-09,-8.68001493086759e-11,-1.76911055211974e-11,-1.76911055211974e-11
8.186,1.60836549819133e-09,-8.65333413173482e-11,-1.76344278508387e-11,-1.76344278508387e-11
8.187,1.60341512687571e-09,-8.62673522718024e-11,-1.75779318303341e-11,-1.75779318303341e-11
8.188,1.59847997220866e-09,-8.6002179662273e-11,-1.752161687728e-11,-1.752161687728e-11
8.189,1.59355998748356e-09,-8.5737820986674e-11,-1.74654824111406e-11,-1.74654824111406e-11
8.19,1.58865512613694e-09,-8.54742737505732e-11,-1.74095278532421e-11,-1.74095278532421e-11
8.191,1.58376534174799e-09,-8.52115354671699e-11,-1.73537526267666e-11,-1.73537526267666e-11
8.192,1.57889058803823e-09,-8.49496036572728e-11,-1.72981561567469e-11,-1.72981561567469e-11
8.193,1.57403081887095e-09,-8.46884758492746e-11,-1.72427378700591e-11,-1.72427378700591e-11
8.194,1.56918598825087e-09,-8.442814957913e-11,-1.71874971954182e-11,-1.71874971954182e-11
8.195,1.56435605032365e-09,-8.41686223903321e-11,-1.7132433563371e-11,-1.7132433563371e-11
8.196,1.55954095937552e-09,-8.39098918338911e-11,-1.70775464062913e-11,-1.70775464062913e-11
8.197,1.55474066983277e-09,-8.36519554683086e-11,-1.70228351583731e-11,-1.70228351583731e-11
8.198,1.54995513626137e-09,-8.33948108595561e-11,-1.69682992556253e-11,-1.69682992556253e-11
8.199,1.54518431336658e-09,-8.31384555810536e-11,-1.69139381358657e-11,-1.69139381358657e-11
8.2,1.54042815599242e-09,-8.28828872136439e-11,-1.68597512387154e-11,-1.68597512387154e-11
8.201,1.53568661912134e-09,-8.26281033455717e-11,-1.68057380055924e-11,-1.68057380055924e-11
8.202,1.53095965787376e-09,-8.23741015724621e-11,-1.67518978797068e-11,-1.67518978797068e-11
8.203,1.52624722750764e-09,-8.21208794972951e-11,-1.66982303060543e-11,-1.66982303060543e-11
8.204,1.52154928341807e-09,-8.18684347303852e-11,-1.66447347314103e-11,-1.66447347314103e-11
8.205,1.51686578113686e-09,-8.16167648893594e-11,-1.65914106043256e-11,-1.65914106043256e-11
8.206,1.5121966763321e-09,-8.13658675991332e-11,-1.65382573751185e-11,-1.65382573751185e-11
8.207,1.50754192480774e-09,-8.11157404918888e-11,-1.6485274495871e-11,-1.6485274495871e-11
8.208,1.50290148250324e-09,-8.08663812070549e-11,-1.64324614204226e-11,-1.64324614204226e-11
8.209,1.49827530549304e-09,-8.06177873912813e-11,-1.63798176043639e-11,-1.63798176043639e-11
8.21,1.49366334998625e-09,-8.03699566984189e-11,-1.63273425050322e-11,-1.63273425050322e-11
8.211,1.4890655723262e-09,-8.01228867894982e-11,-1.62750355815051e-11,-1.62750355815051e-11
8.212,1.48448192899e-09,-7.98765753327055e-11,-1.62228962945949e-11,-1.62228962945949e-11
8.213,1.47991237658819e-09,-7.96310200033623e-11,-1.61709241068435e-11,-1.61709241068435e-11
8.214,1.47535687186426e-09,-7.93862184839029e-11,-1.61191184825163e-11,-1.61191184825163e-11
8.215,1.47081537169434e-09,-7.9142168463854e-11,-1.60674788875977e-11,-1.60674788875977e-11
8.216,1.46628783308669e-09,-7.88988676398113e-11,-1.60160047897838e-11,-1.60160047897838e-11
8.217,1.46177421318136e-09,-7.86563137154182e-11,-1.59646956584786e-11,-1.59646956584786e-11
8.218,1.45727446924978e-09,-7.84145044013461e-11,-1.59135509647879e-11,-1.59135509647879e-11
8.219,1.45278855869433e-09,-7.81734374152705e-11,-1.58625701815139e-11,-1.58625701815139e-11
8.22,1.44831643904796e-09,-7.79331104818504e-11,-1.58117527831489e-11,-1.58117527831489e-11
8.221,1.44385806797381e-09,-7.76935213327088e-11,-1.57610982458718e-11,-1.57610982458718e-11
8.222,1.43941340326476e-09,-7.74546677064083e-11,-1.57106060475406e-11,-1.57106060475406e-11
8.223,1.43498240284309e-09,-7.72165473484321e-11,-1.56602756676885e-11,-1.56602756676885e-11
8.224,1.43056502476002e-09,-7.69791580111617e-11,-1.56101065875178e-11,-1.56101065875178e-11
8.225,1.42616122719539e-09,-7.67424974538579e-11,-1.55600982898947e-11,-1.55600982898947e-11
8.226,1.42177096845722e-09,-7.65065634426368e-11,-1.55102502593441e-11,-1.55102502593441e-11
8.227,1.41739420698129e-09,-7.62713537504501e-11,-1.54605619820438e-11,-1.54605619820438e-11
8.228,1.41303090133084e-09,-7.60368661570662e-11,-1.54110329458204e-11,-1.54110329458204e-11
8.229,1.40868101019609e-09,-7.58030984490459e-11,-1.53616626401421e-11,-1.53616626401421e-11
8.23,1.4043444923939e-09,-7.55700484197237e-11,-1.53124505561152e-11,-1.53124505561152e-11
8.231,1.40002130686735e-09,-7.53377138691878e-11,-1.52633961864781e-11,-1.52633961864781e-11
8.232,1.39571141268541e-09,-7.51060926042575e-11,-1.52144990255958e-11,-1.52144990255958e-11
8.233,1.39141476904247e-09,-7.48751824384633e-11,-1.51657585694553e-11,-1.51657585694553e-11
8.234,1.38713133525805e-09,-7.46449811920281e-11,-1.51171743156599e-11,-1.51171743156599e-11
8.235,1.38286107077634e-09,-7.4415486691844e-11,-1.50687457634245e-11,-1.50687457634245e-11
8.236,1.37860393516586e-09,-7.41866967714535e-11,-1.50204724135695e-11,-1.50204724135695e-11
8.237,1.37435988811907e-09,-7.39586092710299e-11,-1.49723537685169e-11,-1.49723537685169e-11
8.238,1.37012888945198e-09,-7.37312220373552e-11,-1.49243893322845e-11,-1.49243893322845e-11
8.239,1.36591089910379e-09,-7.35045329238005e-11,-1.48765786104804e-11,-1.48765786104804e-11
8.24,1.36170587713651e-09,-7.32785397903078e-11,-1.48289211102986e-11,-1.48289211102986e-11
8.241,1.35751378373456e-09,-7.30532405033668e-11,-1.47814163405138e-11,-1.47814163405138e-11
8.242,1.35333457920444e-09,-7.28286329359966e-11,-1.47340638114756e-11,-1.47340638114756e-11
8.243,1.34916822397431e-09,-7.26047149677266e-11,-1.46868630351051e-11,-1.46868630351051e-11
8.244,1.34501467859364e-09,-7.23814844845747e-11,-1.46398135248872e-11,-1.46398135248872e-11
8.245,1.34087390373285e-09,-7.21589393790285e-11,-1.45929147958685e-11,-1.45929147958685e-11
8.246,1.3367458601829e-09,-7.19370775500251e-11,-1.45461663646503e-11,-1.45461663646503e-11
8.247,1.33263050885499e-09,-7.1715896902933e-11,-1.44995677493841e-11,-1.44995677493841e-11
8.248,1.3285278107801e-09,-7.14953953495298e-11,-1.44531184697676e-11,-1.44531184697676e-11
8.249,1.32443772710871e-09,-7.12755708079842e-11,-1.4406818047038e-11,-1.4406818047038e-11
8.25,1.3203602191104e-09,-7.10564212028372e-11,-1.43606660039683e-11,-1.43606660039683e-11
8.251,1.31629524817345e-09,-7.08379444649807e-11,-1.43146618648624e-11,-1.43146618648624e-11
8.252,1.31224277580452e-09,-7.0620138531639e-11,-1.42688051555492e-11,-1.42688051555492e-11
8.253,1.30820276362831e-09,-7.04030013463508e-11,-1.42230954033789e-11,-1.42230954033789e-11
8.254,1.30417517338713e-09,-7.01865308589475e-11,-1.41775321372174e-11,-1.41775321372174e-11
8.255,1.30015996694059e-09,-6.99707250255354e-11,-1.41321148874414e-11,-1.41321148874414e-11
8.256,1.29615710626522e-09,-6.97555818084759e-11,-1.40868431859337e-11,-1.40868431859337e-11
8.257,1.29216655345414e-09,-6.95410991763681e-11,-1.40417165660787e-11,-1.40417165660787e-11
8.258,1.28818827071665e-09,-6.93272751040271e-11,-1.39967345627576e-11,-1.39967345627576e-11
8.259,1.28422222037792e-09,-6.91141075724663e-11,-1.39518967123425e-11,-1.39518967123425e-11
8.26,1.28026836487865e-09,-6.89015945688797e-11,-1.39072025526929e-11,-1.39072025526929e-11
8.261,1.27632666677465e-09,-6.86897340866205e-11,-1.38626516231505e-11,-1.38626516231505e-11
8.262,1.27239708873654e-09,-6.84785241251839e-11,-1.38182434645341e-11,-1.38182434645341e-11
8.263,1.26847959354939e-09,-6.82679626901887e-11,-1.37739776191356e-11,-1.37739776191356e-11
8.264,1.26457414411236e-09,-6.80580477933572e-11,-1.37298536307143e-11,-1.37298536307143e-11
8.265,1.26068070343836e-09,-6.7848777452497e-11,-1.36858710444928e-11,-1.36858710444928e-11
8.266,1.25679923465369e-09,-6.76401496914839e-11,-1.36420294071528e-11,-1.36420294071528e-11
8.267,1.2529297009977e-09,-6.74321625402409e-11,-1.35983282668293e-11,-1.35983282668293e-11
8.268,1.24907206582246e-09,-6.72248140347211e-11,-1.35547671731062e-11,-1.35547671731062e-11
8.269,1.24522629259238e-09,-6.70181022168902e-11,-1.35113456770129e-11,-1.35113456770129e-11
8.27,1.2413923448839e-09,-6.68120251347058e-11,-1.34680633310178e-11,-1.34680633310178e-11
8.271,1.2375701863851e-09,-6.66065808421007e-11,-1.34249196890248e-11,-1.34249196890248e-11
8.272,1.23375978089546e-09,-6.6401767398965e-11,-1.33819143063688e-11,-1.33819143063688e-11
8.273,1.22996109232537e-09,-6.61975828711264e-11,-1.33390467398105e-11,-1.33390467398105e-11
8.274,1.22617408469592e-09,-6.59940253303326e-11,-1.32963165475321e-11,-1.32963165475321e-11
8.275,1.2223987221385e-09,-6.57910928542349e-11,-1.32537232891327e-11,-1.32537232891327e-11
8.276,1.21863496889446e-09,-6.55887835263673e-11,-1.32112665256241e-11,-1.32112665256241e-11
8.277,1.21488278931482e-09,-6.53870954361305e-11,-1.31689458194257e-11,-1.31689458194257e-11
8.278,1.21114214785986e-09,-6.5186026678773e-11,-1.312676073436e-11,-1.312676073436e-11
8.279,1.20741300909885e-09,-6.4985575355375e-11,-1.30847108356489e-11,-1.30847108356489e-11
8.28,1.20369533770971e-09,-6.47857395728277e-11,-1.30427956899085e-11,-1.30427956899085e-11
8.281,1.19998909847862e-09,-6.45865174438175e-11,-1.30010148651445e-11,-1.30010148651445e-11
8.282,1.19629425629977e-09,-6.43879070868089e-11,-1.29593679307482e-11,-1.29593679307482e-11
8.283,1.19261077617495e-09,-6.41899066260245e-11,-1.29178544574921e-11,-1.29178544574921e-11
8.284,1.1889386232133e-09,-6.3992514191429e-11,-1.28764740175248e-11,-1.28764740175248e-11
8.285,1.18527776263091e-09,-6.37957279187123e-11,-1.28352261843675e-11,-1.28352261843675e-11
8.286,1.18162815975054e-09,-6.35995459492703e-11,-1.27941105329089e-11,-1.27941105329089e-11
8.287,1.17798978000128e-09,-6.34039664301884e-11,-1.27531266394009e-11,-1.27531266394009e-11
8.288,1.17436258891819e-09,-6.32089875142235e-11,-1.27122740814546e-11,-1.27122740814546e-11
8.289,1.17074655214205e-09,-6.30146073597886e-11,-1.26715524380356e-11,-1.26715524380356e-11
8.29,1.16714163541897e-09,-6.28208241309326e-11,-1.263096128946e-11,-1.263096128946e-11
8.291,1.16354780460009e-09,-6.26276359973249e-11,-1.25905002173893e-11,-1.25905002173893e-11
8.292,1.15996502564128e-09,-6.24350411342387e-11,-1.25501688048272e-11,-1.25501688048272e-11
8.293,1.15639326460277e-09,-6.22430377225321e-11,-1.25099666361145e-11,-1.25099666361145e-11
8.294,1.15283248764888e-09,-6.2051623948632e-11,-1.24698932969249e-11,-1.24698932969249e-11
8.295,1.14928266104767e-09,-6.18607980045179e-11,-1.24299483742607e-11,-1.24299483742607e-11
8.296,1.14574375117064e-09,-6.16705580877035e-11,-1.23901314564493e-11,-1.23901314564493e-11
8.297,1.14221572449241e-09,-6.14809024012199e-11,-1.23504421331375e-11,-1.23504421331375e-11
8.298,1.13869854759039e-09,-6.12918291536006e-11,-1.2310879995289e-11,-1.2310879995289e-11
8.299,1.13519218714448e-09,-6.11033365588622e-11,-1.22714446351785e-11,-1.22714446351785e-11
8.3,1.13169660993676e-09,-6.09154228364887e-11,-1.22321356463885e-11,-1.22321356463885e-11
8.301,1.12821178285116e-09,-6.0728086211416e-11,-1.21929526238052e-11,-1.21929526238052e-11
8.302,1.12473767287317e-09,-6.0541324914013e-11,-1.21538951636135e-11,-1.21538951636135e-11
8.303,1.1212742470895e-09,-6.03551371800661e-11,-1.21149628632937e-11,-1.21149628632937e-11
8.304,1.1178214726878e-09,-6.01695212507636e-11,-1.20761553216168e-11,-1.20761553216168e-11
8.305,1.11437931695634e-09,-5.99844753726773e-11,-1.20374721386405e-11,-1.20374721386405e-11
8.306,1.11094774728368e-09,-5.9799997797747e-11,-1.1998912915705e-11,-1.1998912915705e-11
8.307,1.10752673115842e-09,-5.9616086783265e-11,-1.19604772554292e-11,-1.19604772554292e-11
8.308,1.10411623616883e-09,-5.94327405918579e-11,-1.19221647617065e-11,-1.19221647617065e-11
8.309,1.10071623000256e-09,-5.92499574914715e-11,-1.18839750397001e-11,-1.18839750397001e-11
8.31,1.09732668044638e-09,-5.90677357553539e-11,-1.18459076958396e-11,-1.18459076958396e-11
8.311,1.09394755538582e-09,-5.88860736620408e-11,-1.18079623378173e-11,-1.18079623378173e-11
8.312,1.0905788228049e-09,-5.8704969495337e-11,-1.1770138574583e-11,-1.1770138574583e-11
8.313,1.08722045078583e-09,-5.85244215443017e-11,-1.17324360163405e-11,-1.17324360163405e-11
8.314,1.08387240750867e-09,-5.83444281032331e-11,-1.1694854274544e-11,-1.1694854274544e-11
8.315,1.08053466125111e-09,-5.81649874716506e-11,-1.16573929618938e-11,-1.16573929618938e-11
8.316,1.07720718038805e-09,-5.79860979542798e-11,-1.16200516923318e-11,-1.16200516923318e-11
8.317,1.07388993339145e-09,-5.78077578610375e-11,-1.15828300810383e-11,-1.15828300810383e-11
8.318,1.0705828888299e-09,-5.76299655070138e-11,-1.15457277444276e-11,-1.15457277444276e-11
8.319,1.06728601536841e-09,-5.7452719212458e-11,-1.1508744300144e-11,-1.1508744300144e-11
8.32,1.06399928176807e-09,-5.72760173027617e-11,-1.14718793670581e-11,-1.14718793670581e-11
8.321,1.06072265688578e-09,-5.70998581084446e-11,-1.14351325652629e-11,-1.14351325652629e-11
8.322,1.05745610967394e-09,-5.69242399651368e-11,-1.13985035160694e-11,-1.13985035160694e-11
8.323,1.05419960918017e-09,-5.67491612135645e-11,-1.1361991842003e-11,-1.1361991842003e-11
8.324,1.05095312454702e-09,-5.65746201995348e-11,-1.13255971668e-11,-1.13255971668e-11
8.325,1.04771662501166e-09,-5.64006152739187e-11,-1.12893191154031e-11,-1.12893191154031e-11
8.326,1.04449007990561e-09,-5.62271447926364e-11,-1.12531573139577e-11,-1.12531573139577e-11
8.327,1.04127345865445e-09,-5.60542071166428e-11,-1.12171113898081e-11,-1.12171113898081e-11
8.328,1.03806673077751e-09,-5.58818006119103e-11,-1.11811809714938e-11,-1.11811809714938e-11
8.329,1.03486986588762e-09,-5.57099236494146e-11,-1.11453656887454e-11,-1.11453656887454e-11
8.33,1.0316828336908e-09,-5.55385746051197e-11,-1.1109665172481e-11,-1.1109665172481e-11
8.331,1.02850560398596e-09,-5.53677518599616e-11,-1.10740790548024e-11,-1.10740790548024e-11
8.332,1.02533814666465e-09,-5.51974537998335e-11,-1.10386069689906e-11,-1.10386069689906e-11
8.333,1.02218043171075e-09,-5.50276788155716e-11,-1.10032485495035e-11,-1.10032485495035e-11
8.334,1.01903242920021e-09,-5.48584253029386e-11,-1.09680034319705e-11,-1.09680034319705e-11
8.335,1.01589410930073e-09,-5.46896916626088e-11,-1.09328712531899e-11,-1.09328712531899e-11
8.336,1.01276544227155e-09,-5.45214763001549e-11,-1.08978516511246e-11,-1.08978516511246e-11
8.337,1.00964639846307e-09,-5.43537776260303e-11,-1.08629442648984e-11,-1.08629442648984e-11
8.338,1.00653694831667e-09,-5.41865940555561e-11,-1.08281487347925e-11,-1.08281487347925e-11
8.339,1.00343706236434e-09,-5.40199240089054e-11,-1.07934647022415e-11,-1.07934647022415e-11
8.34,1.00034671122851e-09,-5.38537659110894e-11,-1.07588918098302e-11,-1.07588918098302e-11
8.341,9.9726586562165e-10,-5.36881181919411e-11,-1.07244297012891e-11,-1.07244297012891e-11
8.342,9.9419449634609e-10,-5.35229792861015e-11,-1.06900780214915e-11,-1.06900780214915e-11
8.343,9.91132574293714e-10,-5.33583476330058e-11,-1.06558364164494e-11,-1.06558364164494e-11
8.344,9.88080070445667e-10,-5.31942216768665e-11,-1.06217045333101e-11,-1.06217045333101e-11
8.345,9.85036955872098e-10,-5.30305998666603e-11,-1.05876820203522e-11,-1.05876820203522e-11
8.346,9.82003201731904e-10,-5.28674806561141e-11,-1.05537685269824e-11,-1.05537685269824e-11
8.347,9.78978779272426e-10,-5.27048625036889e-11,-1.05199637037317e-11,-1.05199637037317e-11
8.348,9.75963659829196e-10,-5.25427438725662e-11,-1.04862672022516e-11,-1.04862672022516e-11
8.349,9.72957814825661e-10,-5.23811232306334e-11,-1.04526786753107e-11,-1.04526786753107e-11
8.35,9.69961215772932e-10,-5.221999905047e-11,-1.04191977767912e-11,-1.04191977767912e-11
8.351,9.66973834269486e-10,-5.20593698093322e-11,-1.03858241616853e-11,-1.03858241616853e-11
8.352,9.63995642000913e-10,-5.1899233989139e-11,-1.03525574860913e-11,-1.03525574860913e-11
8.353,9.61026610739663e-10,-5.1739590076459e-11,-1.03193974072106e-11,-1.03193974072106e-11
8.354,9.58066712344754e-10,-5.15804365624944e-11,-1.02863435833437e-11,-1.02863435833437e-11
8.355,9.55115918761517e-10,-5.14217719430676e-11,-1.02533956738868e-11,-1.02533956738868e-11
8.356,9.5217420202135e-10,-5.12635947186084e-11,-1.02205533393284e-11,-1.02205533393284e-11
8.357,9.49241534241423e-10,-5.11059033941373e-11,-1.01878162412457e-11,-1.01878162412457e-11
8.358,9.46317887624431e-10,-5.09486964792535e-11,-1.01551840423013e-11,-1.01551840423013e-11
8.359,9.43403234458348e-10,-5.07919724881205e-11,-1.01226564062397e-11,-1.01226564062397e-11
8.36,9.40497547116132e-10,-5.06357299394516e-11,-1.00902329978828e-11,-1.00902329978828e-11
8.361,9.37600798055486e-10,-5.04799673564961e-11,-1.00579134831283e-11,-1.00579134831283e-11
8.362,9.34712959818607e-10,-5.03246832670263e-11,-1.0025697528945e-11,-1.0025697528945e-11
8.363,9.31834005031901e-10,-5.01698762033226e-11,-9.99358480336943e-12,-9.99358480336943e-12
8.364,9.28963906405741e-10,-5.00155447021598e-11,-9.96157497550265e-12,-9.96157497550265e-12
8.365,9.2610263673422e-10,-4.98616873047946e-11,-9.92966771550738e-12,-9.92966771550738e-12
8.366,9.23250168894871e-10,-4.97083025569504e-11,-9.89786269460311e-12,-9.89786269460311e-12
8.367,9.20406475848421e-10,-4.9555389008804e-11,-9.86615958506438e-12,-9.86615958506438e-12
8.368,9.17571530638555e-10,-4.94029452149731e-11,-9.83455806021633e-12,-9.83455806021633e-12
8.369,9.1474530639163e-10,-4.92509697345012e-11,-9.80305779443171e-12,-9.80305779443171e-12
8.37,9.11927776316441e-10,-4.90994611308447e-11,-9.77165846312749e-12,-9.77165846312749e-12
8.371,9.09118913703961e-10,-4.89484179718594e-11,-9.74035974276132e-12,-9.74035974276132e-12
8.372,9.06318691927109e-10,-4.87978388297879e-11,-9.70916131082871e-12,-9.70916131082871e-12
8.373,9.03527084440465e-10,-4.86477222812445e-11,-9.67806284585896e-12,-9.67806284585896e-12
8.374,9.00744064780043e-10,-4.84980669072026e-11,-9.64706402741243e-12,-9.64706402741243e-12
8.375,8.97969606563046e-10,-4.83488712929826e-11,-9.61616453607688e-12,-9.61616453607688e-12
8.376,8.95203683487597e-10,-4.82001340282364e-11,-9.58536405346467e-12,-9.58536405346467e-12
8.377,8.92446269332501e-10,-4.80518537069354e-11,-9.55466226220855e-12,-9.55466226220855e-12
8.378,8.89697337957014e-10,-4.79040289273578e-11,-9.52405884595941e-12,-9.52405884595941e-12
8.379,8.86956863300566e-10,-4.77566582920742e-11,-9.4935534893826e-12,-9.4935534893826e-12
8.38,8.84224819382538e-10,-4.76097404079352e-11,-9.46314587815426e-12,-9.46314587815426e-12
8.381,8.81501180302003e-10,-4.7463273886058e-11,-9.43283569895883e-12,-9.43283569895883e-12
8.382,8.78785920237507e-10,-4.73172573418141e-11,-9.40262263948528e-12,-9.40262263948528e-12
8.383,8.76079013446789e-10,-4.71716893948152e-11,-9.37250638842388e-12,-9.37250638842388e-12
8.384,8.73380434266561e-10,-4.70265686689006e-11,-9.34248663546371e-12,-9.34248663546371e-12
8.385,8.70690157112275e-10,-4.68818937921253e-11,-9.31256307128824e-12,-9.31256307128824e-12
8.386,8.68008156477856e-10,-4.67376633967454e-11,-9.28273538757323e-12,-9.28273538757323e-12
8.387,8.65334406935473e-10,-4.65938761192061e-11,-9.25300327698308e-12,-9.25300327698308e-12
8.388,8.62668883135317e-10,-4.64505306001297e-11,-9.22336643316754e-12,-9.22336643316754e-12
8.389,8.60011559805332e-10,-4.63076254843013e-11,-9.1938245507587e-12,-9.1938245507587e-12
8.39,8.5736241175099e-10,-4.61651594206567e-11,-9.16437732536807e-12,-9.16437732536807e-12
8.391,8.5472141385507e-10,-4.60231310622707e-11,-9.13502445358304e-12,-9.13502445358304e-12
8.392,8.52088541077392e-10,-4.58815390663426e-11,-9.10576563296417e-12,-9.10576563296417e-12
8.393,8.49463768454594e-10,-4.57403820941848e-11,-9.0766005620414e-12,-9.0766005620414e-12
8.394,8.46847071099912e-10,-4.55996588112104e-11,-9.04752894031168e-12,-9.04752894031168e-12
8.395,8.44238424202916e-10,-4.54593678869197e-11,-9.01855046823545e-12,-9.01855046823545e-12
8.396,8.41637803029294e-10,-4.53195079948881e-11,-8.9896648472338e-12,-8.9896648472338e-12
8.397,8.39045182920627e-10,-4.51800778127548e-11,-8.96087177968502e-12,-8.96087177968502e-12
8.398,8.36460539294133e-10,-4.50410760222082e-11,-8.93217096892188e-12,-8.93217096892188e-12
8.399,8.33883847642448e-10,-4.49025013089748e-11,-8.90356211922838e-12,-8.90356211922838e-12
8.4,8.31315083533409e-10,-4.47643523628077e-11,-8.87504493583687e-12,-8.87504493583687e-12
8.401,8.28754222609795e-10,-4.46266278774723e-11,-8.84661912492487e-12,-8.84661912492487e-12
8.402,8.26201240589118e-10,-4.44893265507352e-11,-8.81828439361182e-12,-8.81828439361182e-12
8.403,8.23656113263381e-10,-4.4352447084352e-11,-8.79004044995663e-12,-8.79004044995663e-12
8.404,8.21118816498874e-10,-4.42159881840551e-11,-8.76188700295411e-12,-8.76188700295411e-12
8.405,8.18589326235913e-10,-4.4079948559541e-11,-8.73382376253244e-12,-8.73382376253244e-12
8.406,8.16067618488631e-10,-4.39443269244584e-11,-8.70585043954965e-12,-8.70585043954965e-12
8.407,8.13553669344764e-10,-4.38091219963969e-11,-8.677966745791e-12,-8.677966745791e-12
8.408,8.11047454965398e-10,-4.36743324968736e-11,-8.65017239396626e-12,-8.65017239396626e-12
8.409,8.0854895158476e-10,-4.35399571513219e-11,-8.62246709770583e-12,-8.62246709770583e-12
8.41,8.06058135510003e-10,-4.340599468908e-11,-8.59485057155876e-12,-8.59485057155876e-12
8.411,8.03574983120962e-10,-4.32724438433777e-11,-8.56732253098941e-12,-8.56732253098941e-12
8.412,8.01099470869943e-10,-4.31393033513253e-11,-8.53988269237439e-12,-8.53988269237439e-12
8.413,7.98631575281497e-10,-4.30065719539015e-11,-8.51253077299956e-12,-8.51253077299956e-12
8.414,7.96171272952213e-10,-4.28742483959423e-11,-8.48526649105777e-12,-8.48526649105777e-12
8.415,7.93718540550472e-10,-4.2742331426128e-11,-8.45808956564525e-12,-8.45808956564525e-12
8.416,7.91273354816242e-10,-4.26108197969718e-11,-8.43099971675888e-12,-8.43099971675888e-12
8.417,7.88835692560868e-10,-4.24797122648091e-11,-8.40399666529351e-12,-8.40399666529351e-12
8.418,7.86405530666832e-10,-4.23490075897845e-11,-8.37708013303881e-12,-8.37708013303881e-12
8.419,7.83982846087544e-10,-4.22187045358403e-11,-8.35024984267677e-12,-8.35024984267677e-12
8.42,7.8156761584714e-10,-4.20888018707062e-11,-8.32350551777828e-12,-8.32350551777828e-12
8.421,7.79159817040239e-10,-4.19592983658861e-11,-8.29684688280082e-12,-8.29684688280082e-12
8.422,7.76759426831738e-10,-4.1830192796647e-11,-8.27027366308536e-12,-8.27027366308536e-12
8.423,7.74366422456613e-10,-4.17014839420086e-11,-8.24378558485358e-12,-8.24378558485358e-12
8.424,7.71980781219677e-10,-4.15731705847303e-11,-8.21738237520483e-12,-8.21738237520483e-12
8.425,7.69602480495379e-10,-4.14452515113002e-11,-8.19106376211386e-12,-8.19106376211386e-12
8.426,7.67231497727603e-10,-4.13177255119248e-11,-8.16482947442744e-12,-8.16482947442744e-12
8.427,7.64867810429428e-10,-4.11905913805158e-11,-8.13867924186177e-12,-8.13867924186177e-12
8.428,7.62511396182935e-10,-4.106384791468e-11,-8.11261279499979e-12,-8.11261279499979e-12
8.429,7.60162232639001e-10,-4.09374939157081e-11,-8.08662986528831e-12,-8.08662986528831e-12
8.43,7.57820297517067e-10,-4.08115281885626e-11,-8.06073018503515e-12,-8.06073018503515e-12
8.431,7.55485568604939e-10,-4.0685949541867e-11,-8.03491348740657e-12,-8.03491348740657e-12
8.432,7.53158023758594e-10,-4.0560756787895e-11,-8.0091795064244e-12,-8.0091795064244e-12
8.433,7.50837640901942e-10,-4.04359487425585e-11,-7.98352797696341e-12,-7.98352797696341e-12
8.434,7.48524398026636e-10,-4.03115242253972e-11,-7.95795863474828e-12,-7.95795863474828e-12
8.435,7.46218273191858e-10,-4.01874820595668e-11,-7.93247121635113e-12,-7.93247121635113e-12
8.436,7.43919244524127e-10,-4.00638210718293e-11,-7.90706545918898e-12,-7.90706545918898e-12
8.437,7.41627290217068e-10,-3.99405400925401e-11,-7.88174110152046e-12,-7.88174110152046e-12
8.438,7.39342388531218e-10,-3.98176379556382e-11,-7.85649788244377e-12,-7.85649788244377e-12
8.439,7.37064517793835e-10,-3.96951134986354e-11,-7.83133554189338e-12,-7.83133554189338e-12
8.44,7.3479365639867e-10,-3.95729655626045e-11,-7.80625382063785e-12,-7.80625382063785e-12
8.441,7.32529782805771e-10,-3.94511929921688e-11,-7.78125246027687e-12,-7.78125246027687e-12
8.442,7.30272875541297e-10,-3.93297946354921e-11,-7.75633120323865e-12,-7.75633120323865e-12
8.443,7.28022913197288e-10,-3.92087693442661e-11,-7.73148979277735e-12,-7.73148979277735e-12
8.444,7.25779874431481e-10,-3.90881159737012e-11,-7.70672797297031e-12,-7.70672797297031e-12
8.445,7.235437379671e-10,-3.89678333825147e-11,-7.6820454887154e-12,-7.6820454887154e-12
8.446,7.21314482592671e-10,-3.88479204329211e-11,-7.65744208572875e-12,-7.65744208572875e-12
8.447,7.19092087161798e-10,-3.87283759906204e-11,-7.63291751054135e-12,-7.63291751054135e-12
8.448,7.16876530592979e-10,-3.86091989247877e-11,-7.6084715104973e-12,-7.6084715104973e-12
8.449,7.14667791869411e-10,-3.84903881080634e-11,-7.58410383375053e-12,-7.58410383375053e-12
8.45,7.12465850038778e-10,-3.83719424165412e-11,-7.55981422926286e-12,-7.55981422926286e-12
8.451,7.10270684213058e-10,-3.82538607297584e-11,-7.53560244680061e-12,-7.53560244680061e-12
8.452,7.08082273568339e-10,-3.81361419306859e-11,-7.51146823693265e-12,-7.51146823693265e-12
8.453,7.05900597344603e-10,-3.80187849057162e-11,-7.48741135102777e-12,-7.48741135102777e-12
8.454,7.03725634845537e-10,-3.79017885446538e-11,-7.46343154125164e-12,-7.46343154125164e-12
8.455,7.01557365438354e-10,-3.77851517407057e-11,-7.43952856056475e-12,-7.43952856056475e-12
8.456,6.9939576855357e-10,-3.76688733904688e-11,-7.41570216271984e-12,-7.41570216271984e-12
8.457,6.97240823684827e-10,-3.75529523939214e-11,-7.39195210225876e-12,-7.39195210225876e-12
8.458,6.95092510388706e-10,-3.74373876544122e-11,-7.36827813451094e-12,-7.36827813451094e-12
8.459,6.92950808284515e-10,-3.732217807865e-11,-7.34468001558988e-12,-7.34468001558988e-12
8.46,6.90815697054108e-10,-3.72073225766929e-11,-7.32115750239129e-12,-7.32115750239129e-12
8.461,6.88687156441702e-10,-3.70928200619396e-11,-7.29771035259029e-12,-7.29771035259029e-12
8.462,6.86565166253665e-10,-3.69786694511172e-11,-7.27433832463895e-12,-7.27433832463895e-12
8.463,6.84449706358339e-10,-3.68648696642722e-11,-7.25104117776383e-12,-7.25104117776383e-12
8.464,6.82340756685856e-10,-3.67514196247608e-11,-7.22781867196359e-12,-7.22781867196359e-12
8.465,6.80238297227932e-10,-3.66383182592372e-11,-7.2046705680063e-12,-7.2046705680063e-12
8.466,6.78142308037689e-10,-3.6525564497645e-11,-7.18159662742705e-12,-7.18159662742705e-12
8.467,6.76052769229463e-10,-3.64131572732061e-11,-7.15859661252561e-12,-7.15859661252561e-12
8.468,6.73969660978626e-10,-3.63010955224117e-11,-7.13567028636397e-12,-7.13567028636397e-12
8.469,6.71892963521382e-10,-3.61893781850113e-11,-7.11281741276365e-12,-7.11281741276365e-12
8.47,6.69822657154592e-10,-3.60780042040031e-11,-7.09003775630345e-12,-7.09003775630345e-12
8.471,6.67758722235593e-10,-3.59669725256246e-11,-7.06733108231719e-12,-7.06733108231719e-12
8.472,6.65701139181997e-10,-3.58562820993419e-11,-7.04469715689086e-12,-7.04469715689086e-12
8.473,6.63649888471517e-10,-3.574593187784e-11,-7.02213574686051e-12,-7.02213574686051e-12
8.474,6.61604950641778e-10,-3.56359208170131e-11,-6.99964661980989e-12,-6.99964661980989e-12
8.475,6.59566306290149e-10,-3.55262478759554e-11,-6.9772295440679e-12,-6.9772295440679e-12
8.476,6.57533936073532e-10,-3.54169120169499e-11,-6.95488428870618e-12,-6.95488428870618e-12
8.477,6.55507820708198e-10,-3.53079122054597e-11,-6.93261062353683e-12,-6.93261062353683e-12
8.478,6.5348794096961e-10,-3.51992474101183e-11,-6.91040831910998e-12,-6.91040831910998e-12
8.479,6.51474277692227e-10,-3.50909166027192e-11,-6.88827714671151e-12,-6.88827714671151e-12
8.48,6.49466811769323e-10,-3.49829187582066e-11,-6.86621687836043e-12,-6.86621687836043e-12
8.481,6.47465524152831e-10,-3.48752528546665e-11,-6.84422728680703e-12,-6.84422728680703e-12
8.482,6.45470395853129e-10,-3.47679178733156e-11,-6.82230814552991e-12,-6.82230814552991e-12
8.483,6.43481407938882e-10,-3.46609127984927e-11,-6.80045922873411e-12,-6.80045922873411e-12
8.484,6.41498541536866e-10,-3.45542366176494e-11,-6.7786803113486e-12,-6.7786803113486e-12
8.485,6.39521777831775e-10,-3.44478883213396e-11,-6.75697116902407e-12,-6.75697116902407e-12
8.486,6.3755109806605e-10,-3.43418669032106e-11,-6.73533157813035e-12,-6.73533157813035e-12
8.487,6.35586483539713e-10,-3.42361713599942e-11,-6.71376131575442e-12,-6.71376131575442e-12
8.488,6.33627915610173e-10,-3.41308006914959e-11,-6.69226015969799e-12,-6.69226015969799e-12
8.489,6.31675375692056e-10,-3.40257539005865e-11,-6.67082788847491e-12,-6.67082788847491e-12
8.49,6.29728845257042e-10,-3.39210299931928e-11,-6.64946428130962e-12,-6.64946428130962e-12
8.491,6.27788305833671e-10,-3.38166279782874e-11,-6.62816911813409e-12,-6.62816911813409e-12
8.492,6.25853739007176e-10,-3.37125468678802e-11,-6.60694217958595e-12,-6.60694217958595e-12
8.493,6.23925126419323e-10,-3.36087856770089e-11,-6.58578324700614e-12,-6.58578324700614e-12
8.494,6.22002449768214e-10,-3.35053434237294e-11,-6.56469210243678e-12,-6.56469210243678e-12
8.495,6.2008569080813e-10,-3.3402219129107e-11,-6.5436685286187e-12,-6.5436685286187e-12
8.496,6.1817483134935e-10,-3.32994118172067e-11,-6.52271230898927e-12,-6.52271230898927e-12
8.497,6.16269853257998e-10,-3.31969205150849e-11,-6.50182322768033e-12,-6.50182322768033e-12
8.498,6.14370738455844e-10,-3.30947442527793e-11,-6.48100106951576e-12,-6.48100106951576e-12
8.499,6.12477468920149e-10,-3.29928820632999e-11,-6.46024562000935e-12,-6.46024562000935e-12
8.5,6.10590026683505e-10,-3.28913329826209e-11,-6.43955666536253e-12,-6.43955666536253e-12
8.501,6.08708393833641e-10,-3.27900960496702e-11,-6.4189339924623e-12,-6.4189339924623e-12
8.502,6.0683255251327e-10,-3.26891703063214e-11,-6.39837738887887e-12,-6.39837738887887e-12
8.503,6.04962484919926e-10,-3.25885547973844e-11,-6.37788664286351e-12,-6.37788664286351e-12
8.504,6.03098173305776e-10,-3.24882485705966e-11,-6.35746154334648e-12,-6.35746154334648e-12
8.505,6.01239599977471e-10,-3.23882506766135e-11,-6.33710187993476e-12,-6.33710187993476e-12
8.506,5.99386747295964e-10,-3.2288560169e-11,-6.31680744290976e-12,-6.31680744290976e-12
8.507,5.97539597676366e-10,-3.21891761042224e-11,-6.29657802322547e-12,-6.29657802322547e-12
8.508,5.95698133587753e-10,-3.20900975416377e-11,-6.27641341250597e-12,-6.27641341250597e-12
8.509,5.93862337553015e-10,-3.19913235434861e-11,-6.25631340304341e-12,-6.25631340304341e-12
8.51,5.92032192148696e-10,-3.18928531748823e-11,-6.2362777877961e-12,-6.2362777877961e-12
8.511,5.90207680004817e-10,-3.17946855038057e-11,-6.21630636038585e-12,-6.21630636038585e-12
8.512,5.88388783804716e-10,-3.16968196010921e-11,-6.19639891509625e-12,-6.19639891509625e-12
8.513,5.86575486284896e-10,-3.15992545404257e-11,-6.17655524687072e-12,-6.17655524687072e-12
8.514,5.84767770234843e-10,-3.15019893983291e-11,-6.15677515130967e-12,-6.15677515130967e-12
8.515,5.82965618496874e-10,-3.14050232541553e-11,-6.13705842466916e-12,-6.13705842466916e-12
8.516,5.81169013965984e-10,-3.13083551900793e-11,-6.11740486385832e-12,-6.11740486385832e-12
8.517,5.79377939589665e-10,-3.1211984291089e-11,-6.09781426643759e-12,-6.09781426643759e-12
8.518,5.77592378367754e-10,-3.11159096449765e-11,-6.07828643061622e-12,-6.07828643061622e-12
8.519,5.75812313352284e-10,-3.10201303423301e-11,-6.05882115525065e-12,-6.05882115525065e-12
8.52,5.74037727647304e-10,-3.09246454765253e-11,-6.03941823984197e-12,-6.03941823984197e-12
8.521,5.72268604408729e-10,-3.08294541437161e-11,-6.02007748453434e-12,-6.02007748453434e-12
8.522,5.7050492684419e-10,-3.07345554428274e-11,-6.00079869011248e-12,-6.00079869011248e-12
8.523,5.68746678212859e-10,-3.06399484755452e-11,-5.98158165799991e-12,-5.98158165799991e-12
8.524,5.66993841825297e-10,-3.05456323463091e-11,-5.96242619025686e-12,-5.96242619025686e-12
8.525,5.65246401043308e-10,-3.04516061623039e-11,-5.94333208957807e-12,-5.94333208957807e-12
8.526,5.63504339279763e-10,-3.03578690334506e-11,-5.92429915929079e-12,-5.92429915929079e-12
8.527,5.61767639998455e-10,-3.02644200723984e-11,-5.90532720335311e-12,-5.90532720335311e-12
8.528,5.60036286713939e-10,-3.01712583945162e-11,-5.88641602635123e-12,-5.88641602635123e-12
8.529,5.58310262991384e-10,-3.00783831178848e-11,-5.86756543349825e-12,-5.86756543349825e-12
8.53,5.56589552446406e-10,-2.99857933632877e-11,-5.84877523063156e-12,-5.84877523063156e-12
8.531,5.54874138744918e-10,-2.98934882542034e-11,-5.83004522421104e-12,-5.83004522421104e-12
8.532,5.53164005602986e-10,-2.98014669167975e-11,-5.81137522131724e-12,-5.81137522131724e-12
8.533,5.51459136786656e-10,-2.97097284799135e-11,-5.79276502964907e-12,-5.79276502964907e-12
8.534,5.49759516111812e-10,-2.96182720750652e-11,-5.77421445752191e-12,-5.77421445752191e-12
8.535,5.48065127444032e-10,-2.95270968364289e-11,-5.75572331386594e-12,-5.75572331386594e-12
8.536,5.46375954698417e-10,-2.94362019008345e-11,-5.7372914082236e-12,-5.7372914082236e-12
8.537,5.4469198183945e-10,-2.93455864077577e-11,-5.71891855074827e-12,-5.71891855074827e-12
8.538,5.43013192880839e-10,-2.92552494993118e-11,-5.70060455220169e-12,-5.70060455220169e-12
8.539,5.41339571885382e-10,-2.91651903202402e-11,-5.68234922395259e-12,-5.68234922395259e-12
8.54,5.39671102964793e-10,-2.90754080179075e-11,-5.66415237797416e-12,-5.66415237797416e-12
8.541,5.38007770279565e-10,-2.89859017422919e-11,-5.6460138268426e-12,-5.6460138268426e-12
8.542,5.36349558038826e-10,-2.88966706459774e-11,-5.62793338373508e-12,-5.62793338373508e-12
8.543,5.34696450500176e-10,-2.88077138841454e-11,-5.60991086242738e-12,-5.60991086242738e-12
8.544,5.33048431969544e-10,-2.87190306145668e-11,-5.59194607729269e-12,-5.59194607729269e-12
8.545,5.3140548680105e-10,-2.86306199975948e-11,-5.57403884329916e-12,-5.57403884329916e-12
8.546,5.29767599396841e-10,-2.85424811961558e-11,-5.55618897600811e-12,-5.55618897600811e-12
8.547,5.2813475420695e-10,-2.84546133757423e-11,-5.53839629157224e-12,-5.53839629157224e-12
8.548,5.26506935729159e-10,-2.83670157044052e-11,-5.52066060673366e-12,-5.52066060673366e-12
8.549,5.24884128508837e-10,-2.82796873527455e-11,-5.50298173882202e-12,-5.50298173882202e-12
8.55,5.23266317138799e-10,-2.81926274939064e-11,-5.48535950575248e-12,-5.48535950575248e-12
8.551,5.21653486259174e-10,-2.81058353035662e-11,-5.4677937260242e-12,-5.4677937260242e-12
8.552,5.20045620557236e-10,-2.801930995993e-11,-5.45028421871806e-12,-5.45028421871806e-12
8.553,5.18442704767277e-10,-2.79330506437216e-11,-5.43283080349488e-12,-5.43283080349488e-12
8.554,5.16844723670464e-10,-2.78470565381772e-11,-5.41543330059388e-12,-5.41543330059388e-12
8.555,5.1525166209468e-10,-2.77613268290362e-11,-5.39809153083046e-12,-5.39809153083046e-12
8.556,5.13663504914392e-10,-2.76758607045339e-11,-5.38080531559446e-12,-5.38080531559446e-12
8.557,5.12080237050515e-10,-2.7590657355395e-11,-5.36357447684833e-12,-5.36357447684833e-12
8.558,5.10501843470251e-10,-2.75057159748241e-11,-5.34639883712541e-12,-5.34639883712541e-12
8.559,5.08928309186961e-10,-2.74210357584996e-11,-5.32927821952785e-12,-5.32927821952785e-12
8.56,5.07359619260016e-10,-2.73366159045655e-11,-5.31221244772504e-12,-5.31221244772504e-12
8.561,5.05795758794668e-10,-2.72524556136241e-11,-5.2952013459516e-12,-5.2952013459516e-12
8.562,5.04236712941894e-10,-2.71685540887283e-11,-5.27824473900572e-12,-5.27824473900572e-12
8.563,5.0268246689826e-10,-2.70849105353737e-11,-5.2613424522472e-12,-5.2613424522472e-12
8.564,5.01133005905794e-10,-2.70015241614925e-11,-5.24449431159573e-12,-5.24449431159573e-12
8.565,4.99588315251828e-10,-2.69183941774443e-11,-5.22770014352913e-12,-5.22770014352913e-12
8.566,4.98048380268868e-10,-2.68355197960096e-11,-5.21095977508154e-12,-5.21095977508154e-12
8.567,4.96513186334463e-10,-2.67529002323828e-11,-5.19427303384155e-12,-5.19427303384155e-12
8.568,4.9498271887105e-10,-2.66705347041638e-11,-5.1776397479505e-12,-5.1776397479505e-12
8.569,4.93456963345831e-10,-2.65884224313513e-11,-5.16105974610079e-12,-5.16105974610079e-12
8.57,4.91935905270624e-10,-2.65065626363349e-11,-5.14453285753388e-12,-5.14453285753388e-12
8.571,4.90419530201742e-10,-2.6424954543889e-11,-5.12805891203873e-12,-5.12805891203873e-12
8.572,4.88907823739841e-10,-2.63435973811639e-11,-5.11163773995e-12,-5.11163773995e-12
8.573,4.87400771529787e-10,-2.62624903776795e-11,-5.09526917214625e-12,-5.09526917214625e-12
8.574,4.85898359260532e-10,-2.61816327653183e-11,-5.07895304004821e-12,-5.07895304004821e-12
8.575,4.84400572664965e-10,-2.6101023778317e-11,-5.06268917561709e-12,-5.06268917561709e-12
8.576,4.8290739751978e-10,-2.60206626532603e-11,-5.04647741135278e-12,-5.04647741135278e-12
8.577,4.81418819645354e-10,-2.59405486290737e-11,-5.03031758029225e-12,-5.03031758029225e-12
8.578,4.79934824905594e-10,-2.58606809470158e-11,-5.01420951600763e-12,-5.01420951600763e-12
8.579,4.78455399207814e-10,-2.57810588506712e-11,-4.9981530526046e-12,-4.9981530526046e-12
8.58,4.7698052850261e-10,-2.5701681585944e-11,-4.98214802472075e-12,-4.98214802472075e-12
8.581,4.75510198783707e-10,-2.56225484010502e-11,-4.96619426752378e-12,-4.96619426752378e-12
8.582,4.74044396087841e-10,-2.55436585465103e-11,-4.95029161670969e-12,-4.95029161670969e-12
8.583,4.72583106494632e-10,-2.54650112751435e-11,-4.93443990850142e-12,-4.93443990850142e-12
8.584,4.71126316126434e-10,-2.5386605842059e-11,-4.91863897964688e-12,-4.91863897964688e-12
8.585,4.69674011148218e-10,-2.53084415046501e-11,-4.90288866741726e-12,-4.90288866741726e-12
8.586,4.68226177767444e-10,-2.52305175225874e-11,-4.88718880960551e-12,-4.88718880960551e-12
8.587,4.66782802233916e-10,-2.51528331578106e-11,-4.87153924452459e-12,-4.87153924452459e-12
8.588,4.65343870839664e-10,-2.50753876745226e-11,-4.85593981100578e-12,-4.85593981100578e-12
8.589,4.63909369918816e-10,-2.49981803391827e-11,-4.84039034839709e-12,-4.84039034839709e-12
8.59,4.62479285847457e-10,-2.49212104204987e-11,-4.82489069656146e-12,-4.82489069656146e-12
8.591,4.61053605043513e-10,-2.48444771894208e-11,-4.8094406958753e-12,-4.8094406958753e-12
8.592,4.59632313966611e-10,-2.47679799191346e-11,-4.79404018722664e-12,-4.79404018722664e-12
8.593,4.58215399117969e-10,-2.46917178850542e-11,-4.77868901201371e-12,-4.77868901201371e-12
8.594,4.56802847040246e-10,-2.46156903648153e-11,-4.76338701214318e-12,-4.76338701214318e-12
8.595,4.55394644317427e-10,-2.45398966382684e-11,-4.74813403002839e-12,-4.74813403002839e-12
8.596,4.53990777574705e-10,-2.44643359874723e-11,-4.73292990858805e-12,-4.73292990858805e-12
8.597,4.52591233478335e-10,-2.4389007696687e-11,-4.71777449124432e-12,-4.71777449124432e-12
8.598,4.51195998735521e-10,-2.43139110523671e-11,-4.70266762192142e-12,-4.70266762192142e-12
8.599,4.49805060094284e-10,-2.42390453431548e-11,-4.68760914504381e-12,-4.68760914504381e-12
8.6,4.4841840434335e-10,-2.41644098598741e-11,-4.67259890553481e-12,-4.67259890553481e-12
8.601,4.47036018312007e-10,-2.4090003895523e-11,-4.65763674881486e-12,-4.65763674881486e-12
8.602,4.45657888869987e-10,-2.40158267452674e-11,-4.64272252079974e-12,-4.64272252079974e-12
8.603,4.44284002927356e-10,-2.39418777064347e-11,-4.62785606789947e-12,-4.62785606789947e-12
8.604,4.42914347434366e-10,-2.38681560785065e-11,-4.61303723701639e-12,-4.61303723701639e-12
8.605,4.41548909381348e-10,-2.37946611631126e-11,-4.59826587554345e-12,-4.59826587554345e-12
8.606,4.40187675798591e-10,-2.37213922640243e-11,-4.58354183136306e-12,-4.58354183136306e-12
8.607,4.38830633756207e-10,-2.36483486871477e-11,-4.56886495284512e-12,-4.56886495284512e-12
8.608,4.37477770364014e-10,-2.35755297405169e-11,-4.55423508884571e-12,-4.55423508884571e-12
8.609,4.36129072771426e-10,-2.35029347342884e-11,-4.53965208870545e-12,-4.53965208870545e-12
8.61,4.34784528167311e-10,-2.34305629807336e-11,-4.52511580224783e-12,-4.52511580224783e-12
8.611,4.33444123779884e-10,-2.33584137942328e-11,-4.51062607977783e-12,-4.51062607977783e-12
8.612,4.32107846876587e-10,-2.32864864912689e-11,-4.49618277208042e-12,-4.49618277208042e-12
8.613,4.3077568476396e-10,-2.32147803904206e-11,-4.48178573041871e-12,-4.48178573041871e-12
8.614,4.29447624787523e-10,-2.31432948123559e-11,-4.46743480653283e-12,-4.46743480653283e-12
8.615,4.28123654331668e-10,-2.30720290798265e-11,-4.45312985263799e-12,-4.45312985263799e-12
8.616,4.26803760819524e-10,-2.30009825176603e-11,-4.43887072142329e-12,-4.43887072142329e-12
8.617,4.25487931712845e-10,-2.29301544527558e-11,-4.42465726605005e-12,-4.42465726605005e-12
8.618,4.24176154511897e-10,-2.28595442140758e-11,-4.4104893401503e-12,-4.4104893401503e-12
8.619,4.2286841675533e-10,-2.27891511326405e-11,-4.39636679782528e-12,-4.39636679782528e-12
8.62,4.21564706020065e-10,-2.27189745415218e-11,-4.38228949364398e-12,-4.38228949364398e-12
8.621,4.20265009921178e-10,-2.26490137758364e-11,-4.36825728264149e-12,-4.36825728264149e-12
8.622,4.18969316111783e-10,-2.25792681727404e-11,-4.35427002031774e-12,-4.35427002031774e-12
8.623,4.17677612282913e-10,-2.25097370714223e-11,-4.34032756263587e-12,-4.34032756263587e-12
8.624,4.16389886163399e-10,-2.24404198130969e-11,-4.32642976602066e-12,-4.32642976602066e-12
8.625,4.1510612551977e-10,-2.23713157409995e-11,-4.31257648735726e-12,-4.31257648735726e-12
8.626,4.1382631815612e-10,-2.23024242003793e-11,-4.29876758398953e-12,-4.29876758398953e-12
8.627,4.12550451913999e-10,-2.22337445384934e-11,-4.28500291371866e-12,-4.28500291371866e-12
8.628,4.11278514672306e-10,-2.21652761046007e-11,-4.27128233480169e-12,-4.27128233480169e-12
8.629,4.10010494347161e-10,-2.20970182499557e-11,-4.25760570595013e-12,-4.25760570595013e-12
8.63,4.087463788918e-10,-2.20289703278023e-11,-4.24397288632821e-12,-4.24397288632821e-12
8.631,4.07486156296455e-10,-2.19611316933677e-11,-4.23038373555176e-12,-4.23038373555176e-12
8.632,4.06229814588253e-10,-2.18935017038568e-11,-4.2168381136867e-12,-4.2168381136867e-12
8.633,4.04977341831084e-10,-2.18260797184456e-11,-4.20333588124745e-12,-4.20333588124745e-12
8.634,4.03728726125501e-10,-2.17588650982751e-11,-4.18987689919552e-12,-4.18987689919552e-12
8.635,4.02483955608611e-10,-2.16918572064461e-11,-4.17646102893829e-12,-4.17646102893829e-12
8.636,4.01243018453949e-10,-2.1625055408012e-11,-4.16308813232722e-12,-4.16308813232722e-12
8.637,4.00005902871374e-10,-2.15584590699736e-11,-4.14975807165678e-12,-4.14975807165678e-12
8.638,3.98772597106966e-10,-2.14920675612735e-11,-4.13647070966279e-12,-4.13647070966279e-12
8.639,3.97543089442897e-10,-2.1425880252789e-11,-4.12322590952117e-12,-4.12322590952117e-12
8.64,3.96317368197332e-10,-2.13598965173271e-11,-4.11002353484637e-12,-4.11002353484637e-12
8.641,3.95095421724321e-10,-2.12941157296183e-11,-4.09686344969007e-12,-4.09686344969007e-12
8.642,3.93877238413681e-10,-2.12285372663108e-11,-4.08374551853976e-12,-4.08374551853976e-12
8.643,3.92662806690886e-10,-2.11631605059641e-11,-4.07066960631732e-12,-4.07066960631732e-12
8.644,3.9145211501697e-10,-2.10979848290444e-11,-4.05763557837766e-12,-4.05763557837766e-12
8.645,3.90245151888402e-10,-2.10330096179172e-11,-4.04464330050729e-12,-4.04464330050729e-12
8.646,3.89041905836985e-10,-2.09682342568426e-11,-4.03169263892297e-12,-4.03169263892297e-12
8.647,3.87842365429752e-10,-2.09036581319691e-11,-4.01878346027026e-12,-4.01878346027026e-12
8.648,3.8664651926885e-10,-2.08392806313279e-11,-4.00591563162234e-12,-4.00591563162234e-12
8.649,3.85454355991432e-10,-2.07751011448269e-11,-3.9930890204783e-12,-3.9930890204783e-12
8.65,3.84265864269562e-10,-2.07111190642454e-11,-3.98030349476218e-12,-3.98030349476218e-12
8.651,3.8308103281009e-10,-2.0647333783228e-11,-3.96755892282129e-12,-3.96755892282129e-12
8.652,3.8189985035456e-10,-2.0583744697279e-11,-3.95485517342494e-12,-3.95485517342494e-12
8.653,3.80722305679092e-10,-2.05203512037566e-11,-3.94219211576316e-12,-3.94219211576316e-12
8.654,3.7954838759429e-10,-2.04571527018676e-11,-3.92956961944533e-12,-3.92956961944533e-12
8.655,3.78378084945123e-10,-2.03941485926613e-11,-3.91698755449874e-12,-3.91698755449874e-12
8.656,3.77211386610822e-10,-2.03313382790239e-11,-3.90444579136734e-12,-3.90444579136734e-12
8.657,3.76048281504786e-10,-2.02687211656734e-11,-3.89194420091047e-12,-3.89194420091047e-12
8.658,3.74888758574463e-10,-2.02062966591533e-11,-3.87948265440126e-12,-3.87948265440126e-12
8.659,3.73732806801248e-10,-2.01440641678273e-11,-3.8670610235256e-12,-3.8670610235256e-12
8.66,3.72580415200392e-10,-2.00820231018739e-11,-3.85467918038078e-12,-3.85467918038078e-12
8.661,3.71431572820881e-10,-2.00201728732806e-11,-3.84233699747385e-12,-3.84233699747385e-12
8.662,3.70286268745341e-10,-1.99585128958383e-11,-3.83003434772078e-12,-3.83003434772078e-12
8.663,3.69144492089934e-10,-1.98970425851361e-11,-3.81777110444474e-12,-3.81777110444474e-12
8.664,3.68006232004259e-10,-1.98357613585557e-11,-3.8055471413751e-12,-3.8055471413751e-12
8.665,3.6687147767124e-10,-1.97746686352655e-11,-3.79336233264596e-12,-3.79336233264596e-12
8.666,3.65740218307029e-10,-1.97137638362156e-11,-3.78121655279479e-12,-3.78121655279479e-12
8.667,3.6461244316091e-10,-1.96530463841325e-11,-3.76910967676139e-12,-3.76910967676139e-12
8.668,3.63488141515186e-10,-1.95925157035128e-11,-3.75704157988627e-12,-3.75704157988627e-12
8.669,3.62367302685084e-10,-1.95321712206185e-11,-3.74501213790975e-12,-3.74501213790975e-12
8.67,3.61249916018658e-10,-1.94720123634719e-11,-3.73302122697035e-12,-3.73302122697035e-12
8.671,3.60135970896678e-10,-1.94120385618492e-11,-3.72106872360352e-12,-3.72106872360352e-12
8.672,3.59025456732536e-10,-1.93522492472757e-11,-3.70915450474064e-12,-3.70915450474064e-12
8.673,3.5791836297215e-10,-1.92926438530208e-11,-3.69727844770759e-12,-3.69727844770759e-12
8.674,3.56814679093854e-10,-1.92332218140918e-11,-3.6854404302234e-12,-3.6854404302234e-12
8.675,3.55714394608305e-10,-1.91739825672292e-11,-3.67364033039903e-12,-3.67364033039903e-12
8.676,3.54617499058387e-10,-1.91149255509016e-11,-3.66187802673634e-12,-3.66187802673634e-12
8.677,3.53523982019104e-10,-1.90560502052995e-11,-3.65015339812644e-12,-3.65015339812644e-12
8.678,3.52433833097483e-10,-1.89973559723307e-11,-3.63846632384876e-12,-3.63846632384876e-12
8.679,3.51347041932488e-10,-1.89388422956154e-11,-3.62681668356977e-12,-3.62681668356977e-12
8.68,3.50263598194902e-10,-1.88805086204798e-11,-3.61520435734149e-12,-3.61520435734149e-12
8.681,3.49183491587243e-10,-1.88223543939518e-11,-3.60362922560055e-12,-3.60362922560055e-12
8.682,3.48106711843668e-10,-1.87643790647558e-11,-3.59209116916685e-12,-3.59209116916685e-12
8.683,3.47033248729865e-10,-1.87065820833069e-11,-3.5805900692422e-12,-3.5805900692422e-12
8.684,3.45963092042965e-10,-1.86489629017061e-11,-3.56912580740937e-12,-3.56912580740937e-12
8.685,3.44896231611442e-10,-1.85915209737352e-11,-3.55769826563056e-12,-3.55769826563056e-12
8.686,3.43832657295021e-10,-1.85342557548516e-11,-3.54630732624649e-12,-3.54630732624649e-12
8.687,3.42772358984578e-10,-1.8477166702183e-11,-3.53495287197493e-12,-3.53495287197493e-12
8.688,3.4171532660204e-10,-1.84202532745222e-11,-3.52363478590952e-12,-3.52363478590952e-12
8.689,3.40661550100307e-10,-1.83635149323228e-11,-3.51235295151883e-12,-3.51235295151883e-12
8.69,3.39611019463133e-10,-1.8306951137693e-11,-3.50110725264487e-12,-3.50110725264487e-12
8.691,3.3856372470505e-10,-1.8250561354391e-11,-3.48989757350187e-12,-3.48989757350187e-12
8.692,3.37519655871269e-10,-1.81943450478205e-11,-3.47872379867545e-12,-3.47872379867545e-12
8.693,3.36478803037579e-10,-1.81383016850247e-11,-3.46758581312096e-12,-3.46758581312096e-12
8.694,3.35441156310261e-10,-1.80824307346819e-11,-3.4564835021626e-12,-3.4564835021626e-12
8.695,3.34406705825989e-10,-1.80267316671002e-11,-3.44541675149218e-12,-3.44541675149218e-12
8.696,3.33375441751747e-10,-1.7971203954213e-11,-3.43438544716791e-12,-3.43438544716791e-12
8.697,3.3234735428472e-10,-1.79158470695732e-11,-3.42338947561317e-12,-3.42338947561317e-12
8.698,3.31322433652214e-10,-1.78606604883489e-11,-3.41242872361548e-12,-3.41242872361548e-12
8.699,3.3030067011156e-10,-1.78056436873183e-11,-3.40150307832519e-12,-3.40150307832519e-12
8.7,3.2928205395002e-10,-1.77507961448647e-11,-3.39061242725442e-12,-3.39061242725442e-12
8.701,3.28266575484694e-10,-1.76961173409715e-11,-3.37975665827581e-12,-3.37975665827581e-12
8.702,3.27254225062439e-10,-1.76416067572175e-11,-3.36893565962146e-12,-3.36893565962146e-12
8.703,3.26244993059762e-10,-1.75872638767719e-11,-3.35814931988174e-12,-3.35814931988174e-12
8.704,3.25238869882738e-10,-1.75330881843892e-11,-3.34739752800405e-12,-3.34739752800405e-12
8.705,3.24235845966922e-10,-1.74790791664052e-11,-3.33668017329185e-12,-3.33668017329185e-12
8.706,3.23235911777252e-10,-1.7425236310731e-11,-3.32599714540341e-12,-3.32599714540341e-12
8.707,3.22239057807959e-10,-1.73715591068486e-11,-3.31534833435055e-12,-3.31534833435055e-12
8.708,3.21245274582486e-10,-1.73180470458069e-11,-3.30473363049785e-12,-3.30473363049785e-12
8.709,3.20254552653387e-10,-1.72646996202157e-11,-3.2941529245612e-12,-3.2941529245612e-12
8.71,3.19266882602242e-10,-1.72115163242412e-11,-3.28360610760674e-12,-3.28360610760674e-12
8.711,3.18282255039574e-10,-1.71584966536022e-11,-3.27309307104993e-12,-3.27309307104993e-12
8.712,3.17300660604749e-10,-1.7105640105564e-11,-3.26261370665413e-12,-3.26261370665413e-12
8.713,3.16322089965896e-10,-1.70529461789343e-11,-3.25216790652971e-12,-3.25216790652971e-12
8.714,3.15346533819818e-10,-1.70004143740589e-11,-3.24175556313284e-12,-3.24175556313284e-12
8.715,3.14373982891899e-10,-1.69480441928161e-11,-3.23137656926446e-12,-3.23137656926446e-12
8.716,3.1340442793602e-10,-1.68958351386125e-11,-3.22103081806903e-12,-3.22103081806903e-12
8.717,3.1243785973447e-10,-1.68437867163783e-11,-3.2107182030336e-12,-3.2107182030336e-12
8.718,3.11474269097867e-10,-1.67918984325628e-11,-3.20043861798654e-12,-3.20043861798654e-12
8.719,3.10513646865054e-10,-1.67401697951292e-11,-3.19019195709666e-12,-3.19019195709666e-12
8.72,3.09555983903026e-10,-1.66886003135505e-11,-3.17997811487186e-12,-3.17997811487186e-12
8.721,3.08601271106845e-10,-1.66371894988046e-11,-3.16979698615824e-12,-3.16979698615824e-12
8.722,3.07649499399543e-10,-1.65859368633698e-11,-3.15964846613899e-12,-3.15964846613899e-12
8.723,3.06700659732043e-10,-1.65348419212202e-11,-3.14953245033323e-12,-3.14953245033323e-12
8.724,3.05754743083073e-10,-1.64839041878209e-11,-3.13944883459488e-12,-3.13944883459488e-12
8.725,3.04811740459082e-10,-1.6433123180124e-11,-3.12939751511186e-12,-3.12939751511186e-12
8.726,3.03871642894151e-10,-1.63824984165633e-11,-3.11937838840473e-12,-3.11937838840473e-12
8.727,3.02934441449909e-10,-1.63320294170501e-11,-3.10939135132571e-12,-3.10939135132571e-12
8.728,3.02000127215456e-10,-1.62817157029691e-11,-3.09943630105773e-12,-3.09943630105773e-12
8.729,3.01068691307266e-10,-1.62315567971732e-11,-3.08951313511323e-12,-3.08951313511323e-12
8.73,3.0014012486911e-10,-1.61815522239791e-11,-3.0796217513331e-12,-3.0796217513331e-12
8.731,2.99214419071977e-10,-1.61317015091636e-11,-3.0697620478858e-12,-3.0697620478858e-12
8.732,2.98291565113982e-10,-1.60820041799579e-11,-3.05993392326605e-12,-3.05993392326605e-12
8.733,2.97371554220282e-10,-1.60324597650441e-11,-3.05013727629399e-12,-3.05013727629399e-12
8.734,2.96454377643006e-10,-1.59830677945504e-11,-3.04037200611411e-12,-3.04037200611411e-12
8.735,2.95540026661157e-10,-1.59338278000467e-11,-3.03063801219414e-12,-3.03063801219414e-12
8.736,2.94628492580535e-10,-1.58847393145401e-11,-3.02093519432392e-12,-3.02093519432392e-12
8.737,2.93719766733662e-10,-1.58358018724707e-11,-3.01126345261467e-12,-3.01126345261467e-12
8.738,2.92813840479687e-10,-1.5787015009707e-11,-3.00162268749773e-12,-3.00162268749773e-12
8.739,2.91910705204314e-10,-1.57383782635417e-11,-2.99201279972352e-12,-2.99201279972352e-12
8.74,2.91010352319718e-10,-1.56898911726872e-11,-2.98243369036061e-12,-2.98243369036061e-12
8.741,2.90112773264462e-10,-1.56415532772713e-11,-2.9728852607947e-12,-2.9728852607947e-12
8.742,2.89217959503417e-10,-1.55933641188328e-11,-2.9633674127275e-12,-2.9633674127275e-12
8.743,2.88325902527684e-10,-1.55453232403175e-11,-2.95388004817589e-12,-2.95388004817589e-12
8.744,2.87436593854509e-10,-1.54974301860734e-11,-2.94442306947072e-12,-2.94442306947072e-12
8.745,2.86550025027204e-10,-1.54496845018466e-11,-2.93499637925595e-12,-2.93499637925595e-12
8.746,2.85666187615068e-10,-1.54020857347772e-11,-2.9255998804875e-12,-2.9255998804875e-12
8.747,2.84785073213312e-10,-1.5354633433395e-11,-2.91623347643248e-12,-2.91623347643248e-12
8.748,2.83906673442968e-10,-1.53073271476149e-11,-2.90689707066794e-12,-2.90689707066794e-12
8.749,2.83030979950819e-10,-1.52601664287329e-11,-2.89759056707997e-12,-2.89759056707997e-12
8.75,2.82157984409321e-10,-1.52131508294219e-11,-2.88831386986281e-12,-2.88831386986281e-12
8.751,2.81287678516514e-10,-1.51662799037276e-11,-2.87906688351771e-12,-2.87906688351771e-12
8.752,2.80420053995953e-10,-1.51195532070638e-11,-2.86984951285207e-12,-2.86984951285207e-12
8.753,2.7955510259663e-10,-1.50729702962089e-11,-2.86066166297836e-12,-2.86066166297836e-12
8.754,2.78692816092889e-10,-1.50265307293011e-11,-2.8515032393132e-12,-2.8515032393132e-12
8.755,2.77833186284351e-10,-1.49802340658346e-11,-2.84237414757632e-12,-2.84237414757632e-12
8.756,2.7697620499584e-10,-1.49340798666552e-11,-2.83327429378968e-12,-2.83327429378968e-12
8.757,2.76121864077303e-10,-1.48880676939565e-11,-2.8242035842765e-12,-2.8242035842765e-12
8.758,2.75270155403733e-10,-1.48421971112756e-11,-2.81516192566015e-12,-2.81516192566015e-12
8.759,2.74421070875088e-10,-1.47964676834885e-11,-2.80614922486331e-12,-2.80614922486331e-12
8.76,2.73574602416226e-10,-1.47508789768071e-11,-2.7971653891071e-12,-2.7971653891071e-12
8.761,2.72730741976814e-10,-1.4705430558774e-11,-2.78821032590986e-12,-2.78821032590986e-12
8.762,2.71889481531262e-10,-1.46601219982589e-11,-2.77928394308642e-12,-2.77928394308642e-12
8.763,2.71050813078646e-10,-1.46149528654549e-11,-2.77038614874712e-12,-2.77038614874712e-12
8.764,2.70214728642627e-10,-1.45699227318735e-11,-2.7615168512967e-12,-2.7615168512967e-12
8.765,2.69381220271378e-10,-1.45250311703416e-11,-2.75267595943359e-12,-2.75267595943359e-12
8.766,2.68550280037516e-10,-1.44802777549967e-11,-2.74386338214882e-12,-2.74386338214882e-12
8.767,2.67721900038013e-10,-1.44356620612832e-11,-2.73507902872507e-12,-2.73507902872507e-12
8.768,2.66896072394132e-10,-1.43911836659486e-11,-2.72632280873583e-12,-2.72632280873583e-12
8.769,2.66072789251352e-10,-1.4346842147039e-11,-2.71759463204445e-12,-2.71759463204445e-12
8.77,2.65252042779288e-10,-1.43026370838955e-11,-2.70889440880309e-12,-2.70889440880309e-12
8.771,2.64433825171619e-10,-1.42585680571501e-11,-2.70022204945193e-12,-2.70022204945193e-12
8.772,2.63618128646019e-10,-1.4214634648722e-11,-2.69157746471825e-12,-2.69157746471825e-12
8.773,2.62804945444076e-10,-1.41708364418131e-11,-2.68296056561536e-12,-2.68296056561536e-12
8.774,2.61994267831223e-10,-1.41271730209045e-11,-2.67437126344184e-12,-2.67437126344184e-12
8.775,2.61186088096666e-10,-1.40836439717526e-11,-2.66580946978056e-12,-2.66580946978056e-12
8.776,2.60380398553307e-10,-1.4040248881385e-11,-2.65727509649782e-12,-2.65727509649782e-12
8.777,2.59577191537673e-10,-1.39969873380967e-11,-2.64876805574228e-12,-2.64876805574228e-12
8.778,2.58776459409842e-10,-1.3953858931446e-11,-2.64028825994425e-12,-2.64028825994425e-12
8.779,2.57978194553379e-10,-1.39108632522512e-11,-2.63183562181475e-12,-2.63183562181475e-12
8.78,2.57182389375251e-10,-1.3867999892586e-11,-2.62341005434452e-12,-2.62341005434452e-12
8.781,2.56389036305762e-10,-1.38252684457762e-11,-2.6150114708031e-12,-2.6150114708031e-12
8.782,2.55598127798486e-10,-1.37826685063958e-11,-2.60663978473811e-12,-2.60663978473811e-12
8.783,2.54809656330186e-10,-1.37401996702627e-11,-2.59829490997429e-12,-2.59829490997429e-12
8.784,2.54023614400748e-10,-1.36978615344356e-11,-2.58997676061244e-12,-2.58997676061244e-12
8.785,2.5323999453311e-10,-1.36556536972096e-11,-2.58168525102878e-12,-2.58168525102878e-12
8.786,2.52458789273192e-10,-1.36135757581128e-11,-2.5734202958739e-12,-2.5734202958739e-12
8.787,2.51679991189822e-10,-1.35716273179023e-11,-2.56518181007199e-12,-2.56518181007199e-12
8.788,2.50903592874666e-10,-1.35298079785605e-11,-2.55696970881989e-12,-2.55696970881989e-12
8.789,2.50129586942166e-10,-1.34881173432914e-11,-2.54878390758621e-12,-2.54878390758621e-12
8.79,2.4935796602946e-10,-1.34465550165168e-11,-2.54062432211054e-12,-2.54062432211054e-12
8.791,2.48588722796312e-10,-1.34051206038726e-11,-2.53249086840247e-12,-2.53249086840247e-12
8.792,2.47821849925056e-10,-1.33638137122049e-11,-2.52438346274086e-12,-2.52438346274086e-12
8.793,2.47057340120511e-10,-1.33226339495668e-11,-2.51630202167282e-12,-2.51630202167282e-12
8.794,2.46295186109917e-10,-1.32815809252139e-11,-2.50824646201295e-12,-2.50824646201295e-12
8.795,2.45535380642874e-10,-1.32406542496015e-11,-2.50021670084251e-12,-2.50021670084251e-12
8.796,2.44777916491263e-10,-1.31998535343802e-11,-2.4922126555085e-12,-2.4922126555085e-12
8.797,2.4402278644918e-10,-1.31591783923925e-11,-2.48423424362271e-12,-2.48423424362271e-12
8.798,2.43269983332874e-10,-1.31186284376695e-11,-2.47628138306116e-12,-2.47628138306116e-12
8.799,2.42519499980671e-10,-1.30782032854267e-11,-2.46835399196297e-12,-2.46835399196297e-12
8.8,2.4177132925291e-10,-1.30379025520604e-11,-2.46045198872966e-12,-2.46045198872966e-12
8.801,2.41025464031877e-10,-1.29977258551447e-11,-2.45257529202426e-12,-2.45257529202426e-12
8.802,2.40281897221735e-10,-1.29576728134273e-11,-2.44472382077049e-12,-2.44472382077049e-12
8.803,2.39540621748454e-10,-1.2917743046826e-11,-2.43689749415191e-12,-2.43689749415191e-12
8.804,2.38801630559754e-10,-1.28779361764253e-11,-2.42909623161115e-12,-2.42909623161115e-12
8.805,2.38064916625028e-10,-1.28382518244726e-11,-2.42131995284892e-12,-2.42131995284892e-12
8.806,2.37330472935279e-10,-1.27986896143749e-11,-2.41356857782337e-12,-2.41356857782337e-12
8.807,2.36598292503057e-10,-1.2759249170695e-11,-2.4058420267492e-12,-2.4058420267492e-12
8.808,2.35868368362388e-10,-1.27199301191482e-11,-2.39814022009676e-12,-2.39814022009676e-12
8.809,2.35140693568709e-10,-1.26807320865983e-11,-2.39046307859128e-12,-2.39046307859128e-12
8.81,2.34415261198803e-10,-1.26416547010548e-11,-2.38281052321211e-12,-2.38281052321211e-12
8.811,2.33692064350738e-10,-1.26026975916687e-11,-2.37518247519185e-12,-2.37518247519185e-12
8.812,2.32971096143794e-10,-1.25638603887296e-11,-2.36757885601556e-12,-2.36757885601556e-12
8.813,2.32252349718401e-10,-1.25251427236614e-11,-2.35999958741985e-12,-2.35999958741985e-12
8.814,2.31535818236077e-10,-1.248654422902e-11,-2.35244459139229e-12,-2.35244459139229e-12
8.815,2.30821494879358e-10,-1.24480645384887e-11,-2.34491379017041e-12,-2.34491379017041e-12
8.816,2.30109372851736e-10,-1.24097032868751e-11,-2.3374071062409e-12,-2.3374071062409e-12
8.817,2.29399445377599e-10,-1.23714601101083e-11,-2.32992446233901e-12,-2.32992446233901e-12
8.818,2.28691705702158e-10,-1.23333346452345e-11,-2.32246578144752e-12,-2.32246578144752e-12
8.819,2.2798614709139e-10,-1.22953265304141e-11,-2.31503098679611e-12,-2.31503098679611e-12
8.82,2.2728276283197e-10,-1.22574354049181e-11,-2.30762000186041e-12,-2.30762000186041e-12
8.821,2.26581546231214e-10,-1.22196609091251e-11,-2.3002327503614e-12,-2.3002327503614e-12
8.822,2.25882490617007e-10,-1.21820026845171e-11,-2.29286915626448e-12,-2.29286915626448e-12
8.823,2.25185589337743e-10,-1.21444603736771e-11,-2.28552914377875e-12,-2.28552914377875e-12
8.824,2.2449083576227e-10,-1.21070336202849e-11,-2.27821263735623e-12,-2.27821263735623e-12
8.825,2.23798223279813e-10,-1.20697220691141e-11,-2.27091956169103e-12,-2.27091956169103e-12
8.826,2.23107745299921e-10,-1.20325253660289e-11,-2.26364984171856e-12,-2.26364984171856e-12
8.827,2.22419395252403e-10,-1.19954431579805e-11,-2.25640340261495e-12,-2.25640340261495e-12
8.828,2.21733166587266e-10,-1.19584750930038e-11,-2.24918016979605e-12,-2.24918016979605e-12
8.829,2.21049052774649e-10,-1.1921620820214e-11,-2.24198006891665e-12,-2.24198006891665e-12
8.83,2.20367047304769e-10,-1.18848799898037e-11,-2.23480302586999e-12,-2.23480302586999e-12
8.831,2.1968714368785e-10,-1.18482522530391e-11,-2.22764896678668e-12,-2.22764896678668e-12
8.832,2.19009335454068e-10,-1.18117372622569e-11,-2.22051781803413e-12,-2.22051781803413e-12
8.833,2.1833361615349e-10,-1.17753346708612e-11,-2.21340950621574e-12,-2.21340950621574e-12
8.834,2.17659979356009e-10,-1.173904413332e-11,-2.20632395817011e-12,-2.20632395817011e-12
8.835,2.16988418651283e-10,-1.17028653051619e-11,-2.19926110097026e-12,-2.19926110097026e-12
8.836,2.16318927648683e-10,-1.1666797842973e-11,-2.19222086192305e-12,-2.19222086192305e-12
8.837,2.1565149997722e-10,-1.16308414043939e-11,-2.18520316856828e-12,-2.18520316856828e-12
8.838,2.14986129285491e-10,-1.15949956481155e-11,-2.17820794867787e-12,-2.17820794867787e-12
8.839,2.14322809241622e-10,-1.15592602338773e-11,-2.17123513025536e-12,-2.17123513025536e-12
8.84,2.13661533533203e-10,-1.15236348224628e-11,-2.16428464153489e-12,-2.16428464153489e-12
8.841,2.13002295867228e-10,-1.1488119075697e-11,-2.15735641098077e-12,-2.15735641098077e-12
8.842,2.12345089970039e-10,-1.14527126564429e-11,-2.15045036728639e-12,-2.15045036728639e-12
8.843,2.11689909587265e-10,-1.14174152285987e-11,-2.14356643937381e-12,-2.14356643937381e-12
8.844,2.11036748483762e-10,-1.13822264570945e-11,-2.1367045563928e-12,-2.1367045563928e-12
8.845,2.10385600443553e-10,-1.13471460078886e-11,-2.12986464772021e-12,-2.12986464772021e-12
8.846,2.09736459269776e-10,-1.13121735479651e-11,-2.12304664295921e-12,-2.12304664295921e-12
8.847,2.09089318784615e-10,-1.12773087453305e-11,-2.11625047193864e-12,-2.11625047193864e-12
8.848,2.08444172829249e-10,-1.12425512690104e-11,-2.10947606471216e-12,-2.10947606471216e-12
8.849,2.07801015263788e-10,-1.12079007890462e-11,-2.10272335155761e-12,-2.10272335155761e-12
8.85,2.07159839967223e-10,-1.11733569764929e-11,-2.09599226297634e-12,-2.09599226297634e-12
8.851,2.06520640837362e-10,-1.11389195034148e-11,-2.08928272969233e-12,-2.08928272969233e-12
8.852,2.05883411790769e-10,-1.11045880428832e-11,-2.08259468265161e-12,-2.08259468265161e-12
8.853,2.05248146762718e-10,-1.10703622689732e-11,-2.07592805302158e-12,-2.07592805302158e-12
8.854,2.04614839707123e-10,-1.10362418567602e-11,-2.06928277219012e-12,-2.06928277219012e-12
8.855,2.03983484596488e-10,-1.10022264823174e-11,-2.0626587717651e-12,-2.0626587717651e-12
8.856,2.03354075421849e-10,-1.09683158227124e-11,-2.05605598357351e-12,-2.05605598357351e-12
8.857,2.02726606192715e-10,-1.09345095560042e-11,-2.04947433966085e-12,-2.04947433966085e-12
8.858,2.02101070937012e-10,-1.09008073612402e-11,-2.04291377229038e-12,-2.04291377229038e-12
8.859,2.01477463701029e-10,-1.08672089184532e-11,-2.03637421394246e-12,-2.03637421394246e-12
8.86,2.00855778549359e-10,-1.08337139086583e-11,-2.02985559731381e-12,-2.02985559731381e-12
8.861,2.00236009564841e-10,-1.080032201385e-11,-2.02335785531685e-12,-2.02335785531685e-12
8.862,1.99618150848511e-10,-1.07670329169992e-11,-2.01688092107905e-12,-2.01688092107905e-12
8.863,1.99002196519537e-10,-1.07338463020498e-11,-2.0104247279421e-12,-2.0104247279421e-12
8.864,1.98388140715169e-10,-1.07007618539164e-11,-2.00398920946136e-12,-2.00398920946136e-12
8.865,1.97775977590685e-10,-1.06677792584809e-11,-1.99757429940517e-12,-1.99757429940517e-12
8.866,1.97165701319331e-10,-1.06348982025895e-11,-1.991179931754e-12,-1.991179931754e-12
8.867,1.96557306092265e-10,-1.060211837405e-11,-1.98480604070008e-12,-1.98480604070008e-12
8.868,1.95950786118512e-10,-1.05694394616286e-11,-1.97845256064637e-12,-1.97845256064637e-12
8.869,1.95346135624895e-10,-1.05368611550471e-11,-1.97211942620614e-12,-1.97211942620614e-12
8.87,1.94743348855991e-10,-1.050438314498e-11,-1.96580657220218e-12,-1.96580657220218e-12
8.871,1.9414242007407e-10,-1.04720051230515e-11,-1.95951393366614e-12,-1.95951393366614e-12
8.872,1.93543343559049e-10,-1.04397267818325e-11,-1.95324144583791e-12,-1.95324144583791e-12
8.873,1.92946113608426e-10,-1.0407547814838e-11,-1.94698904416492e-12,-1.94698904416492e-12
8.874,1.92350724537234e-10,-1.03754679165238e-11,-1.94075666430141e-12,-1.94075666430141e-12
8.875,1.9175717067799e-10,-1.0343486782284e-11,-1.93454424210795e-12,-1.93454424210795e-12
8.876,1.91165446380631e-10,-1.0311604108448e-11,-1.92835171365049e-12,-1.92835171365049e-12
8.877,1.90575546012469e-10,-1.02798195922772e-11,-1.92217901519999e-12,-1.92217901519999e-12
8.878,1.89987463958135e-10,-1.02481329319631e-11,-1.91602608323165e-12,-1.91602608323165e-12
8.879,1.89401194619525e-10,-1.02165438266235e-11,-1.90989285442419e-12,-1.90989285442419e-12
8.88,1.8881673241575e-10,-1.01850519763001e-11,-1.90377926565929e-12,-1.90377926565929e-12
8.881,1.88234071783075e-10,-1.01536570819555e-11,-1.89768525402087e-12,-1.89768525402087e-12
8.882,1.87653207174882e-10,-1.01223588454709e-11,-1.89161075679453e-12,-1.89161075679453e-12
8.883,1.87074133061598e-10,-1.00911569696423e-11,-1.88555571146677e-12,-1.88555571146677e-12
8.884,1.86496843930658e-10,-1.00600511581787e-11,-1.87952005572447e-12,-1.87952005572447e-12
8.885,1.85921334286446e-10,-1.00290411156987e-11,-1.87350372745427e-12,-1.87350372745427e-12
8.886,1.85347598650244e-10,-9.99812654772776e-12,-1.86750666474178e-12,-1.86750666474178e-12
8.887,1.84775631560179e-10,-9.9673071606957e-12,-1.86152880587096e-12,-1.86152880587096e-12
8.888,1.84205427571175e-10,-9.93658266193377e-12,-1.85557008932374e-12,-1.85557008932374e-12
8.889,1.83636981254896e-10,-9.90595275967176e-12,-1.84963045377904e-12,-1.84963045377904e-12
8.89,1.83070287199699e-10,-9.87541716303537e-12,-1.8437098381123e-12,-1.8437098381123e-12
8.891,1.82505340010583e-10,-9.84497558204361e-12,-1.83780818139496e-12,-1.83780818139496e-12
8.892,1.81942134309133e-10,-9.81462772760575e-12,-1.83192542289358e-12,-1.83192542289358e-12
8.893,1.81380664733474e-10,-9.78437331151872e-12,-1.82606150206944e-12,-1.82606150206944e-12
8.894,1.80820925938218e-10,-9.75421204646461e-12,-1.82021635857778e-12,-1.82021635857778e-12
8.895,1.80262912594415e-10,-9.72414364600759e-12,-1.81438993226719e-12,-1.81438993226719e-12
8.896,1.79706619389498e-10,-9.69416782459138e-12,-1.80858216317911e-12,-1.80858216317911e-12
8.897,1.79152041027241e-10,-9.6642842975367e-12,-1.80279299154708e-12,-1.80279299154708e-12
8.898,1.785991722277e-10,-9.63449278103827e-12,-1.79702235779616e-12,-1.79702235779616e-12
8.899,1.78048007727166e-10,-9.60479299216232e-12,-1.79127020254229e-12,-1.79127020254229e-12
8.9,1.77498542278122e-10,-9.57518464884401e-12,-1.78553646659184e-12,-1.78553646659184e-12
8.901,1.76950770649181e-10,-9.54566746988452e-12,-1.77982109094074e-12,-1.77982109094074e-12
8.902,1.76404687625046e-10,-9.51624117494855e-12,-1.77412401677405e-12,-1.77412401677405e-12
8.903,1.75860288006455e-10,-9.4869054845616e-12,-1.76844518546532e-12,-1.76844518546532e-12
8.904,1.75317566610138e-10,-9.45766012010754e-12,-1.76278453857595e-12,-1.76278453857595e-12
8.905,1.7477651826876e-10,-9.42850480382564e-12,-1.75714201785464e-12,-1.75714201785464e-12
8.906,1.74237137830876e-10,-9.39943925880813e-12,-1.75151756523676e-12,-1.75151756523676e-12
8.907,1.73699420160888e-10,-9.37046320899771e-12,-1.74591112284374e-12,-1.74591112284374e-12
8.908,1.73163360138984e-10,-9.34157637918467e-12,-1.74032263298248e-12,-1.74032263298248e-12
8.909,1.72628952661099e-10,-9.31277849500443e-12,-1.73475203814477e-12,-1.73475203814477e-12
8.91,1.72096192638863e-10,-9.28406928293508e-12,-1.7291992810067e-12,-1.7291992810067e-12
8.911,1.71565074999556e-10,-9.25544847029452e-12,-1.72366430442802e-12,-1.72366430442802e-12
8.912,1.71035594686054e-10,-9.22691578523809e-12,-1.71814705145165e-12,-1.71814705145165e-12
8.913,1.70507746656785e-10,-9.19847095675586e-12,-1.71264746530298e-12,-1.71264746530298e-12
8.914,1.69981525885685e-10,-9.17011371467034e-12,-1.70716548938937e-12,-1.70716548938937e-12
8.915,1.69456927362141e-10,-9.14184378963354e-12,-1.70170106729952e-12,-1.70170106729952e-12
8.916,1.68933946090952e-10,-9.11366091312465e-12,-1.69625414280291e-12,-1.69625414280291e-12
8.917,1.68412577092278e-10,-9.08556481744764e-12,-1.69082465984919e-12,-1.69082465984919e-12
8.918,1.67892815401593e-10,-9.0575552357284e-12,-1.68541256256765e-12,-1.68541256256765e-12
8.919,1.67374656069637e-10,-9.02963190191238e-12,-1.68001779526661e-12,-1.68001779526661e-12
8.92,1.66858094162372e-10,-9.00179455076225e-12,-1.67464030243288e-12,-1.67464030243288e-12
8.921,1.66343124760934e-10,-8.97404291785507e-12,-1.66928002873113e-12,-1.66928002873113e-12
8.922,1.65829742961584e-10,-8.94637673957998e-12,-1.66393691900335e-12,-1.66393691900335e-12
8.923,1.65317943875666e-10,-8.91879575313578e-12,-1.65861091826834e-12,-1.65861091826834e-12
8.924,1.64807722629556e-10,-8.89129969652824e-12,-1.65330197172101e-12,-1.65330197172101e-12
8.925,1.64299074364619e-10,-8.86388830856772e-12,-1.64801002473197e-12,-1.64801002473197e-12
8.926,1.63791994237164e-10,-8.83656132886688e-12,-1.64273502284682e-12,-1.64273502284682e-12
8.927,1.63286477418393e-10,-8.80931849783788e-12,-1.6374769117857e-12,-1.6374769117857e-12
8.928,1.6278251909436e-10,-8.78215955669013e-12,-1.63223563744269e-12,-1.63223563744269e-12
8.929,1.62280114465924e-10,-8.75508424742797e-12,-1.62701114588525e-12,-1.62701114588525e-12
8.93,1.61779258748703e-10,-8.7280923128479e-12,-1.62180338335366e-12,-1.62180338335366e-12
8.931,1.61279947173028e-10,-8.70118349653639e-12,-1.61661229626047e-12,-1.61661229626047e-12
8.932,1.60782174983902e-10,-8.6743575428675e-12,-1.61143783118995e-12,-1.61143783118995e-12
8.933,1.60285937440948e-10,-8.64761419700024e-12,-1.60627993489756e-12,-1.60627993489756e-12
8.934,1.59791229818371e-10,-8.62095320487634e-12,-1.60113855430936e-12,-1.60113855430936e-12
8.935,1.59298047404906e-10,-8.59437431321774e-12,-1.59601363652146e-12,-1.59601363652146e-12
8.936,1.58806385503783e-10,-8.56787726952442e-12,-1.59090512879957e-12,-1.59090512879957e-12
8.937,1.58316239432674e-10,-8.54146182207167e-12,-1.58581297857834e-12,-1.58581297857834e-12
8.938,1.57827604523649e-10,-8.51512771990794e-12,-1.58073713346082e-12,-1.58073713346082e-12
8.939,1.5734047612314e-10,-8.48887471285253e-12,-1.57567754121807e-12,-1.57567754121807e-12
8.94,1.56854849591887e-10,-8.46270255149298e-12,-1.57063414978843e-12,-1.57063414978843e-12
8.941,1.56370720304899e-10,-8.43661098718287e-12,-1.56560690727709e-12,-1.56560690727709e-12
8.942,1.55888083651412e-10,-8.41059977203957e-12,-1.56059576195556e-12,-1.56059576195556e-12
8.943,1.5540693503484e-10,-8.38466865894165e-12,-1.55560066226108e-12,-1.55560066226108e-12
8.944,1.54927269872735e-10,-8.35881740152674e-12,-1.55062155679611e-12,-1.55062155679611e-12
8.945,1.54449083596743e-10,-8.33304575418905e-12,-1.54565839432785e-12,-1.54565839432785e-12
8.946,1.53972371652562e-10,-8.30735347207733e-12,-1.54071112378767e-12,-1.54071112378767e-12
8.947,1.53497129499894e-10,-8.28174031109217e-12,-1.53577969427053e-12,-1.53577969427053e-12
8.948,1.53023352612409e-10,-8.25620602788394e-12,-1.53086405503458e-12,-1.53086405503458e-12
8.949,1.52551036477696e-10,-8.23075037985053e-12,-1.5259641555005e-12,-1.5259641555005e-12
8.95,1.52080176597225e-10,-8.20537312513487e-12,-1.52107994525114e-12,-1.52107994525114e-12
8.951,1.51610768486298e-10,-8.18007402262271e-12,-1.5162113740308e-12,-1.5162113740308e-12
8.952,1.51142807674016e-10,-8.15485283194052e-12,-1.5113583917449e-12,-1.5113583917449e-12
8.953,1.50676289703228e-10,-8.12970931345295e-12,-1.50652094845935e-12,-1.50652094845935e-12
8.954,1.50211210130491e-10,-8.10464322826066e-12,-1.50169899440008e-12,-1.50169899440008e-12
8.955,1.49747564526032e-10,-8.07965433819825e-12,-1.49689247995249e-12,-1.49689247995249e-12
8.956,1.49285348473701e-10,-8.0547424058317e-12,-1.49210135566101e-12,-1.49210135566101e-12
8.957,1.4882455757093e-10,-8.02990719445628e-12,-1.48732557222848e-12,-1.48732557222848e-12
8.958,1.48365187428696e-10,-8.00514846809445e-12,-1.48256508051581e-12,-1.48256508051581e-12
8.959,1.47907233671473e-10,-7.98046599149335e-12,-1.47781983154125e-12,-1.47781983154125e-12
8.96,1.47450691937192e-10,-7.95585953012272e-12,-1.47308977648005e-12,-1.47308977648005e-12
8.961,1.46995557877204e-10,-7.9313288501728e-12,-1.46837486666399e-12,-1.46837486666399e-12
8.962,1.46541827156235e-10,-7.90687371855189e-12,-1.46367505358069e-12,-1.46367505358069e-12
8.963,1.46089495452343e-10,-7.88249390288425e-12,-1.45899028887326e-12,-1.45899028887326e-12
8.964,1.45638558456884e-10,-7.85818917150803e-12,-1.4543205243398e-12,-1.4543205243398e-12
8.965,1.45189011874464e-10,-7.83395929347285e-12,-1.44966571193283e-12,-1.44966571193283e-12
8.966,1.44740851422902e-10,-7.80980403853778e-12,-1.44502580375882e-12,-1.44502580375882e-12
8.967,1.44294072833187e-10,-7.78572317716905e-12,-1.44040075207773e-12,-1.44040075207773e-12
8.968,1.43848671849441e-10,-7.76171648053808e-12,-1.43579050930251e-12,-1.43579050930251e-12
8.969,1.43404644228878e-10,-7.73778372051907e-12,-1.43119502799854e-12,-1.43119502799854e-12
8.97,1.42961985741758e-10,-7.71392466968695e-12,-1.42661426088325e-12,-1.42661426088325e-12
8.971,1.42520692171356e-10,-7.69013910131536e-12,-1.42204816082557e-12,-1.42204816082557e-12
8.972,1.42080759313916e-10,-7.66642678937427e-12,-1.41749668084544e-12,-1.41749668084544e-12
8.973,1.4164218297861e-10,-7.64278750852795e-12,-1.41295977411333e-12,-1.41295977411333e-12
8.974,1.41204958987507e-10,-7.61922103413297e-12,-1.40843739394981e-12,-1.40843739394981e-12
8.975,1.40769083175521e-10,-7.59572714223586e-12,-1.40392949382496e-12,-1.40392949382496e-12
8.976,1.40334551390381e-10,-7.5723056095711e-12,-1.39943602735801e-12,-1.39943602735801e-12
8.977,1.39901359492589e-10,-7.54895621355897e-12,-1.39495694831679e-12,-1.39495694831679e-12
8.978,1.39469503355378e-10,-7.52567873230361e-12,-1.39049221061727e-12,-1.39049221061727e-12
8.979,1.39038978864678e-10,-7.50247294459065e-12,-1.3860417683231e-12,-1.3860417683231e-12
8.98,1.38609781919072e-10,-7.47933862988529e-12,-1.38160557564509e-12,-1.38160557564509e-12
8.981,1.3818190842976e-10,-7.45627556833026e-12,-1.37718358694083e-12,-1.37718358694083e-12
8.982,1.3775535432052e-10,-7.43328354074358e-12,-1.3727757567141e-12,-1.3727757567141e-12
8.983,1.37330115527667e-10,-7.41036232861656e-12,-1.3683820396145e-12,-1.3683820396145e-12
8.984,1.36906188000019e-10,-7.38751171411188e-12,-1.36400239043693e-12,-1.36400239043693e-12
8.985,1.36483567698855e-10,-7.36473148006127e-12,-1.35963676412114e-12,-1.35963676412114e-12
8.986,1.36062250597877e-10,-7.34202140996361e-12,-1.35528511575128e-12,-1.35528511575128e-12
8.987,1.35642232683173e-10,-7.31938128798295e-12,-1.35094740055542e-12,-1.35094740055542e-12
8.988,1.35223509953179e-10,-7.29681089894628e-12,-1.34662357390508e-12,-1.34662357390508e-12
8.989,1.34806078418639e-10,-7.2743100283416e-12,-1.34231359131479e-12,-1.34231359131479e-12
8.99,1.34389934102572e-10,-7.251878462316e-12,-1.33801740844158e-12,-1.33801740844158e-12
8.991,1.33975073040226e-10,-7.22951598767343e-12,-1.33373498108466e-12,-1.33373498108466e-12
8.992,1.3356149127905e-10,-7.20722239187275e-12,-1.32946626518477e-12,-1.32946626518477e-12
8.993,1.33149184878651e-10,-7.1849974630259e-12,-1.3252112168239e-12,-1.3252112168239e-12
8.994,1.32738149910756e-10,-7.16284098989563e-12,-1.32096979222471e-12,-1.32096979222471e-12
8.995,1.32328382459177e-10,-7.14075276189367e-12,-1.31674194775019e-12,-1.31674194775019e-12
8.996,1.31919878619773e-10,-7.11873256907862e-12,-1.31252763990309e-12,-1.31252763990309e-12
8.997,1.31512634500416e-10,-7.09678020215421e-12,-1.30832682532561e-12,-1.30832682532561e-12
8.998,1.31106646220948e-10,-7.074895452467e-12,-1.30413946079879e-12,-1.30413946079879e-12
8.999,1.30701909913149e-10,-7.05307811200456e-12,-1.2999655032422e-12,-1.2999655032422e-12
9,1.30298421720699e-10,-7.03132797339364e-12,-1.29580490971348e-12,-1.29580490971348e-12
9.001,1.29896177799142e-10,-7.00964482989793e-12,-1.29165763740783e-12,-1.29165763740783e-12
9.002,1.29495174315845e-10,-6.98802847541627e-12,-1.28752364365757e-12,-1.28752364365757e-12
9.003,1.29095407449972e-10,-6.96647870448079e-12,-1.28340288593181e-12,-1.28340288593181e-12
9.004,1.28696873392437e-10,-6.94499531225473e-12,-1.2792953218359e-12,-1.2792953218359e-12
9.005,1.28299568345871e-10,-6.92357809453065e-12,-1.275200909111e-12,-1.275200909111e-12
9.006,1.27903488524593e-10,-6.90222684772859e-12,-1.27111960563377e-12,-1.27111960563377e-12
9.007,1.27508630154563e-10,-6.8809413688939e-12,-1.26705136941574e-12,-1.26705136941574e-12
9.008,1.27114989473353e-10,-6.85972145569553e-12,-1.26299615860302e-12,-1.26299615860302e-12
9.009,1.2672256273011e-10,-6.83856690642398e-12,-1.25895393147583e-12,-1.25895393147583e-12
9.01,1.26331346185522e-10,-6.81747751998958e-12,-1.25492464644809e-12,-1.25492464644809e-12
9.011,1.25941336111779e-10,-6.79645309592037e-12,-1.2509082620669e-12,-1.2509082620669e-12
9.012,1.25552528792539e-10,-6.77549343436027e-12,-1.24690473701226e-12,-1.24690473701226e-12
9.013,1.25164920522896e-10,-6.75459833606736e-12,-1.24291403009652e-12,-1.24291403009652e-12
9.014,1.2477850760934e-10,-6.73376760241172e-12,-1.238936100264e-12,-1.238936100264e-12
9.015,1.24393286369724e-10,-6.71300103537373e-12,-1.23497090659062e-12,-1.23497090659062e-12
9.016,1.2400925313323e-10,-6.69229843754223e-12,-1.23101840828335e-12,-1.23101840828335e-12
9.017,1.23626404240334e-10,-6.67165961211249e-12,-1.22707856467993e-12,-1.22707856467993e-12
9.018,1.2324473604277e-10,-6.65108436288443e-12,-1.22315133524835e-12,-1.22315133524835e-12
9.019,1.22864244903496e-10,-6.63057249426091e-12,-1.21923667958651e-12,-1.21923667958651e-12
9.02,1.22484927196661e-10,-6.6101238112456e-12,-1.21533455742172e-12,-1.21533455742172e-12
9.021,1.22106779307566e-10,-6.58973811944132e-12,-1.21144492861035e-12,-1.21144492861035e-12
9.022,1.21729797632637e-10,-6.56941522504825e-12,-1.2075677531374e-12,-1.2075677531374e-12
9.023,1.21353978579386e-10,-6.5491549348619e-12,-1.20370299111608e-12,-1.20370299111608e-12
9.024,1.20979318566374e-10,-6.52895705627143e-12,-1.19985060278738e-12,-1.19985060278738e-12
9.025,1.20605814023186e-10,-6.50882139725785e-12,-1.19601054851972e-12,-1.19601054851972e-12
9.026,1.20233461390389e-10,-6.48874776639209e-12,-1.19218278880848e-12,-1.19218278880848e-12
9.027,1.19862257119502e-10,-6.46873597283326e-12,-1.18836728427562e-12,-1.18836728427562e-12
9.028,1.19492197672961e-10,-6.4487858263268e-12,-1.18456399566928e-12,-1.18456399566928e-12
9.029,1.19123279524088e-10,-6.42889713720283e-12,-1.18077288386337e-12,-1.18077288386337e-12
9.03,1.18755499157052e-10,-6.40906971637412e-12,-1.17699390985713e-12,-1.17699390985713e-12
9.031,1.18388853066843e-10,-6.38930337533444e-12,-1.17322703477482e-12,-1.17322703477482e-12
9.032,1.18023337759232e-10,-6.36959792615686e-12,-1.16947221986521e-12,-1.16947221986521e-12
9.033,1.17658949750744e-10,-6.34995318149177e-12,-1.16572942650126e-12,-1.16572942650126e-12
9.034,1.17295685568618e-10,-6.33036895456522e-12,-1.16199861617968e-12,-1.16199861617968e-12
9.035,1.16933541750782e-10,-6.31084505917724e-12,-1.15827975052056e-12,-1.15827975052056e-12
9.036,1.16572514845813e-10,-6.29138130969989e-12,-1.15457279126694e-12,-1.15457279126694e-12
9.037,1.16212601412907e-10,-6.27197752107558e-12,-1.15087770028446e-12,-1.15087770028446e-12
9.038,1.15853798021851e-10,-6.25263350881548e-12,-1.14719443956097e-12,-1.14719443956097e-12
9.039,1.15496101252981e-10,-6.2333490889975e-12,-1.14352297120604e-12,-1.14352297120604e-12
9.04,1.15139507697159e-10,-6.21412407826475e-12,-1.13986325745071e-12,-1.13986325745071e-12
9.041,1.14784013955732e-10,-6.19495829382367e-12,-1.136215260647e-12,-1.136215260647e-12
9.042,1.14429616640509e-10,-6.17585155344251e-12,-1.13257894326756e-12,-1.13257894326756e-12
9.043,1.1407631237372e-10,-6.15680367544937e-12,-1.12895426790532e-12,-1.12895426790532e-12
9.044,1.13724097787991e-10,-6.13781447873055e-12,-1.12534119727297e-12,-1.12534119727297e-12
9.045,1.13372969526307e-10,-6.118883782729e-12,-1.12173969420278e-12,-1.12173969420278e-12
9.046,1.13022924241985e-10,-6.10001140744237e-12,-1.11814972164604e-12,-1.11814972164604e-12
9.047,1.12673958598635e-10,-6.08119717342142e-12,-1.11457124267275e-12,-1.11457124267275e-12
9.048,1.12326069270137e-10,-6.06244090176844e-12,-1.11100422047127e-12,-1.11100422047127e-12
9.049,1.11979252940604e-10,-6.04374241413531e-12,-1.10744861834785e-12,-1.10744861834785e-12
9.05,1.1163350630435e-10,-6.02510153272196e-12,-1.10390439972635e-12,-1.10390439972635e-12
9.051,1.11288826065865e-10,-6.00651808027479e-12,-1.10037152814783e-12,-1.10037152814783e-12
9.052,1.10945208939776e-10,-5.98799188008474e-12,-1.09684996727012e-12,-1.09684996727012e-12
9.053,1.10602651650817e-10,-5.96952275598579e-12,-1.09333968086752e-12,-1.09333968086752e-12
9.054,1.10261150933806e-10,-5.95111053235333e-12,-1.08984063283041e-12,-1.08984063283041e-12
9.055,1.09920703533603e-10,-5.93275503410234e-12,-1.08635278716483e-12,-1.08635278716483e-12
9.056,1.09581306205087e-10,-5.91445608668587e-12,-1.08287610799217e-12,-1.08287610799217e-12
9.057,1.0924295571312e-10,-5.89621351609329e-12,-1.07941055954877e-12,-1.07941055954877e-12
9.058,1.08905648832521e-10,-5.87802714884879e-12,-1.07595610618553e-12,-1.07595610618553e-12
9.059,1.08569382348034e-10,-5.85989681200955e-12,-1.07251271236762e-12,-1.07251271236762e-12
9.06,1.08234153054291e-10,-5.84182233316421e-12,-1.06908034267402e-12,-1.06908034267402e-12
9.061,1.07899957755796e-10,-5.82380354043132e-12,-1.06565896179724e-12,-1.06565896179724e-12
9.062,1.07566793266878e-10,-5.80584026245752e-12,-1.06224853454285e-12,-1.06224853454285e-12
9.063,1.07234656411672e-10,-5.78793232841601e-12,-1.05884902582923e-12,-1.05884902582923e-12
9.064,1.06903544024088e-10,-5.77007956800507e-12,-1.05546040068717e-12,-1.05546040068717e-12
9.065,1.06573452947774e-10,-5.75228181144621e-12,-1.05208262425948e-12,-1.05208262425948e-12
9.066,1.06244380036092e-10,-5.73453888948268e-12,-1.04871566180063e-12,-1.04871566180063e-12
9.067,1.05916322152091e-10,-5.71685063337797e-12,-1.04535947867645e-12,-1.04535947867645e-12
9.068,1.05589276168466e-10,-5.69921687491401e-12,-1.04201404036372e-12,-1.04201404036372e-12
9.069,1.05263238967541e-10,-5.6816374463897e-12,-1.03867931244982e-12,-1.03867931244982e-12
9.07,1.0493820744123e-10,-5.66411218061931e-12,-1.03535526063241e-12,-1.03535526063241e-12
9.071,1.04614178491015e-10,-5.64664091093094e-12,-1.03204185071903e-12,-1.03204185071903e-12
9.072,1.0429114902791e-10,-5.62922347116484e-12,-1.02873904862679e-12,-1.02873904862679e-12
9.073,1.03969115972435e-10,-5.61185969567188e-12,-1.02544682038198e-12,-1.02544682038198e-12
9.074,1.03648076254589e-10,-5.59454941931208e-12,-1.02216513211976e-12,-1.02216513211976e-12
9.075,1.03328026813814e-10,-5.57729247745288e-12,-1.01889395008377e-12,-1.01889395008377e-12
9.076,1.03008964598973e-10,-5.56008870596768e-12,-1.01563324062581e-12,-1.01563324062581e-12
9.077,1.02690886568319e-10,-5.54293794123435e-12,-1.01238297020549e-12,-1.01238297020549e-12
9.078,1.02373789689463e-10,-5.52584002013351e-12,-1.00914310538989e-12,-1.00914310538989e-12
9.079,1.02057670939349e-10,-5.50879478004712e-12,-1.00591361285318e-12,-1.00591361285318e-12
9.08,1.01742527304225e-10,-5.49180205885696e-12,-1.00269445937632e-12,-1.00269445937632e-12
9.081,1.01428355779611e-10,-5.47486169494295e-12,-9.9948561184671e-13,-9.9948561184671e-13
9.082,1.01115153370275e-10,-5.45797352718175e-12,-9.96287037257803e-13,-9.96287037257803e-13
9.083,1.00802917090202e-10,-5.44113739494524e-12,-9.93098702708845e-13,-9.93098702708845e-13
9.084,1.00491643962566e-10,-5.42435313809891e-12,-9.89920575404457e-13,-9.89920575404457e-13
9.085,1.00181331019701e-10,-5.40762059700038e-12,-9.86752622654358e-13,-9.86752622654358e-13
9.086,9.98719753030752e-11,-5.39093961249798e-12,-9.83594811872989e-13,-9.83594811872989e-13
9.087,9.95635738632609e-11,-5.3743100259291e-12,-9.80447110579196e-13,-9.80447110579196e-13
9.088,9.9256123759907e-11,-5.35773167911877e-12,-9.77309486395891e-13,-9.77309486395891e-13
9.089,9.89496220617109e-11,-5.34120441437812e-12,-9.74181907049709e-13,-9.74181907049709e-13
9.09,9.86440658463925e-11,-5.32472807450303e-12,-9.710643403707e-13,-9.710643403707e-13
9.091,9.83394522006634e-11,-5.30830250277242e-12,-9.67956754291971e-13,-9.67956754291971e-13
9.092,9.80357782202009e-11,-5.29192754294688e-12,-9.64859116849365e-13,-9.64859116849365e-13
9.093,9.7733041009622e-11,-5.27560303926729e-12,-9.6177139618115e-13,-9.6177139618115e-13
9.094,9.74312376824526e-11,-5.25932883645315e-12,-9.5869356052765e-13,-9.5869356052765e-13
9.095,9.71303653611021e-11,-5.24310477970121e-12,-9.5562557823095e-13,-9.5562557823095e-13
9.096,9.68304211768371e-11,-5.22693071468409e-12,-9.52567417734574e-13,-9.52567417734574e-13
9.097,9.65314022697515e-11,-5.21080648754865e-12,-9.49519047583139e-13,-9.49519047583139e-13
9.098,9.62333057887409e-11,-5.1947319449146e-12,-9.46480436422033e-13,-9.46480436422033e-13
9.099,9.59361288914768e-11,-5.17870693387316e-12,-9.4345155299713e-13,-9.4345155299713e-13
9.1,9.56398687443767e-11,-5.16273130198546e-12,-9.40432366154383e-13,-9.40432366154383e-13
9.101,9.53445225225794e-11,-5.14680489728114e-12,-9.37422844839591e-13,-9.37422844839591e-13
9.102,9.50500874099171e-11,-5.13092756825693e-12,-9.34422958098065e-13,-9.34422958098065e-13
9.103,9.47565605988905e-11,-5.11509916387528e-12,-9.31432675074244e-13,-9.31432675074244e-13
9.104,9.44639392906394e-11,-5.0993195335628e-12,-9.28451965011438e-13,-9.28451965011438e-13
9.105,9.41722206949175e-11,-5.08358852720889e-12,-9.25480797251511e-13,-9.25480797251511e-13
9.106,9.38814020300677e-11,-5.06790599516442e-12,-9.22519141234545e-13,-9.22519141234545e-13
9.107,9.35914805229921e-11,-5.05227178824013e-12,-9.19566966498517e-13,-9.19566966498517e-13
9.108,9.33024534091278e-11,-5.03668575770533e-12,-9.16624242679002e-13,-9.16624242679002e-13
9.109,9.30143179324221e-11,-5.02114775528653e-12,-9.13690939508855e-13,-9.13690939508855e-13
9.11,9.27270713453028e-11,-5.00565763316594e-12,-9.10767026817929e-13,-9.10767026817929e-13
9.111,9.24407109086542e-11,-4.99021524398007e-12,-9.07852474532684e-13,-9.07852474532684e-13
9.112,9.21552338917926e-11,-4.97482044081849e-12,-9.04947252675964e-13,-9.04947252675964e-13
9.113,9.18706375724369e-11,-4.95947307722225e-12,-9.0205133136664e-13,-9.0205133136664e-13
9.114,9.15869192366848e-11,-4.94417300718254e-12,-8.99164680819333e-13,-8.99164680819333e-13
9.115,9.13040761789882e-11,-4.92892008513945e-12,-8.9628727134407e-13,-8.9628727134407e-13
9.116,9.10221057021246e-11,-4.9137141659804e-12,-8.9341907334602e-13,-8.9341907334602e-13
9.117,9.07410051171733e-11,-4.89855510503885e-12,-8.90560057325106e-13,-8.90560057325106e-13
9.118,9.04607717434908e-11,-4.883442758093e-12,-8.87710193875858e-13,-8.87710193875858e-13
9.119,9.0181402908683e-11,-4.86837698136429e-12,-8.84869453686931e-13,-8.84869453686931e-13
9.12,8.99028959485814e-11,-4.85335763151611e-12,-8.82037807540929e-13,-8.82037807540929e-13
9.121,8.96252482072168e-11,-4.83838456565244e-12,-8.79215226314044e-13,-8.79215226314044e-13
9.122,8.93484570367966e-11,-4.82345764131657e-12,-8.76401680975791e-13,-8.76401680975791e-13
9.123,8.90725197976761e-11,-4.80857671648959e-12,-8.73597142588659e-13,-8.73597142588659e-13
9.124,8.87974338583351e-11,-4.79374164958913e-12,-8.7080158230787e-13,-8.7080158230787e-13
9.125,8.85231965953546e-11,-4.77895229946812e-12,-8.68014971381073e-13,-8.68014971381073e-13
9.126,8.82498053933889e-11,-4.76420852541326e-12,-8.65237281147991e-13,-8.65237281147991e-13
9.127,8.7977257645142e-11,-4.74951018714382e-12,-8.62468483040171e-13,-8.62468483040171e-13
9.128,8.77055507513446e-11,-4.73485714481032e-12,-8.59708548580738e-13,-8.59708548580738e-13
9.129,8.74346821207263e-11,-4.7202492589931e-12,-8.56957449383987e-13,-8.56957449383987e-13
9.13,8.71646491699928e-11,-4.70568639070108e-12,-8.54215157155165e-13,-8.54215157155165e-13
9.131,8.68954493238024e-11,-4.6911684013705e-12,-8.51481643690198e-13,-8.51481643690198e-13
9.132,8.6627080014739e-11,-4.67669515286345e-12,-8.48756880875344e-13,-8.48756880875344e-13
9.133,8.63595386832893e-11,-4.66226650746669e-12,-8.46040840686918e-13,-8.46040840686918e-13
9.134,8.60928227778181e-11,-4.64788232789029e-12,-8.43333495191052e-13,-8.43333495191052e-13
9.135,8.58269297545454e-11,-4.6335424772664e-12,-8.40634816543352e-13,-8.40634816543352e-13
9.136,8.55618570775198e-11,-4.61924681914785e-12,-8.37944776988595e-13,-8.37944776988595e-13
9.137,8.52976022185956e-11,-4.60499521750691e-12,-8.35263348860508e-13,-8.35263348860508e-13
9.138,8.50341626574106e-11,-4.59078753673406e-12,-8.32590504581477e-13,-8.32590504581477e-13
9.139,8.47715358813589e-11,-4.5766236416366e-12,-8.29926216662201e-13,-8.29926216662201e-13
9.14,8.45097193855685e-11,-4.56250339743741e-12,-8.27270457701437e-13,-8.27270457701437e-13
9.141,8.42487106728795e-11,-4.54842666977375e-12,-8.24623200385763e-13,-8.24623200385763e-13
9.142,8.39885072538169e-11,-4.53439332469587e-12,-8.2198441748923e-13,-8.2198441748923e-13
9.143,8.37291066465686e-11,-4.52040322866579e-12,-8.19354081873124e-13,-8.19354081873124e-13
9.144,8.34705063769635e-11,-4.50645624855609e-12,-8.16732166485676e-13,-8.16732166485676e-13
9.145,8.3212703978445e-11,-4.49255225164857e-12,-8.14118644361778e-13,-8.14118644361778e-13
9.146,8.29556969920487e-11,-4.478691105633e-12,-8.11513488622696e-13,-8.11513488622696e-13
9.147,8.26994829663811e-11,-4.46487267860596e-12,-8.08916672475843e-13,-8.08916672475843e-13
9.148,8.2444059457593e-11,-4.45109683906946e-12,-8.06328169214423e-13,-8.06328169214423e-13
9.149,8.2189424029358e-11,-4.43736345592977e-12,-8.03747952217216e-13,-8.03747952217216e-13
9.15,8.19355742528507e-11,-4.42367239849622e-12,-8.01175994948295e-13,-8.01175994948295e-13
9.151,8.16825077067205e-11,-4.41002353647985e-12,-7.98612270956732e-13,-7.98612270956732e-13
9.152,8.14302219770712e-11,-4.39641673999227e-12,-7.96056753876339e-13,-7.96056753876339e-13
9.153,8.11787146574365e-11,-4.38285187954435e-12,-7.93509417425394e-13,-7.93509417425394e-13
9.154,8.09279833487593e-11,-4.36932882604515e-12,-7.90970235406389e-13,-7.90970235406389e-13
9.155,8.06780256593662e-11,-4.35584745080047e-12,-7.88439181705726e-13,-7.88439181705726e-13
9.156,8.04288392049461e-11,-4.34240762551181e-12,-7.85916230293457e-13,-7.85916230293457e-13
9.157,8.01804216085286e-11,-4.32900922227511e-12,-7.83401355223038e-13,-7.83401355223038e-13
9.158,7.99327705004595e-11,-4.3156521135795e-12,-7.80894530631053e-13,-7.80894530631053e-13
9.159,7.96858835183789e-11,-4.3023361723061e-12,-7.78395730736914e-13,-7.78395730736914e-13
9.16,7.94397583072006e-11,-4.2890612717269e-12,-7.75904929842658e-13,-7.75904929842658e-13
9.161,7.91943925190866e-11,-4.27582728550344e-12,-7.73422102332626e-13,-7.73422102332626e-13
9.162,7.89497838134268e-11,-4.26263408768567e-12,-7.70947222673226e-13,-7.70947222673226e-13
9.163,7.87059298568174e-11,-4.24948155271082e-12,-7.68480265412663e-13,-7.68480265412663e-13
9.164,7.84628283230366e-11,-4.23636955540208e-12,-7.66021205180682e-13,-7.66021205180682e-13
9.165,7.82204768930241e-11,-4.2232979709675e-12,-7.63570016688303e-13,-7.63570016688303e-13
9.166,7.79788732548582e-11,-4.21026667499879e-12,-7.61126674727558e-13,-7.61126674727558e-13
9.167,7.77380151037356e-11,-4.19727554347019e-12,-7.58691154171231e-13,-7.58691154171231e-13
9.168,7.74979001419469e-11,-4.1843244527372e-12,-7.56263429972619e-13,-7.56263429972619e-13
9.169,7.72585260788562e-11,-4.17141327953544e-12,-7.5384347716523e-13,-7.5384347716523e-13
9.17,7.70198906308805e-11,-4.15854190097959e-12,-7.51431270862582e-13,-7.51431270862582e-13
9.171,7.67819915214656e-11,-4.14571019456207e-12,-7.49026786257904e-13,-7.49026786257904e-13
9.172,7.65448264810653e-11,-4.13291803815192e-12,-7.46629998623892e-13,-7.46629998623892e-13
9.173,7.6308393247122e-11,-4.12016530999377e-12,-7.44240883312463e-13,-7.44240883312463e-13
9.174,7.60726895640419e-11,-4.10745188870653e-12,-7.41859415754485e-13,-7.41859415754485e-13
9.175,7.58377131831752e-11,-4.09477765328226e-12,-7.39485571459547e-13,-7.39485571459547e-13
9.176,7.56034618627957e-11,-4.08214248308517e-12,-7.3711932601569e-13,-7.3711932601569e-13
9.177,7.53699333680777e-11,-4.06954625785028e-12,-7.34760655089161e-13,-7.34760655089161e-13
9.178,7.51371254710752e-11,-4.0569888576824e-12,-7.32409534424144e-13,-7.32409534424144e-13
9.179,7.49050359507026e-11,-4.04447016305501e-12,-7.30065939842556e-13,-7.30065939842556e-13
9.18,7.46736625927106e-11,-4.03199005480903e-12,-7.27729847243731e-13,-7.27729847243731e-13
9.181,7.44430031896674e-11,-4.01954841415177e-12,-7.25401232604256e-13,-7.25401232604256e-13
9.182,7.42130555409366e-11,-4.00714512265576e-12,-7.23080071977628e-13,-7.23080071977628e-13
9.183,7.39838174526578e-11,-3.99478006225773e-12,-7.20766341494092e-13,-7.20766341494092e-13
9.184,7.37552867377238e-11,-3.98245311525732e-12,-7.18460017360358e-13,-7.18460017360358e-13
9.185,7.35274612157604e-11,-3.97016416431609e-12,-7.16161075859327e-13,-7.16161075859327e-13
9.186,7.33003387131077e-11,-3.95791309245643e-12,-7.13869493349915e-13,-7.13869493349915e-13
9.187,7.30739170627961e-11,-3.94569978306034e-12,-7.11585246266746e-13,-7.11585246266746e-13
9.188,7.28481941045279e-11,-3.93352411986837e-12,-7.09308311119942e-13,-7.09308311119942e-13
9.189,7.26231676846572e-11,-3.92138598697863e-12,-7.07038664494884e-13,-7.07038664494884e-13
9.19,7.23988356561676e-11,-3.9092852688455e-12,-7.04776283051954e-13,-7.04776283051954e-13
9.191,7.21751958786528e-11,-3.89722185027865e-12,-7.02521143526289e-13,-7.02521143526289e-13
9.192,7.19522462182971e-11,-3.88519561644201e-12,-7.00273222727577e-13,-7.00273222727577e-13
9.193,7.17299845478537e-11,-3.87320645285252e-12,-6.98032497539784e-13,-6.98032497539784e-13
9.194,7.1508408746625e-11,-3.86125424537917e-12,-6.95798944920919e-13,-6.95798944920919e-13
9.195,7.12875167004424e-11,-3.84933888024183e-12,-6.93572541902825e-13,-6.93572541902825e-13
9.196,7.10673063016474e-11,-3.83746024401032e-12,-6.91353265590904e-13,-6.91353265590904e-13
9.197,7.08477754490698e-11,-3.82561822360316e-12,-6.89141093163909e-13,-6.89141093163909e-13
9.198,7.0628922048008e-11,-3.81381270628657e-12,-6.86936001873692e-13,-6.86936001873692e-13
9.199,7.04107440102112e-11,-3.80204357967349e-12,-6.84737969044982e-13,-6.84737969044982e-13
9.2,7.01932392538566e-11,-3.79031073172236e-12,-6.8254697207515e-13,-6.8254697207515e-13
9.201,6.99764057035312e-11,-3.77861405073615e-12,-6.80362988433964e-13,-6.80362988433964e-13
9.202,6.9760241290213e-11,-3.76695342536132e-12,-6.78185995663384e-13,-6.78185995663384e-13
9.203,6.9544743951249e-11,-3.75532874458669e-12,-6.76015971377291e-13,-6.76015971377291e-13
9.204,6.93299116303372e-11,-3.74373989774244e-12,-6.7385289326128e-13,-6.7385289326128e-13
9.205,6.91157422775076e-11,-3.7321867744991e-12,-6.71696739072451e-13,-6.71696739072451e-13
9.206,6.89022338491009e-11,-3.72066926486639e-12,-6.6954748663912e-13,-6.6954748663912e-13
9.207,6.868938430775e-11,-3.70918725919226e-12,-6.67405113860662e-13,-6.67405113860662e-13
9.208,6.8477191622362e-11,-3.69774064816189e-12,-6.65269598707235e-13,-6.65269598707235e-13
9.209,6.82656537680963e-11,-3.68632932279654e-12,-6.63140919219572e-13,-6.63140919219572e-13
9.21,6.80547687263471e-11,-3.67495317445259e-12,-6.61019053508738e-13,-6.61019053508738e-13
9.211,6.78445344847245e-11,-3.66361209482055e-12,-6.58903979755926e-13,-6.58903979755926e-13
9.212,6.76349490370338e-11,-3.65230597592393e-12,-6.56795676212233e-13,-6.56795676212233e-13
9.213,6.7426010383258e-11,-3.6410347101183e-12,-6.54694121198401e-13,-6.54694121198401e-13
9.214,6.72177165295374e-11,-3.62979819009019e-12,-6.52599293104636e-13,-6.52599293104636e-13
9.215,6.70100654881528e-11,-3.61859630885623e-12,-6.50511170390372e-13,-6.50511170390372e-13
9.216,6.68030552775041e-11,-3.60742895976195e-12,-6.48429731584034e-13,-6.48429731584034e-13
9.217,6.65966839220928e-11,-3.59629603648084e-12,-6.46354955282831e-13,-6.46354955282831e-13
9.218,6.63909494525038e-11,-3.58519743301344e-12,-6.44286820152537e-13,-6.44286820152537e-13
9.219,6.61858499053854e-11,-3.57413304368618e-12,-6.42225304927265e-13,-6.42225304927265e-13
9.22,6.59813833234308e-11,-3.56310276315046e-12,-6.4017038840925e-13,-6.4017038840925e-13
9.221,6.57775477553613e-11,-3.55210648638168e-12,-6.38122049468624e-13,-6.38122049468624e-13
9.222,6.55743412559051e-11,-3.54114410867816e-12,-6.36080267043224e-13,-6.36080267043224e-13
9.223,6.53717618857804e-11,-3.53021552566021e-12,-6.34045020138333e-13,-6.34045020138333e-13
9.224,6.51698077116776e-11,-3.51932063326916e-12,-6.32016287826502e-13,-6.32016287826502e-13
9.225,6.49684768062391e-11,-3.50845932776631e-12,-6.29994049247321e-13,-6.29994049247321e-13
9.226,6.47677672480421e-11,-3.49763150573196e-12,-6.27978283607198e-13,-6.27978283607198e-13
9.227,6.456767712158e-11,-3.48683706406448e-12,-6.25968970179129e-13,-6.25968970179129e-13
9.228,6.43682045172455e-11,-3.47607589997932e-12,-6.23966088302557e-13,-6.23966088302557e-13
9.229,6.41693475313103e-11,-3.46534791100797e-12,-6.21969617383052e-13,-6.21969617383052e-13
9.23,6.39711042659079e-11,-3.45465299499705e-12,-6.19979536892179e-13,-6.19979536892179e-13
9.231,6.3773472829017e-11,-3.44399105010738e-12,-6.17995826367277e-13,-6.17995826367277e-13
9.232,6.35764513344411e-11,-3.4333619748129e-12,-6.160184654112e-13,-6.160184654112e-13
9.233,6.33800379017919e-11,-3.42276566789978e-12,-6.1404743369217e-13,-6.1404743369217e-13
9.234,6.31842306564722e-11,-3.41220202846552e-12,-6.12082710943521e-13,-6.12082710943521e-13
9.235,6.29890277296563e-11,-3.40167095591787e-12,-6.10124276963504e-13,-6.10124276963504e-13
9.236,6.27944272582729e-11,-3.39117234997391e-12,-6.08172111615102e-13,-6.08172111615102e-13
9.237,6.26004273849891e-11,-3.38070611065922e-12,-6.06226194825783e-13,-6.06226194825783e-13
9.238,6.24070262581898e-11,-3.37027213830676e-12,-6.04286506587323e-13,-6.04286506587323e-13
9.239,6.2214222031962e-11,-3.359870333556e-12,-6.02353026955578e-13,-6.02353026955578e-13
9.24,6.20220128660776e-11,-3.34950059735206e-12,-6.00425736050312e-13,-6.00425736050312e-13
9.241,6.18303969259744e-11,-3.33916283094462e-12,-5.98504614054939e-13,-5.98504614054939e-13
9.242,6.16393723827394e-11,-3.32885693588708e-12,-5.96589641216389e-13,-5.96589641216389e-13
9.243,6.14489374130924e-11,-3.31858281403562e-12,-5.94680797844835e-13,-5.94680797844835e-13
9.244,6.12590901993669e-11,-3.30834036754826e-12,-5.92778064313544e-13,-5.92778064313544e-13
9.245,6.1069828929494e-11,-3.29812949888389e-12,-5.90881421058635e-13,-5.90881421058635e-13
9.246,6.08811517969846e-11,-3.28795011080141e-12,-5.88990848578893e-13,-5.88990848578893e-13
9.247,6.06930570009135e-11,-3.27780210635881e-12,-5.87106327435602e-13,-5.87106327435602e-13
9.248,6.05055427459003e-11,-3.2676853889122e-12,-5.85227838252269e-13,-5.85227838252269e-13
9.249,6.03186072420934e-11,-3.25759986211488e-12,-5.83355361714502e-13,-5.83355361714502e-13
9.25,6.01322487051539e-11,-3.24754542991657e-12,-5.81488878569756e-13,-5.81488878569756e-13
9.251,5.99464653562368e-11,-3.23752199656229e-12,-5.79628369627173e-13,-5.79628369627173e-13
9.252,5.9761255421975e-11,-3.22752946659161e-12,-5.77773815757355e-13,-5.77773815757355e-13
9.253,5.95766171344635e-11,-3.21756774483771e-12,-5.75925197892188e-13,-5.75925197892188e-13
9.254,5.93925487312403e-11,-3.20763673642643e-12,-5.74082497024637e-13,-5.74082497024637e-13
9.255,5.92090484552714e-11,-3.1977363467754e-12,-5.72245694208542e-13,-5.72245694208542e-13
9.256,5.90261145549342e-11,-3.18786648159319e-12,-5.7041477055844e-13,-5.7041477055844e-13
9.257,5.88437452839994e-11,-3.17802704687835e-12,-5.68589707249354e-13,-5.68589707249354e-13
9.258,5.86619389016159e-11,-3.16821794891853e-12,-5.66770485516621e-13,-5.66770485516621e-13
9.259,5.8480693672293e-11,-3.15843909428961e-12,-5.64957086655665e-13,-5.64957086655665e-13
9.26,5.83000078658856e-11,-3.14869038985485e-12,-5.63149492021844e-13,-5.63149492021844e-13
9.261,5.8119879757576e-11,-3.13897174276392e-12,-5.6134768303023e-13,-5.6134768303023e-13
9.262,5.7940307627858e-11,-3.12928306045208e-12,-5.59551641155427e-13,-5.59551641155427e-13
9.263,5.77612897625218e-11,-3.11962425063932e-12,-5.57761347931377e-13,-5.57761347931377e-13
9.264,5.75828244526358e-11,-3.10999522132943e-12,-5.55976784951174e-13,-5.55976784951174e-13
9.265,5.74049099945315e-11,-3.10039588080913e-12,-5.54197933866872e-13,-5.54197933866872e-13
9.266,5.72275446897876e-11,-3.09082613764731e-12,-5.52424776389294e-13,-5.52424776389294e-13
9.267,5.70507268452127e-11,-3.08128590069399e-12,-5.50657294287848e-13,-5.50657294287848e-13
9.268,5.687445477283e-11,-3.07177507907957e-12,-5.48895469390343e-13,-5.48895469390343e-13
9.269,5.66987267898617e-11,-3.06229358221399e-12,-5.47139283582792e-13,-5.47139283582792e-13
9.27,5.65235412187118e-11,-3.05284131978577e-12,-5.45388718809226e-13,-5.45388718809226e-13
9.271,5.63488963869507e-11,-3.04341820176123e-12,-5.43643757071513e-13,-5.43643757071513e-13
9.272,5.61747906273004e-11,-3.03402413838364e-12,-5.41904380429187e-13,-5.41904380429187e-13
9.273,5.60012222776166e-11,-3.02465904017231e-12,-5.40170570999219e-13,-5.40170570999219e-13
9.274,5.58281896808741e-11,-3.01532281792179e-12,-5.38442310955889e-13,-5.38442310955889e-13
9.275,5.56556911851518e-11,-3.00601538270104e-12,-5.36719582530558e-13,-5.36719582530558e-13
9.276,5.54837251436154e-11,-2.99673664585252e-12,-5.3500236801152e-13,-5.3500236801152e-13
9.277,5.53122899145024e-11,-2.98748651899141e-12,-5.33290649743779e-13,-5.33290649743779e-13
9.278,5.51413838611067e-11,-2.97826491400473e-12,-5.31584410128905e-13,-5.31584410128905e-13
9.279,5.49710053517636e-11,-2.96907174305059e-12,-5.29883631624838e-13,-5.29883631624838e-13
9.28,5.48011527598327e-11,-2.95990691855722e-12,-5.28188296745695e-13,-5.28188296745695e-13
9.281,5.46318244636835e-11,-2.95077035322225e-12,-5.26498388061621e-13,-5.26498388061621e-13
9.282,5.44630188466806e-11,-2.94166196001186e-12,-5.24813888198574e-13,-5.24813888198574e-13
9.283,5.42947342971671e-11,-2.93258165215992e-12,-5.23134779838172e-13,-5.23134779838172e-13
9.284,5.41269692084492e-11,-2.92352934316718e-12,-5.21461045717505e-13,-5.21461045717505e-13
9.285,5.39597219787828e-11,-2.91450494680051e-12,-5.19792668628951e-13,-5.19792668628951e-13
9.286,5.3792991011356e-11,-2.90550837709199e-12,-5.18129631420017e-13,-5.18129631420017e-13
9.287,5.36267747142749e-11,-2.89653954833811e-12,-5.1647191699314e-13,-5.1647191699314e-13
9.288,5.34610715005494e-11,-2.88759837509909e-12,-5.14819508305524e-13,-5.14819508305524e-13
9.289,5.32958797880764e-11,-2.87868477219786e-12,-5.13172388368974e-13,-5.13172388368974e-13
9.29,5.31311979996256e-11,-2.8697986547194e-12,-5.11530540249692e-13,-5.11530540249692e-13
9.291,5.29670245628246e-11,-2.8609399380099e-12,-5.09893947068131e-13,-5.09893947068131e-13
9.292,5.28033579101444e-11,-2.85210853767595e-12,-5.08262591998813e-13,-5.08262591998813e-13
9.293,5.26401964788831e-11,-2.84330436958375e-12,-5.06636458270134e-13,-5.06636458270134e-13
9.294,5.24775387111521e-11,-2.83452734985825e-12,-5.05015529164232e-13,-5.05015529164232e-13
9.295,5.23153830538618e-11,-2.82577739488249e-12,-5.03399788016786e-13,-5.03399788016786e-13
9.296,5.21537279587052e-11,-2.81705442129668e-12,-5.01789218216857e-13,-5.01789218216857e-13
9.297,5.19925718821443e-11,-2.80835834599744e-12,-5.00183803206696e-13,-5.00183803206696e-13
9.298,5.1831913285396e-11,-2.79968908613709e-12,-4.98583526481607e-13,-4.98583526481607e-13
9.299,5.16717506344157e-11,-2.79104655912274e-12,-4.96988371589753e-13,-4.96988371589753e-13
9.3,5.15120823998842e-11,-2.78243068261559e-12,-4.95398322131981e-13,-4.95398322131981e-13
9.301,5.1352907057193e-11,-2.77384137453016e-12,-4.9381336176168e-13,-4.9381336176168e-13
9.302,5.1194223086429e-11,-2.76527855303345e-12,-4.92233474184594e-13,-4.92233474184594e-13
9.303,5.10360289723606e-11,-2.75674213654419e-12,-4.90658643158654e-13,-4.90658643158654e-13
9.304,5.0878323204424e-11,-2.74823204373211e-12,-4.89088852493829e-13,-4.89088852493829e-13
9.305,5.07211042767072e-11,-2.7397481935171e-12,-4.87524086051921e-13,-4.87524086051921e-13
9.306,5.0564370687937e-11,-2.73129050506848e-12,-4.85964327746439e-13,-4.85964327746439e-13
9.307,5.0408120941464e-11,-2.72285889780421e-12,-4.84409561542409e-13,-4.84409561542409e-13
9.308,5.02523535452496e-11,-2.71445329139021e-12,-4.82859771456231e-13,-4.82859771456231e-13
9.309,5.00970670118499e-11,-2.70607360573945e-12,-4.81314941555487e-13,-4.81314941555487e-13
9.31,4.99422598584029e-11,-2.6977197610113e-12,-4.79775055958788e-13,-4.79775055958788e-13
9.311,4.97879306066147e-11,-2.68939167761079e-12,-4.78240098835633e-13,-4.78240098835633e-13
9.312,4.9634077782744e-11,-2.68108927618774e-12,-4.76710054406204e-13,-4.76710054406204e-13
9.313,4.94806999175891e-11,-2.67281247763611e-12,-4.75184906941235e-13,-4.75184906941235e-13
9.314,4.93277955464743e-11,-2.66456120309325e-12,-4.73664640761843e-13,-4.73664640761843e-13
9.315,4.9175363209235e-11,-2.65633537393907e-12,-4.7214924023936e-13,-4.7214924023936e-13
9.316,4.9023401450204e-11,-2.64813491179536e-12,-4.70638689795169e-13,-4.70638689795169e-13
9.317,4.88719088181987e-11,-2.63995973852506e-12,-4.69132973900568e-13,-4.69132973900568e-13
9.318,4.87208838665061e-11,-2.63180977623147e-12,-4.67632077076585e-13,-4.67632077076585e-13
9.319,4.85703251528692e-11,-2.62368494725752e-12,-4.66135983893819e-13,-4.66135983893819e-13
9.32,4.84202312394738e-11,-2.61558517418507e-12,-4.64644678972294e-13,-4.64644678972294e-13
9.321,4.8270600692935e-11,-2.60751037983415e-12,-4.63158146981304e-13,-4.63158146981304e-13
9.322,4.81214320842829e-11,-2.59946048726223e-12,-4.61676372639236e-13,-4.61676372639236e-13
9.323,4.79727239889487e-11,-2.59143541976347e-12,-4.60199340713419e-13,-4.60199340713419e-13
9.324,4.78244749867529e-11,-2.58343510086806e-12,-4.58727036019986e-13,-4.58727036019986e-13
9.325,4.76766836618899e-11,-2.57545945434141e-12,-4.57259443423698e-13,-4.57259443423698e-13
9.326,4.75293486029151e-11,-2.56750840418347e-12,-4.55796547837785e-13,-4.55796547837785e-13
9.327,4.73824684027326e-11,-2.55958187462803e-12,-4.54338334223812e-13,-4.54338334223812e-13
9.328,4.72360416585801e-11,-2.55167979014197e-12,-4.52884787591493e-13,-4.52884787591493e-13
9.329,4.70900669720163e-11,-2.54380207542453e-12,-4.5143589299857e-13,-4.5143589299857e-13
9.33,4.69445429489085e-11,-2.53594865540665e-12,-4.49991635550637e-13,-4.49991635550637e-13
9.331,4.67994681994178e-11,-2.5281194552502e-12,-4.48552000401005e-13,-4.48552000401005e-13
9.332,4.66548413379865e-11,-2.52031440034729e-12,-4.47116972750518e-13,-4.47116972750518e-13
9.333,4.65106609833259e-11,-2.51253341631962e-12,-4.45686537847433e-13,-4.45686537847433e-13
9.334,4.63669257584015e-11,-2.50477642901768e-12,-4.44260680987258e-13,-4.44260680987258e-13
9.335,4.62236342904208e-11,-2.49704336452007e-12,-4.42839387512589e-13,-4.42839387512589e-13
9.336,4.60807852108207e-11,-2.48933414913289e-12,-4.41422642812973e-13,-4.41422642812973e-13
9.337,4.59383771552534e-11,-2.48164870938892e-12,-4.40010432324748e-13,-4.40010432324748e-13
9.338,4.57964087635742e-11,-2.47398697204697e-12,-4.38602741530908e-13,-4.38602741530908e-13
9.339,4.5654878679828e-11,-2.46634886409119e-12,-4.3719955596093e-13,-4.3719955596093e-13
9.34,4.55137855522376e-11,-2.45873431273044e-12,-4.35800861190653e-13,-4.35800861190653e-13
9.341,4.53731280331893e-11,-2.45114324539746e-12,-4.34406642842107e-13,-4.34406642842107e-13
9.342,4.52329047792207e-11,-2.44357558974828e-12,-4.33016886583359e-13,-4.33016886583359e-13
9.343,4.50931144510089e-11,-2.43603127366155e-12,-4.31631578128411e-13,-4.31631578128411e-13
9.344,4.49537557133559e-11,-2.42851022523777e-12,-4.30250703236995e-13,-4.30250703236995e-13
9.345,4.48148272351771e-11,-2.42101237279867e-12,-4.28874247714464e-13,-4.28874247714464e-13
9.346,4.46763276894892e-11,-2.41353764488655e-12,-4.27502197411624e-13,-4.27502197411624e-13
9.347,4.45382557533959e-11,-2.40608597026354e-12,-4.26134538224617e-13,-4.26134538224617e-13
9.348,4.44006101080766e-11,-2.39865727791094e-12,-4.24771256094735e-13,-4.24771256094735e-13
9.349,4.42633894387737e-11,-2.39125149702861e-12,-4.23412337008318e-13,-4.23412337008318e-13
9.35,4.41265924347797e-11,-2.38386855703421e-12,-4.22057766996578e-13,-4.22057766996578e-13
9.351,4.39902177894249e-11,-2.37650838756258e-12,-4.20707532135471e-13,-4.20707532135471e-13
9.352,4.38542642000648e-11,-2.36917091846505e-12,-4.19361618545541e-13,-4.19361618545541e-13
9.353,4.37187303680688e-11,-2.36185607980883e-12,-4.18020012391806e-13,-4.18020012391806e-13
9.354,4.35836149988062e-11,-2.35456380187625e-12,-4.16682699883576e-13,-4.16682699883576e-13
9.355,4.34489168016345e-11,-2.34729401516419e-12,-4.15349667274329e-13,-4.15349667274329e-13
9.356,4.33146344898883e-11,-2.34004665038339e-12,-4.14020900861579e-13,-4.14020900861579e-13
9.357,4.31807667808652e-11,-2.33282163845775e-12,-4.12696386986731e-13,-4.12696386986731e-13
9.358,4.30473123958144e-11,-2.32561891052374e-12,-4.11376112034927e-13,-4.11376112034927e-13
9.359,4.29142700599257e-11,-2.31843839792971e-12,-4.10060062434921e-13,-4.10060062434921e-13
9.36,4.27816385023151e-11,-2.31128003223526e-12,-4.08748224658919e-13,-4.08748224658919e-13
9.361,4.26494164560142e-11,-2.30414374521054e-12,-4.07440585222474e-13,-4.07440585222474e-13
9.362,4.25176026579585e-11,-2.29702946883571e-12,-4.06137130684318e-13,-4.06137130684318e-13
9.363,4.2386195848974e-11,-2.28993713530016e-12,-4.04837847646221e-13,-4.04837847646221e-13
9.364,4.22551947737661e-11,-2.28286667700195e-12,-4.03542722752885e-13,-4.03542722752885e-13
9.365,4.21245981809082e-11,-2.27581802654719e-12,-4.02251742691776e-13,-4.02251742691776e-13
9.366,4.19944048228284e-11,-2.26879111674933e-12,-4.0096489419299e-13,-4.0096489419299e-13
9.367,4.18646134557984e-11,-2.26178588062853e-12,-3.99682164029134e-13,-3.99682164029134e-13
9.368,4.17352228399223e-11,-2.25480225141112e-12,-3.98403539015184e-13,-3.98403539015184e-13
9.369,4.16062317391235e-11,-2.24784016252883e-12,-3.97129006008332e-13,-3.97129006008332e-13
9.37,4.14776389211339e-11,-2.24089954761827e-12,-3.95858551907858e-13,-3.95858551907858e-13
9.371,4.13494431574817e-11,-2.23398034052022e-12,-3.94592163655026e-13,-3.94592163655026e-13
9.372,4.12216432234804e-11,-2.22708247527909e-12,-3.93329828232903e-13,-3.93329828232903e-13
9.373,4.10942378982161e-11,-2.22020588614218e-12,-3.92071532666249e-13,-3.92071532666249e-13
9.374,4.09672259645365e-11,-2.21335050755916e-12,-3.90817264021388e-13,-3.90817264021388e-13
9.375,4.08406062090398e-11,-2.20651627418141e-12,-3.89567009406057e-13,-3.89567009406057e-13
9.376,4.07143774220621e-11,-2.19970312086138e-12,-3.88320755969287e-13,-3.88320755969287e-13
9.377,4.05885383976664e-11,-2.19291098265199e-12,-3.87078490901275e-13,-3.87078490901275e-13
9.378,4.04630879336318e-11,-2.18613979480603e-12,-3.8584020143323e-13,-3.8584020143323e-13
9.379,4.03380248314409e-11,-2.17938949277551e-12,-3.84605874837278e-13,-3.84605874837278e-13
9.38,4.02133478962686e-11,-2.17266001221108e-12,-3.83375498426279e-13,-3.83375498426279e-13
9.381,4.00890559369722e-11,-2.16595128896141e-12,-3.82149059553756e-13,-3.82149059553756e-13
9.382,3.99651477660779e-11,-2.15926325907258e-12,-3.80926545613708e-13,-3.80926545613708e-13
9.383,3.98416221997709e-11,-2.15259585878744e-12,-3.79707944040538e-13,-3.79707944040538e-13
9.384,3.97184780578836e-11,-2.14594902454507e-12,-3.78493242308857e-13,-3.78493242308857e-13
9.385,3.95957141638852e-11,-2.13932269298015e-12,-3.77282427933424e-13,-3.77282427933424e-13
9.386,3.94733293448692e-11,-2.13271680092233e-12,-3.76075488468964e-13,-3.76075488468964e-13
9.387,3.9351322431543e-11,-2.12613128539565e-12,-3.74872411510066e-13,-3.74872411510066e-13
9.388,3.92296922582173e-11,-2.11956608361798e-12,-3.73673184691054e-13,-3.73673184691054e-13
9.389,3.91084376627937e-11,-2.11302113300036e-12,-3.72477795685848e-13,-3.72477795685848e-13
9.39,3.89875574867545e-11,-2.10649637114643e-12,-3.71286232207849e-13,-3.71286232207849e-13
9.391,3.8867050575152e-11,-2.09999173585189e-12,-3.70098482009809e-13,-3.70098482009809e-13
9.392,3.87469157765967e-11,-2.09350716510381e-12,-3.68914532883702e-13,-3.68914532883702e-13
9.393,3.86271519432463e-11,-2.08704259708013e-12,-3.67734372660599e-13,-3.67734372660599e-13
9.394,3.85077579307963e-11,-2.08059797014905e-12,-3.66557989210547e-13,-3.66557989210547e-13
9.395,3.83887325984671e-11,-2.0741732228684e-12,-3.65385370442442e-13,-3.65385370442442e-13
9.396,3.82700748089939e-11,-2.06776829398511e-12,-3.64216504303892e-13,-3.64216504303892e-13
9.397,3.81517834286171e-11,-2.06138312243463e-12,-3.63051378781134e-13,-3.63051378781134e-13
9.398,3.80338573270694e-11,-2.0550176473403e-12,-3.6188998189884e-13,-3.6188998189884e-13
9.399,3.79162953775664e-11,-2.04867180801281e-12,-3.60732301720061e-13,-3.60732301720061e-13
9.4,3.77990964567962e-11,-2.04234554394965e-12,-3.59578326346082e-13,-3.59578326346082e-13
9.401,3.76822594449072e-11,-2.03603879483447e-12,-3.58428043916282e-13,-3.58428043916282e-13
9.402,3.75657832254988e-11,-2.02975150053656e-12,-3.5728144260802e-13,-3.5728144260802e-13
9.403,3.74496666856101e-11,-2.02348360111024e-12,-3.56138510636536e-13,-3.56138510636536e-13
9.404,3.73339087157102e-11,-2.01723503679436e-12,-3.54999236254806e-13,-3.54999236254806e-13
9.405,3.72185082096862e-11,-2.01100574801163e-12,-3.53863607753417e-13,-3.53863607753417e-13
9.406,3.71034640648337e-11,-2.00479567536815e-12,-3.52731613460469e-13,-3.52731613460469e-13
9.407,3.69887751818464e-11,-1.9986047596528e-12,-3.51603241741441e-13,-3.51603241741441e-13
9.408,3.6874440464805e-11,-1.99243294183667e-12,-3.50478480999072e-13,-3.50478480999072e-13
9.409,3.67604588211671e-11,-1.98628016307252e-12,-3.49357319673234e-13,-3.49357319673234e-13
9.41,3.66468291617571e-11,-1.98014636469425e-12,-3.48239746240838e-13,-3.48239746240838e-13
9.411,3.65335504007552e-11,-1.97403148821627e-12,-3.47125749215678e-13,-3.47125749215678e-13
9.412,3.64206214556874e-11,-1.96793547533298e-12,-3.46015317148353e-13,-3.46015317148353e-13
9.413,3.63080412474158e-11,-1.96185826791828e-12,-3.44908438626121e-13,-3.44908438626121e-13
9.414,3.61958087001271e-11,-1.95579980802491e-12,-3.43805102272787e-13,-3.43805102272787e-13
9.415,3.60839227413233e-11,-1.94976003788396e-12,-3.42705296748595e-13,-3.42705296748595e-13
9.416,3.59723823018109e-11,-1.9437388999043e-12,-3.41609010750109e-13,-3.41609010750109e-13
9.417,3.58611863156918e-11,-1.93773633667211e-12,-3.4051623301008e-13,-3.4051623301008e-13
9.418,3.57503337203517e-11,-1.93175229095019e-12,-3.39426952297359e-13,-3.39426952297359e-13
9.419,3.56398234564508e-11,-1.92578670567753e-12,-3.38341157416751e-13,-3.38341157416751e-13
9.42,3.5529654467914e-11,-1.91983952396878e-12,-3.37258837208923e-13,-3.37258837208923e-13
9.421,3.54198257019202e-11,-1.9139106891136e-12,-3.36179980550283e-13,-3.36179980550283e-13
9.422,3.53103361088922e-11,-1.90800014457622e-12,-3.3510457635285e-13,-3.3510457635285e-13
9.423,3.52011846424881e-11,-1.90210783399488e-12,-3.34032613564171e-13,-3.34032613564171e-13
9.424,3.50923702595892e-11,-1.89623370118129e-12,-3.32964081167168e-13,-3.32964081167168e-13
9.425,3.49838919202917e-11,-1.89037769012005e-12,-3.31898968180069e-13,-3.31898968180069e-13
9.426,3.48757485878965e-11,-1.88453974496824e-12,-3.30837263656249e-13,-3.30837263656249e-13
9.427,3.47679392288989e-11,-1.87871981005475e-12,-3.29778956684159e-13,-3.29778956684159e-13
9.428,3.46604628129787e-11,-1.87291782987982e-12,-3.28724036387178e-13,-3.28724036387178e-13
9.429,3.45533183129914e-11,-1.86713374911456e-12,-3.27672491923536e-13,-3.27672491923536e-13
9.43,3.44465047049573e-11,-1.86136751260032e-12,-3.26624312486167e-13,-3.26624312486167e-13
9.431,3.43400209680521e-11,-1.85561906534823e-12,-3.25579487302624e-13,-3.25579487302624e-13
9.432,3.42338660845974e-11,-1.84988835253868e-12,-3.24538005634954e-13,-3.24538005634954e-13
9.433,3.41280390400512e-11,-1.8441753195208e-12,-3.23499856779596e-13,-3.23499856779596e-13
9.434,3.40225388229974e-11,-1.8384799118119e-12,-3.22465030067272e-13,-3.22465030067272e-13
9.435,3.3917364425137e-11,-1.83280207509698e-12,-3.21433514862856e-13,-3.21433514862856e-13
9.436,3.38125148412785e-11,-1.82714175522826e-12,-3.20405300565305e-13,-3.20405300565305e-13
9.437,3.37079890693275e-11,-1.82149889822457e-12,-3.19380376607502e-13,-3.19380376607502e-13
9.438,3.3603786110278e-11,-1.81587345027093e-12,-3.18358732456185e-13,-3.18358732456185e-13
9.439,3.3499904968203e-11,-1.81026535771798e-12,-3.17340357611826e-13,-3.17340357611826e-13
9.44,3.33963446502439e-11,-1.8046745670815e-12,-3.16325241608515e-13,-3.16325241608515e-13
9.441,3.32931041666022e-11,-1.79910102504187e-12,-3.15313374013855e-13,-3.15313374013855e-13
9.442,3.319018253053e-11,-1.79354467844363e-12,-3.14304744428873e-13,-3.14304744428873e-13
9.443,3.30875787583197e-11,-1.7880054742949e-12,-3.13299342487883e-13,-3.13299342487883e-13
9.444,3.29852918692956e-11,-1.78248335976691e-12,-3.12297157858405e-13,-3.12297157858405e-13
9.445,3.28833208858039e-11,-1.77697828219349e-12,-3.11298180241046e-13,-3.11298180241046e-13
9.446,3.27816648332042e-11,-1.77149018907063e-12,-3.10302399369395e-13,-3.10302399369395e-13
9.447,3.26803227398594e-11,-1.76601902805587e-12,-3.0930980500992e-13,-3.0930980500992e-13
9.448,3.25792936371265e-11,-1.76056474696788e-12,-3.08320386961861e-13,-3.08320386961861e-13
9.449,3.24785765593484e-11,-1.75512729378597e-12,-3.07334135057125e-13,-3.07334135057125e-13
9.45,3.23781705438434e-11,-1.74970661664956e-12,-3.0635103916018e-13,-3.0635103916018e-13
9.451,3.22780746308966e-11,-1.74430266385768e-12,-3.05371089167954e-13,-3.05371089167954e-13
9.452,3.21782878637513e-11,-1.73891538386855e-12,-3.04394275009733e-13,-3.04394275009733e-13
9.453,3.20788092885989e-11,-1.733544725299e-12,-3.03420586647051e-13,-3.03420586647051e-13
9.454,3.19796379545703e-11,-1.72819063692402e-12,-3.02450014073589e-13,-3.02450014073589e-13
9.455,3.18807729137272e-11,-1.72285306767633e-12,-3.0148254731507e-13,-3.0148254731507e-13
9.456,3.17822132210525e-11,-1.71753196664578e-12,-3.00518176429164e-13,-3.00518176429164e-13
9.457,3.16839579344415e-11,-1.71222728307897e-12,-2.99556891505376e-13,-2.99556891505376e-13
9.458,3.15860061146932e-11,-1.70693896637873e-12,-2.98598682664957e-13,-2.98598682664957e-13
9.459,3.14883568255009e-11,-1.70166696610361e-12,-2.9764354006078e-13,-2.9764354006078e-13
9.46,3.13910091334436e-11,-1.69641123196745e-12,-2.96691453877265e-13,-2.96691453877265e-13
9.461,3.12939621079773e-11,-1.69117171383888e-12,-2.95742414330259e-13,-2.95742414330259e-13
9.462,3.11972148214255e-11,-1.68594836174084e-12,-2.94796411666944e-13,-2.94796411666944e-13
9.463,3.1100766348971e-11,-1.68074112585011e-12,-2.93853436165732e-13,-2.93853436165732e-13
9.464,3.10046157686466e-11,-1.67554995649685e-12,-2.92913478136167e-13,-2.92913478136167e-13
9.465,3.09087621613272e-11,-1.67037480416411e-12,-2.91976527918837e-13,-2.91976527918837e-13
9.466,3.08132046107198e-11,-1.66521561948738e-12,-2.91042575885243e-13,-2.91042575885243e-13
9.467,3.07179422033555e-11,-1.66007235325406e-12,-2.90111612437734e-13,-2.90111612437734e-13
9.468,3.06229740285812e-11,-1.65494495640312e-12,-2.89183628009397e-13,-2.89183628009397e-13
9.469,3.05282991785501e-11,-1.6498333800245e-12,-2.88258613063942e-13,-2.88258613063942e-13
9.47,3.04339167482132e-11,-1.6447375753587e-12,-2.8733655809563e-13,-2.8733655809563e-13
9.471,3.03398258353116e-11,-1.63965749379635e-12,-2.86417453629159e-13,-2.86417453629159e-13
9.472,3.02460255403666e-11,-1.6345930868777e-12,-2.85501290219567e-13,-2.85501290219567e-13
9.473,3.01525149666718e-11,-1.62954430629216e-12,-2.84588058452143e-13,-2.84588058452143e-13
9.474,3.00592932202851e-11,-1.62451110387791e-12,-2.83677748942322e-13,-2.83677748942322e-13
9.475,2.99663594100191e-11,-1.61949343162134e-12,-2.82770352335597e-13,-2.82770352335597e-13
9.476,2.98737126474331e-11,-1.61449124165665e-12,-2.8186585930741e-13,-2.8186585930741e-13
9.477,2.97813520468248e-11,-1.60950448626542e-12,-2.80964260563063e-13,-2.80964260563063e-13
9.478,2.96892767252222e-11,-1.60453311787611e-12,-2.80065546837637e-13,-2.80065546837637e-13
9.479,2.9597485802374e-11,-1.59957708906363e-12,-2.79169708895864e-13,-2.79169708895864e-13
9.48,2.95059784007424e-11,-1.59463635254887e-12,-2.78276737532054e-13,-2.78276737532054e-13
9.481,2.94147536454944e-11,-1.5897108611983e-12,-2.77386623570009e-13,-2.77386623570009e-13
9.482,2.93238106644932e-11,-1.58480056802347e-12,-2.76499357862909e-13,-2.76499357862909e-13
9.483,2.92331485882899e-11,-1.57990542618057e-12,-2.75614931293215e-13,-2.75614931293215e-13
9.484,2.91427665501159e-11,-1.57502538897003e-12,-2.74733334772602e-13,-2.74733334772602e-13
9.485,2.9052663685874e-11,-1.57016040983602e-12,-2.73854559241838e-13,-2.73854559241838e-13
9.486,2.89628391341299e-11,-1.56531044236605e-12,-2.72978595670701e-13,-2.72978595670701e-13
9.487,2.88732920361053e-11,-1.5604754402905e-12,-2.72105435057898e-13,-2.72105435057898e-13
9.488,2.87840215356681e-11,-1.55565535748221e-12,-2.71235068430949e-13,-2.71235068430949e-13
9.489,2.86950267793252e-11,-1.550850147956e-12,-2.70367486846104e-13,-2.70367486846104e-13
9.49,2.86063069162146e-11,-1.54605976586829e-12,-2.69502681388267e-13,-2.69502681388267e-13
9.491,2.85178610980964e-11,-1.54128416551661e-12,-2.68640643170882e-13,-2.68640643170882e-13
9.492,2.84296884793454e-11,-1.53652330133919e-12,-2.67781363335848e-13,-2.67781363335848e-13
9.493,2.83417882169432e-11,-1.53177712791455e-12,-2.66924833053438e-13,-2.66924833053438e-13
9.494,2.82541594704693e-11,-1.52704559996102e-12,-2.66071043522192e-13,-2.66071043522192e-13
9.495,2.81668014020939e-11,-1.52232867233636e-12,-2.65219985968842e-13,-2.65219985968842e-13
9.496,2.80797131765697e-11,-1.51762630003728e-12,-2.6437165164821e-13,-2.6437165164821e-13
9.497,2.79928939612241e-11,-1.51293843819907e-12,-2.6352603184312e-13,-2.6352603184312e-13
9.498,2.79063429259508e-11,-1.50826504209512e-12,-2.62683117864316e-13,-2.62683117864316e-13
9.499,2.78200592432021e-11,-1.50360606713651e-12,-2.61842901050368e-13,-2.61842901050368e-13
9.5,2.77340420879817e-11,-1.49896146887165e-12,-2.61005372767576e-13,-2.61005372767576e-13
9.501,2.76482906378357e-11,-1.49433120298576e-12,-2.60170524409889e-13,-2.60170524409889e-13
9.502,2.75628040728455e-11,-1.48971522530047e-12,-2.59338347398819e-13,-2.59338347398819e-13
9.503,2.74775815756201e-11,-1.48511349177349e-12,-2.58508833183345e-13,-2.58508833183345e-13
9.504,2.73926223312877e-11,-1.48052595849808e-12,-2.5768197323983e-13,-2.5768197323983e-13
9.505,2.73079255274882e-11,-1.47595258170267e-12,-2.56857759071924e-13,-2.56857759071924e-13
9.506,2.72234903543662e-11,-1.4713933177505e-12,-2.56036182210499e-13,-2.56036182210499e-13
9.507,2.7139316004562e-11,-1.46684812313912e-12,-2.55217234213534e-13,-2.55217234213534e-13
9.508,2.70554016732048e-11,-1.46231695450003e-12,-2.54400906666048e-13,-2.54400906666048e-13
9.509,2.69717465579047e-11,-1.45779976859823e-12,-2.5358719118e-13,-2.5358719118e-13
9.51,2.68883498587456e-11,-1.45329652233187e-12,-2.52776079394217e-13,-2.52776079394217e-13
9.511,2.68052107782767e-11,-1.44880717273178e-12,-2.51967562974303e-13,-2.51967562974303e-13
9.512,2.67223285215053e-11,-1.44433167696109e-12,-2.51161633612532e-13,-2.51161633612532e-13
9.513,2.66397022958898e-11,-1.43986999231483e-12,-2.50358283027806e-13,-2.50358283027806e-13
9.514,2.65573313113311e-11,-1.43542207621949e-12,-2.49557502965521e-13,-2.49557502965521e-13
9.515,2.64752147801658e-11,-1.43098788623266e-12,-2.48759285197524e-13,-2.48759285197524e-13
9.516,2.63933519171588e-11,-1.4265673800426e-12,-2.47963621522002e-13,-2.47963621522002e-13
9.517,2.63117419394953e-11,-1.42216051546784e-12,-2.47170503763406e-13,-2.47170503763406e-13
9.518,2.62303840667733e-11,-1.41776725045678e-12,-2.46379923772366e-13,-2.46379923772366e-13
9.519,2.61492775209972e-11,-1.41338754308732e-12,-2.45591873425612e-13,-2.45591873425612e-13
9.52,2.60684215265692e-11,-1.4090213515664e-12,-2.4480634462588e-13,-2.4480634462588e-13
9.521,2.59878153102821e-11,-1.40466863422965e-12,-2.44023329301841e-13,-2.44023329301841e-13
9.522,2.59074581013129e-11,-1.40032934954101e-12,-2.43242819408006e-13,-2.43242819408006e-13
9.523,2.58273491312143e-11,-1.39600345609228e-12,-2.42464806924654e-13,-2.42464806924654e-13
9.524,2.5747487633908e-11,-1.39169091260276e-12,-2.4168928385774e-13,-2.4168928385774e-13
9.525,2.56678728456771e-11,-1.38739167791885e-12,-2.40916242238819e-13,-2.40916242238819e-13
9.526,2.55885040051594e-11,-1.38310571101369e-12,-2.40145674124966e-13,-2.40145674124966e-13
9.527,2.55093803533393e-11,-1.37883297098671e-12,-2.39377571598684e-13,-2.39377571598684e-13
9.528,2.54305011335412e-11,-1.37457341706328e-12,-2.38611926767832e-13,-2.38611926767832e-13
9.529,2.53518655914224e-11,-1.37032700859435e-12,-2.3784873176554e-13,-2.3784873176554e-13
9.53,2.52734729749651e-11,-1.36609370505599e-12,-2.37087978750129e-13,-2.37087978750129e-13
9.531,2.519532253447e-11,-1.36187346604906e-12,-2.36329659905032e-13,-2.36329659905032e-13
9.532,2.51174135225491e-11,-1.35766625129884e-12,-2.35573767438709e-13,-2.35573767438709e-13
9.533,2.50397451941183e-11,-1.35347202065457e-12,-2.34820293584569e-13,-2.34820293584569e-13
9.534,2.49623168063903e-11,-1.34929073408916e-12,-2.3406923060089e-13,-2.3406923060089e-13
9.535,2.48851276188679e-11,-1.34512235169876e-12,-2.3332057077075e-13,-2.3332057077075e-13
9.536,2.48081768933364e-11,-1.34096683370237e-12,-2.32574306401921e-13,-2.32574306401921e-13
9.537,2.47314638938571e-11,-1.33682414044149e-12,-2.31830429826817e-13,-2.31830429826817e-13
9.538,2.465498788676e-11,-1.33269423237977e-12,-2.31088933402405e-13,-2.31088933402405e-13
9.539,2.4578748140637e-11,-1.32857707010255e-12,-2.30349809510117e-13,-2.30349809510117e-13
9.54,2.45027439263345e-11,-1.32447261431656e-12,-2.29613050555789e-13,-2.29613050555789e-13
9.541,2.4426974516947e-11,-1.32038082584951e-12,-2.28878648969568e-13,-2.28878648969568e-13
9.542,2.435143918781e-11,-1.31630166564975e-12,-2.28146597205852e-13,-2.28146597205852e-13
9.543,2.42761372164929e-11,-1.31223509478587e-12,-2.27416887743182e-13,-2.27416887743182e-13
9.544,2.42010678827922e-11,-1.30818107444632e-12,-2.266895130842e-13,-2.266895130842e-13
9.545,2.41262304687251e-11,-1.30413956593909e-12,-2.25964465755546e-13,-2.25964465755546e-13
9.546,2.40516242585219e-11,-1.30011053069131e-12,-2.25241738307794e-13,-2.25241738307794e-13
9.547,2.39772485386195e-11,-1.29609393024884e-12,-2.24521323315366e-13,-2.24521323315366e-13
9.548,2.39031025976552e-11,-1.29208972627603e-12,-2.23803213376472e-13,-2.23803213376472e-13
9.549,2.38291857264587e-11,-1.28809788055522e-12,-2.23087401113012e-13,-2.23087401113012e-13
9.55,2.37554972180464e-11,-1.28411835498643e-12,-2.22373879170517e-13,-2.22373879170517e-13
9.551,2.36820363676145e-11,-1.28015111158705e-12,-2.21662640218066e-13,-2.21662640218066e-13
9.552,2.36088024725317e-11,-1.27619611249139e-12,-2.20953676948213e-13,-2.20953676948213e-13
9.553,2.35357948323329e-11,-1.27225331995037e-12,-2.20246982076906e-13,-2.20246982076906e-13
9.554,2.3463012748713e-11,-1.26832269633117e-12,-2.19542548343423e-13,-2.19542548343423e-13
9.555,2.33904555255194e-11,-1.26440420411683e-12,-2.18840368510289e-13,-2.18840368510289e-13
9.556,2.33181224687457e-11,-1.26049780590595e-12,-2.18140435363202e-13,-2.18140435363202e-13
9.557,2.32460128865251e-11,-1.25660346441226e-12,-2.17442741710961e-13,-2.17442741710961e-13
9.558,2.31741260891245e-11,-1.25272114246436e-12,-2.16747280385392e-13,-2.16747280385392e-13
9.559,2.31024613889365e-11,-1.24885080300529e-12,-2.16054044241276e-13,-2.16054044241276e-13
9.56,2.30310181004739e-11,-1.24499240909219e-12,-2.15363026156266e-13,-2.15363026156266e-13
9.561,2.29597955403631e-11,-1.24114592389601e-12,-2.1467421903083e-13,-2.1467421903083e-13
9.562,2.28887930273372e-11,-1.23731131070106e-12,-2.13987615788164e-13,-2.13987615788164e-13
9.563,2.28180098822296e-11,-1.23348853290474e-12,-2.13303209374119e-13,-2.13303209374119e-13
9.564,2.27474454279682e-11,-1.22967755401718e-12,-2.12620992757143e-13,-2.12620992757143e-13
9.565,2.26770989895676e-11,-1.22587833766086e-12,-2.11940958928194e-13,-2.11940958928194e-13
9.566,2.2606969894124e-11,-1.22209084757029e-12,-2.11263100900671e-13,-2.11263100900671e-13
9.567,2.25370574708082e-11,-1.21831504759167e-12,-2.10587411710352e-13,-2.10587411710352e-13
9.568,2.24673610508591e-11,-1.21455090168252e-12,-2.09913884415302e-13,-2.09913884415302e-13
9.569,2.23978799675776e-11,-1.21079837391136e-12,-2.09242512095826e-13,-2.09242512095826e-13
9.57,2.23286135563203e-11,-1.20705742845739e-12,-2.08573287854377e-13,-2.08573287854377e-13
9.571,2.22595611544927e-11,-1.20332802961007e-12,-2.07906204815498e-13,-2.07906204815498e-13
9.572,2.21907221015434e-11,-1.19961014176888e-12,-2.07241256125746e-13,-2.07241256125746e-13
9.573,2.21220957389575e-11,-1.1959037294429e-12,-2.06578434953626e-13,-2.06578434953626e-13
9.574,2.20536814102508e-11,-1.19220875725055e-12,-2.0591773448951e-13,-2.0591773448951e-13
9.575,2.19854784609628e-11,-1.18852518991918e-12,-2.05259147945578e-13,-2.05259147945578e-13
9.576,2.19174862386509e-11,-1.18485299228476e-12,-2.04602668555745e-13,-2.04602668555745e-13
9.577,2.18497040928843e-11,-1.18119212929158e-12,-2.03948289575592e-13,-2.03948289575592e-13
9.578,2.17821313752377e-11,-1.17754256599187e-12,-2.03296004282288e-13,-2.03296004282288e-13
9.579,2.17147674392848e-11,-1.1739042675455e-12,-2.02645805974537e-13,-2.02645805974537e-13
9.58,2.16476116405927e-11,-1.17027719921962e-12,-2.01997687972496e-13,-2.01997687972496e-13
9.581,2.15806633367153e-11,-1.16666132638837e-12,-2.01351643617712e-13,-2.01351643617712e-13
9.582,2.15139218871873e-11,-1.16305661453249e-12,-2.00707666273046e-13,-2.00707666273046e-13
9.583,2.14473866535186e-11,-1.15946302923909e-12,-2.00065749322621e-13,-2.00065749322621e-13
9.584,2.13810569991872e-11,-1.15588053620119e-12,-1.99425886171732e-13,-1.99425886171732e-13
9.585,2.13149322896339e-11,-1.15230910121751e-12,-1.987880702468e-13,-1.987880702468e-13
9.586,2.12490118922565e-11,-1.14874869019211e-12,-1.9815229499529e-13,-1.9815229499529e-13
9.587,2.11832951764027e-11,-1.14519926913403e-12,-1.9751855388564e-13,-1.9751855388564e-13
9.588,2.11177815133651e-11,-1.14166080415701e-12,-1.9688684040722e-13,-1.9688684040722e-13
9.589,2.10524702763747e-11,-1.13813326147912e-12,-1.96257148070224e-13,-1.96257148070224e-13
9.59,2.09873608405953e-11,-1.13461660742254e-12,-1.95629470405644e-13,-1.95629470405644e-13
9.591,2.09224525831171e-11,-1.13111080841311e-12,-1.95003800965172e-13,-1.95003800965172e-13
9.592,2.0857744882951e-11,-1.12761583098008e-12,-1.94380133321157e-13,-1.94380133321157e-13
9.593,2.07932371210229e-11,-1.12413164175582e-12,-1.93758461066524e-13,-1.93758461066524e-13
9.594,2.07289286801673e-11,-1.12065820747543e-12,-1.93138777814713e-13,-1.93138777814713e-13
9.595,2.06648189451218e-11,-1.11719549497648e-12,-1.92521077199608e-13,-1.92521077199608e-13
9.596,2.06009073025214e-11,-1.11374347119867e-12,-1.91905352875486e-13,-1.91905352875486e-13
9.597,2.05371931408919e-11,-1.11030210318353e-12,-1.91291598516935e-13,-1.91291598516935e-13
9.598,2.04736758506449e-11,-1.10687135807408e-12,-1.90679807818802e-13,-1.90679807818802e-13
9.599,2.04103548240718e-11,-1.10345120311456e-12,-1.90069974496114e-13,-1.90069974496114e-13
9.6,2.03472294553375e-11,-1.10004160565007e-12,-1.89462092284029e-13,-1.89462092284029e-13
9.601,2.02842991404752e-11,-1.09664253312631e-12,-1.88856154937763e-13,-1.88856154937763e-13
9.602,2.02215632773804e-11,-1.09325395308922e-12,-1.88252156232521e-13,-1.88252156232521e-13
9.603,2.01590212658053e-11,-1.08987583318472e-12,-1.87650089963447e-13,-1.87650089963447e-13
9.604,2.0096672507353e-11,-1.08650814115838e-12,-1.87049949945548e-13,-1.87049949945548e-13
9.605,2.00345164054716e-11,-1.08315084485507e-12,-1.86451730013631e-13,-1.86451730013631e-13
9.606,1.99725523654491e-11,-1.07980391221876e-12,-1.85855424022252e-13,-1.85855424022252e-13
9.607,1.99107797944069e-11,-1.07646731129212e-12,-1.85261025845634e-13,-1.85261025845634e-13
9.608,1.98491981012947e-11,-1.07314101021623e-12,-1.84668529377619e-13,-1.84668529377619e-13
9.609,1.97878066968852e-11,-1.06982497723035e-12,-1.84077928531599e-13,-1.84077928531599e-13
9.61,1.97266049937675e-11,-1.0665191806715e-12,-1.83489217240455e-13,-1.83489217240455e-13
9.611,1.96655924063422e-11,-1.06322358897428e-12,-1.82902389456487e-13,-1.82902389456487e-13
9.612,1.9604768350816e-11,-1.05993817067047e-12,-1.82317439151373e-13,-1.82317439151373e-13
9.613,1.95441322451954e-11,-1.05666289438881e-12,-1.81734360316077e-13,-1.81734360316077e-13
9.614,1.94836835092817e-11,-1.05339772885464e-12,-1.81153146960813e-13,-1.81153146960813e-13
9.615,1.94234215646657e-11,-1.05014264288965e-12,-1.80573793114968e-13,-1.80573793114968e-13
9.616,1.93633458347213e-11,-1.04689760541154e-12,-1.79996292827048e-13,-1.79996292827048e-13
9.617,1.93034557446006e-11,-1.04366258543375e-12,-1.79420640164611e-13,-1.79420640164611e-13
9.618,1.92437507212289e-11,-1.0404375520652e-12,-1.78846829214217e-13,-1.78846829214217e-13
9.619,1.91842301932981e-11,-1.03722247450991e-12,-1.78274854081353e-13,-1.78274854081353e-13
9.62,1.91248935912622e-11,-1.03401732206677e-12,-1.77704708890378e-13,-1.77704708890378e-13
9.621,1.90657403473313e-11,-1.03082206412926e-12,-1.77136387784468e-13,-1.77136387784468e-13
9.622,1.90067698954666e-11,-1.0276366701851e-12,-1.7656988492555e-13,-1.7656988492555e-13
9.623,1.89479816713749e-11,-1.02446110981602e-12,-1.76005194494242e-13,-1.76005194494242e-13
9.624,1.88893751125028e-11,-1.02129535269743e-12,-1.75442310689793e-13,-1.75442310689793e-13
9.625,1.88309496580322e-11,-1.01813936859814e-12,-1.74881227730029e-13,-1.74881227730029e-13
9.626,1.8772704748874e-11,-1.01499312738011e-12,-1.74321939851285e-13,-1.74321939851285e-13
9.627,1.87146398276633e-11,-1.01185659899808e-12,-1.73764441308354e-13,-1.73764441308354e-13
9.628,1.86567543387544e-11,-1.0087297534994e-12,-1.73208726374417e-13,-1.73208726374417e-13
9.629,1.85990477282146e-11,-1.00561256102363e-12,-1.72654789340998e-13,-1.72654789340998e-13
9.63,1.85415194438197e-11,-1.00250499180232e-12,-1.7210262451789e-13,-1.7210262451789e-13
9.631,1.84841689350486e-11,-9.99407016158751e-13,-1.71552226233117e-13,-1.71552226233117e-13
9.632,1.84269956530776e-11,-9.96318604507574e-13,-1.71003588832851e-13,-1.71003588832851e-13
9.633,1.83699990507758e-11,-9.93239727354589e-13,-1.70456706681372e-13,-1.70456706681372e-13
9.634,1.83131785826994e-11,-9.90170355296442e-13,-1.69911574161e-13,-1.69911574161e-13
9.635,1.82565337050868e-11,-9.87110459020366e-13,-1.69368185672047e-13,-1.69368185672047e-13
9.636,1.82000638758533e-11,-9.84060009303872e-13,-1.6882653563275e-13,-1.6882653563275e-13
9.637,1.81437685545857e-11,-9.81018977014488e-13,-1.68286618479216e-13,-1.68286618479216e-13
9.638,1.80876472025379e-11,-9.77987333109494e-13,-1.67748428665368e-13,-1.67748428665368e-13
9.639,1.80316992826249e-11,-9.74965048635619e-13,-1.67211960662889e-13,-1.67211960662889e-13
9.64,1.7975924259418e-11,-9.71952094728779e-13,-1.66677208961153e-13,-1.66677208961153e-13
9.641,1.792032159914e-11,-9.68948442613818e-13,-1.66144168067187e-13,-1.66144168067187e-13
9.642,1.78648907696597e-11,-9.65954063604206e-13,-1.656128325056e-13,-1.656128325056e-13
9.643,1.78096312404868e-11,-9.62968929101777e-13,-1.65083196818529e-13,-1.65083196818529e-13
9.644,1.77545424827676e-11,-9.59993010596478e-13,-1.64555255565595e-13,-1.64555255565595e-13
9.645,1.76996239692787e-11,-9.57026279666063e-13,-1.64029003323826e-13,-1.64029003323826e-13
9.646,1.7644875174423e-11,-9.54068707975839e-13,-1.6350443468762e-13,-1.6350443468762e-13
9.647,1.75902955742245e-11,-9.51120267278416e-13,-1.62981544268677e-13,-1.62981544268677e-13
9.648,1.75358846463229e-11,-9.48180929413402e-13,-1.62460326695955e-13,-1.62460326695955e-13
9.649,1.74816418699691e-11,-9.45250666307157e-13,-1.61940776615601e-13,-1.61940776615601e-13
9.65,1.74275667260196e-11,-9.4232944997252e-13,-1.61422888690908e-13,-1.61422888690908e-13
9.651,1.73736586969327e-11,-9.39417252508559e-13,-1.60906657602254e-13,-1.60906657602254e-13
9.652,1.73199172667621e-11,-9.36514046100277e-13,-1.60392078047048e-13,-1.60392078047048e-13
9.653,1.72663419211532e-11,-9.33619803018362e-13,-1.59879144739675e-13,-1.59879144739675e-13
9.654,1.72129321473375e-11,-9.30734495618939e-13,-1.59367852411447e-13,-1.59367852411447e-13
9.655,1.71596874341282e-11,-9.27858096343277e-13,-1.58858195810541e-13,-1.58858195810541e-13
9.656,1.71066072719146e-11,-9.24990577717543e-13,-1.5835016970195e-13,-1.5835016970195e-13
9.657,1.70536911526581e-11,-9.22131912352553e-13,-1.57843768867422e-13,-1.57843768867422e-13
9.658,1.7000938569887e-11,-9.19282072943484e-13,-1.57338988105425e-13,-1.57338988105425e-13
9.659,1.69483490186912e-11,-9.16441032269629e-13,-1.56835822231064e-13,-1.56835822231064e-13
9.66,1.68959219957185e-11,-9.13608763194154e-13,-1.56334266076055e-13,-1.56334266076055e-13
9.661,1.68436569991684e-11,-9.10785238663807e-13,-1.5583431448866e-13,-1.5583431448866e-13
9.662,1.67915535287885e-11,-9.07970431708679e-13,-1.5533596233363e-13,-1.5533596233363e-13
9.663,1.67396110858693e-11,-9.05164315441961e-13,-1.5483920449216e-13,-1.5483920449216e-13
9.664,1.66878291732392e-11,-9.02366863059658e-13,-1.54344035861836e-13,-1.54344035861836e-13
9.665,1.66362072952601e-11,-8.99578047840355e-13,-1.53850451356575e-13,-1.53850451356575e-13
9.666,1.65847449578225e-11,-8.96797843144955e-13,-1.5335844590658e-13,-1.5335844590658e-13
9.667,1.65334416683411e-11,-8.94026222416439e-13,-1.52868014458285e-13,-1.52868014458285e-13
9.668,1.64822969357495e-11,-8.91263159179592e-13,-1.52379151974304e-13,-1.52379151974304e-13
9.669,1.64313102704961e-11,-8.88508627040761e-13,-1.51891853433379e-13,-1.51891853433379e-13
9.67,1.63804811845393e-11,-8.85762599687618e-13,-1.51406113830327e-13,-1.51406113830327e-13
9.671,1.63298091913424e-11,-8.83025050888885e-13,-1.50921928175987e-13,-1.50921928175987e-13
9.672,1.62792938058697e-11,-8.80295954494096e-13,-1.50439291497179e-13,-1.50439291497179e-13
9.673,1.62289345445814e-11,-8.77575284433362e-13,-1.49958198836636e-13,-1.49958198836636e-13
9.674,1.61787309254289e-11,-8.74863014717097e-13,-1.49478645252967e-13,-1.49478645252967e-13
9.675,1.61286824678506e-11,-8.72159119435785e-13,-1.490006258206e-13,-1.490006258206e-13
9.676,1.60787886927672e-11,-8.69463572759743e-13,-1.48524135629736e-13,-1.48524135629736e-13
9.677,1.60290491225769e-11,-8.66776348938855e-13,-1.48049169786285e-13,-1.48049169786285e-13
9.678,1.59794632811507e-11,-8.64097422302334e-13,-1.47575723411839e-13,-1.47575723411839e-13
9.679,1.59300306938289e-11,-8.61426767258497e-13,-1.47103791643598e-13,-1.47103791643598e-13
9.68,1.58807508874152e-11,-8.58764358294491e-13,-1.46633369634336e-13,-1.46633369634336e-13
9.681,1.58316233901731e-11,-8.56110169976069e-13,-1.46164452552343e-13,-1.46164452552343e-13
9.682,1.5782647731821e-11,-8.5346417694734e-13,-1.45697035581377e-13,-1.45697035581377e-13
9.683,1.5733823443528e-11,-8.50826353930546e-13,-1.45231113920621e-13,-1.45231113920621e-13
9.684,1.56851500579091e-11,-8.48196675725794e-13,-1.4476668278462e-13,-1.4476668278462e-13
9.685,1.56366271090211e-11,-8.45575117210829e-13,-1.44303737403248e-13,-1.44303737403248e-13
9.686,1.55882541323579e-11,-8.42961653340811e-13,-1.43842273021643e-13,-1.43842273021643e-13
9.687,1.5540030664846e-11,-8.40356259148047e-13,-1.43382284900171e-13,-1.43382284900171e-13
9.688,1.54919562448405e-11,-8.3775890974177e-13,-1.42923768314369e-13,-1.42923768314369e-13
9.689,1.54440304121204e-11,-8.35169580307912e-13,-1.42466718554902e-13,-1.42466718554902e-13
9.69,1.53962527078841e-11,-8.32588246108847e-13,-1.4201113092751e-13,-1.4201113092751e-13
9.691,1.53486226747452e-11,-8.30014882483162e-13,-1.41557000752961e-13,-1.41557000752961e-13
9.692,1.53011398567283e-11,-8.27449464845441e-13,-1.41104323367008e-13,-1.41104323367008e-13
9.693,1.52538037992642e-11,-8.24891968686002e-13,-1.40653094120331e-13,-1.40653094120331e-13
9.694,1.52066140491859e-11,-8.22342369570679e-13,-1.40203308378497e-13,-1.40203308378497e-13
9.695,1.51595701547245e-11,-8.19800643140602e-13,-1.39754961521912e-13,-1.39754961521912e-13
9.696,1.51126716655044e-11,-8.17266765111938e-13,-1.39308048945767e-13,-1.39308048945767e-13
9.697,1.50659181325391e-11,-8.14740711275679e-13,-1.38862566059999e-13,-1.38862566059999e-13
9.698,1.5019309108227e-11,-8.12222457497401e-13,-1.38418508289241e-13,-1.38418508289241e-13
9.699,1.49728441463477e-11,-8.09711979717057e-13,-1.3797587107277e-13,-1.3797587107277e-13
9.7,1.49265228020566e-11,-8.07209253948714e-13,-1.37534649864467e-13,-1.37534649864467e-13
9.701,1.48803446318815e-11,-8.04714256280346e-13,-1.37094840132763e-13,-1.37094840132763e-13
9.702,1.48343091937183e-11,-8.02226962873614e-13,-1.36656437360603e-13,-1.36656437360603e-13
9.703,1.47884160468264e-11,-7.99747349963616e-13,-1.36219437045388e-13,-1.36219437045388e-13
9.704,1.47426647518247e-11,-7.97275393858672e-13,-1.35783834698936e-13,-1.35783834698936e-13
9.705,1.46970548706877e-11,-7.94811070940114e-13,-1.35349625847435e-13,-1.35349625847435e-13
9.706,1.4651585966741e-11,-7.92354357662034e-13,-1.34916806031392e-13,-1.34916806031392e-13
9.707,1.46062576046569e-11,-7.89905230551073e-13,-1.34485370805591e-13,-1.34485370805591e-13
9.708,1.4561069350451e-11,-7.87463666206212e-13,-1.34055315739053e-13,-1.34055315739053e-13
9.709,1.45160207714773e-11,-7.8502964129852e-13,-1.33626636414979e-13,-1.33626636414979e-13
9.71,1.44711114364244e-11,-7.8260313257095e-13,-1.33199328430709e-13,-1.33199328430709e-13
9.711,1.44263409153115e-11,-7.80184116838126e-13,-1.32773387397683e-13,-1.32773387397683e-13
9.712,1.43817087794843e-11,-7.77772570986102e-13,-1.32348808941385e-13,-1.32348808941385e-13
9.713,1.43372146016104e-11,-7.75368471972153e-13,-1.31925588701311e-13,-1.31925588701311e-13
9.714,1.42928579556758e-11,-7.72971796824553e-13,-1.31503722330906e-13,-1.31503722330906e-13
9.715,1.42486384169809e-11,-7.70582522642368e-13,-1.31083205497541e-13,-1.31083205497541e-13
9.716,1.42045555621359e-11,-7.68200626595218e-13,-1.3066403388245e-13,-1.3066403388245e-13
9.717,1.41606089690572e-11,-7.65826085923071e-13,-1.30246203180697e-13,-1.30246203180697e-13
9.718,1.41167982169631e-11,-7.63458877936036e-13,-1.29829709101127e-13,-1.29829709101127e-13
9.719,1.40731228863702e-11,-7.61098980014125e-13,-1.29414547366323e-13,-1.29414547366323e-13
9.72,1.40295825590888e-11,-7.5874636960705e-13,-1.29000713712559e-13,-1.29000713712559e-13
9.721,1.39861768182195e-11,-7.56401024234023e-13,-1.28588203889762e-13,-1.28588203889762e-13
9.722,1.39429052481489e-11,-7.5406292148351e-13,-1.28177013661463e-13,-1.28177013661463e-13
9.723,1.38997674345457e-11,-7.5173203901304e-13,-1.27767138804756e-13,-1.27767138804756e-13
9.724,1.38567629643567e-11,-7.49408354548997e-13,-1.27358575110255e-13,-1.27358575110255e-13
9.725,1.3813891425803e-11,-7.47091845886387e-13,-1.2695131838205e-13,-1.2695131838205e-13
9.726,1.37711524083759e-11,-7.44782490888644e-13,-1.26545364437664e-13,-1.26545364437664e-13
9.727,1.37285455028332e-11,-7.42480267487409e-13,-1.26140709108006e-13,-1.26140709108006e-13
9.728,1.36860703011951e-11,-7.40185153682338e-13,-1.25737348237337e-13,-1.25737348237337e-13
9.729,1.36437263967403e-11,-7.37897127540865e-13,-1.25335277683216e-13,-1.25335277683216e-13
9.73,1.36015133840024e-11,-7.3561616719801e-13,-1.24934493316468e-13,-1.24934493316468e-13
9.731,1.35594308587657e-11,-7.33342250856183e-13,-1.24534991021137e-13,-1.24534991021137e-13
9.732,1.35174784180616e-11,-7.31075356784948e-13,-1.2413676669444e-13,-1.2413676669444e-13
9.733,1.34756556601643e-11,-7.28815463320831e-13,-1.23739816246733e-13,-1.23739816246733e-13
9.734,1.34339621845879e-11,-7.26562548867128e-13,-1.23344135601459e-13,-1.23344135601459e-13
9.735,1.33923975920816e-11,-7.24316591893671e-13,-1.22949720695118e-13,-1.22949720695118e-13
9.736,1.33509614846261e-11,-7.2207757093664e-13,-1.22556567477209e-13,-1.22556567477209e-13
9.737,1.33096534654306e-11,-7.19845464598367e-13,-1.22164671910209e-13,-1.22164671910209e-13
9.738,1.32684731389279e-11,-7.17620251547109e-13,-1.21774029969515e-13,-1.21774029969515e-13
9.739,1.32274201107711e-11,-7.15401910516861e-13,-1.21384637643405e-13,-1.21384637643405e-13
9.74,1.31864939878304e-11,-7.13190420307159e-13,-1.20996490933005e-13,-1.20996490933005e-13
9.741,1.31456943781882e-11,-7.10985759782861e-13,-1.20609585852239e-13,-1.20609585852239e-13
9.742,1.31050208911364e-11,-7.08787907873953e-13,-1.20223918427796e-13,-1.20223918427796e-13
9.743,1.30644731371722e-11,-7.06596843575362e-13,-1.19839484699079e-13,-1.19839484699079e-13
9.744,1.30240507279943e-11,-7.04412545946734e-13,-1.19456280718175e-13,-1.19456280718175e-13
9.745,1.29837532764995e-11,-7.02234994112249e-13,-1.19074302549807e-13,-1.19074302549807e-13
9.746,1.29435803967786e-11,-7.00064167260414e-13,-1.18693546271295e-13,-1.18693546271295e-13
9.747,1.29035317041133e-11,-6.97900044643882e-13,-1.18314007972519e-13,-1.18314007972519e-13
9.748,1.2863606814972e-11,-6.95742605579231e-13,-1.17935683755876e-13,-1.17935683755876e-13
9.749,1.28238053470063e-11,-6.93591829446776e-13,-1.17558569736238e-13,-1.17558569736238e-13
9.75,1.27841269190478e-11,-6.9144769569039e-13,-1.17182662040916e-13,-1.17182662040916e-13
9.751,1.27445711511035e-11,-6.89310183817282e-13,-1.1680795680962e-13,-1.1680795680962e-13
9.752,1.27051376643531e-11,-6.87179273397811e-13,-1.16434450194414e-13,-1.16434450194414e-13
9.753,1.26658260811449e-11,-6.85054944065308e-13,-1.16062138359685e-13,-1.16062138359685e-13
9.754,1.26266360249923e-11,-6.82937175515857e-13,-1.15691017482096e-13,-1.15691017482096e-13
9.755,1.25875671205704e-11,-6.80825947508113e-13,-1.15321083750547e-13,-1.15321083750547e-13
9.756,1.25486189937121e-11,-6.78721239863121e-13,-1.14952333366144e-13,-1.14952333366144e-13
9.757,1.25097912714048e-11,-6.76623032464102e-13,-1.14584762542149e-13,-1.14584762542149e-13
9.758,1.24710835817866e-11,-6.74531305256275e-13,-1.1421836750395e-13,-1.1421836750395e-13
9.759,1.24324955541428e-11,-6.72446038246661e-13,-1.13853144489016e-13,-1.13853144489016e-13
9.76,1.23940268189028e-11,-6.70367211503906e-13,-1.13489089746861e-13,-1.13489089746861e-13
9.761,1.2355677007636e-11,-6.6829480515807e-13,-1.13126199539007e-13,-1.13126199539007e-13
9.762,1.23174457530484e-11,-6.66228799400448e-13,-1.12764470138941e-13,-1.12764470138941e-13
9.763,1.22793326889795e-11,-6.64169174483393e-13,-1.12403897832083e-13,-1.12403897832083e-13
9.764,1.22413374503982e-11,-6.62115910720107e-13,-1.1204447891574e-13,-1.1204447891574e-13
9.765,1.22034596733998e-11,-6.60068988484462e-13,-1.11686209699074e-13,-1.11686209699074e-13
9.766,1.21656989952024e-11,-6.58028388210829e-13,-1.11329086503064e-13,-1.11329086503064e-13
9.767,1.21280550541432e-11,-6.55994090393864e-13,-1.10973105660462e-13,-1.10973105660462e-13
9.768,1.20905274896755e-11,-6.53966075588339e-13,-1.10618263515763e-13,-1.10618263515763e-13
9.769,1.20531159423648e-11,-6.51944324408963e-13,-1.10264556425164e-13,-1.10264556425164e-13
9.77,1.20158200538859e-11,-6.49928817530179e-13,-1.09911980756527e-13,-1.09911980756527e-13
9.771,1.19786394670186e-11,-6.47919535685989e-13,-1.09560532889335e-13,-1.09560532889335e-13
9.772,1.19415738256455e-11,-6.45916459669784e-13,-1.09210209214668e-13,-1.09210209214668e-13
9.773,1.19046227747475e-11,-6.43919570334136e-13,-1.08861006135159e-13,-1.08861006135159e-13
9.774,1.18677859604011e-11,-6.41928848590634e-13,-1.08512920064951e-13,-1.08512920064951e-13
9.775,1.18310630297747e-11,-6.39944275409692e-13,-1.08165947429671e-13,-1.08165947429671e-13
9.776,1.17944536311255e-11,-6.37965831820384e-13,-1.07820084666386e-13,-1.07820084666386e-13
9.777,1.17579574137957e-11,-6.35993498910242e-13,-1.07475328223568e-13,-1.07475328223568e-13
9.778,1.17215740282095e-11,-6.34027257825085e-13,-1.07131674561061e-13,-1.07131674561061e-13
9.779,1.16853031258701e-11,-6.32067089768853e-13,-1.06789120150036e-13,-1.06789120150036e-13
9.78,1.16491443593554e-11,-6.30112976003405e-13,-1.06447661472966e-13,-1.06447661472966e-13
9.781,1.16130973823155e-11,-6.28164897848352e-13,-1.06107295023583e-13,-1.06107295023583e-13
9.782,1.15771618494694e-11,-6.26222836680887e-13,-1.05768017306841e-13,-1.05768017306841e-13
9.783,1.15413374166011e-11,-6.24286773935593e-13,-1.05429824838883e-13,-1.05429824838883e-13
9.784,1.15056237405567e-11,-6.2235669110427e-13,-1.05092714147003e-13,-1.05092714147003e-13
9.785,1.14700204792415e-11,-6.20432569735774e-13,-1.04756681769616e-13,-1.04756681769616e-13
9.786,1.14345272916159e-11,-6.18514391435817e-13,-1.04421724256213e-13,-1.04421724256213e-13
9.787,1.13991438376927e-11,-6.16602137866806e-13,-1.04087838167333e-13,-1.04087838167333e-13
9.788,1.1363869778534e-11,-6.14695790747676e-13,-1.03755020074525e-13,-1.03755020074525e-13
9.789,1.13287047762473e-11,-6.12795331853697e-13,-1.03423266560313e-13,-1.03423266560313e-13
9.79,1.12936484939831e-11,-6.10900743016313e-13,-1.03092574218158e-13,-1.03092574218158e-13
9.791,1.12587005959309e-11,-6.09012006122963e-13,-1.0276293965243e-13,-1.0276293965243e-13
9.792,1.12238607473167e-11,-6.07129103116922e-13,-1.02434359478367e-13,-1.02434359478367e-13
9.793,1.11891286143994e-11,-6.05252015997109e-13,-1.02106830322043e-13,-1.02106830322043e-13
9.794,1.11545038644674e-11,-6.03380726817926e-13,-1.01780348820327e-13,-1.01780348820327e-13
9.795,1.11199861658361e-11,-6.01515217689096e-13,-1.01454911620859e-13,-1.01454911620859e-13
9.796,1.10855751878442e-11,-5.99655470775476e-13,-1.0113051538201e-13,-1.0113051538201e-13
9.797,1.10512706008507e-11,-5.9780146829689e-13,-1.00807156772846e-13,-1.00807156772846e-13
9.798,1.10170720762318e-11,-5.95953192527981e-13,-1.00484832473097e-13,-1.00484832473097e-13
9.799,1.09829792863777e-11,-5.94110625798011e-13,-1.00163539173119e-13,-1.00163539173119e-13
9.8,1.09489919046895e-11,-5.92273750490709e-13,-9.98432735738663e-14,-9.98432735738663e-14
9.801,1.0915109605576e-11,-5.90442549044114e-13,-9.9524032386852e-14,-9.9524032386852e-14
9.802,1.08813320644508e-11,-5.88617003950383e-13,-9.92058123341131e-14,-9.92058123341131e-14
9.803,1.08476589577289e-11,-5.86797097755639e-13,-9.88886101481819e-14,-9.88886101481819e-14
9.804,1.08140899628242e-11,-5.84982813059812e-13,-9.85724225720519e-14,-9.85724225720519e-14
9.805,1.07806247581455e-11,-5.83174132516456e-13,-9.82572463591391e-14,-9.82572463591391e-14
9.806,1.07472630230943e-11,-5.81371038832595e-13,-9.79430782732539e-14,-9.79430782732539e-14
9.807,1.07140044380611e-11,-5.79573514768552e-13,-9.76299150885646e-14,-9.76299150885646e-14
9.808,1.0680848684423e-11,-5.77781543137798e-13,-9.73177535895682e-14,-9.73177535895682e-14
9.809,1.064779544454e-11,-5.75995106806771e-13,-9.70065905710521e-14,-9.70065905710521e-14
9.81,1.06148444017523e-11,-5.7421418869472e-13,-9.6696422838063e-14,-9.6696422838063e-14
9.811,1.05819952403775e-11,-5.72438771773553e-13,-9.63872472058778e-14,-9.63872472058778e-14
9.812,1.0549247645707e-11,-5.70668839067655e-13,-9.60790604999657e-14,-9.60790604999657e-14
9.813,1.05166013040034e-11,-5.68904373653738e-13,-9.57718595559567e-14,-9.57718595559567e-14
9.814,1.04840559024978e-11,-5.67145358660689e-13,-9.54656412196144e-14,-9.54656412196144e-14
9.815,1.04516111293859e-11,-5.65391777269385e-13,-9.51604023467934e-14,-9.51604023467934e-14
9.816,1.0419266673826e-11,-5.63643612712553e-13,-9.48561398034165e-14,-9.48561398034165e-14
9.817,1.03870222259354e-11,-5.61900848274609e-13,-9.45528504654372e-14,-9.45528504654372e-14
9.818,1.03548774767877e-11,-5.60163467291486e-13,-9.42505312188107e-14,-9.42505312188107e-14
9.819,1.03228321184098e-11,-5.58431453150486e-13,-9.39491789594571e-14,-9.39491789594571e-14
9.82,1.02908858437791e-11,-5.56704789290124e-13,-9.36487905932373e-14,-9.36487905932373e-14
9.821,1.02590383468202e-11,-5.54983459199961e-13,-9.33493630359115e-14,-9.33493630359115e-14
9.822,1.02272893224025e-11,-5.53267446420452e-13,-9.30508932131172e-14,-9.30508932131172e-14
9.823,1.01956384663367e-11,-5.51556734542786e-13,-9.27533780603279e-14,-9.27533780603279e-14
9.824,1.01640854753725e-11,-5.49851307208743e-13,-9.24568145228318e-14,-9.24568145228318e-14
9.825,1.01326300471952e-11,-5.48151148110517e-13,-9.21611995556915e-14,-9.21611995556915e-14
9.826,1.01012718804231e-11,-5.46456240990573e-13,-9.18665301237164e-14,-9.18665301237164e-14
9.827,1.00700106746046e-11,-5.44766569641499e-13,-9.15728032014343e-14,-9.15728032014343e-14
9.828,1.00388461302153e-11,-5.43082117905837e-13,-9.12800157730543e-14,-9.12800157730543e-14
9.829,1.00077779486549e-11,-5.41402869675931e-13,-9.09881648324409e-14,-9.09881648324409e-14
9.83,9.97680583224491e-12,-5.39728808893793e-13,-9.06972473830805e-14,-9.06972473830805e-14
9.831,9.94592948422524e-12,-5.38059919550921e-13,-9.04072604380514e-14,-9.04072604380514e-14
9.832,9.91514860875163e-12,-5.36396185688166e-13,-9.01182010199927e-14,-9.01182010199927e-14
9.833,9.88446291089296e-12,-5.3473759139558e-13,-8.98300661610738e-14,-8.98300661610738e-14
9.834,9.85387209662811e-12,-5.33084120812255e-13,-8.95428529029638e-14,-8.95428529029638e-14
9.835,9.82337587284332e-12,-5.31435758126172e-13,-8.92565582968005e-14,-8.92565582968005e-14
9.836,9.79297394732956e-12,-5.29792487574068e-13,-8.89711794031624e-14,-8.89711794031624e-14
9.837,9.76266602877942e-12,-5.28154293441261e-13,-8.86867132920378e-14,-8.86867132920378e-14
9.838,9.73245182678453e-12,-5.26521160061519e-13,-8.84031570427899e-14,-8.84031570427899e-14
9.839,9.7023310518327e-12,-5.24893071816897e-13,-8.81205077441329e-14,-8.81205077441329e-14
9.84,9.67230341530536e-12,-5.23270013137609e-13,-8.78387624941021e-14,-8.78387624941021e-14
9.841,9.64236862947448e-12,-5.21651968501854e-13,-8.75579184000173e-14,-8.75579184000173e-14
9.842,9.61252640749999e-12,-5.20038922435681e-13,-8.72779725784587e-14,-8.72779725784587e-14
9.843,9.58277646342723e-12,-5.18430859512853e-13,-8.69989221552404e-14,-8.69989221552404e-14
9.844,9.55311851218385e-12,-5.16827764354675e-13,-8.67207642653701e-14,-8.67207642653701e-14
9.845,9.52355226957729e-12,-5.15229621629864e-13,-8.64434960530295e-14,-8.64434960530295e-14
9.846,9.4940774522922e-12,-5.13636416054408e-13,-8.61671146715423e-14,-8.61671146715423e-14
9.847,9.46469377788743e-12,-5.12048132391403e-13,-8.58916172833418e-14,-8.58916172833418e-14
9.848,9.43540096479351e-12,-5.1046475545092e-13,-8.5617001059944e-14,-8.5617001059944e-14
9.849,9.40619873231009e-12,-5.08886270089861e-13,-8.53432631819207e-14,-8.53432631819207e-14
9.85,9.37708680060297e-12,-5.07312661211809e-13,-8.50704008388678e-14,-8.50704008388678e-14
9.851,9.34806489070156e-12,-5.05743913766882e-13,-8.47984112293747e-14,-8.47984112293747e-14
9.852,9.31913272449642e-12,-5.04180012751606e-13,-8.45272915609999e-14,-8.45272915609999e-14
9.853,9.29029002473623e-12,-5.02620943208749e-13,-8.42570390502417e-14,-8.42570390502417e-14
9.854,9.26153651502541e-12,-5.01066690227197e-13,-8.39876509225021e-14,-8.39876509225021e-14
9.855,9.23287191982135e-12,-4.995172389418e-13,-8.37191244120707e-14,-8.37191244120707e-14
9.856,9.20429596443199e-12,-4.97972574533243e-13,-8.34514567620856e-14,-8.34514567620856e-14
9.857,9.17580837501288e-12,-4.96432682227891e-13,-8.31846452245113e-14,-8.31846452245113e-14
9.858,9.14740887856476e-12,-4.94897547297654e-13,-8.29186870601082e-14,-8.29186870601082e-14
9.859,9.11909720293105e-12,-4.93367155059857e-13,-8.26535795384031e-14,-8.26535795384031e-14
9.86,9.09087307679498e-12,-4.9184149087708e-13,-8.23893199376648e-14,-8.23893199376648e-14
9.861,9.06273622967716e-12,-4.90320540157032e-13,-8.21259055448714e-14,-8.21259055448714e-14
9.862,9.03468639193314e-12,-4.88804288352416e-13,-8.18633336556863e-14,-8.18633336556863e-14
9.863,9.00672329475051e-12,-4.87292720960777e-13,-8.16016015744289e-14,-8.16016015744289e-14
9.864,8.97884667014654e-12,-4.85785823524369e-13,-8.13407066140479e-14,-8.13407066140479e-14
9.865,8.95105625096572e-12,-4.84283581630029e-13,-8.10806460960915e-14,-8.10806460960915e-14
9.866,8.92335177087693e-12,-4.8278598090902e-13,-8.08214173506805e-14,-8.08214173506805e-14
9.867,8.89573296437105e-12,-4.81293007036906e-13,-8.05630177164828e-14,-8.05630177164828e-14
9.868,8.86819956675859e-12,-4.79804645733421e-13,-8.03054445406862e-14,-8.03054445406862e-14
9.869,8.84075131416681e-12,-4.78320882762315e-13,-8.00486951789655e-14,-8.00486951789655e-14
9.87,8.81338794353749e-12,-4.76841703931236e-13,-7.97927669954625e-14,-7.97927669954625e-14
9.871,8.78610919262421e-12,-4.75367095091582e-13,-7.95376573627554e-14,-7.95376573627554e-14
9.872,8.75891479999016e-12,-4.73897042138381e-13,-7.92833636618325e-14,-7.92833636618325e-14
9.873,8.73180450500525e-12,-4.7243153101014e-13,-7.90298832820633e-14,-7.90298832820633e-14
9.874,8.70477804784383e-12,-4.7097054768872e-13,-7.87772136211741e-14,-7.87772136211741e-14
9.875,8.67783516948233e-12,-4.69514078199206e-13,-7.85253520852228e-14,-7.85253520852228e-14
9.876,8.65097561169652e-12,-4.68062108609766e-13,-7.82742960885665e-14,-7.82742960885665e-14
9.877,8.62419911705914e-12,-4.66614625031517e-13,-7.80240430538397e-14,-7.80240430538397e-14
9.878,8.59750542893766e-12,-4.65171613618408e-13,-7.7774590411928e-14,-7.7774590411928e-14
9.879,8.57089429149148e-12,-4.63733060567068e-13,-7.7525935601938e-14,-7.7525935601938e-14
9.88,8.54436544966966e-12,-4.62298952116687e-13,-7.72780760711738e-14,-7.72780760711738e-14
9.881,8.51791864920862e-12,-4.60869274548885e-13,-7.70310092751103e-14,-7.70310092751103e-14
9.882,8.49155363662944e-12,-4.59444014187575e-13,-7.67847326773669e-14,-7.67847326773669e-14
9.883,8.46527015923562e-12,-4.58023157398836e-13,-7.65392437496803e-14,-7.65392437496803e-14
9.884,8.43906796511055e-12,-4.5660669059078e-13,-7.62945399718807e-14,-7.62945399718807e-14
9.885,8.41294680311535e-12,-4.55194600213437e-13,-7.60506188318642e-14,-7.60506188318642e-14
9.886,8.38690642288614e-12,-4.53786872758602e-13,-7.58074778255678e-14,-7.58074778255678e-14
9.887,8.36094657483183e-12,-4.52383494759723e-13,-7.55651144569432e-14,-7.55651144569432e-14
9.888,8.33506701013181e-12,-4.50984452791775e-13,-7.53235262379301e-14,-7.53235262379301e-14
9.889,8.3092674807334e-12,-4.49589733471117e-13,-7.50827106884337e-14,-7.50827106884337e-14
9.89,8.28354773934952e-12,-4.48199323455376e-13,-7.48426653362965e-14,-7.48426653362965e-14
9.891,8.25790753945653e-12,-4.46813209443323e-13,-7.46033877172739e-14,-7.46033877172739e-14
9.892,8.23234663529158e-12,-4.45431378174733e-13,-7.43648753750082e-14,-7.43648753750082e-14
9.893,8.20686478185039e-12,-4.44053816430267e-13,-7.41271258610027e-14,-7.41271258610027e-14
9.894,8.18146173488508e-12,-4.42680511031353e-13,-7.38901367346005e-14,-7.38901367346005e-14
9.895,8.15613725090154e-12,-4.41311448840044e-13,-7.36539055629544e-14,-7.36539055629544e-14
9.896,8.13089108715723e-12,-4.39946616758903e-13,-7.34184299210039e-14,-7.34184299210039e-14
9.897,8.10572300165905e-12,-4.38586001730885e-13,-7.31837073914521e-14,-7.31837073914521e-14
9.898,8.08063275316069e-12,-4.37229590739196e-13,-7.29497355647377e-14,-7.29497355647377e-14
9.899,8.05562010116055e-12,-4.3587737080718e-13,-7.27165120390109e-14,-7.27165120390109e-14
9.9,8.03068480589937e-12,-4.34529328998191e-13,-7.24840344201113e-14,-7.24840344201113e-14
9.901,8.00582662835807e-12,-4.33185452415479e-13,-7.22523003215401e-14,-7.22523003215401e-14
9.902,7.98104533025524e-12,-4.31845728202053e-13,-7.20213073644389e-14,-7.20213073644389e-14
9.903,7.95634067404497e-12,-4.30510143540565e-13,-7.17910531775596e-14,-7.17910531775596e-14
9.904,7.93171242291475e-12,-4.29178685653195e-13,-7.15615353972481e-14,-7.15615353972481e-14
9.905,7.9071603407829e-12,-4.27851341801516e-13,-7.13327516674114e-14,-7.13327516674114e-14
9.906,7.8826841922965e-12,-4.2652809928638e-13,-7.1104699639501e-14,-7.1104699639501e-14
9.907,7.85828374282922e-12,-4.25208945447803e-13,-7.08773769724827e-14,-7.08773769724827e-14
9.908,7.83395875847886e-12,-4.23893867664829e-13,-7.06507813328168e-14,-7.06507813328168e-14
9.909,7.80970900606523e-12,-4.22582853355421e-13,-7.04249103944316e-14,-7.04249103944316e-14
9.91,7.78553425312805e-12,-4.21275889976345e-13,-7.01997618387003e-14,-7.01997618387003e-14
9.911,7.76143426792448e-12,-4.19972965023036e-13,-6.99753333544178e-14,-6.99753333544178e-14
9.912,7.73740881942704e-12,-4.18674066029487e-13,-6.97516226377756e-14,-6.97516226377756e-14
9.913,7.7134576773215e-12,-4.17379180568138e-13,-6.95286273923392e-14,-6.95286273923392e-14
9.914,7.68958061200449e-12,-4.16088296249744e-13,-6.93063453290255e-14,-6.93063453290255e-14
9.915,7.66577739458141e-12,-4.14801400723263e-13,-6.9084774166075e-14,-6.9084774166075e-14
9.916,7.64204779686421e-12,-4.13518481675738e-13,-6.88639116290325e-14,-6.88639116290325e-14
9.917,7.61839159136932e-12,-4.12239526832183e-13,-6.86437554507242e-14,-6.86437554507242e-14
9.918,7.59480855131531e-12,-4.10964523955462e-13,-6.84243033712302e-14,-6.84243033712302e-14
9.919,7.57129845062079e-12,-4.09693460846167e-13,-6.8205553137864e-14,-6.8205553137864e-14
9.92,7.54786106390237e-12,-4.0842632534252e-13,-6.7987502505151e-14,-6.7987502505151e-14
9.921,7.5244961664723e-12,-4.07163105320235e-13,-6.77701492348017e-14,-6.77701492348017e-14
9.922,7.50120353433643e-12,-4.05903788692415e-13,-6.75534910956908e-14,-6.75534910956908e-14
9.923,7.47798294419218e-12,-4.0464836340944e-13,-6.73375258638344e-14,-6.73375258638344e-14
9.924,7.45483417342618e-12,-4.03396817458842e-13,-6.71222513223665e-14,-6.71222513223665e-14
9.925,7.43175700011228e-12,-4.02149138865192e-13,-6.69076652615158e-14,-6.69076652615158e-14
9.926,7.40875120300951e-12,-4.00905315689999e-13,-6.66937654785842e-14,-6.66937654785842e-14
9.927,7.38581656155975e-12,-3.99665336031578e-13,-6.64805497779233e-14,-6.64805497779233e-14
9.928,7.36295285588575e-12,-3.98429188024947e-13,-6.62680159709116e-14,-6.62680159709116e-14
9.929,7.34015986678917e-12,-3.97196859841717e-13,-6.60561618759331e-14,-6.60561618759331e-14
9.93,7.31743737574818e-12,-3.95968339689969e-13,-6.58449853183549e-14,-6.58449853183549e-14
9.931,7.29478516491559e-12,-3.94743615814147e-13,-6.56344841305017e-14,-6.56344841305017e-14
9.932,7.27220301711668e-12,-3.93522676494947e-13,-6.54246561516374e-14,-6.54246561516374e-14
9.933,7.24969071584729e-12,-3.92305510049209e-13,-6.5215499227943e-14,-6.5215499227943e-14
9.934,7.22724804527148e-12,-3.91092104829794e-13,-6.50070112124896e-14,-6.50070112124896e-14
9.935,7.20487479021963e-12,-3.89882449225482e-13,-6.47991899652222e-14,-6.47991899652222e-14
9.936,7.18257073618648e-12,-3.88676531660866e-13,-6.4592033352935e-14,-6.4592033352935e-14
9.937,7.16033566932884e-12,-3.87474340596225e-13,-6.43855392492488e-14,-6.43855392492488e-14
9.938,7.13816937646371e-12,-3.86275864527429e-13,-6.41797055345888e-14,-6.41797055345888e-14
9.939,7.11607164506629e-12,-3.85081091985827e-13,-6.39745300961664e-14,-6.39745300961664e-14
9.94,7.09404226326778e-12,-3.83890011538133e-13,-6.3770010827954e-14,-6.3770010827954e-14
9.941,7.07208101985343e-12,-3.82702611786316e-13,-6.35661456306645e-14,-6.35661456306645e-14
9.942,7.05018770426068e-12,-3.81518881367502e-13,-6.3362932411728e-14,-6.3362932411728e-14
9.943,7.02836210657688e-12,-3.80338808953853e-13,-6.31603690852754e-14,-6.31603690852754e-14
9.944,7.00660401753742e-12,-3.79162383252464e-13,-6.29584535721091e-14,-6.29584535721091e-14
9.945,6.98491322852383e-12,-3.77989593005262e-13,-6.27571837996895e-14,-6.27571837996895e-14
9.946,6.96328953156159e-12,-3.76820426988887e-13,-6.25565577021098e-14,-6.25565577021098e-14
9.947,6.94173271931827e-12,-3.75654874014593e-13,-6.23565732200723e-14,-6.23565732200723e-14
9.948,6.92024258510147e-12,-3.74492922928135e-13,-6.21572283008729e-14,-6.21572283008729e-14
9.949,6.89881892285703e-12,-3.73334562609676e-13,-6.19585208983771e-14,-6.19585208983771e-14
9.95,6.8774615271668e-12,-3.72179781973664e-13,-6.17604489729965e-14,-6.17604489729965e-14
9.951,6.8561701932468e-12,-3.71028569968734e-13,-6.15630104916726e-14,-6.15630104916726e-14
9.952,6.8349447169454e-12,-3.6988091557761e-13,-6.13662034278538e-14,-6.13662034278538e-14
9.953,6.81378489474111e-12,-3.68736807816987e-13,-6.11700257614741e-14,-6.11700257614741e-14
9.954,6.79269052374077e-12,-3.6759623573743e-13,-6.09744754789308e-14,-6.09744754789308e-14
9.955,6.77166140167773e-12,-3.66459188423281e-13,-6.0779550573068e-14,-6.0779550573068e-14
9.956,6.75069732690967e-12,-3.65325654992539e-13,-6.05852490431531e-14,-6.05852490431531e-14
9.957,6.72979809841682e-12,-3.64195624596761e-13,-6.03915688948554e-14,-6.03915688948554e-14
9.958,6.70896351580012e-12,-3.63069086420971e-13,-6.01985081402299e-14,-6.01985081402299e-14
9.959,6.68819337927909e-12,-3.61946029683536e-13,-6.00060647976905e-14,-6.00060647976905e-14
9.96,6.66748748969004e-12,-3.60826443636078e-13,-5.98142368919943e-14,-5.98142368919943e-14
9.961,6.64684564848429e-12,-3.59710317563372e-13,-5.96230224542218e-14,-5.96230224542218e-14
9.962,6.62626765772604e-12,-3.58597640783232e-13,-5.94324195217529e-14,-5.94324195217529e-14
9.963,6.60575332009061e-12,-3.57488402646422e-13,-5.92424261382492e-14,-5.92424261382492e-14
9.964,6.58530243886251e-12,-3.56382592536544e-13,-5.90530403536325e-14,-5.90530403536325e-14
9.965,6.56491481793369e-12,-3.55280199869951e-13,-5.88642602240679e-14,-5.88642602240679e-14
9.966,6.54459026180145e-12,-3.54181214095627e-13,-5.86760838119406e-14,-5.86760838119406e-14
9.967,6.52432857556671e-12,-3.53085624695102e-13,-5.84885091858359e-14,-5.84885091858359e-14
9.968,6.50412956493221e-12,-3.51993421182347e-13,-5.83015344205224e-14,-5.83015344205224e-14
9.969,6.48399303620045e-12,-3.50904593103672e-13,-5.81151575969287e-14,-5.81151575969287e-14
9.97,6.46391879627199e-12,-3.49819130037624e-13,-5.79293768021248e-14,-5.79293768021248e-14
9.971,6.44390665264366e-12,-3.487370215949e-13,-5.77441901293052e-14,-5.77441901293052e-14
9.972,6.42395641340653e-12,-3.47658257418233e-13,-5.75595956777646e-14,-5.75595956777646e-14
9.973,6.40406788724419e-12,-3.46582827182298e-13,-5.73755915528815e-14,-5.73755915528815e-14
9.974,6.38424088343102e-12,-3.45510720593624e-13,-5.71921758660986e-14,-5.71921758660986e-14
9.975,6.36447521183013e-12,-3.4444192739048e-13,-5.70093467349016e-14,-5.70093467349016e-14
9.976,6.34477068289173e-12,-3.43376437342784e-13,-5.68271022828014e-14,-5.68271022828014e-14
9.977,6.32512710765132e-12,-3.42314240252012e-13,-5.66454406393148e-14,-5.66454406393148e-14
9.978,6.30554429772774e-12,-3.41255325951089e-13,-5.64643599399443e-14,-5.64643599399443e-14
9.979,6.28602206532153e-12,-3.401996843043e-13,-5.62838583261606e-14,-5.62838583261606e-14
9.98,6.26656022321298e-12,-3.3914730520719e-13,-5.61039339453795e-14,-5.61039339453795e-14
9.981,6.24715858476058e-12,-3.38098178586472e-13,-5.59245849509495e-14,-5.59245849509495e-14
9.982,6.22781696389894e-12,-3.37052294399925e-13,-5.57458095021275e-14,-5.57458095021275e-14
9.983,6.2085351751372e-12,-3.36009642636301e-13,-5.55676057640592e-14,-5.55676057640592e-14
9.984,6.18931303355729e-12,-3.34970213315233e-13,-5.53899719077664e-14,-5.53899719077664e-14
9.985,6.170150354812e-12,-3.33933996487133e-13,-5.5212906110122e-14,-5.5212906110122e-14
9.986,6.15104695512332e-12,-3.32900982233101e-13,-5.50364065538333e-14,-5.50364065538333e-14
9.987,6.13200265128075e-12,-3.31871160664835e-13,-5.48604714274242e-14,-5.48604714274242e-14
9.988,6.11301726063939e-12,-3.30844521924526e-13,-5.46850989252166e-14,-5.46850989252166e-14
9.989,6.09409060111829e-12,-3.29821056184772e-13,-5.45102872473089e-14,-5.45102872473089e-14
9.99,6.07522249119877e-12,-3.28800753648485e-13,-5.4336034599564e-14,-5.4336034599564e-14
9.991,6.05641274992255e-12,-3.27783604548791e-13,-5.4162339193582e-14,-5.4162339193582e-14
9.992,6.03766119689005e-12,-3.26769599148942e-13,-5.39891992466887e-14,-5.39891992466887e-14
9.993,6.01896765225884e-12,-3.25758727742227e-13,-5.3816612981915e-14,-5.3816612981915e-14
9.994,6.00033193674166e-12,-3.24750980651867e-13,-5.36445786279786e-14,-5.36445786279786e-14
9.995,5.98175387160488e-12,-3.23746348230934e-13,-5.34730944192652e-14,-5.34730944192652e-14
9.996,5.96323327866671e-12,-3.22744820862254e-13,-5.33021585958119e-14,-5.33021585958119e-14
9.997,5.94476998029562e-12,-3.21746388958321e-13,-5.31317694032875e-14,-5.31317694032875e-14
9.998,5.92636379940848e-12,-3.20751042961195e-13,-5.29619250929755e-14,-5.29619250929755e-14
9.999,5.90801455946892e-12,-3.1975877334242e-13,-5.27926239217561e-14,-5.27926239217561e-14
10,5.88972208448579e-12,-3.18769570602934e-13,-5.26238641520873e-14,-5.26238641520873e-14
